time,id,com_1,com_2,area,surface
0,1,50.2,48.866666666666674,30,64
1,1,49.96774193548388,48.935483870967744,31,64
2,1,50.06250000000001,48.96875,32,66
3,1,50,49,33,64
4,1,50.088235294117645,49.05882352941176,34,64
5,1,50.24242424242424,48.9090909090909,33,62
6,1,50.26470588235295,48.999999999999986,34,62
7,1,50.50000000000001,49,32,62
8,1,50.81250000000001,49.24999999999999,32,64
9,1,50.78787878787879,49.0909090909091,33,62
10,1,50.82352941176471,49.1764705882353,34,62
11,1,50.82352941176471,49.1764705882353,34,62
12,1,50.84848484848486,49.48484848484849,33,62
13,1,50.82352941176471,49.58823529411766,34,64
14,1,50.82352941176471,49.38235294117647,34,64
15,1,50.735294117647065,49.32352941176472,34,64
16,1,50.757575757575765,49.42424242424243,33,62
17,1,50.78125,49.34375000000001,32,62
18,1,50.78125,49.34375000000001,32,62
19,1,50.78125,49.34375000000001,32,62
20,1,50.878787878787875,49.57575757575758,33,64
21,1,50.96969696969697,49.242424242424235,33,64
22,1,50.937500000000014,49.31250000000001,32,62
23,1,50.9090909090909,49.21212121212122,33,62
24,1,50.96875,49.28124999999999,32,62
25,1,50.82352941176471,49.1764705882353,34,62
26,1,50.69444444444445,49.305555555555564,36,64
27,1,50.55882352941177,49.205882352941174,34,64
28,1,50.40625,49.06250000000001,32,64
29,1,50.40625,48.96875,32,62
30,1,50.03030303030304,49.121212121212125,33,64
31,1,49.575757575757585,49.060606060606055,33,64
32,1,49.66666666666667,49.060606060606055,33,62
33,1,49.828571428571436,48.999999999999986,35,64
34,1,49.6875,49.06250000000001,32,62
35,1,49.69444444444445,49.305555555555564,36,64
36,1,49.70588235294119,49.029411764705884,34,66
37,1,49.742857142857154,48.942857142857136,35,66
38,1,49.742857142857154,48.942857142857136,35,66
39,1,49.666666666666664,49.03030303030304,33,68
40,1,49.583333333333336,48.97222222222222,36,68
41,1,49.85294117647059,49,34,66
42,1,49.617647058823536,49.11764705882353,34,64
43,1,49.470588235294116,49.05882352941176,34,64
44,1,49.470588235294116,49.05882352941176,34,64
45,1,49.58064516129033,49.12903225806452,31,62
46,1,49.53125,49.21874999999999,32,62
47,1,49.5483870967742,49.38709677419355,31,62
48,1,49.38709677419356,49.51612903225807,31,62
49,1,49.46875000000001,49.4375,32,64
50,1,49.58064516129032,49.54838709677419,31,62
51,1,49.5483870967742,49.16129032258065,31,62
52,1,49.5483870967742,49.16129032258065,31,62
53,1,49.617647058823536,49.11764705882353,34,64
54,1,49.9090909090909,48.909090909090914,33,64
55,1,49.84848484848486,48.818181818181834,33,64
56,1,49.74193548387097,49,31,64
57,1,49.53125,49.0625,32,64
58,1,49.647058823529406,49.14705882352941,34,68
59,1,49.66666666666667,49.060606060606055,33,62
60,1,49.74285714285715,48.88571428571428,35,64
61,1,49.735294117647065,48.999999999999986,34,62
62,1,49.75757575757577,49.09090909090909,33,62
63,1,49.66666666666667,48.93939393939392,33,62
64,1,49.66666666666667,48.93939393939392,33,62
65,1,49.75757575757577,48.93939393939394,33,64
66,1,49.6969696969697,48.84848484848486,33,64
67,1,49.78124999999999,48.78125,32,62
68,1,49.96666666666666,48.9,30,62
69,1,49.84375,49.06250000000001,32,66
70,1,49.575757575757585,49.242424242424235,33,64
71,1,49.70967741935485,49.19354838709677,31,62
72,1,49.70967741935485,49.19354838709677,31,62
73,1,50.00000000000001,48.84375,32,64
74,1,50.06451612903226,48.741935483870975,31,62
75,1,50.225806451612904,48.806451612903224,31,64
76,1,50.19354838709677,48.612903225806456,31,64
77,1,50.38709677419356,48.58064516129032,31,62
78,1,50.437500000000014,48.46875,32,64
79,1,50.5625,48.28125,32,62
80,1,50.5483870967742,48.193548387096776,31,62
81,1,50.62500000000001,48.25,32,64
82,1,50.58620689655173,48.379310344827594,29,62
83,1,50.677419354838726,48.483870967741936,31,64
84,1,50.3103448275862,48.65517241379311,29,62
85,1,50.64516129032259,48.61290322580646,31,64
86,1,50.64516129032259,48.61290322580646,31,64
87,1,50.83870967741936,48.5483870967742,31,62
88,1,50.91176470588236,48.64705882352942,34,64
89,1,50.794117647058826,48.764705882352935,34,64
90,1,50.742857142857154,48.885714285714286,35,64
91,1,50.76470588235294,48.911764705882334,34,64
92,1,50.666666666666664,48.90909090909089,33,64
93,1,50.60606060606061,48.78787878787879,33,64
94,1,50.5,48.8125,32,62
95,1,50.484848484848484,48.90909090909091,33,62
96,1,50.33333333333334,48.800000000000004,30,62
97,1,50.35483870967743,48.612903225806456,31,64
98,1,50.26666666666668,48.76666666666666,30,64
99,1,50.17241379310346,48.75862068965517,29,62
100,1,50.23333333333334,48.83333333333333,30,62
101,1,50.47058823529412,49.058823529411775,34,64
102,1,50.70967741935484,49.03225806451613,31,64
103,1,50.59375000000001,49.000000000000014,32,64
104,1,50.617647058823536,48.970588235294116,34,64
105,1,50.72727272727273,48.69696969696969,33,64
106,1,50.906250000000014,48.8125,32,64
107,1,50.96774193548387,48.93548387096774,31,62
108,1,51.00000000000001,48.749999999999986,32,66
109,1,50.96774193548387,48.93548387096774,31,62
110,1,50.96774193548387,48.967741935483865,31,64
111,1,51.10000000000001,49.03333333333334,30,64
112,1,51.19354838709678,49.032258064516135,31,62
113,1,51.15151515151515,49.090909090909086,33,62
114,1,51.08571428571429,49.142857142857146,35,64
115,1,51.176470588235304,49.17647058823528,34,62
116,1,51.25806451612904,48.90322580645161,31,62
117,1,51.235294117647065,48.73529411764706,34,64
118,1,51.303030303030305,48.666666666666664,33,64
119,1,51.03030303030303,48.575757575757585,33,62
120,1,50.885714285714286,48.51428571428573,35,64
121,1,50.852941176470594,48.44117647058824,34,64
122,1,51.00000000000001,48.14705882352941,34,64
123,1,50.84848484848486,48.151515151515156,33,62
124,1,51.08823529411766,47.94117647058824,34,64
125,1,51.00000000000001,47.91176470588235,34,64
126,1,51.00000000000001,48.00000000000001,33,64
127,1,50.903225806451616,48.193548387096776,31,62
128,1,50.82352941176471,48.029411764705884,34,66
129,1,50.82352941176471,48.029411764705884,34,66
130,1,50.939393939393945,48,33,64
131,1,51.08823529411766,48.000000000000014,34,64
132,1,50.937500000000014,48.156250000000014,32,62
133,1,51.25,47.75,32,64
134,1,51.000000000000014,48.000000000000014,33,64
135,1,51.09375000000001,47.96875,32,64
136,1,51.0909090909091,47.75757575757575,33,64
137,1,51.12500000000001,47.71874999999999,32,64
138,1,51.2258064516129,47.70967741935484,31,64
139,1,51.15151515151515,47.84848484848485,33,62
140,1,51.15151515151515,47.84848484848485,33,62
141,1,51.27272727272728,48.06060606060608,33,64
142,1,51.352941176470594,48.00000000000001,34,64
143,1,51.40625,48.03124999999999,32,62
144,1,51.515151515151516,48.030303030303024,33,64
145,1,51.46875000000001,47.9375,32,62
146,1,51.46875000000001,48.25,32,62
147,1,51.63636363636363,48.60606060606061,33,64
148,1,51.62500000000001,48.50000000000001,32,62
149,1,51.62500000000001,48.34375000000001,32,62
150,1,51.6969696969697,48.09090909090909,33,62
151,1,51.64705882352942,48.1764705882353,34,64
152,1,51.76470588235295,48.05882352941176,34,64
153,1,51.68571428571429,48.08571428571428,35,64
154,1,51.735294117647065,48.23529411764705,34,64
155,1,51.906250000000014,48,32,64
156,1,52.000000000000014,48,33,64
157,1,52,47.8,30,62
158,1,51.84848484848486,47.66666666666667,33,64
159,1,51.93548387096775,47.58064516129033,31,62
160,1,52.00000000000001,47.5,32,62
161,1,52.057142857142864,47.571428571428584,35,64
162,1,52.00000000000001,47.50000000000001,34,62
163,1,52.00000000000001,47.3235294117647,34,64
164,1,51.9375,47.28125000000001,32,64
165,1,52.062500000000014,47.43750000000001,32,62
166,1,52.14705882352941,47.558823529411775,34,64
167,1,52.21875000000001,47.50000000000001,32,64
168,1,52.000000000000014,47.58064516129032,31,62
169,1,51.99999999999999,47.78125000000001,32,64
170,1,51.99999999999999,47.78125000000001,32,64
171,1,52.06451612903226,47.548387096774206,31,62
172,1,51.96875,47.343750000000014,32,62
173,1,51.96969696969698,47.42424242424242,33,62
174,1,51.96969696969698,47.42424242424242,33,62
175,1,51.67741935483871,47.70967741935483,31,62
176,1,51.906250000000014,47.59375000000001,32,62
177,1,51.757575757575765,47.696969696969695,33,66
178,1,51.80645161290324,47.612903225806456,31,62
179,1,51.81818181818182,47.66666666666667,33,64
180,1,51.81818181818182,47.66666666666667,33,64
181,1,51.71875,47.62500000000001,32,62
182,1,51.80645161290324,47.5483870967742,31,60
183,1,51.800000000000004,47.457142857142856,35,64
184,1,51.800000000000004,47.457142857142856,35,64
185,1,51.59375,47.3125,32,62
186,1,51.59375,47.375,32,62
187,1,51.483870967741936,47.38709677419355,31,62
188,1,51.37500000000001,47.34374999999999,32,62
189,1,51.529411764705884,47.647058823529406,34,64
190,1,51.48484848484849,47.575757575757585,33,64
191,1,51.37500000000001,47.59375000000001,32,62
192,1,51.35483870967742,47.48387096774193,31,60
193,1,51.09375000000001,47.46874999999999,32,64
194,1,51.09375000000001,47.59375000000001,32,64
195,1,50.941176470588246,47.52941176470589,34,64
196,1,50.91176470588236,47.411764705882355,34,64
197,1,50.91176470588236,47.411764705882355,34,64
198,1,50.909090909090914,47.303030303030305,33,62
199,1,50.971428571428575,47.171428571428564,35,64
200,1,50.971428571428575,47.171428571428564,35,64
201,1,50.96969696969696,47.24242424242425,33,64
202,1,50.967741935483886,47.41935483870967,31,64
203,1,50.96969696969698,47.33333333333334,33,64
204,1,50.909090909090914,47.303030303030305,33,62
205,1,51.00000000000001,47.26470588235294,34,62
206,1,50.909090909090914,47.24242424242424,33,62
207,1,50.909090909090914,47.24242424242424,33,62
208,1,50.84375000000001,47.3125,32,62
209,1,50.941176470588246,47.44117647058824,34,64
210,1,50.916666666666664,47.416666666666664,36,66
211,1,50.852941176470594,47.52941176470589,34,64
212,1,50.81818181818182,47.606060606060616,33,64
213,1,50.72727272727273,47.45454545454545,33,64
214,1,50.625,47.5,32,62
215,1,50.54838709677419,47.54838709677419,31,62
216,1,50.76470588235294,47.735294117647065,34,64
217,1,50.666666666666664,47.484848484848484,33,64
218,1,50.61290322580645,47.35483870967742,31,62
219,1,50.757575757575765,47.48484848484849,33,64
220,1,50.65625000000001,47.43750000000001,32,62
221,1,50.64705882352942,47.41176470588236,34,64
222,1,50.55882352941177,47.41176470588234,34,64
223,1,50.41935483870969,47.35483870967741,31,62
224,1,50.406250000000014,47.49999999999999,32,64
225,1,50.25,47.28125,32,62
226,1,50.25,47.28125,32,62
227,1,49.83870967741936,47.45161290322582,31,64
228,1,49.906250000000014,47.5,32,62
229,1,49.939393939393945,47.42424242424242,33,62
230,1,49.735294117647065,47.32352941176472,34,64
231,1,49.65625000000001,47.25000000000001,32,64
232,1,49.9375,47.18749999999999,32,64
233,1,49.9375,47.21874999999999,32,62
234,1,49.83870967741935,47.19354838709677,31,62
235,1,49.81250000000001,47.28125,32,62
236,1,49.59375000000001,47.18750000000001,32,64
237,1,49.78124999999999,46.78125,32,62
238,1,49.78124999999999,46.78125,32,62
239,1,49.848484848484844,46.84848484848485,33,64
240,1,49.8235294117647,46.558823529411775,34,64
241,1,49.75757575757576,46.51515151515152,33,64
242,1,49.75757575757576,46.51515151515152,33,64
243,1,49.78125000000001,46.43749999999999,32,66
244,1,50.12903225806452,46.516129032258064,31,62
245,1,50.032258064516135,46.580645161290334,31,62
246,1,50.15151515151515,46.4848484848485,33,64
247,1,50.03030303030303,46.575757575757585,33,62
248,1,50.03030303030303,46.575757575757585,33,62
249,1,50.03030303030303,46.575757575757585,33,62
250,1,50.06451612903226,46.548387096774206,31,62
251,1,49.800000000000004,46.56666666666666,30,62
252,1,49.74193548387098,46.387096774193544,31,62
253,1,49.80645161290324,46.225806451612904,31,64
254,1,49.99999999999999,46.15625,32,64
255,1,50.21875000000001,46.0625,32,64
256,1,50.166666666666664,46.099999999999994,30,64
257,1,50.18750000000001,46.0625,32,64
258,1,50.12903225806452,45.9032258064516,31,62
259,1,50.30303030303029,45.75757575757576,33,64
260,1,50.20588235294119,45.76470588235295,34,64
261,1,50.0909090909091,45.69696969696969,33,62
262,1,50.085714285714296,45.80000000000001,35,64
263,1,49.885714285714286,45.828571428571436,35,66
264,1,49.84848484848485,45.69696969696968,33,64
265,1,49.94117647058824,45.67647058823528,34,64
266,1,49.885714285714286,45.74285714285715,35,64
267,1,49.885714285714286,45.74285714285715,35,64
268,1,50.00000000000001,45.73529411764707,34,62
269,1,49.82352941176471,46,34,64
270,1,49.78787878787879,46.0909090909091,33,62
271,1,49.71875,46.03125000000001,32,62
272,1,49.88235294117647,46.14705882352942,34,64
273,1,49.78787878787879,46.0909090909091,33,62
274,1,49.78787878787879,46.0909090909091,33,62
275,1,49.81250000000001,46.18749999999999,32,62
276,1,49.727272727272734,46.18181818181819,33,62
277,1,49.828571428571436,46.02857142857142,35,64
278,1,49.828571428571436,46.02857142857142,35,64
279,1,49.91666666666667,46.027777777777764,36,64
280,1,49.46875000000001,45.93749999999999,32,62
281,1,49.51515151515153,45.84848484848485,33,62
282,1,49.42857142857144,45.77142857142858,35,64
283,1,49.42424242424243,45.666666666666664,33,62
284,1,49.48484848484849,45.636363636363626,33,64
285,1,49.71874999999999,45.75000000000001,32,62
286,1,49.62500000000001,45.9375,32,62
287,1,49.62857142857143,46.228571428571435,35,64
288,1,49.81250000000001,46.218750000000014,32,66
289,1,49.87500000000001,46.18749999999999,32,64
290,1,50.00000000000001,46.15624999999999,32,62
291,1,49.90909090909091,46.121212121212125,33,64
292,1,49.94285714285716,46.2,35,66
293,1,50.02857142857144,46.05714285714286,35,66
294,1,49.91428571428572,46.171428571428564,35,66
295,1,49.96774193548388,46.32258064516129,31,62
296,1,50.15151515151516,46.15151515151514,33,64
297,1,50.17142857142857,46.02857142857143,35,66
298,1,50.19444444444444,45.94444444444445,36,66
299,1,50.14705882352941,45.94117647058823,34,66
300,1,50.085714285714296,45.857142857142854,35,66
301,1,49.939393939393945,45.66666666666668,33,62
302,1,50,45.48484848484848,33,64
303,1,50.09375000000001,45.49999999999999,32,64
304,1,50.10000000000001,45.46666666666667,30,62
305,1,50,45.76470588235295,34,66
306,1,49.888888888888886,45.83333333333332,36,66
307,1,49.885714285714286,45.942857142857136,35,64
308,1,50.00000000000001,45.99999999999999,37,64
309,1,49.97222222222222,46.083333333333336,36,64
310,1,49.941176470588246,46.05882352941176,34,64
311,1,49.84848484848486,46.030303030303024,33,64
312,1,49.59375000000001,45.96875000000001,32,62
313,1,49.5625,46.1875,32,62
314,1,49.45454545454546,45.909090909090914,33,62
315,1,49.606060606060616,45.81818181818181,33,64
316,1,49.5625,46.06250000000001,32,62
317,1,49.735294117647065,45.91176470588235,34,64
318,1,49.735294117647065,45.99999999999999,34,64
319,1,49.75000000000001,46.06249999999999,32,62
320,1,49.71875000000001,46.15624999999999,32,62
321,1,49.484848484848484,45.96969696969697,33,64
322,1,49.575757575757585,46.06060606060605,33,62
323,1,49.59375000000001,45.937500000000014,32,66
324,1,49.67741935483872,45.87096774193548,31,62
325,1,49.71875000000001,45.78124999999999,32,64
326,1,49.94117647058823,45.73529411764706,34,66
327,1,50,45.50000000000001,36,66
328,1,50.02702702702704,45.59459459459458,37,66
329,1,50.31250000000001,45.43749999999999,32,64
330,1,50.31250000000001,45.43749999999999,32,64
331,1,50.22580645161291,45.4516129032258,31,64
332,1,50.3235294117647,45.61764705882353,34,64
333,1,50.28124999999999,45.59375,32,62
334,1,50.18181818181819,45.63636363636364,33,64
335,1,50.09375000000001,45.59375000000001,32,64
336,1,50.121212121212125,45.33333333333333,33,64
337,1,50.25,45.43749999999999,32,62
338,1,50.28124999999999,45.656250000000014,32,62
339,1,50.18181818181819,45.63636363636364,33,64
340,1,50.303030303030305,45.757575757575765,33,62
341,1,50.43750000000001,45.875,32,62
342,1,50.46875000000001,45.9375,32,62
343,1,50.56250000000001,45.90624999999999,32,62
344,1,50.59375000000001,46.03125,32,64
345,1,50.40625,46,32,62
346,1,50.34375000000001,45.90625,32,62
347,1,50.48387096774194,46.03225806451613,31,62
348,1,50.40625,46,32,62
349,1,50.56250000000001,45.84374999999999,32,64
350,1,50.645161290322584,45.83870967741936,31,64
351,1,50.41379310344828,45.724137931034484,29,62
352,1,50.5,45.800000000000004,30,64
353,1,50.483870967741936,45.677419354838705,31,62
354,1,50.64516129032259,45.806451612903224,31,60
355,1,50.45454545454546,45.69696969696969,33,64
356,1,50.352941176470594,45.647058823529406,34,64
357,1,50.41176470588234,45.61764705882353,34,66
358,1,50.75000000000001,45.68750000000001,32,64
359,1,50.71875,45.71875,32,64
360,1,50.84848484848485,45.93939393939392,33,64
361,1,50.84848484848485,45.93939393939392,33,64
362,1,50.878787878787875,46.06060606060605,33,64
363,1,50.88235294117647,46.14705882352942,34,64
364,1,50.909090909090914,46.242424242424235,33,64
365,1,50.909090909090914,46.242424242424235,33,64
366,1,50.9090909090909,46.333333333333336,33,64
367,1,50.87499999999999,46.40624999999999,32,64
368,1,50.87499999999999,46.40624999999999,32,64
369,1,50.87096774193547,46.516129032258064,31,62
370,1,51.12903225806452,46.51612903225806,31,62
371,1,51.15625000000001,46.43749999999999,32,62
372,1,51.15625000000001,46.43749999999999,32,62
373,1,51.15151515151515,46.33333333333332,33,64
374,1,51.15625000000001,46.56250000000001,32,62
375,1,51.16129032258065,46.645161290322584,31,62
376,1,51.193548387096776,46.70967741935483,31,60
377,1,51.142857142857146,46.91428571428571,35,64
378,1,51.17142857142857,46.97142857142857,35,64
379,1,51.088235294117645,47,34,64
380,1,51.06060606060606,46.90909090909091,33,64
381,1,51.25714285714286,47.05714285714286,35,66
382,1,51.08333333333332,47,36,66
383,1,51.05714285714286,47.05714285714285,35,64
384,1,51.02857142857144,47.171428571428564,35,64
385,1,51.02857142857144,47.171428571428564,35,64
386,1,51.290322580645174,47.096774193548384,31,62
387,1,51.5,47.312500000000014,32,64
388,1,51.5,47.312500000000014,32,64
389,1,51.3939393939394,47.27272727272727,33,64
390,1,51.36363636363637,47.27272727272727,33,62
391,1,51.2,47.433333333333344,30,62
392,1,51.16666666666667,47.300000000000004,30,62
393,1,50.96774193548388,47.322580645161295,31,64
394,1,51.05882352941177,47.49999999999999,34,66
395,1,51.08571428571429,47.54285714285715,35,66
396,1,51.1875,47.62500000000001,32,64
397,1,51.029411764705884,47.58823529411766,34,66
398,1,50.71874999999999,47.75000000000001,32,62
399,1,50.51515151515152,47.78787878787879,33,64
400,1,50.575757575757585,47.93939393939392,33,62
401,1,50.66666666666667,48.090909090909086,33,64
402,1,50.71875000000001,48.15625,32,64
403,1,50.73333333333335,48.39999999999999,30,62
404,1,50.78125,48.40625,32,64
405,1,51.03124999999999,48.3125,32,64
406,1,50.906250000000014,48.40625000000001,32,64
407,1,50.735294117647065,48.23529411764705,34,64
408,1,50.87500000000001,48.09375,32,62
409,1,51.05882352941177,48.11764705882353,34,64
410,1,50.969696969696976,48.09090909090909,33,64
411,1,51.06060606060607,48,33,64
412,1,51.205882352941174,48.11764705882353,34,64
413,1,51.33333333333333,48.36363636363637,33,64
414,1,51.44117647058824,48.32352941176471,34,64
415,1,51.451612903225815,48.096774193548384,31,60
416,1,51.606060606060616,48.090909090909086,33,64
417,1,51.62500000000001,48.15625000000001,32,60
418,1,51.735294117647065,48.35294117647059,34,64
419,1,51.741935483870975,48.58064516129032,31,62
420,1,51.65625000000001,48.53124999999999,32,62
421,1,51.545454545454554,48.424242424242415,33,64
422,1,51.45454545454546,48.575757575757585,33,64
423,1,51.59375000000001,48.56250000000001,32,64
424,1,51.59375000000001,48.56250000000001,32,64
425,1,51.5,48.6875,32,64
426,1,51.70588235294118,48.5,34,62
427,1,51.62857142857143,48.42857142857142,35,64
428,1,51.666666666666664,48.575757575757585,33,62
429,1,51.666666666666664,48.42424242424242,33,62
430,1,51.6,48.48571428571427,35,64
431,1,51.55882352941177,48.55882352941176,34,64
432,1,51.70588235294118,48.5,34,62
433,1,51.68571428571428,48.400000000000006,35,64
434,1,51.84848484848486,48.57575757575758,33,64
435,1,51.84848484848486,48.66666666666667,33,64
436,1,51.84848484848486,48.66666666666667,33,64
437,1,51.90909090909091,48.81818181818182,33,64
438,1,51.96875,48.90625,32,62
439,1,52.15625000000001,48.9375,32,64
440,1,51.812500000000014,48.90625000000001,32,64
441,1,51.81818181818182,48.81818181818183,33,64
442,1,51.65625000000001,48.71875,32,62
443,1,51.64705882352942,48.705882352941174,34,64
444,1,51.63636363636363,48.54545454545455,33,64
445,1,51.37500000000001,48.53124999999999,32,64
446,1,51.225806451612904,48.580645161290334,31,62
447,1,51.15624999999999,48.62499999999999,32,64
448,1,50.90322580645162,48.677419354838705,31,62
449,1,51.225806451612904,48.64516129032257,31,64
450,1,51.28125,48.5625,32,66
451,1,51.29032258064517,48.41935483870969,31,64
452,1,51.37500000000001,48.18749999999999,32,64
453,1,51.50000000000001,48.25000000000001,32,62
454,1,51.676470588235304,48.147058823529406,34,64
455,1,51.74193548387098,48.064516129032256,31,62
456,1,51.91176470588236,47.823529411764724,34,64
457,1,51.885714285714286,47.74285714285713,35,64
458,1,51.885714285714286,47.74285714285713,35,64
459,1,51.88235294117647,47.64705882352941,34,64
460,1,51.81818181818182,47.72727272727273,33,62
461,1,51.84375000000001,47.81249999999999,32,62
462,1,51.81818181818182,47.72727272727273,33,62
463,1,51.542857142857144,47.74285714285714,35,64
464,1,51.542857142857144,47.74285714285714,35,64
465,1,51.687500000000014,47.78125,32,64
466,1,51.80645161290324,47.70967741935483,31,60
467,1,51.71875,47.65625,32,62
468,1,51.81250000000001,47.65625,32,64
469,1,52.088235294117645,47.6764705882353,34,64
470,1,52,47.66666666666667,33,64
471,1,51.9375,47.59375000000001,32,64
472,1,51.90625,47.68750000000001,32,62
473,1,51.90909090909091,47.75757575757575,33,64
474,1,51.84375000000001,47.875,32,62
475,1,51.62500000000001,48.15625000000001,32,64
476,1,51.70967741935485,48.29032258064516,31,60
477,1,51.75757575757577,48.303030303030305,33,64
478,1,51.84375000000001,48.28124999999999,32,64
479,1,51.787878787878796,48.151515151515156,33,64
480,1,51.71875000000001,48.09375000000001,32,64
481,1,51.68571428571429,48.08571428571428,35,64
482,1,51.617647058823536,48.147058823529406,34,64
483,1,51.84848484848485,47.909090909090914,33,64
484,1,51.64705882352942,47.91176470588235,34,64
485,1,51.676470588235304,47.970588235294116,34,64
486,1,51.6969696969697,47.87878787878789,33,64
487,1,51.93333333333334,47.80000000000001,30,64
488,1,51.84848484848485,47.909090909090914,33,64
489,1,52.00000000000001,47.81818181818182,33,64
490,1,51.96875000000001,47.71875,32,64
491,1,51.87096774193549,47.935483870967744,31,62
492,1,51.87500000000001,48.09375,32,62
493,1,51.87096774193548,48.41935483870968,31,62
494,1,51.909090909090914,48.42424242424243,33,64
495,1,51.909090909090914,48.42424242424243,33,64
496,1,51.9375,48.50000000000001,32,64
497,1,51.9375,48.56250000000001,32,62
498,1,51.909090909090914,48.48484848484849,33,62
499,1,51.82352941176471,48.558823529411775,34,64
500,1,51.60606060606061,48.606060606060616,33,64
501,1,51.64516129032259,48.5483870967742,31,64
502,1,51.483870967741936,48.74193548387097,31,64
503,1,51.63333333333335,48.46666666666667,30,62
504,1,51.300000000000004,48.4,30,62
505,1,51.424242424242415,48.363636363636374,33,66
506,1,51.45454545454546,48.2121212121212,33,64
507,1,51.62500000000001,48.03125,32,64
508,1,51.451612903225815,48.16129032258065,31,62
509,1,51.25,48.28125,32,62
510,1,51.3125,48.4375,32,62
511,1,51.34375,48.65624999999999,32,64
512,1,51.28125,48.5,32,62
513,1,51.27272727272726,48.606060606060616,33,64
514,1,51.25,48.24999999999999,32,62
515,1,51.38709677419355,48.48387096774193,31,62
516,1,51.375000000000014,48.59375,32,64
517,1,51.45161290322581,48.41935483870968,31,60
518,1,51.41176470588235,48.32352941176471,34,64
519,1,51.42857142857144,48.628571428571426,35,64
520,1,51.303030303030305,48.60606060606061,33,66
521,1,51.36363636363636,48.45454545454545,33,64
522,1,51.4375,48.4375,32,64
523,1,51.75000000000001,48.62500000000001,32,62
524,1,51.87499999999999,48.875,32,62
525,1,51.96875,48.84375,32,64
526,1,51.9090909090909,48.78787878787879,33,62
527,1,51.87878787878788,48.96969696969697,33,64
528,1,51.87878787878788,48.96969696969697,33,64
529,1,51.71428571428573,49.057142857142864,35,64
530,1,51.51515151515153,49.0909090909091,33,62
531,1,51.51515151515153,49.0909090909091,33,62
532,1,51.774193548387096,49.064516129032256,31,62
533,1,51.764705882352956,49.235294117647065,34,66
534,1,51.787878787878796,49.27272727272727,33,64
535,1,51.77419354838709,49.22580645161291,31,62
536,1,51.818181818181806,49.03030303030303,33,62
537,1,51.91176470588234,49.029411764705884,34,64
538,1,52.05714285714286,48.88571428571429,35,64
539,1,51.62500000000001,48.90625000000001,32,64
540,1,51.676470588235304,49.08823529411765,34,66
541,1,51.727272727272734,48.81818181818182,33,62
542,1,51.606060606060616,48.969696969696976,33,64
543,1,51.46875000000001,48.875,32,62
544,1,51.46875000000001,48.875,32,62
545,1,51.51515151515153,48.84848484848485,33,62
546,1,51.58064516129032,48.93548387096775,31,60
547,1,51.575757575757585,48.75757575757575,33,62
548,1,51.55882352941176,49.05882352941176,34,64
549,1,51.55882352941176,49.05882352941176,34,64
550,1,51.50000000000001,48.88235294117647,34,64
551,1,51.50000000000001,48.88235294117647,34,64
552,1,51.727272727272734,48.69696969696969,33,64
553,1,52.064516129032256,48.70967741935483,31,62
554,1,52.28124999999999,48.56250000000001,32,62
555,1,52.27272727272728,48.45454545454545,33,64
556,1,52.35483870967742,48.25806451612903,31,60
557,1,52.71875000000001,48.34374999999999,32,64
558,1,52.656250000000014,48.031250000000014,32,64
559,1,52.71875,48.031250000000014,32,62
560,1,52.8,48.099999999999994,30,62
561,1,52.61290322580645,48.06451612903227,31,62
562,1,52.61290322580645,48.06451612903227,31,62
563,1,52.545454545454554,47.93939393939393,33,66
564,1,52.484848484848484,47.93939393939394,33,66
565,1,52.40625,48.03125,32,64
566,1,52.375000000000014,48.218749999999986,32,62
567,1,52.31249999999999,48.18749999999999,32,62
568,1,52.12121212121212,47.9090909090909,33,64
569,1,51.94285714285716,47.8857142857143,35,64
570,1,51.999999999999986,48,35,64
571,1,51.969696969696976,48.06060606060606,33,64
572,1,51.969696969696976,48.06060606060606,33,64
573,1,51.90625,47.6875,32,64
574,1,52.121212121212125,47.78787878787879,33,64
575,1,52.166666666666664,47.73333333333334,30,60
576,1,52.064516129032256,47.67741935483869,31,64
577,1,52.00000000000001,47.61290322580646,31,60
578,1,52.032258064516135,47.67741935483868,31,62
579,1,51.83870967741937,47.483870967741936,31,62
580,1,51.70967741935483,47.35483870967741,31,62
581,1,51.74193548387097,46.96774193548388,31,64
582,1,51.74193548387097,47.22580645161292,31,64
583,1,51.64516129032258,47.35483870967743,31,62
584,1,51.6774193548387,47.12903225806453,31,62
585,1,51.65625000000001,47.21875,32,62
586,1,51.63333333333335,47.400000000000006,30,62
587,1,51.612903225806456,47.58064516129032,31,64
588,1,51.612903225806456,47.58064516129032,31,64
589,1,51.53333333333334,47.5,30,62
590,1,51.406250000000014,47.21875,32,64
591,1,51.833333333333336,47.733333333333334,30,62
592,1,51.81250000000001,47.84375,32,64
593,1,51.78125,47.625,32,64
594,1,51.78125,47.625,32,64
595,1,51.80645161290324,47.90322580645161,31,60
596,1,51.71875,47.96875,32,62
597,1,51.727272727272734,48.06060606060606,33,64
598,1,51.71875,47.96875,32,62
599,1,51.81250000000001,47.99999999999999,32,62
600,1,51.97058823529412,47.91176470588235,34,64
601,1,51.78787878787879,47.909090909090914,33,62
602,1,51.67741935483872,47.870967741935495,31,62
603,1,51.827586206896555,47.89655172413792,29,62
604,1,51.65517241379312,47.931034482758626,29,60
605,1,51.735294117647065,47.999999999999986,34,62
606,1,51.735294117647065,47.999999999999986,34,62
607,1,51.71875000000001,48.40625000000001,32,62
608,1,51.687500000000014,48.375,32,64
609,1,51.6969696969697,48.27272727272727,33,64
610,1,51.90909090909091,48.18181818181819,33,64
611,1,52.00000000000001,48.333333333333336,33,66
612,1,51.84848484848486,48.21212121212121,33,64
613,1,51.93548387096775,48.354838709677416,31,64
614,1,52.18181818181819,48.27272727272728,33,62
615,1,52.212121212121204,48.090909090909086,33,62
616,1,52.27272727272728,48.24242424242425,33,64
617,1,52.16129032258065,48.580645161290334,31,64
618,1,52.24999999999999,48.437499999999986,32,64
619,1,52.34375000000001,48.25000000000001,32,64
620,1,52.09375000000001,48.031249999999986,32,62
621,1,52.00000000000001,48.099999999999994,30,62
622,1,52.20689655172415,48.24137931034483,29,60
623,1,52.06250000000001,48.15625000000001,32,64
624,1,52.33333333333333,48.060606060606055,33,64
625,1,52.25714285714287,48.114285714285714,35,64
626,1,52.41176470588235,48.088235294117645,34,64
627,1,52.51515151515153,48.0909090909091,33,62
628,1,52.5,48.18749999999999,32,62
629,1,52.60606060606061,48.18181818181817,33,64
630,1,52.51515151515153,48.0909090909091,33,62
631,1,52.51515151515153,48.0909090909091,33,62
632,1,52.51515151515153,48.0909090909091,33,62
633,1,52.63636363636363,48.212121212121204,33,64
634,1,52.63333333333334,48.3,30,62
635,1,52.727272727272734,48.27272727272728,33,64
636,1,52.58064516129033,48.41935483870967,31,64
637,1,52.59375000000001,48.3125,32,64
638,1,52.59375000000001,48.3125,32,64
639,1,52.62500000000001,48.3125,32,62
640,1,52.5625,48.15625,32,62
641,1,52.51515151515153,48.0909090909091,33,62
642,1,52.51612903225807,48.0967741935484,31,64
643,1,52.56666666666667,48,30,62
644,1,52.53125,47.75000000000001,32,64
645,1,52.529411764705884,47.76470588235293,34,66
646,1,52.354838709677416,47.61290322580645,31,62
647,1,52.39393939393939,47.696969696969695,33,64
648,1,52.333333333333336,47.75757575757576,33,62
649,1,52.36363636363637,47.81818181818182,33,64
650,1,52.3125,47.90625,32,62
651,1,52.187499999999986,47.78124999999999,32,64
652,1,52.15151515151515,47.69696969696969,33,64
653,1,52.18750000000001,47.75,32,66
654,1,52.225806451612904,47.83870967741935,31,64
655,1,52.3125,47.875,32,64
656,1,52.15625000000001,47.8125,32,62
657,1,52.34375000000001,47.84375,32,64
658,1,52.575757575757585,47.81818181818181,33,64
659,1,52.483870967741936,47.70967741935483,31,64
660,1,52.41935483870968,47.806451612903224,31,64
661,1,52.46666666666668,47.89999999999999,30,62
662,1,52.233333333333334,47.86666666666667,30,62
663,1,52.18181818181819,47.69696969696969,33,64
664,1,52.15625000000001,47.93750000000001,32,64
665,1,51.903225806451616,47.80645161290323,31,62
666,1,51.65625000000001,47.812500000000014,32,64
667,1,51.2,47.8,30,62
668,1,51.13793103448276,47.482758620689644,29,62
669,1,51.437500000000014,47.625,32,64
670,1,51.38235294117647,47.76470588235294,34,64
671,1,51.441176470588246,47.55882352941178,34,64
672,1,51.28124999999999,47.53125,32,64
673,1,51.03124999999999,47.34375,32,66
674,1,51.06451612903226,47.19354838709677,31,64
675,1,51.18750000000001,47.06250000000001,32,64
676,1,51.09375000000001,47.218749999999986,32,64
677,1,51.00000000000001,47.16129032258063,31,62
678,1,51.10344827586207,47.344827586206904,29,60
679,1,51.03333333333334,47.43333333333334,30,62
680,1,51.00000000000001,47.387096774193544,31,62
681,1,51.15625,47.46874999999999,32,64
682,1,51.00000000000001,47.645161290322584,31,64
683,1,50.77142857142858,47.74285714285713,35,64
684,1,50.77142857142858,47.74285714285713,35,64
685,1,50.676470588235304,47.73529411764705,34,64
686,1,50.727272727272734,47.81818181818182,33,62
687,1,50.727272727272734,47.81818181818182,33,62
688,1,50.61764705882354,47.82352941176471,34,64
689,1,50.51515151515153,47.84848484848485,33,62
690,1,50.41176470588234,47.882352941176464,34,64
691,1,50.52941176470589,47.73529411764706,34,64
692,1,50.63636363636363,47.72727272727271,33,62
693,1,50.72727272727273,47.545454545454554,33,64
694,1,50.80645161290324,47.51612903225806,31,64
695,1,50.87096774193548,47.45161290322581,31,62
696,1,50.81250000000001,47.53125000000001,32,62
697,1,50.75000000000001,47.43749999999999,32,62
698,1,50.75000000000001,47.43749999999999,32,62
699,1,50.645161290322584,47.70967741935484,31,62
700,1,50.81818181818183,47.63636363636365,33,64
701,1,50.794117647058826,47.88235294117647,34,64
702,1,50.575757575757585,47.93939393939392,33,62
703,1,50.575757575757585,47.93939393939392,33,62
704,1,50.575757575757585,47.93939393939392,33,62
705,1,50.50000000000001,47.88235294117647,34,64
706,1,50.63636363636363,47.72727272727271,33,62
707,1,50.70967741935483,48.032258064516135,31,62
708,1,50.70967741935484,48.41935483870967,31,64
709,1,50.83333333333333,48.599999999999994,30,62
710,1,50.827586206896555,48.51724137931034,29,62
711,1,51.10344827586207,48.24137931034483,29,64
712,1,51.21428571428572,48.214285714285715,28,62
713,1,51.12499999999999,47.9375,32,62
714,1,51,47.882352941176464,34,64
715,1,51.000000000000014,48.06060606060606,33,64
716,1,50.96774193548388,48.2258064516129,31,62
717,1,50.866666666666674,48.233333333333334,30,62
718,1,50.81818181818183,48.36363636363637,33,64
719,1,50.909090909090914,48.45454545454545,33,62
720,1,50.852941176470594,48.35294117647059,34,64
721,1,50.852941176470594,48.35294117647059,34,64
722,1,50.81818181818182,48.42424242424242,33,64
723,1,50.78125,48.593750000000014,32,64
724,1,50.78125,48.593750000000014,32,64
725,1,50.88235294117647,48.49999999999999,34,64
726,1,51.00000000000001,48.5,34,62
727,1,50.906250000000014,48.34375,32,62
728,1,51.000000000000014,48.303030303030305,33,64
729,1,51.15625000000001,48.1875,32,64
730,1,51.42424242424243,48.121212121212125,33,64
731,1,51.51515151515153,47.90909090909091,33,64
732,1,51.516129032258064,47.903225806451616,31,64
733,1,51.41935483870969,48.25806451612903,31,62
734,1,51.65625000000001,48.28125,32,62
735,1,51.65625000000001,48.28125,32,62
736,1,51.70967741935483,48.12903225806451,31,60
737,1,51.794117647058826,48.05882352941177,34,64
738,1,51.84375000000001,48.1875,32,62
739,1,51.78125,48.34375000000001,32,66
740,1,51.67741935483871,48.38709677419356,31,64
741,1,52.12500000000001,48.53125,32,64
742,1,52.31249999999999,48.46874999999999,32,64
743,1,52.32258064516128,48.67741935483871,31,62
744,1,52.45454545454546,48.72727272727272,33,66
745,1,52.36363636363636,48.696969696969695,33,64
746,1,52.28124999999999,48.75,32,62
747,1,52.28124999999999,48.75,32,62
748,1,52.176470588235304,48.82352941176471,34,62
749,1,52.0625,48.875,32,62
750,1,52.125,48.96875,32,64
751,1,52.0625,48.875,32,62
752,1,52.121212121212125,48.96969696969697,33,64
753,1,51.96969696969697,48.81818181818181,33,64
754,1,52.0625,48.875,32,62
755,1,52.176470588235304,48.82352941176471,34,62
756,1,52.34375000000001,48.78124999999998,32,62
757,1,52.612903225806456,48.77419354838711,31,64
758,1,52.575757575757585,48.90909090909091,33,66
759,1,52.50000000000001,48.705882352941174,34,62
760,1,52.50000000000001,48.705882352941174,34,62
761,1,52.76470588235295,48.88235294117647,34,64
762,1,52.72727272727273,48.96969696969697,33,64
763,1,52.68571428571429,48.82857142857143,35,64
764,1,52.75757575757577,48.66666666666667,33,62
765,1,52.84375,48.93749999999999,32,64
766,1,52.875000000000014,48.90625,32,64
767,1,52.875000000000014,48.90625,32,64
768,1,53.225806451612904,48.903225806451594,31,64
769,1,53.29032258064517,48.935483870967744,31,62
770,1,53.42424242424243,49.03030303030303,33,62
771,1,53.37500000000001,49.09374999999999,32,62
772,1,53.176470588235304,49.05882352941177,34,64
773,1,53.235294117647065,48.91176470588236,34,64
774,1,53.18750000000001,48.78125,32,64
775,1,53.21875,48.65625000000001,32,62
776,1,53.1290322580645,48.90322580645162,31,64
777,1,53.1764705882353,48.8529411764706,34,66
778,1,53.28125,48.90625,32,64
779,1,53.37500000000001,48.62499999999999,32,62
780,1,53.58064516129034,48.77419354838709,31,62
781,1,53.51515151515153,48.75757575757575,33,64
782,1,53.187499999999986,48.75,32,62
783,1,53.062500000000014,48.90625,32,64
784,1,53.03225806451614,48.67741935483871,31,64
785,1,52.87096774193549,48.74193548387096,31,64
786,1,52.76666666666667,48.699999999999996,30,62
787,1,52.84848484848486,48.66666666666667,33,64
788,1,53.06060606060606,48.666666666666664,33,62
789,1,53.06060606060606,48.666666666666664,33,62
790,1,53.03125000000001,48.74999999999999,32,62
791,1,53.09375000000001,48.8125,32,64
792,1,53.21875,48.65625,32,62
793,1,53.24242424242425,48.575757575757585,33,62
794,1,53.2,48.457142857142856,35,64
795,1,53.17142857142857,48.31428571428572,35,64
796,1,53.333333333333336,48.242424242424235,33,62
797,1,53.27272727272728,48.09090909090909,33,64
798,1,53.241379310344826,48.20689655172414,29,62
799,1,53.16129032258065,48.2258064516129,31,62
800,1,53.41935483870968,48.03225806451613,31,62
801,1,53.15625000000001,48.0625,32,62
802,1,53.25,48.125,32,64
803,1,53.333333333333336,48.242424242424235,33,62
804,1,53.17142857142857,48.31428571428572,35,64
805,1,53.057142857142864,48.42857142857143,35,64
806,1,53.088235294117645,48.35294117647059,34,64
807,1,53.088235294117645,48.35294117647059,34,64
808,1,53.20000000000001,48.56666666666666,30,60
809,1,53.00000000000001,48.5,32,62
810,1,52.96875,48.25,32,66
811,1,52.9090909090909,48.151515151515135,33,66
812,1,53.24137931034484,48.172413793103445,29,62
813,1,53.12903225806452,48.19354838709677,31,64
814,1,52.931034482758626,47.86206896551724,29,62
815,1,53.07142857142858,47.78571428571428,28,60
816,1,53.193548387096776,47.61290322580644,31,64
817,1,53.12903225806451,47.387096774193544,31,64
818,1,53.50000000000001,47.28124999999999,32,64
819,1,53.25,47.28124999999999,32,64
820,1,53.18181818181819,47.33333333333332,33,64
821,1,53.26666666666667,47.43333333333333,30,62
822,1,53.51612903225807,47.61290322580646,31,62
823,1,53.32258064516128,47.67741935483871,31,62
824,1,53.333333333333336,47.48484848484847,33,64
825,1,53.176470588235304,47.70588235294118,34,64
826,1,53.176470588235304,47.794117647058826,34,66
827,1,53,47.8235294117647,34,64
828,1,53,47.8235294117647,34,64
829,1,52.91666666666667,47.972222222222214,36,64
830,1,52.71875000000001,47.81250000000001,32,62
831,1,52.878787878787875,47.90909090909091,33,64
832,1,52.727272727272734,48,33,64
833,1,52.78125,47.999999999999986,32,62
834,1,52.70967741935485,47.645161290322584,31,64
835,1,52.87096774193547,47.580645161290334,31,62
836,1,52.87096774193547,47.741935483870975,31,64
837,1,52.81250000000001,47.65625000000001,32,64
838,1,52.735294117647065,47.5,34,66
839,1,52.58064516129032,47.35483870967742,31,62
840,1,52.34375000000001,47.499999999999986,32,64
841,1,52.38709677419356,47.612903225806456,31,62
842,1,52.25714285714286,47.542857142857144,35,64
843,1,52.24242424242424,47.45454545454545,33,64
844,1,52.366666666666674,47.46666666666666,30,64
845,1,52.43333333333334,47.7,30,62
846,1,52.45454545454545,47.57575757575758,33,64
847,1,52.49999999999999,47.5,34,64
848,1,52.28571428571429,47.628571428571426,35,66
849,1,52.10000000000001,47.7,30,60
850,1,51.9375,47.59375,32,64
851,1,51.90322580645161,47.32258064516129,31,64
852,1,51.87878787878789,47.42424242424242,33,64
853,1,51.87878787878789,47.303030303030305,33,64
854,1,51.666666666666664,47.42424242424242,33,62
855,1,51.40624999999999,47.53124999999999,32,64
856,1,50.96874999999999,47.5,32,64
857,1,51.03030303030303,47.54545454545454,33,64
858,1,51.058823529411754,47.55882352941177,34,64
859,1,51.26470588235295,47.558823529411754,34,64
860,1,51.17142857142857,47.542857142857144,35,66
861,1,51.48387096774194,47.48387096774192,31,64
862,1,51.484848484848484,47.212121212121204,33,64
863,1,51.45454545454546,47.333333333333336,33,64
864,1,51.50000000000001,47.411764705882355,34,64
865,1,51.70967741935483,47.41935483870969,31,62
866,1,51.53125000000001,47.24999999999999,32,62
867,1,51.575757575757585,47.33333333333333,33,62
868,1,51.575757575757585,47.33333333333333,33,62
869,1,51.57142857142858,47.228571428571435,35,64
870,1,51.437500000000014,47.343750000000014,32,62
871,1,51.42424242424243,47.24242424242425,33,62
872,1,51.42424242424243,47.24242424242425,33,62
873,1,51.65625000000001,47.09375000000001,32,62
874,1,51.71875,46.96875000000001,32,62
875,1,51.71875,46.96875000000001,32,62
876,1,51.676470588235304,46.67647058823529,34,64
877,1,51.84375000000001,46.56249999999999,32,64
878,1,51.84375000000001,46.56249999999999,32,64
879,1,52.00000000000002,46.67741935483871,31,64
880,1,51.87499999999999,46.65625,32,64
881,1,51.65714285714286,46.77142857142858,35,64
882,1,51.69444444444445,46.69444444444444,36,64
883,1,51.794117647058826,46.88235294117647,34,64
884,1,51.63636363636363,46.90909090909091,33,64
885,1,51.53125000000001,46.8125,32,62
886,1,51.5625,46.84374999999999,32,62
887,1,51.74999999999999,46.781249999999986,32,64
888,1,51.74193548387097,46.903225806451616,31,62
889,1,51.575757575757585,47.06060606060607,33,66
890,1,51.42857142857144,47.085714285714296,35,64
891,1,51.50000000000001,47.00000000000001,34,62
892,1,51.545454545454554,46.90909090909091,33,62
893,1,51.303030303030305,46.969696969696976,33,64
894,1,51.305555555555564,47.02777777777778,36,64
895,1,51.27272727272728,47.24242424242425,33,64
896,1,51.18750000000001,47.28125000000001,32,64
897,1,51.225806451612904,47.19354838709678,31,64
898,1,51.0909090909091,47.03030303030302,33,64
899,1,51.05882352941177,47.11764705882353,34,64
900,1,51.0909090909091,47.212121212121204,33,62
901,1,51.18750000000001,47.18750000000001,32,62
902,1,51.12499999999999,47.125,32,62
903,1,51,47.1764705882353,34,64
904,1,51.0909090909091,47.15151515151515,33,64
905,1,51.27272727272728,47.121212121212125,33,64
906,1,51.352941176470594,46.735294117647065,34,64
907,1,51.44117647058823,46.67647058823528,34,64
908,1,51.484848484848484,46.3939393939394,33,62
909,1,51.38235294117647,46.29411764705884,34,64
910,1,51.36363636363636,46.3939393939394,33,64
911,1,51.5,46.40625,32,64
912,1,51.599999999999994,46.37142857142858,35,66
913,1,51.64705882352942,46.294117647058826,34,66
914,1,51.63636363636364,46.424242424242415,33,64
915,1,51.666666666666664,46.575757575757585,33,62
916,1,51.75000000000001,46.62500000000001,32,62
917,1,51.60606060606061,46.606060606060616,33,64
918,1,51.42424242424243,46.57575757575758,33,62
919,1,51.352941176470594,46.50000000000001,34,64
920,1,51.42424242424243,46.57575757575758,33,62
921,1,51.57575757575758,46.57575757575758,33,62
922,1,51.62500000000001,46.50000000000001,32,62
923,1,51.63636363636363,46.3939393939394,33,64
924,1,51.63333333333334,46.36666666666667,30,58
925,1,51.84375000000001,46.375,32,60
926,1,51.81818181818182,46.27272727272727,33,62
927,1,51.727272727272734,46.36363636363636,33,62
928,1,51.687500000000014,46.43749999999999,32,62
929,1,51.727272727272734,46.36363636363636,33,62
930,1,51.84848484848486,46.27272727272727,33,62
931,1,52,46.18749999999999,32,62
932,1,52,46.21874999999999,32,62
933,1,51.575757575757585,46.33333333333333,33,62
934,1,51.5483870967742,46.451612903225815,31,62
935,1,51.42424242424243,46.454545454545446,33,64
936,1,51.42424242424243,46.454545454545446,33,64
937,1,51.24242424242425,46.45454545454545,33,66
938,1,51.18750000000001,46.65624999999999,32,64
939,1,51.09375000000001,46.718750000000014,32,64
940,1,51,46.6969696969697,33,64
941,1,51.09677419354839,46.774193548387096,31,64
942,1,51.12500000000002,46.59374999999999,32,64
943,1,51.12500000000002,46.59374999999999,32,64
944,1,51.151515151515156,46.515151515151516,33,64
945,1,51.27272727272728,46.363636363636374,33,62
946,1,51.15151515151515,46.27272727272728,33,62
947,1,51.212121212121204,46.33333333333333,33,64
948,1,51.11764705882353,46.35294117647059,34,64
949,1,51.18181818181819,46.27272727272728,33,62
950,1,51.18181818181819,46.27272727272728,33,62
951,1,51.15151515151515,46.4848484848485,33,62
952,1,51.15151515151515,46.4848484848485,33,62
953,1,51.24242424242425,46.30303030303031,33,62
954,1,51.45714285714286,46.25714285714287,35,64
955,1,51.45714285714286,46.25714285714287,35,64
956,1,51.39393939393939,46.2121212121212,33,64
957,1,51.46666666666667,45.966666666666654,30,62
958,1,51.58064516129033,45.93548387096772,31,62
959,1,51.68750000000001,45.874999999999986,32,64
960,1,51.49999999999999,45.99999999999999,32,62
961,1,51.093750000000014,45.93749999999999,32,62
962,1,51.125000000000014,46,32,62
963,1,51.11428571428572,45.742857142857154,35,64
964,1,50.81250000000001,45.718750000000014,32,62
965,1,50.82352941176471,45.82352941176471,34,64
966,1,50.91428571428572,45.800000000000004,35,64
967,1,50.88235294117647,45.88235294117647,34,64
968,1,50.903225806451616,45.967741935483865,31,62
969,1,51.00000000000002,45.90322580645163,31,62
970,1,50.833333333333336,45.96666666666667,30,62
971,1,50.93939393939393,46.06060606060606,33,64
972,1,50.78787878787879,46.0909090909091,33,62
973,1,50.82352941176471,45.88235294117647,34,64
974,1,50.970588235294116,45.70588235294116,34,64
975,1,50.970588235294116,45.70588235294116,34,64
976,1,50.99999999999999,45.73529411764706,34,64
977,1,50.9090909090909,45.78787878787879,33,62
978,1,50.82352941176471,45.82352941176471,34,62
979,1,50.82352941176471,45.82352941176471,34,62
980,1,50.84848484848486,45.727272727272734,33,62
981,1,50.741935483870975,45.61290322580646,31,60
982,1,50.794117647058826,45.6764705882353,34,66
983,1,50.80645161290324,45.612903225806456,31,62
984,1,50.84375000000001,45.71875000000001,32,64
985,1,50.81818181818181,45.757575757575765,33,64
986,1,50.73529411764706,45.735294117647044,34,64
987,1,50.74193548387098,46.064516129032256,31,62
988,1,50.67741935483872,46.00000000000001,31,62
989,1,50.63636363636363,45.90909090909091,33,64
990,1,50.58823529411766,46.00000000000001,34,64
991,1,50.545454545454554,45.90909090909091,33,62
992,1,50.32352941176471,46.08823529411765,34,64
993,1,50.24242424242425,46.121212121212125,33,64
994,1,50.25,46.375,32,64
995,1,50.16666666666667,46.36666666666667,30,62
996,1,49.90625,46.03125000000001,32,64
997,1,49.941176470588225,46.117647058823536,34,64
998,1,49.82352941176471,46.1764705882353,34,62
999,1,49.84375,46.062499999999986,32,64
1000,1,49.93939393939394,46.36363636363637,33,64
0,2,50.42424242424243,49.15151515151515,33,64
1,2,50.37500000000001,48.84375000000001,32,60
2,2,50.35294117647059,49.08823529411764,34,64
3,2,50.68571428571428,48.91428571428571,35,66
4,2,50.93548387096775,48.806451612903224,31,62
5,2,51.064516129032256,48.70967741935483,31,62
6,2,51.0625,48.59375,32,64
7,2,51.0625,48.59375,32,64
8,2,50.93939393939394,48.696969696969695,33,64
9,2,50.82352941176471,48.58823529411766,34,64
10,2,50.65714285714286,48.77142857142858,35,64
11,2,50.59375,48.68750000000001,32,64
12,2,50.55882352941177,48.55882352941176,34,64
13,2,50.60606060606061,48.484848484848484,33,62
14,2,50.42424242424243,48.57575757575758,33,62
15,2,50.50000000000001,48.5,34,64
16,2,50.393939393939384,48.75757575757576,33,64
17,2,50.375000000000014,48.65625,32,62
18,2,50.266666666666666,48.73333333333333,30,62
19,2,50.32258064516128,48.645161290322584,31,62
20,2,50.18181818181819,48.54545454545453,33,64
21,2,50.09677419354837,48.48387096774192,31,62
22,2,50.0909090909091,48.45454545454545,33,62
23,2,50.176470588235304,48.5,34,64
24,2,50.21212121212122,48.57575757575758,33,64
25,2,50.21875,48.65624999999999,32,64
26,2,50.187499999999986,48.75,32,62
27,2,50.333333333333336,49.09090909090909,33,64
28,2,50.34375000000001,48.84374999999999,32,62
29,2,50.45454545454546,48.606060606060616,33,64
30,2,50.53125,48.53125,32,62
31,2,50.294117647058826,48.50000000000001,34,62
32,2,50.294117647058826,48.50000000000001,34,62
33,2,50.303030303030305,48.57575757575758,33,64
34,2,50.15625000000001,48.65625,32,64
35,2,50.121212121212125,48.60606060606061,33,64
36,2,49.96969696969698,48.575757575757585,33,62
37,2,50.05882352941176,48.52941176470589,34,64
38,2,50.02857142857144,48.6,35,64
39,2,50.093750000000014,48.499999999999986,32,62
40,2,50.06060606060606,48.57575757575758,33,62
41,2,50.25806451612904,48.61290322580644,31,60
42,2,50.37500000000001,48.65624999999999,32,64
43,2,50.08823529411766,48.588235294117645,34,64
44,2,50.00000000000001,48.82352941176472,34,64
45,2,49.909090909090914,48.75757575757577,33,62
46,2,50.03333333333332,48.66666666666668,30,62
47,2,49.866666666666674,48.7,30,62
48,2,49.78125000000001,48.62499999999999,32,64
49,2,49.84848484848486,48.57575757575757,33,64
50,2,49.84848484848486,48.57575757575757,33,64
51,2,49.91176470588236,48.49999999999999,34,66
52,2,49.96666666666667,48.466666666666676,30,62
53,2,49.96666666666667,48.466666666666676,30,62
54,2,50.13333333333333,48.466666666666654,30,62
55,2,50.06250000000001,48.78125000000001,32,64
56,2,49.96875000000001,48.78125,32,66
57,2,49.81818181818183,48.666666666666664,33,64
58,2,49.81818181818183,48.666666666666664,33,64
59,2,49.75000000000001,48.5625,32,62
60,2,49.5483870967742,48.516129032258064,31,62
61,2,49.483870967741936,48.70967741935484,31,64
62,2,49.43750000000001,48.625,32,64
63,2,49.290322580645174,48.54838709677419,31,62
64,2,49.375,48.34375000000001,32,64
65,2,49.50000000000001,48.46666666666667,30,62
66,2,49.50000000000001,48.46666666666667,30,62
67,2,49.41935483870968,48.38709677419355,31,62
68,2,49.3125,48.375,32,62
69,2,49.3125,48.375,32,62
70,2,49.12500000000001,48.406250000000014,32,62
71,2,49.27272727272726,48.33333333333333,33,64
72,2,49.23529411764706,48.235294117647065,34,64
73,2,49.00000000000001,48.19354838709678,31,62
74,2,49.00000000000001,48.19354838709678,31,62
75,2,49.000000000000014,48,33,64
76,2,49.00000000000001,48.08823529411764,34,64
77,2,49.00000000000001,48,35,64
78,2,49.00000000000001,47.911764705882355,34,64
79,2,49.0909090909091,47.96969696969697,33,64
80,2,49.09677419354839,47.96774193548387,31,62
81,2,48.84375000000001,47.99999999999999,32,62
82,2,48.84848484848486,48.27272727272727,33,62
83,2,48.64705882352942,48.294117647058826,34,64
84,2,48.852941176470594,48.47058823529412,34,64
85,2,49.00000000000001,48.5,34,62
86,2,48.96875,48.65625000000001,32,62
87,2,48.96875,48.56250000000001,32,64
88,2,48.800000000000004,48.43333333333334,30,62
89,2,48.60000000000001,48.466666666666654,30,62
90,2,48.645161290322584,48.161290322580655,31,66
91,2,48.80000000000001,48.26666666666667,30,60
92,2,48.84375000000001,48.06250000000001,32,62
93,2,48.8529411764706,47.941176470588246,34,64
94,2,49.02777777777779,47.91666666666668,36,64
95,2,49.176470588235304,47.82352941176471,34,62
96,2,49.15151515151515,47.72727272727273,33,62
97,2,49.15151515151515,47.72727272727273,33,62
98,2,49.15625000000001,47.46875,32,62
99,2,49.187499999999986,47.656250000000014,32,64
100,2,49.342857142857135,47.77142857142858,35,64
101,2,49.29411764705882,47.852941176470594,34,64
102,2,49.27272727272726,47.606060606060616,33,64
103,2,49.42424242424243,47.69696969696969,33,64
104,2,49.545454545454554,47.575757575757585,33,64
105,2,49.352941176470594,47.411764705882355,34,64
106,2,49.21875000000001,47.43750000000001,32,62
107,2,49.21875000000001,47.43750000000001,32,62
108,2,49.176470588235304,47.17647058823528,34,62
109,2,49.212121212121204,47.090909090909086,33,62
110,2,49.176470588235304,47.17647058823528,34,62
111,2,49.176470588235304,47.17647058823528,34,62
112,2,49.0909090909091,47.15151515151514,33,62
113,2,49.24242424242425,47.212121212121225,33,64
114,2,49.15625000000001,47.218750000000014,32,64
115,2,49.151515151515156,46.9090909090909,33,64
116,2,49.314285714285724,46.82857142857143,35,64
117,2,49.2258064516129,46.645161290322584,31,62
118,2,49.41935483870968,46.51612903225806,31,64
119,2,49.25,46.6875,32,64
120,2,49.16129032258065,46.645161290322584,31,62
121,2,49.25,46.6875,32,64
122,2,49.16129032258065,46.645161290322584,31,62
123,2,48.96666666666666,46.63333333333334,30,62
124,2,48.90625,46.31249999999999,32,64
125,2,48.74999999999999,46.43750000000001,32,64
126,2,48.90625,46.06250000000001,32,64
127,2,48.870967741935495,46.16129032258065,31,62
128,2,48.866666666666674,46.33333333333333,30,62
129,2,48.84375000000001,46.56249999999999,32,64
130,2,48.599999999999994,46.599999999999994,35,66
131,2,48.545454545454554,46.66666666666667,33,64
132,2,48.49999999999999,46.5,34,64
133,2,48.49999999999999,46.5,34,64
134,2,48.55882352941176,46.35294117647058,34,64
135,2,48.484848484848484,46.60606060606061,33,62
136,2,48.51515151515153,46.75757575757576,33,64
137,2,48.58064516129033,46.93548387096775,31,62
138,2,48.38235294117647,46.94117647058824,34,64
139,2,48.470588235294116,47.05882352941176,34,64
140,2,48.61290322580645,46.83870967741937,31,62
141,2,48.62500000000001,46.9375,32,62
142,2,48.42424242424243,46.666666666666664,33,62
143,2,48.42424242424243,46.45454545454546,33,64
144,2,48.35483870967742,46.5483870967742,31,62
145,2,48.15625000000001,46.43749999999999,32,62
146,2,48.11428571428572,46.485714285714295,35,64
147,2,48.27272727272728,46.363636363636374,33,62
148,2,48.27272727272728,46.363636363636374,33,62
149,2,48.548387096774206,46.258064516129025,31,64
150,2,48.87096774193548,46.03225806451613,31,64
151,2,48.84848484848486,46.090909090909086,33,62
152,2,48.84848484848486,46.090909090909086,33,62
153,2,48.63333333333334,46.266666666666666,30,62
154,2,48.645161290322584,46.12903225806451,31,64
155,2,48.65625000000001,46.21874999999999,32,64
156,2,49.032258064516135,46.41935483870969,31,62
157,2,48.91176470588236,46.23529411764705,34,64
158,2,48.84375000000001,46.5625,32,62
159,2,48.84375000000001,46.625,32,64
160,2,48.741935483870975,46.54838709677419,31,62
161,2,48.91176470588236,46.411764705882355,34,64
162,2,49,46.26470588235294,34,66
163,2,49.02857142857143,46.171428571428564,35,66
164,2,49.06060606060607,46.121212121212125,33,66
165,2,49.352941176470594,46.32352941176471,34,64
166,2,49.290322580645174,46.25806451612903,31,62
167,2,49.34375000000001,46.34375,32,62
168,2,49.34375000000001,46.34375,32,62
169,2,49.34375000000001,46.34375,32,62
170,2,49.34375000000001,46.34375,32,62
171,2,49.40624999999999,46.34374999999999,32,64
172,2,49.40624999999999,46.34374999999999,32,64
173,2,49.40624999999999,46.34374999999999,32,64
174,2,49.40624999999999,46.34374999999999,32,64
175,2,49.42424242424243,46.272727272727266,33,64
176,2,49.34375000000001,46.21874999999999,32,64
177,2,49.34375000000001,46.21874999999999,32,64
178,2,49.606060606060616,46.24242424242424,33,64
179,2,49.42424242424243,46.24242424242425,33,62
180,2,49.40625,46.34375000000001,32,62
181,2,49.57142857142858,46.37142857142858,35,64
182,2,49.42857142857144,46.37142857142859,35,64
183,2,49.575757575757585,46.33333333333333,33,62
184,2,49.628571428571426,46.371428571428574,35,66
185,2,49.50000000000001,46.29411764705883,34,62
186,2,49.50000000000001,46.29411764705883,34,62
187,2,49.352941176470594,46.264705882352935,34,64
188,2,49.314285714285724,46.17142857142856,35,64
189,2,49.457142857142856,46.085714285714296,35,64
190,2,49.457142857142856,46.085714285714296,35,64
191,2,49.441176470588246,46.058823529411775,34,64
192,2,49.42424242424243,45.93939393939394,33,62
193,2,49.235294117647065,45.82352941176472,34,64
194,2,49.400000000000006,45.97142857142857,35,64
195,2,49.14705882352942,45.94117647058823,34,64
196,2,49.03225806451612,45.96774193548388,31,64
197,2,49.16129032258064,45.677419354838705,31,64
198,2,49.00000000000001,45.60606060606061,33,64
199,2,49.00000000000001,45.5,34,64
200,2,49.00000000000001,45.5,34,64
201,2,49.00000000000001,45.5,34,64
202,2,48.96969696969697,45.60606060606061,33,64
203,2,49.00000000000001,45.5,34,64
204,2,49.00000000000001,45.5,34,64
205,2,48.870967741935495,45.58064516129032,31,62
206,2,48.935483870967744,45.61290322580646,31,62
207,2,48.93333333333334,45.53333333333334,30,64
208,2,48.86666666666667,45.50000000000001,30,64
209,2,49.03125000000001,45.34375,32,64
210,2,49.030303030303045,45.363636363636374,33,64
211,2,49.030303030303045,45.363636363636374,33,64
212,2,49.057142857142864,45.42857142857143,35,64
213,2,48.91176470588236,45.029411764705884,34,64
214,2,48.96969696969698,44.90909090909091,33,64
215,2,49.03333333333334,45.16666666666667,30,62
216,2,49.121212121212125,45.151515151515156,33,64
217,2,49.00000000000001,44.861111111111114,36,66
218,2,49.0909090909091,44.81818181818182,33,64
219,2,49.03125000000001,44.74999999999999,32,64
220,2,48.939393939393945,44.75757575757576,33,64
221,2,48.939393939393945,44.75757575757576,33,64
222,2,48.735294117647065,44.61764705882352,34,66
223,2,48.96875,44.59375,32,64
224,2,48.96969696969698,44.66666666666667,33,64
225,2,48.909090909090914,44.545454545454554,33,62
226,2,49.03030303030303,44.575757575757585,33,62
227,2,49.0909090909091,44.45454545454545,33,62
228,2,49.0909090909091,44.45454545454545,33,62
229,2,48.94285714285715,44.428571428571416,35,64
230,2,49.029411764705884,44.3235294117647,34,64
231,2,49.062500000000014,44.15625,32,62
232,2,49.176470588235304,44.29411764705883,34,64
233,2,49.13888888888889,44.38888888888889,36,64
234,2,48.97058823529412,44.32352941176471,34,64
235,2,48.87096774193548,44.516129032258064,31,62
236,2,48.81250000000001,44.593750000000014,32,64
237,2,48.86666666666668,44.73333333333332,30,62
238,2,48.875,44.90624999999999,32,64
239,2,48.96969696969697,44.9090909090909,33,64
240,2,49.00000000000001,44.78125,32,62
241,2,49.44117647058823,44.76470588235294,34,64
242,2,49.300000000000004,44.43333333333333,30,60
243,2,49.21875,44.28125,32,64
244,2,49.38709677419356,44.45161290322581,31,64
245,2,49.48387096774194,44.48387096774193,31,62
246,2,49.645161290322584,44.58064516129033,31,62
247,2,49.6875,44.65625000000001,32,62
248,2,49.72727272727272,44.545454545454554,33,64
249,2,49.6875,44.46874999999999,32,64
250,2,49.56666666666667,44.63333333333335,30,62
251,2,49.77419354838709,44.612903225806456,31,64
252,2,49.74193548387096,44.70967741935484,31,64
253,2,49.6969696969697,44.75757575757575,33,62
254,2,49.617647058823536,44.82352941176472,34,64
255,2,49.58823529411766,44.76470588235294,34,64
256,2,49.470588235294116,44.94117647058824,34,64
257,2,49.46875000000001,44.93749999999999,32,62
258,2,49.42424242424243,44.848484848484844,33,64
259,2,49.40625,44.65625000000001,32,62
260,2,49.31249999999999,44.84375000000001,32,62
261,2,49.24242424242424,44.81818181818182,33,66
262,2,49,44.875,32,62
263,2,49.11764705882353,44.73529411764706,34,66
264,2,49.32352941176471,44.79411764705883,34,66
265,2,49.47222222222223,44.80555555555555,36,66
266,2,49.51428571428573,44.88571428571429,35,64
267,2,49.484848484848484,44.90909090909091,33,62
268,2,49.484848484848484,44.90909090909091,33,62
269,2,49.290322580645174,44.83870967741936,31,64
270,2,49.38709677419355,44.93548387096775,31,62
271,2,49.545454545454554,44.84848484848486,33,64
272,2,49.59375000000001,44.74999999999999,32,64
273,2,49.757575757575765,44.696969696969695,33,62
274,2,49.939393939393945,44.57575757575759,33,62
275,2,49.99999999999999,44.5294117647059,34,66
276,2,49.84848484848486,44.454545454545446,33,64
277,2,49.75000000000001,44.49999999999999,32,62
278,2,49.75000000000001,44.49999999999999,32,62
279,2,49.82352941176471,44.41176470588236,34,64
280,2,49.65714285714286,44.22857142857143,35,64
281,2,49.69444444444445,44.305555555555564,36,64
282,2,49.44117647058823,44.470588235294116,34,64
283,2,49.882352941176485,44.41176470588236,34,64
284,2,50.02777777777779,44.305555555555564,36,64
285,2,50.176470588235304,44.55882352941177,34,64
286,2,50.11764705882353,44.35294117647059,34,64
287,2,49.78787878787879,44.42424242424243,33,64
288,2,49.77142857142857,44.371428571428574,35,64
289,2,49.757575757575765,44.24242424242425,33,64
290,2,49.909090909090914,44.33333333333334,33,64
291,2,50.187499999999986,44.28125,32,62
292,2,49.909090909090914,44.24242424242424,33,62
293,2,49.909090909090914,44.303030303030305,33,62
294,2,49.909090909090914,44.45454545454545,33,64
295,2,49.84375000000001,44.625000000000014,32,60
296,2,49.71875,44.75,32,62
297,2,49.64516129032259,44.838709677419345,31,64
298,2,49.94117647058824,44.91176470588234,34,64
299,2,49.97058823529412,44.91176470588235,34,64
300,2,50.05714285714286,44.942857142857136,35,64
301,2,49.81249999999999,44.875,32,62
302,2,49.82352941176471,44.82352941176471,34,62
303,2,49.6969696969697,44.72727272727272,33,64
304,2,49.6969696969697,44.72727272727272,33,64
305,2,49.67741935483871,44.74193548387096,31,64
306,2,49.687500000000014,44.8125,32,64
307,2,49.60606060606061,44.81818181818182,33,64
308,2,49.60000000000001,45.00000000000001,35,64
309,2,49.50000000000001,45.00000000000001,34,62
310,2,49.45454545454546,45.09090909090909,33,62
311,2,49.51515151515153,45.0909090909091,33,62
312,2,49.484848484848484,44.90909090909091,33,62
313,2,49.53125000000001,44.8125,32,62
314,2,49.38235294117647,44.94117647058824,34,64
315,2,49.21875,44.90625000000001,32,64
316,2,49.27272727272728,44.727272727272734,33,64
317,2,49.05882352941176,44.91176470588234,34,64
318,2,49.05882352941176,44.91176470588234,34,64
319,2,49.05882352941176,44.91176470588234,34,64
320,2,49.00000000000001,45.000000000000014,35,64
321,2,49.00000000000002,45.22580645161291,31,62
322,2,49.00000000000002,45.22580645161291,31,62
323,2,49.03125000000001,45.12499999999999,32,64
324,2,49.21875,45.21874999999999,32,62
325,2,49.303030303030305,45.272727272727266,33,64
326,2,49.3125,45.531249999999986,32,62
327,2,49.294117647058826,45.617647058823536,34,64
328,2,49.24242424242425,45.6969696969697,33,62
329,2,49.193548387096776,45.54838709677419,31,60
330,2,49.06060606060606,45.57575757575758,33,62
331,2,49.00000000000001,45.5,34,62
332,2,49.00000000000001,45.5,34,62
333,2,49.24242424242425,45.575757575757585,33,62
334,2,49.24242424242425,45.575757575757585,33,62
335,2,49.400000000000006,45.314285714285724,35,64
336,2,49.32352941176471,45.23529411764707,34,64
337,2,49.457142857142856,45.2,35,64
338,2,49.60000000000001,45.314285714285724,35,64
339,2,49.42857142857144,45.37142857142859,35,64
340,2,49.06250000000001,45.375,32,66
341,2,48.96774193548387,45.61290322580646,31,66
342,2,48.85294117647059,45.294117647058826,34,64
343,2,48.45454545454546,45.21212121212121,33,62
344,2,48.290322580645174,45.29032258064515,31,60
345,2,48.38235294117647,45.02941176470588,34,64
346,2,48.50000000000001,44.875,32,62
347,2,48.37500000000001,45.03125000000001,32,62
348,2,48.21875,45.06249999999999,32,62
349,2,48.12500000000001,44.90624999999998,32,62
350,2,48.26470588235295,44.911764705882334,34,64
351,2,48.18181818181819,44.969696969696955,33,62
352,2,48.176470588235304,45,34,64
353,2,48.303030303030305,44.757575757575765,33,62
354,2,48.303030303030305,44.757575757575765,33,62
355,2,48.205882352941174,44.735294117647065,34,64
356,2,48.27272727272728,44.81818181818182,33,62
357,2,48.18181818181819,44.66666666666666,33,64
358,2,48.26470588235295,44.735294117647065,34,64
359,2,48.12500000000001,44.62500000000001,32,64
360,2,47.93939393939394,44.75757575757575,33,64
361,2,48.08571428571429,44.857142857142854,35,64
362,2,47.94285714285716,44.8857142857143,35,64
363,2,47.885714285714286,44.942857142857136,35,64
364,2,47.94285714285716,45.11428571428572,35,64
365,2,48,45.1764705882353,34,64
366,2,48.303030303030305,45.33333333333335,33,64
367,2,48.36363636363637,45.36363636363637,33,64
368,2,48.56250000000001,45.3125,32,64
369,2,48.55882352941177,45.23529411764706,34,64
370,2,48.44117647058824,45.32352941176471,34,64
371,2,48.34375000000001,45.43750000000001,32,62
372,2,48.5,45.18749999999999,32,62
373,2,48.73333333333334,45.26666666666667,30,64
374,2,48.67741935483872,45.38709677419355,31,64
375,2,48.5625,45.46874999999999,32,64
376,2,48.80645161290324,45.225806451612904,31,62
377,2,48.81250000000001,45.25,32,62
378,2,48.96875,45.3125,32,62
379,2,49.16129032258065,45.483870967741936,31,62
380,2,49.133333333333326,45.366666666666674,30,64
381,2,49.09375000000001,45.15624999999999,32,64
382,2,49.18750000000001,45.12500000000001,32,62
383,2,49.18181818181819,45.24242424242424,33,64
384,2,49.18750000000001,45.12500000000001,32,62
385,2,49.176470588235304,45.17647058823528,34,62
386,2,49.08571428571429,45.142857142857146,35,64
387,2,49.05882352941176,45.05882352941177,34,64
388,2,49.212121212121204,45.03030303030304,33,64
389,2,49.6875,44.90625000000001,32,62
390,2,49.970588235294116,44.76470588235294,34,64
391,2,49.8235294117647,44.558823529411775,34,66
392,2,49.727272727272734,44.51515151515152,33,64
393,2,49.82352941176471,44.50000000000001,34,64
394,2,50.27272727272728,44.303030303030305,33,64
395,2,50.08823529411766,44.17647058823528,34,64
396,2,49.87096774193548,44.19354838709676,31,62
397,2,49.84375000000001,44.28125,32,62
398,2,49.78125,44.25000000000001,32,64
399,2,49.5483870967742,44.16129032258065,31,64
400,2,49.36666666666667,43.96666666666667,30,62
401,2,49.33333333333333,44.03030303030303,33,64
402,2,49.26666666666667,43.96666666666667,30,60
403,2,49.19354838709677,44.03225806451613,31,62
404,2,49.12500000000001,44.09374999999999,32,62
405,2,49.18181818181819,44.03030303030302,33,62
406,2,49.032258064516135,43.806451612903224,31,64
407,2,49.032258064516135,43.806451612903224,31,64
408,2,49.15625,43.937499999999986,32,62
409,2,49.34285714285715,44.05714285714284,35,64
410,2,49.303030303030305,43.90909090909091,33,62
411,2,49.3235294117647,43.97058823529411,34,64
412,2,49.43750000000001,44,32,62
413,2,49.46875000000001,43.75000000000001,32,64
414,2,49.699999999999996,43.70000000000001,30,64
415,2,49.96774193548387,43.67741935483871,31,66
416,2,49.96969696969698,43.81818181818182,33,62
417,2,50.00000000000001,43.828571428571436,35,64
418,2,49.91666666666667,43.972222222222214,36,64
419,2,49.81250000000001,44.25,32,62
420,2,49.96969696969696,44.121212121212125,33,64
421,2,50.05714285714286,44.05714285714285,35,64
422,2,50.00000000000001,44.26470588235294,34,62
423,2,50.02777777777779,44.083333333333336,36,64
424,2,49.97058823529412,44.08823529411765,34,64
425,2,50.00000000000001,44.171428571428564,35,64
426,2,50.0909090909091,44.303030303030305,33,62
427,2,50.00000000000001,44.26470588235294,34,62
428,2,50.00000000000001,44.26470588235294,34,62
429,2,50.15625000000001,44.3125,32,62
430,2,50.15151515151515,44.21212121212121,33,64
431,2,50.15151515151515,44.27272727272728,33,62
432,2,50.24242424242425,44.30303030303031,33,62
433,2,50.23529411764706,44.205882352941174,34,64
434,2,50.25714285714287,44.114285714285714,35,64
435,2,50.342857142857135,43.942857142857136,35,64
436,2,50.41176470588234,43.882352941176464,34,64
437,2,50.46875000000001,44.03124999999999,32,64
438,2,50.46666666666668,43.83333333333332,30,62
439,2,50.67741935483871,43.80645161290323,31,64
440,2,50.774193548387096,43.90322580645162,31,62
441,2,50.774193548387096,43.90322580645162,31,62
442,2,50.71875000000001,43.843750000000014,32,62
443,2,50.676470588235304,43.73529411764705,34,64
444,2,50.676470588235304,43.73529411764705,34,64
445,2,50.65625,43.750000000000014,32,64
446,2,50.64705882352942,43.588235294117645,34,64
447,2,50.6969696969697,43.515151515151516,33,64
448,2,50.575757575757585,43.666666666666664,33,62
449,2,50.55882352941176,43.55882352941177,34,64
450,2,50.51428571428573,43.4,35,64
451,2,50.58064516129032,43.58064516129033,31,62
452,2,50.5483870967742,43.35483870967743,31,62
453,2,50.5483870967742,43.35483870967743,31,62
454,2,50.727272727272734,43.393939393939405,33,64
455,2,50.87096774193548,43.258064516129025,31,62
456,2,50.78124999999999,43.28125000000001,32,62
457,2,50.80645161290324,43.19354838709678,31,62
458,2,50.5625,43.125,32,62
459,2,50.545454545454554,43.21212121212121,33,62
460,2,50.42424242424243,43.24242424242425,33,62
461,2,50.411764705882355,43.23529411764707,34,64
462,2,50.36363636363636,43.42424242424242,33,64
463,2,50.45454545454546,43.515151515151516,33,64
464,2,50.34375000000001,43.53125,32,62
465,2,50.34375000000001,43.53125,32,62
466,2,50,43.6969696969697,33,64
467,2,49.97222222222222,43.63888888888889,36,66
468,2,50.03030303030303,43.575757575757585,33,62
469,2,50.14705882352941,43.558823529411775,34,64
470,2,50.14705882352941,43.558823529411775,34,64
471,2,50,43.42424242424242,33,66
472,2,50.125000000000014,43.40624999999999,32,64
473,2,50.000000000000014,43.41935483870967,31,62
474,2,50.093750000000014,43.3125,32,64
475,2,50.11764705882353,43.44117647058823,34,66
476,2,50.181818181818194,43.48484848484848,33,66
477,2,50.20588235294118,43.55882352941176,34,66
478,2,50.27272727272728,43.63636363636364,33,66
479,2,50.352941176470594,43.64705882352941,34,64
480,2,50.352941176470594,43.64705882352941,34,64
481,2,50.39393939393939,43.696969696969695,33,64
482,2,50.5,43.65625000000001,32,64
483,2,50.575757575757585,43.57575757575757,33,64
484,2,50.294117647058826,43.50000000000001,34,62
485,2,50.375000000000014,43.71875,32,64
486,2,50.53333333333334,43.566666666666656,30,64
487,2,50.63333333333334,43.533333333333346,30,60
488,2,50.62500000000001,43.37499999999999,32,62
489,2,50.6969696969697,43.454545454545446,33,64
490,2,50.64516129032259,43.61290322580646,31,62
491,2,50.6764705882353,43.5,34,64
492,2,50.62500000000001,43.62499999999999,32,64
493,2,50.60606060606061,43.42424242424242,33,64
494,2,50.5483870967742,43.38709677419356,31,64
495,2,50.51612903225807,43.80645161290324,31,62
496,2,50.51515151515153,43.90909090909091,33,62
497,2,50.51515151515153,43.90909090909091,33,62
498,2,50.33333333333333,43.84848484848486,33,64
499,2,50.50000000000001,44,34,62
500,2,50.41176470588235,43.91176470588236,34,64
501,2,50.28571428571429,44.05714285714286,35,64
502,2,50.23529411764706,44.117647058823536,34,64
503,2,50.0625,44.15625000000001,32,62
504,2,50.121212121212125,44.09090909090909,33,64
505,2,50.121212121212125,44.09090909090909,33,64
506,2,49.91176470588236,44.23529411764705,34,64
507,2,49.81818181818183,44.212121212121204,33,64
508,2,49.71428571428572,44.22857142857143,35,66
509,2,49.794117647058826,44.29411764705883,34,64
510,2,49.82352941176471,44.35294117647059,34,64
511,2,49.96969696969698,44.39393939393939,33,64
512,2,49.971428571428575,44.400000000000006,35,64
513,2,49.971428571428575,44.400000000000006,35,64
514,2,50.00000000000001,44.5,34,62
515,2,49.939393939393945,44.42424242424242,33,62
516,2,49.939393939393945,44.42424242424242,33,62
517,2,49.84375000000001,44.4375,32,62
518,2,49.687500000000014,44.34375,32,64
519,2,49.46875,44.3125,32,64
520,2,49.57575757575758,44.36363636363637,33,66
521,2,49.727272727272734,44.36363636363636,33,62
522,2,49.727272727272734,44.36363636363636,33,62
523,2,50.00000000000001,44.26470588235294,34,62
524,2,49.93548387096774,44.32258064516128,31,62
525,2,49.878787878787875,44.303030303030305,33,64
526,2,49.878787878787875,44.303030303030305,33,64
527,2,49.906250000000014,44.40625,32,62
528,2,50.06249999999999,44.31249999999999,32,64
529,2,50.17142857142857,44.31428571428572,35,64
530,2,50.15151515151515,44.27272727272728,33,62
531,2,50.176470588235304,44.17647058823528,34,62
532,2,50.235294117647065,44.1764705882353,34,64
533,2,50.314285714285724,44.400000000000006,35,64
534,2,50.323529411764696,44.470588235294116,34,66
535,2,50.40624999999999,44.375,32,62
536,2,50.333333333333336,44.242424242424235,33,62
537,2,50.333333333333336,44.242424242424235,33,62
538,2,50.333333333333336,44.242424242424235,33,62
539,2,50.42424242424242,44.42424242424242,33,64
540,2,50.53125,44.4375,32,64
541,2,50.46875000000001,44.40625000000001,32,64
542,2,50.46875000000001,44.40625000000001,32,64
543,2,50.37142857142858,44.257142857142846,35,66
544,2,50.529411764705884,44.352941176470594,34,64
545,2,50.6969696969697,44.36363636363637,33,64
546,2,50.60606060606061,44.39393939393939,33,64
547,2,50.5,44.375,32,62
548,2,50.375000000000014,44.5,32,62
549,2,50.21875,44.43749999999999,32,64
550,2,50.1290322580645,44.35483870967741,31,66
551,2,50.19354838709678,44.67741935483872,31,62
552,2,50.19354838709678,44.67741935483872,31,62
553,2,50.09375000000001,44.656250000000014,32,62
554,2,50.15151515151515,44.72727272727273,33,62
555,2,49.941176470588246,44.76470588235295,34,64
556,2,49.939393939393945,44.57575757575759,33,62
557,2,50.00000000000001,44.41176470588235,34,64
558,2,49.909090909090914,44.45454545454545,33,62
559,2,50.00000000000002,44.483870967741936,31,62
560,2,49.941176470588246,44.52941176470589,34,64
561,2,50.06250000000001,44.37500000000001,32,64
562,2,50.00000000000001,44.28125000000001,32,62
563,2,50.00000000000001,44.28125000000001,32,62
564,2,50.0909090909091,44.24242424242425,33,62
565,2,50.228571428571435,44.42857142857142,35,64
566,2,50.176470588235304,44.35294117647059,34,64
567,2,50.20588235294119,44.294117647058826,34,64
568,2,50.20588235294119,44.294117647058826,34,64
569,2,50.4375,44.40625,32,64
570,2,50.375,44.3125,32,64
571,2,50.375,44.3125,32,64
572,2,50.24242424242426,44.39393939393939,33,66
573,2,50.181818181818194,44.333333333333336,33,66
574,2,50.03125000000001,44.34375000000001,32,62
575,2,50.03125000000001,44.34375000000001,32,62
576,2,49.88235294117647,44.38235294117648,34,64
577,2,49.909090909090914,44.545454545454554,33,62
578,2,49.6969696969697,44.57575757575759,33,64
579,2,49.6969696969697,44.57575757575759,33,64
580,2,49.885714285714286,44.51428571428573,35,64
581,2,50.000000000000014,44.258064516129025,31,62
582,2,50.000000000000014,44.258064516129025,31,62
583,2,49.90322580645161,44.032258064516135,31,64
584,2,50.000000000000014,44.096774193548384,31,64
585,2,49.93548387096774,43.870967741935495,31,64
586,2,50.121212121212125,43.51515151515151,33,64
587,2,50.21875,43.53125,32,62
588,2,50.21875,43.53125,32,62
589,2,50.27272727272728,43.60606060606061,33,64
590,2,50.25806451612904,43.80645161290322,31,62
591,2,50.24242424242425,43.81818181818182,33,64
592,2,50.34375000000001,43.84374999999999,32,62
593,2,50.53124999999999,43.78125000000001,32,64
594,2,50.333333333333336,43.93939393939392,33,64
595,2,50.264705882352935,44,34,64
596,2,50.228571428571435,44.08571428571429,35,64
597,2,50.25714285714287,44.114285714285714,35,64
598,2,50.176470588235304,44.088235294117645,34,64
599,2,50.029411764705884,44.23529411764705,34,64
600,2,50.0909090909091,44.15151515151514,33,62
601,2,50.00000000000001,44.18749999999999,32,62
602,2,50.24242424242425,44.27272727272729,33,64
603,2,50.17142857142857,43.97142857142857,35,64
604,2,50.17142857142857,43.97142857142857,35,64
605,2,50.14705882352941,43.88235294117647,34,64
606,2,49.99999999999999,43.72727272727272,33,64
607,2,49.939393939393945,43.66666666666668,33,62
608,2,49.93548387096775,43.645161290322584,31,60
609,2,50.00000000000001,43.5,32,62
610,2,49.5625,43.65624999999999,32,62
611,2,49.60000000000001,43.714285714285715,35,64
612,2,49.676470588235304,43.647058823529406,34,64
613,2,49.69444444444445,43.69444444444444,36,64
614,2,49.65625,44.00000000000001,32,62
615,2,49.31249999999999,43.68749999999999,32,66
616,2,49.33333333333334,43.73333333333334,30,64
617,2,49.24242424242424,43.54545454545455,33,64
618,2,49.151515151515156,43.454545454545446,33,64
619,2,49.1764705882353,43.55882352941177,34,64
620,2,49.25714285714286,43.542857142857144,35,64
621,2,49.26470588235295,43.64705882352942,34,64
622,2,49.26470588235295,43.64705882352942,34,64
623,2,49.3235294117647,43.61764705882353,34,64
624,2,49.3235294117647,43.61764705882353,34,64
625,2,49.26470588235295,43.44117647058822,34,64
626,2,49.05714285714286,43.285714285714285,35,64
627,2,49.15151515151515,43.151515151515156,33,62
628,2,49.15625000000001,43.24999999999999,32,62
629,2,49.12903225806452,43.3225806451613,31,62
630,2,49.06451612903226,43.451612903225815,31,64
631,2,49.00000000000001,43.68749999999999,32,64
632,2,49.0909090909091,43.66666666666666,33,64
633,2,49.058823529411754,43.38235294117647,34,64
634,2,49.25,43.34375,32,64
635,2,49.3125,43.46874999999999,32,64
636,2,49.375000000000014,43.5,32,62
637,2,49.25806451612904,43.64516129032259,31,60
638,2,49.16129032258063,43.58064516129033,31,62
639,2,48.96969696969698,43.575757575757585,33,62
640,2,48.78787878787879,43.454545454545446,33,64
641,2,48.78787878787881,43.45454545454545,33,66
642,2,48.96875,43.65625000000001,32,62
643,2,49.06060606060606,43.75757575757576,33,64
644,2,49.03125000000001,43.65625000000001,32,62
645,2,48.909090909090914,43.515151515151516,33,62
646,2,48.90322580645162,43.45161290322581,31,62
647,2,48.885714285714286,43.314285714285724,35,64
648,2,48.81818181818183,43.39393939393939,33,64
649,2,48.81818181818183,43.36363636363637,33,64
650,2,48.741935483870975,43.516129032258064,31,62
651,2,48.909090909090914,43.515151515151516,33,62
652,2,49.058823529411754,43.38235294117647,34,64
653,2,49.0909090909091,43.00000000000001,33,64
654,2,49.03225806451612,43.09677419354839,31,64
655,2,49.0909090909091,43.27272727272728,33,64
656,2,49.05882352941176,43.08823529411764,34,64
657,2,49.05882352941176,43.08823529411764,34,64
658,2,49.093750000000014,42.9375,32,64
659,2,49.193548387096776,43.00000000000001,31,62
660,2,49.12500000000001,42.90625000000001,32,64
661,2,49.08823529411766,43.05882352941177,34,64
662,2,49.00000000000001,43.08823529411764,34,64
663,2,49.03030303030303,43.18181818181818,33,64
664,2,49.00000000000001,43,35,64
665,2,49.093750000000014,43.28124999999999,32,62
666,2,49.34375000000001,43.15625000000001,32,62
667,2,49.333333333333336,43.242424242424235,33,62
668,2,49.333333333333336,43.242424242424235,33,62
669,2,49.28125,43.3125,32,62
670,2,49.323529411764696,43.14705882352941,34,64
671,2,49.28571428571429,43.05714285714286,35,64
672,2,49.38235294117647,43.05882352941176,34,64
673,2,49.28571428571429,43.05714285714286,35,64
674,2,49.305555555555564,42.97222222222222,36,64
675,2,49.228571428571435,42.91428571428571,35,64
676,2,49.38235294117647,43.088235294117645,34,64
677,2,49.35483870967742,43.03225806451613,31,62
678,2,49.33333333333333,43.03030303030303,33,64
679,2,49.37142857142857,43.228571428571406,35,64
680,2,49.3235294117647,42.97058823529411,34,64
681,2,49.4,42.966666666666654,30,62
682,2,49.656250000000014,43.093750000000014,32,64
683,2,49.54838709677419,42.935483870967744,31,62
684,2,49.54838709677419,42.935483870967744,31,62
685,2,49.48484848484848,42.757575757575765,33,64
686,2,49.5,42.67647058823529,34,64
687,2,49.51515151515153,42.6060606060606,33,64
688,2,49.60606060606061,42.66666666666668,33,64
689,2,49.5,42.67647058823529,34,64
690,2,49.5,42.8235294117647,34,64
691,2,49.37499999999999,42.875,32,64
692,2,49.39393939393939,42.81818181818181,33,64
693,2,49.54545454545455,42.757575757575765,33,64
694,2,49.27272727272726,42.51515151515151,33,64
695,2,49.15625000000001,42.249999999999986,32,64
696,2,49.33333333333334,42.166666666666664,30,62
697,2,49.75000000000001,42.15625,32,64
698,2,49.787878787878796,42.18181818181819,33,64
699,2,49.70588235294118,42.205882352941174,34,64
700,2,49.909090909090914,42.45454545454545,33,62
701,2,49.909090909090914,42.45454545454545,33,62
702,2,49.939393939393945,42.57575757575758,33,64
703,2,49.852941176470594,42.61764705882353,34,64
704,2,49.96875,42.65625000000001,32,62
705,2,49.90909090909091,42.72727272727273,33,64
706,2,49.90909090909091,42.72727272727273,33,64
707,2,49.96875,42.65625000000001,32,62
708,2,49.96875,42.65625000000001,32,62
709,2,49.90625000000001,42.656250000000014,32,64
710,2,49.87878787878789,42.575757575757585,33,64
711,2,49.79411764705882,42.61764705882353,34,66
712,2,49.96969696969698,42.575757575757585,33,62
713,2,49.87878787878788,42.75757575757576,33,66
714,2,49.909090909090914,42.87878787878787,33,64
715,2,49.71875,42.875,32,64
716,2,50.00000000000001,42.99999999999999,37,64
717,2,50.235294117647065,43,34,66
718,2,50.42424242424243,43.15151515151514,33,64
719,2,50.470588235294116,43.05882352941176,34,64
720,2,50.24242424242424,43.21212121212121,33,64
721,2,50.235294117647065,43.1764705882353,34,64
722,2,50.151515151515156,43.21212121212122,33,64
723,2,49.99999999999999,43.09375,32,64
724,2,50.06451612903226,43,31,62
725,2,50.15625000000001,42.9375,32,62
726,2,50.15151515151515,42.9090909090909,33,64
727,2,50.00000000000001,43.000000000000014,35,64
728,2,49.96875,42.906249999999986,32,62
729,2,50.15151515151515,42.84848484848485,33,62
730,2,50.11764705882353,42.764705882352935,34,64
731,2,50.187499999999986,42.75,32,62
732,2,50.032258064516135,42.580645161290334,31,62
733,2,49.96969696969696,42.606060606060616,33,64
734,2,50.15151515151514,42.60606060606061,33,64
735,2,50.00000000000001,42.50000000000001,34,62
736,2,50.032258064516135,42.451612903225815,31,62
737,2,49.96875,42.5625,32,64
738,2,49.81250000000001,42.687500000000014,32,62
739,2,49.575757575757585,42.303030303030305,33,66
740,2,49.5,42.06250000000001,32,64
741,2,49.290322580645174,41.87096774193548,31,64
742,2,49.19354838709678,41.99999999999999,31,62
743,2,49.125,42.21875000000001,32,64
744,2,49.26666666666667,42.13333333333333,30,60
745,2,49.29032258064517,42.25806451612903,31,62
746,2,49.53125000000001,42.375,32,64
747,2,49.51612903225807,42.25806451612904,31,62
748,2,49.46875000000001,42.34374999999999,32,64
749,2,49.31249999999999,42.15625,32,64
750,2,49.14705882352941,42.117647058823536,34,66
751,2,49.0909090909091,42.09090909090909,33,64
752,2,49.03125000000001,42,32,64
753,2,48.885714285714286,41.97142857142858,35,66
754,2,48.87096774193548,42.25806451612902,31,64
755,2,48.87096774193548,42.09677419354838,31,64
756,2,48.93333333333334,42.23333333333333,30,64
757,2,48.84375000000001,42.18749999999999,32,66
758,2,48.73529411764706,42.29411764705883,34,66
759,2,48.78787878787879,42.39393939393939,33,64
760,2,48.72413793103449,42.37931034482759,29,62
761,2,48.733333333333334,42.26666666666665,30,62
762,2,48.73529411764706,42.352941176470594,34,66
763,2,48.81249999999999,42.34375,32,64
764,2,48.91176470588236,42.411764705882355,34,64
765,2,49.03125000000001,42.34374999999999,32,62
766,2,48.93548387096775,42.35483870967741,31,62
767,2,48.75862068965518,42.206896551724135,29,60
768,2,48.866666666666674,42.06666666666668,30,64
769,2,48.875,42.3125,32,64
770,2,48.83870967741936,42.19354838709677,31,64
771,2,48.52941176470587,42.17647058823529,34,66
772,2,48.542857142857144,42.25714285714285,35,66
773,2,48.51515151515153,42.27272727272727,33,64
774,2,48.39393939393939,42.33333333333333,33,64
775,2,48.4375,42.40625,32,64
776,2,48.366666666666674,42.26666666666667,30,62
777,2,48.39285714285715,42.10714285714286,28,62
778,2,48.29032258064515,42.354838709677416,31,62
779,2,48.37500000000001,42.34374999999999,32,62
780,2,48.28125,42.28124999999999,32,64
781,2,48.16129032258065,42.29032258064515,31,62
782,2,48.0909090909091,42.45454545454545,33,62
783,2,48.00000000000001,42.50000000000001,34,62
784,2,48.0909090909091,42.515151515151516,33,62
785,2,48.181818181818194,42.75757575757577,33,64
786,2,48.290322580645174,42.93548387096775,31,62
787,2,48.28125,42.90625,32,64
788,2,48.31249999999999,42.8125,32,66
789,2,48.35483870967742,42.93548387096774,31,62
790,2,48.15151515151515,42.84848484848485,33,62
791,2,47.941176470588246,42.8529411764706,34,64
792,2,48.00000000000001,42.77142857142859,35,64
793,2,48.000000000000014,42.727272727272734,33,64
794,2,48.05882352941176,42.52941176470588,34,66
795,2,47.82352941176471,42.76470588235294,34,64
796,2,48.0909090909091,42.515151515151516,33,62
797,2,48.176470588235304,42.441176470588225,34,64
798,2,48.15625000000001,42.46875,32,64
799,2,48.06451612903226,42.54838709677419,31,62
800,2,48.114285714285714,42.31428571428573,35,64
801,2,48.393939393939384,42.15151515151516,33,64
802,2,48.44117647058823,42.05882352941177,34,66
803,2,48.264705882352935,42,34,64
804,2,48.15151515151515,41.939393939393945,33,64
805,2,47.971428571428575,41.82857142857143,35,64
806,2,47.885714285714286,41.885714285714286,35,64
807,2,47.875,41.81249999999999,32,62
808,2,47.718750000000014,42.09375000000001,32,64
809,2,47.61290322580646,42.09677419354839,31,62
810,2,47.6969696969697,41.72727272727273,33,64
811,2,47.6969696969697,41.72727272727273,33,64
812,2,47.735294117647065,41.999999999999986,34,62
813,2,47.8125,41.84374999999999,32,62
814,2,47.8125,41.84374999999999,32,62
815,2,47.8125,41.84374999999999,32,62
816,2,47.71875000000001,42.093750000000014,32,64
817,2,47.63636363636363,42.06060606060606,33,64
818,2,47.48387096774194,42.22580645161291,31,62
819,2,47.53125000000001,42.31250000000001,32,62
820,2,47.62500000000001,42.1875,32,64
821,2,47.69999999999999,42.300000000000004,30,64
822,2,47.70967741935483,42.19354838709678,31,64
823,2,47.74999999999999,42.34375,32,64
824,2,47.909090909090914,42.51515151515151,33,64
825,2,47.757575757575765,42.3939393939394,33,64
826,2,47.83870967741935,42.19354838709678,31,62
827,2,48.09090909090909,42.15151515151515,33,64
828,2,48.25714285714286,42.11428571428572,35,64
829,2,48.25714285714286,42.11428571428572,35,64
830,2,48.15625,41.937499999999986,32,62
831,2,48.14705882352941,41.91176470588234,34,64
832,2,48.28124999999999,41.656250000000014,32,62
833,2,48.242424242424235,41.42424242424242,33,64
834,2,48.14705882352942,41.41176470588236,34,64
835,2,48.333333333333336,41.333333333333336,33,64
836,2,48.3125,41.09375,32,64
837,2,48.50000000000001,41.03125000000001,32,64
838,2,48.205882352941174,40.941176470588225,34,64
839,2,48.11764705882353,40.852941176470594,34,64
840,2,48.11764705882353,40.852941176470594,34,64
841,2,48.4,40.833333333333336,30,62
842,2,48.31249999999999,40.65625000000001,32,62
843,2,48.19354838709677,40.6774193548387,31,62
844,2,48.09375000000001,40.6875,32,62
845,2,48.18750000000001,40.71875,32,64
846,2,48.27272727272728,40.75757575757576,33,64
847,2,48.27272727272728,40.81818181818182,33,62
848,2,48.32352941176471,40.91176470588235,34,64
849,2,48.36363636363636,40.99999999999999,33,64
850,2,48.42424242424243,41.03030303030303,33,62
851,2,48.606060606060616,41.090909090909086,33,66
852,2,48.457142857142856,41.085714285714296,35,64
853,2,48.457142857142856,41.2,35,64
854,2,48.314285714285724,41.17142857142856,35,64
855,2,48.3888888888889,41.13888888888888,36,64
856,2,48.375000000000014,41.34374999999999,32,62
857,2,48.34375000000001,41.43750000000001,32,62
858,2,48.176470588235304,41.35294117647059,34,64
859,2,48.11764705882353,41.23529411764705,34,64
860,2,48.15151515151516,41.27272727272726,33,64
861,2,48.15151515151516,41.27272727272726,33,64
862,2,48.24242424242425,41.42424242424243,33,62
863,2,48.228571428571435,41.74285714285715,35,64
864,2,48.27272727272728,41.81818181818182,33,64
865,2,48.42424242424242,41.878787878787875,33,66
866,2,48.38235294117648,41.794117647058826,34,66
867,2,48.36363636363637,42.03030303030303,33,66
868,2,48.21212121212122,42.12121212121212,33,66
869,2,48.06451612903227,42.06451612903226,31,62
870,2,47.90909090909091,41.96969696969697,33,64
871,2,47.96875,41.8125,32,64
872,2,48.06451612903226,41.806451612903224,31,64
873,2,48.12121212121212,41.72727272727272,33,66
874,2,48.062500000000014,41.625,32,62
875,2,48.11428571428572,41.51428571428571,35,64
876,2,48.27777777777778,41.333333333333336,36,66
877,2,48.151515151515156,41.36363636363636,33,64
878,2,48.25,41.25000000000001,32,66
879,2,48.18750000000001,41.40625,32,64
880,2,48.375,41.40625,32,64
881,2,48.42424242424242,41.60606060606061,33,64
882,2,48.3125,41.5625,32,62
883,2,48.38235294117648,41.6764705882353,34,64
884,2,48.27272727272728,41.63636363636364,33,62
885,2,48.193548387096776,41.70967741935483,31,60
886,2,48.294117647058826,41.50000000000001,34,62
887,2,48.23529411764706,41.5294117647059,34,64
888,2,48.23529411764706,41.5294117647059,34,64
889,2,48.28125,41.5,32,62
890,2,48.36363636363637,41.42424242424242,33,64
891,2,48.58064516129032,41.41935483870969,31,62
892,2,48.6875,41.65625000000001,32,62
893,2,48.78787878787879,41.69696969696971,33,66
894,2,48.81250000000001,41.50000000000001,32,62
895,2,48.885714285714286,41.51428571428573,35,64
896,2,48.81250000000001,41.56250000000001,32,62
897,2,48.84848484848486,41.393939393939384,33,64
898,2,49.000000000000014,41.60606060606062,33,64
899,2,49.11764705882353,41.764705882352935,34,64
900,2,49.25806451612904,41.74193548387096,31,62
901,2,49.303030303030305,41.636363636363626,33,64
902,2,49.33333333333333,41.393939393939384,33,64
903,2,49.44117647058823,41.382352941176464,34,66
904,2,49.411764705882355,41.23529411764707,34,64
905,2,49.40625,40.96875,32,62
906,2,49.37500000000001,41.15625,32,60
907,2,49.34375000000001,41.375,32,62
908,2,49.5,41.29999999999999,30,62
909,2,49.65625,41.21874999999999,32,62
910,2,49.62500000000001,41.1875,32,64
911,2,49.70967741935483,41.12903225806451,31,60
912,2,49.80645161290324,41.1290322580645,31,62
913,2,49.88235294117646,41.05882352941176,34,64
914,2,49.787878787878796,41.27272727272727,33,64
915,2,49.787878787878796,41.27272727272727,33,64
916,2,49.75757575757576,41.27272727272727,33,64
917,2,49.57142857142858,41.228571428571435,35,64
918,2,49.57142857142858,41.228571428571435,35,64
919,2,49.735294117647065,41.08823529411766,34,64
920,2,49.62500000000001,40.9375,32,62
921,2,49.55882352941176,41.147058823529406,34,64
922,2,49.53125000000001,40.906249999999986,32,64
923,2,49.50000000000001,41.11764705882353,34,64
924,2,49.575757575757585,41.03030303030303,33,62
925,2,49.53125000000001,41.125,32,62
926,2,49.303030303030305,41.242424242424256,33,62
927,2,49.18181818181819,41.18181818181818,33,64
928,2,49.00000000000001,41.18749999999999,32,62
929,2,49.29411764705882,41.02941176470588,34,64
930,2,49.352941176470594,41.029411764705884,34,66
931,2,49.27272727272728,40.81818181818182,33,64
932,2,48.87500000000001,40.96875000000001,32,64
933,2,48.969696969696976,41.00000000000001,33,64
934,2,49.06060606060606,41.42424242424242,33,62
935,2,49.27272727272728,41.363636363636374,33,62
936,2,49.41935483870968,41.451612903225815,31,62
937,2,49.39393939393939,41.3939393939394,33,64
938,2,49.34375000000001,41.31250000000001,32,62
939,2,49.60606060606061,41.333333333333336,33,64
940,2,49.68750000000001,41.34374999999999,32,66
941,2,49.70588235294118,41.26470588235294,34,66
942,2,49.909090909090914,41.33333333333334,33,64
943,2,50.00000000000001,41.26470588235294,34,62
944,2,50.16666666666666,41.13333333333332,30,62
945,2,50.09677419354839,41.2258064516129,31,64
946,2,50.09677419354839,41.2258064516129,31,64
947,2,50.032258064516135,41.16129032258063,31,62
948,2,50.16666666666666,41.133333333333326,30,62
949,2,50.24242424242425,41.30303030303031,33,62
950,2,50.26470588235295,41.205882352941174,34,64
951,2,50.314285714285724,41.11428571428573,35,64
952,2,50.314285714285724,41.11428571428573,35,64
953,2,50.212121212121204,41.090909090909086,33,62
954,2,50.25714285714287,41.114285714285714,35,64
955,2,50.305555555555564,41.02777777777778,36,64
956,2,50.28571428571429,40.942857142857136,35,64
957,2,50.228571428571435,41,35,64
958,2,50.235294117647065,41.08823529411766,34,64
959,2,50.176470588235304,40.94117647058823,34,64
960,2,50.212121212121204,40.99999999999999,33,64
961,2,50.342857142857135,41.114285714285714,35,66
962,2,50.44444444444445,41.19444444444445,36,66
963,2,50.4,41.43333333333332,30,62
964,2,50.16666666666667,41.23333333333333,30,62
965,2,50.151515151515156,41.121212121212125,33,64
966,2,50.41176470588235,41.11764705882354,34,64
967,2,50.484848484848484,41.15151515151516,33,64
968,2,50.575757575757585,41.33333333333333,33,62
969,2,50.575757575757585,41.33333333333333,33,62
970,2,50.62500000000001,41.406250000000014,32,62
971,2,50.50000000000001,41.29411764705883,34,62
972,2,50.51515151515153,41.393939393939405,33,62
973,2,50.54545454545455,41.3939393939394,33,64
974,2,50.63636363636363,41.21212121212121,33,64
975,2,51.03225806451612,41.193548387096776,31,64
976,2,51.12499999999999,41.125,32,64
977,2,51.12499999999999,41.125,32,64
978,2,51.12499999999999,41.06249999999999,32,62
979,2,51.09374999999999,41,32,64
980,2,51.0909090909091,41.212121212121204,33,62
981,2,51.176470588235304,41.17647058823528,34,62
982,2,51.088235294117645,41.32352941176471,34,64
983,2,51.176470588235304,41.17647058823528,34,62
984,2,51.176470588235304,41.17647058823528,34,62
985,2,51.45454545454546,41.09090909090909,33,62
986,2,51.437500000000014,41.343750000000014,32,62
987,2,51.42424242424243,41.24242424242425,33,62
988,2,51.575757575757585,41.33333333333333,33,62
989,2,51.33333333333333,41.36363636363637,33,64
990,2,51.27272727272728,41.42424242424242,33,64
991,2,51.16129032258065,41.58064516129032,31,62
992,2,51.333333333333336,41.57575757575758,33,62
993,2,51.56250000000001,41.4375,32,64
994,2,51.51515151515152,41.515151515151516,33,64
995,2,51.6969696969697,41.575757575757585,33,64
996,2,51.62500000000001,41.65625000000001,32,62
997,2,51.63636363636363,41.63636363636364,33,64
998,2,51.43750000000001,41.65625000000001,32,64
999,2,51.46875000000001,41.71875000000001,32,64
1000,2,51.575757575757585,41.757575757575765,33,64
0,3,50.32258064516128,48.838709677419345,31,64
1,3,50.51612903225807,48.83870967741936,31,62
2,3,50.545454545454554,48.878787878787875,33,64
3,3,50.64705882352942,48.852941176470594,34,64
4,3,50.65714285714286,48.77142857142858,35,64
5,3,50.84848484848486,48.818181818181834,33,64
6,3,50.82352941176471,48.73529411764707,34,64
7,3,50.93548387096775,48.58064516129032,31,60
8,3,50.82352941176471,48.82352941176471,34,62
9,3,50.9090909090909,48.84848484848485,33,62
10,3,51.03030303030303,48.78787878787879,33,64
11,3,50.87096774193548,48.645161290322584,31,62
12,3,50.909090909090914,48.63636363636365,33,64
13,3,50.78125000000001,48.62500000000001,32,62
14,3,50.66666666666667,48.63636363636365,33,64
15,3,50.84375,48.65625,32,64
16,3,50.90322580645162,48.41935483870969,31,62
17,3,50.699999999999996,48.53333333333333,30,62
18,3,50.63636363636363,48.72727272727271,33,62
19,3,50.66666666666667,48.93939393939392,33,62
20,3,50.66666666666667,48.93939393939392,33,62
21,3,50.66666666666667,48.93939393939392,33,62
22,3,50.51515151515153,48.84848484848485,33,62
23,3,50.828571428571436,48.999999999999986,35,64
24,3,50.885714285714286,49.05714285714286,35,64
25,3,50.91428571428572,49.142857142857146,35,64
26,3,50.970588235294116,49.088235294117645,34,64
27,3,51.09677419354837,49.29032258064515,31,62
28,3,51.2258064516129,49.41935483870968,31,62
29,3,51.2258064516129,49.41935483870968,31,62
30,3,51.09677419354839,49.16129032258065,31,62
31,3,51.24242424242425,49.06060606060606,33,64
32,3,51.193548387096776,49.19354838709677,31,62
33,3,51.24137931034483,49.0344827586207,29,62
34,3,50.96774193548388,48.93548387096774,31,66
35,3,50.909090909090914,48.90909090909091,33,64
36,3,51.00000000000001,49,33,64
37,3,50.87096774193549,48.83870967741935,31,64
38,3,50.96875,48.90625,32,64
39,3,50.84375000000001,48.781249999999986,32,64
40,3,51.06666666666667,48.93333333333333,30,62
41,3,51.06060606060606,48.878787878787875,33,64
42,3,51.0625,48.93749999999999,32,62
43,3,51.15151515151515,48.90909090909091,33,62
44,3,51.24242424242425,49.06060606060606,33,64
45,3,51.18181818181819,49.03030303030303,33,64
46,3,51.090909090909086,49.15151515151516,33,66
47,3,51.2258064516129,49.38709677419356,31,64
48,3,51.14705882352941,49.44117647058823,34,64
49,3,51.187499999999986,49.3125,32,64
50,3,51.38709677419355,49.45161290322581,31,62
51,3,51.484848484848484,49.212121212121204,33,64
52,3,51.51515151515153,49.03030303030303,33,64
53,3,51.51515151515153,48.90909090909091,33,62
54,3,51.51515151515153,48.90909090909091,33,62
55,3,51.84848484848486,49.000000000000014,33,64
56,3,51.81818181818182,49.27272727272727,33,62
57,3,51.81818181818182,49.27272727272727,33,62
58,3,51.5,49.25000000000001,32,62
59,3,51.5,49.28125,32,64
60,3,51.53125,49.1875,32,64
61,3,51.45454545454546,49.15151515151516,33,64
62,3,51.51612903225807,49.03225806451613,31,62
63,3,51.575757575757585,49.27272727272727,33,64
64,3,51.42424242424243,49.24242424242425,33,62
65,3,51.60000000000001,49.28571428571429,35,64
66,3,51.727272727272734,49.18181818181819,33,62
67,3,51.91428571428572,49.142857142857146,35,64
68,3,51.676470588235304,49.23529411764705,34,64
69,3,51.676470588235304,49.23529411764705,34,64
70,3,51.77142857142858,49.25714285714285,35,64
71,3,51.82352941176471,49.1764705882353,34,62
72,3,51.76470588235294,49.1764705882353,34,64
73,3,51.727272727272734,49.36363636363636,33,62
74,3,51.78125,49.437499999999986,32,62
75,3,51.741935483870975,49.548387096774206,31,62
76,3,51.90322580645162,49.677419354838705,31,62
77,3,52.00000000000001,49.65624999999999,32,62
78,3,51.96969696969696,49.75757575757576,33,64
79,3,52.000000000000014,49.54545454545455,33,64
80,3,52.290322580645174,49.451612903225815,31,62
81,3,52.45161290322581,49.45161290322581,31,62
82,3,52.437500000000014,49.406250000000014,32,64
83,3,52.5483870967742,49.41935483870968,31,62
84,3,52.76470588235294,49.38235294117647,34,66
85,3,52.91428571428572,49.228571428571435,35,64
86,3,52.727272727272734,49.21212121212122,33,64
87,3,52.70967741935483,49.19354838709678,31,60
88,3,52.575757575757585,49.242424242424235,33,62
89,3,52.65625000000001,49.21875,32,62
90,3,52.84374999999999,49.18749999999999,32,64
91,3,52.9090909090909,49.15151515151515,33,62
92,3,52.82352941176471,49.1764705882353,34,62
93,3,52.82352941176471,49.1764705882353,34,62
94,3,52.82352941176471,49.1764705882353,34,62
95,3,52.76470588235294,49.352941176470594,34,64
96,3,52.96969696969698,49.18181818181817,33,62
97,3,53.03030303030303,49.18181818181817,33,62
98,3,52.96969696969698,49.18181818181817,33,62
99,3,53.15625000000001,49.37500000000001,32,60
100,3,53.06060606060607,49.424242424242415,33,64
101,3,53.00000000000001,49.5,32,62
102,3,53.12500000000001,49.56250000000001,32,64
103,3,53.21875,49.656250000000014,32,64
104,3,53.24242424242425,49.757575757575765,33,64
105,3,53.24242424242425,49.93939393939393,33,64
106,3,53.33333333333333,49.90909090909091,33,64
107,3,53.28124999999999,49.718749999999986,32,62
108,3,53.225806451612904,49.54838709677418,31,62
109,3,53.24999999999999,49.65625,32,64
110,3,53.24999999999999,49.65625,32,64
111,3,53.228571428571435,49.91428571428571,35,64
112,3,53.06060606060606,50,33,66
113,3,53.15625,49.99999999999998,32,64
114,3,53.43750000000001,49.875,32,62
115,3,53.45454545454546,49.969696969696976,33,64
116,3,53.451612903225815,50.096774193548384,31,60
117,3,53.32352941176471,50.26470588235295,34,64
118,3,53.470588235294116,50.35294117647058,34,64
119,3,53.437500000000014,50.31250000000001,32,64
120,3,53.32352941176471,50.352941176470594,34,64
121,3,53.34375000000001,50.46874999999999,32,64
122,3,53.43749999999999,50.59375000000001,32,64
123,3,53.28124999999999,50.46874999999999,32,64
124,3,53.21212121212121,50.42424242424242,33,64
125,3,53.31249999999999,50.406250000000014,32,62
126,3,53.3235294117647,50.41176470588234,34,64
127,3,53.37500000000001,50.53125,32,66
128,3,53.56250000000001,50.875,32,64
129,3,53.63636363636364,50.81818181818182,33,66
130,3,53.64705882352942,50.79411764705883,34,64
131,3,53.62500000000001,50.750000000000014,32,62
132,3,53.52941176470589,50.76470588235294,34,64
133,3,53.575757575757585,50.666666666666664,33,62
134,3,53.50000000000001,50.71874999999999,32,62
135,3,53.50000000000001,50.705882352941174,34,62
136,3,53.50000000000001,50.705882352941174,34,62
137,3,53.575757575757585,50.666666666666664,33,62
138,3,53.65625,50.65625,32,62
139,3,53.5625,50.5625,32,62
140,3,53.41935483870969,50.677419354838705,31,62
141,3,53.40625000000001,50.68749999999999,32,64
142,3,53.71874999999999,50.6875,32,62
143,3,53.65625,50.59375000000001,32,64
144,3,53.749999999999986,50.78125,32,64
145,3,53.6774193548387,50.774193548387096,31,64
146,3,53.6774193548387,50.87096774193548,31,62
147,3,53.6774193548387,50.87096774193548,31,62
148,3,53.6774193548387,50.87096774193548,31,62
149,3,53.63636363636363,50.72727272727271,33,62
150,3,53.8,50.65714285714285,35,66
151,3,53.74285714285715,50.54285714285714,35,64
152,3,53.90625,50.46875,32,64
153,3,53.70967741935484,50.29032258064516,31,64
154,3,53.72727272727272,50.151515151515156,33,66
155,3,53.84375000000001,50.343750000000014,32,62
156,3,54.029411764705884,50.29411764705884,34,64
157,3,54.12121212121212,50.27272727272727,33,64
158,3,54.03030303030303,50.33333333333333,33,64
159,3,54.205882352941174,50.23529411764706,34,64
160,3,54.02857142857144,50.39999999999999,35,64
161,3,54.15151515151515,50.272727272727266,33,64
162,3,54.15625000000001,50.18749999999999,32,64
163,3,54.193548387096776,50.45161290322581,31,62
164,3,54.15625000000001,50.5625,32,64
165,3,54.18181818181819,50.454545454545446,33,64
166,3,54.06451612903226,50.54838709677419,31,62
167,3,54.29032258064517,50.35483870967742,31,64
168,3,54.264705882352935,50.52941176470588,34,66
169,3,54.18181818181817,50.51515151515151,33,66
170,3,54.4,50.33333333333333,30,62
171,3,54.483870967741936,50.12903225806451,31,62
172,3,54.46875000000001,50.03125000000001,32,64
173,3,54.51515151515153,50.0909090909091,33,62
174,3,54.50000000000001,50.205882352941174,34,64
175,3,54.606060606060616,50.212121212121225,33,64
176,3,54.6969696969697,50.21212121212121,33,64
177,3,54.71875000000001,50.093750000000014,32,62
178,3,54.64516129032259,50.19354838709678,31,60
179,3,54.62500000000001,50.3125,32,62
180,3,54.62500000000001,50.3125,32,62
181,3,54.84848484848486,50.151515151515156,33,62
182,3,54.735294117647065,50.08823529411765,34,64
183,3,54.65714285714286,50.05714285714286,35,64
184,3,54.31249999999999,50.093750000000014,32,62
185,3,54.212121212121204,50.090909090909086,33,62
186,3,54.18181818181819,50.09090909090909,33,64
187,3,54.15625000000001,50.00000000000001,32,62
188,3,54.18181818181819,50.09090909090909,33,64
189,3,54.09375000000001,50.03124999999999,32,62
190,3,53.87878787878788,49.878787878787875,33,64
191,3,53.91176470588236,50.20588235294118,34,64
192,3,53.6969696969697,50.121212121212125,33,64
193,3,53.76470588235294,49.911764705882334,34,64
194,3,53.59375000000001,50.375000000000014,32,64
195,3,53.59375000000001,50.375000000000014,32,64
196,3,53.61290322580645,50.483870967741936,31,62
197,3,53.61290322580645,50.483870967741936,31,62
198,3,53.70967741935483,50.612903225806456,31,64
199,3,53.56250000000001,50.40624999999999,32,64
200,3,53.28124999999999,50.65624999999999,32,64
201,3,53.38709677419356,50.74193548387096,31,62
202,3,53.50000000000001,50.71874999999999,32,64
203,3,53.54545454545456,50.78787878787879,33,64
204,3,53.5625,50.68750000000001,32,64
205,3,53.65625000000001,50.78125,32,62
206,3,53.65625000000001,50.78125,32,62
207,3,53.6,50.96666666666667,30,62
208,3,53.911764705882355,50.67647058823529,34,64
209,3,53.91428571428572,50.77142857142857,35,64
210,3,54.15151515151515,50.4848484848485,33,62
211,3,54.187499999999986,50.56250000000001,32,62
212,3,54.187499999999986,50.46875000000001,32,64
213,3,54.06060606060607,50.363636363636374,33,64
214,3,54.00000000000001,50.21212121212121,33,64
215,3,53.941176470588246,50.147058823529406,34,64
216,3,54.00000000000001,50.26470588235294,34,62
217,3,53.96969696969698,50.18181818181817,33,62
218,3,53.96969696969698,50.18181818181817,33,62
219,3,53.94285714285715,50.34285714285715,35,64
220,3,53.909090909090914,50.39393939393939,33,64
221,3,53.65625000000001,50.40625000000001,32,62
222,3,53.40625,50.5,32,64
223,3,53.56666666666667,50.53333333333333,30,62
224,3,53.56666666666667,50.53333333333333,30,62
225,3,53.741935483870975,50.354838709677416,31,60
226,3,53.38709677419356,50.38709677419354,31,62
227,3,53.46875000000001,50.25000000000001,32,64
228,3,53.46875000000001,50.25000000000001,32,64
229,3,53.09677419354839,50.16129032258065,31,62
230,3,53.030303030303045,50.12121212121211,33,64
231,3,53.35483870967742,50.22580645161291,31,64
232,3,53.43333333333333,50.3,30,62
233,3,53.266666666666666,50.599999999999994,30,62
234,3,53.32258064516128,50.67741935483871,31,62
235,3,53.24242424242424,50.78787878787878,33,64
236,3,53.24242424242425,50.575757575757585,33,62
237,3,53.41176470588235,50.61764705882353,34,64
238,3,53.090909090909086,50.54545454545455,33,64
239,3,53.151515151515156,50.515151515151516,33,64
240,3,53.26470588235295,50.64705882352941,34,64
241,3,52.909090909090914,50.69696969696971,33,62
242,3,52.6969696969697,50.6969696969697,33,64
243,3,52.6969696969697,50.727272727272734,33,64
244,3,52.741935483870975,50.64516129032258,31,62
245,3,52.83870967741936,50.58064516129032,31,62
246,3,52.83870967741936,50.58064516129032,31,62
247,3,53.00000000000001,50.65624999999999,32,64
248,3,53.18750000000001,50.5,32,64
249,3,53.093750000000014,50.34375000000001,32,62
250,3,53.085714285714296,50.54285714285715,35,64
251,3,53.03030303030303,50.575757575757585,33,62
252,3,53.24242424242425,50.30303030303031,33,62
253,3,53.09677419354839,50.22580645161292,31,62
254,3,53.00000000000001,50.30000000000001,30,60
255,3,52.93548387096775,50.225806451612904,31,62
256,3,52.83870967741937,50.16129032258065,31,64
257,3,52.84848484848484,49.96969696969697,33,64
258,3,52.75757575757576,50.09090909090909,33,64
259,3,52.9090909090909,50.21212121212122,33,62
260,3,52.94285714285716,49.94285714285715,35,64
261,3,53.00000000000001,49.73529411764707,34,62
262,3,53,50,33,64
263,3,53.00000000000001,50.029411764705884,34,66
264,3,53.00000000000001,50.09375,32,64
265,3,53.09677419354837,50.03225806451613,31,62
266,3,53.09375000000001,50.43750000000001,32,62
267,3,53.09375000000001,50.43750000000001,32,62
268,3,53.19354838709678,50.41935483870968,31,62
269,3,53.03124999999999,50.56249999999999,32,64
270,3,52.91176470588235,50.67647058823529,34,64
271,3,52.727272727272734,50.81818181818182,33,62
272,3,52.73529411764706,50.91176470588235,34,64
273,3,53.000000000000014,50.93939393939395,33,64
274,3,52.90000000000002,50.866666666666674,30,62
275,3,52.78571428571429,51.07142857142856,28,62
276,3,53.0344827586207,51.10344827586207,29,64
277,3,52.97058823529413,51.20588235294117,34,68
278,3,53.121212121212125,51.33333333333334,33,66
279,3,53.14705882352943,51.5,34,66
280,3,53.09090909090911,51.545454545454554,33,66
281,3,53.25,51.781250000000014,32,66
282,3,53.354838709677416,51.83870967741936,31,64
283,3,53.41935483870968,51.74193548387097,31,64
284,3,53.50000000000001,51.699999999999996,30,64
285,3,53.23333333333334,51.733333333333334,30,64
286,3,53.50000000000001,51.49999999999999,30,60
287,3,53.580645161290334,51.58064516129032,31,62
288,3,53.5,51.50000000000001,32,64
289,3,53.75000000000001,51.50000000000001,32,62
290,3,53.81250000000001,51.5625,32,62
291,3,53.935483870967744,51.64516129032259,31,64
292,3,53.65625000000001,51.59375000000001,32,64
293,3,53.71875,51.74999999999999,32,64
294,3,53.800000000000004,51.73333333333333,30,60
295,3,53.885714285714286,51.314285714285724,35,64
296,3,53.88235294117647,51.411764705882355,34,64
297,3,54.15625000000001,51.43749999999999,32,62
298,3,54.187499999999986,51.24999999999999,32,62
299,3,54.25806451612903,51.322580645161295,31,62
300,3,54.166666666666664,51.26666666666667,30,62
301,3,54.25,51.21875,32,64
302,3,53.970588235294116,51.352941176470594,34,64
303,3,53.81249999999999,51.21875000000001,32,62
304,3,53.66666666666668,51.212121212121204,33,64
305,3,53.6875,51.34375,32,62
306,3,53.71875000000001,51.56250000000001,32,62
307,3,53.888888888888886,51.3611111111111,36,66
308,3,53.91176470588235,51.26470588235294,34,64
309,3,53.9090909090909,51.15151515151515,33,62
310,3,53.9090909090909,51.15151515151515,33,62
311,3,53.99999999999999,51.205882352941174,34,64
312,3,53.99999999999999,51.205882352941174,34,64
313,3,54.15151515151515,51.33333333333332,33,64
314,3,54.15151515151515,51.33333333333332,33,64
315,3,54.15151515151515,51.151515151515156,33,62
316,3,54.23529411764706,51.117647058823536,34,64
317,3,54.15151515151515,51.151515151515156,33,62
318,3,54.15151515151515,51.151515151515156,33,62
319,3,54.08823529411766,51.05882352941177,34,64
320,3,54.26470588235294,51.1764705882353,34,64
321,3,54.3125,51.375,32,62
322,3,54.3125,51.375,32,62
323,3,54.333333333333336,51.48484848484848,33,64
324,3,54.333333333333336,51.48484848484848,33,64
325,3,54.5,51.32352941176471,34,64
326,3,54.5,51.32352941176471,34,64
327,3,54.39393939393939,51.333333333333336,33,64
328,3,54.352941176470594,51.23529411764706,34,66
329,3,54.25,51.1875,32,62
330,3,54.19354838709678,50.99999999999999,31,62
331,3,54.333333333333336,50.99999999999999,33,64
332,3,54.28571428571429,51.05714285714286,35,64
333,3,53.99999999999999,51.18750000000001,32,64
334,3,53.96875,51.15624999999999,32,64
335,3,54.00000000000001,51.064516129032256,31,62
336,3,54.26470588235294,51.23529411764706,34,66
337,3,54.406250000000014,51.03125000000001,32,64
338,3,54.545454545454554,51.303030303030305,33,64
339,3,54.484848484848484,51.090909090909086,33,62
340,3,54.50000000000001,51,34,62
341,3,54.50000000000001,51,34,62
342,3,54.484848484848484,51.090909090909086,33,62
343,3,54.65625,51.09375,32,62
344,3,54.59375000000001,50.96875000000001,32,62
345,3,54.575757575757585,51.06060606060605,33,62
346,3,54.78124999999999,51.28125000000001,32,62
347,3,54.83870967741935,51.06451612903224,31,62
348,3,54.76470588235295,50.94117647058823,34,64
349,3,54.61111111111112,50.861111111111114,36,64
350,3,54.64705882352942,50.91176470588235,34,64
351,3,54.72727272727273,50.909090909090914,33,64
352,3,54.818181818181806,50.909090909090914,33,64
353,3,54.70967741935483,51.161290322580655,31,62
354,3,54.62500000000001,51.15625000000001,32,60
355,3,54.735294117647065,50.999999999999986,34,62
356,3,54.62500000000001,50.84375,32,60
357,3,54.666666666666664,50.878787878787875,33,64
358,3,54.941176470588246,50.94117647058824,34,64
359,3,54.99999999999999,50.88235294117647,34,64
360,3,54.99999999999999,50.88235294117647,34,64
361,3,54.941176470588246,50.76470588235295,34,64
362,3,54.81250000000001,50.8125,32,62
363,3,55,50.8235294117647,34,64
364,3,54.97222222222222,50.916666666666664,36,64
365,3,55.03125000000001,50.84374999999999,32,64
366,3,55.187499999999986,50.81250000000001,32,62
367,3,55.00000000000002,50.709677419354826,31,62
368,3,55.029411764705884,50.61764705882353,34,64
369,3,55.11428571428572,50.742857142857154,35,64
370,3,55.02857142857144,50.828571428571436,35,64
371,3,55.08823529411765,50.76470588235294,34,66
372,3,55.25,50.65625,32,64
373,3,55.39393939393939,50.48484848484847,33,62
374,3,55.400000000000006,50.2857142857143,35,64
375,3,55.575757575757585,50.242424242424235,33,62
376,3,55.51515151515153,50.121212121212125,33,64
377,3,55.352941176470594,50.14705882352941,34,64
378,3,55.25714285714287,49.88571428571429,35,64
379,3,55.05714285714286,49.88571428571429,35,64
380,3,54.91176470588234,50,34,64
381,3,54.81818181818183,50.36363636363637,33,64
382,3,54.852941176470594,50.32352941176472,34,66
383,3,54.84848484848486,50.51515151515151,33,62
384,3,54.91176470588236,50.441176470588225,34,64
385,3,54.87878787878788,50.36363636363636,33,64
386,3,54.94285714285716,50.342857142857156,35,64
387,3,54.84848484848486,50.51515151515151,33,62
388,3,54.76470588235294,50.47058823529411,34,64
389,3,54.666666666666664,50.42424242424242,33,62
390,3,54.80645161290323,50.29032258064516,31,64
391,3,54.84375000000001,50.34374999999999,32,64
392,3,54.852941176470594,50.38235294117647,34,64
393,3,54.818181818181834,50.303030303030305,33,64
394,3,54.787878787878796,50.454545454545446,33,62
395,3,54.78125,50.375,32,64
396,3,54.6969696969697,50.42424242424242,33,64
397,3,54.60606060606061,50.66666666666667,33,64
398,3,54.60606060606061,50.63636363636363,33,64
399,3,54.60606060606061,50.63636363636363,33,64
400,3,54.437500000000014,50.46875000000001,32,64
401,3,54.709677419354854,50.54838709677419,31,62
402,3,55.172413793103445,50.37931034482759,29,60
403,3,55.16129032258063,50.354838709677416,31,64
404,3,55.32258064516128,50.45161290322581,31,64
405,3,55.28571428571429,50.42857142857143,28,62
406,3,55.29032258064517,50.54838709677419,31,64
407,3,55.33333333333334,50.545454545454554,33,64
408,3,55.352941176470594,50.58823529411766,34,64
409,3,55.333333333333336,50.666666666666664,33,64
410,3,55.32258064516129,50.58064516129033,31,62
411,3,55.21212121212122,50.545454545454554,33,62
412,3,55.3125,50.531249999999986,32,62
413,3,55.32352941176471,50.32352941176472,34,64
414,3,55.575757575757585,50.27272727272727,33,64
415,3,55.575757575757585,50.27272727272727,33,64
416,3,55.676470588235304,50.29411764705881,34,66
417,3,55.676470588235304,50.29411764705881,34,66
418,3,55.545454545454554,50.21212121212121,33,62
419,3,55.53125000000001,50.24999999999999,32,62
420,3,55.55882352941177,50.205882352941174,34,64
421,3,55.56250000000001,50.09375,32,62
422,3,55.5483870967742,50,31,62
423,3,55.48484848484849,50.15151515151515,33,62
424,3,55.48484848484849,50.15151515151515,33,62
425,3,55.53125000000001,50.125,32,62
426,3,55.72727272727273,50.090909090909086,33,64
427,3,55.72727272727273,50.090909090909086,33,64
428,3,55.78125,50.09375000000001,32,64
429,3,55.78124999999999,50.06249999999999,32,62
430,3,55.90625,49.99999999999999,32,62
431,3,55.87878787878788,50.00000000000001,33,64
432,3,55.81250000000001,49.93750000000001,32,64
433,3,55.606060606060616,49.93939393939393,33,66
434,3,55.72727272727273,49.96969696969697,33,64
435,3,55.575757575757585,49.93939393939392,33,62
436,3,55.63636363636363,50.03030303030304,33,64
437,3,55.63636363636363,50.03030303030304,33,64
438,3,55.70967741935483,50.032258064516135,31,62
439,3,55.61290322580645,50.00000000000001,31,62
440,3,55.8125,49.90625,32,64
441,3,55.741935483870975,50.12903225806451,31,64
442,3,55.42424242424243,50.121212121212125,33,64
443,3,55.50000000000001,50.00000000000001,34,62
444,3,55.441176470588246,49.94117647058823,34,64
445,3,55.441176470588246,49.94117647058823,34,64
446,3,55.50000000000001,50.00000000000001,34,62
447,3,55.437500000000014,50.06250000000001,32,62
448,3,55.38235294117647,50.05882352941176,34,66
449,3,55.41176470588235,50.26470588235293,34,66
450,3,55.39393939393939,50.18181818181819,33,64
451,3,55.42424242424243,50.151515151515156,33,64
452,3,55.29411764705882,50.02941176470588,34,64
453,3,55.212121212121204,50.090909090909086,33,62
454,3,55.11764705882353,50.14705882352941,34,64
455,3,55.19444444444445,50.222222222222214,36,66
456,3,55.11764705882353,50.205882352941174,34,64
457,3,55.40625,50.375,32,64
458,3,55.37500000000001,50.375,32,66
459,3,55.64516129032259,50.06451612903226,31,62
460,3,55.81818181818183,49.969696969696976,33,64
461,3,55.794117647058826,49.88235294117647,34,64
462,3,55.6969696969697,49.90909090909091,33,62
463,3,55.6969696969697,49.90909090909091,33,62
464,3,55.78124999999999,50.06249999999999,32,62
465,3,56.09375000000001,50.031249999999986,32,62
466,3,56.18181818181819,50.03030303030302,33,62
467,3,56.24242424242424,50.09090909090908,33,62
468,3,56.2258064516129,50.193548387096776,31,62
469,3,56.24242424242424,50.2121212121212,33,64
470,3,56.303030303030305,50.42424242424242,33,64
471,3,56.1764705882353,50.55882352941177,34,64
472,3,56.25714285714286,50.542857142857144,35,64
473,3,56.18181818181819,50.84848484848485,33,64
474,3,55.99999999999999,51.11764705882353,34,64
475,3,55.99999999999999,51.11764705882353,34,64
476,3,56,51.09374999999999,32,64
477,3,56,50.73529411764705,34,64
478,3,55.85714285714287,50.68571428571428,35,66
479,3,55.85714285714287,50.82857142857144,35,66
480,3,55.82352941176471,50.82352941176471,34,62
481,3,55.82352941176471,50.82352941176471,34,62
482,3,55.941176470588225,50.94117647058823,34,64
483,3,55.676470588235304,50.73529411764705,34,64
484,3,55.545454545454554,50.787878787878796,33,62
485,3,55.54285714285715,50.800000000000004,35,64
486,3,55.54285714285715,50.800000000000004,35,64
487,3,55.55882352941177,50.705882352941174,34,64
488,3,55.55882352941177,50.705882352941174,34,64
489,3,55.71875000000001,50.75000000000001,32,62
490,3,55.78125000000001,50.65624999999999,32,64
491,3,55.81250000000001,50.90625000000001,32,64
492,3,55.61290322580646,51.00000000000001,31,62
493,3,55.71875,50.84375,32,62
494,3,55.71875,50.84375,32,62
495,3,55.63636363636364,50.90909090909091,33,64
496,3,55.625,50.999999999999986,32,64
497,3,55.75757575757577,50.81818181818182,33,64
498,3,55.68750000000002,50.74999999999999,32,64
499,3,55.82857142857143,50.68571428571429,35,64
500,3,55.666666666666664,50.757575757575765,33,62
501,3,55.666666666666664,50.757575757575765,33,62
502,3,55.757575757575765,50.60606060606061,33,64
503,3,55.875000000000014,50.59375000000001,32,62
504,3,55.78787878787879,50.51515151515151,33,64
505,3,55.875000000000014,50.59375000000001,32,62
506,3,55.97058823529412,50.470588235294116,34,66
507,3,56.03125000000001,50.65625000000001,32,62
508,3,56.03125000000001,50.65625000000001,32,62
509,3,55.87500000000001,50.34375000000001,32,64
510,3,55.90000000000001,50.63333333333334,30,62
511,3,56.00000000000001,51.08823529411765,34,64
512,3,56.093750000000014,51.0625,32,64
513,3,56.12903225806452,51.29032258064516,31,60
514,3,56.03125000000001,51.24999999999999,32,62
515,3,55.99999999999999,51.09375000000001,32,62
516,3,56.09677419354839,51.12903225806452,31,62
517,3,56.187499999999986,50.90624999999999,32,64
518,3,56.27272727272726,50.93939393939393,33,64
519,3,56.0625,50.93749999999999,32,62
520,3,56.15151515151515,50.90909090909091,33,62
521,3,56.18181818181819,50.72727272727273,33,62
522,3,56.387096774193544,50.774193548387096,31,62
523,3,56.35483870967742,50.645161290322584,31,62
524,3,56.3125,50.5625,32,62
525,3,56.4516129032258,50.64516129032257,31,64
526,3,56.58064516129032,50.58064516129032,31,62
527,3,56.78125000000001,50.74999999999999,32,64
528,3,56.71875000000001,50.75000000000001,32,62
529,3,56.81818181818183,50.757575757575765,33,64
530,3,57.00000000000001,50.67647058823528,34,64
531,3,56.96875,50.65625000000001,32,62
532,3,56.84848484848485,50.63636363636364,33,64
533,3,56.794117647058826,50.49999999999999,34,64
534,3,56.548387096774206,50.806451612903224,31,66
535,3,56.448275862068975,50.82758620689655,29,62
536,3,56.448275862068975,50.82758620689655,29,62
537,3,56.16666666666666,50.566666666666656,30,62
538,3,56.33333333333333,50.26666666666667,30,62
539,3,56.51515151515151,50.33333333333334,33,64
540,3,56.400000000000006,50.51428571428572,35,64
541,3,56.39393939393939,50.515151515151516,33,64
542,3,56.235294117647065,50.52941176470589,34,64
543,3,56.235294117647065,50.52941176470589,34,64
544,3,56.2,50.457142857142856,35,64
545,3,56.228571428571435,50.42857142857142,35,64
546,3,56.0909090909091,50.78787878787879,33,62
547,3,56.18750000000001,50.78125,32,62
548,3,56.09677419354839,50.806451612903224,31,62
549,3,56.303030303030305,50.63636363636364,33,64
550,3,56.50000000000001,50.705882352941174,34,62
551,3,56.42424242424243,50.666666666666664,33,62
552,3,56.42424242424243,50.666666666666664,33,62
553,3,56.50000000000001,50.625,32,62
554,3,56.43333333333334,50.56666666666667,30,62
555,3,56.483870967741936,50.38709677419355,31,62
556,3,56.46875000000001,50.437499999999986,32,62
557,3,56.48484848484848,50.24242424242424,33,64
558,3,56.42424242424243,50.21212121212121,33,64
559,3,56.42424242424243,50.21212121212121,33,64
560,3,56.37142857142857,50.257142857142846,35,66
561,3,56.575757575757585,50.3030303030303,33,64
562,3,56.5625,50.40625000000001,32,62
563,3,56.470588235294116,50.58823529411765,34,64
564,3,56.57575757575758,50.57575757575758,33,62
565,3,56.733333333333334,50.36666666666667,30,60
566,3,56.81250000000001,50.4375,32,62
567,3,56.909090909090914,50.45454545454545,33,62
568,3,57.00000000000001,50.5,34,62
569,3,57.06060606060606,50.57575757575758,33,62
570,3,57.20588235294119,50.70588235294117,34,64
571,3,57.258064516129025,50.74193548387097,31,62
572,3,57.294117647058826,50.50000000000001,34,62
573,3,57.39393939393939,50.51515151515152,33,62
574,3,57.34375000000001,50.43750000000001,32,62
575,3,57.34375000000001,50.43750000000001,32,62
576,3,57.34375000000001,50.46874999999999,32,64
577,3,57.43750000000001,50.406250000000014,32,62
578,3,57.617647058823536,50.5294117647059,34,66
579,3,57.611111111111114,50.55555555555556,36,66
580,3,57.71428571428572,50.714285714285715,35,66
581,3,57.617647058823536,50.67647058823528,34,66
582,3,57.43750000000001,50.56249999999999,32,62
583,3,57.333333333333336,50.51515151515152,33,64
584,3,57.235294117647065,50.52941176470589,34,64
585,3,57.333333333333336,50.57575757575758,33,62
586,3,57.51428571428572,50.65714285714286,35,66
587,3,57.73529411764706,50.64705882352941,34,64
588,3,57.6875,50.5625,32,64
589,3,57.61290322580645,50.483870967741936,31,62
590,3,57.62500000000001,50.593750000000014,32,64
591,3,57.55882352941177,50.76470588235295,34,64
592,3,57.60606060606061,50.60606060606061,33,64
593,3,57.60606060606061,50.60606060606061,33,64
594,3,57.625,50.5,32,62
595,3,57.68571428571428,50.6,35,64
596,3,57.70588235294118,50.73529411764706,34,64
597,3,57.78125,50.65625,32,62
598,3,57.90624999999999,50.75000000000001,32,62
599,3,58.03125000000001,50.46875,32,64
600,3,57.787878787878796,50.54545454545455,33,62
601,3,57.84375000000001,50.625000000000014,32,60
602,3,57.727272727272734,50.63636363636364,33,62
603,3,57.687500000000014,50.56250000000001,32,62
604,3,57.82352941176471,50.82352941176471,34,62
605,3,57.85294117647059,50.617647058823536,34,64
606,3,57.84375000000001,50.625000000000014,32,60
607,3,57.937500000000014,50.68749999999999,32,62
608,3,57.83870967741937,50.74193548387098,31,62
609,3,58.000000000000014,50.818181818181834,33,64
610,3,58.18181818181819,50.84848484848486,33,64
611,3,58.41935483870968,50.67741935483872,31,62
612,3,58.34375000000001,50.625,32,62
613,3,58.28124999999999,50.81250000000001,32,62
614,3,58.20000000000001,50.699999999999996,30,62
615,3,58.20000000000001,50.666666666666664,30,66
616,3,58.24999999999999,50.90625,32,62
617,3,58.27272727272728,50.72727272727273,33,64
618,3,58.27272727272728,50.81818181818182,33,62
619,3,58.25,50.90625,32,62
620,3,58.176470588235304,50.88235294117647,34,64
621,3,58.08333333333332,51.02777777777778,36,64
622,3,58.142857142857146,51.08571428571429,35,64
623,3,58.176470588235304,51.17647058823528,34,62
624,3,57.90624999999999,51.125,32,64
625,3,57.93548387096775,51.225806451612904,31,62
626,3,58,50.903225806451616,31,64
627,3,57.9090909090909,50.78787878787879,33,62
628,3,57.82352941176471,50.82352941176471,34,62
629,3,57.80645161290322,50.7741935483871,31,62
630,3,58.058823529411754,50.64705882352941,34,66
631,3,58.12500000000001,50.8125,32,62
632,3,58.21212121212122,50.75757575757576,33,64
633,3,58.15151515151515,50.72727272727273,33,62
634,3,58.15151515151515,50.72727272727273,33,62
635,3,58.029411764705884,50.76470588235294,34,64
636,3,58.25806451612904,50.80645161290321,31,62
637,3,58.205882352941174,50.735294117647065,34,64
638,3,58.303030303030305,50.757575757575765,33,62
639,3,58.0625,50.74999999999999,32,64
640,3,58.0625,50.74999999999999,32,64
641,3,57.82352941176471,50.73529411764706,34,64
642,3,57.84848484848486,50.84848484848485,33,62
643,3,57.73529411764706,50.82352941176471,34,64
644,3,57.90625,50.937499999999986,32,62
645,3,57.96875,51.09375000000001,32,62
646,3,57.81249999999999,50.96875,32,64
647,3,57.676470588235304,50.970588235294116,34,64
648,3,57.575757575757585,51.06060606060605,33,62
649,3,57.50000000000001,51.11764705882353,34,64
650,3,57.65625,51.09375,32,62
651,3,57.53125000000001,51.24999999999999,32,62
652,3,57.48387096774194,50.96774193548386,31,62
653,3,57.40625,50.90625,32,62
654,3,57.50000000000001,50.875,32,62
655,3,57.50000000000001,50.705882352941174,34,62
656,3,57.14705882352942,50.647058823529406,34,66
657,3,57.0625,50.6875,32,62
658,3,57.11764705882353,50.82352941176471,34,64
659,3,56.96875,50.59375,32,62
660,3,56.96875,50.59375,32,62
661,3,56.96969696969697,50.484848484848484,33,64
662,3,57.15151515151515,50.606060606060616,33,64
663,3,57.15151515151515,50.606060606060616,33,64
664,3,57.28571428571429,50.6857142857143,35,66
665,3,57.457142857142856,50.942857142857136,35,66
666,3,57.606060606060616,50.878787878787875,33,66
667,3,57.70967741935483,50.741935483870975,31,62
668,3,57.64516129032259,50.806451612903224,31,60
669,3,57.75757575757576,50.545454545454554,33,64
670,3,57.75757575757576,50.545454545454554,33,64
671,3,57.77142857142857,50.51428571428571,35,66
672,3,57.99999999999999,50.628571428571426,35,66
673,3,58,50.73529411764705,34,64
674,3,58.0625,50.8125,32,64
675,3,58.176470588235304,50.82352941176471,34,62
676,3,58.303030303030305,50.757575757575765,33,62
677,3,58.303030303030305,50.757575757575765,33,62
678,3,58.235294117647065,50.82352941176471,34,64
679,3,58.235294117647065,50.82352941176471,34,64
680,3,58.21875,50.71875000000001,32,62
681,3,58.21875,50.71875000000001,32,62
682,3,58.26666666666667,51.06666666666667,30,62
683,3,58.28124999999999,51.34374999999999,32,64
684,3,58.36666666666667,51.2,30,62
685,3,58.64516129032259,51.06451612903225,31,64
686,3,58.67741935483872,51.09677419354839,31,64
687,3,58.36363636363637,51.18181818181818,33,64
688,3,58.46875000000001,51.21875,32,62
689,3,58.46875000000001,51.21875,32,62
690,3,58.53125,51.125000000000014,32,64
691,3,58.64705882352942,51.1764705882353,34,64
692,3,58.575757575757585,51.21212121212121,33,64
693,3,58.65625000000001,51.1875,32,64
694,3,58.5483870967742,51.193548387096776,31,62
695,3,58.43333333333334,51.16666666666667,30,60
696,3,58.46875000000001,51.34374999999999,32,64
697,3,58.32258064516129,51.09677419354838,31,64
698,3,58.16129032258065,51.16129032258064,31,64
699,3,58.06666666666667,51.166666666666664,30,62
700,3,57.80645161290324,51.1290322580645,31,62
701,3,57.65625000000001,50.96874999999999,32,64
702,3,57.60606060606061,50.878787878787875,33,64
703,3,57.60606060606061,50.878787878787875,33,64
704,3,57.71875000000001,50.90625,32,62
705,3,57.66666666666667,50.96969696969698,33,64
706,3,57.50000000000001,50.88235294117647,34,64
707,3,57.65625,51.031249999999986,32,62
708,3,57.62500000000001,51.15625000000001,32,60
709,3,57.53125000000001,51.21875,32,64
710,3,57.62500000000001,51.15625000000001,32,60
711,3,57.63636363636363,51.272727272727266,33,62
712,3,57.75757575757577,51.09090909090909,33,62
713,3,57.77142857142857,51.05714285714285,35,66
714,3,57.81818181818183,50.84848484848486,33,64
715,3,57.6969696969697,50.90909090909091,33,62
716,3,57.6875,50.93750000000001,32,62
717,3,57.828571428571436,50.999999999999986,35,64
718,3,57.85714285714287,50.885714285714286,35,66
719,3,57.76470588235295,50.88235294117647,34,64
720,3,57.68571428571429,50.91428571428571,35,64
721,3,57.80645161290324,50.774193548387096,31,62
722,3,57.91176470588236,50.852941176470594,34,64
723,3,57.93548387096775,50.70967741935484,31,64
724,3,57.6875,50.5625,32,64
725,3,57.6875,50.40625,32,64
726,3,57.63636363636363,50.48484848484848,33,64
727,3,57.63636363636363,50.48484848484848,33,64
728,3,57.50000000000001,50.71874999999999,32,62
729,3,57.62500000000001,51.062500000000014,32,62
730,3,57.5625,51.00000000000001,32,62
731,3,57.575757575757585,50.96969696969697,33,62
732,3,57.676470588235304,51,34,64
733,3,57.71875,51.18750000000001,32,64
734,3,57.96875,51.15624999999999,32,64
735,3,57.96875,51.15624999999999,32,64
736,3,58.000000000000014,51.064516129032256,31,62
737,3,57.96774193548388,51.12903225806451,31,64
738,3,57.9375,50.96874999999999,32,64
739,3,57.909090909090914,50.69696969696969,33,64
740,3,57.81250000000001,50.5,32,62
741,3,57.81250000000001,50.5,32,62
742,3,57.727272727272734,50.545454545454554,33,64
743,3,57.83870967741935,50.87096774193549,31,64
744,3,57.6875,50.687500000000014,32,64
745,3,57.333333333333336,50.54545454545454,33,64
746,3,57.371428571428574,50.57142857142858,35,64
747,3,57.333333333333336,50.42424242424242,33,62
748,3,57.333333333333336,50.42424242424242,33,62
749,3,57.314285714285724,50.60000000000001,35,66
750,3,57.40624999999999,50.8125,32,64
751,3,57.375000000000014,50.81249999999999,32,64
752,3,57.387096774193544,51.032258064516114,31,64
753,3,57.43333333333333,50.9,30,62
754,3,57.406250000000014,50.875,32,64
755,3,57.16666666666667,50.69999999999999,30,64
756,3,57.032258064516135,50.74193548387097,31,64
757,3,57.03125,50.6875,32,66
758,3,57.27272727272728,50.727272727272734,33,66
759,3,57.057142857142864,50.68571428571428,35,66
760,3,56.96875,50.59375,32,62
761,3,56.96875,50.53125,32,62
762,3,57.0909090909091,50.72727272727273,33,64
763,3,57.15151515151515,50.3939393939394,33,64
764,3,57.0625,50.468750000000014,32,62
765,3,57.00000000000001,50.15624999999999,32,62
766,3,56.90909090909091,50.212121212121204,33,64
767,3,56.84375,50.06250000000001,32,64
768,3,57.00000000000001,50.171428571428564,35,64
769,3,57.02777777777779,50.083333333333336,36,64
770,3,57.088235294117645,49.94117647058823,34,64
771,3,57.05714285714286,50.05714285714285,35,64
772,3,57.121212121212125,49.96969696969696,33,64
773,3,57.19354838709677,50.03225806451613,31,62
774,3,57.379310344827594,50.0344827586207,29,62
775,3,57.379310344827594,50.0344827586207,29,62
776,3,57.38709677419355,50.06451612903226,31,64
777,3,57.31250000000001,50.06249999999999,32,64
778,3,57.31250000000001,50.06249999999999,32,64
779,3,57.32258064516129,49.93548387096774,31,62
780,3,57.31249999999999,49.71874999999999,32,64
781,3,57.575757575757585,49.96969696969697,33,62
782,3,57.65625,49.96875000000001,32,62
783,3,57.58064516129032,49.90322580645162,31,62
784,3,57.50000000000001,49.8125,32,64
785,3,57.50000000000001,49.88235294117647,34,64
786,3,57.50000000000001,50,34,62
787,3,57.50000000000001,50,34,62
788,3,57.41935483870969,49.935483870967744,31,60
789,3,57.40625,50.0625,32,64
790,3,57.37500000000001,50.03125000000001,32,62
791,3,57.38709677419356,50.12903225806452,31,62
792,3,57.34375000000001,50.03125000000001,32,64
793,3,57.32258064516128,50.12903225806452,31,62
794,3,57.483870967741936,50.225806451612904,31,62
795,3,57.50000000000001,50.125,32,64
796,3,57.424242424242415,50.18181818181817,33,64
797,3,57.44117647058823,50.05882352941178,34,64
798,3,57.393939393939384,50.000000000000014,33,66
799,3,57.46875000000001,49.90625000000001,32,64
800,3,57.529411764705884,50.05882352941178,34,64
801,3,57.575757575757585,49.96969696969697,33,64
802,3,57.81249999999999,49.8125,32,62
803,3,57.81249999999999,49.875,32,62
804,3,58.09375000000001,49.65624999999999,32,64
805,3,58.03125000000001,49.90624999999998,32,64
806,3,58.03125000000001,50.09374999999999,32,62
807,3,58,50.20588235294117,34,64
808,3,58.08571428571429,50.22857142857142,35,64
809,3,58.228571428571435,50.08571428571429,35,64
810,3,58.00000000000001,50.15624999999999,32,62
811,3,58.00000000000001,50.18749999999999,32,62
812,3,58.03225806451612,50.096774193548384,31,62
813,3,58.06451612903225,49.99999999999999,31,62
814,3,58.176470588235304,49.999999999999986,34,64
815,3,58.212121212121204,50.090909090909086,33,62
816,3,58.28125,49.84375,32,62
817,3,58.3125,49.90625,32,62
818,3,58.18750000000001,49.875000000000014,32,64
819,3,58.00000000000001,49.90000000000001,30,60
820,3,57.937500000000014,50.09375,32,62
821,3,57.78125000000001,50.34374999999999,32,64
822,3,57.75000000000001,50.43749999999999,32,62
823,3,57.76470588235295,50.44117647058824,34,64
824,3,57.687500000000014,50.406250000000014,32,62
825,3,57.687500000000014,50.406250000000014,32,62
826,3,57.53125,50.53125,32,62
827,3,57.37500000000001,50.656250000000014,32,64
828,3,57.333333333333336,50.75757575757576,33,62
829,3,57.5,50.78125000000001,32,64
830,3,57.28125,50.84375,32,62
831,3,57.21212121212122,50.7878787878788,33,64
832,3,57.15151515151516,50.78787878787881,33,64
833,3,57.03125,51.03125000000001,32,64
834,3,57.08571428571428,51.114285714285735,35,66
835,3,57.05714285714286,50.99999999999999,35,64
836,3,57.02857142857144,50.828571428571436,35,64
837,3,57.212121212121204,50.96969696969698,33,64
838,3,57.18181818181819,50.72727272727273,33,62
839,3,57.15151515151515,50.72727272727273,33,62
840,3,57.12500000000001,50.8125,32,62
841,3,57.18750000000001,50.875,32,64
842,3,57.062500000000014,50.625,32,62
843,3,57.03030303030303,50.51515151515152,33,64
844,3,57.12500000000001,50.8125,32,62
845,3,57.21212121212121,50.848484848484865,33,64
846,3,57.33333333333333,50.93939393939394,33,62
847,3,57.37500000000001,51.03125000000001,32,62
848,3,57.205882352941174,51.08823529411765,34,64
849,3,57.14705882352941,51.029411764705884,34,66
850,3,57.23529411764706,51.02941176470588,34,64
851,3,57.228571428571435,51.08571428571429,35,64
852,3,57.32352941176471,51.058823529411775,34,64
853,3,57.32258064516128,51.00000000000001,31,62
854,3,57.333333333333336,51.121212121212125,33,64
855,3,57.27272727272726,51.06060606060606,33,64
856,3,57.28125,50.96875,32,62
857,3,57.11764705882353,50.99999999999999,34,64
858,3,57.08333333333332,51.02777777777778,36,64
859,3,57.08823529411766,51.029411764705884,34,64
860,3,56.96774193548387,50.93548387096772,31,62
861,3,57.03030303030303,50.878787878787875,33,64
862,3,57.096774193548384,50.80645161290322,31,60
863,3,57,50.78125000000001,32,62
864,3,57.06060606060606,50.90909090909091,33,64
865,3,57.18181818181819,50.96969696969697,33,64
866,3,57.25,50.8125,32,62
867,3,57.51515151515153,50.75757575757575,33,64
868,3,57.59375,50.6875,32,62
869,3,57.666666666666664,50.63636363636364,33,64
870,3,57.81818181818182,50.696969696969695,33,64
871,3,57.76470588235294,50.470588235294116,34,64
872,3,58.029411764705884,50.38235294117647,34,64
873,3,57.75000000000001,50.46875,32,64
874,3,58.062500000000014,50.375,32,64
875,3,58.15625000000001,50.37500000000001,32,60
876,3,58.25806451612903,50.51612903225807,31,64
877,3,58.1290322580645,50.645161290322584,31,62
878,3,58.0625,50.71874999999999,32,64
879,3,58.354838709677416,50.74193548387096,31,64
880,3,58.187499999999986,50.687500000000014,32,64
881,3,58.03030303030303,50.575757575757585,33,62
882,3,58.088235294117645,50.64705882352941,34,64
883,3,57.909090909090914,50.545454545454554,33,62
884,3,57.82352941176471,50.558823529411775,34,64
885,3,57.9375,50.56250000000001,32,62
886,3,58.093750000000014,50.5,32,62
887,3,57.96875,50.65624999999999,32,62
888,3,58.09375000000001,50.56250000000001,32,62
889,3,58.26470588235294,50.47058823529413,34,64
890,3,58.2857142857143,50.171428571428564,35,64
891,3,58.28124999999999,50.28125,32,62
892,3,58.5,50.375,32,62
893,3,58.375000000000014,50.218749999999986,32,62
894,3,58.03125000000001,50.1875,32,64
895,3,57.84375000000001,50.1875,32,62
896,3,57.68750000000001,50.28125,32,64
897,3,57.5,50.375,32,62
898,3,57.57575757575758,50.42424242424242,33,62
899,3,57.741935483870975,50.35483870967741,31,62
900,3,57.65625,50.65625,32,62
901,3,57.62500000000001,50.750000000000014,32,62
902,3,57.62500000000001,50.750000000000014,32,62
903,3,57.545454545454554,50.57575757575758,33,64
904,3,57.193548387096776,50.612903225806456,31,64
905,3,57.25806451612903,50.645161290322584,31,62
906,3,57.156250000000014,50.81250000000001,32,64
907,3,57.13333333333333,50.83333333333333,30,60
908,3,57.029411764705884,51.17647058823528,34,66
909,3,56.882352941176485,51.235294117647065,34,64
910,3,56.84848484848486,51.151515151515156,33,62
911,3,56.84375000000001,51.0625,32,62
912,3,56.81818181818182,50.969696969696976,33,64
913,3,56.81818181818182,50.72727272727273,33,62
914,3,57.16129032258064,50.548387096774206,31,64
915,3,57.33333333333333,50.4848484848485,33,64
916,3,57.33333333333333,50.4848484848485,33,64
917,3,57.33333333333333,50.4848484848485,33,64
918,3,57.1875,50.74999999999999,32,62
919,3,57.03125000000001,50.906249999999986,32,62
920,3,57.03125000000001,50.71875,32,62
921,3,57.03125000000001,50.71875,32,62
922,3,56.93939393939394,50.666666666666664,33,64
923,3,57,50.59375,32,64
924,3,56.93939393939394,50.666666666666664,33,64
925,3,56.93939393939394,50.666666666666664,33,64
926,3,56.85294117647059,50.647058823529406,34,64
927,3,56.85294117647059,50.647058823529406,34,64
928,3,56.676470588235304,50.647058823529406,34,64
929,3,56.82352941176471,50.73529411764707,34,64
930,3,56.93548387096775,50.58064516129032,31,60
931,3,57.06060606060607,50.6969696969697,33,64
932,3,57.14705882352942,50.70588235294118,34,64
933,3,57.44117647058823,50.76470588235294,34,64
934,3,57.62500000000001,50.84375,32,60
935,3,57.787878787878796,50.72727272727274,33,64
936,3,57.6969696969697,50.90909090909091,33,62
937,3,57.774193548387096,50.74193548387097,31,62
938,3,57.787878787878796,50.93939393939395,33,64
939,3,57.93548387096774,50.90322580645161,31,62
940,3,58.088235294117645,51.02941176470588,34,64
941,3,58.088235294117645,51.02941176470588,34,64
942,3,58.029411764705884,50.91176470588235,34,64
943,3,57.96875,50.99999999999999,32,64
944,3,58.032258064516135,51.09677419354839,31,62
945,3,57.93333333333334,51.06666666666667,30,62
946,3,58.032258064516135,50.93548387096774,31,62
947,3,58.12121212121212,50.78787878787879,33,64
948,3,58.303030303030305,50.757575757575765,33,62
949,3,58.41935483870968,51.00000000000001,31,62
950,3,58.31249999999999,51.03125,32,62
951,3,58.35483870967742,50.935483870967744,31,60
952,3,58.43333333333334,50.900000000000006,30,60
953,3,58.48484848484849,50.96969696969697,33,64
954,3,58.66666666666667,50.99999999999999,33,66
955,3,58.727272727272734,50.878787878787875,33,66
956,3,58.90000000000002,50.63333333333333,30,60
957,3,59.06060606060606,50.66666666666667,33,64
958,3,59.00000000000001,50.60000000000001,35,64
959,3,58.757575757575765,50.42424242424243,33,62
960,3,58.81818181818182,50.484848484848484,33,64
961,3,58.71875,50.46875,32,64
962,3,58.81250000000001,50.46875,32,62
963,3,58.96875,50.59375,32,62
964,3,59.0625,50.53125000000001,32,62
965,3,59.352941176470594,50.8235294117647,34,66
966,3,59.25714285714286,50.85714285714286,35,66
967,3,59.09375000000001,50.84375,32,64
968,3,58.906250000000014,51.125,32,62
969,3,58.599999999999994,50.9,30,62
970,3,58.44827586206897,50.931034482758626,29,62
971,3,58.59375000000001,51.03124999999999,32,66
972,3,58.51612903225808,50.96774193548388,31,64
973,3,58.61290322580646,50.967741935483865,31,62
974,3,58.83870967741936,51,31,62
975,3,58.73529411764706,51.294117647058826,34,64
976,3,58.77142857142857,51.371428571428574,35,64
977,3,58.861111111111114,51.38888888888889,36,64
978,3,58.852941176470594,51.41176470588234,34,64
979,3,58.94285714285715,51.428571428571416,35,64
980,3,58.861111111111114,51.38888888888889,36,64
981,3,58.82352941176471,51.29411764705883,34,64
982,3,58.666666666666664,51.121212121212125,33,64
983,3,58.666666666666664,51.24242424242424,33,62
984,3,58.666666666666664,51.24242424242424,33,62
985,3,58.666666666666664,51.24242424242424,33,62
986,3,58.787878787878796,51.09090909090909,33,64
987,3,58.71428571428573,51.057142857142864,35,64
988,3,58.70588235294118,50.97058823529412,34,64
989,3,58.71428571428573,51.057142857142864,35,64
990,3,58.70588235294118,51.1470588235294,34,64
991,3,58.53125,51.12499999999999,32,64
992,3,58.36666666666667,51.266666666666666,30,60
993,3,58.46875000000001,51.25,32,64
994,3,58.656250000000014,51.15625,32,62
995,3,58.633333333333354,51.00000000000001,30,62
996,3,58.56666666666667,51.16666666666668,30,64
997,3,58.709677419354854,51.06451612903226,31,64
998,3,58.580645161290334,51.25806451612903,31,64
999,3,58.59375,51.343749999999986,32,66
1000,3,58.71875,51.31250000000001,32,62
0,4,50.51515151515152,49.03030303030303,33,64
1,4,50.50000000000001,49.12500000000001,32,64
2,4,50.451612903225815,49.19354838709678,31,64
3,4,50.35483870967742,49.09677419354839,31,62
4,4,50.50000000000001,48.88235294117647,34,64
5,4,50.333333333333336,48.84848484848485,33,64
6,4,50.411764705882355,48.911764705882355,34,64
7,4,50.44117647058824,48.79411764705882,34,64
8,4,50.51515151515152,48.84848484848483,33,64
9,4,50.45454545454546,48.909090909090914,33,62
10,4,50.437500000000014,48.84375,32,62
11,4,50.437500000000014,48.84375,32,62
12,4,50.51428571428573,49.11428571428572,35,64
13,4,50.48571428571429,48.88571428571429,35,64
14,4,50.51515151515153,48.90909090909091,33,62
15,4,50.36363636363636,48.90909090909091,33,64
16,4,50.3888888888889,49.13888888888888,36,64
17,4,50.235294117647065,49.058823529411754,34,64
18,4,50.18181818181819,48.969696969696955,33,62
19,4,50.117647058823536,48.882352941176464,34,64
20,4,50.15625,49.062499999999986,32,62
21,4,50.35294117647059,48.91176470588234,34,64
22,4,50.36363636363636,48.757575757575765,33,64
23,4,50.41176470588235,48.85294117647059,34,64
24,4,50.32258064516129,49.00000000000001,31,62
25,4,50.2258064516129,49.38709677419355,31,62
26,4,50.2258064516129,49.38709677419355,31,62
27,4,50.114285714285714,49.114285714285735,35,64
28,4,50.25,49.15625,32,64
29,4,50.3125,49.343750000000014,32,64
30,4,50.16666666666667,49.23333333333334,30,62
31,4,50.12499999999999,49.218750000000014,32,64
32,4,50.23529411764706,49.147058823529406,34,64
33,4,50.09374999999999,49.18749999999999,32,64
34,4,50.18181818181817,49.242424242424235,33,66
35,4,50.13333333333332,49.199999999999996,30,64
36,4,50.2,49.3,30,62
37,4,50.3,49.36666666666667,30,62
38,4,50.46875000000001,49.34375000000001,32,64
39,4,50.41935483870968,49.612903225806456,31,64
40,4,50.193548387096776,49.54838709677419,31,62
41,4,50.25,49.625,32,64
42,4,50.437500000000014,49.781249999999986,32,64
43,4,50.15625,49.74999999999999,32,64
44,4,50.15625,49.74999999999999,32,64
45,4,50.176470588235304,49.64705882352942,34,64
46,4,50.27272727272728,49.69696969696969,33,64
47,4,50.205882352941174,49.735294117647065,34,64
48,4,50.114285714285714,49.74285714285714,35,64
49,4,50.11764705882353,49.64705882352942,34,64
50,4,50.09375000000001,49.75,32,62
51,4,49.885714285714286,49.942857142857136,35,64
52,4,49.828571428571436,50.02857142857142,35,64
53,4,49.75757575757577,50.09090909090909,33,62
54,4,49.70588235294118,50.264705882352935,34,64
55,4,49.625000000000014,50.3125,32,64
56,4,49.54545454545455,50.27272727272728,33,64
57,4,49.63636363636364,50.212121212121204,33,64
58,4,49.749999999999986,50.09375000000001,32,62
59,4,49.90909090909091,49.90909090909092,33,64
60,4,49.57575757575757,49.6060606060606,33,64
61,4,49.45454545454545,49.57575757575758,33,64
62,4,49.4,49.457142857142856,35,66
63,4,49.29411764705882,49.382352941176464,34,66
64,4,49.24242424242424,49.09090909090908,33,62
65,4,49.25714285714286,49.11428571428572,35,64
66,4,49.33333333333333,49.06060606060608,33,62
67,4,49.303030303030305,49.090909090909086,33,62
68,4,49.31249999999999,49.03125,32,62
69,4,49.43750000000001,49.218749999999986,32,62
70,4,49.43750000000001,49.218749999999986,32,62
71,4,49.437500000000014,49.15625,32,64
72,4,49.46875000000001,48.96875,32,62
73,4,49.545454545454554,48.90909090909091,33,62
74,4,49.687500000000014,48.843750000000014,32,62
75,4,49.84375,48.78124999999999,32,64
76,4,49.7741935483871,48.806451612903224,31,62
77,4,49.93548387096775,48.70967741935484,31,62
78,4,49.90322580645162,48.806451612903224,31,60
79,4,49.90322580645162,48.74193548387097,31,62
80,4,49.870967741935495,48.516129032258064,31,64
81,4,49.8125,48.31250000000001,32,64
82,4,49.84375000000001,48.21875000000001,32,64
83,4,49.9375,48.21875,32,64
84,4,50.09090909090909,48.121212121212125,33,64
85,4,50.303030303030305,48.18181818181818,33,64
86,4,50.37500000000001,48.25,32,62
87,4,50.55882352941177,48.23529411764706,34,64
88,4,50.333333333333336,48.15151515151516,33,64
89,4,50.14705882352941,47.94117647058823,34,64
90,4,50.06060606060606,47.90909090909091,33,64
91,4,50.24242424242424,47.9090909090909,33,62
92,4,50.20000000000001,48.1,30,62
93,4,50.12903225806452,48.032258064516114,31,62
94,4,50.235294117647065,48.205882352941174,34,64
95,4,50.121212121212125,48.45454545454545,33,66
96,4,50.24999999999999,48.34375000000001,32,64
97,4,50.24999999999999,48.34375000000001,32,64
98,4,50.31249999999999,48.15625,32,62
99,4,50.37500000000001,48.34375000000001,32,64
100,4,50.40625,48.5625,32,62
101,4,50.33333333333333,48.48484848484849,33,64
102,4,50.50000000000001,48.35294117647059,34,64
103,4,50.65625000000001,48.46874999999999,32,62
104,4,50.57575757575758,48.42424242424242,33,62
105,4,50.43750000000001,48.406250000000014,32,62
106,4,50.39393939393939,48.48484848484847,33,62
107,4,50.51515151515153,48.393939393939405,33,62
108,4,50.42857142857143,48.542857142857144,35,64
109,4,50.63636363636363,48.72727272727271,33,62
110,4,50.63636363636363,48.72727272727271,33,62
111,4,50.71874999999999,48.71874999999999,32,64
112,4,50.875,48.59374999999999,32,64
113,4,50.74999999999999,48.781249999999986,32,64
114,4,50.93548387096775,48.93548387096773,31,62
115,4,50.81818181818182,49.09090909090909,33,66
116,4,50.93939393939394,48.93939393939393,33,64
117,4,51.032258064516135,48.806451612903224,31,62
118,4,51.15625,48.71874999999999,32,62
119,4,50.87096774193549,48.70967741935484,31,62
120,4,50.71875,48.59375000000001,32,64
121,4,50.63636363636363,48.606060606060616,33,64
122,4,50.59375000000001,48.6875,32,64
123,4,50.575757575757585,48.666666666666664,33,62
124,4,50.42424242424243,48.75757575757576,33,62
125,4,50.42424242424243,48.75757575757576,33,62
126,4,50.53125000000001,48.84374999999999,32,62
127,4,50.37500000000001,48.96874999999999,32,62
128,4,50.437500000000014,48.781249999999986,32,64
129,4,50.36363636363636,48.72727272727272,33,64
130,4,50.3125,48.71874999999999,32,64
131,4,50.294117647058826,48.852941176470594,34,64
132,4,50.24242424242425,48.787878787878796,33,64
133,4,50.24242424242425,48.787878787878796,33,64
134,4,50.24242424242425,48.727272727272734,33,66
135,4,50.300000000000004,48.7,30,62
136,4,50.28125,48.6875,32,62
137,4,50.5,48.8125,32,62
138,4,50.64705882352942,48.735294117647065,34,64
139,4,50.67741935483871,48.70967741935483,31,62
140,4,50.50000000000001,48.67647058823529,34,66
141,4,50.62857142857143,48.57142857142858,35,64
142,4,50.82352941176471,48.617647058823536,34,64
143,4,50.866666666666674,48.8,30,60
144,4,51.03125000000001,48.65624999999999,32,62
145,4,50.94117647058824,48.52941176470589,34,64
146,4,50.77777777777777,48.50000000000001,36,66
147,4,50.91176470588236,48.58823529411766,34,64
148,4,51.03125000000001,48.59375000000001,32,62
149,4,51.15625000000001,48.43749999999999,32,62
150,4,51.42424242424242,48.45454545454546,33,64
151,4,51.42424242424242,48.45454545454546,33,64
152,4,51.46875000000001,48.56249999999999,32,62
153,4,51.352941176470594,48.529411764705884,34,64
154,4,51.21875,48.65625000000001,32,62
155,4,51.32258064516128,48.64516129032259,31,62
156,4,51.45714285714286,48.74285714285715,35,64
157,4,51.612903225806456,48.83870967741937,31,62
158,4,51.625,48.93750000000001,32,64
159,4,51.516129032258064,48.90322580645162,31,62
160,4,51.39393939393938,49.03030303030303,33,64
161,4,51.323529411764696,49.088235294117645,34,64
162,4,51.15151515151515,49.090909090909086,33,62
163,4,51.15151515151515,49.090909090909086,33,62
164,4,51.0625,49.125,32,62
165,4,51.13333333333333,49.133333333333326,30,64
166,4,51.34482758620691,49.13793103448276,29,62
167,4,51.25,48.90625,32,64
168,4,50.87096774193549,48.90322580645162,31,66
169,4,50.86666666666667,48.99999999999999,30,64
170,4,51.000000000000014,49,31,60
171,4,51.093750000000014,49.0625,32,62
172,4,50.90909090909091,49.15151515151515,33,64
173,4,50.99999999999999,49.1875,32,64
174,4,50.90909090909091,49.272727272727266,33,64
175,4,50.909090909090914,49.121212121212125,33,64
176,4,51.08823529411766,49.17647058823529,34,64
177,4,51.08823529411766,49.23529411764707,34,64
178,4,51.08823529411766,49.23529411764707,34,64
179,4,51.08823529411766,49.23529411764707,34,64
180,4,51.08823529411766,49.23529411764707,34,64
181,4,51.062500000000014,49.43750000000001,32,62
182,4,51.26666666666667,49.36666666666667,30,60
183,4,51.20000000000001,49.43333333333334,30,60
184,4,51,49.67741935483871,31,64
185,4,51.096774193548384,49.516129032258064,31,64
186,4,51.21875,49.375,32,64
187,4,51.00000000000001,49.37142857142858,35,64
188,4,51.2,49.34285714285715,35,66
189,4,51.25,49.375,32,62
190,4,51.28125,49.34374999999999,32,62
191,4,51.06451612903226,49.41935483870968,31,60
192,4,51.09677419354837,49.61290322580646,31,62
193,4,51.000000000000014,49.45161290322581,31,62
194,4,51.06451612903226,49.41935483870969,31,64
195,4,50.800000000000004,49.33333333333333,30,62
196,4,50.774193548387096,49.41935483870968,31,62
197,4,50.58823529411766,49.5,34,64
198,4,50.666666666666664,49.454545454545446,33,64
199,4,50.625,49.53125,32,64
200,4,50.580645161290334,49.41935483870967,31,62
201,4,50.81250000000001,49.5625,32,62
202,4,50.75000000000001,49.62500000000001,32,62
203,4,50.83870967741936,49.58064516129033,31,62
204,4,50.727272727272734,49.424242424242415,33,64
205,4,50.727272727272734,49.424242424242415,33,64
206,4,50.6969696969697,49.27272727272727,33,64
207,4,50.78125,49.34375000000001,32,62
208,4,50.727272727272734,49.48484848484849,33,64
209,4,50.76470588235294,49.529411764705884,34,64
210,4,50.71875,49.5,32,62
211,4,50.75000000000001,49.5,32,64
212,4,50.60606060606061,49.515151515151516,33,62
213,4,50.3125,49.46875000000001,32,62
214,4,50.33333333333333,49.36363636363637,33,64
215,4,50.52941176470589,49.50000000000001,34,64
216,4,50.61764705882354,49.58823529411765,34,64
217,4,50.5,49.4705882352941,34,64
218,4,50.55882352941177,49.49999999999999,34,66
219,4,50.45454545454546,49.393939393939384,33,64
220,4,50.39393939393939,49.51515151515152,33,62
221,4,50.294117647058826,49.50000000000001,34,62
222,4,50.2,49.542857142857144,35,64
223,4,50.2,49.542857142857144,35,64
224,4,50.176470588235304,49.70588235294118,34,64
225,4,50.176470588235304,49.70588235294118,34,64
226,4,50.0909090909091,49.757575757575765,33,62
227,4,50.06250000000001,49.75,32,64
228,4,50.06060606060606,49.666666666666664,33,62
229,4,50.45161290322581,49.70967741935485,31,60
230,4,50.34375000000001,49.68749999999999,32,62
231,4,50.193548387096776,49.80645161290322,31,62
232,4,50.11764705882353,49.588235294117645,34,64
233,4,50.06060606060606,49.666666666666664,33,62
234,4,49.94117647058824,49.91176470588234,34,64
235,4,49.97222222222222,50.083333333333336,36,64
236,4,49.96875,50.3125,32,62
237,4,50.176470588235304,50.35294117647059,34,64
238,4,50.75000000000001,50.53124999999999,32,64
239,4,50.375000000000014,50.5,32,62
240,4,50.333333333333336,50.45454545454545,33,66
241,4,50.42424242424243,50.42424242424242,33,62
242,4,50.333333333333336,50.242424242424235,33,62
243,4,50.34375000000001,50.15625000000001,32,62
244,4,50.60606060606061,50.121212121212125,33,64
245,4,50.625,49.87500000000001,32,64
246,4,50.54838709677419,49.935483870967744,31,62
247,4,50.64516129032258,49.80645161290321,31,64
248,4,50.57575757575758,49.93939393939392,33,64
249,4,50.58064516129033,50.06451612903226,31,62
250,4,50.687500000000014,49.90625000000001,32,62
251,4,50.354838709677416,49.90322580645161,31,62
252,4,50.62500000000001,49.81250000000001,32,64
253,4,50.71875,49.96875,32,62
254,4,50.666666666666664,49.878787878787875,33,64
255,4,50.727272727272734,49.90909090909091,33,64
256,4,50.84848484848486,49.78787878787878,33,64
257,4,50.6969696969697,49.93939393939394,33,64
258,4,50.757575757575765,49.75757575757577,33,64
259,4,50.6969696969697,49.93939393939394,33,64
260,4,50.70588235294119,50.029411764705884,34,64
261,4,50.78787878787879,50.00000000000002,33,64
262,4,50.735294117647065,50.205882352941174,34,64
263,4,50.60606060606061,50.21212121212121,33,64
264,4,50.60606060606061,50.18181818181818,33,64
265,4,50.787878787878796,50.27272727272727,33,64
266,4,50.875000000000014,50.21874999999999,32,62
267,4,50.73333333333335,50.233333333333334,30,60
268,4,50.787878787878796,50.454545454545446,33,62
269,4,50.84848484848486,50.48484848484849,33,62
270,4,50.94285714285716,50.65714285714286,35,64
271,4,50.96875,50.53125,32,62
272,4,51.1764705882353,50.61764705882353,34,66
273,4,51.00000000000001,50.5,34,62
274,4,51.20588235294119,50.55882352941177,34,64
275,4,51.30303030303029,50.575757575757585,33,64
276,4,51.032258064516135,50.32258064516129,31,62
277,4,50.875,50.18749999999999,32,62
278,4,50.82352941176471,50.3235294117647,34,64
279,4,51.03030303030303,50.18181818181817,33,62
280,4,50.885714285714286,50.257142857142846,35,64
281,4,51.00000000000001,50.26470588235294,34,62
282,4,51.00000000000001,50.26470588235294,34,62
283,4,50.96875,50.3125,32,62
284,4,51.121212121212125,50.3030303030303,33,64
285,4,51.090909090909086,50.151515151515156,33,64
286,4,51.090909090909086,50.151515151515156,33,64
287,4,51.090909090909086,50.151515151515156,33,64
288,4,50.94285714285715,50.22857142857142,35,66
289,4,50.970588235294116,50.38235294117648,34,64
290,4,50.909090909090914,50.545454545454554,33,62
291,4,50.97058823529412,50.617647058823536,34,64
292,4,51.14705882352942,50.67647058823528,34,64
293,4,51.14705882352942,50.67647058823528,34,64
294,4,51.00000000000001,50.73529411764707,34,62
295,4,51.000000000000014,50.61290322580645,31,62
296,4,51.03125000000001,50.74999999999999,32,62
297,4,51.03030303030304,50.54545454545455,33,66
298,4,51.39393939393939,50.515151515151516,33,64
299,4,51.46875000000001,50.43750000000001,32,66
300,4,51.56666666666667,49.933333333333344,30,64
301,4,51.57575757575758,50.030303030303045,33,64
302,4,51.699999999999996,50.20000000000001,30,62
303,4,51.87096774193548,50.06451612903226,31,62
304,4,51.727272727272734,49.909090909090914,33,64
305,4,51.65625000000001,49.96875,32,64
306,4,51.71875,49.96875000000001,32,62
307,4,51.71875,49.96875000000001,32,62
308,4,51.78787878787879,49.909090909090914,33,62
309,4,51.666666666666664,50.000000000000014,33,64
310,4,51.48484848484848,49.909090909090914,33,64
311,4,51.28125,50.03124999999999,32,62
312,4,51.093750000000014,50.03125,32,62
313,4,51.1,50.06666666666666,30,60
314,4,50.90000000000001,50.03333333333333,30,62
315,4,50.9375,49.96874999999999,32,64
316,4,50.84375000000001,50.125,32,64
317,4,50.909090909090914,50.212121212121204,33,64
318,4,50.83870967741936,50.45161290322581,31,64
319,4,51.15625,50.56250000000001,32,64
320,4,51.16129032258065,50.5483870967742,31,62
321,4,51.00000000000001,50.53333333333334,30,64
322,4,51.00000000000001,50.53333333333334,30,64
323,4,50.96774193548388,50.58064516129033,31,64
324,4,51.06666666666667,50.86666666666667,30,64
325,4,51.26666666666667,50.73333333333333,30,62
326,4,51.35483870967742,50.74193548387096,31,60
327,4,51.466666666666676,50.73333333333333,30,62
328,4,51.38709677419356,50.74193548387096,31,60
329,4,51.65625000000001,50.87500000000001,32,64
330,4,51.93548387096774,50.83870967741935,31,62
331,4,51.96969696969698,50.81818181818182,33,62
332,4,52.062500000000014,50.84375000000002,32,62
333,4,52.0909090909091,50.757575757575765,33,62
334,4,52.08823529411766,50.64705882352942,34,64
335,4,52.24242424242425,50.6969696969697,33,62
336,4,52.26470588235295,50.794117647058826,34,64
337,4,52.26470588235295,50.70588235294117,34,64
338,4,52.34375000000001,50.625,32,62
339,4,52.47058823529412,50.73529411764705,34,64
340,4,52.47058823529412,50.73529411764705,34,64
341,4,52.44117647058824,50.67647058823528,34,64
342,4,52.451612903225815,50.838709677419345,31,62
343,4,52.42424242424243,50.93939393939394,33,62
344,4,52.575757575757585,50.96969696969697,33,62
345,4,52.50000000000001,51,34,62
346,4,52.545454545454554,51.090909090909086,33,62
347,4,52.20689655172414,51.310344827586206,29,64
348,4,52.2258064516129,51.64516129032259,31,64
349,4,52.2258064516129,51.64516129032259,31,64
350,4,52.50000000000001,51.71875000000001,32,64
351,4,52.43333333333334,51.9,30,62
352,4,52.43333333333334,51.9,30,62
353,4,52.53125,51.90625,32,64
354,4,52.400000000000006,52.08571428571428,35,66
355,4,52.32352941176471,51.99999999999999,34,64
356,4,52.29411764705882,51.970588235294116,34,64
357,4,52.27272727272726,51.87878787878788,33,64
358,4,52.303030303030305,52.06060606060606,33,64
359,4,52.29411764705882,51.970588235294116,34,64
360,4,52.25000000000001,52.111111111111114,36,66
361,4,52.176470588235304,51.82352941176471,34,62
362,4,52.176470588235304,51.82352941176471,34,62
363,4,52.176470588235304,51.82352941176471,34,62
364,4,51.970588235294116,51.91176470588235,34,64
365,4,52.06060606060606,51.93939393939392,33,64
366,4,52.03030303030303,52.030303030303024,33,64
367,4,51.885714285714286,51.885714285714286,35,64
368,4,52.00000000000001,52.171428571428564,35,64
369,4,51.91428571428572,52.142857142857146,35,64
370,4,51.971428571428575,52.11428571428572,35,66
371,4,52.303030303030305,52.06060606060605,33,64
372,4,52.303030303030305,52.06060606060605,33,64
373,4,52.21212121212121,52.18181818181818,33,66
374,4,52.176470588235304,52.35294117647059,34,64
375,4,52.057142857142864,52.42857142857143,35,64
376,4,52.00000000000001,52.5,34,62
377,4,52.00000000000001,52.5625,32,62
378,4,51.875000000000014,52.53125000000001,32,62
379,4,52.00000000000001,52.5,32,62
380,4,51.97222222222222,52.30555555555556,36,64
381,4,51.971428571428575,52.400000000000006,35,64
382,4,52.187499999999986,52.34374999999999,32,64
383,4,52.25,52.43749999999999,32,62
384,4,52.06250000000001,52.40624999999999,32,64
385,4,52.064516129032256,52.290322580645146,31,62
386,4,52.151515151515156,52.393939393939384,33,64
387,4,52.0909090909091,52.424242424242415,33,64
388,4,52,52.375,32,64
389,4,51.84374999999999,52.31250000000001,32,64
390,4,51.74193548387096,52.25806451612904,31,62
391,4,51.53125000000001,52.21874999999999,32,64
392,4,51.62500000000001,52.21875,32,64
393,4,51.6774193548387,52.12903225806453,31,62
394,4,51.51612903225807,52.03225806451612,31,62
395,4,51.533333333333346,51.933333333333344,30,62
396,4,51.735294117647065,52.147058823529406,34,64
397,4,51.735294117647065,51.999999999999986,34,62
398,4,51.617647058823536,51.85294117647059,34,64
399,4,51.787878787878796,51.848484848484844,33,64
400,4,51.735294117647065,51.999999999999986,34,62
401,4,51.66666666666667,51.93939393939392,33,62
402,4,51.735294117647065,51.999999999999986,34,62
403,4,51.735294117647065,51.999999999999986,34,62
404,4,51.88235294117646,51.94117647058824,34,64
405,4,51.99999999999999,51.96875000000001,32,64
406,4,51.870967741935495,51.967741935483865,31,62
407,4,51.96875000000001,52.093749999999986,32,64
408,4,51.818181818181806,51.96969696969697,33,62
409,4,51.78124999999999,51.875,32,62
410,4,51.63636363636363,51.93939393939394,33,64
411,4,51.71875000000001,52.00000000000001,32,62
412,4,51.66666666666667,52.272727272727266,33,64
413,4,51.58823529411765,52.35294117647058,34,64
414,4,51.575757575757585,52.242424242424235,33,62
415,4,51.41935483870969,52.16129032258064,31,62
416,4,51.31250000000001,52.15625000000001,32,64
417,4,51.22580645161291,52.161290322580655,31,62
418,4,51.19354838709678,51.935483870967744,31,62
419,4,51.19354838709678,51.935483870967744,31,62
420,4,51.21875,51.65625000000001,32,64
421,4,51.258064516129025,51.741935483870975,31,64
422,4,51.35483870967742,51.67741935483869,31,64
423,4,51.29032258064517,51.774193548387096,31,64
424,4,51.53125000000001,51.65624999999999,32,66
425,4,51.5483870967742,51.5483870967742,31,66
426,4,51.16129032258065,51.38709677419355,31,64
427,4,51.19354838709677,51.64516129032258,31,64
428,4,51.25,51.75,32,64
429,4,51.18750000000001,51.59375,32,64
430,4,51.25806451612904,51.74193548387097,31,64
431,4,51.264705882352935,51.91176470588235,34,64
432,4,51.25,51.71875,32,62
433,4,51.3125,51.625,32,62
434,4,51.39393939393939,51.666666666666664,33,64
435,4,51.12500000000001,51.75000000000001,32,64
436,4,51.28125,51.6875,32,62
437,4,51.28125,51.6875,32,62
438,4,51.333333333333336,51.75757575757576,33,62
439,4,51.333333333333336,51.75757575757576,33,62
440,4,51.411764705882355,51.67647058823529,34,64
441,4,51.466666666666676,51.56666666666667,30,62
442,4,51.451612903225815,51.677419354838705,31,64
443,4,51.5625,51.59374999999999,32,64
444,4,51.62500000000001,51.71874999999999,32,62
445,4,51.545454545454554,52.09090909090909,33,64
446,4,51.617647058823536,52.11764705882353,34,64
447,4,51.65625,52.03124999999999,32,62
448,4,51.39393939393939,52.12121212121212,33,64
449,4,51.437500000000014,51.93750000000001,32,64
450,4,51.483870967741936,51.83870967741935,31,64
451,4,51.517241379310356,51.89655172413792,29,62
452,4,51.60000000000001,51.83333333333332,30,64
453,4,51.774193548387096,51.64516129032259,31,64
454,4,51.45161290322581,51.54838709677419,31,62
455,4,51.37500000000001,51.46875,32,66
456,4,51.50000000000001,51.3,30,62
457,4,51.37500000000001,51.53125,32,64
458,4,51.25,51.65624999999999,32,64
459,4,51.187499999999986,51.53125,32,64
460,4,51.21875,51.218750000000014,32,62
461,4,51.09375000000001,51.3125,32,64
462,4,51.352941176470594,51.058823529411775,34,64
463,4,51.352941176470594,51.058823529411775,34,64
464,4,51.42424242424243,50.969696969696976,33,62
465,4,51.50000000000001,51,32,62
466,4,51.51515151515153,51.121212121212125,33,64
467,4,51.51515151515153,51.121212121212125,33,64
468,4,51.51515151515153,51.121212121212125,33,64
469,4,51.787878787878796,51.09090909090909,33,64
470,4,51.84848484848486,51.151515151515156,33,62
471,4,51.909090909090914,51.3030303030303,33,64
472,4,52.00000000000001,51.228571428571435,35,64
473,4,52.000000000000014,51.21212121212121,33,64
474,4,52.0625,51.06249999999999,32,62
475,4,52.15625000000001,51.00000000000001,32,62
476,4,52.15151515151515,51.090909090909086,33,62
477,4,52.176470588235304,51.17647058823528,34,62
478,4,52.235294117647065,51.1764705882353,34,64
479,4,52.02857142857144,51.39999999999999,35,64
480,4,52.20588235294119,51.32352941176472,34,66
481,4,52.20588235294119,51.32352941176472,34,66
482,4,52.15151515151515,51.272727272727266,33,64
483,4,52.15151515151515,51.272727272727266,33,64
484,4,52.15151515151515,51.090909090909086,33,62
485,4,52.25,51.093750000000014,32,62
486,4,52.40625,51.18749999999999,32,64
487,4,52.484848484848484,51.3030303030303,33,64
488,4,52.41935483870969,51.16129032258064,31,62
489,4,52.51612903225807,50.967741935483865,31,62
490,4,52.43333333333334,50.99999999999999,30,62
491,4,52.6875,51.09375000000001,32,64
492,4,52.70967741935484,51.19354838709678,31,64
493,4,52.85294117647058,51.205882352941174,34,66
494,4,52.75757575757577,50.90909090909092,33,62
495,4,52.828571428571436,51.02857142857142,35,64
496,4,52.735294117647065,50.999999999999986,34,62
497,4,52.63636363636363,51.272727272727266,33,64
498,4,52.42857142857144,51.37142857142859,35,64
499,4,52.34375000000001,51.53125,32,62
500,4,52.33333333333333,51.63636363636363,33,64
501,4,52.26470588235295,51.558823529411754,34,64
502,4,52.38235294117647,51.14705882352941,34,66
503,4,52.3939393939394,51.03030303030303,33,64
504,4,52.32352941176471,51.23529411764707,34,64
505,4,52.35483870967742,51.12903225806452,31,64
506,4,52.424242424242415,51.06060606060606,33,64
507,4,52.27272727272728,51.18181818181818,33,62
508,4,52.27272727272728,51.18181818181818,33,62
509,4,52.176470588235304,51.17647058823528,34,62
510,4,52.08571428571429,51.142857142857146,35,64
511,4,52.16666666666667,51.19444444444445,36,66
512,4,52.212121212121204,51.090909090909086,33,62
513,4,52.36363636363637,50.81818181818182,33,64
514,4,52.542857142857144,50.74285714285714,35,64
515,4,52.36363636363637,50.696969696969695,33,64
516,4,52.3125,50.625,32,62
517,4,52.53125,50.62500000000001,32,64
518,4,52.34374999999999,50.5625,32,64
519,4,52.11428571428572,50.485714285714295,35,64
520,4,52.0909090909091,50.515151515151516,33,62
521,4,52.18750000000001,50.68749999999999,32,64
522,4,52.181818181818194,50.75757575757577,33,64
523,4,52.333333333333336,50.75757575757576,33,62
524,4,52.333333333333336,50.75757575757576,33,62
525,4,52.411764705882355,50.67647058823529,34,64
526,4,52.28125,50.5625,32,62
527,4,52.3125,50.5,32,64
528,4,52.387096774193544,50.41935483870967,31,64
529,4,52.73333333333335,50.333333333333336,30,62
530,4,52.78125,50.46875000000001,32,62
531,4,52.906250000000014,50.375,32,62
532,4,52.84375,50.28125,32,64
533,4,52.93939393939394,50.303030303030305,33,64
534,4,53.029411764705884,50.352941176470594,34,66
535,4,53.03125000000001,50.46875,32,66
536,4,52.93750000000001,50.46874999999999,32,64
537,4,52.88235294117648,50.49999999999999,34,64
538,4,52.84375000000001,50.625000000000014,32,60
539,4,52.87878787878788,50.454545454545446,33,64
540,4,52.84848484848486,50.51515151515151,33,62
541,4,52.84848484848486,50.51515151515151,33,62
542,4,52.87878787878788,50.333333333333336,33,64
543,4,52.806451612903224,50.225806451612904,31,64
544,4,52.999999999999986,50.199999999999996,30,62
545,4,53.00000000000001,50.171428571428564,35,64
546,4,52.91176470588236,50.147058823529406,34,64
547,4,52.885714285714286,50.05714285714286,35,64
548,4,52.82352941176471,49.82352941176471,34,62
549,4,52.78787878787879,49.909090909090914,33,62
550,4,52.735294117647065,50.08823529411765,34,64
551,4,52.78125,50.09374999999999,32,64
552,4,53.00000000000002,50.06451612903225,31,62
553,4,52.878787878787875,49.93939393939394,33,64
554,4,52.875,49.84375,32,64
555,4,52.6969696969697,49.93939393939393,33,64
556,4,52.71875,50.031250000000014,32,62
557,4,52.687500000000014,49.96875,32,64
558,4,52.687500000000014,49.96875,32,64
559,4,52.906250000000014,50.03124999999999,32,64
560,4,52.93548387096775,49.967741935483865,31,62
561,4,52.970588235294116,49.852941176470594,34,64
562,4,53.21212121212122,49.848484848484844,33,66
563,4,53.21212121212122,49.66666666666668,33,64
564,4,53.05714285714287,49.54285714285715,35,66
565,4,53.11111111111112,49.61111111111112,36,66
566,4,53.20000000000001,49.65714285714286,35,66
567,4,52.909090909090914,49.60606060606061,33,64
568,4,53.00000000000001,49.77142857142858,35,64
569,4,53.062500000000014,49.625,32,62
570,4,52.96875,49.65625000000001,32,62
571,4,53.06060606060606,49.60606060606061,33,64
572,4,53.000000000000014,49.303030303030305,33,64
573,4,52.939393939393945,49.333333333333336,33,62
574,4,52.800000000000004,49.36666666666667,30,64
575,4,52.909090909090914,49.24242424242424,33,62
576,4,52.78787878787879,49.0909090909091,33,64
577,4,52.88235294117647,49.117647058823536,34,64
578,4,52.71875,49.093750000000014,32,64
579,4,52.64516129032258,49.09677419354839,31,62
580,4,52.81818181818182,49.303030303030305,33,64
581,4,52.96969696969698,49.272727272727266,33,64
582,4,52.709677419354854,49.4516129032258,31,62
583,4,52.85294117647059,49.647058823529406,34,64
584,4,53.275862068965516,49.44827586206897,29,62
585,4,52.84375000000001,49.375,32,60
586,4,52.941176470588246,49.205882352941174,34,64
587,4,53.000000000000014,49.18181818181818,33,64
588,4,53.000000000000014,49.18181818181818,33,64
589,4,53.032258064516135,49.25806451612903,31,62
590,4,52.937500000000014,49.25,32,62
591,4,53.06060606060606,49.242424242424235,33,64
592,4,53.15151515151514,49.393939393939384,33,64
593,4,53.1290322580645,49.41935483870968,31,62
594,4,53.121212121212125,49.57575757575758,33,64
595,4,53.235294117647065,49.58823529411765,34,66
596,4,53.142857142857146,49.57142857142858,35,66
597,4,53.20588235294119,49.5,34,64
598,4,53.00000000000001,49.63636363636364,33,64
599,4,52.625,49.78124999999999,32,64
600,4,52.625,49.78124999999999,32,64
601,4,52.54545454545455,49.81818181818182,33,64
602,4,52.54545454545455,49.81818181818182,33,64
603,4,52.75000000000001,49.81249999999999,32,62
604,4,52.75000000000001,49.718749999999986,32,62
605,4,52.75000000000001,49.718749999999986,32,62
606,4,52.70588235294118,49.67647058823529,34,64
607,4,52.861111111111114,49.611111111111114,36,64
608,4,52.666666666666664,49.575757575757585,33,62
609,4,52.48484848484849,49.6060606060606,33,64
610,4,52.37500000000001,49.62499999999999,32,62
611,4,52.38235294117648,49.82352941176471,34,64
612,4,52.451612903225815,50.12903225806452,31,64
613,4,52.37500000000001,50.06250000000001,32,66
614,4,52.451612903225815,50.12903225806452,31,64
615,4,52.40625,50.21874999999999,32,64
616,4,52.4,50.43333333333333,30,62
617,4,52.67741935483872,50.32258064516129,31,62
618,4,52.80645161290324,50.16129032258064,31,62
619,4,52.699999999999996,50.133333333333326,30,64
620,4,52.852941176470594,50.26470588235294,34,64
621,4,52.939393939393945,50.333333333333336,33,62
622,4,52.84848484848486,50.21212121212121,33,64
623,4,52.727272727272734,50.151515151515156,33,62
624,4,52.81249999999999,50.125,32,62
625,4,52.545454545454554,50.090909090909086,33,62
626,4,52.42424242424243,50.21212121212121,33,64
627,4,52.25,50.28124999999999,32,62
628,4,52.187499999999986,50.24999999999999,32,62
629,4,51.878787878787875,50.24242424242424,33,64
630,4,51.74193548387096,50.29032258064516,31,64
631,4,51.56250000000001,50.34375,32,64
632,4,51.727272727272734,50.333333333333336,33,64
633,4,51.90625,50.21875,32,64
634,4,52.00000000000001,50.19354838709678,31,62
635,4,52.10000000000001,50.23333333333333,30,62
636,4,52.29032258064517,50.064516129032256,31,64
637,4,52.000000000000014,50.06060606060607,33,64
638,4,52.032258064516135,50.09677419354838,31,64
639,4,52.25,50.15625,32,62
640,4,52.0625,50.09375000000001,32,62
641,4,52.00000000000001,50.21875,32,64
642,4,52.00000000000001,50.21875,32,64
643,4,51.84375000000001,50.09375000000001,32,64
644,4,51.90322580645162,50.193548387096776,31,62
645,4,51.870967741935495,50.12903225806451,31,64
646,4,52.03225806451612,50.096774193548384,31,64
647,4,52.09677419354839,50.2258064516129,31,64
648,4,52.03125000000001,50.12500000000001,32,64
649,4,52.0909090909091,50.21212121212121,33,64
650,4,52.0909090909091,50.21212121212121,33,64
651,4,52.0909090909091,50.21212121212121,33,64
652,4,52.0909090909091,50.21212121212121,33,64
653,4,51.91176470588236,50.352941176470594,34,64
654,4,51.84848484848486,50.27272727272727,33,62
655,4,51.82352941176471,50.1764705882353,34,62
656,4,51.727272727272734,50.151515151515156,33,62
657,4,51.42424242424243,50.21212121212121,33,64
658,4,51.393939393939384,50.21212121212121,33,64
659,4,51.25806451612903,50.064516129032256,31,62
660,4,51.23529411764706,49.85294117647059,34,64
661,4,51.23529411764706,49.85294117647059,34,64
662,4,51.24242424242425,50.06060606060606,33,64
663,4,51.34375000000001,50.28124999999999,32,64
664,4,51.121212121212125,50.42424242424242,33,64
665,4,51.151515151515156,50.36363636363637,33,64
666,4,51.12500000000002,50.28124999999999,32,64
667,4,51.12500000000002,50.28124999999999,32,64
668,4,51.030303030303045,50.24242424242424,33,64
669,4,50.906250000000014,50.25,32,62
670,4,51.085714285714296,50.400000000000006,35,66
671,4,51.16129032258065,50.58064516129032,31,62
672,4,50.94117647058824,50.91176470588234,34,64
673,4,50.99999999999999,50.90625,32,62
674,4,51.03030303030303,50.81818181818182,33,62
675,4,51.03030303030303,50.81818181818182,33,62
676,4,51.00000000000001,51.00000000000001,33,64
677,4,51.15625000000001,51.1875,32,62
678,4,51.05882352941176,51.14705882352941,34,64
679,4,51.05882352941176,51.14705882352941,34,64
680,4,51.25,51.093750000000014,32,62
681,4,51.45454545454546,51.09090909090909,33,62
682,4,51.50000000000001,51.00000000000001,34,62
683,4,51.50000000000001,51.00000000000001,34,62
684,4,51.54285714285715,51.085714285714296,35,64
685,4,51.5625,51.15625,32,62
686,4,51.666666666666664,51.121212121212125,33,64
687,4,51.63333333333334,51.29999999999999,30,60
688,4,51.51515151515152,51.75757575757576,33,64
689,4,51.393939393939384,51.63636363636364,33,64
690,4,51.09375000000001,51.781249999999986,32,64
691,4,51.12500000000001,51.593750000000014,32,62
692,4,51.12903225806452,51.677419354838705,31,62
693,4,50.9375,51.65625,32,64
694,4,51.18750000000001,51.59375,32,64
695,4,51.18750000000001,51.59375,32,64
696,4,51.16129032258065,51.70967741935484,31,62
697,4,51.26666666666667,51.76666666666667,30,62
698,4,51.16129032258065,51.774193548387096,31,62
699,4,51.00000000000001,51.5625,32,62
700,4,51.15625000000001,51.62500000000001,32,60
701,4,51.28125,51.59375,32,64
702,4,51.15625000000001,51.62500000000001,32,60
703,4,51.18181818181819,51.72727272727273,33,62
704,4,51.26470588235295,51.794117647058826,34,64
705,4,51.26470588235295,51.794117647058826,34,64
706,4,51.45454545454546,51.757575757575765,33,64
707,4,51.18749999999999,51.937500000000014,32,64
708,4,51.53125000000001,51.96874999999999,32,62
709,4,51.451612903225815,51.90322580645161,31,60
710,4,51.5483870967742,51.64516129032259,31,64
711,4,51.5483870967742,51.64516129032259,31,64
712,4,51.735294117647065,51.8235294117647,34,64
713,4,51.78787878787879,51.909090909090914,33,62
714,4,51.78787878787879,51.909090909090914,33,62
715,4,51.78125,51.81249999999999,32,62
716,4,51.727272727272734,51.84848484848485,33,62
717,4,51.617647058823536,51.705882352941174,34,64
718,4,51.57575757575758,51.42424242424242,33,62
719,4,51.57575757575758,51.42424242424242,33,62
720,4,51.62857142857143,51.228571428571435,35,64
721,4,51.52777777777778,51.24999999999999,36,66
722,4,51.483870967741936,51.06451612903226,31,64
723,4,51.46875,51.281249999999986,32,64
724,4,51.32352941176471,51.352941176470594,34,64
725,4,51.21875,51.21874999999999,32,62
726,4,51.23529411764706,51.205882352941174,34,64
727,4,51.444444444444436,50.944444444444436,36,66
728,4,51.2857142857143,51.171428571428564,35,64
729,4,51.176470588235304,51.17647058823528,34,62
730,4,51.27272727272728,51.151515151515156,33,62
731,4,51.48484848484849,51.15151515151515,33,62
732,4,51.47058823529412,51.26470588235294,34,64
733,4,51.545454545454554,51.2121212121212,33,64
734,4,51.44117647058823,50.94117647058823,34,64
735,4,51.37500000000001,50.84375000000001,32,60
736,4,51.3939393939394,50.96969696969697,33,64
737,4,51.18181818181819,51.03030303030302,33,62
738,4,51.117647058823536,50.882352941176464,34,64
739,4,51.117647058823536,50.882352941176464,34,64
740,4,51.117647058823536,50.882352941176464,34,64
741,4,51.18181818181819,50.969696969696955,33,62
742,4,51.26470588235295,50.999999999999986,34,62
743,4,51.235294117647065,50.91176470588235,34,64
744,4,51.25,50.71874999999999,32,62
745,4,51.400000000000006,50.714285714285715,35,64
746,4,51.27272727272728,50.848484848484865,33,62
747,4,51.27272727272728,50.848484848484865,33,62
748,4,51.352941176470594,50.852941176470594,34,64
749,4,51.290322580645174,51.09677419354839,31,64
750,4,51.41176470588235,51,34,64
751,4,51.32258064516129,51.12903225806451,31,62
752,4,51.32258064516129,51.12903225806451,31,62
753,4,51.205882352941174,51.14705882352942,34,66
754,4,51.27272727272728,51.24242424242424,33,66
755,4,51.37500000000001,51.3125,32,62
756,4,51.37500000000001,51.3125,32,62
757,4,51.37500000000001,51.3125,32,62
758,4,51.37500000000001,51.3125,32,62
759,4,51.451612903225815,51.38709677419355,31,62
760,4,51.451612903225815,51.25806451612903,31,64
761,4,51.40625,51.34375,32,64
762,4,51.48387096774194,51.225806451612904,31,64
763,4,51.50000000000001,51.1875,32,64
764,4,51.39393939393939,51.15151515151515,33,66
765,4,51.65625,51.21874999999999,32,62
766,4,51.78125000000001,51.34375,32,64
767,4,51.84848484848486,51.333333333333336,33,64
768,4,51.84848484848486,51.333333333333336,33,64
769,4,51.6875,51.09375000000001,32,62
770,4,51.437500000000014,50.8125,32,64
771,4,51.78787878787879,51.03030303030304,33,64
772,4,51.84375,51.062499999999986,32,64
773,4,52.09090909090909,51.242424242424235,33,64
774,4,52.09375000000001,51.4375,32,64
775,4,51.99999999999999,51.1875,32,64
776,4,51.909090909090914,51.212121212121225,33,64
777,4,51.84374999999999,51.31250000000001,32,64
778,4,51.63636363636363,51.24242424242425,33,64
779,4,51.484848484848484,51.090909090909086,33,62
780,4,51.53125000000001,51.1875,32,62
781,4,51.303030303030305,50.90909090909091,33,62
782,4,51.41176470588235,51,34,64
783,4,51.5625,51.34375,32,62
784,4,51.64516129032259,51.38709677419355,31,62
785,4,51.62500000000001,51.50000000000001,32,64
786,4,51.484848484848484,51.60606060606061,33,64
787,4,51.411764705882355,51.64705882352942,34,64
788,4,51.42424242424243,51.75757575757576,33,62
789,4,51.14705882352942,51.76470588235295,34,64
790,4,51.14705882352942,51.76470588235295,34,64
791,4,51.28124999999999,51.84375000000001,32,62
792,4,51.28124999999999,51.84375000000001,32,62
793,4,51.205882352941174,51.70588235294117,34,64
794,4,51.19354838709677,51.87096774193549,31,62
795,4,51.28124999999999,52,32,62
796,4,51.36363636363636,51.787878787878796,33,64
797,4,51.303030303030305,51.66666666666667,33,64
798,4,51.303030303030305,51.66666666666667,33,64
799,4,51.30000000000001,51.56666666666667,30,62
800,4,51.366666666666674,51.76666666666666,30,60
801,4,51.366666666666674,51.76666666666666,30,60
802,4,51.38709677419356,51.41935483870968,31,62
803,4,51.437500000000014,51.53124999999999,32,64
804,4,51.42424242424243,51.42424242424242,33,64
805,4,51.43750000000001,51.21875,32,64
806,4,51.43750000000001,51.21875,32,64
807,4,51.29032258064517,50.935483870967744,31,62
808,4,51.121212121212125,50.969696969696976,33,64
809,4,51.000000000000014,51.06060606060607,33,64
810,4,50.937500000000014,51.09375,32,64
811,4,51.09375000000001,51.18750000000001,32,64
812,4,51.09375000000001,51.18750000000001,32,64
813,4,51.15151515151515,51.151515151515156,33,62
814,4,51.121212121212125,51.33333333333332,33,64
815,4,51.06250000000001,51.249999999999986,32,64
816,4,50.96774193548388,51.19354838709676,31,62
817,4,51.06451612903226,51.258064516129025,31,62
818,4,50.84848484848486,51.15151515151514,33,64
819,4,50.84848484848486,51.15151515151514,33,64
820,4,50.81818181818182,51.333333333333336,33,64
821,4,50.73529411764706,51.29411764705882,34,64
822,4,50.5625,51.21874999999999,32,64
823,4,50.5625,51.1875,32,62
824,4,50.50000000000001,51.1764705882353,34,64
825,4,50.727272727272734,51.18181818181819,33,62
826,4,51.06060606060606,50.939393939393945,33,64
827,4,51.33333333333334,50.833333333333336,30,60
828,4,51.48387096774194,51.096774193548384,31,64
829,4,51.41935483870969,50.903225806451616,31,62
830,4,51.645161290322584,51.096774193548384,31,64
831,4,51.65625000000001,51.1875,32,64
832,4,51.66666666666667,51.121212121212125,33,64
833,4,51.6764705882353,51.44117647058823,34,64
834,4,51.77419354838711,51.41935483870968,31,62
835,4,51.81250000000001,51.50000000000001,32,62
836,4,51.87878787878788,51.575757575757585,33,64
837,4,51.87878787878788,51.575757575757585,33,64
838,4,51.87878787878788,51.575757575757585,33,64
839,4,52.06060606060607,51.57575757575758,33,66
840,4,52.15624999999999,51.593750000000014,32,66
841,4,51.96875000000001,51.68749999999999,32,64
842,4,52.08823529411766,51.8529411764706,34,64
843,4,52.15151515151515,52.090909090909086,33,62
844,4,52.25,52.093750000000014,32,62
845,4,52.25,52.093750000000014,32,62
846,4,52.27272727272728,52.21212121212121,33,64
847,4,52.26470588235295,51.999999999999986,34,62
848,4,52.545454545454554,52.303030303030305,33,64
849,4,52.25,52.18749999999999,32,62
850,4,52.25,52.34375,32,64
851,4,52.27272727272726,52.515151515151516,33,64
852,4,52.352941176470594,52.558823529411775,34,64
853,4,52.352941176470594,52.558823529411775,34,64
854,4,52.352941176470594,52.558823529411775,34,64
855,4,52.176470588235304,52.64705882352941,34,64
856,4,52.371428571428574,52.57142857142858,35,64
857,4,52.181818181818194,52.54545454545455,33,64
858,4,52.24242424242425,52.575757575757585,33,62
859,4,52.34375000000001,52.56249999999999,32,62
860,4,52.33333333333334,52.800000000000004,30,62
861,4,52.09677419354839,52.87096774193548,31,62
862,4,51.96774193548388,52.70967741935483,31,62
863,4,52.3225806451613,52.64516129032257,31,66
864,4,52.137931034482754,52.862068965517246,29,64
865,4,51.90000000000001,52.96666666666666,30,64
866,4,52.34375000000001,53.15625000000001,32,62
867,4,52.342857142857135,53.057142857142864,35,64
868,4,52.58823529411766,53.20588235294118,34,66
869,4,52.53125,53.21874999999999,32,64
870,4,52.294117647058826,53.44117647058823,34,64
871,4,52.24242424242425,53.242424242424235,33,64
872,4,52.15625000000001,53.18749999999999,32,62
873,4,52.41935483870968,53.32258064516129,31,62
874,4,52.16666666666667,53.43333333333333,30,62
875,4,52.06666666666667,53.46666666666666,30,62
876,4,51.96774193548387,53.45161290322581,31,64
877,4,51.85294117647059,53.47058823529412,34,66
878,4,51.75675675675676,53.43243243243244,37,66
879,4,51.75675675675676,53.43243243243244,37,66
880,4,51.97222222222222,53.3888888888889,36,66
881,4,52.0909090909091,53.54545454545455,33,62
882,4,51.939393939393945,53.42424242424242,33,62
883,4,51.84848484848486,53.333333333333336,33,64
884,4,51.75000000000001,53.59375,32,64
885,4,51.84848484848486,53.57575757575758,33,64
886,4,51.727272727272734,53.63636363636364,33,64
887,4,51.68571428571428,53.6,35,64
888,4,51.666666666666664,53.575757575757585,33,62
889,4,51.70588235294118,53.55882352941177,34,64
890,4,51.64516129032258,53.77419354838709,31,62
891,4,51.575757575757585,53.90909090909091,33,64
892,4,51.58823529411766,53.8235294117647,34,64
893,4,51.656250000000014,53.84375,32,62
894,4,51.82352941176472,53.76470588235295,34,64
895,4,51.818181818181834,53.6969696969697,33,64
896,4,52.00000000000001,53.5,32,62
897,4,51.967741935483886,53.58064516129032,31,62
898,4,52.000000000000014,53.54838709677419,31,62
899,4,52.193548387096776,53.483870967741936,31,62
900,4,52.12500000000001,53.406250000000014,32,62
901,4,52.029411764705884,53.38235294117647,34,64
902,4,52.352941176470594,53.44117647058824,34,64
903,4,52.39393939393939,53.36363636363636,33,64
904,4,52.5,53.5,34,64
905,4,52.80645161290324,53.29032258064516,31,60
906,4,52.87878787878788,53.27272727272727,33,64
907,4,52.741935483870975,53.38709677419355,31,60
908,4,52.741935483870975,53.19354838709677,31,62
909,4,52.69444444444445,53.305555555555564,36,64
910,4,52.742857142857154,53.22857142857143,35,64
911,4,52.70588235294119,53.14705882352941,34,64
912,4,52.65714285714286,53.22857142857143,35,64
913,4,52.451612903225815,53.25806451612904,31,64
914,4,52.21875,53.281250000000014,32,62
915,4,52,53.34375000000001,32,64
916,4,51.87096774193548,53.29032258064515,31,62
917,4,51.87096774193548,53.29032258064515,31,62
918,4,51.87096774193548,53.29032258064515,31,62
919,4,51.875000000000014,53.21874999999999,32,62
920,4,52.00000000000001,52.73529411764707,34,62
921,4,51.757575757575765,52.575757575757585,33,62
922,4,51.939393939393945,52.66666666666668,33,62
923,4,52.0909090909091,52.69696969696969,33,62
924,4,52.205882352941174,52.882352941176464,34,64
925,4,52.437500000000014,52.781249999999986,32,64
926,4,52.37500000000001,52.75,32,64
927,4,52.61290322580645,52.516129032258085,31,66
928,4,52.84375000000001,52.625000000000014,32,60
929,4,52.787878787878796,52.54545454545455,33,62
930,4,52.77142857142858,52.65714285714285,35,64
931,4,52.87878787878788,52.54545454545454,33,64
932,4,52.85294117647059,52.647058823529406,34,64
933,4,52.93939393939394,52.666666666666664,33,64
934,4,52.937500000000014,52.625000000000014,32,64
935,4,53.064516129032256,52.70967741935483,31,62
936,4,52.87499999999999,52.71875,32,64
937,4,52.87499999999999,52.71875,32,64
938,4,53.00000000000001,52.61290322580646,31,60
939,4,52.96774193548387,52.70967741935484,31,62
940,4,52.96774193548387,52.935483870967744,31,62
941,4,52.64705882352942,52.91176470588235,34,64
942,4,52.50000000000001,53,34,62
943,4,52.484848484848484,52.878787878787875,33,64
944,4,52.42424242424243,53.03030303030303,33,62
945,4,52.54545454545456,52.96969696969697,33,64
946,4,52.41935483870968,52.83870967741935,31,62
947,4,52.51612903225807,52.90322580645162,31,62
948,4,52.56250000000001,52.81250000000001,32,64
949,4,52.63636363636363,52.666666666666664,33,64
950,4,52.64516129032259,52.806451612903224,31,60
951,4,52.73529411764706,52.82352941176471,34,64
952,4,52.84848484848486,52.84848484848485,33,62
953,4,52.64516129032259,52.806451612903224,31,60
954,4,52.5483870967742,52.806451612903224,31,62
955,4,52.45454545454546,52.66666666666668,33,64
956,4,52.51515151515153,52.6060606060606,33,64
957,4,52.45454545454546,52.39393939393939,33,64
958,4,52.45454545454546,52.39393939393939,33,64
959,4,52.45454545454546,52.39393939393939,33,64
960,4,52.484848484848484,52.3939393939394,33,64
961,4,52.588235294117645,52.411764705882355,34,66
962,4,52.62500000000001,52.437500000000014,32,64
963,4,52.62500000000001,52.437500000000014,32,64
964,4,52.575757575757585,52.4848484848485,33,64
965,4,52.575757575757585,52.4848484848485,33,64
966,4,52.51515151515153,52.6060606060606,33,64
967,4,52.70588235294118,52.558823529411754,34,66
968,4,52.75757575757577,52.66666666666667,33,62
969,4,52.61111111111112,52.861111111111114,36,64
970,4,52.575757575757585,52.96969696969697,33,62
971,4,52.63636363636363,53.24242424242425,33,64
972,4,52.77419354838709,53.38709677419355,31,62
973,4,52.78787878787879,53.333333333333336,33,64
974,4,52.78787878787879,53.36363636363637,33,64
975,4,52.81250000000001,53.46875,32,62
976,4,52.83870967741935,53.38709677419355,31,62
977,4,52.83870967741935,53.38709677419355,31,62
978,4,52.81250000000001,53.46875,32,62
979,4,52.93548387096775,53.35483870967742,31,60
980,4,52.64705882352942,53.26470588235295,34,64
981,4,52.64705882352942,53.26470588235295,34,64
982,4,52.757575757575765,53.303030303030305,33,62
983,4,52.666666666666664,53.18181818181819,33,64
984,4,52.76470588235294,53.411764705882355,34,64
985,4,52.612903225806456,53.41935483870967,31,64
986,4,52.71875000000001,53.406249999999986,32,64
987,4,52.56250000000001,53.31249999999999,32,64
988,4,52.41935483870968,53.12903225806451,31,62
989,4,52.36363636363637,52.93939393939393,33,64
990,4,52.36363636363637,52.93939393939393,33,64
991,4,52.235294117647065,52.94117647058823,34,64
992,4,52.393939393939384,52.75757575757576,33,64
993,4,52.212121212121204,52.90909090909091,33,62
994,4,52.114285714285714,53.057142857142864,35,64
995,4,52.00000000000001,52.91176470588234,34,64
996,4,52.08823529411766,52.97058823529413,34,64
997,4,52.00000000000001,53.00000000000001,35,64
998,4,52.08823529411766,52.794117647058826,34,64
999,4,52.24242424242424,53,33,64
1000,4,52.00000000000001,52.93749999999999,32,66
0,5,50.27272727272728,48.848484848484865,33,62
1,5,50.28125,48.68749999999999,32,62
2,5,50.27272727272728,48.848484848484865,33,62
3,5,50.38235294117647,48.82352941176471,34,64
4,5,50.42857142857144,48.91428571428572,35,64
5,5,50.45454545454546,48.909090909090914,33,62
6,5,50.45454545454546,48.909090909090914,33,62
7,5,50.575757575757585,49.06060606060605,33,62
8,5,50.51428571428571,49,35,66
9,5,50.19354838709677,49.25806451612904,31,64
10,5,50.38709677419356,49.25806451612904,31,60
11,5,50.303030303030305,49.242424242424256,33,62
12,5,50.32258064516129,49.58064516129032,31,62
13,5,50.303030303030305,49.575757575757585,33,64
14,5,50.323529411764696,49.55882352941176,34,64
15,5,50.187499999999986,49.687499999999986,32,62
16,5,50.580645161290334,49.58064516129032,31,62
17,5,50.61290322580645,49.645161290322584,31,62
18,5,50.65625000000001,49.75000000000001,32,64
19,5,50.84375000000001,49.5625,32,62
20,5,50.90322580645161,49.645161290322584,31,62
21,5,50.90625,49.937499999999986,32,62
22,5,51.03125000000001,49.90625000000001,32,62
23,5,50.90625,50.03125,32,62
24,5,50.787878787878796,50.03030303030304,33,64
25,5,50.81818181818182,49.969696969696976,33,64
26,5,51.0625,49.93749999999999,32,62
27,5,51.294117647058826,49.970588235294116,34,64
28,5,51.294117647058826,49.970588235294116,34,64
29,5,51.352941176470594,49.8235294117647,34,64
30,5,51.314285714285724,49.88571428571429,35,64
31,5,51.44117647058823,50.08823529411765,34,64
32,5,51.212121212121204,50.18181818181818,33,64
33,5,51.44117647058823,50.235294117647065,34,64
34,5,51.54285714285715,50.2,35,64
35,5,51.55882352941177,50.29411764705884,34,64
36,5,51.61111111111112,50.1388888888889,36,64
37,5,51.735294117647065,50.23529411764705,34,64
38,5,51.999999999999986,50,30,62
39,5,52.09677419354837,49.96774193548387,31,62
40,5,52.26470588235295,50.05882352941177,34,66
41,5,52.333333333333336,50.121212121212125,33,64
42,5,52.00000000000001,49.91428571428572,35,66
43,5,51.91176470588236,49.91176470588236,34,66
44,5,51.8529411764706,49.97058823529413,34,66
45,5,51.64516129032259,50.06451612903225,31,60
46,5,51.5625,50.125,32,64
47,5,51.5625,50.1875,32,62
48,5,51.5625,50.31250000000001,32,64
49,5,51.60606060606061,50.54545454545455,33,66
50,5,51.62500000000001,50.71875,32,64
51,5,51.58064516129032,50.61290322580644,31,64
52,5,51.63636363636363,50.81818181818182,33,64
53,5,51.44117647058823,50.8235294117647,34,64
54,5,51.38235294117647,50.82352941176471,34,64
55,5,51.36363636363636,50.909090909090914,33,64
56,5,51.303030303030305,50.757575757575765,33,62
57,5,51.303030303030305,50.757575757575765,33,62
58,5,51.42857142857144,50.91428571428572,35,64
59,5,51.575757575757585,50.96969696969697,33,62
60,5,51.6969696969697,51,33,64
61,5,51.71875000000001,50.90625,32,62
62,5,51.806451612903224,51.03225806451613,31,64
63,5,51.741935483870975,50.96774193548387,31,64
64,5,51.84848484848486,50.81818181818181,33,66
65,5,51.97142857142858,50.714285714285715,35,66
66,5,52.00000000000001,50.4375,32,62
67,5,52.0909090909091,50.484848484848484,33,62
68,5,52.0909090909091,50.484848484848484,33,62
69,5,52.058823529411775,50.52941176470589,34,64
70,5,52.28124999999999,50.718749999999986,32,62
71,5,52.294117647058826,50.73529411764706,34,64
72,5,52.3125,50.74999999999999,32,64
73,5,52.27272727272728,50.81818181818182,33,64
74,5,52.26470588235294,50.91176470588235,34,64
75,5,52.2857142857143,50.82857142857143,35,64
76,5,52.2857142857143,50.82857142857143,35,64
77,5,52.2857142857143,50.82857142857143,35,64
78,5,52.2857142857143,50.82857142857143,35,64
79,5,52.176470588235304,50.82352941176471,34,62
80,5,52.0909090909091,50.84848484848485,33,62
81,5,52.37500000000001,50.718749999999986,32,62
82,5,52.26470588235295,50.64705882352942,34,64
83,5,52.18181818181819,50.66666666666667,33,64
84,5,52.24242424242424,50.72727272727272,33,64
85,5,52.25714285714286,50.542857142857144,35,64
86,5,52.24242424242424,50.515151515151516,33,64
87,5,52.24242424242424,50.515151515151516,33,64
88,5,52.21875,50.34375000000001,32,66
89,5,52.31249999999999,50.375,32,64
90,5,52.18181818181819,50.66666666666667,33,64
91,5,52.12121212121212,50.757575757575765,33,64
92,5,52.18750000000001,50.84375,32,62
93,5,52.32352941176471,50.99999999999999,34,64
94,5,52.470588235294116,50.941176470588225,34,64
95,5,52.305555555555564,50.97222222222222,36,64
96,5,52.29411764705882,50.970588235294116,34,64
97,5,52.34375000000001,51,32,62
98,5,52.26470588235295,50.999999999999986,34,62
99,5,52.26470588235295,50.999999999999986,34,62
100,5,52.33333333333333,51.06060606060608,33,62
101,5,52.33333333333333,51.06060606060608,33,62
102,5,52.31249999999999,50.96875,32,62
103,5,52.575757575757585,50.75757575757575,33,62
104,5,52.545454545454554,50.787878787878796,33,62
105,5,52.6969696969697,50.90909090909091,33,62
106,5,52.74285714285715,51.11428571428572,35,64
107,5,52.833333333333336,51.111111111111114,36,66
108,5,52.828571428571436,50.999999999999986,35,64
109,5,53.00000000000001,50.828571428571436,35,64
110,5,52.97058823529412,50.91176470588235,34,64
111,5,52.94285714285716,50.8857142857143,35,64
112,5,52.94285714285716,50.8857142857143,35,64
113,5,52.941176470588246,50.79411764705883,34,64
114,5,53.06060606060606,50.78787878787878,33,64
115,5,52.82352941176471,50.82352941176471,34,64
116,5,52.97058823529412,50.6764705882353,34,64
117,5,53.00000000000001,50.71875000000001,32,62
118,5,53.09375000000001,50.74999999999999,32,64
119,5,53.06060606060607,50.57575757575757,33,64
120,5,52.909090909090914,50.48484848484849,33,62
121,5,52.96875,50.250000000000014,32,64
122,5,52.83870967741936,50.193548387096776,31,64
123,5,53.093750000000014,50.187499999999986,32,64
124,5,53.058823529411775,50.1764705882353,34,66
125,5,52.99999999999999,50.15625,32,64
126,5,53.06451612903226,50.064516129032256,31,62
127,5,53.05882352941176,50.3235294117647,34,64
128,5,53,50.20588235294117,34,64
129,5,53.088235294117645,50.26470588235294,34,64
130,5,53.18181818181819,50.27272727272727,33,64
131,5,53.193548387096776,50.25806451612903,31,62
132,5,53.24242424242424,50.363636363636374,33,64
133,5,53.18181818181819,50.54545454545453,33,64
134,5,53.1764705882353,50.44117647058823,34,64
135,5,53.09375000000001,50.37499999999999,32,64
136,5,53.09090909090909,50.484848484848484,33,64
137,5,53.12499999999999,50.375,32,64
138,5,53.233333333333334,50.366666666666674,30,64
139,5,53.16129032258064,50.61290322580646,31,62
140,5,53.09375000000001,50.68749999999999,32,62
141,5,53.18181818181819,50.72727272727272,33,64
142,5,53.25806451612903,50.7741935483871,31,62
143,5,53.24242424242424,50.75757575757575,33,64
144,5,53.51515151515153,50.60606060606061,33,62
145,5,53.63636363636363,50.72727272727272,33,64
146,5,53.483870967741936,50.741935483870954,31,62
147,5,53.37500000000001,50.75,32,64
148,5,53.63636363636363,50.72727272727271,33,62
149,5,53.63636363636363,50.72727272727271,33,62
150,5,53.82352941176471,50.82352941176471,34,62
151,5,53.84848484848486,50.909090909090914,33,62
152,5,53.806451612903224,51,31,62
153,5,54,51,33,64
154,5,54.20000000000001,51.09999999999999,30,62
155,5,54.38235294117647,51.02941176470588,34,64
156,5,54.484848484848484,50.93939393939393,33,64
157,5,54.41176470588235,51.00000000000001,34,64
158,5,54.29411764705882,51.205882352941174,34,64
159,5,54.44117647058824,51.205882352941174,34,64
160,5,54.42857142857144,51.22857142857142,35,64
161,5,54.42857142857144,51.22857142857142,35,64
162,5,54.303030303030305,51.333333333333336,33,64
163,5,54.38709677419356,51.35483870967742,31,62
164,5,54.45454545454546,51.42424242424243,33,64
165,5,54.43750000000001,51.53124999999999,32,62
166,5,54.64516129032259,51.67741935483871,31,62
167,5,54.61290322580645,51.83870967741937,31,62
168,5,54.63636363636363,51.848484848484844,33,64
169,5,54.58823529411765,51.794117647058826,34,66
170,5,54.57142857142856,51.68571428571429,35,68
171,5,54.56250000000001,51.312500000000014,32,64
172,5,54.38709677419356,51.29032258064516,31,62
173,5,54.58064516129032,51.19354838709678,31,62
174,5,54.451612903225815,51.19354838709677,31,60
175,5,54.48484848484849,51.15151515151515,33,62
176,5,54.212121212121204,51.18181818181818,33,64
177,5,54.26666666666667,51.53333333333333,30,60
178,5,54.2258064516129,51.645161290322584,31,62
179,5,54.303030303030305,51.42424242424243,33,66
180,5,54.457142857142856,51.42857142857142,35,66
181,5,54.45454545454546,51.51515151515152,33,66
182,5,54.441176470588246,51.411764705882334,34,66
183,5,54.43750000000001,51.40625,32,64
184,5,54.448275862068975,51.51724137931035,29,60
185,5,54.64516129032259,51.612903225806456,31,66
186,5,54.533333333333346,51.56666666666667,30,62
187,5,54.58064516129033,51.64516129032259,31,62
188,5,54.7741935483871,51.548387096774185,31,62
189,5,54.43750000000001,51.53124999999999,32,62
190,5,54.5625,51.4375,32,62
191,5,54.757575757575765,51.36363636363637,33,64
192,5,54.65625000000001,51.34375,32,64
193,5,54.62500000000001,51.34374999999999,32,64
194,5,54.666666666666664,51.42424242424241,33,64
195,5,54.64516129032259,51.38709677419355,31,62
196,5,54.68571428571428,51.400000000000006,35,64
197,5,54.60606060606061,51.484848484848484,33,62
198,5,54.24242424242424,51.09090909090908,33,62
199,5,54.375000000000014,51.5,32,64
200,5,54.25806451612904,51.41935483870967,31,62
201,5,54.303030303030305,51.242424242424256,33,62
202,5,54.303030303030305,51.242424242424256,33,62
203,5,54.56250000000001,51.18749999999999,32,62
204,5,54.48484848484849,51.15151515151515,33,62
205,5,54.65714285714286,51.22857142857143,35,64
206,5,54.62500000000001,51.1875,32,64
207,5,54.5,51.26666666666666,30,62
208,5,54.5,51.26666666666666,30,62
209,5,54.40624999999999,51.1875,32,64
210,5,54.40624999999999,51.1875,32,64
211,5,54.27272727272728,51.18181818181818,33,62
212,5,54.15151515151515,51.15151515151515,33,64
213,5,54.176470588235304,51.23529411764706,34,64
214,5,53.99999999999999,51.59375,32,62
215,5,53.90909090909091,51.54545454545455,33,64
216,5,53.70588235294118,51.5,34,62
217,5,53.75000000000001,51.59375,32,64
218,5,54.062500000000014,51.84375000000002,32,62
219,5,53.91176470588237,51.91176470588234,34,66
220,5,53.80645161290324,51.90322580645161,31,60
221,5,53.60606060606061,52.000000000000014,33,64
222,5,53.774193548387096,52.29032258064517,31,64
223,5,53.741935483870975,52.48387096774193,31,62
224,5,53.81818181818182,52.3939393939394,33,64
225,5,54.030303030303045,52.36363636363637,33,64
226,5,53.84848484848485,52.21212121212121,33,66
227,5,53.878787878787875,52.242424242424235,33,64
228,5,53.906250000000014,52.34375,32,62
229,5,53.81818181818182,52.3939393939394,33,64
230,5,53.96969696969698,52.42424242424242,33,64
231,5,54.06060606060606,52.72727272727273,33,64
232,5,54.00000000000001,52.77142857142858,35,64
233,5,54.08571428571429,52.771428571428565,35,64
234,5,54.27272727272728,52.60606060606061,33,64
235,5,54.19354838709677,52.74193548387096,31,62
236,5,54.235294117647065,52.91176470588236,34,64
237,5,54.176470588235304,53.05882352941177,34,64
238,5,54.18181818181819,52.96969696969697,33,66
239,5,54.17142857142857,52.97142857142857,35,66
240,5,54.088235294117645,52.91176470588235,34,66
241,5,54.090909090909086,52.96969696969697,33,64
242,5,53.99999999999999,52.90625,32,62
243,5,53.971428571428575,52.82857142857143,35,64
244,5,53.939393939393945,52.66666666666668,33,62
245,5,53.82352941176471,52.76470588235294,34,64
246,5,53.73529411764706,52.852941176470594,34,66
247,5,53.5,52.67647058823529,34,64
248,5,53.57575757575758,52.60606060606061,33,64
249,5,53.49999999999999,52.99999999999999,32,62
250,5,53.4375,52.84374999999999,32,64
251,5,53.39393939393939,52.75757575757574,33,66
252,5,53.4375,52.84374999999999,32,64
253,5,53.48484848484848,52.909090909090914,33,64
254,5,53.50000000000001,53.00000000000001,30,62
255,5,53.562499999999986,53.03125000000001,32,66
256,5,53.73333333333334,52.93333333333333,30,64
257,5,53.86666666666666,52.866666666666674,30,64
258,5,53.66666666666668,52.9,30,64
259,5,53.741935483870975,53.12903225806452,31,66
260,5,53.633333333333354,53.23333333333334,30,62
261,5,53.548387096774185,53.3225806451613,31,64
262,5,53.4375,53.375,32,64
263,5,53.303030303030305,53.63636363636363,33,68
264,5,53.25806451612904,53.67741935483871,31,68
265,5,53.451612903225794,53.612903225806456,31,66
266,5,53.66666666666668,53.49999999999999,30,64
267,5,53.49999999999999,53.50000000000001,32,64
268,5,53.49999999999999,53.50000000000001,32,64
269,5,53.62068965517241,53.44827586206897,29,62
270,5,53.533333333333346,53.533333333333324,30,64
271,5,53.53333333333333,53.36666666666665,30,62
272,5,53.70967741935484,53.19354838709678,31,64
273,5,53.73333333333335,53.3,30,62
274,5,53.99999999999999,53.343750000000014,32,64
275,5,53.909090909090914,53.393939393939384,33,64
276,5,53.93548387096775,53.29032258064516,31,62
277,5,53.96875,53.28124999999999,32,62
278,5,54.096774193548384,53.19354838709676,31,60
279,5,54,53.21874999999999,32,62
280,5,53.9090909090909,53.27272727272727,33,64
281,5,54,53.21874999999999,32,62
282,5,53.9090909090909,53.27272727272727,33,64
283,5,53.69444444444445,53.305555555555564,36,64
284,5,53.55882352941177,53.205882352941174,34,64
285,5,53.5483870967742,53.16129032258065,31,62
286,5,53.666666666666664,53.303030303030305,33,64
287,5,53.687500000000014,53.56250000000001,32,62
288,5,53.44117647058824,53.529411764705884,34,66
289,5,53.406250000000014,53.43749999999999,32,64
290,5,53.225806451612904,53.48387096774193,31,62
291,5,53.3125,53.28125000000001,32,64
292,5,53.0909090909091,53.303030303030305,33,62
293,5,53.176470588235304,53.23529411764705,34,64
294,5,53.32352941176471,53.352941176470594,34,64
295,5,53.39393939393939,53.48484848484847,33,62
296,5,53.39393939393939,53.48484848484847,33,62
297,5,53.40625,53.531249999999986,32,64
298,5,53.451612903225815,53.80645161290322,31,60
299,5,53.42424242424243,53.93939393939394,33,62
300,5,53.46875000000001,53.81249999999999,32,62
301,5,53.741935483870975,53.99999999999999,31,62
302,5,53.87878787878788,53.909090909090914,33,64
303,5,53.937500000000014,54.062499999999986,32,62
304,5,54.18750000000001,54.21874999999999,32,64
305,5,54.33333333333334,54.36666666666667,30,62
306,5,54.53125,54.375,32,64
307,5,54.483870967741936,54.19354838709677,31,62
308,5,54.483870967741936,54.19354838709677,31,62
309,5,54.64516129032258,54.290322580645174,31,64
310,5,54.46875000000001,54.1875,32,64
311,5,54.483870967741936,54.32258064516129,31,64
312,5,54.17857142857144,54.28571428571429,28,60
313,5,54.03225806451612,54.193548387096754,31,62
314,5,53.96875000000001,54.281249999999986,32,64
315,5,53.71874999999999,54.53125,32,64
316,5,53.65625,54.34375,32,62
317,5,53.676470588235304,54.35294117647059,34,64
318,5,53.575757575757585,54.33333333333333,33,62
319,5,53.64705882352942,54.1764705882353,34,64
320,5,53.6969696969697,54.09090909090909,33,62
321,5,53.66666666666667,53.93939393939392,33,62
322,5,53.545454545454554,53.787878787878796,33,62
323,5,53.6969696969697,53.90909090909091,33,62
324,5,53.787878787878796,53.90909090909092,33,64
325,5,53.58064516129032,53.93548387096774,31,64
326,5,53.58064516129032,54.00000000000001,31,64
327,5,53.58064516129032,54.00000000000001,31,64
328,5,53.51515151515152,53.93939393939393,33,66
329,5,53.34375000000001,54.03125000000001,32,64
330,5,53.42424242424243,54.00000000000001,33,64
331,5,53.545454545454554,53.90909090909091,33,62
332,5,53.42424242424243,53.969696969696976,33,62
333,5,53.50000000000001,54,32,62
334,5,53.59375,53.78124999999999,32,64
335,5,53.82352941176471,53.647058823529406,34,64
336,5,53.84848484848486,53.72727272727274,33,64
337,5,54.00000000000001,53.77142857142859,35,64
338,5,54.00000000000001,53.77142857142859,35,64
339,5,54.18181818181819,53.636363636363626,33,64
340,5,54.06451612903226,53.741935483870975,31,62
341,5,54.193548387096776,53.54838709677419,31,62
342,5,54.39393939393939,53.515151515151516,33,64
343,5,54.23529411764706,53.76470588235294,34,64
344,5,54.000000000000014,53.967741935483865,31,64
345,5,53.774193548387096,53.90322580645162,31,62
346,5,53.81249999999999,53.5,32,64
347,5,53.83870967741935,53.387096774193544,31,62
348,5,53.84375000000001,53.28124999999999,32,62
349,5,53.909090909090914,53.424242424242436,33,64
350,5,53.909090909090914,53.424242424242436,33,64
351,5,54.00000000000001,53.441176470588246,34,66
352,5,53.878787878787875,53.15151515151515,33,64
353,5,53.83870967741935,53.16129032258065,31,62
354,5,54.03030303030303,53.121212121212125,33,64
355,5,54,53.20588235294117,34,64
356,5,54.00000000000001,53.3235294117647,34,64
357,5,53.96875,53.46875,32,62
358,5,54,53.48484848484848,33,64
359,5,54.00000000000001,53.5,32,62
360,5,53.96969696969697,53.606060606060616,33,64
361,5,53.9090909090909,53.78787878787879,33,62
362,5,53.9090909090909,53.78787878787879,33,62
363,5,53.93939393939394,53.72727272727273,33,64
364,5,53.88235294117648,53.852941176470594,34,66
365,5,54.03125000000001,53.906249999999986,32,62
366,5,54.00000000000001,53.83870967741935,31,64
367,5,53.93939393939394,53.93939393939393,33,64
368,5,53.93939393939394,53.93939393939393,33,64
369,5,53.84375,53.93749999999999,32,64
370,5,54.09375000000001,53.781249999999986,32,64
371,5,54.18181818181819,53.787878787878775,33,64
372,5,54.48387096774194,53.903225806451616,31,62
373,5,54.42857142857144,54.085714285714296,35,64
374,5,54.64705882352942,54.088235294117645,34,64
375,5,54.628571428571426,54.199999999999996,35,66
376,5,54.80645161290324,54.22580645161291,31,62
377,5,54.875000000000014,54.31250000000001,32,64
378,5,55.18750000000001,54.15625000000001,32,66
379,5,55.03030303030303,53.81818181818183,33,64
380,5,55.029411764705884,53.911764705882355,34,64
381,5,55.08333333333332,53.97222222222222,36,64
382,5,54.8529411764706,54.11764705882353,34,64
383,5,55.00000000000001,53.96874999999999,32,64
384,5,55.000000000000014,53.818181818181834,33,64
385,5,55.06060606060607,53.99999999999999,33,64
386,5,54.85714285714287,54.08571428571428,35,64
387,5,54.70967741935485,54.29032258064516,31,60
388,5,54.6764705882353,54.41176470588235,34,64
389,5,54.60606060606061,54.484848484848484,33,62
390,5,54.5,54.4705882352941,34,64
391,5,54.25806451612904,54.61290322580644,31,60
392,5,54.516129032258064,54.5483870967742,31,64
393,5,54.41935483870968,54.548387096774206,31,62
394,5,54.387096774193544,54.4516129032258,31,62
395,5,54.387096774193544,54.4516129032258,31,62
396,5,54.51515151515151,54.33333333333334,33,64
397,5,54.61764705882352,54.32352941176472,34,64
398,5,54.61764705882352,54.32352941176472,34,64
399,5,54.757575757575765,54.303030303030305,33,62
400,5,54.57575757575758,54.12121212121213,33,66
401,5,54.62500000000001,54.25000000000001,32,64
402,5,55.06451612903226,54.387096774193544,31,62
403,5,55.11764705882353,54.58823529411764,34,64
404,5,55.18181818181819,54.78787878787878,33,64
405,5,55.27272727272728,54.81818181818182,33,62
406,5,55.36363636363637,54.72727272727272,33,62
407,5,55.48571428571429,54.60000000000001,35,64
408,5,55.50000000000001,54.5,34,64
409,5,55.51428571428573,54.600000000000016,35,64
410,5,55.545454545454554,54.787878787878796,33,62
411,5,55.44117647058823,54.76470588235294,34,64
412,5,55.342857142857135,54.77142857142858,35,64
413,5,55.470588235294116,54.94117647058824,34,64
414,5,55.5625,54.84374999999999,32,62
415,5,55.484848484848484,54.60606060606061,33,62
416,5,55.60000000000001,54.68571428571428,35,64
417,5,55.58823529411765,54.55882352941177,34,64
418,5,55.411764705882355,54.441176470588225,34,64
419,5,55.5,54.5,36,64
420,5,55.44117647058824,54.67647058823528,34,64
421,5,55.45454545454546,54.909090909090914,33,62
422,5,55.42424242424243,55.03030303030303,33,62
423,5,55.3125,54.99999999999999,32,66
424,5,55.33333333333334,54.966666666666654,30,62
425,5,55.42424242424243,55,33,64
426,5,55.45454545454546,54.909090909090914,33,62
427,5,55.50000000000001,55,32,62
428,5,55.545454545454554,55.090909090909086,33,62
429,5,55.612903225806456,55.12903225806451,31,62
430,5,55.51515151515153,55.151515151515156,33,62
431,5,55.58064516129032,55.06451612903226,31,60
432,5,55.64705882352942,55.088235294117645,34,64
433,5,55.545454545454554,55.090909090909086,33,62
434,5,55.41666666666666,54.83333333333334,36,66
435,5,55.29411764705882,54.852941176470594,34,64
436,5,55.75000000000001,54.75000000000001,32,62
437,5,55.74193548387096,54.935483870967744,31,62
438,5,55.80645161290322,55.06451612903226,31,62
439,5,55.81818181818183,55.03030303030303,33,64
440,5,55.85294117647059,55.11764705882353,34,64
441,5,55.75000000000001,55.18749999999999,32,64
442,5,55.78125,55.125,32,64
443,5,55.81818181818182,55.33333333333333,33,64
444,5,55.60606060606061,55.333333333333336,33,64
445,5,55.0909090909091,55.484848484848484,33,62
446,5,55.11764705882353,55.38235294117647,34,64
447,5,55.156250000000014,55.43749999999999,32,64
448,5,55.088235294117645,55.264705882352935,34,66
449,5,54.937500000000014,54.90625000000001,32,62
450,5,54.76470588235294,54.88235294117648,34,64
451,5,54.666666666666664,54.87878787878788,33,64
452,5,54.5625,54.71875,32,62
453,5,54.36363636363636,54.75757575757576,33,64
454,5,54.26470588235295,54.44117647058822,34,64
455,5,54.35294117647059,54.35294117647058,34,64
456,5,54.46875000000001,54.40625000000001,32,64
457,5,54.48571428571429,54.22857142857142,35,66
458,5,54.71428571428573,54.25714285714285,35,66
459,5,54.472222222222214,54.24999999999998,36,66
460,5,54.55882352941177,54.411764705882355,34,66
461,5,54.43749999999999,54.53124999999999,32,64
462,5,54.35483870967742,54.51612903225806,31,60
463,5,54.26470588235293,54.47058823529411,34,66
464,5,54.121212121212125,54.272727272727266,33,66
465,5,53.878787878787875,53.93939393939394,33,66
466,5,54.00000000000001,53.8125,32,64
467,5,54.121212121212125,53.666666666666664,33,64
468,5,54.00000000000001,53.806451612903224,31,62
469,5,54.06666666666667,53.866666666666674,30,64
470,5,54.096774193548384,53.774193548387096,31,64
471,5,54.03125000000001,53.71875,32,62
472,5,54.121212121212125,53.75757575757576,33,64
473,5,54.09375000000001,53.53125,32,64
474,5,54.06060606060607,53.575757575757585,33,64
475,5,53.647058823529406,53.44117647058823,34,64
476,5,53.647058823529406,53.44117647058823,34,64
477,5,53.484848484848484,53.393939393939384,33,64
478,5,53.5625,53.43750000000001,32,64
479,5,53.65517241379311,53.37931034482757,29,62
480,5,53.599999999999994,53.50000000000001,30,64
481,5,53.677419354838705,53.451612903225815,31,64
482,5,53.6,53.43333333333334,30,64
483,5,53.56666666666668,53.766666666666666,30,62
484,5,53.50000000000001,53.53125,32,64
485,5,53.46875000000001,53.46874999999999,32,62
486,5,53.451612903225815,53.54838709677419,31,62
487,5,53.451612903225815,53.54838709677419,31,62
488,5,53.366666666666674,53.6,30,62
489,5,53.484848484848484,53.60606060606061,33,62
490,5,53.27272727272727,53.78787878787878,33,64
491,5,53.121212121212125,53.666666666666664,33,64
492,5,53.03125000000001,53.71875,32,62
493,5,53.18181818181819,53.81818181818181,33,64
494,5,53.27272727272728,53.575757575757585,33,64
495,5,53.212121212121204,53.66666666666667,33,64
496,5,53.27272727272726,53.48484848484849,33,64
497,5,53.24242424242425,53.30303030303031,33,62
498,5,53.352941176470594,53.26470588235295,34,64
499,5,53.55882352941177,53.23529411764705,34,64
500,5,53.5625,53.28125,32,62
501,5,53.57575757575758,53.36363636363636,33,64
502,5,53.516129032258064,53.451612903225794,31,64
503,5,53.16666666666667,53.56666666666666,30,62
504,5,52.99999999999999,53.62499999999999,32,64
505,5,53.187499999999986,53.5,32,62
506,5,53.3125,53.53124999999999,32,64
507,5,53.15625,53.24999999999999,32,64
508,5,53.032258064516135,53.225806451612904,31,62
509,5,53.03125000000001,53.34375000000001,32,62
510,5,53.09677419354839,53.51612903225806,31,62
511,5,53.15625000000001,53.43749999999999,32,62
512,5,53.093750000000014,53.43750000000001,32,64
513,5,52.75000000000001,53.625000000000014,32,64
514,5,52.75000000000001,53.625000000000014,32,64
515,5,52.83870967741936,53.5483870967742,31,62
516,5,53.0909090909091,53.757575757575765,33,62
517,5,53.193548387096776,53.903225806451616,31,60
518,5,53.258064516129025,53.93548387096775,31,62
519,5,53.09677419354839,53.93548387096775,31,64
520,5,52.74193548387099,54.096774193548384,31,64
521,5,52.8,54.00000000000001,30,62
522,5,52.80645161290323,53.903225806451616,31,62
523,5,52.90625000000001,53.84375000000001,32,64
524,5,53.06250000000001,53.75,32,64
525,5,53.11764705882353,53.764705882352935,34,64
526,5,52.96875,53.906249999999986,32,62
527,5,53.12903225806452,54.09677419354839,31,62
528,5,53.15624999999999,53.93749999999999,32,64
529,5,53.0625,54.06249999999999,32,62
530,5,53.15151515151515,53.84848484848485,33,62
531,5,53.266666666666666,53.86666666666667,30,64
532,5,53.266666666666666,53.833333333333336,30,62
533,5,53.06666666666667,53.866666666666674,30,62
534,5,53.00000000000001,53.80645161290322,31,62
535,5,53.00000000000001,53.81818181818182,33,64
536,5,53.088235294117645,53.97058823529411,34,64
537,5,53.114285714285714,54.114285714285735,35,64
538,5,53.03030303030303,54.24242424242424,33,64
539,5,52.75000000000001,53.97222222222222,36,66
540,5,52.47058823529412,53.85294117647059,34,64
541,5,52.63636363636363,53.78787878787879,33,64
542,5,52.81250000000001,53.906249999999986,32,64
543,5,52.83870967741935,53.806451612903224,31,62
544,5,52.53125000000001,53.59374999999999,32,64
545,5,52.59375000000001,53.74999999999999,32,64
546,5,52.25806451612903,53.709677419354826,31,64
547,5,52.34375,53.65624999999999,32,64
548,5,52.27272727272726,53.606060606060616,33,64
549,5,52.375000000000014,53.625,32,64
550,5,52.59375000000001,53.59375,32,64
551,5,52.58064516129032,53.77419354838709,31,62
552,5,52.48387096774194,53.48387096774193,31,62
553,5,52.43750000000001,53.71875,32,62
554,5,52.63636363636363,53.63636363636363,33,66
555,5,52.94285714285715,53.68571428571428,35,66
556,5,52.94285714285715,53.68571428571428,35,66
557,5,52.787878787878796,53.72727272727273,33,64
558,5,52.939393939393945,53.57575757575759,33,62
559,5,52.84375000000001,53.625000000000014,32,60
560,5,52.81818181818182,53.72727272727273,33,62
561,5,52.909090909090914,53.69696969696971,33,62
562,5,52.84375000000001,53.625000000000014,32,60
563,5,52.65625000000001,53.6875,32,62
564,5,52.75000000000001,53.71875000000001,32,62
565,5,52.75757575757577,53.757575757575765,33,64
566,5,52.53125,53.62500000000001,32,64
567,5,52.87096774193549,53.70967741935484,31,62
568,5,52.78124999999999,53.718749999999986,32,62
569,5,52.727272727272734,53.81818181818182,33,62
570,5,52.51515151515153,53.84848484848485,33,62
571,5,52.51515151515153,53.84848484848485,33,62
572,5,52.82352941176471,53.82352941176471,34,62
573,5,52.6875,53.718749999999986,32,64
574,5,52.68750000000001,53.65625000000001,32,64
575,5,52.62500000000001,53.84375,32,60
576,5,52.62500000000001,53.84375,32,60
577,5,52.633333333333326,53.800000000000004,30,62
578,5,52.35483870967743,53.806451612903224,31,62
579,5,52.51515151515153,53.84848484848485,33,62
580,5,52.46875000000001,53.93749999999999,32,62
581,5,52.6875,53.90625000000001,32,62
582,5,52.64705882352942,53.88235294117647,34,64
583,5,52.51515151515153,53.96969696969697,33,64
584,5,52.46875000000001,53.875,32,62
585,5,52.575757575757585,53.727272727272734,33,64
586,5,52.516129032258064,53.903225806451616,31,64
587,5,52.64516129032259,53.99999999999999,31,64
588,5,52.72727272727273,54.121212121212125,33,66
589,5,52.625,54.1875,32,64
590,5,52.666666666666664,54.24242424242424,33,62
591,5,52.666666666666664,54.24242424242424,33,62
592,5,52.666666666666664,54.24242424242424,33,62
593,5,52.666666666666664,54.24242424242424,33,62
594,5,52.687500000000014,54.31250000000001,32,64
595,5,52.741935483870975,54.38709677419355,31,62
596,5,52.51515151515153,54.39393939393938,33,64
597,5,52.5,54.32352941176471,34,64
598,5,52.55882352941177,54.26470588235295,34,64
599,5,52.60606060606061,54.181818181818166,33,64
600,5,52.757575757575765,54.06060606060608,33,64
601,5,52.484848484848484,53.93939393939392,33,64
602,5,52.437500000000014,54.06250000000001,32,62
603,5,52.51515151515153,54.0909090909091,33,62
604,5,52.575757575757585,54.15151515151514,33,64
605,5,52.43750000000001,54.218749999999986,32,62
606,5,52.3235294117647,54.38235294117648,34,64
607,5,52.36363636363637,54.27272727272727,33,62
608,5,52.33333333333333,54.30303030303031,33,66
609,5,52.433333333333344,54.300000000000004,30,64
610,5,52.23333333333333,54.233333333333334,30,64
611,5,52.12500000000001,54.25,32,66
612,5,52.27272727272728,53.93939393939395,33,64
613,5,52.06060606060607,54,33,66
614,5,52.06250000000001,53.90625000000001,32,66
615,5,52.0909090909091,54.121212121212125,33,66
616,5,51.93548387096774,54.03225806451612,31,64
617,5,52.12500000000001,53.81250000000001,32,64
618,5,52.12500000000001,53.81250000000001,32,64
619,5,52.12500000000001,54.03124999999999,32,66
620,5,52.22580645161291,54.06451612903226,31,64
621,5,52.06451612903226,53.93548387096775,31,62
622,5,52.33333333333333,53.84848484848486,33,64
623,5,52.212121212121204,53.66666666666666,33,64
624,5,52.212121212121204,53.66666666666666,33,64
625,5,52.03030303030303,53.51515151515152,33,64
626,5,52.193548387096776,53.61290322580644,31,62
627,5,52.3125,53.62499999999999,32,64
628,5,52.3125,53.5625,32,62
629,5,52.38709677419355,53.51612903225805,31,62
630,5,52.56250000000001,53.46875,32,64
631,5,52.545454545454554,53.5151515151515,33,64
632,5,52.41935483870969,53.64516129032257,31,62
633,5,52.46875000000001,53.56249999999999,32,64
634,5,52.466666666666676,53.56666666666666,30,60
635,5,52.741935483870975,53.74193548387096,31,62
636,5,52.60606060606061,53.84848484848485,33,64
637,5,52.41935483870968,53.83870967741935,31,62
638,5,52.235294117647065,54.205882352941174,34,66
639,5,52.18181818181819,54.27272727272728,33,64
640,5,52.18181818181819,54.27272727272728,33,64
641,5,52.15151515151515,54.333333333333314,33,64
642,5,52.000000000000014,54.21212121212122,33,64
643,5,51.84848484848486,54.090909090909086,33,62
644,5,51.82352941176471,54.1764705882353,34,62
645,5,51.82352941176471,54.1764705882353,34,62
646,5,51.75757575757576,54.27272727272727,33,64
647,5,51.46875000000001,54.24999999999999,32,62
648,5,51.44117647058823,54.205882352941174,34,64
649,5,51.48571428571427,54.25714285714286,35,66
650,5,51.62500000000001,54.15625000000001,32,60
651,5,51.51515151515152,54.3030303030303,33,64
652,5,51.46875,54.218749999999986,32,64
653,5,51.483870967741936,54.29032258064516,31,62
654,5,51.40625,54.34375000000001,32,62
655,5,51.42424242424243,54.45454545454545,33,64
656,5,51.46875000000001,54.375,32,64
657,5,51.42424242424243,54.45454545454545,33,64
658,5,51.575757575757585,54.454545454545446,33,64
659,5,51.53125000000001,54.53125,32,64
660,5,51.78125,54.53125000000001,32,62
661,5,52.030303030303045,54.63636363636364,33,64
662,5,52.00000000000001,54.5,34,62
663,5,52.00000000000001,54.935483870967744,31,62
664,5,51.93548387096775,54.870967741935495,31,62
665,5,52.000000000000014,54.64516129032258,31,64
666,5,52.09677419354837,54.90322580645161,31,64
667,5,52.03030303030303,54.93939393939394,33,64
668,5,52.03125,55.03125000000001,32,64
669,5,52.000000000000014,55.09677419354839,31,62
670,5,52.093750000000014,55.15625000000001,32,64
671,5,52.09375,55.125,32,64
672,5,52.06249999999999,55.0625,32,64
673,5,52.3125,55.03125,32,64
674,5,52.14705882352941,54.82352941176471,34,64
675,5,52.093750000000014,54.75,32,62
676,5,52.03030303030303,54.81818181818182,33,62
677,5,51.99999999999999,54.90625,32,62
678,5,51.94117647058824,54.76470588235295,34,64
679,5,52.12903225806452,54.87096774193548,31,62
680,5,52.03030303030303,54.81818181818182,33,62
681,5,52.093750000000014,54.59375,32,62
682,5,52.06060606060606,54.666666666666664,33,62
683,5,52.27272727272728,54.63636363636364,33,62
684,5,52.352941176470594,54.58823529411766,34,64
685,5,52.45454545454546,54.57575757575757,33,64
686,5,52.5,54.647058823529406,34,64
687,5,52.24242424242425,54.575757575757585,33,62
688,5,52.0909090909091,54.45454545454545,33,64
689,5,52.24242424242425,54.575757575757585,33,62
690,5,52.24242424242425,54.575757575757585,33,62
691,5,52.1764705882353,54.58823529411765,34,64
692,5,52.03030303030303,54.42424242424242,33,62
693,5,52.00000000000001,54.5,34,62
694,5,51.81250000000001,54.4375,32,62
695,5,51.78787878787879,54.515151515151516,33,66
696,5,51.757575757575765,54.363636363636374,33,64
697,5,51.44117647058823,54.29411764705883,34,64
698,5,51.457142857142856,54.2,35,64
699,5,51.314285714285724,54.25714285714285,35,66
700,5,51.18750000000001,54.34375,32,64
701,5,51.15625,54.34375,32,64
702,5,51.4,54.266666666666666,30,64
703,5,51.60606060606061,54.151515151515156,33,64
704,5,51.5,54.15625000000001,32,64
705,5,51.21212121212122,54.09090909090909,33,64
706,5,51.21212121212122,54.09090909090909,33,64
707,5,51.33333333333334,54.2,30,60
708,5,51.34374999999999,54.1875,32,64
709,5,51.53125,54.21875000000001,32,64
710,5,51.39393939393939,54.181818181818166,33,64
711,5,51.44117647058824,54.294117647058826,34,66
712,5,51.42424242424242,54.39393939393939,33,64
713,5,51.42424242424242,54.39393939393939,33,64
714,5,51.27272727272728,54.363636363636374,33,62
715,5,51.387096774193544,54.225806451612904,31,62
716,5,51.16129032258064,54.193548387096776,31,62
717,5,51.166666666666664,54.10000000000001,30,62
718,5,51.36666666666667,54.16666666666667,30,64
719,5,51.181818181818194,54.06060606060606,33,64
720,5,51.06250000000001,54.249999999999986,32,64
721,5,51.35483870967742,54.16129032258065,31,64
722,5,51.58620689655172,54.20689655172414,29,62
723,5,51.46666666666668,54.16666666666667,30,64
724,5,51.46666666666668,54.16666666666667,30,64
725,5,51.466666666666676,54.333333333333336,30,64
726,5,51.32258064516129,54.41935483870968,31,62
727,5,51.32258064516129,54.41935483870968,31,62
728,5,51.25,54.50000000000001,32,64
729,5,51.06666666666667,54.50000000000001,30,60
730,5,50.90322580645161,54.51612903225807,31,64
731,5,50.937500000000014,54.59375,32,64
732,5,50.76470588235294,54.55882352941177,34,64
733,5,50.76470588235294,54.1764705882353,34,64
734,5,50.81818181818182,54.27272727272727,33,62
735,5,50.87096774193548,54.29032258064516,31,60
736,5,50.96875,54.25,32,62
737,5,51.00000000000001,54.26470588235294,34,62
738,5,51.05882352941176,54.08823529411765,34,64
739,5,50.794117647058826,54.29411764705881,34,64
740,5,50.909090909090914,54.303030303030305,33,62
741,5,51.093750000000014,54.249999999999986,32,62
742,5,51.21875000000001,54.15624999999999,32,64
743,5,51.57575757575758,54.12121212121212,33,64
744,5,51.6764705882353,54.088235294117645,34,64
745,5,51.51612903225806,54.25806451612904,31,64
746,5,51.56666666666667,54.33333333333333,30,62
747,5,51.54838709677419,54.25806451612904,31,62
748,5,51.54838709677419,54.25806451612904,31,62
749,5,51.71428571428571,54.4,35,66
750,5,51.696969696969695,54.393939393939405,33,66
751,5,51.76470588235294,54.47058823529412,34,66
752,5,51.48484848484848,54.27272727272727,33,66
753,5,51.645161290322584,54.41935483870968,31,62
754,5,51.53125,54.43749999999999,32,64
755,5,51.645161290322584,54.41935483870968,31,62
756,5,51.57575757575758,54.57575757575758,33,62
757,5,51.62500000000001,54.65625000000001,32,62
758,5,51.59375000000001,54.562500000000014,32,62
759,5,51.59375000000001,54.562500000000014,32,62
760,5,51.77419354838709,54.61290322580645,31,62
761,5,51.8235294117647,54.500000000000014,34,64
762,5,51.78787878787878,54.606060606060616,33,64
763,5,51.63636363636363,54.6060606060606,33,64
764,5,51.76470588235295,54.38235294117647,34,66
765,5,51.6969696969697,54.121212121212125,33,64
766,5,51.64705882352942,54.1470588235294,34,64
767,5,51.575757575757585,54.15151515151515,33,64
768,5,51.60000000000001,53.971428571428575,35,64
769,5,51.352941176470594,54.14705882352941,34,64
770,5,51.37500000000001,54.15625,32,60
771,5,51.45454545454546,54.21212121212121,33,62
772,5,51.53125000000001,54.24999999999999,32,62
773,5,51.63636363636364,54.242424242424235,33,64
774,5,51.787878787878796,54.54545454545455,33,62
775,5,51.87878787878788,54.39393939393939,33,64
776,5,52.03030303030303,54.36363636363636,33,64
777,5,52.15151515151514,54.60606060606061,33,66
778,5,52.21212121212121,54.42424242424242,33,64
779,5,52.032258064516135,54.4516129032258,31,62
780,5,52,54.66666666666666,33,64
781,5,52,54.66666666666666,33,64
782,5,52,54.66666666666666,33,64
783,5,52,54.66666666666666,33,64
784,5,51.9090909090909,54.78787878787879,33,62
785,5,52.10000000000001,54.79999999999999,30,62
786,5,51.941176470588246,55.029411764705884,34,66
787,5,51.84375000000001,55.125,32,66
788,5,51.81250000000001,55.0625,32,64
789,5,51.81818181818183,54.969696969696976,33,64
790,5,51.5625,54.875,32,62
791,5,51.393939393939384,54.969696969696955,33,66
792,5,51.290322580645174,54.83870967741935,31,62
793,5,51.32258064516129,55.06451612903226,31,64
794,5,51.38709677419355,54.74193548387096,31,64
795,5,51.15625000000001,55,32,64
796,5,51.27272727272728,54.939393939393945,33,64
797,5,51.264705882352935,54.91176470588235,34,64
798,5,51.5483870967742,54.903225806451616,31,62
799,5,51.56666666666668,55.00000000000001,30,62
800,5,51.45161290322581,55.03225806451613,31,64
801,5,51.437500000000014,55.06250000000001,32,62
802,5,51.57575757575758,55.090909090909086,33,64
803,5,51.46875,55.25000000000001,32,64
804,5,51.33333333333333,55.3939393939394,33,66
805,5,51.33333333333334,55.43333333333334,30,62
806,5,51.43333333333334,55.59999999999999,30,62
807,5,51.35483870967742,55.51612903225804,31,64
808,5,51.43333333333334,55.59999999999999,30,62
809,5,51.3448275862069,55.82758620689655,29,62
810,5,51.22580645161291,56,31,64
811,5,51.19354838709678,55.935483870967744,31,62
812,5,51.22580645161291,56,31,64
813,5,51.366666666666674,55.93333333333332,30,64
814,5,51.38709677419355,56.12903225806452,31,64
815,5,51.43750000000001,56.12500000000001,32,64
816,5,51.55882352941176,56.35294117647058,34,64
817,5,51.5,56.5,36,64
818,5,51.63636363636363,56.72727272727271,33,62
819,5,51.705882352941174,56.79411764705881,34,64
820,5,51.64516129032258,56.741935483870975,31,62
821,5,51.71874999999999,56.6875,32,62
822,5,51.51515151515152,56.606060606060595,33,64
823,5,51.68750000000001,56.53125,32,64
824,5,51.68750000000001,56.53125,32,62
825,5,51.68750000000001,56.53125,32,62
826,5,51.63636363636364,56.75757575757575,33,64
827,5,51.575757575757585,56.75757575757575,33,62
828,5,51.51515151515153,56.60606060606061,33,62
829,5,51.44117647058823,56.529411764705884,34,64
830,5,51.5,56.437499999999986,32,64
831,5,51.58064516129033,56.51612903225806,31,62
832,5,51.5,56.62500000000001,32,62
833,5,51.42424242424243,56.57575757575758,33,62
834,5,51.323529411764696,56.61764705882353,34,64
835,5,51.2258064516129,56.516129032258064,31,62
836,5,51.25806451612904,56.35483870967741,31,60
837,5,51.029411764705884,56.3235294117647,34,64
838,5,51.09375000000001,56.31250000000001,32,62
839,5,51.06060606060607,56.272727272727266,33,64
840,5,51.00000000000001,56.18749999999999,32,62
841,5,51.21875,56.18749999999999,32,62
842,5,51.46875000000001,56.09375,32,64
843,5,51.187499999999986,56.24999999999999,32,62
844,5,51.18181818181819,56.363636363636374,33,64
845,5,51.08823529411766,56.352941176470594,34,64
846,5,51.18181818181819,56.393939393939384,33,64
847,5,51.451612903225815,56.54838709677419,31,62
848,5,51.366666666666674,57.1,30,62
849,5,51.27272727272728,57.18181818181819,33,66
850,5,51.03030303030303,56.96969696969696,33,64
851,5,50.970588235294116,56.91176470588235,34,64
852,5,50.85714285714287,56.914285714285704,35,64
853,5,50.71875000000001,57.1875,32,62
854,5,50.80645161290324,57.16129032258065,31,62
855,5,50.78124999999999,57.06249999999999,32,62
856,5,50.6875,57.1875,32,62
857,5,50.65625000000001,57.375,32,62
858,5,50.62500000000001,57.50000000000001,32,62
859,5,50.6764705882353,57.294117647058826,34,64
860,5,50.70588235294118,57.264705882352935,34,64
861,5,50.50000000000001,57,32,62
862,5,50.575757575757585,57.03030303030303,33,62
863,5,50.60000000000001,56.971428571428575,35,64
864,5,50.666666666666664,56.96969696969697,33,64
865,5,50.75000000000001,56.90625000000001,32,62
866,5,50.727272727272734,56.81818181818182,33,62
867,5,50.82352941176471,56.91176470588235,34,64
868,5,50.87499999999999,56.9375,32,62
869,5,50.71875000000001,56.84375,32,64
870,5,50.65625,56.781249999999986,32,62
871,5,50.65625,56.781249999999986,32,62
872,5,50.6969696969697,56.75757575757575,33,62
873,5,50.51515151515153,56.84848484848485,33,62
874,5,50.58823529411766,56.911764705882355,34,64
875,5,50.51515151515153,56.84848484848485,33,62
876,5,50.62500000000001,56.84375,32,60
877,5,50.71875,56.71875,32,62
878,5,51.00000000000001,56.50000000000001,34,62
879,5,50.939393939393945,56.57575757575759,33,62
880,5,51.08823529411766,56.38235294117647,34,66
881,5,51.08823529411766,56.294117647058826,34,66
882,5,50.94117647058824,56.52941176470589,34,64
883,5,50.939393939393945,56.57575757575759,33,62
884,5,50.906250000000014,56.65624999999999,32,62
885,5,50.727272727272734,56.63636363636364,33,62
886,5,50.75,56.71875,32,62
887,5,50.81818181818183,56.63636363636364,33,64
888,5,50.612903225806456,56.64516129032259,31,62
889,5,50.75,56.65625,32,64
890,5,50.53333333333334,56.733333333333334,30,60
891,5,50.38709677419356,56.612903225806456,31,66
892,5,50.25,56.625,32,62
893,5,50.1290322580645,56.516129032258064,31,64
894,5,50.093750000000014,56.75,32,62
895,5,50.12500000000001,56.93749999999999,32,64
896,5,50.15625000000001,56.62500000000001,32,60
897,5,50.08571428571429,56.857142857142854,35,64
898,5,50.176470588235304,56.82352941176471,34,62
899,5,49.96969696969697,56.9090909090909,33,64
900,5,50.09375000000001,56.96875,32,62
901,5,49.80645161290324,57.32258064516129,31,62
902,5,50.03333333333334,57.266666666666666,30,62
903,5,49.93548387096774,57.096774193548384,31,62
904,5,49.84848484848486,57.15151515151515,33,64
905,5,49.45161290322581,57.16129032258065,31,62
906,5,49.5,57.06666666666668,30,60
907,5,49.41379310344828,57.0344827586207,29,60
908,5,49.36666666666667,57.266666666666666,30,66
909,5,49.483870967741936,57.12903225806452,31,62
910,5,49.4,57.1,30,62
911,5,49.2,57.06666666666666,30,64
912,5,49.03225806451612,57.161290322580655,31,64
913,5,49.12121212121212,57.09090909090909,33,64
914,5,49.06250000000001,57.249999999999986,32,64
915,5,49.09677419354839,57.16129032258065,31,62
916,5,49.08823529411766,57.20588235294116,34,64
917,5,49.15625000000001,57.24999999999999,32,62
918,5,48.916666666666664,57.16666666666668,36,66
919,5,49.00000000000001,57.22857142857142,35,64
920,5,49.00000000000001,57.22857142857142,35,64
921,5,49.00000000000001,57.08571428571428,35,66
922,5,49.08823529411766,57.117647058823536,34,66
923,5,48.93939393939394,57.27272727272727,33,64
924,5,48.97222222222222,57.30555555555556,36,64
925,5,49.290322580645174,57.258064516129025,31,62
926,5,49.37142857142857,57.11428571428572,35,66
927,5,49.45714285714286,56.97142857142857,35,66
928,5,49.41935483870967,57.22580645161291,31,62
929,5,49.4375,57.125,32,64
930,5,49.314285714285724,56.88571428571429,35,64
931,5,49.27272727272728,56.81818181818182,33,62
932,5,49.333333333333336,56.848484848484844,33,64
933,5,49.352941176470594,56.76470588235294,34,64
934,5,49.51515151515152,56.93939393939394,33,64
935,5,49.727272727272734,56.909090909090914,33,64
936,5,50,57.12903225806452,31,64
937,5,49.87096774193547,57.03225806451613,31,62
938,5,49.81818181818183,56.84848484848485,33,64
939,5,49.93939393939394,56.72727272727273,33,64
940,5,49.74193548387097,56.67741935483871,31,62
941,5,49.70967741935484,56.90322580645162,31,64
942,5,49.4,56.666666666666664,30,62
943,5,49.50000000000001,56.88235294117647,34,64
944,5,49.28124999999999,57.09375,32,62
945,5,49.24242424242424,56.96969696969697,33,64
946,5,49.24242424242424,56.96969696969697,33,64
947,5,49.303030303030305,57.00000000000001,33,64
948,5,49.46875000000001,57.09375000000001,32,64
949,5,49.27272727272728,57.06060606060605,33,64
950,5,49.32258064516128,57.129032258064505,31,62
951,5,49.333333333333336,57.09090909090909,33,66
952,5,49.333333333333336,57.09090909090909,33,66
953,5,49.333333333333336,57.09090909090909,33,66
954,5,49.62068965517243,57.0344827586207,29,60
955,5,49.63333333333335,57.16666666666665,30,64
956,5,49.50000000000001,57.28124999999999,32,64
957,5,49.483870967741936,57.32258064516129,31,62
958,5,49.16129032258065,57.12903225806451,31,62
959,5,49.05882352941176,57.1764705882353,34,64
960,5,48.96969696969697,57.121212121212125,33,64
961,5,49.000000000000014,57.21212121212122,33,64
962,5,49.00000000000001,57.22857142857142,35,64
963,5,48.99999999999999,57.205882352941174,34,64
964,5,48.81249999999999,57.15625,32,62
965,5,48.6875,57.28124999999999,32,64
966,5,48.65625,57.28125,32,62
967,5,48.65625,57.28125,32,62
968,5,48.794117647058826,57.11764705882353,34,64
969,5,48.78124999999999,56.9375,32,62
970,5,48.87096774193549,56.9032258064516,31,62
971,5,48.88235294117646,57.11764705882353,34,64
972,5,48.818181818181806,57.03030303030303,33,62
973,5,48.818181818181806,57.03030303030303,33,62
974,5,48.6969696969697,57.06060606060607,33,64
975,5,48.5625,56.84374999999999,32,62
976,5,48.58064516129032,56.96774193548386,31,62
977,5,48.65625,56.90625,32,62
978,5,48.5625,56.84374999999999,32,62
979,5,48.484848484848484,56.90909090909091,33,62
980,5,48.45454545454546,56.727272727272734,33,64
981,5,48.45454545454546,56.727272727272734,33,64
982,5,48.46875000000001,56.65624999999999,32,64
983,5,48.300000000000004,56.60000000000001,30,60
984,5,48.20000000000001,56.73333333333332,30,60
985,5,48.3125,56.625,32,62
986,5,48.44117647058824,56.73529411764706,34,64
987,5,48.333333333333336,56.63636363636363,33,64
988,5,48.333333333333336,56.75757575757576,33,62
989,5,48.235294117647065,56.823529411764724,34,64
990,5,48.333333333333336,56.75757575757576,33,62
991,5,48.50000000000001,56.64705882352941,34,64
992,5,48.466666666666676,56.63333333333335,30,60
993,5,48.5,56.625,32,62
994,5,48.741935483870975,56.516129032258064,31,62
995,5,48.59375000000001,56.53124999999999,32,64
996,5,48.5,56.5,30,60
997,5,48.50000000000001,56.71874999999999,32,64
998,5,48.67741935483871,56.48387096774194,31,62
999,5,48.67741935483871,56.48387096774194,31,62
1000,5,48.75,56.4375,32,64
0,6,50.51515151515152,49.03030303030303,33,64
1,6,50.42857142857143,48.942857142857136,35,66
2,6,50.484848484848484,48.78787878787878,33,64
3,6,50.484848484848484,48.78787878787878,33,64
4,6,50.50000000000001,48.99999999999999,32,62
5,6,50.60000000000001,49.02857142857143,35,64
6,6,50.5,49.11764705882352,34,66
7,6,50.32352941176471,49.02941176470589,34,64
8,6,50.437500000000014,48.9375,32,62
9,6,50.5483870967742,48.93548387096774,31,62
10,6,50.5,49.00000000000001,32,62
11,6,50.60606060606061,49.03030303030304,33,64
12,6,50.575757575757585,48.96969696969697,33,62
13,6,50.61111111111112,48.861111111111114,36,64
14,6,50.55882352941177,48.8235294117647,34,64
15,6,50.70967741935484,49.16129032258064,31,64
16,6,50.48387096774193,49.12903225806451,31,64
17,6,50.64516129032258,49.09677419354839,31,64
18,6,50.53333333333333,49.06666666666667,30,64
19,6,50.59374999999999,49.09375,32,66
20,6,50.57575757575758,49.06060606060607,33,64
21,6,50.4,49.166666666666664,30,62
22,6,50.300000000000004,49,30,64
23,6,50.090909090909086,49.03030303030303,33,66
24,6,50.00000000000001,48.8787878787879,33,64
25,6,50.058823529411775,48.76470588235294,34,64
26,6,50.06060606060606,48.666666666666664,33,62
27,6,50.00000000000001,48.73529411764707,34,62
28,6,49.909090909090914,48.75757575757577,33,62
29,6,49.84375000000001,48.68750000000001,32,62
30,6,49.87096774193548,48.70967741935483,31,60
31,6,49.709677419354854,48.93548387096772,31,64
32,6,49.633333333333354,49.00000000000001,30,62
33,6,49.6,48.833333333333336,30,62
34,6,49.741935483870975,48.58064516129032,31,62
35,6,49.96774193548387,48.451612903225815,31,64
36,6,50.03125000000001,48.65624999999999,32,62
37,6,49.84375,48.65625,32,64
38,6,49.56666666666667,48.66666666666667,30,60
39,6,49.645161290322584,48.87096774193549,31,62
40,6,49.67741935483871,48.9032258064516,31,64
41,6,49.81250000000001,48.874999999999986,32,64
42,6,49.59375000000001,48.84375,32,64
43,6,49.64516129032259,48.93548387096775,31,60
44,6,49.71875000000001,48.843750000000014,32,62
45,6,49.71875000000001,48.843750000000014,32,62
46,6,49.787878787878796,48.90909090909092,33,64
47,6,49.75757575757577,49.09090909090909,33,62
48,6,49.8529411764706,49.11764705882353,34,64
49,6,49.63333333333334,49.166666666666664,30,62
50,6,49.7,49.366666666666674,30,62
51,6,49.96666666666667,49.33333333333334,30,64
52,6,49.79310344827587,49.41379310344828,29,64
53,6,49.9,49.300000000000004,30,62
54,6,49.80645161290322,49.322580645161295,31,62
55,6,49.68750000000001,49.68750000000001,32,64
56,6,49.75000000000001,49.75000000000001,32,62
57,6,49.91176470588236,49.79411764705883,34,64
58,6,50.06060606060606,49.666666666666664,33,62
59,6,50.05882352941176,49.55882352941177,34,64
60,6,50.00000000000001,49.73529411764707,34,62
61,6,50.09375000000001,49.781250000000014,32,64
62,6,50.14705882352942,49.588235294117645,34,64
63,6,50.34375000000001,49.59375000000001,32,62
64,6,50.294117647058826,49.50000000000001,34,62
65,6,50.228571428571435,49.42857142857142,35,64
66,6,50.085714285714296,49.199999999999996,35,64
67,6,50.062500000000014,49.15625,32,62
68,6,49.86666666666668,49.13333333333334,30,62
69,6,49.77419354838711,49.16129032258064,31,62
70,6,49.333333333333336,49.42424242424242,33,62
71,6,49.36363636363636,49.36363636363637,33,64
72,6,49.29032258064516,49.41935483870968,31,64
73,6,49.187499999999986,49.5,32,66
74,6,49.00000000000001,49.5625,32,62
75,6,48.909090909090914,49.515151515151516,33,62
76,6,48.852941176470594,49.58823529411764,34,64
77,6,48.909090909090914,49.515151515151516,33,62
78,6,48.91176470588236,49.411764705882355,34,64
79,6,48.909090909090914,49.515151515151516,33,62
80,6,48.84848484848486,49.333333333333336,33,64
81,6,48.63333333333334,49.166666666666664,30,62
82,6,48.51515151515153,49.151515151515156,33,62
83,6,48.352941176470594,48.91176470588237,34,64
84,6,48.400000000000006,49.00000000000001,35,64
85,6,48.50000000000001,49,34,62
86,6,48.55882352941177,49.32352941176471,34,64
87,6,48.575757575757585,49.454545454545446,33,64
88,6,48.38235294117647,49.382352941176464,34,64
89,6,48.484848484848484,49.3939393939394,33,62
90,6,48.545454545454554,49.21212121212121,33,62
91,6,48.5625,49.125,32,62
92,6,48.666666666666664,49.121212121212125,33,64
93,6,48.42424242424243,49.06060606060608,33,62
94,6,48.42424242424243,49.24242424242425,33,62
95,6,48.50000000000001,49.29411764705883,34,62
96,6,48.575757575757585,49.33333333333333,33,62
97,6,48.575757575757585,49.33333333333333,33,62
98,6,48.72727272727273,49.36363636363637,33,64
99,6,48.50000000000001,49.46874999999999,32,64
100,6,48.363636363636374,49.454545454545446,33,64
101,6,48.34375000000001,49.34375000000001,32,62
102,6,48.34375000000001,49.34375000000001,32,62
103,6,48.314285714285724,49.17142857142856,35,64
104,6,48.32432432432433,49.054054054054056,37,66
105,6,48.176470588235304,49,34,64
106,6,48.21875,48.999999999999986,32,62
107,6,48.176470588235304,49.176470588235276,34,64
108,6,48.290322580645174,49.45161290322581,31,60
109,6,48.42424242424243,49.57575757575758,33,62
110,6,48.57575757575758,49.42424242424242,33,62
111,6,48.57575757575758,49.42424242424242,33,62
112,6,48.470588235294116,49.44117647058824,34,64
113,6,48.470588235294116,49.44117647058824,34,64
114,6,48.53125,49.34375,32,62
115,6,48.38709677419356,49.48387096774193,31,62
116,6,48.50000000000001,49.705882352941174,34,62
117,6,48.50000000000001,49.705882352941174,34,62
118,6,48.45454545454546,49.787878787878796,33,62
119,6,48.50000000000001,49.705882352941174,34,62
120,6,48.575757575757585,49.666666666666664,33,62
121,6,48.45454545454546,49.787878787878796,33,62
122,6,48.51612903225807,50.09677419354839,31,62
123,6,48.5625,50.1875,32,64
124,6,48.43750000000001,50.406250000000014,32,62
125,6,48.59375000000001,50.281249999999986,32,62
126,6,48.411764705882355,50.1764705882353,34,64
127,6,48.36363636363637,50.090909090909086,33,64
128,6,48.48387096774194,50.48387096774193,31,62
129,6,48.303030303030305,50.242424242424235,33,64
130,6,48.294117647058826,50.50000000000001,34,62
131,6,48.342857142857135,50.22857142857142,35,64
132,6,48.342857142857135,50.22857142857142,35,64
133,6,48.31249999999999,50.0625,32,62
134,6,48.46875000000001,49.93749999999999,32,62
135,6,48.33333333333332,49.78787878787879,33,64
136,6,48.33333333333332,49.78787878787879,33,64
137,6,48.242424242424235,49.63636363636363,33,64
138,6,48.187499999999986,49.656250000000014,32,64
139,6,48.27272727272728,49.57575757575758,33,64
140,6,48.314285714285724,49.71428571428573,35,66
141,6,48.45161290322581,50.0967741935484,31,62
142,6,48.75000000000001,50.24999999999999,32,64
143,6,48.91176470588236,50.17647058823528,34,64
144,6,48.885714285714286,50.25714285714286,35,64
145,6,48.885714285714286,50.25714285714286,35,64
146,6,48.970588235294116,50.29411764705883,34,64
147,6,48.9090909090909,50.21212121212122,33,62
148,6,48.90624999999999,50.28125,32,64
149,6,48.82352941176471,50.1764705882353,34,62
150,6,48.7878787878788,50.18181818181819,33,64
151,6,48.735294117647065,49.999999999999986,34,62
152,6,48.70967741935483,50.00000000000001,31,62
153,6,48.87499999999999,50.125000000000014,32,62
154,6,48.87499999999999,50.125000000000014,32,62
155,6,48.73333333333335,50.10000000000001,30,62
156,6,48.45161290322581,49.93548387096774,31,64
157,6,48.303030303030305,50.242424242424235,33,64
158,6,48.21875,50,32,62
159,6,48.187499999999986,49.78124999999999,32,64
160,6,48.37500000000001,49.90625,32,64
161,6,48.18181818181819,49.81818181818182,33,66
162,6,48.242424242424235,49.69696969696969,33,66
163,6,48.25806451612904,49.83870967741934,31,64
164,6,48.41379310344828,49.68965517241379,29,62
165,6,48.37500000000001,49.625,32,62
166,6,48.50000000000001,49.79411764705882,34,64
167,6,48.33333333333333,50.05555555555555,36,66
168,6,48.33333333333333,50.08333333333333,36,66
169,6,48.212121212121204,50.21212121212119,33,64
170,6,48.19354838709677,50.03225806451613,31,62
171,6,48.0909090909091,50.2121212121212,33,64
172,6,48.19444444444444,50.19444444444444,36,66
173,6,48.24242424242424,50.66666666666666,33,62
174,6,48.24242424242424,50.66666666666666,33,62
175,6,48.393939393939384,50.545454545454554,33,64
176,6,48.5483870967742,50.41935483870968,31,62
177,6,48.28124999999999,50.40625,32,62
178,6,48.0909090909091,50.303030303030305,33,62
179,6,47.96969696969698,50.18181818181817,33,62
180,6,48.000000000000014,49.87878787878789,33,64
181,6,47.80645161290324,49.83870967741937,31,62
182,6,48.0625,49.87499999999999,32,64
183,6,48.16129032258065,49.967741935483865,31,64
184,6,48.03125000000001,49.906249999999986,32,64
185,6,47.90625,50.0625,32,62
186,6,47.90625,50.0625,32,62
187,6,48.19354838709678,50.064516129032256,31,64
188,6,48.21212121212121,50,33,64
189,6,48.37500000000001,49.84375000000001,32,60
190,6,48.50000000000001,49.88235294117647,34,64
191,6,48.617647058823536,49.88235294117647,34,64
192,6,48.617647058823536,49.88235294117647,34,64
193,6,48.62500000000001,49.96875,32,64
194,6,48.75757575757576,50.06060606060607,33,68
195,6,48.75757575757576,50.27272727272727,33,66
196,6,48.63636363636363,50.15151515151515,33,66
197,6,48.63636363636363,50.030303030303024,33,64
198,6,48.606060606060616,49.78787878787879,33,64
199,6,48.62500000000001,49.6875,32,62
200,6,48.606060606060616,49.78787878787879,33,64
201,6,48.44117647058824,49.67647058823529,34,66
202,6,48.393939393939384,49.36363636363636,33,64
203,6,48.41176470588235,49.32352941176471,34,64
204,6,48.51515151515153,49.393939393939405,33,62
205,6,48.484848484848484,49.06060606060605,33,64
206,6,48.51515151515153,48.90909090909091,33,62
207,6,48.84848484848486,49.090909090909086,33,62
208,6,48.81250000000001,48.99999999999999,32,62
209,6,48.676470588235304,49.08823529411765,34,64
210,6,48.727272727272734,49.151515151515156,33,62
211,6,48.82857142857143,49.28571428571428,35,64
212,6,48.82857142857143,49.28571428571428,35,64
213,6,48.787878787878796,49.24242424242425,33,64
214,6,48.787878787878796,49.24242424242425,33,64
215,6,48.81250000000001,49.18749999999999,32,62
216,6,48.71875,49.03125000000001,32,62
217,6,48.75,48.96874999999999,32,64
218,6,48.88235294117647,49.058823529411775,34,64
219,6,48.91428571428572,49.142857142857146,35,64
220,6,48.99999999999999,49.1764705882353,34,64
221,6,48.87499999999999,49.06250000000001,32,64
222,6,48.84374999999999,49.09375000000001,32,64
223,6,49.096774193548384,48.99999999999998,31,62
224,6,49.3235294117647,49.02941176470586,34,64
225,6,49.393939393939384,49.09090909090909,33,64
226,6,49.18181818181819,49.27272727272728,33,64
227,6,49.290322580645174,49.29032258064515,31,60
228,6,49.23333333333333,48.86666666666667,30,62
229,6,49.484848484848484,48.90909090909091,33,62
230,6,49.676470588235304,48.6470588235294,34,64
231,6,49.575757575757585,48.66666666666666,33,64
232,6,49.4848484848485,48.666666666666664,33,64
233,6,49.666666666666664,48.575757575757585,33,62
234,6,49.516129032258064,48.41935483870968,31,64
235,6,49.43333333333333,48.46666666666667,30,64
236,6,49.35483870967743,48.258064516129025,31,64
237,6,49.451612903225794,48.258064516129025,31,62
238,6,49.6060606060606,48.15151515151514,33,64
239,6,49.57575757575758,48.12121212121212,33,64
240,6,49.34375000000001,48.25,32,64
241,6,49.030303030303045,48.24242424242424,33,64
242,6,48.82352941176471,48.352941176470594,34,64
243,6,48.757575757575765,48.42424242424243,33,62
244,6,48.757575757575765,48.42424242424243,33,62
245,6,48.70588235294118,48.5,34,62
246,6,48.606060606060616,48.60606060606061,33,64
247,6,48.39393939393939,48.60606060606059,33,64
248,6,48.36666666666667,48.5,30,62
249,6,48.36363636363636,48.72727272727273,33,64
250,6,48.36363636363636,48.72727272727273,33,64
251,6,48.24242424242425,48.6969696969697,33,64
252,6,48.18181818181819,48.63636363636363,33,64
253,6,47.90909090909091,48.45454545454545,33,64
254,6,47.62857142857143,48.42857142857142,35,64
255,6,47.275862068965516,48.27586206896551,29,60
256,6,47.31249999999999,48.375,32,64
257,6,47.12500000000001,48.31250000000001,32,64
258,6,47.39999999999999,48.45714285714285,35,66
259,6,47.323529411764696,48.382352941176464,34,64
260,6,47.09677419354837,48.4516129032258,31,62
261,6,46.939393939393945,48.24242424242424,33,64
262,6,46.96875,48.15624999999999,32,64
263,6,46.83870967741936,48.16129032258065,31,62
264,6,46.84848484848485,48.303030303030305,33,64
265,6,46.82352941176471,48.38235294117647,34,64
266,6,46.81818181818182,48.27272727272727,33,64
267,6,46.81818181818182,48.27272727272727,33,64
268,6,46.606060606060616,48.06060606060606,33,66
269,6,46.66666666666666,48.10000000000001,30,60
270,6,46.72727272727273,48.030303030303024,33,64
271,6,46.58064516129032,48.12903225806452,31,62
272,6,46.303030303030305,48.06060606060607,33,64
273,6,46.58823529411765,48.088235294117645,34,64
274,6,46.50000000000001,47.96874999999999,32,64
275,6,46.27272727272728,47.848484848484865,33,62
276,6,46.25,47.90625,32,62
277,6,46.393939393939384,47.96969696969697,33,64
278,6,46.66666666666667,48.060606060606055,33,62
279,6,46.80645161290323,48.16129032258065,31,62
280,6,46.71875000000001,48.125,32,64
281,6,47.00000000000001,48.121212121212125,33,66
282,6,46.9090909090909,48.151515151515156,33,64
283,6,46.757575757575765,48.06060606060607,33,64
284,6,46.78787878787879,47.909090909090914,33,62
285,6,46.6875,47.93750000000001,32,62
286,6,46.727272727272734,47.84848484848485,33,62
287,6,46.73529411764706,47.735294117647044,34,64
288,6,46.97222222222222,47.694444444444436,36,64
289,6,46.970588235294116,47.70588235294116,34,64
290,6,46.87096774193547,47.774193548387096,31,62
291,6,46.87096774193547,47.774193548387096,31,62
292,6,46.9090909090909,47.78787878787879,33,62
293,6,46.84848484848486,47.42424242424243,33,64
294,6,46.676470588235304,47.32352941176472,34,64
295,6,46.75000000000001,47.49999999999999,32,62
296,6,46.75000000000001,47.49999999999999,32,62
297,6,47.00000000000001,47.50000000000001,34,62
298,6,47.00000000000001,47.50000000000001,34,62
299,6,46.75,47.65625,32,64
300,6,46.75,47.65625,32,64
301,6,46.885714285714286,47.51428571428573,35,64
302,6,47.00000000000001,47.50000000000001,34,62
303,6,46.939393939393945,47.57575757575759,33,62
304,6,46.727272727272734,47.45454545454546,33,64
305,6,46.70967741935485,47.5483870967742,31,60
306,6,46.81250000000001,47.56250000000001,32,62
307,6,46.882352941176485,47.41176470588236,34,64
308,6,46.87500000000001,47.43750000000001,32,64
309,6,46.818181818181806,47.45454545454545,33,64
310,6,46.84848484848485,47.24242424242425,33,64
311,6,46.80645161290324,47.03225806451613,31,62
312,6,46.59375,47.000000000000014,32,64
313,6,46.81250000000001,47,32,62
314,6,47.000000000000014,47.06060606060606,33,64
315,6,47.22857142857144,47.02857142857143,35,66
316,6,47.09375,47.0625,32,66
317,6,47.25806451612904,47.25806451612904,31,64
318,6,46.968750000000014,47.43750000000001,32,64
319,6,46.852941176470594,47.647058823529406,34,64
320,6,47.030303030303045,47.48484848484849,33,64
321,6,47.0625,47.4375,32,64
322,6,47.13793103448276,47.48275862068966,29,64
323,6,47.09677419354837,47.322580645161295,31,64
324,6,47.000000000000014,47.54545454545455,33,64
325,6,46.970588235294116,47.6470588235294,34,64
326,6,47.00000000000001,47.91176470588236,34,66
327,6,46.878787878787875,48.06060606060607,33,64
328,6,46.90625,48.3125,32,62
329,6,46.90625,48.3125,32,62
330,6,47.064516129032256,48.48387096774193,31,64
331,6,46.93548387096774,48.4516129032258,31,64
332,6,47.12903225806452,48.58064516129032,31,62
333,6,47.00000000000001,48.49999999999999,34,64
334,6,47.00000000000001,48.49999999999999,34,64
335,6,46.81250000000001,48.49999999999999,32,62
336,6,46.870967741935495,48.58064516129033,31,62
337,6,46.935483870967744,48.806451612903224,31,62
338,6,46.969696969696976,48.60606060606061,33,64
339,6,46.8235294117647,48.44117647058824,34,64
340,6,46.8235294117647,48.44117647058824,34,64
341,6,46.74285714285715,48.457142857142856,35,64
342,6,46.6969696969697,48.24242424242425,33,62
343,6,46.575757575757585,48.242424242424235,33,62
344,6,46.483870967741936,48.38709677419355,31,62
345,6,46.484848484848484,48.60606060606061,33,64
346,6,46.54545454545455,48.454545454545446,33,64
347,6,46.43750000000001,48.28125,32,62
348,6,46.352941176470594,48.14705882352941,34,64
349,6,46.352941176470594,48.14705882352941,34,64
350,6,46.41176470588234,48.11764705882353,34,64
351,6,46.5483870967742,48.193548387096776,31,60
352,6,46.36666666666667,48,30,62
353,6,46.290322580645174,47.54838709677419,31,60
354,6,46.21875,47.62500000000001,32,62
355,6,46.15625,47.93750000000001,32,64
356,6,45.93750000000001,47.68749999999999,32,64
357,6,45.84848484848486,47.66666666666667,33,64
358,6,45.87500000000001,47.56249999999999,32,62
359,6,46.00000000000001,47.71875000000001,32,62
360,6,46.00000000000001,47.73529411764707,34,62
361,6,46.00000000000001,47.73529411764707,34,62
362,6,46.00000000000001,47.828571428571436,35,64
363,6,46.000000000000014,47.87878787878789,33,64
364,6,46.00000000000001,47.71874999999999,32,62
365,6,46.093750000000014,47.656250000000014,32,62
366,6,46.06060606060606,47.57575757575758,33,62
367,6,45.90322580645161,47.25806451612903,31,64
368,6,46.00000000000001,47.61290322580646,31,60
369,6,46.12903225806452,47.48387096774194,31,62
370,6,46.16129032258065,47.70967741935484,31,62
371,6,46.264705882352935,48.00000000000001,34,64
372,6,46.342857142857135,48.057142857142864,35,64
373,6,46.264705882352935,48.08823529411765,34,64
374,6,46.352941176470594,47.88235294117647,34,64
375,6,46.305555555555564,47.97222222222222,36,64
376,6,46.0909090909091,47.84848484848485,33,62
377,6,46.187499999999986,47.53125,32,62
378,6,46.121212121212125,47.60606060606061,33,64
379,6,46.333333333333336,47.5,30,64
380,6,46.53125,47.21875,32,64
381,6,46.393939393939384,46.96969696969697,33,64
382,6,46.33333333333333,46.969696969696976,33,64
383,6,46.40625,47,32,62
384,6,46.31250000000001,47.06249999999999,32,64
385,6,46.3939393939394,47.030303030303024,33,64
386,6,46.46875,47.03125000000001,32,64
387,6,46.21212121212121,46.848484848484865,33,64
388,6,46.15151515151515,46.72727272727273,33,62
389,6,46.064516129032256,46.77419354838709,31,64
390,6,46.33333333333333,46.575757575757585,33,64
391,6,46.25806451612904,46.74193548387097,31,62
392,6,46.34375000000001,46.6875,32,64
393,6,46.466666666666676,46.70000000000001,30,64
394,6,46.433333333333344,46.70000000000001,30,62
395,6,46.193548387096776,46.45161290322581,31,60
396,6,46.03125000000001,46.40624999999999,32,64
397,6,46.16129032258065,46.45161290322581,31,62
398,6,46.25,46.375,32,64
399,6,46.20000000000001,46.36666666666667,30,62
400,6,46.15151515151515,46.4848484848485,33,62
401,6,46.26470588235295,46.47058823529412,34,66
402,6,46.33333333333334,46.44444444444444,36,66
403,6,46.3939393939394,46.242424242424256,33,66
404,6,46.5625,46.3125,32,62
405,6,46.593750000000014,46.249999999999986,32,64
406,6,46.70967741935483,46.54838709677419,31,64
407,6,46.66666666666666,46.63333333333334,30,62
408,6,46.65625000000001,46.59375,32,64
409,6,46.909090909090914,46.515151515151516,33,62
410,6,46.939393939393945,46.63636363636363,33,64
411,6,47.0909090909091,46.57575757575758,33,64
412,6,47.0909090909091,46.54545454545455,33,62
413,6,47.0909090909091,46.363636363636374,33,64
414,6,46.81818181818182,46.27272727272727,33,62
415,6,46.939393939393945,46.333333333333336,33,62
416,6,46.90322580645162,46.48387096774194,31,64
417,6,47,46.32258064516129,31,62
418,6,46.81250000000001,46.375,32,64
419,6,47.00000000000001,46.19354838709676,31,62
420,6,47.114285714285714,45.91428571428572,35,66
421,6,47.176470588235304,45.99999999999999,34,64
422,6,47.26470588235295,45.999999999999986,34,62
423,6,47.12500000000001,46.09374999999999,32,62
424,6,47.1875,46.249999999999986,32,62
425,6,47.1875,46.249999999999986,32,62
426,6,46.80645161290323,46.0967741935484,31,64
427,6,46.58620689655172,46.27586206896552,29,62
428,6,46.34375000000001,46.28125000000001,32,62
429,6,46.38235294117648,46.117647058823536,34,66
430,6,46.305555555555564,46.30555555555555,36,64
431,6,46.50000000000001,46.29411764705883,34,62
432,6,46.65625000000001,46.21875,32,62
433,6,46.64705882352942,45.999999999999986,34,64
434,6,46.749999999999986,45.96875,32,62
435,6,47.03030303030303,45.75757575757576,33,64
436,6,47.03030303030303,45.75757575757576,33,64
437,6,47.03030303030303,45.75757575757576,33,64
438,6,47.088235294117645,45.85294117647059,34,66
439,6,47.151515151515156,46.151515151515135,33,64
440,6,47.09677419354839,46.00000000000001,31,62
441,6,47.03333333333334,45.833333333333336,30,64
442,6,47.34375000000001,45.68749999999999,32,64
443,6,47.5483870967742,45.90322580645162,31,64
444,6,47.46875000000001,45.78125,32,64
445,6,47.3125,45.843749999999986,32,64
446,6,47.125,45.65624999999999,32,66
447,6,47.16666666666667,45.43333333333334,30,62
448,6,47.43750000000001,45.40625000000001,32,64
449,6,47.71875,45.43749999999999,32,64
450,6,47.67741935483871,45.51612903225807,31,62
451,6,47.90322580645161,45.741935483870975,31,62
452,6,47.87878787878788,45.90909090909091,33,64
453,6,47.937500000000014,45.84375000000001,32,62
454,6,47.85294117647059,45.61764705882353,34,66
455,6,47.82352941176471,45.73529411764706,34,64
456,6,47.84848484848486,45.84848484848485,33,62
457,6,47.90625,45.937499999999986,32,62
458,6,48.19354838709678,45.96774193548386,31,62
459,6,48.16129032258065,46.03225806451613,31,64
460,6,48.26666666666667,46.033333333333324,30,64
461,6,48.5483870967742,46.193548387096776,31,62
462,6,48.676470588235304,46,34,64
463,6,48.78125000000001,46.03125,32,64
464,6,48.96666666666666,46.13333333333334,30,62
465,6,48.80645161290323,45.93548387096774,31,66
466,6,48.87096774193548,45.99999999999999,31,64
467,6,49.15625,45.96874999999999,32,64
468,6,49.24242424242424,45.96969696969697,33,64
469,6,49.08823529411766,46.05882352941177,34,64
470,6,49.303030303030305,46.121212121212125,33,64
471,6,49.303030303030305,46.121212121212125,33,64
472,6,49.25806451612904,46.19354838709677,31,64
473,6,49.32258064516128,46.129032258064505,31,62
474,6,49.25,46.24999999999999,32,64
475,6,49.16129032258065,46.16129032258064,31,62
476,6,49.33333333333333,45.90909090909091,33,64
477,6,49.33333333333333,45.939393939393945,33,64
478,6,49.50000000000001,45.79411764705882,34,64
479,6,49.48571428571429,45.88571428571429,35,64
480,6,49.42424242424243,46.03030303030303,33,62
481,6,49.40625,45.999999999999986,32,64
482,6,49.5625,46.125,32,62
483,6,49.545454545454554,46.21212121212121,33,62
484,6,49.76470588235294,46.32352941176472,34,64
485,6,49.81250000000001,46.18749999999999,32,62
486,6,50.00000000000001,46.1875,32,64
487,6,50.16129032258063,46.096774193548384,31,62
488,6,50.12500000000001,46.1875,32,62
489,6,50.24242424242425,46.30303030303031,33,62
490,6,50.14705882352941,46.352941176470594,34,64
491,6,50.26470588235295,46.205882352941174,34,64
492,6,50.45454545454546,46.42424242424243,33,64
493,6,50.45161290322581,46.41935483870968,31,60
494,6,50.375000000000014,46.34374999999999,32,62
495,6,50.303030303030305,46.303030303030305,33,64
496,6,50.393939393939384,46.121212121212125,33,64
497,6,50.393939393939384,46.121212121212125,33,64
498,6,50.484848484848484,46.27272727272728,33,64
499,6,50.545454545454554,46.090909090909086,33,64
500,6,50.54285714285715,46.085714285714296,35,64
501,6,50.54285714285715,46.085714285714296,35,64
502,6,50.74193548387097,45.741935483870954,31,62
503,6,50.93333333333332,45.5,30,62
504,6,51.03030303030304,45.54545454545455,33,66
505,6,51.00000000000001,45.5,34,64
506,6,51.0909090909091,45.515151515151516,33,64
507,6,51.00000000000001,45.32258064516129,31,62
508,6,50.90625,45.37499999999999,32,64
509,6,50.900000000000006,45.366666666666674,30,64
510,6,50.96666666666666,45.20000000000002,30,64
511,6,50.80645161290323,45.03225806451613,31,62
512,6,50.749999999999986,44.96875,32,62
513,6,50.6969696969697,44.90909090909091,33,62
514,6,50.57142857142858,44.77142857142857,35,64
515,6,50.37500000000001,44.84375000000001,32,60
516,6,50.45454545454546,44.909090909090914,33,62
517,6,50.53125000000001,44.96874999999999,32,62
518,6,50.50000000000001,45,34,62
519,6,50.25714285714287,44.88571428571429,35,64
520,6,50.176470588235304,44.911764705882355,34,64
521,6,50.176470588235304,45.05882352941177,34,64
522,6,50.15151515151515,45.151515151515156,33,62
523,6,50.00000000000001,45.00000000000001,31,60
524,6,50.08823529411766,45.05882352941177,34,64
525,6,50,45.09090909090909,33,64
526,6,50.18181818181819,44.96969696969697,33,64
527,6,50.14705882352942,45,34,64
528,6,50.235294117647065,44.91176470588236,34,64
529,6,50.228571428571435,45,35,64
530,6,50.228571428571435,45,35,64
531,6,50.0909090909091,44.84848484848485,33,62
532,6,50.18181818181819,44.757575757575765,33,66
533,6,50.27272727272728,44.878787878787875,33,64
534,6,50.39393939393939,44.787878787878775,33,64
535,6,50.333333333333336,44.878787878787875,33,64
536,6,50.25,44.90625,32,64
537,6,50.294117647058826,44.794117647058826,34,64
538,6,50.228571428571435,45,35,64
539,6,50.24242424242425,45.03030303030304,33,64
540,6,50.14705882352942,45,34,64
541,6,50.151515151515156,44.909090909090914,33,64
542,6,50.21875,44.75,32,64
543,6,50.303030303030305,44.727272727272734,33,64
544,6,50.26470588235295,44.85294117647058,34,66
545,6,50.305555555555564,45.02777777777777,36,66
546,6,50.18181818181817,44.969696969696976,33,64
547,6,50.28124999999999,44.96874999999999,32,64
548,6,50.470588235294116,44.99999999999999,34,66
549,6,50.5483870967742,45.29032258064515,31,62
550,6,50.37500000000001,45.34375000000001,32,64
551,6,50.29032258064517,45.322580645161295,31,64
552,6,50.29032258064517,45.322580645161295,31,64
553,6,50.5483870967742,45.161290322580655,31,62
554,6,50.38709677419355,45.03225806451614,31,62
555,6,50.29411764705882,44.852941176470594,34,64
556,6,50.38709677419355,44.87096774193549,31,64
557,6,50.16666666666666,44.800000000000004,30,60
558,6,50.12500000000001,44.78124999999999,32,62
559,6,50.03125000000001,44.625,32,62
560,6,50.176470588235304,44.764705882352935,34,64
561,6,50.0909090909091,44.69696969696969,33,62
562,6,50.00000000000001,44.82352941176471,34,64
563,6,50.03030303030303,44.81818181818182,33,62
564,6,50.088235294117645,44.735294117647065,34,64
565,6,50.03030303030303,44.81818181818182,33,62
566,6,49.84848484848485,44.75757575757576,33,64
567,6,49.727272727272734,44.63636363636364,33,62
568,6,49.7878787878788,44.51515151515152,33,64
569,6,49.71875000000001,44.46875,32,64
570,6,49.906250000000014,44.375,32,62
571,6,50.000000000000014,44.303030303030305,33,64
572,6,50.000000000000014,44.303030303030305,33,64
573,6,49.906250000000014,44.28125,32,62
574,6,49.80645161290324,44.354838709677416,31,60
575,6,49.939393939393945,44.45454545454546,33,64
576,6,49.939393939393945,44.45454545454546,33,64
577,6,49.939393939393945,44.45454545454546,33,64
578,6,49.84375000000001,44.43750000000001,32,62
579,6,49.46875000000001,44.40624999999999,32,64
580,6,49.4848484848485,44.484848484848484,33,64
581,6,49.42424242424243,44.57575757575758,33,62
582,6,49.294117647058826,44.67647058823528,34,64
583,6,49.333333333333336,44.75757575757576,33,62
584,6,49.470588235294116,44.911764705882355,34,66
585,6,49.3125,44.8125,32,64
586,6,49.303030303030305,44.909090909090914,33,64
587,6,49.48387096774194,44.61290322580645,31,62
588,6,49.24242424242425,44.787878787878796,33,64
589,6,49.43750000000001,44.71875,32,62
590,6,49.35483870967742,44.80645161290323,31,60
591,6,49.43750000000001,44.71875,32,62
592,6,49.62500000000001,44.624999999999986,32,64
593,6,49.43749999999999,44.71874999999999,32,64
594,6,49.800000000000004,44.76666666666667,30,64
595,6,49.906250000000014,44.50000000000001,32,62
596,6,49.75000000000001,44.46874999999999,32,62
597,6,49.70588235294118,44.5,34,62
598,6,49.54838709677419,44.54838709677419,31,62
599,6,49.8,44.7,30,62
600,6,49.903225806451616,44.935483870967744,31,62
601,6,49.96774193548388,44.74193548387096,31,62
602,6,49.687500000000014,44.81249999999999,32,64
603,6,49.78125,44.65625,32,62
604,6,49.757575757575765,44.575757575757585,33,62
605,6,49.65714285714286,44.77142857142858,35,64
606,6,49.5625,44.59375000000001,32,62
607,6,49.63636363636363,44.66666666666667,33,64
608,6,49.43750000000001,44.46874999999999,32,62
609,6,49.41176470588235,44.470588235294116,34,64
610,6,49.24242424242425,44.42424242424243,33,62
611,6,49.51515151515153,44.48484848484848,33,64
612,6,49.41935483870968,44.25806451612904,31,62
613,6,49.35483870967742,44.387096774193544,31,62
614,6,49.46875000000001,44.34375,32,62
615,6,49.575757575757585,44.333333333333336,33,64
616,6,49.757575757575765,44.24242424242424,33,64
617,6,49.666666666666664,44.18181818181818,33,64
618,6,49.87878787878788,44.03030303030303,33,64
619,6,49.87096774193548,44.09677419354839,31,62
620,6,49.774193548387096,44.19354838709678,31,62
621,6,49.774193548387096,44.19354838709678,31,62
622,6,49.6875,44.1875,32,62
623,6,49.76470588235294,44.1764705882353,34,64
624,6,49.68750000000001,44.28125,32,64
625,6,49.666666666666664,44.121212121212125,33,64
626,6,49.65714285714286,43.94285714285714,35,64
627,6,49.55882352941177,43.94117647058824,34,64
628,6,49.55882352941177,43.94117647058824,34,64
629,6,49.50000000000001,44.062499999999986,32,64
630,6,49.58064516129032,44.064516129032256,31,64
631,6,49.66666666666668,44.212121212121204,33,64
632,6,49.593750000000014,44.15624999999999,32,64
633,6,49.363636363636374,44.03030303030304,33,64
634,6,49.51515151515152,44.121212121212125,33,64
635,6,49.51515151515152,44.3030303030303,33,64
636,6,49.575757575757585,44.242424242424235,33,62
637,6,49.50000000000001,44.29411764705883,34,62
638,6,49.727272727272734,44.151515151515156,33,62
639,6,49.941176470588246,44.05882352941176,34,64
640,6,49.84848484848486,44.090909090909086,33,62
641,6,49.60606060606061,43.909090909090914,33,64
642,6,49.3939393939394,43.878787878787875,33,64
643,6,49.42424242424243,43.666666666666664,33,64
644,6,49.62500000000001,43.65625000000001,32,62
645,6,49.75000000000001,43.59374999999999,32,64
646,6,49.82352941176472,43.617647058823536,34,66
647,6,49.72727272727273,43.545454545454554,33,64
648,6,49.59375000000001,43.625,32,66
649,6,49.60606060606061,43.48484848484848,33,66
650,6,49.483870967741936,43.48387096774193,31,62
651,6,49.58823529411766,43.35294117647059,34,64
652,6,49.70588235294118,43.5,34,62
653,6,49.852941176470594,43.47058823529412,34,64
654,6,49.88235294117648,43.588235294117645,34,64
655,6,49.800000000000004,43.542857142857144,35,64
656,6,49.939393939393945,43.66666666666668,33,62
657,6,50.14705882352941,43.82352941176471,34,64
658,6,49.939393939393945,43.66666666666668,33,62
659,6,49.939393939393945,43.66666666666668,33,62
660,6,50.18750000000001,43.50000000000001,32,62
661,6,50.38709677419355,43.48387096774194,31,62
662,6,50.38709677419355,43.48387096774194,31,62
663,6,50.21875,43.65625000000001,32,62
664,6,50.21875,43.65625000000001,32,62
665,6,50.176470588235304,43.82352941176471,34,62
666,6,50.27272727272728,43.848484848484865,33,62
667,6,50.151515151515156,43.96969696969697,33,64
668,6,50.14705882352942,43.76470588235295,34,64
669,6,50.176470588235304,43.911764705882355,34,64
670,6,50.35483870967742,43.74193548387096,31,60
671,6,50.27272727272728,43.81818181818182,33,62
672,6,50.0909090909091,43.72727272727273,33,64
673,6,50.18750000000001,43.74999999999999,32,64
674,6,50.27272727272728,43.78787878787878,33,64
675,6,50.50000000000001,43.74999999999999,32,62
676,6,50.6969696969697,43.575757575757585,33,64
677,6,50.676470588235304,43.67647058823529,34,64
678,6,50.59375000000001,43.56250000000001,32,62
679,6,50.61290322580645,43.516129032258064,31,62
680,6,50.83870967741937,43.483870967741936,31,62
681,6,50.75757575757576,43.303030303030305,33,64
682,6,51,43.18749999999999,32,62
683,6,50.91428571428572,43.142857142857146,35,64
684,6,50.971428571428575,43.171428571428564,35,64
685,6,50.81250000000001,43.125,32,64
686,6,50.87096774193549,43.096774193548384,31,62
687,6,50.87096774193549,43.29032258064516,31,62
688,6,50.87096774193549,43.12903225806451,31,62
689,6,50.90322580645162,43.19354838709676,31,62
690,6,50.80645161290323,43.00000000000001,31,64
691,6,50.74999999999999,42.96874999999999,32,64
692,6,50.70588235294119,42.91176470588234,34,66
693,6,50.70588235294119,42.91176470588234,34,66
694,6,50.6875,42.96874999999999,32,64
695,6,50.6875,42.96874999999999,32,64
696,6,50.81249999999999,43.062500000000014,32,64
697,6,50.90625,42.875,32,66
698,6,50.9375,42.78124999999999,32,64
699,6,51,42.875,32,62
700,6,50.90909090909091,42.727272727272734,33,66
701,6,51.088235294117645,42.6764705882353,34,64
702,6,51.121212121212125,42.57575757575757,33,64
703,6,51.030303030303024,42.515151515151516,33,66
704,6,51.21212121212122,42.42424242424243,33,66
705,6,51.352941176470594,42.323529411764724,34,64
706,6,51.42857142857144,42.37142857142859,35,64
707,6,51.42424242424243,42.24242424242425,33,62
708,6,51.47058823529412,42.14705882352941,34,64
709,6,51.58064516129032,42.032258064516135,31,62
710,6,51.575757575757585,42.03030303030303,33,62
711,6,51.575757575757585,42.03030303030303,33,62
712,6,51.54285714285715,42.085714285714296,35,64
713,6,51.68571428571429,42.08571428571428,35,64
714,6,51.61111111111112,42.1388888888889,36,64
715,6,51.735294117647065,41.999999999999986,34,62
716,6,51.68571428571429,42.08571428571428,35,64
717,6,51.718750000000014,41.90625000000001,32,64
718,6,51.818181818181834,41.939393939393945,33,66
719,6,51.59375,41.93750000000001,32,64
720,6,51.62500000000001,41.90625,32,64
721,6,51.606060606060616,41.78787878787878,33,64
722,6,51.53125000000001,41.9375,32,62
723,6,51.21875,41.87500000000001,32,64
724,6,51.40624999999999,41.96875,32,64
725,6,51.38235294117648,42.14705882352941,34,64
726,6,51.48387096774194,42.129032258064505,31,64
727,6,51.48387096774194,42.129032258064505,31,64
728,6,51.48484848484849,42.15151515151515,33,62
729,6,51.56250000000001,42.09375,32,62
730,6,51.70588235294118,42.38235294117647,34,66
731,6,51.666666666666664,42.54545454545455,33,64
732,6,51.666666666666664,42.54545454545455,33,64
733,6,51.73529411764706,42.58823529411766,34,66
734,6,51.53125,42.65625,32,66
735,6,51.64705882352942,42.76470588235292,34,66
736,6,51.411764705882355,42.91176470588235,34,64
737,6,51.56250000000001,42.90624999999999,32,62
738,6,51.411764705882355,42.91176470588235,34,64
739,6,51.45714285714286,42.828571428571436,35,66
740,6,51.31249999999999,42.4375,32,64
741,6,51.43750000000001,42.43750000000001,32,64
742,6,51.25,42.28125,32,62
743,6,51.25,42.28125,32,62
744,6,51.36363636363636,42.242424242424235,33,64
745,6,51.28124999999999,42.18749999999999,32,62
746,6,51.43333333333333,42.43333333333334,30,60
747,6,51.45454545454546,42.787878787878796,33,62
748,6,51.37500000000001,42.75000000000001,32,62
749,6,51.37500000000001,42.75000000000001,32,62
750,6,51.43750000000001,42.875,32,62
751,6,51.5483870967742,42.935483870967744,31,64
752,6,51.484848484848484,42.60606060606061,33,62
753,6,51.484848484848484,42.60606060606061,33,62
754,6,51.41176470588235,42.52941176470589,34,64
755,6,51.484848484848484,42.60606060606061,33,62
756,6,51.33333333333333,42.63636363636363,33,64
757,6,51.40624999999999,42.84375,32,64
758,6,51.451612903225815,42.74193548387096,31,62
759,6,51.225806451612904,42.80645161290322,31,62
760,6,51.25,42.90625,32,62
761,6,51.2,42.800000000000004,30,60
762,6,51.03124999999999,42.87499999999999,32,64
763,6,51.19354838709677,42.70967741935484,31,62
764,6,51.0909090909091,42.78787878787879,33,62
765,6,50.96774193548387,42.70967741935484,31,62
766,6,51.0625,42.6875,32,62
767,6,51.15151515151515,42.72727272727273,33,62
768,6,51.0625,42.6875,32,62
769,6,51.08823529411766,42.97058823529411,34,64
770,6,51.27272727272728,42.81818181818182,33,62
771,6,51.50000000000001,42.88235294117647,34,64
772,6,51.48484848484849,42.81818181818183,33,64
773,6,51.58823529411765,42.82352941176472,34,64
774,6,51.470588235294116,42.79411764705883,34,66
775,6,51.48571428571429,42.714285714285715,35,66
776,6,51.36363636363637,42.636363636363626,33,64
777,6,51.44117647058824,42.67647058823528,34,64
778,6,51.5,42.625,32,64
779,6,51.45454545454546,42.787878787878796,33,62
780,6,51.393939393939384,42.96969696969697,33,64
781,6,51.51515151515152,42.75757575757575,33,64
782,6,51.57142857142858,42.62857142857143,35,64
783,6,51.62500000000001,42.84375,32,60
784,6,51.65625,43.0625,32,64
785,6,51.774193548387096,43.29032258064516,31,64
786,6,51.793103448275865,43,29,62
787,6,51.81818181818183,43.21212121212122,33,64
788,6,51.59375,43.21875,32,64
789,6,51.666666666666664,43.121212121212125,33,64
790,6,51.64705882352942,43.02941176470589,34,66
791,6,51.727272727272734,43.06060606060607,33,64
792,6,51.82352941176472,43.235294117647065,34,64
793,6,52.06249999999999,43.09375,32,64
794,6,51.96774193548388,43.00000000000001,31,64
795,6,51.96666666666667,42.966666666666676,30,62
796,6,51.7,43.133333333333326,30,64
797,6,51.97142857142858,42.65714285714286,35,66
798,6,51.885714285714286,42.51428571428573,35,64
799,6,52.05882352941177,42.55882352941178,34,64
800,6,52.06060606060606,42.57575757575758,33,64
801,6,52.08823529411765,42.76470588235295,34,64
802,6,52.06060606060606,42.666666666666664,33,62
803,6,52.14705882352941,42.61764705882353,34,64
804,6,52.06060606060606,42.666666666666664,33,62
805,6,52.1764705882353,42.67647058823529,34,64
806,6,52.11428571428572,42.742857142857154,35,64
807,6,52.2857142857143,42.65714285714286,35,66
808,6,52.400000000000006,42.485714285714295,35,64
809,6,52.542857142857144,42.42857142857142,35,64
810,6,52.45714285714286,42.571428571428584,35,64
811,6,52.24242424242425,42.575757575757585,33,62
812,6,52.085714285714296,42.68571428571429,35,64
813,6,51.971428571428575,42.82857142857143,35,64
814,6,51.906250000000014,42.74999999999999,32,62
815,6,52.06060606060606,42.666666666666664,33,62
816,6,52.15151515151515,42.72727272727273,33,62
817,6,52.26470588235295,42.735294117647065,34,64
818,6,52.36363636363637,42.72727272727272,33,62
819,6,52.36363636363637,42.72727272727272,33,62
820,6,52.15151515151515,42.72727272727273,33,62
821,6,52.00000000000001,42.61290322580646,31,60
822,6,52.09375000000001,42.74999999999998,32,64
823,6,51.969696969696976,42.78787878787879,33,64
824,6,51.8529411764706,42.91176470588236,34,64
825,6,51.75757575757577,42.90909090909092,33,62
826,6,51.7741935483871,42.93548387096774,31,62
827,6,51.87500000000001,42.96874999999999,32,64
828,6,51.90322580645162,42.806451612903224,31,60
829,6,52.0909090909091,42.90909090909091,33,64
830,6,52.15151515151515,43.151515151515156,33,62
831,6,52.15151515151515,43.151515151515156,33,62
832,6,52.18181818181819,43.24242424242424,33,64
833,6,52.25,43.1875,32,62
834,6,52.21875,43.21875,32,64
835,6,51.941176470588246,43.147058823529406,34,64
836,6,52.00000000000001,43.22857142857142,35,64
837,6,51.937500000000014,43.062499999999986,32,62
838,6,51.78787878787879,43.0909090909091,33,62
839,6,51.75000000000001,43.06249999999999,32,62
840,6,51.63636363636364,43.30303030303031,33,64
841,6,51.65625000000001,43.40625000000001,32,62
842,6,51.71875,43.5,32,62
843,6,51.44117647058824,43.41176470588235,34,64
844,6,51.333333333333336,43.42424242424242,33,62
845,6,51.46875,43.46874999999999,32,64
846,6,51.580645161290334,43.4516129032258,31,62
847,6,51.29032258064517,43.322580645161295,31,66
848,6,51.00000000000001,43.28125000000001,32,66
849,6,50.93939393939395,43.27272727272727,33,66
850,6,51.099999999999994,43.20000000000001,30,62
851,6,51.09374999999999,43.40625000000001,32,64
852,6,51.258064516129025,43.548387096774185,31,62
853,6,51.12500000000001,43.87499999999999,32,64
854,6,51.34375000000001,43.75000000000001,32,64
855,6,51.437500000000014,43.65624999999999,32,64
856,6,51.51515151515153,43.69696969696969,33,64
857,6,51.575757575757585,44.03030303030303,33,62
858,6,51.48571428571429,44.11428571428572,35,64
859,6,51.53125000000001,44.125,32,62
860,6,51.41176470588235,44.00000000000001,34,64
861,6,51.18181818181819,44.121212121212125,33,64
862,6,51.064516129032256,44.03225806451613,31,64
863,6,51.24242424242424,43.81818181818181,33,64
864,6,51.24242424242424,43.81818181818181,33,64
865,6,51.08823529411766,44.000000000000014,34,64
866,6,51.15625,43.87499999999999,32,64
867,6,51.16129032258065,43.709677419354854,31,64
868,6,51.32258064516128,43.61290322580644,31,62
869,6,51.21875,43.37500000000001,32,62
870,6,51.21212121212121,43.4848484848485,33,64
871,6,51.096774193548384,43.64516129032258,31,62
872,6,51.19354838709677,43.70967741935483,31,64
873,6,51.41935483870969,43.64516129032259,31,62
874,6,51.37500000000001,43.718749999999986,32,62
875,6,51.18750000000001,43.81250000000001,32,64
876,6,50.99999999999999,43.81250000000001,32,64
877,6,51.085714285714296,43.800000000000004,35,66
878,6,51.23529411764706,43.794117647058826,34,64
879,6,51.23529411764706,43.794117647058826,34,64
880,6,51.25806451612903,43.645161290322584,31,62
881,6,51.3225806451613,43.54838709677419,31,62
882,6,51.09677419354839,43.5483870967742,31,60
883,6,51.09375000000001,43.656250000000014,32,62
884,6,51.28125,43.65625,32,62
885,6,51.38709677419355,43.354838709677416,31,62
886,6,51.25806451612904,43.35483870967741,31,60
887,6,51.294117647058826,43.50000000000001,34,62
888,6,51.235294117647065,43.55882352941178,34,64
889,6,51.228571428571435,43.65714285714286,35,64
890,6,51.20588235294118,43.55882352941178,34,64
891,6,51.15151515151515,43.27272727272728,33,62
892,6,51.0909090909091,43.303030303030305,33,62
893,6,51.0909090909091,43.303030303030305,33,62
894,6,51.03030303030303,43.18181818181817,33,62
895,6,51.00000000000001,43.08823529411765,34,64
896,6,51.00000000000001,43.26470588235294,34,62
897,6,51.16129032258063,43.16129032258064,31,62
898,6,51.0909090909091,43.06060606060606,33,64
899,6,51.28124999999999,43,32,62
900,6,51.233333333333334,43.13333333333333,30,64
901,6,51.233333333333334,43.13333333333333,30,64
902,6,51.00000000000001,43.00000000000001,35,64
903,6,51.00000000000001,43.00000000000001,35,64
904,6,50.96969696969698,43.18181818181817,33,62
905,6,51.03125000000001,43.34375000000001,32,62
906,6,50.96969696969698,43.27272727272728,33,64
907,6,51.19354838709678,43.096774193548384,31,62
908,6,51.21875,43,32,64
909,6,51.11764705882353,42.88235294117647,34,64
910,6,51.11764705882353,42.88235294117647,34,64
911,6,51.181818181818194,42.81818181818182,33,64
912,6,51.03030303030303,42.81818181818182,33,62
913,6,51.085714285714296,42.68571428571429,35,64
914,6,51.03124999999999,42.78124999999999,32,64
915,6,51.03333333333334,42.900000000000006,30,62
916,6,51.16129032258065,42.64516129032256,31,64
917,6,51.21875000000001,42.43750000000001,32,62
918,6,51.352941176470594,42.44117647058824,34,64
919,6,51.55882352941177,42.44117647058824,34,64
920,6,51.55882352941177,42.44117647058824,34,64
921,6,51.48387096774194,42.09677419354839,31,62
922,6,51.50000000000001,42,32,62
923,6,51.46875000000001,42.24999999999999,32,62
924,6,51.25714285714287,42.22857142857142,35,64
925,6,51.25714285714287,42.22857142857142,35,64
926,6,51.45454545454546,42.21212121212121,33,62
927,6,51.205882352941174,42.11764705882353,34,64
928,6,51.205882352941174,42.11764705882353,34,64
929,6,51.33333333333333,42.06060606060608,33,62
930,6,51.393939393939384,42.09090909090909,33,64
931,6,51.314285714285724,41.77142857142857,35,66
932,6,51.225806451612904,41.774193548387096,31,64
933,6,51.43750000000001,41.81249999999999,32,62
934,6,51.45454545454546,41.909090909090914,33,62
935,6,51.37500000000001,41.84375000000001,32,60
936,6,51.37500000000001,41.84375000000001,32,60
937,6,51.42424242424243,41.93939393939394,33,62
938,6,51.28124999999999,41.56250000000001,32,64
939,6,51.176470588235304,41.176470588235276,34,64
940,6,51.151515151515156,41.15151515151514,33,64
941,6,51.0909090909091,40.96969696969696,33,64
942,6,51.03125000000001,40.968749999999986,32,64
943,6,51.21212121212122,40.939393939393916,33,64
944,6,51.12500000000001,40.96874999999998,32,64
945,6,51.12500000000001,40.90624999999998,32,62
946,6,51.121212121212125,41.03030303030303,33,64
947,6,51.121212121212125,41.03030303030303,33,64
948,6,51.09375000000001,40.9375,32,64
949,6,51.09375000000001,40.9375,32,64
950,6,51.06060606060607,41,33,64
951,6,51.03030303030304,41.06060606060606,33,64
952,6,51.00000000000001,40.999999999999986,33,64
953,6,51.00000000000001,40.999999999999986,31,60
954,6,50.8235294117647,40.8529411764706,34,64
955,6,50.8235294117647,40.8529411764706,34,64
956,6,50.73529411764707,40.676470588235304,34,66
957,6,50.74999999999999,40.59375000000001,32,64
958,6,50.58064516129032,40.61290322580645,31,62
959,6,50.25000000000001,41.107142857142854,28,64
960,6,50.41379310344828,41.310344827586206,29,64
961,6,50.51612903225807,41.2258064516129,31,64
962,6,50.3939393939394,41.18181818181819,33,66
963,6,50.3235294117647,41.176470588235276,34,64
964,6,50.36363636363637,41.27272727272727,33,62
965,6,50.303030303030305,41.242424242424256,33,62
966,6,50.25714285714286,41.457142857142856,35,64
967,6,50.21875,41.375,32,64
968,6,50.31249999999999,41.1875,32,64
969,6,50.28124999999999,41.15625000000001,32,62
970,6,50.15151515151515,41.272727272727266,33,64
971,6,50.15151515151515,41.272727272727266,33,64
972,6,50.00000000000001,41.5625,32,62
973,6,50.088235294117645,41.588235294117645,34,66
974,6,50.43750000000001,41.43749999999999,32,62
975,6,50.41176470588235,41.411764705882355,34,64
976,6,50.666666666666664,41.454545454545446,33,64
977,6,50.529411764705884,41.55882352941177,34,64
978,6,50.666666666666664,41.666666666666664,33,64
979,6,50.483870967741936,41.74193548387097,31,62
980,6,50.32352941176471,41.735294117647065,34,64
981,6,50.25,41.90625,32,62
982,6,50.32352941176471,41.91176470588235,34,64
983,6,50.18750000000001,41.78125,32,62
984,6,50.457142857142856,41.800000000000004,35,64
985,6,50.457142857142856,41.800000000000004,35,64
986,6,50.588235294117645,41.61764705882353,34,64
987,6,50.76470588235294,41.55882352941177,34,64
988,6,50.666666666666664,41.575757575757585,33,62
989,6,50.70588235294118,41.5,34,62
990,6,50.77142857142857,41.42857142857142,35,64
991,6,50.64705882352942,41.52941176470588,34,64
992,6,50.70588235294118,41.5,34,62
993,6,50.87878787878788,41.454545454545446,33,64
994,6,50.93548387096775,41.645161290322584,31,60
995,6,50.70588235294118,41.5,34,62
996,6,50.666666666666664,41.42424242424242,33,62
997,6,50.666666666666664,41.42424242424242,33,62
998,6,50.75000000000001,41.56249999999999,32,64
999,6,50.60000000000001,41.400000000000006,30,62
1000,6,50.51515151515152,41.63636363636363,33,64
0,7,50.451612903225815,49.032258064516135,31,64
1,7,50.400000000000006,49.10000000000001,30,64
2,7,50.36363636363636,48.90909090909089,33,66
3,7,50.48571428571428,49.05714285714284,35,66
4,7,50.58823529411765,49.088235294117645,34,64
5,7,50.50000000000001,49.205882352941174,34,64
6,7,50.51428571428573,49.11428571428572,35,64
7,7,50.575757575757585,49.06060606060605,33,62
8,7,50.64705882352942,49.1470588235294,34,64
9,7,50.78124999999999,49.21875,32,62
10,7,50.818181818181806,49.33333333333333,33,64
11,7,50.687500000000014,49.59375000000001,32,62
12,7,50.61290322580646,49.5483870967742,31,62
13,7,50.36363636363636,49.484848484848484,33,64
14,7,50.46875000000001,49.46875000000001,32,64
15,7,50.41935483870969,49.5483870967742,31,64
16,7,50.46875000000001,49.46875000000001,32,64
17,7,50.46875000000001,49.46875000000001,32,64
18,7,50.59375000000001,49.65625,32,64
19,7,50.50000000000001,49.625,32,62
20,7,50.25,49.59375000000001,32,64
21,7,50.38235294117647,49.70588235294118,34,64
22,7,50.64705882352942,49.91176470588235,34,64
23,7,50.787878787878796,49.78787878787878,33,64
24,7,50.66666666666667,49.969696969696976,33,64
25,7,50.67741935483872,50,31,62
26,7,50.727272727272734,49.93939393939394,33,64
27,7,50.82352941176471,49.94117647058823,34,64
28,7,50.93939393939394,49.96969696969697,33,66
29,7,50.806451612903224,49.93548387096774,31,62
30,7,50.90625,49.99999999999999,32,64
31,7,50.84848484848486,50.06060606060608,33,66
32,7,50.82352941176471,50.08823529411766,34,64
33,7,50.64705882352942,50.11764705882352,34,64
34,7,50.483870967741936,50.22580645161291,31,62
35,7,50.5625,50.1875,32,62
36,7,50.727272727272734,50.151515151515156,33,62
37,7,50.76666666666668,50.03333333333334,30,62
38,7,50.96875,49.96875000000001,32,64
39,7,50.80645161290322,49.74193548387097,31,64
40,7,50.84848484848486,49.909090909090914,33,64
41,7,50.676470588235304,49.94117647058822,34,64
42,7,50.83870967741937,49.77419354838711,31,62
43,7,50.937500000000014,49.750000000000014,32,62
44,7,50.85714285714287,50.08571428571428,35,64
45,7,50.85714285714287,50.08571428571428,35,64
46,7,50.885714285714286,49.942857142857136,35,64
47,7,50.91428571428571,49.74285714285715,35,66
48,7,50.82352941176471,50.1764705882353,34,62
49,7,50.575757575757585,50.242424242424235,33,62
50,7,50.50000000000001,50.28124999999999,32,62
51,7,50.51612903225807,50.38709677419355,31,62
52,7,50.62500000000001,50.40625,32,64
53,7,50.65625000000001,50.21875,32,62
54,7,50.65625000000001,50.03125,32,64
55,7,50.70588235294119,50.029411764705884,34,64
56,7,50.727272727272734,49.93939393939394,33,64
57,7,50.91176470588236,50.17647058823528,34,64
58,7,50.96969696969697,50.121212121212125,33,64
59,7,51.09375000000001,50.06250000000001,32,62
60,7,51.03333333333332,50.1,30,60
61,7,50.81250000000001,49.99999999999999,32,62
62,7,50.81250000000001,49.99999999999999,32,62
63,7,50.60000000000001,49.96666666666666,30,60
64,7,50.63636363636363,50.030303030303024,33,64
65,7,50.6764705882353,49.941176470588225,34,64
66,7,50.66666666666667,50.060606060606055,33,62
67,7,50.70588235294118,49.735294117647065,34,64
68,7,50.63636363636364,49.78787878787879,33,64
69,7,50.68750000000001,49.78125,32,64
70,7,50.75000000000001,49.8125,32,62
71,7,50.937500000000014,49.90625000000001,32,62
72,7,50.937500000000014,49.90625000000001,32,62
73,7,50.9090909090909,49.787878787878796,33,64
74,7,50.9090909090909,49.787878787878796,33,64
75,7,51.030303030303045,49.87878787878788,33,64
76,7,50.84375000000001,49.74999999999999,32,62
77,7,50.90625,49.937499999999986,32,62
78,7,50.90625,49.937499999999986,32,62
79,7,50.87878787878788,50.03030303030303,33,64
80,7,50.87878787878788,50.03030303030303,33,64
81,7,50.727272727272734,49.93939393939394,33,64
82,7,50.71875,50.03125000000001,32,64
83,7,50.81818181818182,50.18181818181819,33,64
84,7,50.81818181818183,50.03030303030303,33,64
85,7,50.82857142857143,49.94285714285714,35,66
86,7,50.676470588235304,50.08823529411764,34,64
87,7,50.81249999999999,50.21875000000001,32,62
88,7,50.937500000000014,50.18750000000001,32,64
89,7,51.00000000000001,50.03225806451613,31,64
90,7,50.80645161290324,49.806451612903224,31,62
91,7,50.80645161290324,49.806451612903224,31,62
92,7,50.84375000000001,49.71875,32,62
93,7,50.900000000000006,49.83333333333333,30,62
94,7,50.93548387096774,49.74193548387097,31,62
95,7,50.87500000000001,49.74999999999999,32,64
96,7,51.06250000000001,49.90624999999999,32,62
97,7,51.25806451612904,50.096774193548384,31,66
98,7,51.25000000000001,50.32142857142857,28,62
99,7,51.26666666666668,50.29999999999999,30,66
100,7,51.29032258064517,50.32258064516129,31,62
101,7,51.37500000000001,50.28125,32,62
102,7,51.303030303030305,50.242424242424256,33,62
103,7,51.48484848484849,50.15151515151515,33,62
104,7,51.48484848484849,50.15151515151515,33,62
105,7,51.48484848484849,50.15151515151515,33,62
106,7,51.62857142857144,50.142857142857146,35,66
107,7,51.60000000000001,50.11428571428573,35,66
108,7,51.777777777777786,50.13888888888889,36,66
109,7,51.777777777777786,50.33333333333334,36,66
110,7,51.68571428571428,50.05714285714286,35,66
111,7,51.64705882352942,50.14705882352941,34,64
112,7,51.65714285714286,50.22857142857143,35,64
113,7,51.60000000000001,50.314285714285724,35,64
114,7,51.60000000000001,50.314285714285724,35,64
115,7,51.588235294117645,50.411764705882355,34,64
116,7,51.42424242424243,50.33333333333334,33,62
117,7,51.42857142857144,50.22857142857142,35,64
118,7,51.27272727272728,50.212121212121204,33,64
119,7,51.34375000000001,50.28125000000001,32,62
120,7,51.53125000000001,50.31250000000001,32,62
121,7,51.71875000000001,50.15624999999999,32,62
122,7,51.81818181818183,50.18181818181817,33,64
123,7,51.794117647058826,50.235294117647065,34,64
124,7,51.970588235294116,50.29411764705883,34,64
125,7,52.030303030303045,50.181818181818194,33,64
126,7,51.9090909090909,50.21212121212122,33,62
127,7,51.82352941176471,50.26470588235295,34,64
128,7,51.735294117647065,50.264705882352935,34,64
129,7,51.81250000000001,50.43749999999999,32,62
130,7,51.969696969696976,50.60606060606062,33,64
131,7,51.969696969696976,50.60606060606062,33,64
132,7,51.60606060606061,50.575757575757585,33,64
133,7,51.55882352941177,50.6470588235294,34,64
134,7,51.636363636363626,50.696969696969695,33,64
135,7,51.51612903225807,50.83870967741937,31,62
136,7,51.70967741935485,50.741935483870954,31,62
137,7,51.72727272727272,50.545454545454554,33,64
138,7,51.5483870967742,50.58064516129033,31,62
139,7,51.5625,50.687499999999986,32,62
140,7,51.5625,50.593750000000014,32,64
141,7,51.58064516129032,50.61290322580645,31,62
142,7,51.50000000000001,50.625,32,62
143,7,51.5483870967742,50.5483870967742,31,62
144,7,51.56250000000001,50.62500000000001,32,64
145,7,51.65625,50.375,32,62
146,7,51.606060606060616,50.72727272727272,33,64
147,7,51.606060606060616,50.72727272727272,33,64
148,7,51.58064516129032,50.70967741935483,31,62
149,7,51.65625,50.65625,32,62
150,7,51.5,50.5,32,60
151,7,51.57575757575758,50.57575757575758,33,62
152,7,51.69696969696971,50.272727272727266,33,64
153,7,51.6764705882353,50.44117647058823,34,64
154,7,51.60606060606061,50.515151515151516,33,62
155,7,51.666666666666664,50.757575757575765,33,62
156,7,51.75000000000001,50.78125,32,64
157,7,51.59375,50.6875,32,62
158,7,51.56250000000001,50.84375,32,64
159,7,52.00000000000001,50.83870967741935,31,64
160,7,52.193548387096776,50.83870967741935,31,64
161,7,52.06060606060606,50.666666666666664,33,62
162,7,52.06060606060606,50.666666666666664,33,62
163,7,51.91428571428572,50.54285714285715,35,64
164,7,52.00000000000001,50.73529411764707,34,62
165,7,52.00000000000001,50.81818181818182,33,64
166,7,51.81250000000001,50.750000000000014,32,62
167,7,51.81250000000001,50.59375,32,64
168,7,51.81250000000001,50.56249999999999,32,64
169,7,51.74193548387097,50.32258064516129,31,62
170,7,51.74193548387097,50.32258064516129,31,62
171,7,51.74193548387097,50.32258064516129,31,62
172,7,51.90322580645162,50.19354838709676,31,62
173,7,51.87096774193549,50.29032258064516,31,64
174,7,51.80000000000001,50.73333333333334,30,60
175,7,51.666666666666664,50.81818181818182,33,64
176,7,51.71875000000001,50.8125,32,64
177,7,51.612903225806456,50.806451612903224,31,62
178,7,51.67741935483872,51.096774193548384,31,62
179,7,51.6969696969697,50.75757575757575,33,62
180,7,51.78124999999999,50.718749999999986,32,62
181,7,51.87499999999999,50.625,32,64
182,7,51.62500000000001,50.50000000000001,32,62
183,7,51.51515151515152,50.515151515151516,33,64
184,7,51.333333333333336,50.57575757575758,33,62
185,7,51.64705882352942,50.55882352941176,34,64
186,7,51.852941176470594,50.617647058823536,34,64
187,7,51.852941176470594,50.617647058823536,34,64
188,7,51.62857142857143,50.42857142857142,35,64
189,7,51.3125,50.46875000000001,32,62
190,7,51.34375000000001,50.40624999999999,32,62
191,7,51.18750000000001,50.50000000000001,32,62
192,7,51.5,50.35294117647059,34,64
193,7,51.5625,50.21875,32,64
194,7,51.727272727272734,50.39393939393939,33,64
195,7,51.87096774193548,50.51612903225807,31,62
196,7,52.03225806451614,50.58064516129033,31,62
197,7,52.294117647058826,50.50000000000001,34,62
198,7,52.2,50.457142857142856,35,64
199,7,52.2,50.457142857142856,35,64
200,7,52.2,50.457142857142856,35,64
201,7,52.00000000000001,50.5,34,62
202,7,52.06060606060607,50.42424242424243,33,64
203,7,52.14705882352942,50.41176470588236,34,64
204,7,52.242424242424235,50.454545454545446,33,64
205,7,52.21212121212122,50.45454545454546,33,62
206,7,52.3125,50.437499999999986,32,62
207,7,52.294117647058826,50.50000000000001,34,62
208,7,52.294117647058826,50.50000000000001,34,62
209,7,52.08823529411765,50.67647058823528,34,64
210,7,52.22857142857143,50.657142857142865,35,66
211,7,52.083333333333336,50.583333333333336,36,68
212,7,51.94117647058824,50.470588235294116,34,64
213,7,51.96969696969698,50.39393939393939,33,64
214,7,51.96969696969698,50.39393939393939,33,64
215,7,51.903225806451616,50.35483870967742,31,64
216,7,52.03124999999999,50.62499999999999,32,64
217,7,52.03030303030303,50.848484848484844,33,64
218,7,52.00000000000001,51,35,64
219,7,52.05882352941176,51.08823529411764,34,64
220,7,52.15151515151515,51.090909090909086,33,64
221,7,52.06060606060606,51,33,64
222,7,52.15625000000001,50.99999999999999,32,64
223,7,52.06060606060606,51,33,64
224,7,51.84848484848486,50.84848484848485,33,62
225,7,51.90625,50.937499999999986,32,62
226,7,51.90625,51.03125,32,62
227,7,51.90625,51.03125,32,62
228,7,51.84848484848486,51.090909090909086,33,62
229,7,51.91176470588236,51.17647058823528,34,64
230,7,51.81818181818183,51.15151515151514,33,64
231,7,51.437500000000014,50.65625000000001,32,62
232,7,51.529411764705884,50.76470588235294,34,64
233,7,51.51428571428571,50.68571428571428,35,66
234,7,51.529411764705884,50.44117647058823,34,64
235,7,51.77142857142858,50.400000000000006,35,66
236,7,51.852941176470594,50.47058823529412,34,64
237,7,51.727272727272734,50.36363636363636,33,62
238,7,51.61764705882352,50.38235294117647,34,64
239,7,51.727272727272734,50.36363636363636,33,62
240,7,51.87096774193548,50.48387096774193,31,62
241,7,51.9375,50.40624999999999,32,64
242,7,52.0909090909091,50.18181818181817,33,64
243,7,52.00000000000001,50.15624999999999,32,62
244,7,52.00000000000001,50.15624999999999,32,62
245,7,51.90909090909091,50.242424242424235,33,64
246,7,51.7878787878788,50.393939393939405,33,64
247,7,51.7878787878788,50.24242424242425,33,64
248,7,51.687500000000014,50.28125000000001,32,62
249,7,51.51612903225807,50.19354838709677,31,62
250,7,51.41935483870968,50.25806451612903,31,62
251,7,51.5,50.18749999999999,32,62
252,7,51.484848484848484,50.242424242424235,33,64
253,7,51.64516129032258,50.000000000000014,31,64
254,7,51.78787878787879,50.09090909090911,33,66
255,7,51.83333333333334,50.06666666666666,30,62
256,7,52.096774193548384,49.90322580645161,31,64
257,7,51.8529411764706,50.05882352941177,34,64
258,7,51.787878787878796,50.27272727272727,33,64
259,7,51.83870967741935,50.06451612903225,31,62
260,7,51.83870967741935,50.16129032258065,31,62
261,7,51.90000000000001,50.333333333333336,30,62
262,7,52.093750000000014,50.34375000000001,32,62
263,7,52.00000000000001,50.50000000000001,34,62
264,7,52.06060606060606,50.42424242424242,33,62
265,7,52.24242424242425,50.42424242424243,33,62
266,7,52.03125000000001,50.375,32,62
267,7,52.057142857142864,50.34285714285715,35,64
268,7,52.21212121212122,50.545454545454554,33,62
269,7,52.24242424242425,50.42424242424243,33,62
270,7,52.06060606060606,50.42424242424242,33,62
271,7,52.14705882352942,50.38235294117648,34,64
272,7,52.17142857142857,50.285714285714285,35,64
273,7,52.176470588235304,50.17647058823528,34,62
274,7,52.0909090909091,50.15151515151514,33,62
275,7,52.212121212121204,50.363636363636374,33,64
276,7,52.03030303030303,50.393939393939384,33,64
277,7,51.941176470588246,50.382352941176464,34,64
278,7,52.00000000000001,50.50000000000001,34,62
279,7,51.84375000000001,50.43750000000001,32,62
280,7,51.78787878787879,50.151515151515156,33,64
281,7,51.6875,50.15625000000001,32,64
282,7,51.64705882352942,50.264705882352935,34,64
283,7,51.6969696969697,50.42424242424242,33,64
284,7,51.59375000000001,50.4375,32,62
285,7,51.676470588235304,50.35294117647059,34,64
286,7,51.470588235294116,50.35294117647058,34,64
287,7,51.323529411764696,50.58823529411766,34,64
288,7,51.057142857142864,50.571428571428584,35,64
289,7,50.909090909090914,50.48484848484849,33,62
290,7,50.65625000000001,50.53125000000001,32,64
291,7,50.484848484848484,50.60606060606061,33,62
292,7,50.484848484848484,50.3939393939394,33,62
293,7,50.484848484848484,50.3939393939394,33,62
294,7,50.5625,50.53125,32,62
295,7,50.51515151515153,50.60606060606061,33,62
296,7,50.50000000000001,50.705882352941174,34,62
297,7,50.575757575757585,50.75757575757575,33,62
298,7,50.735294117647065,50.85294117647058,34,64
299,7,50.71874999999999,50.6875,32,62
300,7,50.71874999999999,50.6875,32,62
301,7,50.75000000000001,50.53124999999999,32,62
302,7,50.53125,50.53125,32,62
303,7,50.575757575757585,50.33333333333333,33,62
304,7,50.62500000000001,50.28124999999999,32,64
305,7,50.61764705882354,50.08823529411766,34,64
306,7,50.71428571428573,50.057142857142864,35,64
307,7,50.62500000000001,49.9375,32,62
308,7,50.81249999999999,49.875,32,62
309,7,50.794117647058826,49.91176470588235,34,64
310,7,50.80645161290322,49.7741935483871,31,62
311,7,51.058823529411754,49.852941176470594,34,64
312,7,51.068965517241374,49.68965517241379,29,60
313,7,51.24242424242424,49.81818181818181,33,64
314,7,51.1875,49.74999999999999,32,62
315,7,51.12500000000001,49.90624999999998,32,62
316,7,51.18181818181819,49.969696969696955,33,62
317,7,51.314285714285724,50.085714285714275,35,64
318,7,51.151515151515156,50.09090909090908,33,64
319,7,51.25806451612904,49.935483870967744,31,62
320,7,51.333333333333336,49.78787878787879,33,64
321,7,51.411764705882355,49.82352941176471,34,64
322,7,51.411764705882355,49.64705882352942,34,64
323,7,51.44117647058824,49.67647058823528,34,64
324,7,51.51515151515152,49.93939393939394,33,64
325,7,51.55882352941176,50.02941176470588,34,64
326,7,51.484848484848484,50.090909090909086,33,62
327,7,51.60606060606061,50.03030303030304,33,64
328,7,51.5,50.00000000000001,32,62
329,7,51.39393939393939,49.96969696969697,33,64
330,7,51.5,50.00000000000001,32,62
331,7,51.34375000000001,50.0625,32,64
332,7,51.45161290322581,50.064516129032256,31,62
333,7,51.375000000000014,49.96875000000001,32,64
334,7,51.5625,50.0625,32,64
335,7,51.65625000000001,50.1875,32,64
336,7,51.5483870967742,50.193548387096776,31,62
337,7,51.303030303030305,50.00000000000001,33,64
338,7,51.352941176470594,49.94117647058824,34,64
339,7,51.290322580645174,50.00000000000001,31,62
340,7,51.290322580645174,50.00000000000001,31,62
341,7,51.0625,50.09375000000001,32,62
342,7,51.0909090909091,50.21212121212121,33,64
343,7,51.0909090909091,50.21212121212121,33,64
344,7,50.96774193548387,50.06451612903226,31,62
345,7,50.75757575757576,50.212121212121204,33,64
346,7,50.52941176470589,50.05882352941176,34,64
347,7,50.53125000000001,49.87499999999999,32,62
348,7,50.575757575757585,49.96969696969697,33,62
349,7,50.51612903225807,49.903225806451616,31,62
350,7,50.5483870967742,49.7741935483871,31,62
351,7,50.5483870967742,49.87096774193549,31,62
352,7,50.62068965517242,49.72413793103449,29,60
353,7,50.67741935483872,49.935483870967744,31,62
354,7,50.689655172413794,49.93103448275862,29,60
355,7,50.60000000000001,49.86666666666668,30,62
356,7,50.62500000000001,50.062500000000014,32,62
357,7,50.545454545454554,50.090909090909086,33,62
358,7,50.43750000000001,50.0625,32,64
359,7,50.37500000000001,49.90625,32,64
360,7,50.28124999999999,49.718749999999986,32,62
361,7,50.34375000000001,49.78124999999998,32,62
362,7,50.545454545454554,49.66666666666666,33,66
363,7,50.545454545454554,49.75757575757574,33,66
364,7,50.71428571428572,49.714285714285694,35,66
365,7,50.50000000000001,49.705882352941174,34,62
366,7,50.51428571428573,49.600000000000016,35,64
367,7,50.51428571428573,49.4,35,64
368,7,50.617647058823536,49.38235294117647,34,64
369,7,50.647058823529406,49.44117647058823,34,64
370,7,50.53125,49.56250000000001,32,64
371,7,50.53125,49.56250000000001,32,64
372,7,50.51612903225807,49.67741935483871,31,62
373,7,50.51515151515152,49.63636363636363,33,64
374,7,50.36363636363637,49.72727272727272,33,62
375,7,50.32258064516128,49.903225806451616,31,62
376,7,50.42424242424243,49.75757575757576,33,62
377,7,50.50000000000001,49.705882352941174,34,62
378,7,50.54285714285715,49.800000000000004,35,64
379,7,50.36363636363636,49.75757575757576,33,64
380,7,50.545454545454554,49.787878787878796,33,62
381,7,50.32352941176471,49.94117647058824,34,64
382,7,50.43333333333334,49.93333333333333,30,62
383,7,50.15151515151515,49.90909090909091,33,62
384,7,50.0909090909091,50.121212121212125,33,64
385,7,49.878787878787875,50.15151515151516,33,64
386,7,50.0909090909091,50.303030303030305,33,62
387,7,50.06249999999999,50.15625,32,64
388,7,49.91176470588236,50.147058823529406,34,64
389,7,50.03030303030303,50.27272727272728,33,66
390,7,49.87096774193547,50.38709677419356,31,62
391,7,49.81249999999999,50.18750000000001,32,62
392,7,49.62500000000001,50.15625000000001,32,60
393,7,49.575757575757585,50.06060606060605,33,62
394,7,49.58823529411766,50,34,64
395,7,49.62857142857143,50.11428571428571,35,66
396,7,49.5483870967742,50.225806451612904,31,64
397,7,49.62500000000001,50.5,32,64
398,7,49.6875,50.43749999999999,32,64
399,7,49.51515151515153,50.363636363636374,33,64
400,7,49.937500000000014,50.59375,32,64
401,7,49.91176470588236,50.617647058823536,34,64
402,7,50.00000000000001,50.60000000000001,35,64
403,7,50.19444444444445,50.77777777777777,36,66
404,7,50.15151515151515,50.90909090909091,33,62
405,7,50.20588235294118,51,34,64
406,7,50.15151515151515,50.96969696969696,33,64
407,7,50.06060606060606,50.939393939393945,33,64
408,7,50.00000000000001,50.828571428571436,35,64
409,7,49.97058823529412,50.91176470588235,34,64
410,7,50.08823529411766,50.82352941176471,34,64
411,7,50.030303030303045,50.878787878787875,33,64
412,7,50.20588235294119,51.029411764705884,34,66
413,7,50.30303030303029,51,33,64
414,7,50.37499999999999,50.875,32,64
415,7,50.37499999999999,50.90625,32,64
416,7,50.387096774193544,50.999999999999986,31,62
417,7,50.387096774193544,50.999999999999986,31,62
418,7,50.36363636363637,51.3030303030303,33,64
419,7,50.39393939393939,51.18181818181818,33,64
420,7,50.545454545454554,51.27272727272728,33,64
421,7,50.545454545454554,51.27272727272728,33,64
422,7,50.5,51.26470588235295,34,66
423,7,50.67741935483871,51.38709677419356,31,64
424,7,50.67741935483871,51.38709677419356,31,64
425,7,50.451612903225815,51.25806451612903,31,64
426,7,50.43333333333334,51.26666666666667,30,62
427,7,50.757575757575765,51.303030303030305,33,62
428,7,50.757575757575765,51.303030303030305,33,62
429,7,50.93548387096775,51.29032258064517,31,62
430,7,50.84375000000001,51.28125,32,62
431,7,50.727272727272734,51.24242424242425,33,64
432,7,50.64705882352942,51.26470588235295,34,64
433,7,51.00000000000001,51.5,34,62
434,7,50.939393939393945,51.42424242424242,33,62
435,7,50.83870967741937,51.322580645161295,31,62
436,7,50.68750000000001,51.25000000000001,32,64
437,7,50.757575757575765,51.06060606060606,33,64
438,7,50.76470588235294,51.14705882352941,34,64
439,7,51,51.09677419354839,31,64
440,7,51.16666666666667,50.89999999999999,30,62
441,7,51.18750000000001,50.750000000000014,32,64
442,7,51.32352941176471,50.64705882352942,34,64
443,7,51.24242424242425,50.575757575757585,33,62
444,7,51.121212121212125,50.51515151515152,33,64
445,7,51.11764705882353,50.41176470588235,34,64
446,7,51.030303030303045,50.181818181818194,33,64
447,7,51.181818181818194,50.30303030303029,33,64
448,7,51.12500000000001,50.15625,32,62
449,7,51.35483870967742,50.32258064516129,31,64
450,7,51.437500000000014,50.4375,32,64
451,7,51.483870967741936,50.35483870967742,31,62
452,7,51.56666666666668,50.433333333333344,30,60
453,7,51.61764705882354,50.58823529411765,34,64
454,7,51.76470588235294,50.55882352941177,34,64
455,7,51.93939393939394,50.696969696969695,33,64
456,7,51.93548387096775,50.74193548387097,31,62
457,7,52,50.79999999999999,30,60
458,7,52,50.81249999999999,32,62
459,7,52.088235294117645,50.97058823529411,34,64
460,7,52.088235294117645,50.97058823529411,34,64
461,7,52.26470588235295,50.999999999999986,34,62
462,7,52.31249999999999,50.84375000000001,32,62
463,7,52.24242424242424,50.9090909090909,33,62
464,7,52.1875,50.84374999999999,32,62
465,7,52.096774193548384,51.03225806451612,31,64
466,7,51.93548387096775,50.93548387096773,31,62
467,7,52.03030303030304,50.90909090909091,33,64
468,7,52.18181818181819,51.03030303030302,33,62
469,7,52.088235294117645,51.02941176470588,34,64
470,7,52.12121212121212,51.15151515151515,33,64
471,7,52.142857142857146,51.08571428571429,35,64
472,7,52.11764705882353,51.176470588235276,34,64
473,7,52.0909090909091,51.15151515151514,33,62
474,7,52.08571428571429,51.22857142857142,35,64
475,7,52.212121212121204,51.363636363636374,33,64
476,7,52.187499999999986,51.468750000000014,32,62
477,7,51.93548387096775,51.29032258064517,31,62
478,7,51.84375000000001,51.31250000000001,32,64
479,7,51.852941176470594,51.38235294117648,34,64
480,7,52.030303030303045,51.484848484848484,33,64
481,7,52.00000000000001,51.31250000000001,32,64
482,7,52.03333333333332,51.36666666666667,30,60
483,7,51.84375000000001,51.375,32,60
484,7,51.82352941176471,51.1764705882353,34,62
485,7,51.82352941176471,51.1764705882353,34,62
486,7,51.82352941176471,51.1764705882353,34,62
487,7,51.727272727272734,51.151515151515156,33,62
488,7,51.73529411764706,51.264705882352935,34,64
489,7,51.63636363636363,51.272727272727266,33,62
490,7,51.71874999999999,51.25,32,62
491,7,51.68571428571429,51.11428571428571,35,66
492,7,51.50000000000001,50.99999999999999,32,62
493,7,51.51612903225807,50.90322580645162,31,62
494,7,51.61764705882354,50.94117647058823,34,64
495,7,51.49999999999999,50.76470588235295,34,66
496,7,51.4848484848485,50.666666666666664,33,64
497,7,51.393939393939384,50.36363636363636,33,64
498,7,51.393939393939384,50.36363636363636,33,64
499,7,51.25,50.43749999999999,32,62
500,7,51.25,50.625,32,64
501,7,51.31249999999999,50.65625000000001,32,62
502,7,51.21875,50.62500000000001,32,62
503,7,51.121212121212125,50.57575757575758,33,64
504,7,51.15625000000001,50.43749999999999,32,62
505,7,51.15625000000001,50.43749999999999,32,62
506,7,51.121212121212125,50.33333333333332,33,64
507,7,51.12500000000001,50.406250000000014,32,62
508,7,51.25,50.28124999999999,32,62
509,7,51.35483870967742,50.322580645161295,31,62
510,7,51.333333333333336,50.242424242424235,33,62
511,7,51.2,50.457142857142856,35,64
512,7,51.17142857142857,50.31428571428572,35,64
513,7,51.17142857142857,50.31428571428572,35,64
514,7,51.12500000000001,50.21874999999999,32,62
515,7,50.93939393939394,50.06060606060606,33,64
516,7,50.96774193548388,50.16129032258064,31,64
517,7,51.03225806451614,49.99999999999999,31,64
518,7,50.96551724137932,50.310344827586206,29,64
519,7,50.8125,50.37500000000001,32,64
520,7,50.80645161290324,50.25806451612903,31,62
521,7,51.058823529411754,50.14705882352941,34,64
522,7,51.242424242424235,50.33333333333333,33,64
523,7,51.187499999999986,50.24999999999999,32,62
524,7,51.1290322580645,50.32258064516129,31,62
525,7,51.0909090909091,50.27272727272728,33,64
526,7,51.085714285714296,50.31428571428572,35,64
527,7,51.11764705882353,50.23529411764705,34,64
528,7,51.17142857142857,50.31428571428572,35,64
529,7,51.11764705882353,50.38235294117647,34,64
530,7,51.06060606060606,50.303030303030305,33,64
531,7,51.029411764705884,50.38235294117647,34,64
532,7,51.18750000000001,50.50000000000001,32,62
533,7,51.029411764705884,50.55882352941177,34,64
534,7,51.03125000000001,50.40625000000001,32,62
535,7,50.99999999999999,50.205882352941174,34,64
536,7,51.24242424242424,50.33333333333332,33,62
537,7,51.28124999999999,50.24999999999999,32,62
538,7,51.03125000000001,50.03125,32,64
539,7,50.83870967741936,49.7741935483871,31,62
540,7,50.84375000000001,49.875000000000014,32,64
541,7,50.78787878787879,50.0909090909091,33,62
542,7,50.78787878787879,50.0909090909091,33,62
543,7,50.64705882352942,50.029411764705884,34,64
544,7,50.70588235294118,50.058823529411775,34,66
545,7,50.88235294117648,50.14705882352941,34,66
546,7,50.70588235294118,50.205882352941174,34,64
547,7,50.75000000000001,49.99999999999999,32,64
548,7,50.741935483870975,49.90322580645161,31,62
549,7,50.741935483870975,49.90322580645161,31,62
550,7,50.75000000000001,49.81249999999999,32,62
551,7,50.866666666666674,49.96666666666667,30,62
552,7,50.74193548387098,49.70967741935484,31,64
553,7,50.6,49.66666666666667,30,62
554,7,50.32258064516128,49.58064516129033,31,62
555,7,50.303030303030305,49.363636363636374,33,66
556,7,50.37500000000001,49.406250000000014,32,62
557,7,50.37500000000001,49.406250000000014,32,62
558,7,50.42424242424243,49.33333333333334,33,62
559,7,50.27272727272728,49.272727272727266,33,64
560,7,50.352941176470594,49.264705882352935,34,64
561,7,50.50000000000001,49.29411764705883,34,62
562,7,50.5625,49.437499999999986,32,62
563,7,50.67741935483872,49.4516129032258,31,62
564,7,50.87500000000001,49.21875000000001,32,64
565,7,50.931034482758626,49.275862068965516,29,62
566,7,51.225806451612904,48.70967741935484,31,66
567,7,51.25806451612904,48.580645161290334,31,64
568,7,51.34375000000001,48.500000000000014,32,64
569,7,51.466666666666676,48.3,30,62
570,7,51.322580645161295,48.451612903225815,31,66
571,7,51.42424242424242,48.51515151515151,33,66
572,7,51.466666666666676,48.3,30,62
573,7,51.59375000000001,48.375,32,64
574,7,51.75757575757577,48.33333333333334,33,62
575,7,51.7878787878788,48.424242424242436,33,64
576,7,51.63636363636363,48.72727272727271,33,62
577,7,51.63636363636363,48.72727272727271,33,62
578,7,51.705882352941174,48.647058823529406,34,64
579,7,51.705882352941174,48.647058823529406,34,64
580,7,51.787878787878796,48.90909090909092,33,64
581,7,51.96875000000001,49.09375,32,62
582,7,51.90625,49.3125,32,62
583,7,51.8235294117647,49.14705882352941,34,64
584,7,51.483870967741936,49.00000000000001,31,64
585,7,51.33333333333334,48.8,30,62
586,7,51.38709677419356,48.90322580645161,31,64
587,7,51.63636363636364,48.75757575757575,33,64
588,7,51.548387096774206,48.612903225806456,31,64
589,7,51.46875,48.5625,32,64
590,7,51.575757575757585,48.33333333333333,33,62
591,7,51.62500000000001,48.406250000000014,32,62
592,7,51.65625,48.21874999999999,32,64
593,7,51.6969696969697,48.121212121212125,33,64
594,7,51.81818181818183,48.09090909090909,33,64
595,7,51.676470588235304,48,34,64
596,7,51.575757575757585,48.03030303030303,33,62
597,7,51.575757575757585,48.03030303030303,33,62
598,7,51.676470588235304,48.029411764705884,34,64
599,7,51.588235294117645,47.91176470588235,34,64
600,7,51.545454545454554,47.84848484848486,33,64
601,7,51.59375000000001,47.74999999999999,32,64
602,7,51.81818181818182,47.78787878787879,33,64
603,7,51.575757575757585,47.57575757575757,33,64
604,7,51.575757575757585,47.57575757575757,33,64
605,7,51.42424242424242,47.57575757575759,33,64
606,7,51.28125,47.5625,32,66
607,7,51.08823529411766,47.529411764705884,34,66
608,7,51.08823529411766,47.44117647058823,34,64
609,7,51.00000000000001,47.14705882352941,34,64
610,7,51.00000000000001,47.187500000000014,32,64
611,7,51.000000000000014,47.27272727272728,33,64
612,7,51.08823529411766,47.20588235294116,34,64
613,7,51.06060606060606,47.09090909090909,33,64
614,7,51.08823529411766,47.26470588235295,34,64
615,7,51.08823529411766,47.26470588235295,34,64
616,7,51.187499999999986,47.31250000000001,32,64
617,7,51.400000000000006,47.3,30,60
618,7,51.400000000000006,47.3,30,60
619,7,51.2258064516129,47.064516129032256,31,64
620,7,51.37500000000001,47.09374999999999,32,62
621,7,51.27272727272728,47.09090909090909,33,64
622,7,51.25,47.1875,32,62
623,7,51.15151515151515,47.151515151515156,33,62
624,7,51.333333333333336,47.24242424242424,33,64
625,7,51.23529411764706,47.235294117647065,34,64
626,7,51.0909090909091,47.06060606060607,33,64
627,7,51.29411764705882,47.1764705882353,34,66
628,7,51.27272727272728,46.90909090909091,33,64
629,7,51.400000000000006,46.97142857142857,35,64
630,7,51.23529411764706,46.970588235294116,34,64
631,7,51.12499999999999,46.875,32,62
632,7,51.14705882352942,46.70588235294118,34,64
633,7,51.151515151515156,46.60606060606062,33,64
634,7,51.12500000000001,46.50000000000001,32,62
635,7,50.833333333333336,46.60000000000001,30,62
636,7,50.833333333333336,46.60000000000001,30,62
637,7,51.00000000000001,46.58620689655173,29,62
638,7,51.03225806451614,46.516129032258064,31,66
639,7,50.96666666666668,46.699999999999996,30,64
640,7,50.80645161290324,46.70967741935483,31,60
641,7,50.941176470588246,46.55882352941176,34,64
642,7,51.029411764705884,46.29411764705882,34,64
643,7,50.94117647058824,46.38235294117647,34,66
644,7,50.882352941176464,46.58823529411766,34,66
645,7,50.81249999999999,46.656249999999986,32,64
646,7,50.645161290322584,46.774193548387096,31,64
647,7,50.451612903225815,46.61290322580644,31,64
648,7,50.59375000000001,46.71874999999999,32,64
649,7,50.575757575757585,46.93939393939392,33,62
650,7,50.65625,46.90625,32,62
651,7,50.81818181818183,46.84848484848485,33,66
652,7,51.06060606060606,46.84848484848485,33,64
653,7,51.06060606060606,46.96969696969697,33,64
654,7,51.06060606060606,46.96969696969697,33,64
655,7,50.96774193548387,46.96774193548387,31,64
656,7,51,46.875,32,62
657,7,51.09375000000001,47.031249999999986,32,62
658,7,51.09375000000001,47.031249999999986,32,62
659,7,51.03030303030304,46.93939393939394,33,64
660,7,50.93750000000001,46.90625,32,62
661,7,50.96774193548388,46.806451612903224,31,62
662,7,51.03225806451612,46.774193548387096,31,62
663,7,50.90909090909091,46.84848484848484,33,64
664,7,51.029411764705884,46.88235294117647,34,66
665,7,51.029411764705884,46.88235294117647,34,66
666,7,51,47,33,64
667,7,50.93333333333333,47.166666666666664,30,64
668,7,50.827586206896555,47.206896551724135,29,62
669,7,50.931034482758626,47.379310344827594,29,62
670,7,50.83333333333334,47.40000000000001,30,64
671,7,50.87096774193549,47.12903225806451,31,62
672,7,51.09375000000001,46.968749999999986,32,62
673,7,51.18181818181819,46.999999999999986,33,64
674,7,51.18181818181819,47.03030303030302,33,62
675,7,51.18181818181819,47.03030303030302,33,62
676,7,51.24242424242424,46.9090909090909,33,62
677,7,51.1875,46.84374999999999,32,62
678,7,51.24242424242424,46.9090909090909,33,62
679,7,51.35294117647059,46.91176470588234,34,64
680,7,51.26470588235294,46.73529411764706,34,64
681,7,51.235294117647065,46.82352941176472,34,64
682,7,51.28125,46.625,32,62
683,7,51.21875,46.65625000000001,32,62
684,7,51.11428571428572,46.51428571428571,35,64
685,7,51.08823529411766,46.58823529411766,34,64
686,7,51.30303030303029,46.54545454545455,33,64
687,7,51.441176470588246,46.58823529411765,34,66
688,7,51.42424242424242,46.60606060606061,33,64
689,7,51.45714285714286,46.74285714285715,35,64
690,7,51.55882352941177,46.73529411764705,34,64
691,7,51.55882352941177,46.73529411764705,34,64
692,7,51.71428571428572,46.54285714285716,35,66
693,7,51.794117647058826,46.49999999999999,34,64
694,7,52.00000000000001,46.5,34,62
695,7,52.15624999999999,46.43749999999999,32,64
696,7,52.06060606060607,46.42424242424243,33,64
697,7,51.9375,46.21874999999999,32,62
698,7,51.735294117647065,45.999999999999986,34,62
699,7,51.68571428571429,45.91428571428571,35,64
700,7,51.52941176470589,45.85294117647059,34,64
701,7,51.54285714285714,45.828571428571436,35,66
702,7,51.37500000000001,46.25,32,64
703,7,51.41935483870968,46.064516129032256,31,64
704,7,51.41935483870968,46.064516129032256,31,64
705,7,51.67741935483871,45.80645161290323,31,62
706,7,51.78125,45.78125000000001,32,62
707,7,51.742857142857154,45.77142857142858,35,64
708,7,51.84848484848486,45.818181818181834,33,64
709,7,51.666666666666664,45.57575757575758,33,64
710,7,51.70588235294118,45.5,34,62
711,7,51.82352941176471,45.29411764705883,34,64
712,7,52.00000000000001,45.17647058823529,34,64
713,7,51.941176470588246,45.147058823529406,34,64
714,7,51.941176470588246,45.147058823529406,34,64
715,7,52.02857142857144,45.171428571428564,35,64
716,7,52.17142857142857,45.08571428571429,35,66
717,7,52.14705882352941,45.17647058823528,34,64
718,7,51.96969696969698,45.33333333333334,33,64
719,7,51.96875,45.25,32,62
720,7,52.00000000000001,45.1,30,62
721,7,52.12903225806452,45.09677419354839,31,64
722,7,52.12903225806452,44.903225806451616,31,62
723,7,52.08823529411766,44.97058823529411,34,64
724,7,52.18181818181819,45,33,64
725,7,51.80645161290324,45.03225806451613,31,62
726,7,51.66666666666667,44.878787878787875,33,64
727,7,51.62500000000001,45.15625000000001,32,64
728,7,51.53125000000001,45.31250000000001,32,62
729,7,51.545454545454554,45.21212121212121,33,62
730,7,51.606060606060616,45.27272727272727,33,64
731,7,51.57575757575757,45.484848484848484,33,64
732,7,51.647058823529406,45.44117647058823,34,64
733,7,51.575757575757585,45.484848484848484,33,66
734,7,51.64516129032259,45.32258064516129,31,62
735,7,51.5625,45.375,32,64
736,7,51.575757575757585,45.27272727272727,33,64
737,7,51.50000000000001,45.31250000000001,32,64
738,7,51.413793103448285,45.48275862068965,29,62
739,7,51.437500000000014,45.43750000000001,32,62
740,7,51.5,45.18750000000001,32,64
741,7,51.58823529411766,45.117647058823536,34,64
742,7,51.58823529411766,45.117647058823536,34,64
743,7,51.62500000000001,45.15625000000001,32,60
744,7,51.65625000000001,45.09375000000001,32,62
745,7,51.58064516129032,45.161290322580655,31,62
746,7,51.63636363636364,45.242424242424235,33,64
747,7,51.53125000000001,45.24999999999999,32,62
748,7,51.53125000000001,45.24999999999999,32,62
749,7,51.43750000000001,45.3125,32,62
750,7,51.484848484848484,45.3939393939394,33,62
751,7,51.5625,45.34375,32,62
752,7,51.5,45.25000000000001,32,62
753,7,51.45454545454546,45.333333333333336,33,64
754,7,51.437500000000014,45.65625000000001,32,62
755,7,51.27272727272728,45.63636363636364,33,64
756,7,51.06060606060607,45.57575757575758,33,64
757,7,51.17142857142857,45.714285714285715,35,64
758,7,51.17142857142857,45.714285714285715,35,64
759,7,51.176470588235304,45.82352941176471,34,62
760,7,51.176470588235304,45.82352941176471,34,62
761,7,51.17142857142857,45.714285714285715,35,64
762,7,51,45.6969696969697,33,64
763,7,51.00000000000001,45.78125,32,62
764,7,50.90625,45.68750000000001,32,62
765,7,50.96969696969697,45.787878787878796,33,64
766,7,50.828571428571436,45.657142857142844,35,66
767,7,50.6875,45.562500000000014,32,64
768,7,50.61290322580646,45.83870967741936,31,64
769,7,50.84375000000001,45.71875,32,62
770,7,50.818181818181806,45.818181818181834,33,64
771,7,50.8125,45.84374999999999,32,62
772,7,50.8125,45.99999999999999,32,64
773,7,50.828571428571436,45.971428571428575,35,66
774,7,50.68571428571429,45.82857142857143,35,64
775,7,50.76470588235295,45.823529411764696,34,64
776,7,50.76470588235295,45.823529411764696,34,64
777,7,50.71875000000001,45.71875000000001,32,64
778,7,50.59375000000001,45.71875000000001,32,62
779,7,50.40624999999999,45.68749999999999,32,62
780,7,50.28125,45.6875,32,62
781,7,50.28125,45.6875,32,62
782,7,50.181818181818194,45.75757575757577,33,64
783,7,50.20689655172413,45.793103448275865,29,62
784,7,50.18181818181819,45.96969696969696,33,64
785,7,50.18750000000001,45.875000000000014,32,64
786,7,50.21212121212122,45.9090909090909,33,64
787,7,50.21212121212122,45.9090909090909,33,64
788,7,50.193548387096776,46,31,62
789,7,50.34375000000001,45.93749999999998,32,64
790,7,50.34375000000001,46.093749999999986,32,64
791,7,50.21875,46.15625,32,64
792,7,50.15625000000001,46.3125,32,62
793,7,50.0909090909091,46.24242424242425,33,62
794,7,50.03125000000001,46.3125,32,62
795,7,50.0909090909091,46.303030303030305,33,62
796,7,50.00000000000001,46.352941176470594,34,64
797,7,49.96875,46.3125,32,62
798,7,50.03030303030303,46.333333333333336,33,64
799,7,50.03030303030303,46.18181818181817,33,62
800,7,50.03125000000001,45.90625,32,62
801,7,50.20000000000001,46.11428571428572,35,66
802,7,50.42424242424243,46.09090909090908,33,64
803,7,50.53125,46.062500000000014,32,62
804,7,50.63636363636363,46.09090909090911,33,64
805,7,50.63636363636363,46.09090909090911,33,64
806,7,50.75000000000001,46.09374999999999,32,62
807,7,50.742857142857154,46.114285714285714,35,64
808,7,50.70588235294119,46.029411764705884,34,64
809,7,50.727272727272734,46.121212121212125,33,64
810,7,50.937500000000014,46.3125,32,64
811,7,50.935483870967744,46.225806451612904,31,64
812,7,51.12903225806452,46.12903225806451,31,64
813,7,51.45161290322581,45.96774193548388,31,64
814,7,51.633333333333354,46.13333333333333,30,62
815,7,51.82857142857143,46.31428571428572,35,64
816,7,51.73529411764706,46.294117647058826,34,64
817,7,51.55882352941177,46.23529411764705,34,64
818,7,51.352941176470594,46.26470588235295,34,64
819,7,51.41666666666668,46.08333333333335,36,66
820,7,51.352941176470594,46.1764705882353,34,64
821,7,51.45714285714286,46.142857142857146,35,66
822,7,51.38235294117648,46.117647058823536,34,66
823,7,51.21212121212122,46.45454545454545,33,64
824,7,51.14285714285714,46.51428571428572,35,66
825,7,51.05882352941176,46.47058823529412,34,64
826,7,51.05882352941176,46.47058823529412,34,64
827,7,51.03030303030303,46.575757575757585,33,62
828,7,50.909090909090914,46.63636363636365,33,64
829,7,50.84375000000001,46.562500000000014,32,62
830,7,51.00000000000001,46.50000000000001,34,62
831,7,50.96969696969698,46.33333333333335,33,64
832,7,51.06451612903226,46.54838709677419,31,64
833,7,51.00000000000001,46.63333333333334,30,62
834,7,51.05882352941176,46.441176470588225,34,66
835,7,51.00000000000001,46.50000000000001,34,62
836,7,51.00000000000001,46.50000000000001,34,62
837,7,51.187499999999986,46.468750000000014,32,62
838,7,51.0909090909091,46.45454545454545,33,62
839,7,51.187499999999986,46.468750000000014,32,62
840,7,51.3225806451613,46.58064516129033,31,64
841,7,51.32258064516128,46.70967741935485,31,64
842,7,51.37500000000001,46.78125000000001,32,64
843,7,51.43750000000001,46.40625,32,64
844,7,51.62500000000001,46.28125000000001,32,64
845,7,51.45454545454546,46.30303030303031,33,64
846,7,51.37500000000001,46.37500000000001,32,64
847,7,51.5625,46.28125,32,62
848,7,51.51515151515153,46.21212121212122,33,64
849,7,51.54285714285715,46.199999999999996,35,66
850,7,51.749999999999986,46.18750000000001,32,64
851,7,51.75000000000001,46.18750000000001,32,62
852,7,51.757575757575765,46.3939393939394,33,64
853,7,51.5625,46.25,32,62
854,7,51.81818181818183,45.96969696969696,33,64
855,7,51.735294117647065,45.99999999999999,34,64
856,7,51.66666666666667,46.06060606060606,33,64
857,7,51.71875,45.96875000000001,32,62
858,7,51.50000000000001,46,32,62
859,7,51.34375000000001,46.093750000000014,32,62
860,7,51.36363636363635,45.96969696969697,33,64
861,7,51.212121212121204,46.090909090909086,33,62
862,7,51.18750000000001,46.25,32,64
863,7,51.212121212121204,46.090909090909086,33,62
864,7,51.0909090909091,46.212121212121204,33,62
865,7,51.25714285714285,46.02857142857142,35,66
866,7,51.352941176470594,45.91176470588235,34,64
867,7,51.352941176470594,45.91176470588235,34,64
868,7,51.42424242424243,45.87878787878788,33,64
869,7,51.50000000000001,45.81249999999999,32,64
870,7,51.575757575757585,45.636363636363626,33,64
871,7,51.5,45.73333333333333,30,60
872,7,51.31249999999999,45.84375000000001,32,64
873,7,51.25,45.96874999999999,32,64
874,7,51.25,45.96874999999999,32,64
875,7,51.28124999999999,45.90625000000001,32,62
876,7,51.18181818181819,45.93939393939394,33,64
877,7,51.08823529411766,46.000000000000014,34,64
878,7,51.000000000000014,46.06060606060608,33,64
879,7,51.0909090909091,46.0909090909091,33,64
880,7,51.0909090909091,46.0909090909091,33,64
881,7,51.323529411764696,46.14705882352941,34,66
882,7,51.70967741935485,46,31,62
883,7,51.71875000000001,46.093750000000014,32,62
884,7,51.81818181818183,46.12121212121213,33,66
885,7,51.81818181818183,46.12121212121213,33,66
886,7,51.96969696969698,46.121212121212125,33,66
887,7,51.71875000000001,46.093750000000014,32,62
888,7,51.5625,46.28125,32,62
889,7,51.51515151515153,46.39393939393939,33,64
890,7,51.46875000000001,46.31250000000001,32,64
891,7,51.575757575757585,46.03030303030303,33,62
892,7,51.58823529411765,45.82352941176471,34,64
893,7,51.50000000000001,46.00000000000001,34,62
894,7,51.45454545454546,46.09090909090909,33,62
895,7,51.58064516129033,45.93548387096775,31,62
896,7,51.58064516129033,45.93548387096775,31,62
897,7,51.51612903225808,46.25806451612903,31,62
898,7,51.41935483870969,46.09677419354839,31,62
899,7,51.484848484848484,46.27272727272728,33,64
900,7,51.451612903225815,46.25806451612904,31,62
901,7,51.51515151515152,46.36363636363636,33,64
902,7,51.51515151515152,46.36363636363636,33,64
903,7,51.68750000000001,46.28125,32,64
904,7,51.46875000000001,46.312499999999986,32,64
905,7,51.62500000000001,46.218749999999986,32,64
906,7,51.84375000000001,46.1875,32,62
907,7,51.741935483870975,46.32258064516129,31,62
908,7,51.875000000000014,46.18749999999999,32,64
909,7,51.82758620689656,46.37931034482757,29,60
910,7,52.193548387096776,46.54838709677419,31,60
911,7,52.193548387096776,46.54838709677419,31,60
912,7,52.375,46.53124999999999,32,64
913,7,52.23333333333333,46.4,30,62
914,7,52.12903225806452,46.35483870967741,31,64
915,7,52.258064516129025,46.41935483870968,31,62
916,7,52.28125,46.5,32,62
917,7,52.290322580645174,46.58064516129031,31,62
918,7,52.20000000000001,46.533333333333324,30,60
919,7,52.03225806451612,46.741935483870975,31,64
920,7,52.09677419354837,46.67741935483872,31,64
921,7,52.212121212121204,46.54545454545455,33,66
922,7,52.06250000000001,46.71874999999999,32,64
923,7,51.941176470588225,46.882352941176464,34,64
924,7,51.941176470588225,46.882352941176464,34,64
925,7,51.96875,46.71875,32,62
926,7,51.87878787878788,46.757575757575765,33,64
927,7,51.85294117647059,46.617647058823536,34,64
928,7,51.64516129032259,46.51612903225806,31,60
929,7,51.60606060606061,46.48484848484848,33,64
930,7,51.75757575757577,46.33333333333334,33,62
931,7,51.90625,46.40625000000001,32,64
932,7,51.882352941176464,46.617647058823536,34,66
933,7,51.81818181818181,46.696969696969695,33,64
934,7,51.727272727272734,46.84848484848485,33,62
935,7,51.82352941176471,46.82352941176471,34,62
936,7,51.82352941176471,46.82352941176471,34,62
937,7,51.97222222222222,46.694444444444436,36,64
938,7,52.05882352941176,46.82352941176472,34,64
939,7,52.121212121212125,46.69696969696969,33,64
940,7,52.00000000000001,46.600000000000016,35,64
941,7,52.00000000000001,46.77142857142859,35,64
942,7,51.97222222222222,46.694444444444436,36,64
943,7,52.029411764705884,46.676470588235276,34,64
944,7,51.94117647058824,46.647058823529406,34,64
945,7,52.12903225806452,46.58064516129032,31,62
946,7,52.03125000000001,46.56249999999999,32,64
947,7,52.09677419354837,46.61290322580646,31,62
948,7,51.87500000000001,46.43749999999999,32,64
949,7,52.03125000000001,46.34375,32,64
950,7,52.27272727272728,46.515151515151516,33,64
951,7,52.39393939393939,46.393939393939405,33,64
952,7,52.40625,46.31250000000001,32,64
953,7,52.48387096774195,46.35483870967741,31,64
954,7,52.45161290322581,46.54838709677419,31,62
955,7,52.56666666666667,46.566666666666656,30,60
956,7,52.83333333333334,46.566666666666656,30,64
957,7,52.81250000000001,46.5625,32,66
958,7,52.71874999999999,46.75000000000001,32,62
959,7,52.875,46.78124999999999,32,64
960,7,52.806451612903224,46.741935483870975,31,62
961,7,52.8125,47.03124999999999,32,64
962,7,52.78125,47.1875,32,64
963,7,52.900000000000006,47.03333333333333,30,62
964,7,53,47.27272727272727,33,64
965,7,53.00000000000001,47.15624999999999,32,62
966,7,53.00000000000001,47.15624999999999,32,62
967,7,53.09677419354839,47.19354838709678,31,62
968,7,52.939393939393945,47.15151515151516,33,64
969,7,52.96875,47.15625,32,64
970,7,53.09677419354837,47.35483870967742,31,62
971,7,53.27272727272726,47.24242424242424,33,64
972,7,53.176470588235304,47.1764705882353,34,64
973,7,53.176470588235304,47.1764705882353,34,64
974,7,53.39393939393939,47.181818181818166,33,64
975,7,53.45454545454546,46.99999999999999,33,64
976,7,53.43750000000001,46.90625,32,64
977,7,53.5483870967742,46.70967741935484,31,60
978,7,53.48387096774194,46.64516129032259,31,66
979,7,53.40625,46.65625,32,64
980,7,53.48387096774194,46.58064516129033,31,62
981,7,53.58064516129033,46.4516129032258,31,60
982,7,53.5,46.375,32,62
983,7,53.62500000000001,46.43749999999999,32,64
984,7,53.60606060606061,46.39393939393939,33,64
985,7,53.70588235294118,46.5,34,62
986,7,53.61290322580645,46.67741935483871,31,62
987,7,53.51515151515152,46.515151515151516,33,64
988,7,53.51515151515152,46.515151515151516,33,64
989,7,53.5,46.9375,32,66
990,7,53.46875000000001,46.78125000000001,32,64
991,7,53.36363636363637,46.81818181818182,33,64
992,7,53.333333333333336,46.75757575757576,33,62
993,7,53.16129032258065,46.774193548387096,31,62
994,7,53.06250000000001,46.781250000000014,32,64
995,7,53.14705882352942,46.588235294117645,34,64
996,7,53.08823529411766,46.41176470588234,34,64
997,7,52.87500000000001,46.37499999999999,32,64
998,7,52.939393939393945,46.424242424242415,33,64
999,7,52.909090909090914,46.48484848484849,33,62
1000,7,52.64705882352942,46.352941176470594,34,64
0,8,50.46875,48.93749999999999,32,64
1,8,50.29032258064517,48.80645161290323,31,60
2,8,50.32258064516129,48.64516129032258,31,64
3,8,50.37500000000001,48.53124999999999,32,66
4,8,50.33333333333333,48.666666666666664,33,64
5,8,50.32258064516128,48.87096774193547,31,62
6,8,50.08823529411766,48.764705882352956,34,64
7,8,50.000000000000014,48.7878787878788,33,64
8,8,50.1,49.06666666666668,30,62
9,8,50.193548387096776,49.032258064516135,31,62
10,8,50.266666666666666,49.00000000000001,30,62
11,8,50.28125,48.96875,32,64
12,8,50.38709677419355,49.03225806451614,31,62
13,8,50.58064516129032,49.16129032258065,31,66
14,8,50.5,49.093750000000014,32,66
15,8,50.36666666666666,49.06666666666668,30,62
16,8,50.51515151515152,49.181818181818194,33,64
17,8,50.43750000000001,49.15625,32,64
18,8,50.741935483870975,49.225806451612904,31,62
19,8,50.852941176470594,49.32352941176471,34,64
20,8,50.875000000000014,49.25000000000001,32,64
21,8,51.03125000000001,49.28125000000001,32,66
22,8,51.06060606060606,49.15151515151514,33,66
23,8,51.02857142857143,49.17142857142857,35,66
24,8,51.090909090909086,49.03030303030304,33,64
25,8,50.939393939393945,49.36363636363636,33,66
26,8,50.82352941176471,49.3235294117647,34,64
27,8,50.75,49.28125,32,62
28,8,50.81818181818183,49.36363636363637,33,64
29,8,50.969696969696976,49.484848484848484,33,64
30,8,50.969696969696976,49.484848484848484,33,64
31,8,50.91176470588236,49.411764705882355,34,64
32,8,50.885714285714286,49.48571428571427,35,64
33,8,50.852941176470594,49.55882352941177,34,64
34,8,50.875000000000014,49.59375000000001,32,62
35,8,50.75000000000001,49.749999999999986,32,64
36,8,50.87500000000001,49.6875,32,64
37,8,51.030303030303045,49.87878787878788,33,64
38,8,51.09677419354839,50.064516129032256,31,62
39,8,51.281249999999986,49.87500000000001,32,64
40,8,51.212121212121204,49.90909090909091,33,62
41,8,51.264705882352935,49.82352941176472,34,64
42,8,51.25714285714287,49.628571428571426,35,66
43,8,51.2,49.457142857142856,35,64
44,8,51.294117647058826,49.50000000000001,34,62
45,8,51,49.48484848484848,33,64
46,8,50.909090909090914,49.606060606060616,33,64
47,8,50.727272727272734,49.84848484848485,33,62
48,8,51.00000000000001,49.828571428571436,35,64
49,8,51.062500000000014,49.781249999999986,32,62
50,8,51.062500000000014,49.781249999999986,32,62
51,8,50.903225806451616,49.70967741935483,31,62
52,8,50.88235294117648,49.49999999999999,34,64
53,8,51.176470588235304,49.44117647058823,34,64
54,8,51.375000000000014,49.5,32,62
55,8,51.53125,49.65625000000001,32,62
56,8,51.36363636363636,49.87878787878788,33,64
57,8,51.3235294117647,49.97058823529411,34,64
58,8,51.39393939393939,50.18181818181819,33,64
59,8,51.451612903225815,50.35483870967742,31,62
60,8,51.5625,50.437499999999986,32,62
61,8,51.484848484848484,50.3939393939394,33,62
62,8,51.411764705882355,50.35294117647059,34,64
63,8,51.42857142857143,50.457142857142856,35,64
64,8,51.35483870967742,50.32258064516129,31,64
65,8,51.40624999999999,50.15625,32,64
66,8,51.48387096774194,50.22580645161291,31,62
67,8,51.911764705882355,50.32352941176471,34,64
68,8,51.911764705882355,50.32352941176471,34,64
69,8,51.81249999999999,50.28125,32,64
70,8,51.848484848484844,50.15151515151514,33,64
71,8,52.00000000000001,50.21875,32,64
72,8,52.03125000000001,50.12500000000001,32,64
73,8,52.25,50.1875,32,62
74,8,52.575757575757585,50.21212121212121,33,64
75,8,52.64705882352942,50.35294117647059,34,64
76,8,52.6969696969697,50.454545454545446,33,64
77,8,52.78125,50.43750000000001,32,64
78,8,52.727272727272734,50.33333333333334,33,64
79,8,52.74193548387098,50.258064516129025,31,64
80,8,52.580645161290334,50.29032258064517,31,64
81,8,52.466666666666676,50.26666666666667,30,62
82,8,52.38709677419356,50.29032258064516,31,64
83,8,52.31249999999999,50.28124999999999,32,62
84,8,52.575757575757585,50.242424242424235,33,66
85,8,52.612903225806456,50.32258064516129,31,64
86,8,52.74193548387096,50.51612903225807,31,64
87,8,52.80645161290324,50.74193548387098,31,62
88,8,52.749999999999986,50.81250000000001,32,64
89,8,52.78124999999999,50.84375,32,64
90,8,52.68750000000001,51.09375000000001,32,64
91,8,52.7,51.10000000000001,30,62
92,8,52.62068965517242,51.06896551724139,29,62
93,8,52.56666666666667,51.00000000000001,30,62
94,8,52.46875,51.15625,32,64
95,8,52.31250000000001,51.15624999999999,32,64
96,8,52.1764705882353,51.14705882352941,34,64
97,8,52.36363636363637,51.27272727272727,33,62
98,8,52,51.125,32,62
99,8,52.064516129032256,51.096774193548384,31,64
100,8,52.064516129032256,51.096774193548384,31,64
101,8,52.22580645161291,51.03225806451612,31,64
102,8,52.3939393939394,51.030303030303024,33,64
103,8,52.48387096774194,50.96774193548386,31,62
104,8,52.56250000000001,51.031249999999986,32,64
105,8,52.40625,51,32,62
106,8,52.24999999999999,50.90625,32,62
107,8,52.176470588235304,51.176470588235276,34,64
108,8,52.0909090909091,51.2121212121212,33,64
109,8,52.03030303030304,51.09090909090909,33,64
110,8,51.93750000000001,51.09375,32,62
111,8,52.00000000000001,50.999999999999986,31,60
112,8,51.84375000000001,51.09375,32,64
113,8,51.6764705882353,51.147058823529406,34,64
114,8,51.75757575757577,51.09090909090909,33,62
115,8,51.75757575757577,51.09090909090909,33,62
116,8,51.65624999999999,51.15625000000001,32,64
117,8,51.66666666666667,51.27272727272729,33,66
118,8,51.6764705882353,51.058823529411775,34,64
119,8,51.85714285714287,50.914285714285704,35,64
120,8,52.09375000000001,50.96875,32,64
121,8,51.96875,50.96874999999999,32,64
122,8,51.93939393939394,50.878787878787875,33,66
123,8,51.76470588235294,50.67647058823529,34,64
124,8,51.875,50.81249999999999,32,62
125,8,51.84375000000001,50.96875,32,64
126,8,51.87878787878788,50.878787878787875,33,64
127,8,51.787878787878796,50.96969696969697,33,64
128,8,51.727272727272734,50.63636363636364,33,62
129,8,51.81818181818182,50.72727272727273,33,62
130,8,51.82352941176471,50.82352941176471,34,62
131,8,51.676470588235304,50.91176470588234,34,64
132,8,51.84848484848486,51.09090909090909,33,64
133,8,52.06451612903226,51.41935483870967,31,62
134,8,51.73333333333334,51.533333333333324,30,64
135,8,51.90625000000001,51.34375000000001,32,64
136,8,51.6875,51.65625000000001,32,62
137,8,51.6875,51.65625000000001,32,62
138,8,51.75757575757576,51.818181818181834,33,66
139,8,51.78787878787879,51.909090909090914,33,62
140,8,51.606060606060616,51.96969696969697,33,64
141,8,51.78787878787879,52.03030303030304,33,64
142,8,51.687500000000014,52.031250000000014,32,66
143,8,51.909090909090914,51.87878787878787,33,64
144,8,51.937500000000014,51.87500000000001,32,62
145,8,51.81818181818182,51.909090909090914,33,64
146,8,51.84375000000001,52,32,62
147,8,51.81818181818182,51.72727272727273,33,62
148,8,51.81249999999999,51.78125,32,62
149,8,51.81249999999999,51.78125,32,62
150,8,51.64516129032259,51.64516129032259,31,62
151,8,51.727272727272734,51.84848484848485,33,62
152,8,51.882352941176485,51.823529411764724,34,64
153,8,51.757575757575765,51.696969696969695,33,62
154,8,51.757575757575765,51.696969696969695,33,62
155,8,51.60606060606061,51.66666666666667,33,64
156,8,51.57575757575758,51.60606060606061,33,64
157,8,51.49999999999999,51.53125000000001,32,64
158,8,51.60606060606061,51.63636363636364,33,64
159,8,51.81250000000001,51.43749999999999,32,62
160,8,51.81250000000001,51.43749999999999,32,62
161,8,51.696969696969695,51.45454545454545,33,64
162,8,51.84375000000001,51.43749999999999,32,64
163,8,52.125000000000014,51.24999999999999,32,64
164,8,52.08823529411766,51.41176470588235,34,64
165,8,51.83870967741937,51.451612903225815,31,62
166,8,51.84375000000001,51.43750000000001,32,62
167,8,51.84375000000001,51.43750000000001,32,62
168,8,51.787878787878796,51.72727272727274,33,64
169,8,51.76470588235295,51.823529411764696,34,64
170,8,51.81818181818183,52.090909090909086,33,64
171,8,51.66666666666667,52.18181818181818,33,66
172,8,51.705882352941174,52.08823529411765,34,66
173,8,51.90625000000001,52.21875,32,64
174,8,51.741935483870975,52.29032258064517,31,64
175,8,51.8,52.36666666666667,30,62
176,8,51.766666666666666,52.13333333333332,30,62
177,8,51.63333333333334,52.1,30,62
178,8,51.84375,52.06249999999999,32,64
179,8,51.93548387096775,52.09677419354838,31,62
180,8,52.0909090909091,52.15151515151514,33,62
181,8,52.25714285714287,52.114285714285714,35,64
182,8,52.212121212121204,52.090909090909086,33,62
183,8,52.27272727272728,52.18181818181818,33,62
184,8,52.24999999999999,52.093750000000014,32,62
185,8,52.18181818181819,52.03030303030302,33,62
186,8,52.18181818181819,52.03030303030302,33,62
187,8,52.33333333333333,52.06060606060608,33,62
188,8,52.37500000000001,52.15625,32,60
189,8,52.27272727272728,52.151515151515156,33,62
190,8,52.12499999999999,52.06250000000001,32,64
191,8,52.0909090909091,52.15151515151515,33,64
192,8,52.0909090909091,52.212121212121204,33,62
193,8,52.15151515151515,52.090909090909086,33,62
194,8,52.15151515151515,52.27272727272728,33,62
195,8,52.06060606060606,52.333333333333336,33,62
196,8,52.057142857142864,52.34285714285715,35,64
197,8,52.14705882352942,52.32352941176472,34,64
198,8,52.0909090909091,52.39393939393939,33,64
199,8,51.62500000000001,52.21875000000001,32,62
200,8,51.55882352941176,52.02941176470588,34,64
201,8,51.606060606060616,52.121212121212125,33,64
202,8,51.794117647058826,52.294117647058826,34,66
203,8,51.833333333333336,52.111111111111114,36,66
204,8,51.833333333333336,52.13888888888889,36,66
205,8,51.91428571428571,52.11428571428572,35,66
206,8,52.13888888888889,52.02777777777778,36,66
207,8,52,52.111111111111114,36,66
208,8,51.91176470588234,51.970588235294116,34,64
209,8,51.91666666666667,52.027777777777764,36,64
210,8,52.08571428571428,52.057142857142864,35,66
211,8,52.05714285714286,51.99999999999999,35,64
212,8,52.03030303030303,51.81818181818182,33,62
213,8,52.424242424242415,51.9090909090909,33,66
214,8,52.741935483870975,51.935483870967744,31,62
215,8,52.84375000000001,51.90625,32,64
216,8,52.93750000000001,52.1875,32,64
217,8,53.181818181818194,51.99999999999999,33,64
218,8,53.093750000000014,51.93749999999999,32,62
219,8,52.90625000000001,51.937500000000014,32,62
220,8,53.03030303030303,51.81818181818182,33,62
221,8,53.03030303030303,51.81818181818182,33,62
222,8,53.15625000000001,51.65625000000001,32,64
223,8,53.06451612903226,51.612903225806456,31,62
224,8,53.483870967741936,51.774193548387096,31,62
225,8,53.43750000000001,51.75000000000001,32,62
226,8,53.44117647058823,51.94117647058824,34,64
227,8,53.545454545454554,51.90909090909091,33,62
228,8,53.617647058823536,51.82352941176472,34,64
229,8,53.78124999999999,51.718749999999986,32,62
230,8,53.81249999999999,51.8125,32,62
231,8,53.75757575757576,51.72727272727272,33,64
232,8,53.75757575757576,51.72727272727272,33,64
233,8,53.93939393939394,51.696969696969695,33,64
234,8,53.9090909090909,51.72727272727273,33,64
235,8,54.03030303030303,51.878787878787875,33,64
236,8,53.9375,51.875,32,64
237,8,53.96774193548387,51.87096774193549,31,62
238,8,53.727272727272734,51.81818181818182,33,62
239,8,53.54545454545456,51.78787878787879,33,64
240,8,53.71428571428573,51.82857142857143,35,64
241,8,53.84848484848486,51.909090909090914,33,62
242,8,53.84848484848486,52.00000000000001,33,64
243,8,53.85294117647059,51.94117647058823,34,64
244,8,53.87878787878788,52.03030303030304,33,64
245,8,53.937500000000014,52.09375,32,62
246,8,53.937500000000014,52.09375,32,62
247,8,53.81818181818182,52.030303030303045,33,64
248,8,53.71875,52.062500000000014,32,64
249,8,53.53125,52.09375,32,64
250,8,53.617647058823536,52.02941176470588,34,64
251,8,53.53125000000001,52.03124999999999,32,62
252,8,53.62500000000001,52.0625,32,64
253,8,53.735294117647065,51.999999999999986,34,62
254,8,53.75757575757577,52.09090909090909,33,62
255,8,53.75757575757577,52.09090909090909,33,62
256,8,53.87500000000001,52.09375,32,62
257,8,53.787878787878796,51.848484848484844,33,64
258,8,53.909090909090914,51.84848484848486,33,64
259,8,53.78787878787878,51.81818181818183,33,64
260,8,53.71875000000001,51.656250000000014,32,62
261,8,53.75757575757577,51.757575757575765,33,64
262,8,53.87500000000001,51.87500000000001,32,64
263,8,53.69999999999999,51.36666666666667,30,62
264,8,53.53125000000001,51.31250000000001,32,62
265,8,53.58064516129033,51.41935483870967,31,62
266,8,53.50000000000001,51.4,30,62
267,8,53.60606060606061,51.333333333333336,33,64
268,8,53.5,51.375,32,62
269,8,53.5,51.375,32,62
270,8,53.625000000000014,51.21874999999999,32,64
271,8,53.78125000000001,51.28124999999999,32,64
272,8,53.62500000000001,51.375,32,62
273,8,53.62500000000001,51.375,32,62
274,8,53.727272727272734,51.48484848484849,33,64
275,8,53.87878787878788,51.36363636363637,33,64
276,8,54.057142857142864,51.34285714285715,35,64
277,8,54.09375000000001,51.28125000000001,32,64
278,8,54.33333333333334,51.36666666666666,30,62
279,8,53.93548387096775,51.41935483870967,31,60
280,8,53.794117647058826,51.647058823529406,34,64
281,8,54.05882352941177,51.676470588235304,34,64
282,8,54.05882352941177,51.676470588235304,34,64
283,8,53.84848484848486,51.727272727272734,33,62
284,8,53.937500000000014,51.750000000000014,32,62
285,8,53.937500000000014,51.68749999999999,32,62
286,8,53.93548387096775,51.58064516129032,31,60
287,8,54.06060606060607,51.57575757575758,33,64
288,8,54.28124999999999,51.75,32,62
289,8,54.33333333333333,51.93939393939394,33,64
290,8,54.205882352941174,51.735294117647065,34,64
291,8,54.08571428571429,51.771428571428565,35,64
292,8,54.0625,51.6875,32,62
293,8,54.029411764705884,51.47058823529411,34,66
294,8,54.0625,51.59375,32,64
295,8,53.96666666666666,51.699999999999996,30,62
296,8,53.96875,51.71875,32,62
297,8,53.766666666666666,51.733333333333334,30,60
298,8,53.9375,51.59375,32,64
299,8,54.03125000000001,51.468750000000014,32,64
300,8,54.0625,51.468750000000014,32,62
301,8,54.06451612903226,51.41935483870968,31,60
302,8,53.90000000000001,51.133333333333326,30,62
303,8,53.9375,51.15624999999999,32,62
304,8,53.97058823529412,51.32352941176471,34,64
305,8,53.93548387096775,51.29032258064516,31,62
306,8,53.53125,51.4375,32,62
307,8,53.60000000000001,51.28571428571429,35,64
308,8,53.81249999999999,51.18750000000001,32,62
309,8,53.81249999999999,51.18750000000001,32,62
310,8,53.81249999999999,51.18750000000001,32,62
311,8,53.58064516129032,51.03225806451613,31,62
312,8,53.81249999999999,51.21875000000001,32,62
313,8,53.80645161290324,51.22580645161291,31,62
314,8,54.14285714285715,51.37142857142858,35,66
315,8,54.14705882352942,51.47058823529411,34,64
316,8,54.11764705882353,51.23529411764705,34,64
317,8,54.28125,51.15625,32,62
318,8,54.40000000000001,51.11428571428572,35,66
319,8,54.40000000000001,51.11428571428572,35,66
320,8,54.39393939393939,50.93939393939394,33,64
321,8,54.4375,50.875000000000014,32,64
322,8,54.54838709677419,50.87096774193549,31,64
323,8,54.49999999999999,50.9375,32,64
324,8,54.48484848484848,51.24242424242424,33,66
325,8,54.687500000000014,51.43749999999999,32,62
326,8,54.580645161290334,51.41935483870967,31,62
327,8,54.687500000000014,51.43749999999999,32,62
328,8,54.757575757575765,51.515151515151516,33,64
329,8,54.757575757575765,51.57575757575758,33,64
330,8,54.80645161290324,51.354838709677416,31,62
331,8,54.580645161290334,51.29032258064516,31,62
332,8,54.43750000000001,51.28125,32,62
333,8,54.411764705882355,51.1764705882353,34,64
334,8,54.28125,51.28124999999999,32,64
335,8,54.06250000000001,51.37499999999999,32,64
336,8,54,51.21212121212119,33,66
337,8,54.14705882352942,51.41176470588236,34,64
338,8,54.0909090909091,51.484848484848484,33,62
339,8,54.08823529411766,51.38235294117647,34,64
340,8,54.0909090909091,51.484848484848484,33,62
341,8,54.187499999999986,51.49999999999999,32,62
342,8,54.187499999999986,51.49999999999999,32,62
343,8,53.96969696969697,51.484848484848484,33,64
344,8,54.00000000000001,51.5,30,62
345,8,53.93548387096775,51.58064516129032,31,64
346,8,53.83333333333334,51.333333333333336,30,64
347,8,53.80000000000001,51.43333333333334,30,60
348,8,53.93548387096775,51.54838709677419,31,64
349,8,53.61290322580646,51.64516129032257,31,64
350,8,53.45161290322581,51.612903225806456,31,64
351,8,53.3125,51.59374999999999,32,64
352,8,53.333333333333336,51.51515151515151,33,64
353,8,53.42857142857142,51.45714285714285,35,66
354,8,53.09375000000001,51.06250000000001,32,64
355,8,52.99999999999999,51.0625,32,66
356,8,53.290322580645174,50.93548387096774,31,62
357,8,53.303030303030305,50.93939393939392,33,64
358,8,53.14705882352941,51.05882352941176,34,64
359,8,53.21212121212121,51,33,64
360,8,53.31249999999999,51.03125,32,62
361,8,53.151515151515156,50.90909090909091,33,64
362,8,53.27272727272728,50.848484848484865,33,62
363,8,53.00000000000001,51,35,64
364,8,52.84848484848486,51.090909090909086,33,62
365,8,52.84848484848486,51.030303030303024,33,64
366,8,52.60000000000001,51.25714285714287,35,66
367,8,52.60000000000001,51.25714285714287,35,66
368,8,52.794117647058826,51.05882352941177,34,64
369,8,52.818181818181806,51.03030303030303,33,62
370,8,52.909090909090914,51.212121212121225,33,64
371,8,52.909090909090914,51.03030303030304,33,64
372,8,52.875000000000014,50.9375,32,64
373,8,52.91176470588236,51.11764705882352,34,66
374,8,53.06250000000001,51.15625,32,66
375,8,53.12121212121212,51.27272727272727,33,64
376,8,53.114285714285714,51.25714285714285,35,64
377,8,53.18181818181819,51.363636363636374,33,64
378,8,53.27272727272728,51.18181818181818,33,62
379,8,53.00000000000001,51.15624999999999,32,62
380,8,52.96875000000001,51,32,64
381,8,52.96875000000001,51,32,64
382,8,52.86666666666667,50.76666666666665,30,62
383,8,52.86666666666667,50.76666666666665,30,62
384,8,52.96774193548387,50.80645161290321,31,64
385,8,53.08823529411766,50.8529411764706,34,64
386,8,53.12903225806452,51.29032258064516,31,60
387,8,53.4375,51.34375000000001,32,64
388,8,53.35483870967742,51.29032258064517,31,62
389,8,53.30303030303029,51.303030303030305,33,64
390,8,53.30303030303029,51.303030303030305,33,64
391,8,53.29032258064516,51.29032258064516,31,64
392,8,53.218749999999986,51.4375,32,64
393,8,53.03125000000001,51.6875,32,62
394,8,52.91176470588236,51.588235294117645,34,64
395,8,52.91176470588236,51.588235294117645,34,64
396,8,53.00000000000001,51.628571428571426,35,64
397,8,52.906250000000014,51.74999999999999,32,62
398,8,52.96969696969698,51.81818181818182,33,62
399,8,52.875000000000014,51.8125,32,64
400,8,52.56666666666667,51.83333333333332,30,60
401,8,52.50000000000001,51.82352941176471,34,64
402,8,52.38235294117647,51.94117647058824,34,64
403,8,52.121212121212125,52.03030303030303,33,64
404,8,52.06250000000001,51.90625000000001,32,64
405,8,51.83870967741935,52.322580645161295,31,64
406,8,51.90625000000001,52.4375,32,64
407,8,51.80645161290323,52.483870967741936,31,62
408,8,51.666666666666664,52.36363636363636,33,64
409,8,51.727272727272734,52.42424242424243,33,64
410,8,51.666666666666664,52.575757575757585,33,62
411,8,51.62857142857143,52.57142857142858,35,64
412,8,51.970588235294116,52.38235294117648,34,64
413,8,52.12903225806452,52.322580645161295,31,62
414,8,52.09677419354839,52.16129032258064,31,62
415,8,52.06060606060606,52.333333333333336,33,62
416,8,52.06060606060606,52.42424242424242,33,62
417,8,52.03030303030303,52.27272727272728,33,64
418,8,51.87096774193548,52.38709677419356,31,62
419,8,51.84375000000001,52.46875,32,62
420,8,51.70588235294118,52.5,34,62
421,8,51.794117647058826,52.470588235294116,34,66
422,8,51.861111111111114,52.611111111111114,36,64
423,8,52.00000000000001,52.32352941176471,34,64
424,8,51.97222222222222,52.5,36,66
425,8,52.05714285714286,52.48571428571428,35,66
426,8,52.303030303030305,52.54545454545454,33,66
427,8,52.27272727272728,52.66666666666666,33,64
428,8,52.18181818181819,52.78787878787878,33,64
429,8,52.20000000000001,52.77142857142859,35,66
430,8,52.46875000000001,52.9375,32,62
431,8,52.424242424242415,53.03030303030303,33,64
432,8,52.38235294117648,52.82352941176471,34,64
433,8,52.46875000000001,52.9375,32,62
434,8,52.64705882352942,53.029411764705884,34,64
435,8,52.69444444444445,53.02777777777778,36,64
436,8,52.9090909090909,53.15151515151515,33,62
437,8,52.937500000000014,53.25,32,62
438,8,52.63636363636363,53.272727272727266,33,62
439,8,52.62500000000001,53.375,32,62
440,8,52.51428571428573,53.4,35,64
441,8,52.5625,53.6875,32,62
442,8,52.5625,53.6875,32,62
443,8,52.545454545454554,53.787878787878796,33,62
444,8,52.46875000000001,53.75000000000001,32,62
445,8,52.46875000000001,53.75000000000001,32,62
446,8,52.606060606060616,53.878787878787875,33,64
447,8,52.61290322580645,54.00000000000001,31,60
448,8,52.61290322580645,54.00000000000001,31,60
449,8,52.48484848484849,54.15151515151515,33,62
450,8,52.36363636363637,54.27272727272727,33,62
451,8,52.36363636363637,54.27272727272727,33,62
452,8,52.43750000000001,54.218749999999986,32,62
453,8,52.26470588235295,54.26470588235294,34,64
454,8,52.36363636363637,54.27272727272727,33,62
455,8,52.451612903225815,54.41935483870967,31,62
456,8,52.612903225806456,54.193548387096776,31,62
457,8,52.53125000000001,54.24999999999999,32,62
458,8,52.46875000000001,54.34375,32,64
459,8,52.34375000000001,54.218749999999986,32,62
460,8,52.37500000000001,54.37500000000001,32,62
461,8,52.53125,54.4375,32,62
462,8,52.68750000000001,54.53125,32,62
463,8,52.65625000000001,54.56250000000001,32,62
464,8,52.676470588235304,54.3235294117647,34,64
465,8,52.87499999999999,54.375,32,64
466,8,52.81249999999999,54.50000000000001,32,64
467,8,52.766666666666666,54.53333333333334,30,64
468,8,52.575757575757585,54.33333333333333,33,62
469,8,52.617647058823536,54.617647058823536,34,64
470,8,52.55882352941177,54.67647058823528,34,64
471,8,52.55882352941177,54.67647058823528,34,64
472,8,52.73529411764706,54.735294117647044,34,64
473,8,52.78787878787879,54.969696969696976,33,64
474,8,52.6875,54.93750000000001,32,62
475,8,52.62500000000001,55.125,32,64
476,8,52.60606060606061,55.36363636363637,33,64
477,8,52.53125,55.4375,32,62
478,8,52.25806451612904,55.58064516129032,31,62
479,8,52.187499999999986,55.437499999999986,32,62
480,8,52.121212121212125,55.333333333333336,33,64
481,8,52.0909090909091,55.18181818181818,33,64
482,8,52.058823529411754,55.14705882352941,34,64
483,8,52.058823529411754,55.20588235294118,34,64
484,8,52.25,55.18749999999999,32,62
485,8,51.99999999999999,55.27272727272728,33,64
486,8,52.05714285714286,54.942857142857136,35,64
487,8,51.97222222222222,54.916666666666664,36,64
488,8,51.96969696969698,55.18181818181817,33,62
489,8,52.06060606060606,55.121212121212125,33,64
490,8,52.032258064516135,55.16129032258065,31,62
491,8,52.0625,55.06249999999999,32,62
492,8,52.0909090909091,55.15151515151514,33,62
493,8,52.06060606060606,55.42424242424242,33,62
494,8,52.21212121212122,55.45454545454545,33,64
495,8,52.181818181818194,55.54545454545455,33,64
496,8,52.28125,55.5625,32,62
497,8,52.181818181818194,55.54545454545455,33,64
498,8,52.12500000000001,55.5625,32,64
499,8,51.84375000000001,55.81249999999999,32,62
500,8,51.82352941176471,55.82352941176471,34,62
501,8,51.911764705882355,55.67647058823529,34,64
502,8,52.03125000000001,55.59375000000001,32,62
503,8,52.032258064516135,55.64516129032259,31,62
504,8,51.91176470588236,55.823529411764724,34,64
505,8,52.000000000000014,55.84848484848485,33,64
506,8,51.96969696969697,55.575757575757585,33,66
507,8,51.90909090909091,55.515151515151516,33,64
508,8,52,55.5,32,62
509,8,52.25714285714286,55.457142857142856,35,64
510,8,52.24242424242424,55.54545454545455,33,64
511,8,52.18181818181819,55.45454545454544,33,66
512,8,52.36363636363637,55.393939393939384,33,64
513,8,52.36363636363637,55.27272727272727,33,62
514,8,52.18181818181819,55.303030303030305,33,64
515,8,52.088235294117645,55.32352941176471,34,64
516,8,52,55.333333333333336,33,64
517,8,52.00000000000001,55.5,32,62
518,8,52.00000000000001,55.18181818181818,33,64
519,8,52.03125000000001,55.28125,32,62
520,8,52.03125000000001,55.28125,32,62
521,8,51.969696969696976,55.36363636363637,33,64
522,8,51.96875,55.468749999999986,32,64
523,8,52.151515151515156,55.42424242424242,33,64
524,8,52.46875000000001,55.37499999999999,32,64
525,8,52.03448275862069,55.37931034482758,29,62
526,8,52.212121212121225,55.24242424242423,33,64
527,8,51.84848484848485,55.21212121212122,33,64
528,8,51.90322580645161,55.00000000000001,31,64
529,8,52.15625000000001,54.875,32,64
530,8,52.25806451612904,54.80645161290322,31,62
531,8,51.93548387096775,55.322580645161295,31,62
532,8,51.80645161290324,55.354838709677416,31,60
533,8,51.78125,55.46875000000001,32,62
534,8,51.96969696969696,55.606060606060616,33,64
535,8,51.88235294117647,55.58823529411766,34,64
536,8,51.65625000000001,55.6875,32,62
537,8,51.5625,55.53125,32,64
538,8,51.7741935483871,55.548387096774185,31,62
539,8,52.03448275862068,55.51724137931035,29,60
540,8,51.93333333333333,55.7,30,62
541,8,52.12903225806452,55.41935483870968,31,62
542,8,52.09375000000001,55.531250000000014,32,64
543,8,52.32258064516128,55.48387096774193,31,62
544,8,52.1875,55.59375,32,64
545,8,52.32258064516128,55.225806451612904,31,62
546,8,52.25806451612903,55.12903225806452,31,64
547,8,52.233333333333334,55.26666666666667,30,62
548,8,52.290322580645174,55.193548387096776,31,62
549,8,52.193548387096776,55.096774193548384,31,62
550,8,52.1,55.099999999999994,30,64
551,8,51.83333333333334,55.233333333333334,30,64
552,8,51.96666666666667,55.13333333333333,30,62
553,8,52.03125000000001,54.75,32,64
554,8,52.00000000000002,54.838709677419345,31,62
555,8,52.16129032258063,54.77419354838709,31,62
556,8,52.4375,54.65625,32,64
557,8,52.45714285714286,54.571428571428584,35,64
558,8,52.5,54.5,34,64
559,8,52.542857142857144,54.42857142857142,35,64
560,8,52.542857142857144,54.42857142857142,35,64
561,8,52.555555555555564,54.52777777777778,36,66
562,8,52.727272727272734,54.36363636363636,33,62
563,8,52.63636363636364,54.36363636363636,33,64
564,8,52.87096774193548,54.322580645161295,31,64
565,8,52.90625000000001,54.40625000000001,32,64
566,8,52.96875,54.34375,32,62
567,8,53.03030303030303,54.42424242424242,33,62
568,8,52.78125000000001,54.5,32,64
569,8,52.885714285714286,54.48571428571427,35,64
570,8,52.82352941176471,54.41176470588235,34,64
571,8,52.65625000000001,54.28125,32,62
572,8,52.81250000000001,54.28125,32,62
573,8,52.727272727272734,54.181818181818166,33,64
574,8,52.64705882352942,54.117647058823536,34,66
575,8,52.41935483870968,54.12903225806451,31,62
576,8,52.545454545454554,54.27272727272727,33,64
577,8,52.666666666666664,54.3939393939394,33,64
578,8,52.84848484848486,54.393939393939384,33,64
579,8,52.727272727272734,54.21212121212121,33,66
580,8,52.75000000000001,54.40624999999999,32,64
581,8,52.64516129032259,54.387096774193544,31,62
582,8,52.5625,54.40625000000001,32,62
583,8,52.51515151515153,54.484848484848484,33,64
584,8,52.59375000000001,54.56250000000001,32,62
585,8,52.84375000000001,54.71875,32,62
586,8,52.75757575757577,54.66666666666667,33,62
587,8,52.75757575757577,54.66666666666667,33,62
588,8,52.75757575757577,54.66666666666667,33,62
589,8,52.8125,54.62499999999999,32,64
590,8,52.65625,54.375,32,62
591,8,52.6969696969697,54.27272727272727,33,64
592,8,52.83870967741935,54.16129032258065,31,62
593,8,52.66666666666667,54.121212121212125,33,64
594,8,52.727272727272734,54.21212121212122,33,64
595,8,52.36363636363636,54.333333333333336,33,64
596,8,52.5483870967742,54.29032258064516,31,60
597,8,52.71875000000001,54.1875,32,62
598,8,53.05714285714286,53.99999999999999,35,64
599,8,53.00000000000001,53.99999999999999,37,64
600,8,53.114285714285714,53.88571428571429,35,64
601,8,53.0909090909091,53.69696969696969,33,62
602,8,53.176470588235304,53.82352941176471,34,62
603,8,53.17142857142857,53.714285714285715,35,64
604,8,53.38235294117648,53.85294117647061,34,64
605,8,53.30303030303029,54,33,64
606,8,53.15151515151515,53.90909090909091,33,62
607,8,52.96774193548387,53.935483870967744,31,62
608,8,52.96774193548387,53.87096774193548,31,62
609,8,52.827586206896555,53.793103448275865,29,60
610,8,52.58064516129033,53.741935483870954,31,64
611,8,52.41935483870968,53.838709677419345,31,64
612,8,52.50000000000001,53.79999999999999,30,62
613,8,52.25806451612904,53.54838709677419,31,64
614,8,52.290322580645174,53.70967741935484,31,64
615,8,52.15625000000001,53.56250000000001,32,62
616,8,52.18181818181819,53.72727272727273,33,62
617,8,52.06451612903226,53.64516129032259,31,60
618,8,51.96774193548388,53.67741935483871,31,64
619,8,52.15151515151515,53.72727272727273,33,62
620,8,52.176470588235304,53.82352941176471,34,62
621,8,52.176470588235304,53.82352941176471,34,62
622,8,52.176470588235304,53.82352941176471,34,62
623,8,52.17142857142857,53.714285714285715,35,64
624,8,52.14705882352942,53.61764705882353,34,64
625,8,52.0909090909091,53.84848484848485,33,62
626,8,52.0909090909091,53.84848484848485,33,62
627,8,52.176470588235304,53.82352941176471,34,62
628,8,52.0909090909091,53.78787878787879,33,62
629,8,52.27272727272728,53.848484848484865,33,62
630,8,52.21212121212122,53.78787878787878,33,66
631,8,52.12121212121212,53.6969696969697,33,64
632,8,52.37500000000001,53.78124999999998,32,64
633,8,52.53125000000001,53.8125,32,64
634,8,52.53125000000001,53.8125,32,64
635,8,52.45454545454546,53.787878787878796,33,62
636,8,52.612903225806456,53.806451612903224,31,62
637,8,52.575757575757585,53.666666666666664,33,62
638,8,52.44117647058823,53.76470588235294,34,64
639,8,52.333333333333336,53.57575757575758,33,62
640,8,52.09375000000001,53.656250000000014,32,62
641,8,52.15624999999999,53.84375000000001,32,64
642,8,52.212121212121204,53.90909090909091,33,62
643,8,52.233333333333334,53.63333333333334,30,60
644,8,52.43749999999999,53.71875,32,64
645,8,52.28125,53.84375,32,64
646,8,52.46666666666667,53.933333333333316,30,62
647,8,52.59374999999999,54.031250000000014,32,64
648,8,52.61290322580646,53.967741935483865,31,62
649,8,52.5625,54.0625,32,64
650,8,52.49999999999999,53.99999999999999,32,62
651,8,52.49999999999999,53.99999999999999,32,62
652,8,52.333333333333336,54.212121212121204,33,64
653,8,52.352941176470594,54.29411764705883,34,64
654,8,52.45714285714286,54.25714285714287,35,64
655,8,52.361111111111114,54.30555555555556,36,66
656,8,52.5,54.12500000000001,32,64
657,8,52.54545454545455,54.18181818181818,33,64
658,8,52.45161290322581,54.09677419354838,31,64
659,8,52.41935483870968,53.96774193548387,31,64
660,8,52.19354838709678,53.967741935483865,31,62
661,8,52.029411764705884,54.08823529411765,34,66
662,8,52.176470588235304,54.1764705882353,34,64
663,8,52.48387096774194,54.09677419354839,31,62
664,8,52.333333333333336,54.181818181818166,33,64
665,8,52.25,54.24999999999999,32,62
666,8,52.26666666666667,54.23333333333333,30,64
667,8,52.38235294117648,54.32352941176472,34,64
668,8,52.45714285714286,54.25714285714287,35,64
669,8,52.5625,54.28125,32,62
670,8,52.60606060606061,54.484848484848484,33,62
671,8,52.787878787878796,54.454545454545446,33,62
672,8,52.787878787878796,54.454545454545446,33,62
673,8,52.545454545454554,54.454545454545446,33,64
674,8,52.75000000000001,54.53125,32,62
675,8,52.787878787878796,54.454545454545446,33,62
676,8,52.60606060606061,54.36363636363637,33,64
677,8,52.794117647058826,54.558823529411775,34,64
678,8,52.87878787878788,54.666666666666664,33,64
679,8,52.99999999999999,54.49999999999999,32,62
680,8,53.08571428571429,54.771428571428565,35,64
681,8,53.176470588235304,54.76470588235294,34,64
682,8,53.205882352941174,54.735294117647065,34,64
683,8,53.411764705882355,54.76470588235295,34,64
684,8,53.303030303030305,54.757575757575765,33,62
685,8,53.303030303030305,54.757575757575765,33,62
686,8,53.235294117647065,54.82352941176471,34,64
687,8,53.25806451612904,54.93548387096774,31,62
688,8,53.25806451612904,54.93548387096774,31,62
689,8,53.35483870967743,54.935483870967744,31,62
690,8,53.28124999999999,55,32,64
691,8,53.2258064516129,55.09677419354839,31,62
692,8,53.37500000000001,55.15625,32,60
693,8,53.54285714285715,55.085714285714296,35,64
694,8,53.54285714285715,55.085714285714296,35,64
695,8,53.545454545454554,55.06060606060607,33,64
696,8,53.57142857142858,54.91428571428572,35,64
697,8,53.57142857142858,54.91428571428572,35,64
698,8,53.50000000000001,55.00000000000001,34,62
699,8,53.6388888888889,55.055555555555564,36,66
700,8,53.42424242424243,54.969696969696976,33,62
701,8,53.42424242424243,54.969696969696976,33,62
702,8,53.51515151515153,55.0909090909091,33,62
703,8,53.45161290322581,54.93548387096775,31,62
704,8,53.35483870967742,54.80645161290323,31,60
705,8,53.37500000000001,54.68750000000001,32,62
706,8,53.437500000000014,54.46875,32,64
707,8,53.27272727272728,54.727272727272734,33,64
708,8,53.35483870967742,54.80645161290323,31,60
709,8,53.187499999999986,54.75,32,62
710,8,52.96875,55.09375,32,64
711,8,52.72727272727273,55.21212121212121,33,66
712,8,52.548387096774206,55.29032258064516,31,64
713,8,52.35483870967742,55.354838709677416,31,62
714,8,52.3125,55.28124999999999,32,62
715,8,52.3125,55.09375,32,64
716,8,52.3125,54.90625,32,62
717,8,52.687500000000014,54.90625000000001,32,62
718,8,52.794117647058826,54.76470588235295,34,64
719,8,52.61764705882352,54.617647058823536,34,64
720,8,52.611111111111114,54.5,36,66
721,8,52.617647058823536,54.5,34,66
722,8,52.38235294117648,54.32352941176472,34,64
723,8,52.48484848484849,54.33333333333334,33,64
724,8,52.30303030303029,54.303030303030305,33,64
725,8,52.151515151515156,54.575757575757585,33,64
726,8,52.00000000000001,54.50000000000001,34,62
727,8,51.9375,54.56250000000001,32,62
728,8,51.78125,54.46875000000001,32,62
729,8,51.78125,54.46875000000001,32,62
730,8,51.75000000000001,54.65624999999999,32,64
731,8,51.575757575757585,54.666666666666664,33,66
732,8,51.516129032258064,54.612903225806456,31,64
733,8,51.516129032258064,54.612903225806456,31,64
734,8,51.45161290322581,54.67741935483871,31,64
735,8,51.580645161290334,54.41935483870969,31,64
736,8,51.466666666666676,54.466666666666676,30,62
737,8,51.39393939393939,54.54545454545455,33,64
738,8,51.137931034482754,54.48275862068965,29,62
739,8,51.1,54.56666666666666,30,62
740,8,51.32258064516128,54.612903225806456,31,64
741,8,51.40624999999999,54.62500000000001,32,62
742,8,51.235294117647065,54.55882352941178,34,64
743,8,51.0909090909091,54.45454545454545,33,62
744,8,51.0909090909091,54.45454545454545,33,62
745,8,51.00000000000001,54.50000000000001,34,62
746,8,50.96875,54.46875,32,62
747,8,50.91176470588236,54.441176470588225,34,64
748,8,51.00000000000001,54.73529411764707,34,62
749,8,50.8125,55,32,64
750,8,50.84848484848485,54.90909090909091,33,64
751,8,50.9375,54.84375,32,62
752,8,51.000000000000014,55.00000000000001,31,62
753,8,50.87500000000001,55.03125000000001,32,64
754,8,50.87500000000001,55.03125000000001,32,64
755,8,51.31249999999999,55.093750000000014,32,62
756,8,51.31249999999999,55.093750000000014,32,62
757,8,51.0625,55.18749999999999,32,64
758,8,51.32258064516129,54.96774193548387,31,64
759,8,51.32258064516129,54.87096774193549,31,62
760,8,51.24999999999999,54.96875000000001,32,64
761,8,51.50000000000001,54.79411764705883,34,64
762,8,51.50000000000001,54.79411764705883,34,64
763,8,51.50000000000001,55.00000000000001,34,62
764,8,51.50000000000001,55.00000000000001,34,62
765,8,51.28571428571429,54.942857142857136,35,64
766,8,51.484848484848484,54.90909090909091,33,62
767,8,51.529411764705884,55.05882352941178,34,64
768,8,51.6969696969697,55.121212121212125,33,64
769,8,51.83870967741937,55.16129032258066,31,62
770,8,51.937500000000014,55.156250000000014,32,62
771,8,51.939393939393945,55.272727272727266,33,64
772,8,51.84848484848486,55.151515151515156,33,62
773,8,51.84848484848486,55.151515151515156,33,62
774,8,51.75757575757577,55.33333333333334,33,62
775,8,51.70967741935485,55.5483870967742,31,60
776,8,51.939393939393945,55.66666666666668,33,62
777,8,52.00000000000001,55.73529411764707,34,62
778,8,52.093750000000014,55.87500000000001,32,62
779,8,52.06250000000001,55.75,32,64
780,8,51.96774193548388,55.870967741935495,31,64
781,8,52.21875,56,32,62
782,8,52.193548387096776,55.903225806451616,31,60
783,8,52.193548387096776,55.903225806451616,31,60
784,8,52.25806451612904,55.90322580645161,31,62
785,8,52.34375000000001,55.96874999999999,32,64
786,8,52.28125000000001,56.03124999999999,32,64
787,8,52.25,55.9375,32,64
788,8,52.58620689655174,55.75862068965517,29,62
789,8,52.62500000000001,55.78125,32,62
790,8,52.545454545454554,55.72727272727272,33,64
791,8,52.46875000000001,55.65624999999999,32,62
792,8,52.43750000000001,55.75000000000001,32,62
793,8,52.43750000000001,55.71875,32,62
794,8,52.53125,55.65625000000001,32,64
795,8,52.59375000000001,55.90625000000001,32,64
796,8,52.59375000000001,56.281249999999986,32,62
797,8,52.60606060606061,56.39393939393939,33,64
798,8,52.62500000000001,56.21875000000001,32,62
799,8,52.545454545454554,56.090909090909086,33,62
800,8,52.45454545454546,55.909090909090914,33,62
801,8,52.40625,56.12499999999999,32,62
802,8,52.484848484848484,56.212121212121204,33,64
803,8,52.484848484848484,56.212121212121204,33,64
804,8,52.45454545454546,56.39393939393939,33,64
805,8,52.48484848484849,56.333333333333336,33,64
806,8,52.441176470588246,56.14705882352942,34,64
807,8,52.43750000000001,56.21875,32,64
808,8,52.27272727272728,56.424242424242436,33,64
809,8,52.352941176470594,56.382352941176485,34,66
810,8,52.352941176470594,56.41176470588236,34,64
811,8,52.411764705882355,56.35294117647059,34,64
812,8,52.55882352941176,56.441176470588225,34,64
813,8,52.57142857142856,56.54285714285714,35,64
814,8,52.575757575757585,56.54545454545455,33,64
815,8,52.54545454545455,56.63636363636364,33,64
816,8,52.75757575757576,56.63636363636364,33,64
817,8,52.60606060606061,56.60606060606061,33,64
818,8,52.63636363636363,56.818181818181834,33,64
819,8,52.63636363636363,56.818181818181834,33,64
820,8,52.666666666666664,56.72727272727274,33,66
821,8,52.5625,56.65624999999999,32,62
822,8,52.43750000000001,56.53124999999999,32,62
823,8,52.34375000000001,56.46874999999999,32,64
824,8,52.42424242424243,56.42424242424242,33,64
825,8,52.56250000000001,56.46875,32,64
826,8,52.42424242424243,56.66666666666667,33,64
827,8,52.06451612903226,56.64516129032259,31,60
828,8,52.18181818181819,56.72727272727273,33,62
829,8,52.15151515151515,56.72727272727273,33,62
830,8,52.187499999999986,56.81250000000001,32,62
831,8,52.187499999999986,56.81250000000001,32,62
832,8,52.15151515151515,56.72727272727273,33,62
833,8,52.15151515151515,56.72727272727273,33,62
834,8,52.176470588235304,56.73529411764706,34,64
835,8,52.48387096774194,56.58064516129033,31,62
836,8,52.51515151515153,56.21212121212121,33,64
837,8,52.53125,56.31250000000001,32,64
838,8,52.74193548387097,56.096774193548384,31,62
839,8,52.73333333333335,56.233333333333334,30,60
840,8,52.59375000000001,56.34375,32,62
841,8,52.5,56.5,32,60
842,8,52.60606060606061,56.515151515151516,33,62
843,8,52.65625000000001,56.375,32,62
844,8,52.63636363636363,56.48484848484848,33,64
845,8,52.81818181818183,56.424242424242415,33,66
846,8,52.7741935483871,56.4516129032258,31,62
847,8,52.7741935483871,56.4516129032258,31,62
848,8,52.64516129032259,56.38709677419355,31,62
849,8,52.787878787878796,56.454545454545446,33,62
850,8,52.71875,56.5,32,62
851,8,52.64705882352942,56.47058823529411,34,64
852,8,52.6969696969697,56.39393939393939,33,64
853,8,52.81818181818182,56.27272727272727,33,62
854,8,52.787878787878796,56.454545454545446,33,62
855,8,52.68750000000001,56.43749999999999,32,62
856,8,52.909090909090914,56.45454545454545,33,62
857,8,52.676470588235304,56.44117647058822,34,64
858,8,52.84848484848486,56.27272727272727,33,62
859,8,52.84848484848486,56.27272727272727,33,62
860,8,52.77142857142858,56.085714285714275,35,64
861,8,52.687500000000014,56.15625000000001,32,62
862,8,52.84375000000001,56.09375,32,64
863,8,52.96666666666666,55.966666666666676,30,62
864,8,53.03225806451612,55.80645161290324,31,64
865,8,52.83870967741935,55.838709677419345,31,62
866,8,52.96774193548387,55.70967741935484,31,62
867,8,53,55.6969696969697,33,64
868,8,52.6764705882353,55.70588235294118,34,64
869,8,52.6764705882353,56.02941176470588,34,64
870,8,52.6764705882353,56.02941176470588,34,64
871,8,52.58064516129032,56.06451612903226,31,60
872,8,52.67741935483871,56.225806451612904,31,64
873,8,52.53333333333333,56.2,30,64
874,8,52.71875,56.28125,32,64
875,8,52.96874999999999,56.21874999999999,32,64
876,8,53.03125000000001,56.40625000000001,32,62
877,8,52.83333333333334,56.4,30,62
878,8,53.00000000000001,56.41935483870968,31,64
879,8,53.06249999999999,56.59375,32,64
880,8,53.06249999999999,56.59375,32,64
881,8,53.06249999999999,56.59375,32,64
882,8,53.032258064516135,56.483870967741936,31,62
883,8,53.064516129032256,56.61290322580646,31,62
884,8,53.064516129032256,56.61290322580646,31,62
885,8,53,56.84375,32,62
886,8,53,56.84375,32,62
887,8,53.09375000000001,56.59375,32,66
888,8,53.24137931034484,56.51724137931034,29,64
889,8,53.133333333333326,56.333333333333336,30,64
890,8,53.133333333333326,56.333333333333336,30,64
891,8,53.20000000000001,56.36666666666666,30,62
892,8,53.166666666666664,56.133333333333326,30,60
893,8,53.166666666666664,56.36666666666666,30,62
894,8,53.24242424242424,56.030303030303024,33,64
895,8,53.121212121212125,55.87878787878787,33,66
896,8,53.12903225806451,56.032258064516135,31,62
897,8,53.06666666666666,55.93333333333334,30,60
898,8,53.05882352941177,55.882352941176464,34,64
899,8,52.970588235294116,55.852941176470594,34,64
900,8,53.00000000000001,55.65624999999999,32,62
901,8,52.909090909090914,55.69696969696971,33,62
902,8,52.941176470588246,55.79411764705883,34,64
903,8,52.77419354838711,55.806451612903224,31,62
904,8,52.43750000000001,56,32,62
905,8,52.333333333333336,56.00000000000001,33,64
906,8,52.14705882352941,55.91176470588234,34,64
907,8,52.34374999999999,55.843749999999986,32,64
908,8,52.50000000000001,56.0625,32,64
909,8,52.31249999999999,56.093750000000014,32,62
910,8,52.27272727272728,56.18181818181818,33,62
911,8,52.32352941176471,56.058823529411775,34,64
912,8,52.176470588235304,56.17647058823528,34,62
913,8,52.114285714285714,56.028571428571446,35,66
914,8,51.94444444444446,55.8611111111111,36,66
915,8,52,55.90909090909091,33,64
916,8,52.05882352941176,55.82352941176472,34,64
917,8,52.15151515151515,55.84848484848485,33,62
918,8,52.08823529411766,55.794117647058826,34,64
919,8,51.937500000000014,55.75,32,64
920,8,52.03125000000001,55.90625,32,64
921,8,52.03125000000001,55.90625,32,64
922,8,52.00000000000001,55.806451612903224,31,62
923,8,51.827586206896555,55.93103448275861,29,62
924,8,52.09375000000001,55.93749999999999,32,62
925,8,52.15625000000001,55.9375,32,62
926,8,52.05882352941176,55.82352941176472,34,64
927,8,52.15624999999999,55.93749999999999,32,64
928,8,52.176470588235304,55.94117647058823,34,64
929,8,52.176470588235304,55.94117647058823,34,64
930,8,52.400000000000006,55.699999999999996,30,60
931,8,52.290322580645174,55.70967741935484,31,62
932,8,52.31249999999999,55.593750000000014,32,64
933,8,52.187499999999986,55.75,32,62
934,8,52.25,55.84375000000001,32,62
935,8,52.193548387096776,55.70967741935484,31,62
936,8,52.290322580645174,55.838709677419345,31,64
937,8,52.032258064516135,55.870967741935495,31,64
938,8,52.18181818181819,55.96969696969697,33,64
939,8,52.25806451612904,55.74193548387096,31,62
940,8,52.31249999999999,55.625000000000014,32,64
941,8,52.176470588235304,55.735294117647065,34,64
942,8,51.96969696969697,55.81818181818183,33,64
943,8,51.909090909090914,55.66666666666665,33,64
944,8,51.87096774193548,55.322580645161295,31,62
945,8,51.87096774193548,55.322580645161295,31,62
946,8,51.96969696969698,55.42424242424242,33,62
947,8,52.03125000000001,55.46874999999999,32,64
948,8,52.187499999999986,55.468750000000014,32,62
949,8,52.32258064516128,55.54838709677419,31,62
950,8,52.37500000000001,55.37500000000001,32,62
951,8,52.42424242424243,55.27272727272728,33,64
952,8,52.50000000000001,55.205882352941174,34,64
953,8,52.62162162162163,55.43243243243244,37,66
954,8,52.400000000000006,55.51428571428571,35,66
955,8,52.484848484848484,55.60606060606061,33,62
956,8,52.484848484848484,55.60606060606061,33,62
957,8,52.457142857142856,55.800000000000004,35,64
958,8,52.50000000000001,56.00000000000001,34,62
959,8,52.5625,55.937499999999986,32,62
960,8,52.5625,55.937499999999986,32,62
961,8,52.6764705882353,55.735294117647044,34,66
962,8,52.65714285714285,55.80000000000001,35,66
963,8,52.81250000000001,55.53125000000001,32,62
964,8,52.909090909090914,55.545454545454554,33,62
965,8,53.03125000000001,55.53125,32,62
966,8,53.08823529411766,55.55882352941177,34,64
967,8,52.97222222222222,55.694444444444436,36,64
968,8,52.80645161290324,55.61290322580645,31,62
969,8,52.91176470588236,55.588235294117666,34,64
970,8,52.91176470588236,55.764705882352956,34,64
971,8,52.91176470588236,55.823529411764724,34,64
972,8,53.15625,55.71874999999999,32,62
973,8,52.96875,55.71875,32,64
974,8,53.28124999999999,55.56250000000001,32,62
975,8,53.31249999999999,55.15625,32,62
976,8,53.441176470588246,55.35294117647059,34,64
977,8,53.42857142857143,55.457142857142856,35,64
978,8,53.27272727272727,55.484848484848484,33,64
979,8,53.25,55.65625000000001,32,64
980,8,53.16129032258065,55.612903225806456,31,62
981,8,53.25,55.56250000000001,32,64
982,8,53.31250000000001,55.4375,32,64
983,8,53.09375000000001,55.343750000000014,32,62
984,8,53.176470588235304,55.17647058823528,34,62
985,8,53.27272727272728,55.18181818181818,33,62
986,8,53.0909090909091,55.15151515151514,33,62
987,8,53.000000000000014,55.18181818181819,33,64
988,8,52.970588235294116,54.97058823529411,34,64
989,8,53.03030303030303,54.81818181818182,33,62
990,8,52.9375,54.90625,32,64
991,8,52.87096774193548,55.12903225806453,31,64
992,8,52.80645161290323,55.322580645161295,31,64
993,8,52.687500000000014,55.43750000000001,32,64
994,8,52.45454545454545,55.424242424242415,33,66
995,8,52.676470588235304,55.55882352941176,34,64
996,8,52.88235294117648,55.5,34,64
997,8,52.70588235294118,55.44117647058823,34,64
998,8,52.727272727272734,55.33333333333334,33,64
999,8,52.909090909090914,55.24242424242424,33,62
1000,8,53.00000000000001,55.26470588235294,34,62
0,9,50.25,48.90625,32,62
1,9,50.25,48.90625,32,62
2,9,49.941176470588246,48.82352941176471,34,64
3,9,50.09375000000001,48.96875,32,62
4,9,50.352941176470594,48.941176470588225,34,66
5,9,50.156250000000014,49.18749999999999,32,64
6,9,50.14705882352941,48.8529411764706,34,66
7,9,50.02777777777779,48.91666666666668,36,64
8,9,49.8529411764706,48.91176470588236,34,64
9,9,49.80555555555556,48.72222222222223,36,66
10,9,49.82352941176471,48.558823529411775,34,64
11,9,49.77142857142857,48.62857142857143,35,64
12,9,49.84848484848485,48.787878787878796,33,64
13,9,49.757575757575765,48.63636363636364,33,64
14,9,49.82352941176471,48.50000000000001,34,64
15,9,49.852941176470594,48.47058823529411,34,64
16,9,49.88235294117648,48.41176470588234,34,64
17,9,49.787878787878796,48.454545454545446,33,62
18,9,49.666666666666664,48.42424242424242,33,62
19,9,49.71428571428573,48.400000000000006,35,64
20,9,49.70588235294118,48.5,34,62
21,9,49.70588235294118,48.5,34,62
22,9,49.60606060606061,48.515151515151516,33,62
23,9,49.57575757575758,48.42424242424242,33,62
24,9,49.57575757575758,48.42424242424242,33,62
25,9,49.50000000000001,48.5,34,64
26,9,49.42424242424243,48.57575757575758,33,62
27,9,49.5,48.62500000000001,32,62
28,9,49.78125000000001,48.43749999999999,32,64
29,9,49.75000000000001,48.46875000000001,32,62
30,9,49.84848484848486,48.42424242424243,33,64
31,9,49.75757575757576,48.36363636363637,33,64
32,9,49.909090909090914,48.45454545454545,33,62
33,9,50.00000000000001,48.5,34,62
34,9,50.062500000000014,48.46874999999999,32,64
35,9,50.03125000000001,48.49999999999999,32,64
36,9,50.0909090909091,48.42424242424242,33,66
37,9,50.176470588235304,48.382352941176464,34,66
38,9,50.176470588235304,48.382352941176464,34,66
39,9,50.11428571428572,48.31428571428572,35,66
40,9,50.21212121212122,48.545454545454554,33,62
41,9,50.3125,48.46875000000001,32,62
42,9,50.32352941176471,48.26470588235295,34,64
43,9,50.18750000000001,48.21875,32,62
44,9,50.235294117647065,48.08823529411765,34,64
45,9,50.25,48.083333333333336,36,66
46,9,50.25714285714287,48.114285714285714,35,64
47,9,50.0909090909091,48.090909090909086,33,64
48,9,50.00000000000001,48.25806451612904,31,62
49,9,50.06250000000001,48.12500000000001,32,64
50,9,50.06250000000001,48.12500000000001,32,64
51,9,50.06060606060607,48.03030303030303,33,64
52,9,50.06060606060607,48.03030303030303,33,64
53,9,49.96875000000001,48.09375,32,62
54,9,49.970588235294116,48.08823529411766,34,68
55,9,49.83870967741935,48.00000000000001,31,64
56,9,50.25806451612904,47.709677419354854,31,66
57,9,50.176470588235304,47.58823529411765,34,64
58,9,50.15625,47.65624999999999,32,62
59,9,50.28124999999999,47.56250000000001,32,62
60,9,50.12903225806452,47.41935483870968,31,62
61,9,50.10344827586208,47.51724137931034,29,60
62,9,49.939393939393945,47.42424242424242,33,64
63,9,49.90909090909091,47.515151515151516,33,64
64,9,49.90909090909091,47.515151515151516,33,64
65,9,49.8235294117647,47.500000000000014,34,64
66,9,49.71874999999999,47.56250000000001,32,64
67,9,49.62500000000001,47.71874999999999,32,62
68,9,49.45161290322581,47.74193548387096,31,64
69,9,49.21875,47.56249999999999,32,66
70,9,49.14705882352942,47.588235294117645,34,64
71,9,49.323529411764696,47.5,34,66
72,9,49.42424242424243,47.57575757575758,33,62
73,9,49.529411764705884,47.55882352941177,34,64
74,9,49.60606060606061,47.484848484848484,33,62
75,9,49.800000000000004,47.542857142857144,35,64
76,9,49.70588235294118,47.5,34,62
77,9,49.757575757575765,47.575757575757585,33,62
78,9,49.82352941176471,47.64705882352941,34,64
79,9,50.03030303030303,47.72727272727273,33,64
80,9,50.18181818181819,47.60606060606061,33,64
81,9,50.0909090909091,47.36363636363637,33,64
82,9,50.333333333333336,47.51515151515152,33,64
83,9,50.45454545454546,47.42424242424243,33,64
84,9,50.5,47.5,36,64
85,9,50.73529411764706,47.70588235294116,34,64
86,9,50.78787878787878,47.75757575757576,33,64
87,9,50.70967741935483,47.580645161290334,31,62
88,9,50.727272727272734,47.81818181818182,33,62
89,9,50.82352941176471,47.82352941176471,34,62
90,9,50.66666666666667,47.93939393939392,33,62
91,9,50.749999999999986,47.90625,32,62
92,9,50.62500000000001,48.03125,32,62
93,9,50.70967741935483,48.06451612903227,31,62
94,9,50.50000000000001,48.18749999999999,32,62
95,9,50.50000000000001,48.18749999999999,32,62
96,9,50.42424242424243,48.24242424242425,33,62
97,9,50.50000000000001,48.29411764705883,34,62
98,9,50.42424242424243,48.33333333333334,33,62
99,9,50.34375000000001,48.28125000000001,32,62
100,9,50.48484848484849,48.18181818181818,33,64
101,9,50.27272727272728,48.151515151515156,33,62
102,9,50.424242424242415,48.06060606060606,33,64
103,9,50.51612903225807,47.96774193548387,31,62
104,9,50.0909090909091,47.66666666666667,33,64
105,9,50.00000000000001,47.64705882352942,34,64
106,9,50.15625000000001,47.5625,32,62
107,9,50,47.727272727272734,33,64
108,9,50.05714285714286,47.51428571428573,35,66
109,9,50.15625,47.4375,32,64
110,9,50.03125000000001,47.71874999999999,32,64
111,9,50.133333333333326,47.50000000000001,30,62
112,9,50.166666666666664,47.49999999999999,30,64
113,9,50.32258064516128,47.48387096774193,31,64
114,9,50.25,47.53125,32,64
115,9,50.32258064516128,47.54838709677419,31,62
116,9,50.5625,47.6875,32,64
117,9,50.60606060606061,47.75757575757576,33,64
118,9,50.63636363636363,47.90909090909091,33,64
119,9,50.51515151515153,47.84848484848485,33,62
120,9,50.6969696969697,47.90909090909091,33,62
121,9,50.62500000000001,47.750000000000014,32,62
122,9,50.84848484848486,47.63636363636364,33,64
123,9,50.75000000000001,47.53125,32,62
124,9,50.71875,47.375,32,62
125,9,50.8125,47.5,32,62
126,9,50.90909090909091,47.54545454545455,33,64
127,9,50.676470588235304,47.352941176470594,34,64
128,9,51.00000000000001,47.5,34,62
129,9,50.909090909090914,47.36363636363637,33,64
130,9,50.84375000000001,47.4375,32,62
131,9,50.84375000000001,47.4375,32,62
132,9,50.71875,47.28125,32,64
133,9,50.709677419354854,47.12903225806451,31,62
134,9,50.903225806451616,47.16129032258065,31,62
135,9,51.00000000000001,47.171428571428564,35,64
136,9,50.94285714285714,47.00000000000001,35,64
137,9,51.114285714285714,46.94285714285714,35,64
138,9,51.03030303030303,47.2121212121212,33,64
139,9,51.15625000000001,47.37500000000001,32,60
140,9,51.24242424242425,47.42424242424243,33,62
141,9,51.27272727272726,47.606060606060616,33,64
142,9,51.12500000000001,47.53125,32,62
143,9,51.27272727272728,47.363636363636374,33,62
144,9,51.12121212121212,47.393939393939384,33,64
145,9,51.37500000000001,47.37500000000001,32,62
146,9,51.34375,47.18749999999999,32,64
147,9,51.48484848484849,47.15151515151515,33,62
148,9,51.38235294117648,47.088235294117645,34,66
149,9,51.36363636363637,47.18181818181817,33,64
150,9,51.36363636363637,47.18181818181817,33,64
151,9,51.25,47.28125,32,62
152,9,51.25,47.28125,32,62
153,9,51.235294117647065,47.08823529411765,34,64
154,9,51.0909090909091,47.212121212121204,33,62
155,9,51.18750000000001,47.18750000000001,32,62
156,9,51.18750000000001,47.18750000000001,32,62
157,9,51.228571428571435,47.08571428571429,35,64
158,9,51.483870967741936,46.96774193548387,31,62
159,9,51.46875000000001,47.0625,32,62
160,9,51.56250000000001,46.875,32,64
161,9,51.34375000000001,46.875,32,64
162,9,51.25,46.8125,32,62
163,9,51.352941176470594,46.64705882352941,34,64
164,9,51.352941176470594,46.64705882352941,34,64
165,9,51.44117647058823,46.67647058823528,34,66
166,9,51.6875,46.68750000000001,32,64
167,9,51.45161290322581,46.80645161290323,31,62
168,9,51.35483870967742,46.7741935483871,31,62
169,9,51.303030303030305,46.57575757575758,33,64
170,9,51.54545454545454,46.51515151515153,33,66
171,9,51.727272727272734,46.57575757575757,33,64
172,9,51.60000000000001,46.68571428571428,35,64
173,9,51.50000000000001,46.705882352941174,34,62
174,9,51.50000000000001,46.705882352941174,34,62
175,9,51.5,46.5,32,60
176,9,51.65625000000001,46.375,32,62
177,9,51.63636363636363,46.48484848484848,33,64
178,9,51.65625000000001,46.375,32,62
179,9,51.57575757575758,46.42424242424242,33,62
180,9,51.65625000000001,46.375,32,62
181,9,51.57575757575758,46.42424242424242,33,62
182,9,51.5625,46.65624999999999,32,62
183,9,51.5625,46.65624999999999,32,62
184,9,51.741935483870975,46.45161290322581,31,62
185,9,51.787878787878796,46.54545454545455,33,62
186,9,51.727272727272734,46.24242424242425,33,64
187,9,51.727272727272734,46.18181818181819,33,62
188,9,51.666666666666664,46.21212121212121,33,64
189,9,51.727272727272734,46.121212121212125,33,64
190,9,51.71875,46.21875,32,62
191,9,51.424242424242415,46.27272727272727,33,66
192,9,51.218749999999986,46.562499999999986,32,64
193,9,51.375000000000014,46.5,32,62
194,9,51.49999999999999,46.61764705882353,34,66
195,9,51.333333333333336,46.39393939393939,33,64
196,9,51.34375000000001,46.375,32,62
197,9,51.3125,46.437499999999986,32,62
198,9,51.20588235294119,46.5,34,66
199,9,51.05882352941176,46.41176470588235,34,66
200,9,51.235294117647065,46.55882352941178,34,64
201,9,51.46875000000001,46.68749999999999,32,62
202,9,51.45161290322581,46.58064516129033,31,60
203,9,51.55882352941176,46.32352941176471,34,64
204,9,51.57575757575758,46.42424242424242,33,62
205,9,51.5,46.375,32,62
206,9,51.6764705882353,46.38235294117647,34,64
207,9,51.60606060606061,46.333333333333336,33,64
208,9,51.741935483870975,46.451612903225815,31,62
209,9,52.032258064516135,46.387096774193544,31,64
210,9,52.06451612903226,46.54838709677419,31,62
211,9,52.0909090909091,46.424242424242415,33,64
212,9,51.909090909090914,46.575757575757585,33,64
213,9,51.78787878787879,46.84848484848485,33,64
214,9,51.911764705882355,46.6764705882353,34,66
215,9,51.84375000000001,46.65625,32,62
216,9,51.87500000000001,46.84374999999999,32,64
217,9,51.71875000000001,46.90625,32,64
218,9,51.6969696969697,46.93939393939394,33,64
219,9,51.749999999999986,47.031249999999986,32,62
220,9,51.60606060606061,47.030303030303024,33,64
221,9,51.74193548387097,46.90322580645161,31,62
222,9,51.7741935483871,46.774193548387096,31,62
223,9,51.64705882352942,46.91176470588235,34,64
224,9,51.50000000000001,46.875,32,62
225,9,51.50000000000001,46.875,32,62
226,9,51.545454545454554,46.787878787878796,33,62
227,9,51.545454545454554,46.787878787878796,33,62
228,9,51.42424242424243,46.666666666666664,33,62
229,9,51.42424242424243,46.666666666666664,33,62
230,9,51.38235294117647,46.70588235294118,34,64
231,9,51.66666666666667,46.93939393939392,33,62
232,9,51.818181818181806,46.96969696969697,33,62
233,9,51.735294117647065,46.999999999999986,34,62
234,9,51.735294117647065,46.999999999999986,34,62
235,9,51.583333333333336,47.083333333333336,36,66
236,9,51.58823529411766,47,34,64
237,9,51.66666666666667,46.93939393939392,33,62
238,9,51.57575757575758,47.030303030303045,33,64
239,9,51.63636363636363,46.78787878787879,33,64
240,9,51.645161290322584,46.58064516129033,31,62
241,9,51.67741935483871,46.645161290322584,31,62
242,9,51.5625,46.62500000000001,32,66
243,9,51.24242424242425,46.69696969696969,33,64
244,9,51.235294117647065,46.73529411764706,34,64
245,9,51.181818181818194,46.81818181818183,33,64
246,9,51.088235294117645,46.735294117647065,34,64
247,9,51.12500000000001,46.78124999999999,32,62
248,9,51.06666666666667,46.8,30,62
249,9,51.18750000000001,46.5,32,64
250,9,51.21212121212122,46.57575757575758,33,64
251,9,51.26470588235295,46.64705882352941,34,64
252,9,51.51515151515152,46.36363636363636,33,64
253,9,51.2,46.542857142857144,35,64
254,9,51.18750000000001,46.40624999999999,32,64
255,9,51.25,46.28125,32,62
256,9,51.38235294117648,46.32352941176472,34,64
257,9,51.42424242424242,46.39393939393939,33,64
258,9,51.27272727272728,46.33333333333334,33,64
259,9,51.39393939393939,46.333333333333336,33,64
260,9,51.44444444444444,46.166666666666664,36,66
261,9,51.37499999999999,46.09375,32,64
262,9,51.333333333333336,46.18181818181817,33,64
263,9,51.058823529411775,46.352941176470594,34,64
264,9,51.171428571428585,46.31428571428572,35,66
265,9,51.19444444444446,46.38888888888889,36,66
266,9,51.27272727272726,46.24242424242424,33,64
267,9,51.375000000000014,46.09374999999999,32,66
268,9,51.57575757575758,46.090909090909086,33,64
269,9,51.62500000000001,46.31250000000001,32,64
270,9,51.65625000000001,46.37500000000001,32,64
271,9,51.61290322580645,46.45161290322581,31,62
272,9,51.6875,46.5,32,64
273,9,51.566666666666684,46.46666666666667,30,62
274,9,51.36666666666666,46.53333333333333,30,64
275,9,51.4848484848485,46.54545454545455,33,66
276,9,51.46875000000001,46.53125,32,64
277,9,51.46875000000001,46.53125,32,64
278,9,51.46875000000001,46.53125,32,64
279,9,51.625,46.5,32,62
280,9,51.55882352941177,46.55882352941176,34,64
281,9,51.70588235294118,46.5,34,62
282,9,51.70588235294118,46.5,34,62
283,9,51.71428571428573,46.82857142857143,35,64
284,9,51.676470588235304,46.91176470588234,34,64
285,9,51.81250000000001,47,32,62
286,9,51.84848484848486,46.909090909090914,33,62
287,9,51.84848484848486,46.909090909090914,33,62
288,9,52.000000000000014,47,33,64
289,9,51.9090909090909,46.84848484848485,33,62
290,9,51.96969696969697,46.78787878787878,33,64
291,9,51.96875,46.906249999999986,32,62
292,9,51.96875,46.906249999999986,32,62
293,9,51.9090909090909,46.84848484848485,33,62
294,9,52.0625,47.06249999999999,32,62
295,9,52.0625,47.06249999999999,32,62
296,9,52.15151515151515,47.090909090909086,33,62
297,9,52.0625,47.125,32,62
298,9,51.999999999999986,47,35,64
299,9,52.05882352941177,47.05882352941177,34,64
300,9,52.18750000000001,47.0625,32,64
301,9,52.18750000000001,47.0625,32,64
302,9,52.264705882352935,47.17647058823528,34,64
303,9,52.42424242424243,46.848484848484844,33,64
304,9,52.45454545454546,46.787878787878796,33,62
305,9,52.46875000000001,46.68749999999999,32,62
306,9,52.24242424242425,46.575757575757585,33,62
307,9,52.32352941176471,46.64705882352942,34,64
308,9,52.352941176470594,46.558823529411775,34,64
309,9,52.333333333333336,46.42424242424242,33,62
310,9,52.51612903225807,46.58064516129032,31,64
311,9,52.406250000000014,46.5625,32,64
312,9,52.43750000000001,46.43749999999999,32,62
313,9,52.3125,46.46875000000001,32,62
314,9,52.15151515151515,46.4848484848485,33,62
315,9,52.058823529411754,46.55882352941177,34,64
316,9,52.058823529411754,46.55882352941177,34,64
317,9,52.08823529411766,46.735294117647065,34,64
318,9,52.242424242424235,46.63636363636363,33,64
319,9,52.323529411764696,46.67647058823529,34,64
320,9,52.000000000000014,46.645161290322584,31,64
321,9,51.90625,46.75000000000001,32,64
322,9,51.806451612903224,46.7741935483871,31,64
323,9,51.93548387096775,46.70967741935483,31,64
324,9,51.90322580645162,46.58064516129031,31,64
325,9,52.00000000000001,46.67741935483872,31,62
326,9,52.05882352941176,46.67647058823528,34,64
327,9,51.875000000000014,46.78124999999999,32,64
328,9,51.875,46.937499999999986,32,64
329,9,51.941176470588246,46.82352941176471,34,64
330,9,52.12500000000002,46.625,32,64
331,9,51.90624999999999,46.4375,32,64
332,9,52.03333333333334,46.53333333333334,30,62
333,9,51.96875,46.46874999999999,32,64
334,9,51.96875,46.46874999999999,32,64
335,9,51.96969696969697,46.36363636363637,33,66
336,9,52.029411764705884,46.32352941176471,34,64
337,9,51.875,46.18749999999999,32,62
338,9,51.76470588235294,46.32352941176472,34,64
339,9,51.62857142857143,46.57142857142858,35,64
340,9,51.70588235294118,46.5,34,62
341,9,51.75000000000001,46.375,32,62
342,9,51.70588235294118,46.38235294117647,34,64
343,9,51.666666666666664,46.303030303030305,33,64
344,9,51.78125,46.18749999999999,32,62
345,9,51.676470588235304,46.08823529411765,34,64
346,9,51.676470588235304,46.08823529411765,34,64
347,9,51.81250000000001,45.99999999999999,32,62
348,9,51.87096774193548,45.935483870967744,31,62
349,9,52.00000000000001,45.806451612903224,31,62
350,9,52.03125000000001,45.90625000000001,32,62
351,9,52.15151515151515,45.72727272727273,33,62
352,9,52.15151515151515,45.72727272727273,33,62
353,9,52.2258064516129,45.74193548387095,31,64
354,9,52.56666666666667,45.900000000000006,30,62
355,9,52.093750000000014,45.46874999999999,32,64
356,9,52.121212121212125,45.393939393939384,33,64
357,9,52.21875,45.46874999999999,32,62
358,9,52.25806451612904,45.64516129032259,31,64
359,9,52.25,45.75,32,64
360,9,52.15625000000001,45.625,32,64
361,9,52.15625000000001,45.625,32,64
362,9,52.15151515151515,45.72727272727272,33,64
363,9,52.000000000000014,45.72727272727274,33,64
364,9,52.0909090909091,45.84848484848486,33,64
365,9,52.393939393939384,45.87878787878788,33,66
366,9,52.26666666666667,45.63333333333334,30,60
367,9,52.32258064516129,45.774193548387096,31,62
368,9,52.27272727272726,45.757575757575744,33,64
369,9,52.26666666666667,45.800000000000004,30,60
370,9,52.062500000000014,45.8125,32,64
371,9,52.15625,45.93750000000001,32,64
372,9,52.03125000000001,46.000000000000014,32,64
373,9,52.0909090909091,45.939393939393945,33,64
374,9,51.909090909090914,45.75757575757577,33,62
375,9,52.093750000000014,45.75,32,62
376,9,51.727272727272734,45.63636363636364,33,62
377,9,51.90624999999999,45.75000000000001,32,62
378,9,51.81818181818182,45.72727272727273,33,62
379,9,51.90624999999999,45.68749999999999,32,62
380,9,52,45.81249999999999,32,62
381,9,51.99999999999999,45.73529411764706,34,64
382,9,52.08571428571429,45.74285714285714,35,66
383,9,51.91176470588236,45.6470588235294,34,66
384,9,52.0909090909091,45.4848484848485,33,66
385,9,52.00000000000001,45.468750000000014,32,66
386,9,51.96875,45.62499999999999,32,66
387,9,51.81250000000001,45.687499999999986,32,64
388,9,51.645161290322584,45.58064516129033,31,62
389,9,51.43750000000001,45.56249999999999,32,62
390,9,51.411764705882355,45.5,34,64
391,9,51.51428571428572,45.51428571428571,35,66
392,9,51.757575757575765,45.42424242424243,33,62
393,9,51.78787878787879,45.24242424242425,33,64
394,9,51.75,45.09375,32,64
395,9,52.00000000000001,45.26470588235294,34,62
396,9,52.00000000000001,45.26470588235294,34,62
397,9,51.82857142857143,45.31428571428572,35,64
398,9,51.82857142857143,45.31428571428572,35,64
399,9,51.82352941176472,45.23529411764706,34,64
400,9,51.96969696969698,45.33333333333335,33,64
401,9,51.906250000000014,45.40625,32,64
402,9,51.80645161290324,45.38709677419355,31,64
403,9,51.70588235294118,45.44117647058823,34,64
404,9,51.39393939393939,45.54545454545455,33,64
405,9,51.294117647058826,45.55882352941177,34,64
406,9,51.46875000000001,45.56249999999999,32,62
407,9,51.39393939393939,45.63636363636364,33,64
408,9,51.43750000000001,45.71875,32,62
409,9,51.20588235294118,45.91176470588235,34,64
410,9,51.242424242424235,45.81818181818182,33,64
411,9,51.15151515151515,45.84848484848485,33,62
412,9,51.06060606060606,46,33,64
413,9,50.941176470588246,45.82352941176471,34,66
414,9,50.76470588235294,45.85294117647058,34,66
415,9,50.77142857142858,46,35,64
416,9,50.77142857142858,46,35,64
417,9,50.78787878787879,46.151515151515156,33,64
418,9,50.78787878787879,46.151515151515156,33,64
419,9,50.78787878787879,46.151515151515156,33,64
420,9,50.727272727272734,46,33,64
421,9,50.70588235294118,45.97058823529412,34,64
422,9,50.61764705882354,46.08823529411766,34,64
423,9,50.757575757575765,46.21212121212121,33,64
424,9,50.70588235294118,46.1470588235294,34,64
425,9,50.666666666666664,46.24242424242424,33,62
426,9,50.60606060606061,46.33333333333334,33,64
427,9,50.6969696969697,46.54545454545455,33,64
428,9,50.78125,46.46875000000001,32,62
429,9,50.84848484848485,46.51515151515152,33,64
430,9,50.9375,46.46875,32,64
431,9,50.9090909090909,46.606060606060595,33,64
432,9,50.9090909090909,46.606060606060595,33,64
433,9,50.827586206896555,46.58620689655173,29,62
434,9,50.827586206896555,46.65517241379311,29,64
435,9,50.666666666666664,46.9,30,64
436,9,50.645161290322584,47.06451612903225,31,64
437,9,50.5,47.20000000000001,30,62
438,9,50.5483870967742,47.09677419354839,31,64
439,9,50.466666666666676,47.03333333333334,30,62
440,9,50.483870967741936,46.903225806451616,31,64
441,9,50.46875000000001,46.96875,32,62
442,9,50.545454545454554,46.787878787878796,33,62
443,9,50.25806451612904,46.67741935483871,31,62
444,9,50.24242424242425,46.63636363636364,33,64
445,9,50.32352941176471,46.64705882352941,34,64
446,9,50.46875000000001,46.75000000000001,32,62
447,9,50.51515151515153,46.60606060606061,33,62
448,9,50.62857142857143,46.77142857142857,35,64
449,9,50.70588235294118,46.823529411764696,34,64
450,9,50.75757575757577,46.90909090909092,33,62
451,9,50.6764705882353,46.823529411764696,34,64
452,9,50.63636363636363,46.72727272727271,33,62
453,9,50.575757575757585,46.69696969696969,33,64
454,9,50.5625,46.8125,32,62
455,9,50.57575757575758,46.545454545454554,33,64
456,9,50.41176470588235,46.67647058823529,34,64
457,9,50.393939393939384,46.787878787878796,33,64
458,9,50.45161290322581,46.58064516129033,31,60
459,9,50.45161290322581,46.58064516129033,31,60
460,9,50.25806451612904,46.64516129032259,31,60
461,9,50.484848484848484,47.090909090909086,33,62
462,9,50.5,47.1875,32,62
463,9,50.75757575757576,47.303030303030305,33,66
464,9,50.50000000000001,46.999999999999986,32,62
465,9,50.50000000000001,46.999999999999986,32,62
466,9,50.59375000000001,46.96875000000001,32,62
467,9,50.63333333333334,46.96666666666666,30,60
468,9,50.96666666666667,46.86666666666667,30,64
469,9,50.96875,47.00000000000001,32,64
470,9,50.96969696969697,47.090909090909086,33,64
471,9,51.0625,47.15625000000001,32,62
472,9,51.1,47.36666666666667,30,60
473,9,50.96666666666667,47.333333333333336,30,62
474,9,51.032258064516135,47.41935483870969,31,62
475,9,51.0909090909091,47.484848484848484,33,62
476,9,51.12903225806451,47.38709677419355,31,64
477,9,51.03030303030303,47.515151515151516,33,64
478,9,51.05882352941176,47.470588235294116,34,64
479,9,51,47.3939393939394,33,64
480,9,51.06060606060606,47.33333333333333,33,64
481,9,51.06060606060606,47.33333333333333,33,64
482,9,51.15151515151515,47.51515151515152,33,62
483,9,51.27272727272728,47.63636363636364,33,62
484,9,51.27272727272728,47.63636363636364,33,62
485,9,51.11428571428572,47.742857142857154,35,64
486,9,50.91176470588236,47.79411764705883,34,64
487,9,51.02857142857144,48.171428571428564,35,64
488,9,51.212121212121204,48.151515151515156,33,64
489,9,51.2258064516129,48.16129032258064,31,62
490,9,51.187499999999986,48.3125,32,62
491,9,51.27272727272726,48.36363636363637,33,64
492,9,51.12121212121213,48.12121212121212,33,66
493,9,51.0909090909091,48.303030303030305,33,62
494,9,51.0909090909091,48.303030303030305,33,62
495,9,51.11764705882353,48.23529411764705,34,64
496,9,51.17142857142857,48.31428571428572,35,64
497,9,51.13888888888889,48.38888888888889,36,64
498,9,51.21212121212122,48.42424242424242,33,64
499,9,51.18750000000001,48.50000000000001,32,64
500,9,50.852941176470594,48.55882352941177,34,64
501,9,50.99999999999999,48.68749999999999,32,64
502,9,51.03030303030303,48.60606060606061,33,64
503,9,51.03030303030303,48.60606060606061,33,64
504,9,51.25,48.56250000000001,32,64
505,9,51.27272727272728,48.63636363636364,33,62
506,9,51.48484848484849,48.6969696969697,33,64
507,9,51.33333333333334,48.606060606060616,33,64
508,9,51.33333333333334,48.545454545454554,33,64
509,9,51.3225806451613,48.54838709677419,31,62
510,9,51.37500000000001,48.50000000000001,32,64
511,9,51.59375000000001,48.53125,32,64
512,9,51.39393939393939,48.393939393939405,33,64
513,9,51.5,48.599999999999994,30,62
514,9,51.63333333333333,48.83333333333334,30,62
515,9,51.45454545454547,48.66666666666667,33,66
516,9,51.40625,48.65625,32,64
517,9,51.25,48.84374999999999,32,66
518,9,51.26470588235294,48.852941176470594,34,66
519,9,51.17142857142857,48.68571428571429,35,64
520,9,51.235294117647065,48.61764705882353,34,64
521,9,50.97058823529412,48.558823529411775,34,64
522,9,50.87878787878788,48.606060606060616,33,64
523,9,51.11764705882353,48.5,34,64
524,9,50.90000000000001,48.56666666666666,30,62
525,9,50.75,48.40625,32,64
526,9,50.82352941176471,48.50000000000001,34,64
527,9,50.8125,48.5,32,62
528,9,50.757575757575765,48.42424242424243,33,62
529,9,50.757575757575765,48.42424242424243,33,62
530,9,50.757575757575765,48.575757575757585,33,62
531,9,50.878787878787875,48.696969696969695,33,64
532,9,50.78125,48.65625,32,62
533,9,50.757575757575765,48.757575757575765,33,64
534,9,50.70588235294118,48.73529411764706,34,64
535,9,50.84375000000001,48.81249999999999,32,62
536,9,50.84848484848486,48.909090909090914,33,62
537,9,50.727272727272734,49.00000000000001,33,64
538,9,50.88888888888889,48.777777777777786,36,66
539,9,50.82352941176471,48.58823529411766,34,64
540,9,50.62500000000001,48.59375000000001,32,64
541,9,50.51612903225807,48.64516129032259,31,60
542,9,50.58823529411766,48.529411764705884,34,64
543,9,50.5625,48.75000000000001,32,62
544,9,50.352941176470594,48.735294117647065,34,64
545,9,50.3125,48.84374999999999,32,64
546,9,50.39393939393939,48.81818181818181,33,64
547,9,50.50000000000001,48.593749999999986,32,64
548,9,50.6,48.7,30,62
549,9,50.548387096774206,48.83870967741935,31,62
550,9,50.548387096774206,48.83870967741935,31,62
551,9,50.656250000000014,48.84375,32,62
552,9,50.633333333333354,48.7,30,62
553,9,50.51724137931036,48.6551724137931,29,60
554,9,50.39999999999999,48.66666666666666,30,62
555,9,50.45161290322581,48.70967741935483,31,64
556,9,50.40624999999999,48.78125000000001,32,64
557,9,50.5625,48.78125000000001,32,64
558,9,50.67741935483871,48.80645161290323,31,62
559,9,50.758620689655174,48.862068965517246,29,62
560,9,50.66666666666668,48.93333333333334,30,64
561,9,50.516129032258064,49.19354838709677,31,64
562,9,50.24242424242424,49.09090909090908,33,62
563,9,50.14705882352941,49.05882352941176,34,64
564,9,50.303030303030305,49.42424242424243,33,64
565,9,50.28124999999999,49.34375000000001,32,62
566,9,50.303030303030305,49.242424242424256,33,62
567,9,50.29411764705882,49.352941176470594,34,64
568,9,50.352941176470594,49.14705882352941,34,64
569,9,50.42424242424243,49.06060606060608,33,62
570,9,50.50000000000001,48.99999999999999,32,62
571,9,50.51612903225807,49.096774193548384,31,62
572,9,50.38709677419356,49.25806451612904,31,60
573,9,50.39393939393939,48.999999999999986,33,64
574,9,50.133333333333326,49.133333333333326,30,64
575,9,50.193548387096776,49.09677419354839,31,64
576,9,50.3125,49.25,32,64
577,9,50.3125,49.25,32,64
578,9,50.29032258064515,49.354838709677416,31,62
579,9,50.25,49.28125,32,62
580,9,50.34375000000001,49.40624999999999,32,62
581,9,50.56250000000001,49.53124999999999,32,64
582,9,50.27272727272726,49.48484848484849,33,64
583,9,50.187499999999986,49.46875000000001,32,64
584,9,49.96969696969697,49.515151515151516,33,64
585,9,50.00000000000001,49.4375,32,62
586,9,49.852941176470594,49.41176470588234,34,64
587,9,49.81250000000001,49.50000000000001,32,62
588,9,49.91176470588236,49.294117647058826,34,66
589,9,49.9375,49.34374999999999,32,64
590,9,49.80645161290324,49.38709677419356,31,62
591,9,49.741935483870975,49.61290322580646,31,60
592,9,49.65625000000001,49.6875,32,62
593,9,49.875000000000014,49.46875000000001,32,64
594,9,50.03333333333334,49.4,30,62
595,9,49.93333333333333,49.36666666666667,30,62
596,9,49.84848484848484,49.24242424242425,33,66
597,9,49.74193548387096,49.25806451612904,31,62
598,9,49.77142857142858,49.085714285714275,35,64
599,9,49.88235294117648,49.147058823529406,34,66
600,9,49.99999999999999,49.303030303030305,33,64
601,9,49.76666666666666,49.300000000000004,30,62
602,9,49.741935483870975,48.9032258064516,31,62
603,9,49.81250000000001,48.99999999999999,32,64
604,9,49.81250000000001,48.99999999999999,32,64
605,9,49.81818181818183,48.93939393939394,33,64
606,9,49.81250000000001,48.84375,32,64
607,9,49.87878787878788,48.66666666666667,33,64
608,9,49.84375000000001,48.5625,32,62
609,9,50.00000000000001,48.5,34,62
610,9,49.96969696969698,48.575757575757585,33,62
611,9,50.181818181818194,48.575757575757564,33,64
612,9,50.31250000000001,48.8125,32,64
613,9,50.387096774193544,48.838709677419345,31,62
614,9,50.387096774193544,48.838709677419345,31,62
615,9,50.23333333333333,48.966666666666676,30,64
616,9,50.36666666666666,49,30,62
617,9,50.58064516129032,49.032258064516135,31,64
618,9,50.58064516129032,49.032258064516135,31,64
619,9,50.69696969696971,49.151515151515156,33,64
620,9,50.65625000000001,49.0625,32,64
621,9,50.60606060606061,49,33,64
622,9,50.60606060606061,49,33,64
623,9,50.484848484848484,49.03030303030303,33,64
624,9,50.28124999999999,49.125,32,64
625,9,50.483870967741936,48.83870967741936,31,64
626,9,50.43749999999999,48.74999999999999,32,64
627,9,50.483870967741936,48.645161290322584,31,60
628,9,50.46875000000001,48.53124999999999,32,62
629,9,50.393939393939384,48.60606060606061,33,64
630,9,50.36666666666667,48.66666666666668,30,62
631,9,50.36666666666667,48.66666666666668,30,62
632,9,50.43333333333334,48.466666666666654,30,60
633,9,50.37500000000001,48.375,32,64
634,9,50.40624999999999,48.406250000000014,32,64
635,9,50.41935483870969,48.51612903225805,31,62
636,9,50.45454545454546,48.787878787878796,33,62
637,9,50.45454545454546,48.787878787878796,33,62
638,9,50.45454545454546,48.787878787878796,33,62
639,9,50.58823529411766,48.88235294117647,34,64
640,9,50.68571428571429,48.91428571428571,35,64
641,9,50.81818181818182,49.21212121212121,33,64
642,9,50.65625000000001,49.24999999999999,32,64
643,9,50.50000000000001,49.199999999999996,30,60
644,9,50.387096774193544,49.225806451612904,31,62
645,9,50.34375000000001,49.093750000000014,32,62
646,9,50.42424242424243,49.15151515151516,33,64
647,9,50.33333333333334,48.93333333333333,30,62
648,9,50.212121212121204,48.90909090909091,33,62
649,9,50.176470588235304,48.82352941176471,34,62
650,9,50.176470588235304,48.82352941176471,34,62
651,9,50.15625000000001,48.8125,32,62
652,9,50.27272727272728,48.81818181818182,33,62
653,9,50.437500000000014,48.687500000000014,32,64
654,9,50.36666666666667,48.800000000000004,30,62
655,9,50.43750000000001,49.125,32,64
656,9,50.5483870967742,49.0967741935484,31,62
657,9,50.46875000000001,48.90625,32,64
658,9,50.47058823529412,48.94117647058823,34,64
659,9,50.36363636363636,49,33,64
660,9,50.176470588235304,49.05882352941177,34,64
661,9,50.15624999999999,49.06250000000001,32,64
662,9,49.9375,49.21874999999999,32,62
663,9,49.81249999999999,49.125,32,64
664,9,49.74193548387097,49.19354838709677,31,62
665,9,49.93548387096775,49.29032258064515,31,62
666,9,49.9375,49.375,32,62
667,9,50.187499999999986,49.53125,32,62
668,9,50.187499999999986,49.53125,32,62
669,9,50.58064516129032,49.741935483870975,31,62
670,9,50.53125,49.65625000000001,32,62
671,9,50.53125,49.65625000000001,32,62
672,9,50.60606060606061,49.78787878787879,33,66
673,9,50.53125,49.65625000000001,32,62
674,9,50.53125,49.65625000000001,32,62
675,9,50.533333333333346,49.733333333333334,30,62
676,9,50.56666666666667,49.93333333333334,30,64
677,9,50.56250000000001,49.99999999999999,32,64
678,9,50.45161290322581,50.064516129032256,31,62
679,9,50.38709677419356,50.00000000000001,31,62
680,9,50.46875000000001,49.875,32,66
681,9,50.451612903225815,50.16129032258064,31,62
682,9,50.451612903225815,50.16129032258064,31,62
683,9,50.50000000000001,50,34,62
684,9,50.545454545454554,50.090909090909086,33,62
685,9,50.45454545454546,49.909090909090914,33,62
686,9,50.37500000000001,49.84375000000001,32,60
687,9,50.19354838709677,49.74193548387096,31,62
688,9,50.37500000000001,49.625,32,62
689,9,50.51515151515152,49.727272727272705,33,64
690,9,50.53125000000001,49.84374999999999,32,62
691,9,50.451612903225815,50.12903225806452,31,62
692,9,50.53333333333334,50.06666666666666,30,60
693,9,50.46875,50.09375,32,64
694,9,50.28125,50.3125,32,62
695,9,50.34375000000001,50.093750000000014,32,62
696,9,50.314285714285724,49.91428571428571,35,64
697,9,50.303030303030305,50.00000000000001,33,64
698,9,50.114285714285714,50.114285714285735,35,64
699,9,50.08571428571429,50.028571428571425,35,66
700,9,50.11764705882353,49.941176470588225,34,64
701,9,50.08823529411766,49.764705882352956,34,64
702,9,50.000000000000014,49.72727272727274,33,64
703,9,49.91176470588236,49.735294117647065,34,64
704,9,49.91176470588236,49.735294117647065,34,64
705,9,49.90322580645161,49.5483870967742,31,62
706,9,49.87878787878788,49.636363636363626,33,64
707,9,49.787878787878796,49.454545454545446,33,62
708,9,49.93939393939394,49.42424242424243,33,64
709,9,49.937500000000014,49.31250000000001,32,62
710,9,50.00000000000001,49.18181818181818,33,64
711,9,49.96969696969697,48.939393939393945,33,64
712,9,49.75757575757577,48.90909090909092,33,62
713,9,49.78125,48.99999999999999,32,62
714,9,49.78125000000001,48.93749999999999,32,64
715,9,49.794117647058826,48.70588235294117,34,64
716,9,49.57575757575758,48.666666666666664,33,64
717,9,49.62857142857143,49,35,64
718,9,49.90322580645162,48.87096774193548,31,62
719,9,49.749999999999986,48.96875,32,62
720,9,49.6774193548387,49.032258064516135,31,62
721,9,49.575757575757585,48.878787878787875,33,64
722,9,49.25806451612904,48.903225806451616,31,64
723,9,49.37500000000001,48.96874999999999,32,64
724,9,49.26470588235294,49.088235294117645,34,64
725,9,49.32352941176471,49.08823529411765,34,66
726,9,49.235294117647065,49.1764705882353,34,64
727,9,49.06451612903226,49.35483870967742,31,62
728,9,49.00000000000001,49.28125000000001,32,62
729,9,48.82352941176471,49.1764705882353,34,64
730,9,48.96969696969698,49.18181818181817,33,62
731,9,48.94117647058824,49.08823529411765,34,64
732,9,48.85714285714287,49.028571428571425,35,66
733,9,48.81250000000001,49.28125,32,62
734,9,48.75000000000001,49.46875000000001,32,62
735,9,48.67741935483872,49.41935483870969,31,62
736,9,48.78125000000001,49.37500000000001,32,64
737,9,48.666666666666664,49.36363636363636,33,66
738,9,48.87878787878788,49.09090909090909,33,64
739,9,48.75000000000001,48.93750000000001,32,62
740,9,48.84848484848486,48.909090909090914,33,62
741,9,48.84848484848486,48.909090909090914,33,62
742,9,48.676470588235304,49.029411764705884,34,66
743,9,48.666666666666664,48.878787878787875,33,64
744,9,48.941176470588246,48.94117647058824,34,64
745,9,48.885714285714286,48.942857142857136,35,64
746,9,48.885714285714286,48.885714285714286,35,64
747,9,48.885714285714286,48.885714285714286,35,64
748,9,48.84848484848486,48.666666666666664,33,64
749,9,48.87500000000001,48.56249999999999,32,62
750,9,48.87500000000001,48.56249999999999,32,62
751,9,48.87878787878788,48.666666666666664,33,64
752,9,48.937500000000014,48.750000000000014,32,62
753,9,48.969696969696976,48.84848484848486,33,64
754,9,49.25,48.84375000000001,32,64
755,9,49.2258064516129,48.741935483870975,31,62
756,9,49.393939393939384,48.81818181818183,33,64
757,9,49.606060606060616,48.81818181818182,33,64
758,9,49.48484848484849,48.84848484848486,33,62
759,9,49.303030303030305,48.757575757575765,33,62
760,9,49.19354838709677,48.80645161290323,31,62
761,9,49.09677419354837,48.87096774193548,31,64
762,9,49.125,48.96875,32,64
763,9,48.970588235294116,49.02941176470588,34,64
764,9,48.970588235294116,48.852941176470594,34,64
765,9,48.96875,48.71875,32,62
766,9,48.91176470588235,48.67647058823529,34,64
767,9,48.82352941176471,48.82352941176471,34,62
768,9,48.84848484848486,48.909090909090914,33,62
769,9,48.84848484848486,48.909090909090914,33,62
770,9,48.77142857142858,48.914285714285704,35,64
771,9,48.88235294117647,48.64705882352941,34,64
772,9,49.00000000000001,48.77142857142859,35,64
773,9,49.0909090909091,48.69696969696969,33,64
774,9,49.068965517241374,48.51724137931034,29,62
775,9,49.34375000000001,48.71875,32,64
776,9,49.5483870967742,48.35483870967743,31,62
777,9,49.5483870967742,48.35483870967743,31,62
778,9,49.58064516129032,48.322580645161295,31,62
779,9,49.70967741935483,48.22580645161292,31,64
780,9,49.84375000000001,48.343750000000014,32,62
781,9,49.75757575757577,48.33333333333334,33,62
782,9,49.75757575757577,48.33333333333334,33,62
783,9,49.6764705882353,48.61764705882352,34,64
784,9,49.60606060606061,48.66666666666666,33,64
785,9,49.5625,48.781249999999986,32,62
786,9,49.52941176470589,48.73529411764706,34,64
787,9,49.36363636363636,48.84848484848486,33,64
788,9,49.43333333333334,48.9,30,64
789,9,49.50000000000001,48.906249999999986,32,62
790,9,49.575757575757585,48.93939393939392,33,62
791,9,49.50000000000001,49.00000000000001,34,62
792,9,49.787878787878796,48.81818181818182,33,64
793,9,49.77142857142857,48.71428571428571,35,66
794,9,49.82352941176471,48.617647058823536,34,64
795,9,49.82352941176471,48.617647058823536,34,64
796,9,49.875000000000014,48.46875,32,62
797,9,49.84375000000001,48.625000000000014,32,60
798,9,49.909090909090914,48.69696969696971,33,62
799,9,49.885714285714286,48.74285714285715,35,64
800,9,49.909090909090914,48.75757575757577,33,62
801,9,50.00000000000001,48.71874999999999,32,62
802,9,50.06451612903226,48.64516129032259,31,60
803,9,50.06060606060607,48.63636363636363,33,64
804,9,50.12499999999999,48.56249999999999,32,64
805,9,49.96969696969697,48.484848484848484,33,64
806,9,50.00000000000002,48.838709677419345,31,62
807,9,50.062500000000014,48.781249999999986,32,62
808,9,50.062500000000014,48.781249999999986,32,62
809,9,49.96969696969698,48.81818181818182,33,62
810,9,49.96969696969698,48.81818181818182,33,62
811,9,50.00000000000001,48.91176470588235,34,64
812,9,49.88235294117647,48.88235294117647,34,64
813,9,49.81818181818182,48.93939393939394,33,64
814,9,49.71875,48.96875,32,62
815,9,49.909090909090914,48.69696969696971,33,62
816,9,49.909090909090914,48.75757575757577,33,62
817,9,49.727272727272734,48.81818181818183,33,64
818,9,49.794117647058826,48.76470588235295,34,64
819,9,49.81818181818183,48.84848484848485,33,64
820,9,50.032258064516135,48.80645161290322,31,62
821,9,49.80645161290323,48.967741935483886,31,62
822,9,49.87096774193549,48.935483870967744,31,62
823,9,49.67741935483871,49.225806451612904,31,64
824,9,49.96875000000001,49.125,32,64
825,9,49.81818181818182,49,33,64
826,9,49.78787878787879,48.84848484848485,33,64
827,9,49.81818181818183,48.57575757575757,33,64
828,9,49.5483870967742,48.709677419354854,31,62
829,9,49.62857142857143,48.74285714285713,35,66
830,9,49.657142857142865,48.7142857142857,35,66
831,9,49.714285714285715,48.714285714285715,35,66
832,9,49.71428571428572,48.857142857142854,35,66
833,9,49.62500000000001,48.84375,32,60
834,9,49.575757575757585,49.03030303030303,33,62
835,9,49.65625000000001,49.03125000000001,32,64
836,9,49.84848484848486,48.96969696969698,33,64
837,9,49.909090909090914,49.090909090909086,33,64
838,9,49.909090909090914,48.90909090909091,33,64
839,9,50.0909090909091,48.909090909090914,33,64
840,9,50.000000000000014,49.06060606060608,33,64
841,9,49.81250000000001,49.24999999999999,32,62
842,9,49.71428571428573,49.057142857142864,35,64
843,9,49.70588235294118,49.1470588235294,34,64
844,9,49.84375000000001,49.24999999999999,32,62
845,9,49.90322580645161,49.16129032258065,31,62
846,9,49.90625,49.0625,32,62
847,9,49.90625,49.0625,32,62
848,9,50.06060606060606,48.81818181818181,33,64
849,9,50.00000000000001,49.00000000000001,33,64
850,9,49.90625000000001,49.00000000000001,32,64
851,9,49.741935483870975,49.064516129032256,31,62
852,9,49.84375000000001,49,32,64
853,9,49.91176470588236,49.000000000000014,34,64
854,9,50.15151515151515,48.878787878787875,33,66
855,9,50.19354838709678,48.7741935483871,31,64
856,9,49.90322580645161,48.96774193548387,31,64
857,9,50.00000000000001,48.806451612903224,31,62
858,9,49.91176470588236,49.000000000000014,34,64
859,9,50.00000000000001,48.91176470588235,34,64
860,9,50.0909090909091,48.909090909090914,33,64
861,9,49.91176470588236,49.05882352941178,34,64
862,9,49.909090909090914,48.96969696969697,33,64
863,9,49.800000000000004,49.1,30,62
864,9,49.70588235294118,48.97058823529412,34,64
865,9,49.85714285714286,48.82857142857143,35,66
866,9,49.852941176470594,48.91176470588235,34,66
867,9,49.941176470588246,48.94117647058824,34,64
868,9,49.971428571428575,48.82857142857143,35,64
869,9,49.94285714285714,48.91428571428572,35,66
870,9,50.22857142857143,49.02857142857143,35,66
871,9,50.34285714285715,48.94285714285712,35,64
872,9,50.3888888888889,48.861111111111114,36,64
873,9,50.333333333333336,48.63636363636364,33,64
874,9,50.37500000000001,48.65625000000001,32,62
875,9,50.30303030303029,48.454545454545446,33,64
876,9,50.187499999999986,48.43749999999999,32,62
877,9,50.08823529411766,48.588235294117645,34,64
878,9,50.15151515151515,48.51515151515152,33,62
879,9,50.15151515151515,48.51515151515152,33,62
880,9,50.23529411764706,48.58823529411765,34,64
881,9,49.94444444444446,48.55555555555556,36,66
882,9,49.941176470588246,48.58823529411764,34,66
883,9,50.151515151515156,48.39393939393939,33,66
884,9,50.121212121212125,48.45454545454545,33,64
885,9,49.8125,48.68749999999999,32,64
886,9,49.66666666666667,48.93939393939392,33,62
887,9,49.575757575757585,48.75757575757575,33,62
888,9,49.575757575757585,48.75757575757575,33,62
889,9,49.575757575757585,48.75757575757575,33,62
890,9,49.50000000000001,48.8125,32,62
891,9,49.545454545454554,48.90909090909091,33,64
892,9,49.314285714285724,48.88571428571429,35,64
893,9,49.15625000000001,48.71875000000001,32,62
894,9,49.15625000000001,48.71875000000001,32,62
895,9,49.15625000000001,48.71875000000001,32,62
896,9,49.21875000000001,48.59375000000001,32,64
897,9,49.193548387096776,48.516129032258064,31,64
898,9,49.12121212121212,48.63636363636363,33,66
899,9,49.25806451612903,48.67741935483871,31,64
900,9,49.25806451612903,48.67741935483871,31,64
901,9,49.580645161290334,48.774193548387096,31,64
902,9,49.387096774193544,48.87096774193548,31,64
903,9,49.3125,48.90625,32,62
904,9,49.5,49,34,64
905,9,49.48484848484848,48.878787878787875,33,68
906,9,49.727272727272734,48.81818181818183,33,64
907,9,49.727272727272734,48.81818181818183,33,64
908,9,49.687500000000014,48.90625000000001,32,62
909,9,49.5625,48.96875,32,64
910,9,49.57575757575758,48.878787878787875,33,64
911,9,49.75000000000001,48.81249999999999,32,62
912,9,49.75000000000001,48.81249999999999,32,62
913,9,49.75000000000001,48.87499999999999,32,64
914,9,49.56666666666668,48.833333333333336,30,62
915,9,49.588235294117645,49.11764705882352,34,64
916,9,49.38709677419355,49.06451612903226,31,62
917,9,49.34375000000001,49.0625,32,64
918,9,49.34375000000001,49.0625,32,64
919,9,49.28125,48.96875000000001,32,64
920,9,49.15625000000001,48.78125,32,66
921,9,48.9375,48.96875,32,66
922,9,48.9375,48.96875,32,66
923,9,49.00000000000001,48.90625,32,64
924,9,49.00000000000001,48.90625,32,64
925,9,49.06451612903226,49,31,62
926,9,48.937500000000014,49.062499999999986,32,62
927,9,49,49.12500000000001,32,64
928,9,49.15625,49.0625,32,64
929,9,49.1875,49.15624999999999,32,62
930,9,49.1875,49.15624999999999,32,62
931,9,49.2258064516129,49.258064516129025,31,62
932,9,49.03125000000001,49.09375000000001,32,62
933,9,49.03125000000001,49.28124999999999,32,62
934,9,49.03125000000001,49.28124999999999,32,62
935,9,49.36363636363636,49.06060606060606,33,64
936,9,49.205882352941174,48.882352941176464,34,64
937,9,49.205882352941174,48.882352941176464,34,64
938,9,49.212121212121204,48.787878787878775,33,64
939,9,49.42424242424243,48.93939393939394,33,62
940,9,49.54285714285715,48.91428571428571,35,64
941,9,49.575757575757585,48.78787878787878,33,64
942,9,49.53125000000001,48.87499999999999,32,62
943,9,49.50000000000001,49,34,62
944,9,49.51428571428573,49.11428571428572,35,64
945,9,49.51428571428573,49.11428571428572,35,64
946,9,49.555555555555564,49.22222222222222,36,66
947,9,49.39393939393939,49.090909090909086,33,64
948,9,49.18750000000001,49.00000000000001,32,64
949,9,49.48484848484849,48.96969696969696,33,64
950,9,49.5483870967742,48.96774193548387,31,62
951,9,49.61290322580646,49.000000000000014,31,64
952,9,49.56666666666668,49.10000000000001,30,62
953,9,49.42857142857144,48.85714285714286,35,66
954,9,49.575757575757585,48.75757575757576,33,64
955,9,49.545454545454554,48.33333333333333,33,64
956,9,49.617647058823536,48.294117647058826,34,64
957,9,49.57142857142858,48.37142857142858,35,64
958,9,49.58823529411766,48.47058823529413,34,64
959,9,49.57575757575758,48.57575757575758,33,62
960,9,49.5,48.625,32,62
961,9,49.42424242424243,48.696969696969695,33,64
962,9,49.176470588235304,48.82352941176471,34,64
963,9,49.176470588235304,48.82352941176471,34,64
964,9,49.0909090909091,48.757575757575765,33,62
965,9,49.093750000000014,48.87500000000001,32,62
966,9,48.9375,48.78125,32,62
967,9,48.971428571428575,48.82857142857143,35,64
968,9,48.971428571428575,48.82857142857143,35,64
969,9,48.97058823529412,48.91176470588235,34,64
970,9,49.00000000000001,48.91176470588235,34,64
971,9,48.909090909090914,48.878787878787875,33,64
972,9,48.84375,49.15625,32,64
973,9,48.96774193548388,49.16129032258064,31,62
974,9,48.96774193548388,49.16129032258064,31,62
975,9,49.00000000000001,49.26470588235294,34,62
976,9,48.885714285714286,48.942857142857136,35,64
977,9,48.941176470588246,48.88235294117648,34,66
978,9,48.91428571428572,48.85714285714286,35,64
979,9,48.82352941176471,48.82352941176471,34,62
980,9,48.82352941176471,48.82352941176471,34,62
981,9,48.45454545454546,48.99999999999999,33,64
982,9,48.5483870967742,48.83870967741937,31,62
983,9,48.75862068965518,48.86206896551724,29,60
984,9,48.875,49.0625,32,64
985,9,49.00000000000001,49.28125,32,62
986,9,49.00000000000001,49.4375,32,62
987,9,48.852941176470594,49.47058823529411,34,64
988,9,49.00000000000001,49.73529411764707,34,62
989,9,48.82857142857143,49.68571428571429,35,64
990,9,48.70588235294118,49.67647058823529,34,64
991,9,48.666666666666664,49.757575757575765,33,62
992,9,48.727272727272734,49.69696969696968,33,64
993,9,48.64705882352942,49.647058823529406,34,64
994,9,48.35483870967742,49.51612903225806,31,60
995,9,48.300000000000004,49.333333333333336,30,62
996,9,48.300000000000004,49.20000000000001,30,62
997,9,48.28125,49.1875,32,64
998,9,48.27272727272728,49.09090909090909,33,64
999,9,48.15151515151515,49.151515151515156,33,62
1000,9,48.25,49.15625,32,62
0,10,50.53125000000001,49.25000000000001,32,64
1,10,50.451612903225815,49.29032258064516,31,62
2,10,50.45454545454546,49.27272727272726,33,66
3,10,50.50000000000001,49.21875,32,66
4,10,50.36666666666667,49.06666666666667,30,62
5,10,50.193548387096776,48.806451612903224,31,62
6,10,50.00000000000001,48.911764705882355,34,64
7,10,50.00000000000001,49,35,64
8,10,50.08823529411766,49,34,64
9,10,50.08823529411766,49,34,64
10,10,50.00000000000001,48.914285714285704,35,66
11,10,49.91176470588236,48.85294117647058,34,66
12,10,50.00000000000001,48.914285714285704,35,66
13,10,50.00000000000001,49,35,64
14,10,50.05882352941176,49.08823529411764,34,64
15,10,50.15625000000001,49.0625,32,62
16,10,50.24242424242425,48.878787878787875,33,64
17,10,50.3225806451613,48.93548387096774,31,66
18,10,50.000000000000014,48.81818181818182,33,64
19,10,50.0909090909091,48.69696969696969,33,62
20,10,49.96969696969698,48.81818181818182,33,62
21,10,49.94285714285715,48.65714285714286,35,64
22,10,50.171428571428585,48.91428571428572,35,66
23,10,50.235294117647065,48.85294117647058,34,66
24,10,49.96969696969698,48.81818181818182,33,62
25,10,50.00000000000001,48.73529411764707,34,62
26,10,49.852941176470594,48.82352941176471,34,64
27,10,50.058823529411775,48.88235294117647,34,64
28,10,50.16129032258063,48.83870967741934,31,62
29,10,50.38709677419355,48.80645161290323,31,62
30,10,50.5625,48.78125000000001,32,64
31,10,50.3235294117647,48.82352941176471,34,64
32,10,50.28124999999999,48.78125000000001,32,64
33,10,50.06060606060606,48.96969696969697,33,64
34,10,50.14705882352941,48.94117647058823,34,64
35,10,50.15151515151515,48.9090909090909,33,64
36,10,50.0909090909091,49.06060606060606,33,64
37,10,50.14705882352942,48.97058823529411,34,66
38,10,50.12903225806452,49.2258064516129,31,62
39,10,50.264705882352935,49.264705882352935,34,64
40,10,50.437500000000014,49.1875,32,62
41,10,50.37500000000001,49.15625000000001,32,64
42,10,50.5625,49.00000000000001,32,62
43,10,50.5625,49.00000000000001,32,62
44,10,50.51515151515153,48.90909090909091,33,62
45,10,50.50000000000001,49.205882352941174,34,64
46,10,50.50000000000001,49.205882352941174,34,64
47,10,50.47058823529412,49.1764705882353,34,66
48,10,50.26470588235295,49.44117647058822,34,64
49,10,50.25714285714286,49.542857142857144,35,64
50,10,50.12903225806452,49.32258064516129,31,64
51,10,50.16129032258065,49.25806451612903,31,64
52,10,50.19354838709677,49.096774193548384,31,62
53,10,50.19354838709677,49.096774193548384,31,62
54,10,50.19354838709677,48.935483870967744,31,64
55,10,50.28124999999999,49.09375,32,62
56,10,50.51612903225807,49.25806451612904,31,62
57,10,50.35483870967742,49.06451612903225,31,62
58,10,50.09375000000001,49.03125,32,64
59,10,49.937500000000014,48.90625000000001,32,64
60,10,50.15625000000001,49.0625,32,64
61,10,50.300000000000004,49.06666666666668,30,64
62,10,50.70967741935485,49.06451612903226,31,64
63,10,50.75,48.99999999999999,32,64
64,10,50.941176470588246,48.911764705882355,34,64
65,10,50.75000000000001,48.84375,32,62
66,10,50.757575757575765,48.96969696969696,33,64
67,10,50.93548387096775,49.00000000000001,31,62
68,10,51.03125000000001,49.06250000000001,32,64
69,10,50.939393939393945,48.999999999999986,33,64
70,10,50.93750000000001,48.90625000000001,32,64
71,10,50.74193548387099,48.838709677419345,31,64
72,10,50.7878787878788,48.696969696969695,33,64
73,10,50.727272727272734,48.72727272727272,33,64
74,10,50.727272727272734,48.90909090909091,33,64
75,10,50.727272727272734,48.90909090909091,33,64
76,10,50.909090909090914,48.878787878787875,33,64
77,10,50.939393939393945,48.81818181818181,33,64
78,10,50.81818181818182,48.636363636363626,33,64
79,10,50.53333333333333,48.49999999999999,30,64
80,10,50.53333333333333,48.49999999999999,30,64
81,10,50.44827586206897,48.48275862068965,29,62
82,10,50.20000000000001,48.6,30,64
83,10,50.03030303030303,48.24242424242424,33,64
84,10,50.12499999999999,48.375,32,64
85,10,50.33333333333334,48.43333333333333,30,62
86,10,50.545454545454554,48.6060606060606,33,64
87,10,50.545454545454554,48.6060606060606,33,64
88,10,50.545454545454554,48.6060606060606,33,64
89,10,50.62500000000001,48.6875,32,62
90,10,50.59375000000001,48.875000000000014,32,62
91,10,50.50000000000001,49,34,62
92,10,50.5,48.8125,32,62
93,10,50.41935483870968,48.74193548387097,31,62
94,10,50.50000000000001,48.705882352941174,34,62
95,10,50.44117647058823,48.70588235294118,34,64
96,10,50.32258064516128,48.48387096774193,31,62
97,10,50.21212121212121,48.39393939393939,33,66
98,10,50.121212121212125,48.4848484848485,33,64
99,10,50.03125000000001,48.468750000000014,32,64
100,10,49.970588235294116,48.6470588235294,34,64
101,10,50.14705882352941,48.676470588235276,34,64
102,10,50.176470588235304,48.764705882352935,34,64
103,10,50.21212121212121,48.84848484848485,33,64
104,10,50.176470588235304,48.764705882352935,34,64
105,10,50.125,48.531250000000014,32,64
106,10,49.74193548387097,48.548387096774185,31,64
107,10,49.67741935483872,48.64516129032259,31,64
108,10,49.68750000000001,48.46874999999999,32,64
109,10,49.794117647058826,48.382352941176464,34,66
110,10,50.18181818181819,48.393939393939384,33,64
111,10,49.82352941176471,48.50000000000001,34,64
112,10,49.852941176470594,48.38235294117647,34,64
113,10,49.939393939393945,48.42424242424242,33,64
114,10,49.90909090909091,48.54545454545454,33,64
115,10,50,48.393939393939384,33,64
116,10,49.87500000000001,48.65624999999999,32,64
117,10,49.545454545454554,48.787878787878796,33,62
118,10,49.45161290322581,48.67741935483872,31,64
119,10,49.33333333333333,48.424242424242415,33,64
120,10,49.437500000000014,48.43750000000001,32,62
121,10,49.45454545454546,48.21212121212121,33,62
122,10,49.46875000000001,48.25,32,62
123,10,49.424242424242415,48.15151515151515,33,64
124,10,49.46875000000001,48.25,32,62
125,10,49.36363636363637,48.242424242424235,33,64
126,10,49.15625000000001,48.37500000000001,32,60
127,10,49.08823529411765,48.3235294117647,34,64
128,10,49.15625000000001,48.37500000000001,32,60
129,10,49.18181818181819,48.21212121212121,33,64
130,10,49.21212121212122,48.45454545454546,33,62
131,10,49.28571428571429,48.400000000000006,35,64
132,10,49.484848484848484,48.3939393939394,33,62
133,10,49.588235294117645,48.411764705882355,34,64
134,10,49.76470588235294,48.205882352941174,34,66
135,10,49.741935483870975,48.483870967741936,31,62
136,10,49.70967741935485,48.709677419354854,31,60
137,10,49.55882352941176,48.970588235294116,34,64
138,10,49.55882352941176,48.970588235294116,34,64
139,10,49.484848484848484,48.90909090909091,33,62
140,10,49.575757575757585,48.75757575757575,33,62
141,10,49.58823529411765,48.6470588235294,34,64
142,10,49.63636363636363,48.72727272727271,33,62
143,10,49.51515151515153,48.84848484848485,33,62
144,10,49.6875,48.8125,32,62
145,10,49.62500000000001,48.96875,32,62
146,10,49.5625,48.96874999999999,32,64
147,10,49.4,48.93333333333332,30,62
148,10,49.41935483870969,48.80645161290321,31,64
149,10,49.43750000000001,48.90625,32,64
150,10,49.38709677419356,48.58064516129033,31,64
151,10,49.617647058823536,48.617647058823536,34,64
152,10,49.72727272727273,48.6969696969697,33,64
153,10,49.75757575757577,48.90909090909092,33,62
154,10,49.75757575757577,48.90909090909092,33,62
155,10,49.71875000000001,49,32,62
156,10,49.657142857142865,49.05714285714286,35,64
157,10,49.545454545454554,49.06060606060607,33,66
158,10,49.63636363636363,49.15151515151514,33,64
159,10,49.55882352941176,49.147058823529406,34,64
160,10,49.50000000000001,49.00000000000001,34,62
161,10,49.57142857142858,49.057142857142864,35,64
162,10,49.50000000000001,49.00000000000001,34,62
163,10,49.42424242424243,48.969696969696976,33,62
164,10,49.676470588235304,48.91176470588234,34,64
165,10,49.676470588235304,48.91176470588234,34,64
166,10,49.55882352941177,49.05882352941177,34,64
167,10,49.606060606060616,48.96969696969697,33,64
168,10,49.57142857142858,48.91428571428572,35,64
169,10,49.400000000000006,49.02857142857143,35,64
170,10,49.50000000000001,49.00000000000001,34,62
171,10,49.44117647058823,48.94117647058824,34,64
172,10,49.44117647058823,49.235294117647065,34,64
173,10,49.727272727272734,49.51515151515152,33,64
174,10,49.909090909090914,49.515151515151516,33,62
175,10,49.91428571428572,49.42857142857143,35,64
176,10,49.87096774193549,49.322580645161295,31,64
177,10,50.09375000000002,49.28125,32,64
178,10,50.20588235294119,49.29411764705883,34,66
179,10,50.258064516129025,49.064516129032256,31,62
180,10,50.37499999999999,49.09375,32,64
181,10,50.39393939393939,49.18181818181818,33,64
182,10,50.333333333333336,49.242424242424235,33,62
183,10,50.542857142857144,49.25714285714285,35,64
184,10,50.333333333333336,49.242424242424235,33,62
185,10,50.45454545454546,49.15151515151515,33,64
186,10,50.34375000000001,48.78124999999998,32,62
187,10,50.42424242424243,48.727272727272705,33,64
188,10,50.62500000000001,48.59375000000001,32,62
189,10,50.545454545454554,48.333333333333336,33,64
190,10,50.64705882352942,48.91176470588235,34,64
191,10,50.687500000000014,48.71875000000001,32,62
192,10,50.66666666666667,48.6060606060606,33,64
193,10,50.74285714285715,48.457142857142856,35,64
194,10,50.75757575757576,48.424242424242436,33,64
195,10,50.749999999999986,48.312500000000014,32,64
196,10,50.86666666666666,48.599999999999994,30,62
197,10,50.687500000000014,48.49999999999999,32,64
198,10,50.75757575757577,48.57575757575757,33,64
199,10,50.909090909090914,48.75757575757576,33,64
200,10,50.75757575757577,48.66666666666667,33,62
201,10,50.96875000000001,48.71875000000001,32,62
202,10,50.96875000000001,48.71875000000001,32,62
203,10,51.00000000000001,48.59375000000001,32,64
204,10,51.176470588235304,48.58823529411766,34,64
205,10,51.03125000000001,48.71875,32,62
206,10,51.0625,48.531250000000014,32,62
207,10,50.93548387096775,48.35483870967742,31,64
208,10,51.00000000000001,48.22580645161291,31,64
209,10,50.96774193548388,48.22580645161291,31,64
210,10,50.63636363636364,48.66666666666666,33,64
211,10,50.60606060606061,48.484848484848484,33,62
212,10,50.38235294117647,48.32352941176471,34,64
213,10,50.29411764705882,48.17647058823527,34,64
214,10,50.26470588235295,47.999999999999986,34,62
215,10,50.424242424242415,47.81818181818182,33,64
216,10,50.50000000000001,47.74999999999999,32,62
217,10,50.63636363636364,47.6060606060606,33,64
218,10,50.59375,47.6875,32,62
219,10,50.51515151515153,47.69696969696969,33,64
220,10,50.406250000000014,47.68749999999999,32,64
221,10,50.187499999999986,47.71875,32,62
222,10,50.333333333333336,47.696969696969695,33,64
223,10,50.35483870967742,47.74193548387096,31,60
224,10,50.09677419354837,47.51612903225807,31,62
225,10,50.09375000000001,47.56250000000001,32,64
226,10,50.33333333333334,47.466666666666654,30,60
227,10,50.00000000000001,47.5,32,62
228,10,50.15151515151515,47.51515151515152,33,62
229,10,50.2258064516129,47.516129032258064,31,62
230,10,50.28124999999999,47.59375,32,62
231,10,50.28124999999999,47.59375,32,62
232,10,50.15625,47.937499999999986,32,62
233,10,50.24242424242424,47.9090909090909,33,62
234,10,50.24242424242424,47.9090909090909,33,62
235,10,50.26470588235295,47.999999999999986,34,62
236,10,50.34285714285715,48.05714285714284,35,64
237,10,50.3888888888889,48.13888888888888,36,64
238,10,50.545454545454554,48.21212121212121,33,62
239,10,50.42857142857144,48.37142857142859,35,64
240,10,50.38235294117647,48.29411764705884,34,64
241,10,50.575757575757585,48.242424242424235,33,62
242,10,50.575757575757585,48.33333333333333,33,62
243,10,50.617647058823536,48.23529411764705,34,64
244,10,50.575757575757585,48.33333333333333,33,62
245,10,50.60000000000001,48.314285714285724,35,64
246,10,50.74999999999999,48,36,66
247,10,50.38235294117647,47.94117647058824,34,64
248,10,50.39393939393939,48.03030303030304,33,64
249,10,50.39393939393939,47.999999999999986,33,64
250,10,50.51612903225807,48.096774193548384,31,62
251,10,50.41935483870969,48,31,62
252,10,50.424242424242415,47.99999999999999,33,66
253,10,50.424242424242415,47.99999999999999,33,66
254,10,50.34375000000001,47.96875000000001,32,62
255,10,50.28124999999999,47.90625000000001,32,64
256,10,50.51515151515153,47.84848484848485,33,62
257,10,50.51515151515153,47.81818181818181,33,64
258,10,50.5,47.62500000000001,32,64
259,10,50.53333333333333,47.800000000000004,30,60
260,10,50.51612903225807,47.935483870967744,31,64
261,10,50.63636363636364,47.96969696969696,33,66
262,10,50.78124999999999,47.562500000000014,32,64
263,10,50.96774193548388,47.516129032258064,31,64
264,10,50.75757575757577,47.696969696969695,33,64
265,10,50.75757575757577,47.696969696969695,33,64
266,10,51.00000000000001,47.94285714285714,35,66
267,10,50.84848484848486,47.81818181818183,33,64
268,10,50.885714285714286,47.828571428571436,35,66
269,10,51.085714285714296,47.80000000000001,35,64
270,10,51.00000000000001,47.73529411764707,34,62
271,10,50.909090909090914,47.69696969696971,33,62
272,10,50.909090909090914,47.69696969696971,33,62
273,10,50.85294117647059,47.97058823529412,34,64
274,10,50.78787878787879,47.909090909090914,33,62
275,10,50.967741935483886,47.806451612903246,31,62
276,10,51.0909090909091,47.66666666666667,33,64
277,10,51.03125000000001,47.59375000000001,32,62
278,10,51.0909090909091,47.515151515151516,33,62
279,10,51.18181818181819,47.454545454545446,33,64
280,10,50.96875,47.53124999999999,32,64
281,10,50.909090909090914,47.48484848484849,33,62
282,10,50.75000000000001,47.46874999999999,32,64
283,10,50.75000000000001,47.46874999999999,32,64
284,10,50.67741935483871,47.645161290322584,31,62
285,10,50.59375000000001,47.750000000000014,32,64
286,10,50.606060606060616,47.72727272727272,33,64
287,10,50.61290322580645,47.74193548387097,31,62
288,10,50.34375000000001,47.34374999999999,32,64
289,10,50.43750000000001,47.15624999999999,32,64
290,10,50.48275862068967,47.58620689655173,29,60
291,10,50.05882352941176,47.08823529411764,34,64
292,10,50.21875,47.0625,32,64
293,10,50.15625000000001,47.1875,32,64
294,10,50.06060606060606,47.18181818181818,33,64
295,10,50.000000000000014,47.2258064516129,31,62
296,10,50.12500000000001,47.3125,32,64
297,10,50.43750000000001,47.15625,32,64
298,10,50.433333333333344,46.96666666666667,30,64
299,10,50.433333333333344,46.96666666666667,30,64
300,10,50.42424242424243,47.09090909090909,33,64
301,10,50.53125,47.093750000000014,32,64
302,10,50.545454545454554,47,33,66
303,10,50.53125,47.25000000000001,32,64
304,10,50.45161290322581,47.161290322580655,31,62
305,10,50.53333333333334,47.133333333333326,30,62
306,10,50.24242424242425,47.18181818181818,33,64
307,10,50.00000000000001,47.21875,32,64
308,10,50.06250000000001,47.09375000000001,32,64
309,10,49.96774193548388,47.06451612903226,31,64
310,10,50.090909090909086,47.151515151515156,33,64
311,10,49.96969696969698,47.18181818181817,33,62
312,10,49.781250000000014,47.062499999999986,32,64
313,10,49.76666666666667,47.10000000000001,30,62
314,10,49.709677419354854,46.93548387096775,31,64
315,10,49.80645161290324,46.90322580645161,31,62
316,10,49.939393939393945,46.636363636363626,33,64
317,10,49.757575757575765,46.63636363636363,33,64
318,10,49.70000000000001,46.70000000000001,30,62
319,10,49.875000000000014,46.6875,32,64
320,10,49.78125000000001,46.96875,32,64
321,10,49.76470588235294,47.1764705882353,34,64
322,10,49.529411764705884,46.970588235294116,34,66
323,10,49.78787878787879,47.0909090909091,33,62
324,10,49.606060606060616,47.03030303030303,33,64
325,10,49.43749999999999,46.96874999999999,32,64
326,10,49.53125000000001,47.0625,32,62
327,10,49.58064516129034,47.25806451612903,31,64
328,10,49.51612903225807,46.96774193548387,31,64
329,10,49.31250000000001,47.06249999999999,32,66
330,10,49.09375000000001,47.06250000000001,32,62
331,10,49.15151515151515,46.99999999999999,33,64
332,10,49.176470588235304,46.82352941176471,34,62
333,10,49.17142857142857,46.714285714285715,35,64
334,10,49.176470588235304,46.82352941176471,34,62
335,10,49.14705882352942,46.70588235294118,34,64
336,10,49.34375000000001,46.90625,32,62
337,10,49.14705882352942,46.882352941176464,34,64
338,10,49.06250000000001,46.81250000000001,32,64
339,10,49.00000000000001,46.67741935483871,31,62
340,10,48.90625000000001,46.624999999999986,32,64
341,10,48.63333333333334,46.86666666666668,30,62
342,10,48.906250000000014,46.96874999999999,32,64
343,10,48.94285714285716,46.94285714285715,35,64
344,10,48.74285714285715,47.11428571428572,35,64
345,10,48.68571428571429,46.91428571428571,35,64
346,10,48.71875000000001,47.1875,32,62
347,10,48.71875000000001,47.1875,32,62
348,10,48.687500000000014,47.03125,32,62
349,10,48.8529411764706,47.05882352941177,34,64
350,10,48.93548387096775,47.09677419354838,31,62
351,10,49,47.117647058823536,34,64
352,10,49.176470588235304,47.088235294117645,34,64
353,10,49.176470588235304,47.088235294117645,34,64
354,10,49.14705882352942,47,34,64
355,10,49.14705882352942,47.05882352941177,34,64
356,10,49.176470588235304,47.17647058823528,34,62
357,10,49.176470588235304,47.11764705882353,34,64
358,10,49.25,47.24999999999999,32,62
359,10,49.21212121212121,47.15151515151515,33,64
360,10,49.03030303030303,47.06060606060607,33,64
361,10,49.06451612903226,47.064516129032256,31,62
362,10,48.903225806451616,47.032258064516135,31,62
363,10,49.00000000000002,47.09677419354839,31,62
364,10,49.0909090909091,47.06060606060606,33,64
365,10,49.11764705882353,47.14705882352941,34,64
366,10,49.03125000000001,46.99999999999999,32,64
367,10,48.82352941176471,46.82352941176471,34,62
368,10,48.69444444444445,46.97222222222223,36,64
369,10,48.64705882352942,47.1470588235294,34,64
370,10,48.59375000000001,47.1875,32,64
371,10,48.76666666666667,46.9,30,62
372,10,48.580645161290334,47.12903225806451,31,64
373,10,48.45454545454546,47.42424242424243,33,64
374,10,48.45454545454546,47.63636363636364,33,64
375,10,48.50000000000001,47.705882352941174,34,62
376,10,48.50000000000001,47.88235294117647,34,64
377,10,48.545454545454554,47.787878787878796,33,62
378,10,48.51515151515153,47.60606060606061,33,62
379,10,48.51515151515153,47.60606060606061,33,62
380,10,48.58064516129033,47.51612903225806,31,62
381,10,48.66666666666667,47.5,30,62
382,10,48.65625000000001,47.40625,32,64
383,10,48.57575757575758,47.48484848484847,33,66
384,10,48.50000000000001,47.5,34,64
385,10,48.393939393939384,47.27272727272728,33,64
386,10,48.393939393939384,47.27272727272728,33,64
387,10,48.50000000000001,47.17647058823529,34,66
388,10,48.50000000000001,47.17647058823529,34,66
389,10,48.36363636363636,47.151515151515156,33,64
390,10,48.44117647058823,47.1764705882353,34,64
391,10,48.51515151515153,47.0909090909091,33,62
392,10,48.50000000000001,47.14705882352941,34,66
393,10,48.57575757575758,47.06060606060607,33,64
394,10,48.5,47.00000000000001,32,62
395,10,48.294117647058826,47.029411764705884,34,64
396,10,48.41176470588235,47.088235294117645,34,64
397,10,48.352941176470594,47.1764705882353,34,64
398,10,48.44117647058823,46.91176470588235,34,64
399,10,48.542857142857144,47.17142857142858,35,66
400,10,48.848484848484844,47.212121212121225,33,64
401,10,48.78124999999999,47.125000000000014,32,62
402,10,48.70967741935483,47.03225806451612,31,64
403,10,48.75757575757576,47.06060606060607,33,66
404,10,48.80645161290323,46.87096774193548,31,64
405,10,48.666666666666664,46.93333333333333,30,64
406,10,48.66666666666667,46.9,30,64
407,10,48.5483870967742,46.93548387096774,31,62
408,10,48.51612903225807,46.87096774193549,31,62
409,10,48.48571428571428,46.971428571428575,35,66
410,10,48.38235294117647,47.088235294117645,34,64
411,10,48.51612903225807,47.22580645161291,31,62
412,10,48.42424242424243,47,33,64
413,10,48.42424242424243,47,33,64
414,10,48.16129032258065,47.06451612903226,31,64
415,10,48.03125000000001,46.90625,32,64
416,10,48.09677419354839,46.83870967741936,31,62
417,10,48.06250000000001,46.93749999999999,32,64
418,10,48.27272727272728,46.81818181818183,33,64
419,10,48.27272727272728,46.81818181818183,33,64
420,10,48.400000000000006,46.685714285714276,35,66
421,10,48.33333333333333,46.57575757575757,33,66
422,10,48.28124999999999,46.46875,32,64
423,10,48.28124999999999,46.46875,32,64
424,10,47.96969696969697,46.515151515151516,33,66
425,10,47.818181818181806,46.60606060606061,33,64
426,10,47.90322580645162,46.806451612903224,31,60
427,10,48.03125000000001,46.71875,32,62
428,10,48.176470588235304,46.82352941176471,34,62
429,10,48.393939393939384,46.96969696969697,33,64
430,10,48.44117647058823,47.05882352941176,34,64
431,10,48.42424242424243,47.03030303030303,33,62
432,10,48.303030303030305,47.121212121212125,33,64
433,10,48.42424242424243,47.21212121212121,33,64
434,10,48.42424242424243,47.21212121212121,33,64
435,10,48.352941176470594,47.264705882352935,34,64
436,10,48.38709677419356,46.99999999999999,31,62
437,10,48.34375000000001,46.90625,32,62
438,10,48.18181818181819,46.969696969696955,33,62
439,10,48.05882352941177,47.1764705882353,34,66
440,10,48.09375000000001,47.15624999999999,32,64
441,10,48.125,47.09374999999999,32,66
442,10,48.35483870967742,47.064516129032256,31,60
443,10,48.25,47.06250000000001,32,62
444,10,48.27272727272728,47.151515151515156,33,62
445,10,47.93939393939394,47.575757575757585,33,64
446,10,47.96969696969697,47.393939393939384,33,64
447,10,47.90322580645161,47.38709677419356,31,62
448,10,47.80645161290324,47.451612903225815,31,62
449,10,47.80645161290324,47.451612903225815,31,62
450,10,48.13333333333334,47.5,30,64
451,10,47.82758620689656,47.55172413793103,29,60
452,10,47.933333333333344,47.599999999999994,30,62
453,10,47.727272727272734,47.63636363636364,33,62
454,10,47.73529411764706,47.91176470588235,34,64
455,10,47.73529411764706,47.91176470588235,34,64
456,10,47.687500000000014,47.843750000000014,32,62
457,10,47.735294117647065,47.999999999999986,34,62
458,10,47.75757575757577,48.09090909090909,33,62
459,10,47.67741935483872,48.06451612903226,31,62
460,10,48.030303030303045,48,33,64
461,10,47.939393939393945,48.121212121212125,33,64
462,10,47.906250000000014,48.03125,32,62
463,10,47.906250000000014,48.03125,32,62
464,10,47.96875,47.84375,32,64
465,10,47.84375000000001,48,32,62
466,10,47.91666666666667,47.972222222222214,36,64
467,10,47.999999999999986,47.94285714285714,35,64
468,10,48.212121212121204,47.81818181818183,33,64
469,10,48.18750000000001,47.812500000000014,32,62
470,10,48.15151515151515,47.787878787878775,33,64
471,10,47.99999999999999,48.1764705882353,34,64
472,10,47.84848484848486,48.090909090909086,33,62
473,10,47.9090909090909,48.21212121212122,33,62
474,10,47.82352941176471,48.41176470588236,34,64
475,10,47.91176470588236,48.588235294117645,34,64
476,10,47.91176470588236,48.588235294117645,34,64
477,10,47.84848484848486,48.51515151515151,33,62
478,10,47.71875000000001,48.43749999999999,32,62
479,10,47.65625,48.62500000000001,32,62
480,10,47.67741935483872,48.4516129032258,31,62
481,10,47.78125000000001,48.46874999999999,32,64
482,10,47.84848484848486,48.51515151515151,33,62
483,10,47.7741935483871,48.354838709677416,31,62
484,10,47.78125,48.46874999999999,32,64
485,10,47.96774193548387,48.67741935483871,31,62
486,10,48.15151515151515,48.72727272727273,33,62
487,10,48.030303030303045,48.57575757575758,33,64
488,10,48.00000000000001,48.5625,32,62
489,10,48.000000000000014,48.45454545454545,33,64
490,10,47.93939393939394,48.333333333333336,33,64
491,10,48.00000000000001,48.5,32,62
492,10,47.909090909090914,48.515151515151516,33,62
493,10,48.08823529411766,48.44117647058823,34,64
494,10,48.000000000000014,48.45454545454545,33,64
495,10,48.0625,48.53125000000001,32,62
496,10,48.18750000000001,48.625,32,64
497,10,48.32258064516128,48.80645161290322,31,62
498,10,48.34375000000001,48.68749999999999,32,64
499,10,48.24242424242425,48.878787878787875,33,64
500,10,48.21212121212122,48.878787878787875,33,64
501,10,48.19354838709676,49.03225806451613,31,64
502,10,47.96969696969697,49.15151515151515,33,64
503,10,48.03125000000001,49.21874999999999,32,64
504,10,48.375000000000014,49.375,32,64
505,10,48.63333333333334,49.43333333333332,30,62
506,10,48.5625,49.25000000000001,32,66
507,10,48.90322580645162,49.41935483870969,31,64
508,10,48.67741935483871,49.32258064516129,31,64
509,10,48.7,49.46666666666667,30,64
510,10,48.65625000000001,49.40625,32,64
511,10,48.65625000000001,49.40625,32,64
512,10,48.58823529411766,49.235294117647065,34,64
513,10,48.53125,49.062500000000014,32,62
514,10,48.51515151515153,49.151515151515156,33,62
515,10,48.33333333333332,49.18181818181818,33,66
516,10,48.43333333333334,49.16666666666668,30,64
517,10,48.16129032258065,49.29032258064516,31,64
518,10,48.42424242424243,49.3030303030303,33,64
519,10,48.33333333333333,49.424242424242415,33,64
520,10,48.19354838709677,49.290322580645146,31,62
521,10,48.28124999999999,49.249999999999986,32,62
522,10,48.176470588235304,49.17647058823528,34,62
523,10,48.45454545454546,49.09090909090909,33,62
524,10,48.41176470588235,49.00000000000001,34,64
525,10,48.42857142857144,48.77142857142858,35,64
526,10,48.42857142857144,48.77142857142858,35,64
527,10,48.633333333333326,48.766666666666666,30,60
528,10,48.794117647058826,48.764705882352935,34,64
529,10,48.37500000000001,49.15625,32,60
530,10,48.42424242424243,49.06060606060608,33,62
531,10,48.42424242424243,49.06060606060608,33,62
532,10,48.50000000000001,48.99999999999999,32,62
533,10,48.45454545454546,48.90909090909091,33,64
534,10,48.51515151515152,48.878787878787875,33,64
535,10,48.63636363636363,48.72727272727271,33,62
536,10,48.64516129032258,48.645161290322584,31,62
537,10,48.74193548387096,48.74193548387097,31,62
538,10,48.93939393939394,48.696969696969695,33,64
539,10,48.85294117647059,48.647058823529406,34,64
540,10,48.81249999999999,48.59375000000001,32,64
541,10,48.5625,48.40625000000001,32,62
542,10,48.50000000000001,48.39999999999999,30,60
543,10,48.34375000000001,48.53125,32,62
544,10,48.27272727272726,48.424242424242415,33,64
545,10,48.062500000000014,48.49999999999999,32,64
546,10,47.93939393939394,48.48484848484848,33,66
547,10,47.666666666666664,48.499999999999986,30,66
548,10,47.687500000000014,48.68750000000001,32,64
549,10,47.757575757575765,48.696969696969695,33,62
550,10,47.70588235294119,48.970588235294116,34,64
551,10,47.67741935483871,48.70967741935483,31,62
552,10,47.87096774193549,48.58064516129032,31,62
553,10,47.60606060606061,48.63636363636363,33,64
554,10,47.53333333333333,48.733333333333334,30,62
555,10,47.483870967741936,48.83870967741935,31,64
556,10,47.172413793103445,48.75862068965517,29,60
557,10,47.21212121212121,49,33,64
558,10,47.16129032258065,49.12903225806453,31,62
559,10,47.19354838709678,49.032258064516135,31,62
560,10,47.233333333333334,48.999999999999986,30,64
561,10,47.06451612903226,49.25806451612903,31,64
562,10,47.193548387096776,49.19354838709677,31,62
563,10,47.43750000000001,49.21874999999999,32,64
564,10,47.5483870967742,49.193548387096776,31,62
565,10,47.676470588235304,49,34,64
566,10,47.60000000000001,49.00000000000001,35,64
567,10,47.529411764705884,49.05882352941178,34,64
568,10,47.575757575757585,48.96969696969697,33,64
569,10,47.575757575757585,48.96969696969697,33,64
570,10,47.84848484848486,48.969696969696976,33,64
571,10,47.941176470588246,48.94117647058824,34,64
572,10,47.84848484848486,48.909090909090914,33,62
573,10,48.000000000000014,48.93939393939395,33,64
574,10,48.18181818181819,48.969696969696955,33,62
575,10,48.03125000000001,48.71875,32,62
576,10,47.87878787878788,48.42424242424242,33,64
577,10,47.939393939393945,48.21212121212121,33,64
578,10,48,48,33,64
579,10,48,48,33,64
580,10,48,48.125,32,62
581,10,48.12121212121212,48.03030303030303,33,64
582,10,48.303030303030305,48.090909090909086,33,62
583,10,48.18181818181819,47.96969696969697,33,64
584,10,48.25,47.90625,32,64
585,10,48.14705882352941,47.88235294117647,34,64
586,10,48.24242424242424,47.9090909090909,33,62
587,10,48.24242424242424,47.9090909090909,33,62
588,10,48.08823529411766,47.794117647058826,34,64
589,10,48.00000000000001,47.73529411764707,34,62
590,10,48.030303030303045,47.515151515151516,33,64
591,10,48.03125000000001,47.625,32,62
592,10,48.290322580645174,47.48387096774193,31,62
593,10,48.45454545454546,47.54545454545454,33,64
594,10,48.303030303030305,47.42424242424242,33,64
595,10,48.21875,47.34375000000001,32,62
596,10,48.212121212121204,47.242424242424256,33,64
597,10,48.15151515151515,47.27272727272728,33,62
598,10,48.25,47.28125,32,62
599,10,48.25,47.28125,32,62
600,10,48.27272727272728,47.18181818181818,33,62
601,10,48.205882352941174,47.26470588235294,34,64
602,10,48.27272727272728,47.18181818181818,33,62
603,10,48.26470588235295,46.999999999999986,34,62
604,10,48.235294117647065,46.82352941176471,34,64
605,10,48.37500000000001,46.96874999999999,32,62
606,10,48.26470588235295,46.999999999999986,34,62
607,10,48.26470588235295,46.999999999999986,34,62
608,10,48.26470588235295,46.999999999999986,34,62
609,10,48.27272727272728,47.151515151515156,33,62
610,10,48.38235294117647,47.02941176470588,34,64
611,10,48.303030303030305,46.90909090909091,33,62
612,10,48.36363636363636,46.757575757575765,33,64
613,10,48.424242424242415,46.84848484848486,33,64
614,10,48.33333333333333,46.93939393939394,33,62
615,10,48.53125000000001,46.9375,32,62
616,10,48.56250000000001,46.90624999999999,32,62
617,10,48.59375,47.0625,32,64
618,10,48.516129032258064,47.03225806451613,31,64
619,10,48.64516129032259,47.322580645161295,31,64
620,10,48.56666666666667,47.5,30,62
621,10,48.36363636363636,47.36363636363637,33,64
622,10,48.14705882352941,47.35294117647059,34,64
623,10,48.08823529411766,47.26470588235295,34,64
624,10,48.14705882352941,47.35294117647059,34,64
625,10,48.1875,47.374999999999986,32,64
626,10,48.121212121212125,47.33333333333333,33,64
627,10,48.1875,47.249999999999986,32,62
628,10,48.24242424242424,47.33333333333332,33,62
629,10,48.27272727272728,47.272727272727266,33,64
630,10,48.06250000000001,47.093749999999986,32,62
631,10,48.212121212121204,47.15151515151513,33,64
632,10,48.21875,47.06249999999999,32,62
633,10,48.27272727272728,46.90909090909091,33,64
634,10,48.25806451612904,46.90322580645161,31,64
635,10,47.99999999999999,47.25806451612904,31,64
636,10,48.20689655172415,47.172413793103445,29,60
637,10,48.099999999999994,47.400000000000006,30,64
638,10,48.137931034482754,47.27586206896552,29,60
639,10,48.42424242424243,47.33333333333334,33,62
640,10,48.575757575757585,47.06060606060605,33,62
641,10,48.53125000000001,46.96874999999999,32,62
642,10,48.66666666666667,46.909090909090914,33,64
643,10,48.64516129032259,46.935483870967744,31,62
644,10,48.806451612903224,46.87096774193548,31,64
645,10,48.875,46.90624999999999,32,64
646,10,48.71875000000001,47,32,62
647,10,48.75757575757577,46.90909090909092,33,62
648,10,48.9375,46.78125,32,64
649,10,48.84848484848485,46.75757575757576,33,64
650,10,48.74999999999999,46.6875,32,64
651,10,48.66666666666667,46.6060606060606,33,64
652,10,48.62500000000001,46.6875,32,62
653,10,48.645161290322584,46.41935483870968,31,62
654,10,48.59375000000001,46.43749999999999,32,62
655,10,48.81250000000001,46.5,32,62
656,10,48.96969696969698,46.66666666666667,33,64
657,10,48.909090909090914,46.81818181818181,33,64
658,10,48.970588235294116,46.58823529411765,34,66
659,10,49.060606060606055,46.63636363636365,33,66
660,10,48.906250000000014,46.62500000000001,32,62
661,10,49.00000000000002,46.61290322580645,31,62
662,10,48.906250000000014,46.62500000000001,32,62
663,10,48.84375000000001,46.74999999999999,32,62
664,10,48.941176470588246,46.82352941176471,34,64
665,10,48.84848484848486,46.84848484848485,33,62
666,10,48.84848484848486,46.84848484848485,33,62
667,10,48.84375000000001,46.74999999999999,32,62
668,10,48.875,46.78125,32,64
669,10,48.939393939393945,46.999999999999986,33,64
670,10,48.87096774193548,47.09677419354838,31,64
671,10,48.78125,47.28124999999999,32,64
672,10,48.757575757575765,47.121212121212125,33,64
673,10,48.71875,47.03125000000001,32,64
674,10,48.666666666666664,46.757575757575765,33,62
675,10,48.63636363636364,46.757575757575765,33,66
676,10,48.612903225806456,46.77419354838709,31,66
677,10,48.79310344827587,46.86206896551725,29,64
678,10,48.96551724137932,46.86206896551724,29,60
679,10,49.00000000000001,47.12500000000002,32,64
680,10,49.0909090909091,47.121212121212125,33,64
681,10,49.09375000000001,47.06250000000001,32,62
682,10,49.0625,46.93749999999999,32,62
683,10,49.0625,46.93749999999999,32,62
684,10,49.000000000000014,46.84848484848485,33,64
685,10,49.28124999999999,46.84375000000001,32,62
686,10,49.28124999999999,46.84375000000001,32,62
687,10,49.35483870967742,46.935483870967744,31,60
688,10,49.43333333333333,46.900000000000006,30,62
689,10,49.53125,46.93750000000001,32,64
690,10,49.588235294117645,47.088235294117645,34,64
691,10,49.70588235294118,47.205882352941174,34,64
692,10,49.757575757575765,47.303030303030305,33,62
693,10,49.757575757575765,47.303030303030305,33,62
694,10,49.588235294117645,47.23529411764705,34,66
695,10,49.65625000000001,47.3125,32,62
696,10,49.63636363636364,47.21212121212121,33,64
697,10,49.75000000000001,47.09374999999999,32,62
698,10,49.51515151515153,47.151515151515156,33,62
699,10,49.36363636363636,47.03030303030304,33,64
700,10,49.5,47.25000000000001,32,62
701,10,49.63636363636363,47.272727272727266,33,62
702,10,49.62500000000001,47.375,32,62
703,10,49.62500000000001,47.59375000000001,32,62
704,10,49.51515151515152,47.63636363636363,33,64
705,10,49.44117647058824,47.67647058823528,34,64
706,10,49.3939393939394,47.57575757575758,33,64
707,10,49.33333333333333,47.393939393939384,33,64
708,10,49.33333333333333,47.6060606060606,33,64
709,10,49.303030303030305,47.54545454545454,33,64
710,10,49.24242424242424,47.33333333333332,33,62
711,10,49.3235294117647,47.29411764705881,34,64
712,10,49.27272727272727,47.212121212121204,33,64
713,10,49.36363636363636,47.242424242424235,33,64
714,10,49.36363636363636,47.121212121212125,33,64
715,10,49.406250000000014,47.28124999999999,32,62
716,10,49.393939393939384,47.18181818181817,33,64
717,10,49.35294117647059,47.08823529411764,34,64
718,10,49.35294117647059,47.08823529411764,34,64
719,10,49.24242424242424,47.09090909090908,33,62
720,10,49.24242424242424,47.09090909090908,33,62
721,10,49.26470588235295,46.999999999999986,34,62
722,10,49.34285714285715,47.05714285714284,35,64
723,10,49.50000000000001,46.83333333333334,36,66
724,10,49.567567567567565,47.054054054054056,37,66
725,10,49.638888888888886,47.083333333333336,36,66
726,10,49.575757575757585,46.999999999999986,33,66
727,10,49.43750000000001,47.218749999999986,32,62
728,10,49.235294117647065,47.55882352941177,34,64
729,10,49.25714285714286,47.457142857142856,35,64
730,10,49.1764705882353,47.5,34,64
731,10,49.1764705882353,47.5,34,64
732,10,48.96875,47.6875,32,64
733,10,48.96875,47.8125,32,64
734,10,49.1875,47.5,32,62
735,10,49.121212121212125,47.57575757575757,33,64
736,10,49.121212121212125,47.57575757575757,33,64
737,10,49.088235294117645,47.6764705882353,34,64
738,10,49.18750000000001,48.03125,32,64
739,10,49.12903225806452,47.90322580645161,31,64
740,10,48.93333333333334,48.06666666666666,30,64
741,10,49.068965517241374,48.31034482758621,29,64
742,10,48.96551724137932,48.48275862068966,29,64
743,10,48.96551724137932,48.24137931034484,29,62
744,10,48.79310344827586,48.379310344827594,29,64
745,10,49.133333333333326,48.53333333333334,30,62
746,10,49,48.35483870967742,31,64
747,10,48.74193548387097,48.25806451612903,31,62
748,10,48.65625,48.21874999999999,32,62
749,10,48.65625,48.21874999999999,32,62
750,10,48.58064516129032,48.29032258064516,31,64
751,10,48.65625,48.28125,32,62
752,10,48.68750000000001,48.31250000000001,32,64
753,10,48.606060606060616,48.27272727272727,33,64
754,10,48.36363636363637,48.515151515151516,33,64
755,10,48.411764705882355,48.441176470588225,34,64
756,10,48.3939393939394,48.54545454545455,33,64
757,10,48.60000000000001,48.28571428571429,35,64
758,10,48.59375000000001,48.25000000000001,32,64
759,10,48.0909090909091,48.54545454545455,33,64
760,10,48.15151515151515,48.72727272727273,33,62
761,10,48.20588235294118,48.64705882352943,34,64
762,10,48.0625,48.531250000000014,32,62
763,10,48.0625,48.531250000000014,32,62
764,10,48.25,48.24999999999999,32,62
765,10,48.24242424242425,48.42424242424243,33,62
766,10,48.24242424242425,48.42424242424243,33,62
767,10,48.314285714285724,48.400000000000006,35,64
768,10,48.294117647058826,48.50000000000001,34,62
769,10,48.25,48.49999999999999,32,62
770,10,48.21875,48.46875,32,64
771,10,48.38709677419356,48.58064516129033,31,64
772,10,48.28124999999999,48.34374999999999,32,64
773,10,48.18181818181819,48.42424242424242,33,64
774,10,48.06060606060606,48.57575757575758,33,62
775,10,48.00000000000001,48.5,34,62
776,10,48.03125000000001,48.78125000000001,32,64
777,10,48.00000000000001,48.84375,32,62
778,10,48.03225806451612,48.93548387096775,31,62
779,10,48.03225806451612,48.93548387096775,31,62
780,10,48.281249999999986,48.96874999999999,32,62
781,10,48.281249999999986,48.96874999999999,32,62
782,10,48.11764705882353,49.05882352941176,34,64
783,10,48.08571428571429,49.142857142857146,35,64
784,10,48.23529411764706,49.32352941176471,34,64
785,10,48.15151515151515,49.363636363636374,33,64
786,10,48.000000000000014,49.06060606060606,33,64
787,10,48.03125000000001,49.15624999999999,32,64
788,10,48.03030303030303,49.18181818181817,33,62
789,10,47.9375,49.15624999999999,32,62
790,10,47.84848484848485,49.09090909090909,33,64
791,10,47.82352941176471,49.1764705882353,34,64
792,10,47.757575757575765,49.121212121212125,33,64
793,10,47.757575757575765,49.121212121212125,33,64
794,10,47.7878787878788,49.363636363636374,33,66
795,10,47.466666666666676,49.400000000000006,30,62
796,10,47.6551724137931,49.55172413793103,29,62
797,10,47.5,49.666666666666664,30,62
798,10,47.375000000000014,49.5625,32,64
799,10,47.34375000000001,49.53125,32,62
800,10,47.34375000000001,49.53125,32,62
801,10,47.323529411764696,49.61764705882353,34,64
802,10,47.44117647058823,49.470588235294116,34,64
803,10,47.42424242424243,49.57575757575758,33,62
804,10,47.3235294117647,49.94117647058823,34,66
805,10,47.50000000000001,49.875,32,62
806,10,47.606060606060616,49.878787878787875,33,64
807,10,47.65625000000001,50.125,32,64
808,10,47.794117647058826,49.99999999999999,34,64
809,10,47.86111111111112,49.944444444444436,36,66
810,10,47.81818181818182,49.72727272727273,33,62
811,10,47.97222222222222,49.916666666666664,36,64
812,10,48.00000000000001,49.828571428571436,35,64
813,10,48.00000000000001,49.828571428571436,35,64
814,10,48.00000000000001,49.828571428571436,35,64
815,10,48.02777777777779,49.91666666666668,36,64
816,10,48.08823529411765,49.76470588235295,34,64
817,10,47.90909090909091,49.54545454545455,33,64
818,10,47.96875,49.625,32,62
819,10,48.25806451612904,49.64516129032259,31,60
820,10,48.16129032258063,49.61290322580644,31,64
821,10,48.290322580645174,49.77419354838709,31,66
822,10,48.3125,49.968749999999986,32,64
823,10,48.294117647058826,50.05882352941177,34,66
824,10,48.15625,50.0625,32,64
825,10,47.96774193548387,50,31,64
826,10,48,50.09374999999999,32,64
827,10,48.18750000000001,49.78125,32,62
828,10,48.0909090909091,49.78787878787879,33,62
829,10,48.05882352941177,49.882352941176464,34,64
830,10,48.24999999999999,49.90625,32,62
831,10,48.212121212121204,50.18181818181818,33,64
832,10,48.33333333333333,49.93939393939394,33,62
833,10,48.33333333333333,49.93939393939394,33,62
834,10,48.33333333333333,49.93939393939394,33,62
835,10,48.42857142857144,50.22857142857142,35,64
836,10,48.63636363636363,50.272727272727266,33,62
837,10,48.55882352941177,49.79411764705883,34,64
838,10,48.63636363636364,49.848484848484844,33,64
839,10,48.65625000000001,50.09375000000001,32,62
840,10,48.78787878787879,49.909090909090914,33,62
841,10,48.87499999999999,49.875,32,62
842,10,48.87499999999999,49.875,32,62
843,10,48.64705882352942,49.970588235294116,34,64
844,10,48.656250000000014,49.96874999999999,32,64
845,10,48.58823529411766,49.647058823529406,34,64
846,10,48.58823529411766,49.647058823529406,34,64
847,10,48.666666666666664,49.696969696969695,33,64
848,10,48.861111111111114,50.055555555555564,36,66
849,10,48.852941176470594,49.794117647058826,34,66
850,10,48.83870967741935,49.774193548387096,31,62
851,10,48.794117647058826,49.88235294117647,34,64
852,10,48.91666666666667,49.972222222222214,36,64
853,10,48.875,49.81249999999999,32,62
854,10,48.937500000000014,49.68749999999999,32,62
855,10,49.06249999999999,49.8125,32,64
856,10,49.09090909090909,49.757575757575744,33,64
857,10,48.99999999999999,49.73529411764706,34,64
858,10,48.87878787878788,49.96969696969697,33,64
859,10,48.87878787878788,49.96969696969697,33,64
860,10,48.87500000000001,49.875,32,64
861,10,49.030303030303045,49.818181818181834,33,64
862,10,48.99999999999999,49.73529411764706,34,64
863,10,48.84848484848486,49.909090909090914,33,62
864,10,48.741935483870975,50.03225806451613,31,62
865,10,48.794117647058826,49.99999999999999,34,64
866,10,48.794117647058826,49.99999999999999,34,64
867,10,48.65517241379311,50.37931034482759,29,62
868,10,48.687500000000014,50.31250000000001,32,64
869,10,48.741935483870975,50.38709677419355,31,62
870,10,48.60606060606061,50.33333333333334,33,64
871,10,48.45714285714286,50.25714285714287,35,64
872,10,48.51515151515153,50.09090909090909,33,64
873,10,48.84375000000001,50.28125000000001,32,64
874,10,48.87096774193548,50.096774193548384,31,62
875,10,48.75,50.09374999999999,32,64
876,10,49.03333333333334,50,30,62
877,10,49.121212121212125,49.878787878787875,33,64
878,10,49.114285714285714,49.88571428571429,35,64
879,10,49.21875,50,32,62
880,10,49.24242424242425,50.06060606060606,33,64
881,10,49.228571428571435,50.05714285714286,35,66
882,10,49.333333333333336,50.242424242424235,33,62
883,10,49.40624999999999,50.31250000000001,32,62
884,10,49.48484848484848,50.24242424242424,33,64
885,10,49.411764705882355,50.1764705882353,34,64
886,10,49.25,50.28124999999999,32,62
887,10,49.12500000000001,50.406250000000014,32,62
888,10,49.11764705882353,50.38235294117647,34,64
889,10,49,50.03124999999999,32,64
890,10,48.73333333333335,50.13333333333333,30,64
891,10,48.67741935483871,50.00000000000001,31,62
892,10,48.516129032258064,50.0967741935484,31,64
893,10,48.61290322580646,50.03225806451613,31,62
894,10,48.50000000000001,49.9,30,64
895,10,48.43333333333333,49.8,30,62
896,10,48.67741935483872,49.935483870967744,31,64
897,10,48.666666666666664,49.833333333333336,36,66
898,10,48.588235294117645,49.73529411764705,34,66
899,10,48.666666666666664,49.833333333333336,36,66
900,10,48.411764705882355,50.05882352941176,34,66
901,10,48.66666666666667,49.93939393939394,33,66
902,10,48.48387096774194,49.903225806451616,31,62
903,10,48.43333333333334,50,30,60
904,10,48.43750000000001,49.96874999999999,32,64
905,10,48.28125,50.00000000000001,32,64
906,10,48.303030303030305,49.99999999999999,33,64
907,10,48.352941176470594,50.08823529411766,34,64
908,10,48.25714285714287,50.114285714285714,35,64
909,10,48.25714285714287,50.114285714285714,35,64
910,10,48.23529411764706,50.02941176470588,34,64
911,10,48.28571428571429,49.942857142857136,35,64
912,10,48.212121212121204,50.090909090909086,33,62
913,10,48.212121212121204,50.090909090909086,33,62
914,10,48.31249999999999,50.0625,32,62
915,10,48.424242424242415,50.06060606060606,33,64
916,10,48.41935483870968,49.87096774193549,31,62
917,10,48.15625000000001,49.8125,32,62
918,10,48.34375000000001,49.59375,32,64
919,10,48.27272727272728,49.60606060606061,33,66
920,10,48.451612903225815,49.54838709677419,31,64
921,10,48.45454545454546,49.454545454545446,33,66
922,10,48.64516129032259,49.29032258064516,31,62
923,10,48.718750000000014,49.34375,32,64
924,10,48.741935483870975,49.354838709677416,31,64
925,10,48.666666666666664,49.24242424242424,33,62
926,10,48.78787878787879,49.363636363636374,33,64
927,10,48.90909090909091,49.45454545454545,33,64
928,10,48.88235294117647,49.38235294117648,34,64
929,10,48.88235294117647,49.38235294117648,34,64
930,10,48.73529411764706,49.294117647058826,34,64
931,10,48.727272727272734,49.33333333333334,33,64
932,10,48.57575757575758,49.42424242424242,33,62
933,10,48.60000000000001,49.17142857142857,35,66
934,10,48.352941176470594,49.11764705882353,34,64
935,10,48.33333333333333,49.06060606060608,33,62
936,10,48.26470588235295,48.999999999999986,34,62
937,10,48.303030303030305,48.90909090909091,33,62
938,10,48.29411764705882,48.794117647058826,34,64
939,10,48.36363636363637,48.72727272727272,33,62
940,10,48.33333333333333,48.93939393939394,33,62
941,10,48.515151515151516,48.90909090909091,33,64
942,10,48.36363636363637,48.72727272727272,33,62
943,10,48.48484848484849,48.84848484848486,33,62
944,10,48.303030303030305,48.90909090909091,33,62
945,10,48.37500000000001,48.84375000000001,32,60
946,10,48.43333333333334,49.03333333333333,30,60
947,10,48.51515151515153,49.393939393939405,33,62
948,10,48.666666666666664,49.575757575757585,33,62
949,10,48.709677419354854,49.58064516129032,31,62
950,10,48.625,49.5,32,64
951,10,48.60606060606061,49.333333333333336,33,64
952,10,48.542857142857144,49.25714285714285,35,64
953,10,48.55882352941177,49.1764705882353,34,64
954,10,48.5,49.09375,32,64
955,10,48.25806451612904,49.09677419354839,31,62
956,10,48.235294117647065,49.264705882352935,34,64
957,10,48.411764705882355,49.1764705882353,34,64
958,10,48.28125,49.3125,32,62
959,10,47.9375,49.281249999999986,32,64
960,10,47.75,49.28125,32,64
961,10,47.84375000000001,49.375,32,60
962,10,47.88235294117648,49.41176470588234,34,64
963,10,47.84375000000001,49.531250000000014,32,62
964,10,48.03125000000001,49.625,32,62
965,10,48.03125000000001,49.625,32,62
966,10,48.00000000000001,49.91176470588235,34,64
967,10,48.00000000000001,49.91176470588235,34,64
968,10,47.96875,49.90625,32,62
969,10,47.90625000000001,49.96875,32,64
970,10,47.696969696969695,49.818181818181834,33,64
971,10,47.84848484848486,49.909090909090914,33,62
972,10,47.82352941176471,49.82352941176471,34,62
973,10,47.82352941176471,49.82352941176471,34,62
974,10,47.727272727272734,49.84848484848485,33,62
975,10,47.64516129032258,49.80645161290323,31,62
976,10,47.50000000000001,49.800000000000004,30,62
977,10,47.43749999999999,49.74999999999999,32,64
978,10,47.32258064516128,49.74193548387096,31,62
979,10,47.33333333333333,50.06060606060608,33,62
980,10,47.35483870967742,50.064516129032256,31,62
981,10,47.45454545454546,50.09090909090909,33,62
982,10,47.575757575757585,49.93939393939392,33,62
983,10,47.50000000000001,50.00000000000001,34,62
984,10,47.34375000000001,50.031250000000014,32,62
985,10,47.24242424242425,50.06060606060607,33,64
986,10,47.37500000000001,49.875,32,66
987,10,47.45161290322581,49.61290322580644,31,64
988,10,47.56666666666668,49.233333333333334,30,64
989,10,47.53125000000001,49.281250000000014,32,64
990,10,47.575757575757585,48.93939393939392,33,62
991,10,47.72727272727273,48.81818181818182,33,64
992,10,47.90322580645162,48.838709677419345,31,62
993,10,47.68750000000001,48.875,32,64
994,10,47.774193548387096,48.83870967741937,31,62
995,10,47.65625,49.03124999999999,32,62
996,10,47.64705882352942,48.941176470588225,34,64
997,10,47.53125000000001,49.125,32,62
998,10,47.38235294117647,49.176470588235304,34,64
999,10,47.36363636363636,49.24242424242425,33,64
1000,10,47.5625,49.15625,32,62
