time,id,com_1,com_2,area,surface
0.0,0,50.0,50.0,0.0,37.0,64.0
100.0,0,66.30555556,48.305555556,268.742284,36.0,64.0
200.0,0,84.96969697,48.181818182,1226.185491,33.0,64.0
300.0,0,103.17241379000001,47.137931034,2835.497027,29.0,64.0
400.0,0,124.10344828,44.275862069,5524.086801,29.0,64.0
500.0,0,142.23529412,42.882352941,8558.010381,34.0,66.0
600.0,0,159.2666667,42.0,12003.20444,30.0,64.0
700.0,0,178.5,43.46875,16554.90723,32.0,64.0
800.0,0,200.9677419,46.8064516129,22801.45786,31.0,66.0
900.0,0,221.09375,47.5,29279.32129,32.0,64.0
1000.0,0,241.28125,47.625,36594.15723,32.0,64.0
1100.0,0,261.4827586,47.103448276,44733.34721,29.0,62.0
1200.0,0,280.27272730000004,46.9696969697,53034.71166,33.0,64.0
1300.0,0,301.65625,49.96875,63330.86914,32.0,64.0
1400.0,0,322.3103448,51.275862069,74154.55172,29.0,64.0
1500.0,0,342.59375,50.84375,85611.81445,32.0,64.0
1600.0,0,363.7142857,47.057142857,98425.31347,35.0,64.0
1700.0,0,383.9393939,45.7878787879,111533.2608,33.0,66.0
1800.0,0,402.862069,47.0,124520.6397,29.0,62.0
1900.0,0,422.4,45.96666666667,138698.0278,30.0,62.0
2000.0,0,441.03125,42.0,152969.4385,32.0,66.0
2100.0,0,458.483871,43.580645161,166900.281,31.0,66.0
2200.0,0,479.3103448,44.724137931,184335.2069,29.0,64.0
2300.0,0,497.3235294,46.2941176471,200112.0735,34.0,64.0
2400.0,0,516.1,46.6333333333,217260.5444,30.0,62.0
2500.0,0,539.8214286,47.642857143,239930.588,28.0,64.0
2600.0,0,558.5142857,45.2285714286,258609.5453,35.0,66.0
2700.0,0,577.7142857,44.171428571,278516.3396,35.0,66.0
2800.0,0,598.7857143,43.678571429,301205.7207,28.0,60.0
2900.0,0,615.8823529,44.823529412,320249.6332,34.0,68.0
3000.0,0,635.4848485,45.0303030303,342817.2057,33.0,64.0
3100.0,0,657.1470588,46.2647058824,368641.5035,34.0,68.0
3200.0,0,674.0645161,48.935483871,389457.6535,31.0,62.0
3300.0,0,690.3870968,49.806451613,410095.6712,31.0,62.0
3400.0,0,710.137931,50.379310345,435782.2319,29.0,64.0
3500.0,0,731.6,47.266666667,464586.0311,30.0,64.0
3600.0,0,753.0967742,47.870967742,494349.6067,31.0,62.0
3700.0,0,770.7586207,48.413793103,519495.5054,29.0,64.0
3800.0,0,789.8709677,47.806451613,547413.8606,31.0,66.0
3900.0,0,810.5,51.0,578361.25,30.0,58.0
4000.0,0,830.2068966,48.827586207,608724.176,29.0,62.0
4100.0,0,849.8387097,47.096774194,639750.3902,31.0,64.0
4200.0,0,866.4705882,49.5,666624.4715,34.0,64.0
4300.0,0,886.4,50.033333333,699564.9611,30.0,62.0
4400.0,0,905.0,47.433333333,731031.5878,30.0,66.0
4500.0,0,925.9375,47.1875,767274.4141,32.0,64.0
4600.0,0,947.8709677,46.7419354839,806182.8897,31.0,64.0
4700.0,0,967.7096774,44.032258065,842226.666,31.0,64.0
4800.0,0,986.1212121,46.6666666667,876334.0349,33.0,66.0
4900.0,0,1005.1764706,47.5,912368.34,34.0,64.0
5000.0,0,1022.0333333,49.2,944849.4411,30.0,66.0
5100.0,0,1040.9,47.366666667,981889.7444,30.0,62.0
5200.0,0,1059.242424,45.1818181818,1018593.486,33.0,66.0
5300.0,0,1078.4375,43.0625,1057731.82,32.0,64.0
5400.0,0,1096.71875,43.34375,1095664.447,32.0,62.0
5500.0,0,1115.5625,46.3125,1135437.039,32.0,64.0
5600.0,0,1134.3,48.066666667,1175710.228,30.0,62.0
5700.0,0,1154.441176,49.205882353,1219790.943,34.0,64.0
5800.0,0,1174.466667,46.5666666667,1264437.072,30.0,66.0
5900.0,0,1196.241379,44.206896552,1313902.86,29.0,66.0
6000.0,0,1215.314286,44.828571429,1357984.128,35.0,64.0
6100.0,0,1235.117647,45.6764705882,1404522.53,34.0,66.0
6200.0,0,1255.8125,44.15625,1454017.935,32.0,66.0
6300.0,0,1275.25,44.75,1501265.125,32.0,66.0
6400.0,0,1295.121212,43.96969697,1550363.197,33.0,66.0
6500.0,0,1315.0,44.935483871,1600250.649,31.0,62.0
6600.0,0,1338.7,42.5,1660803.94,30.0,62.0
6700.0,0,1358.096774,39.161290323,1711234.648,31.0,68.0
6800.0,0,1376.375,39.09375,1759389.587,32.0,64.0
6900.0,0,1394.233333,39.833333333,1807066.616,30.0,66.0
7000.0,0,1413.129032,39.0,1858241.759,31.0,66.0
7100.0,0,1432.4375,39.21875,1911249.677,32.0,64.0
7200.0,0,1453.484848,36.96969697,1969939.509,33.0,66.0
7300.0,0,1475.30303,35.93939394,2031686.429,33.0,66.0
7400.0,0,1496.441176,30.38235294,2092576.929,34.0,66.0
7500.0,0,1515.354839,31.61290323,2147602.889,31.0,66.0
7600.0,0,1535.322581,36.612903226,2206362.383,31.0,64.0
7700.0,0,1558.125,34.0,2274697.016,32.0,66.0
7800.0,0,1576.466667,30.033333329999998,2330499.152,30.0,66.0
7900.0,0,1597.516129,32.29032258,2395119.802,31.0,68.0
8000.0,0,1616.4375,30.03125,2454125.192,32.0,66.0
8100.0,0,1634.933333,30.333333330000002,2512400.449,30.0,66.0
8200.0,0,1655.870968,30.70967742,2579193.682,31.0,64.0
8300.0,0,1675.375,27.3125,2642358.613,32.0,64.0
8400.0,0,1694.575758,26.66666667,2705173.867,33.0,64.0
8500.0,0,1715.709677,24.41935484,2775243.099,31.0,62.0
8600.0,0,1733.970588,27.26470588,2836273.836,34.0,66.0
8700.0,0,1753.741935,24.5483871,2903384.367,31.0,64.0
8800.0,0,1774.181818,23.84848485,2973486.844,33.0,66.0
8900.0,0,1793.142857,22.14285714,3039323.041,28.0,60.0
9000.0,0,1810.5,22.96666667,3100091.051,30.0,64.0
9100.0,0,1831.733333,23.23333333,3175290.126,30.0,66.0
9200.0,0,1845.655172,26.5862069,3224925.704,29.0,64.0
9300.0,0,1864.310345,30.82758621,3292089.609,29.0,62.0
9400.0,0,1883.090909,32.272727270000004,3360536.537,33.0,64.0
9500.0,0,1902.25,29.46428571,3431251.778,28.0,62.0
9600.0,0,1924.242424,27.66666667,3513283.443,33.0,62.0
9700.0,0,1943.0,23.24137931,3584165.024,29.0,62.0
9800.0,0,1964.6,22.56666667,3666445.748,30.0,66.0
9900.0,0,1986.46875,18.5625,3750899.536,32.0,62.0
10000.0,0,2006.677419,14.870967740000001,3829820.572,31.0,64.0
0.0,1,50.0,50.0,0.0,37.0,64.0
100.0,1,70.90625,50.59375,437.4238281,32.0,64.0
200.0,1,91.35483871,48.419354839,1712.721124,31.0,64.0
300.0,1,110.61290323,48.580645161,3675.938606,31.0,64.0
400.0,1,130.15625,46.25,6439.086914,32.0,64.0
500.0,1,150.53125,46.84375,10116.49414,32.0,64.0
600.0,1,171.3939394,45.4545454545,14757.14968,33.0,64.0
700.0,1,191.8235294,41.0,20194.91349,34.0,64.0
800.0,1,212.8709677,38.774193548,26652.97086,31.0,62.0
900.0,1,229.8333333,38.972222222,32461.63966,36.0,66.0
1000.0,1,252.15625,38.34375,41003.01758,32.0,64.0
1100.0,1,268.1666667,35.6,47804.05444,30.0,64.0
1200.0,1,285.09375,36.21875,55458.99414,32.0,64.0
1300.0,1,303.2580645,40.0,64239.64724,31.0,64.0
1400.0,1,321.8125,36.25,74071.09766,32.0,66.0
1500.0,1,343.0625,34.1875,86135.66406,32.0,64.0
1600.0,1,362.4193548,32.61290323,97908.16441,31.0,64.0
1700.0,1,381.8928571,31.928571429999998,110479.4452,28.0,62.0
1800.0,1,401.9393939,33.57575758,124131.0927,33.0,64.0
1900.0,1,422.4242424,31.84848485,139029.2938,33.0,64.0
2000.0,1,443.5588235,30.08823529,155285.026,34.0,64.0
2100.0,1,460.1290323,31.96774194,168530.9854,31.0,64.0
2200.0,1,481.71875,33.5625,186651.2705,32.0,66.0
2300.0,1,501.516129,36.774193548,204041.7367,31.0,66.0
2400.0,1,523.09375,33.75,224081.7588,32.0,64.0
2500.0,1,543.3823529,35.82352941,243627.1185,34.0,64.0
2600.0,1,561.6875,37.5625,261978.7891,32.0,64.0
2700.0,1,581.4375,37.53125,282581.2861,32.0,66.0
2800.0,1,602.78125,35.03125,305791.1738,32.0,64.0
2900.0,1,617.7352941,33.67647059,322589.8218,34.0,66.0
3000.0,1,635.1714286,33.68571429,342691.7567,35.0,66.0
3100.0,1,655.3636364,35.3030303,366681.1331,33.0,64.0
3200.0,1,675.5483871,34.51612903,391550.5349,31.0,68.0
3300.0,1,694.4482759,33.137931030000004,415597.9096,29.0,64.0
3400.0,1,711.3,31.76666667,437650.1444,30.0,62.0
3500.0,1,728.5757576,33.0,460754.0588,33.0,66.0
3600.0,1,748.9090909,33.57575758,488743.6731,33.0,66.0
3700.0,1,767.7,31.1,515450.5,30.0,64.0
3800.0,1,788.1935484,29.77419355,545338.7981,31.0,64.0
3900.0,1,805.8823529,28.14705882,571835.6825,34.0,66.0
4000.0,1,825.483871,28.96774194,601817.59,31.0,62.0
4100.0,1,846.96875,27.65625,635658.4316,32.0,64.0
4200.0,1,864.7333333,27.0,664319.4044,30.0,66.0
4300.0,1,886.4516129,27.48387097,700158.2768,31.0,64.0
4400.0,1,905.3030303,27.51515152,732048.8421,33.0,66.0
4500.0,1,924.0909091,31.545454550000002,764375.4876,33.0,62.0
4600.0,1,945.0,30.65517241,801399.2224,29.0,68.0
4700.0,1,960.8666667,32.433333329999996,829986.6722,30.0,64.0
4800.0,1,979.6428571,31.821428570000002,864566.3023,28.0,62.0
4900.0,1,996.875,31.125,896928.5312,32.0,66.0
5000.0,1,1014.7419355,30.70967742,931099.1186,31.0,68.0
5100.0,1,1029.84375,33.25,960374.3369,32.0,64.0
5200.0,1,1047.241379,31.551724139999997,994830.7075,29.0,66.0
5300.0,1,1066.833333,31.666666669999998,1034286.139,30.0,66.0
5400.0,1,1085.916667,35.47222222,1073334.397,36.0,66.0
5500.0,1,1103.677419,38.0,1110380.104,31.0,62.0
5600.0,1,1123.617647,38.558823529,1152785.753,34.0,66.0
5700.0,1,1142.21875,35.59375,1193149.338,32.0,66.0
5800.0,1,1160.433333,31.93333333,1233388.592,30.0,64.0
5900.0,1,1179.09375,31.5,1275194.946,32.0,66.0
6000.0,1,1197.363636,28.6969697,1316897.133,33.0,66.0
6100.0,1,1217.181818,28.84848485,1362760.783,33.0,66.0
6200.0,1,1238.0625,29.8125,1411900.039,32.0,64.0
6300.0,1,1257.294118,30.147058819999998,1457953.226,34.0,66.0
6400.0,1,1275.727273,28.51515152,1502868.946,33.0,64.0
6500.0,1,1296.677419,27.96774194,1554690.008,31.0,62.0
6600.0,1,1318.029412,24.73529412,1608536.894,34.0,66.0
6700.0,1,1338.470588,23.85294118,1660840.125,34.0,66.0
6800.0,1,1357.212121,24.84848485,1709436.129,33.0,64.0
6900.0,1,1373.566667,25.36666667,1752435.522,30.0,64.0
7000.0,1,1390.5,29.0,1797381.25,28.0,62.0
7100.0,1,1409.133333,25.9,1847824.228,30.0,66.0
7200.0,1,1427.107143,24.21428571,1897088.986,28.0,64.0
7300.0,1,1442.59375,24.03125,1939991.729,32.0,62.0
7400.0,1,1461.733333,24.16666667,1993658.366,30.0,66.0
7500.0,1,1482.181818,23.57575758,2051843.001,33.0,64.0
7600.0,1,1501.833333,25.06666667,2108441.699,30.0,66.0
7700.0,1,1518.71875,24.4375,2157788.208,32.0,62.0
7800.0,1,1537.516129,24.25806452,2213366.881,31.0,64.0
7900.0,1,1554.8125,26.4375,2265015.852,32.0,62.0
8000.0,1,1573.09375,27.21875,2320333.557,32.0,64.0
8100.0,1,1594.30303,27.24242424,2385389.757,33.0,66.0
8200.0,1,1614.9375,27.375,2449541.27,32.0,66.0
8300.0,1,1634.393939,25.21212121,2510918.594,33.0,64.0
8400.0,1,1655.5,20.86666667,2578479.001,30.0,64.0
8500.0,1,1673.060606,19.48484848,2635256.905,33.0,66.0
8600.0,1,1692.939394,18.51515152,2700241.148,33.0,64.0
8700.0,1,1714.212121,18.42424242,2770599.013,33.0,66.0
8800.0,1,1733.933333,20.16666667,2836521.499,30.0,68.0
8900.0,1,1755.53125,17.96875,2909862.846,32.0,66.0
9000.0,1,1775.233333,18.3,2977434.944,30.0,60.0
9100.0,1,1793.166667,16.2,3039772.468,30.0,66.0
9200.0,1,1812.333333,20.0,3106718.778,30.0,62.0
9300.0,1,1831.606061,20.0,3175020.155,33.0,64.0
9400.0,1,1850.027778,21.25,3240926.563,36.0,66.0
9500.0,1,1868.8125,22.0,3308862.91,32.0,66.0
9600.0,1,1888.65625,20.21875,3381543.729,32.0,64.0
9700.0,1,1906.516129,18.87096774,3447621.154,31.0,64.0
9800.0,1,1927.25,18.28125,3525073.642,32.0,62.0
9900.0,1,1949.84375,19.5625,3610332.716,32.0,66.0
10000.0,1,1968.5,18.05882353,3681662.489,34.0,66.0
0.0,2,50.0,50.0,0.0,37.0,64.0
100.0,2,68.70588235,49.264705882,350.450692,34.0,64.0
200.0,2,86.63636364,49.909090909,1342.231405,33.0,68.0
300.0,2,105.38709677,48.096774194,3071.352758,31.0,64.0
400.0,2,125.93939394,48.757575758,5768.33517,33.0,64.0
500.0,2,143.84375,49.46875,8806.931641,32.0,64.0
600.0,2,162.7419355,47.225806452,12718.44017,31.0,64.0
700.0,2,182.6333333,43.633333333,17632.13556,30.0,62.0
800.0,2,199.9677419,44.516129032,22520.39646,31.0,64.0
900.0,2,221.1,44.766666667,29302.59778,30.0,66.0
1000.0,2,239.46875,47.4375,35904.97363,32.0,62.0
1100.0,2,258.2333333,47.3,43368.41111,30.0,62.0
1200.0,2,274.46153849999996,48.576923077000004,50385.0074,26.0,62.0
1300.0,2,295.516129,48.0,60282.16961,31.0,64.0
1400.0,2,312.0645161,46.6774193548,68688.85016,31.0,64.0
1500.0,2,331.0,46.8125,78971.16016,32.0,66.0
1600.0,2,349.2,47.333333333,89527.75111,30.0,62.0
1700.0,2,367.1724138,47.379310345,100605.2081,29.0,62.0
1800.0,2,388.78125,46.09375,114787.9941,32.0,64.0
1900.0,2,406.8484848,47.393939394,127347.6327,33.0,66.0
2000.0,2,427.2258065,45.5161290323,142319.4142,31.0,64.0
2100.0,2,447.4848485,46.8484848485,158004.1368,33.0,66.0
2200.0,2,466.0,48.5625,173058.0664,32.0,66.0
2300.0,2,486.5,47.21875,190539.9854,32.0,66.0
2400.0,2,504.125,50.1875,206229.5508,32.0,64.0
2500.0,2,522.3870968,47.967741935,223153.6993,31.0,62.0
2600.0,2,544.125,45.46875,244180.0479,32.0,68.0
2700.0,2,562.2058824,44.294117647,262387.423,34.0,64.0
2800.0,2,581.0,46.8666666667,281970.8178,30.0,64.0
2900.0,2,598.8787879,47.424242424,301274.5583,33.0,64.0
3000.0,2,614.4242424,48.878787879,318575.9826,33.0,64.0
3100.0,2,631.03125,52.0625,337601.5674,32.0,66.0
3200.0,2,650.1333333,52.2,360164.8578,30.0,62.0
3300.0,2,670.2424242,53.242424242,384711.1781,33.0,66.0
3400.0,2,692.9142857,51.942857143,413342.5535,35.0,66.0
3500.0,2,712.4444444,52.888888889,438840.9877,27.0,62.0
3600.0,2,735.6363636,56.60606061,470140.8632,33.0,66.0
3700.0,2,757.8333333,54.233333333,501045.9489,30.0,64.0
3800.0,2,778.6774194,58.32258065,531040.0468,31.0,66.0
3900.0,2,796.6571429,62.28571429,557647.8278,35.0,66.0
4000.0,2,815.75,59.09375,586455.7588,32.0,68.0
4100.0,2,836.7586207,60.0,619089.1272,29.0,64.0
4200.0,2,856.3125,63.65625,650326.3408,32.0,62.0
4300.0,2,873.125,64.0,677730.7656,32.0,66.0
4400.0,2,895.21875,67.03125,714684.7988,32.0,64.0
4500.0,2,915.5757576,67.93939394,749543.214,33.0,64.0
4600.0,2,933.1818182,68.27272727,780344.0165,33.0,66.0
4700.0,2,954.53125,67.84375,818495.1816,32.0,66.0
4800.0,2,974.65625,69.53125,855370.6504,32.0,64.0
4900.0,2,994.2903226,67.25806452,891982.0541,31.0,62.0
5000.0,2,1015.8333333,65.83333333,933084.7222,30.0,66.0
5100.0,2,1034.0,65.41176471,968493.5225,34.0,66.0
5200.0,2,1051.0333329999999,67.8,1002384.574,30.0,64.0
5300.0,2,1070.5,70.0,1041820.25,32.0,62.0
5400.0,2,1088.290323,67.12903226,1078340.198,31.0,60.0
5500.0,2,1106.03125,67.375,1115503.892,32.0,64.0
5600.0,2,1127.75,64.15625,1161745.462,32.0,64.0
5700.0,2,1148.65625,63.03125,1207215.369,32.0,64.0
5800.0,2,1168.533333,60.7,1251231.308,30.0,62.0
5900.0,2,1185.909091,59.24242424,1290374.885,33.0,62.0
6000.0,2,1203.9,62.4,1331638.97,30.0,64.0
6100.0,2,1222.290323,59.806451609999996,1374360.767,31.0,64.0
6200.0,2,1244.34375,59.9375,1426555.747,32.0,66.0
6300.0,2,1265.387097,64.0,1477361.795,31.0,60.0
6400.0,2,1284.71875,64.71875,1524747.033,32.0,62.0
6500.0,2,1303.8,64.93333333,1572237.444,30.0,64.0
6600.0,2,1326.272727,64.81818182,1629091.653,33.0,66.0
6700.0,2,1344.714286,64.17857143,1676486.114,28.0,66.0
6800.0,2,1364.121212,60.84848485,1727032.25,33.0,64.0
6900.0,2,1382.757576,62.6969697,1776403.969,33.0,64.0
7000.0,2,1404.78125,64.5625,1835644.302,32.0,62.0
7100.0,2,1423.9375,61.875,1887845.27,32.0,66.0
7200.0,2,1445.382353,63.705882349999996,1947279.762,34.0,64.0
7300.0,2,1463.411765,64.79411765,1997951.683,34.0,68.0
7400.0,2,1485.176471,64.32352940999999,2059936.665,34.0,64.0
7500.0,2,1503.147059,65.0,2111861.375,34.0,68.0
7600.0,2,1521.387097,64.0,2165175.989,31.0,62.0
7700.0,2,1541.0,67.1875,2223376.41,32.0,62.0
7800.0,2,1556.294118,66.23529411999999,2269185.554,34.0,66.0
7900.0,2,1576.290323,72.77419355,2330080.813,31.0,66.0
8000.0,2,1595.53125,75.21875,2389302.83,32.0,64.0
8100.0,2,1614.909091,73.57575758,2449496.279,33.0,66.0
8200.0,2,1632.7,75.5,2505589.54,30.0,64.0
8300.0,2,1651.62963,76.48148148,2565918.739,27.0,64.0
8400.0,2,1670.34375,76.65625,2626224.424,32.0,62.0
8500.0,2,1688.96875,76.625,2686927.454,32.0,66.0
8600.0,2,1708.0,79.75,2749849.062,32.0,64.0
8700.0,2,1728.516129,82.41935484,2818467.41,31.0,64.0
8800.0,2,1747.125,84.875,2881449.531,32.0,66.0
8900.0,2,1767.129032,87.5483871,2949941.995,31.0,66.0
9000.0,2,1784.848485,88.09090909,3011150.183,33.0,64.0
9100.0,2,1807.142857,86.07142857,3088852.168,28.0,66.0
9200.0,2,1829.735294,86.91176471,3168820.196,34.0,64.0
9300.0,2,1850.5625,86.71875,3243373.583,32.0,64.0
9400.0,2,1871.575758,87.06060606,3319511.729,33.0,64.0
9500.0,2,1890.21875,84.15625,3387571.697,32.0,64.0
9600.0,2,1908.5,82.26666667,3455063.388,30.0,60.0
9700.0,2,1927.575758,85.54545455,3526554.205,33.0,66.0
9800.0,2,1950.724138,91.20689655000001,3614450.257,29.0,64.0
9900.0,2,1969.4375,91.59375,3685970.356,32.0,62.0
10000.0,2,1988.787879,88.3030303,3760365.561,33.0,66.0
0.0,3,50.0,50.0,0.0,37.0,64.0
100.0,3,68.03030303,50.818181818,325.7612489,33.0,62.0
200.0,3,89.9375,51.21875,1596.489258,32.0,64.0
300.0,3,107.25,52.625,3284.453125,32.0,64.0
400.0,3,128.93939394,54.878787879,6255.230487,33.0,64.0
500.0,3,149.5945946,55.648648649,9950.990504,37.0,68.0
600.0,3,164.5172414,56.793103450000004,13160.34483,29.0,64.0
700.0,3,183.1,56.36666667,17756.14444,30.0,62.0
800.0,3,202.5666667,57.33333333,23330.36556,30.0,62.0
900.0,3,222.2941176,52.147058824,29689.87284,34.0,66.0
1000.0,3,241.2666667,52.766666667,36590.59222,30.0,62.0
1100.0,3,256.6333333,53.266666667,42708.00556,30.0,62.0
1200.0,3,274.7666667,53.5,50532.30444,30.0,66.0
1300.0,3,294.5806452,52.903225806,59828.12071,31.0,62.0
1400.0,3,313.3548387,53.903225806,69371.00624,31.0,64.0
1500.0,3,331.030303,55.484848485,79008.11478,33.0,66.0
1600.0,3,350.375,55.28125,90253.03223,32.0,62.0
1700.0,3,369.0967742,54.741935484,101845.2373,31.0,64.0
1800.0,3,390.96875,53.4375,116271.5049,32.0,64.0
1900.0,3,408.862069,52.862068966,128790.176,29.0,64.0
2000.0,3,428.7777778,51.592592593,143475.1413,27.0,60.0
2100.0,3,448.137931,56.48275862,158555.8383,29.0,62.0
2200.0,3,467.9090909,58.15151515,174714.4555,33.0,64.0
2300.0,3,486.7352941,58.0,190801.7171,34.0,66.0
2400.0,3,505.1666667,56.66666667,207221.1389,30.0,62.0
2500.0,3,524.9393939,54.484848485,225587.5418,33.0,66.0
2600.0,3,541.5625,51.96875,241637.5674,32.0,66.0
2700.0,3,565.2121212,50.575757576,265443.8613,33.0,64.0
2800.0,3,583.46875,55.375,284617.7979,32.0,64.0
2900.0,3,602.2758621,54.724137931,305030.9453,29.0,60.0
3000.0,3,622.7666667,57.63333333,328119.9222,30.0,64.0
3100.0,3,640.0,56.36363636,348140.4959,33.0,64.0
3200.0,3,660.7352941,58.205882349999996,373064.936,34.0,66.0
3300.0,3,679.3448276,59.31034483,396161.5945,29.0,62.0
3400.0,3,697.7666667,56.3,419641.3444,30.0,66.0
3500.0,3,718.2121212,53.545454545,446520.0092,33.0,62.0
3600.0,3,738.0967742,53.483870968,473489.308,31.0,62.0
3700.0,3,756.9,55.033333333,499732.9444,30.0,62.0
3800.0,3,775.96875,56.5625,527073.6924,32.0,64.0
3900.0,3,796.6857143,56.4,557580.5159,35.0,64.0
4000.0,3,815.8666667,57.13333333,586602.6356,30.0,62.0
4100.0,3,832.9142857,60.4,613062.9388,35.0,68.0
4200.0,3,851.0666667,58.566666670000004,641781.1922,30.0,62.0
4300.0,3,870.7,55.9,673583.3,30.0,60.0
4400.0,3,891.0606061,56.75757576,707428.6079,33.0,64.0
4500.0,3,909.2647059,55.411764706,738365.122,34.0,66.0
4600.0,3,925.3,56.53333333,766192.7744,30.0,66.0
4700.0,3,943.9333333,55.733333333,799149.6756,30.0,66.0
4800.0,3,962.7096774,56.967741939999996,833087.5047,31.0,64.0
4900.0,3,981.09375,57.625,866993.7119,32.0,62.0
5000.0,3,1001.2857143,58.2,905011.7502,35.0,66.0
5100.0,3,1024.7272727,57.21212121,950145.2709,33.0,64.0
5200.0,3,1042.8823529000001,58.382352940000004,985885.6306,34.0,64.0
5300.0,3,1061.151515,59.272727270000004,1022513.37,33.0,64.0
5400.0,3,1083.484848,57.18181818,1068142.511,33.0,66.0
5500.0,3,1102.090909,57.51515152,1106951.758,33.0,64.0
5600.0,3,1120.064516,57.645161290000004,1145096.517,31.0,62.0
5700.0,3,1141.875,58.4375,1192262.207,32.0,66.0
5800.0,3,1161.484848,60.6969697,1235512.994,33.0,64.0
5900.0,3,1179.137931,57.68965517,1275011.598,29.0,62.0
6000.0,3,1196.96875,57.6875,1315596.411,32.0,64.0
6100.0,3,1217.258065,57.806451609999996,1362552.33,31.0,66.0
6200.0,3,1235.818182,60.03030303,1406265.367,33.0,66.0
6300.0,3,1255.133333,59.6,1452438.511,30.0,64.0
6400.0,3,1277.0,61.73333333,1505666.671,30.0,62.0
6500.0,3,1294.482759,63.206896549999996,1548911.759,29.0,64.0
6600.0,3,1311.833333,62.76666667,1592386.349,30.0,66.0
6700.0,3,1331.818182,60.57575758,1643169.698,33.0,64.0
6800.0,3,1354.787879,61.84848485,1702611.795,33.0,64.0
6900.0,3,1376.0,61.125,1758399.766,32.0,64.0
7000.0,3,1395.733333,59.26666667,1811084.076,30.0,66.0
7100.0,3,1415.448276,57.31034483,1864502.435,29.0,58.0
7200.0,3,1434.242424,58.66666667,1916202.2,33.0,64.0
7300.0,3,1452.53125,56.875,1967141.173,32.0,64.0
7400.0,3,1474.59375,55.0,2029492.353,32.0,64.0
7500.0,3,1496.0,55.967741935,2090951.614,31.0,64.0
7600.0,3,1514.625,58.125,2145192.406,32.0,64.0
7700.0,3,1530.75,59.8125,2192716.848,32.0,64.0
7800.0,3,1549.647059,59.67647059,2249034.935,34.0,66.0
7900.0,3,1571.9,60.76666667,2316295.531,30.0,64.0
8000.0,3,1591.65625,59.5625,2376795.435,32.0,62.0
8100.0,3,1609.0625,59.46875,2430765.536,32.0,64.0
8200.0,3,1628.074074,56.92592593,2490365.752,27.0,60.0
8300.0,3,1645.833333,58.066666670000004,2546749.099,30.0,62.0
8400.0,3,1660.387097,57.032258060000004,2593396.054,31.0,64.0
8500.0,3,1679.806452,53.806451613,2656283.559,31.0,62.0
8600.0,3,1697.848485,58.93939394,2715484.542,33.0,66.0
8700.0,3,1715.032258,57.25806452,2772385.1,31.0,62.0
8800.0,3,1732.548387,55.258064516,2830996.722,31.0,64.0
8900.0,3,1750.375,55.25,2891302.703,32.0,62.0
9000.0,3,1771.151515,57.54545455,2962419.472,33.0,66.0
9100.0,3,1793.354839,56.29032258,3039325.662,31.0,66.0
9200.0,3,1815.151515,58.121212119999996,3115825.826,33.0,68.0
9300.0,3,1832.677419,59.967741939999996,3178038.137,31.0,64.0
9400.0,3,1850.192308,58.38461538,3240762.646,26.0,64.0
9500.0,3,1870.666667,57.24242424,3314879.564,33.0,68.0
9600.0,3,1888.516129,57.032258060000004,3380191.009,31.0,64.0
9700.0,3,1907.125,60.9375,3449032.895,32.0,66.0
9800.0,3,1924.741935,60.51612903,3514767.914,31.0,64.0
9900.0,3,1943.032258,59.61290323,3583663.538,31.0,62.0
10000.0,3,1961.233333,57.13333333,3652863.739,30.0,64.0
0.0,4,50.0,50.0,0.0,37.0,64.0
100.0,4,70.12903226,47.516129032,411.3475546,31.0,64.0
200.0,4,90.5,51.466666667,1642.401111,30.0,62.0
300.0,4,109.11764706,54.882352941,3518.733564,34.0,64.0
400.0,4,128.16129032,60.41935484,6217.75026,31.0,64.0
500.0,4,148.375,61.8125,9817.175781,32.0,64.0
600.0,4,168.4516129,64.25806452,14234.077,31.0,66.0
700.0,4,184.8064516,65.22580645,18404.60458,31.0,64.0
800.0,4,203.3103448,65.17241379000001,23734.26397,29.0,66.0
900.0,4,221.1785714,62.71428571,29463.75638,28.0,62.0
1000.0,4,241.4333333,62.4,36800.48111,30.0,66.0
1100.0,4,259.48571430000004,61.114285710000004,44007.79184,35.0,66.0
1200.0,4,279.8387097,59.0,52906.83247,31.0,66.0
1300.0,4,301.5,57.92857143,63315.11224,28.0,60.0
1400.0,4,320.6896552,55.655172414,73304.87039,29.0,64.0
1500.0,4,341.2758621,54.586206897,84862.66112,29.0,64.0
1600.0,4,362.0,54.03030303,97360.24334,33.0,64.0
1700.0,4,379.3030303,53.727272727,108454.3783,33.0,64.0
1800.0,4,400.0,51.303030303,122501.6979,33.0,66.0
1900.0,4,421.030303,50.484848485,137663.7208,33.0,66.0
2000.0,4,442.2580645,49.806451613,153866.4266,31.0,64.0
2100.0,4,460.7666667,50.7,168729.7444,30.0,62.0
2200.0,4,481.96875,52.65625,186604.0566,32.0,66.0
2300.0,4,501.9354839,51.709677419,204248.6046,31.0,62.0
2400.0,4,522.5428571,51.8,223299.9918,35.0,64.0
2500.0,4,544.4482759,50.0,244479.0975,29.0,62.0
2600.0,4,564.3888889,49.416666667,264596.2693,36.0,68.0
2700.0,4,583.3666667,51.9,284483.6111,30.0,62.0
2800.0,4,602.4,51.366666667,305147.6278,30.0,62.0
2900.0,4,620.4516129,51.387096774,325416.9667,31.0,64.0
3000.0,4,639.7,55.366666667000004,347774.8911,30.0,60.0
3100.0,4,660.3333333,52.727272727,372514.2158,33.0,66.0
3200.0,4,679.9310345,53.517241379,396825.4792,29.0,62.0
3300.0,4,697.4137931,56.48275862,419186.6457,29.0,60.0
3400.0,4,716.90625,59.90625,444862.0801,32.0,66.0
3500.0,4,738.7142857,58.142857140000004,474393.6735,28.0,64.0
3600.0,4,759.1176471,59.67647059,502941.4715,34.0,66.0
3700.0,4,776.875,63.125,528519.5312,32.0,66.0
3800.0,4,793.5151515,60.121212119999996,552917.2195,33.0,64.0
3900.0,4,813.4516129,63.22580645,583033.2872,31.0,64.0
4000.0,4,835.4516129,63.741935479999995,617123.077,31.0,64.0
4100.0,4,853.2903226,62.70967742,645436.8783,31.0,68.0
4200.0,4,871.6666667,64.06060606,675333.8118,33.0,68.0
4300.0,4,892.125,69.5625,709557.207,32.0,64.0
4400.0,4,914.2580645,72.83870968,747463.6087,31.0,64.0
4500.0,4,932.7741935,73.90322581,779861.641,31.0,62.0
4600.0,4,949.1764706,74.35294118,809111.391,34.0,66.0
4700.0,4,969.7586207,72.68965517000001,846470.7408,29.0,62.0
4800.0,4,990.7666667,73.36666667,885587.9222,30.0,66.0
4900.0,4,1008.7878788,74.09090909,919854.5684,33.0,64.0
5000.0,4,1028.7741935,73.4516129,958548.9001,31.0,62.0
5100.0,4,1049.166667,75.4,998979.1878,30.0,64.0
5200.0,4,1068.34375,72.65625,1037537.299,32.0,64.0
5300.0,4,1089.757576,70.06060606,1081498.244,33.0,66.0
5400.0,4,1108.0,73.62068966,1119921.937,29.0,64.0
5500.0,4,1125.939394,76.93939394,1158371.31,33.0,64.0
5600.0,4,1143.151515,76.3030303,1195672.084,33.0,66.0
5700.0,4,1159.785714,74.96428571,1232247.547,28.0,62.0
5800.0,4,1177.764706,74.85294118,1272470.901,34.0,68.0
5900.0,4,1194.484848,73.87878788,1310415.765,33.0,66.0
6000.0,4,1215.37037,74.74074074,1358700.204,27.0,60.0
6100.0,4,1235.137931,74.75862069,1405164.905,29.0,62.0
6200.0,4,1254.387097,74.09677419,1451128.933,31.0,64.0
6300.0,4,1274.333333,75.23333333,1499628.832,30.0,62.0
6400.0,4,1293.193548,75.35483871,1546173.067,31.0,62.0
6500.0,4,1313.65625,73.125,1597361.884,32.0,66.0
6600.0,4,1332.96875,71.625,1646476.454,32.0,68.0
6700.0,4,1352.935484,71.03225806,1698083.231,31.0,64.0
6800.0,4,1371.612903,68.83870968,1747015.563,31.0,66.0
6900.0,4,1393.4375,67.15625,1805118.653,32.0,62.0
7000.0,4,1414.181818,66.72727273,1861271.835,33.0,66.0
7100.0,4,1433.78125,66.46875,1915121.768,32.0,62.0
7200.0,4,1453.066667,67.43333333,1968899.992,30.0,62.0
7300.0,4,1470.166667,69.1,2017238.171,30.0,62.0
7400.0,4,1488.413793,68.31034482999999,2069369.509,29.0,62.0
7500.0,4,1507.242424,66.3030303,2123821.272,33.0,62.0
7600.0,4,1526.727273,62.78787879,2180886.968,33.0,66.0
7700.0,4,1546.766667,62.86666667,2240476.006,30.0,62.0
7800.0,4,1564.405405,60.513513509999996,2293534.266,37.0,66.0
7900.0,4,1580.314286,61.08571429,2341984.706,35.0,66.0
8000.0,4,1599.393939,58.18181818,2400688.522,33.0,64.0
8100.0,4,1617.580645,59.87096774,2457406.515,31.0,64.0
8200.0,4,1638.864865,58.918918919999996,2524571.106,37.0,66.0
8300.0,4,1658.060606,57.03030303,2585908.338,33.0,66.0
8400.0,4,1676.645161,55.064516129,2646000.13,31.0,62.0
8500.0,4,1698.4,51.733333333,2717225.564,30.0,62.0
8600.0,4,1719.352941,53.735294118,2786753.195,34.0,64.0
8700.0,4,1739.033333,53.566666667,2852846.322,30.0,62.0
8800.0,4,1759.068966,53.793103448,2920931.117,29.0,60.0
8900.0,4,1779.266667,53.466666667,2990375.222,30.0,64.0
9000.0,4,1799.870968,53.129032258,3062058.195,31.0,66.0
9100.0,4,1820.5625,56.75,3134937.129,32.0,62.0
9200.0,4,1841.677419,58.77419355,3210184.961,31.0,64.0
9300.0,4,1859.733333,59.63333333,3275227.539,30.0,64.0
9400.0,4,1880.275862,62.48275862,3350065.551,29.0,64.0
9500.0,4,1902.032258,64.35483871,3430229.546,31.0,64.0
9600.0,4,1922.2,65.13333333,3505361.858,30.0,62.0
9700.0,4,1940.137931,67.24137931,3572918.663,29.0,62.0
9800.0,4,1954.62069,69.51724138,3627960.894,29.0,64.0
9900.0,4,1973.363636,70.63636364,3699753.537,33.0,66.0
10000.0,4,1994.5,71.06666667,3781524.054,30.0,64.0
0.0,5,50.0,50.0,0.0,37.0,64.0
100.0,5,72.08823529,50.676470588,488.3477509,34.0,66.0
200.0,5,89.93103448,49.896551724,1594.498216,29.0,66.0
300.0,5,111.58064516,49.258064516,3792.726327,31.0,66.0
400.0,5,131.40625,46.34375,6640.345703,32.0,66.0
500.0,5,149.2121212,44.848484848,9869.583104,33.0,64.0
600.0,5,166.65625,43.28125,13653.82227,32.0,62.0
700.0,5,183.4545455,46.0,17826.1157,33.0,66.0
800.0,5,203.6551724,46.8275862069,23619.97622,29.0,62.0
900.0,5,220.0322581,47.806451613,28915.78044,31.0,62.0
1000.0,5,237.6774194,48.64516129,35224.64932,31.0,64.0
1100.0,5,258.59375,47.15625,43519.43945,32.0,64.0
1200.0,5,275.8918919,46.1351351351,51042.084,37.0,66.0
1300.0,5,294.8666667,43.0,60008.68444,30.0,64.0
1400.0,5,316.8064516,38.612903226,71315.3486,31.0,62.0
1500.0,5,338.3793103,38.517241379,83294.48038,29.0,64.0
1600.0,5,357.4411765,38.352941176,94655.73097,34.0,64.0
1700.0,5,376.5,38.5,106734.5,32.0,64.0
1800.0,5,394.75,38.611111111,118982.2693,36.0,66.0
1900.0,5,414.6060606,39.333333333,133051.3572,33.0,66.0
2000.0,5,435.4,38.266666667,148670.8311,30.0,62.0
2100.0,5,454.6071429,37.214285714,163870.4145,28.0,64.0
2200.0,5,473.7586207,38.655172414,179700.0737,29.0,62.0
2300.0,5,492.9,40.7,196246.9,30.0,64.0
2400.0,5,512.1515152,40.333333333,213677.4674,33.0,66.0
2500.0,5,533.2258065,38.967741935,233628.8907,31.0,64.0
2600.0,5,554.6,40.233333333,254716.5478,30.0,64.0
2700.0,5,574.0666667,39.066666667,274765.4089,30.0,62.0
2800.0,5,589.8709677,36.096774194,291653.9615,31.0,62.0
2900.0,5,607.7419355,35.29032258,311292.4412,31.0,62.0
3000.0,5,626.1666667,37.966666667,332112.8289,30.0,66.0
3100.0,5,647.1612903,37.774193548,356751.077,31.0,62.0
3200.0,5,664.875,37.3125,378232.2383,32.0,64.0
3300.0,5,682.7419355,37.354838709999996,400522.257,31.0,62.0
3400.0,5,701.2285714,37.685714286,424250.2939,35.0,66.0
3500.0,5,722.9117647,37.882352941,452957.0804,34.0,66.0
3600.0,5,739.9375,37.40625,476172.3564,32.0,64.0
3700.0,5,761.6666667,37.424242424,506627.5941,33.0,66.0
3800.0,5,781.4137931,35.17241379,535185.9941,29.0,62.0
3900.0,5,800.0,35.857142859999996,562700.0204,28.0,64.0
4000.0,5,818.1818182,32.96969697,590393.337,33.0,62.0
4100.0,5,834.6896552,34.31034483,615984.0202,29.0,62.0
4200.0,5,857.25,35.40625,651865.54,32.0,64.0
4300.0,5,878.65625,36.625,686850.0713,32.0,62.0
4400.0,5,899.3870968,38.838709677,721583.0146,31.0,64.0
4500.0,5,922.1142857,42.114285714,760645.5118,35.0,66.0
4600.0,5,943.1764706,42.823529412,797815.7093,34.0,62.0
4700.0,5,963.3125,42.40625,834197.3877,32.0,66.0
4800.0,5,981.5483871,42.096774194,867844.8585,31.0,60.0
4900.0,5,1002.7741935,41.677419355,907847.9292,31.0,64.0
5000.0,5,1022.2580645,38.870967742,945409.5994,31.0,66.0
5100.0,5,1043.3125,36.3125,986857.0703,32.0,66.0
5200.0,5,1063.852941,35.94117647,1028095.437,34.0,66.0
5300.0,5,1084.941176,39.617647059,1071211.032,34.0,64.0
5400.0,5,1106.5625,41.71875,1116392.896,32.0,62.0
5500.0,5,1124.322581,44.451612903,1154199.792,31.0,64.0
5600.0,5,1145.733333,46.6666666667,1200642.649,30.0,62.0
5700.0,5,1164.5625,46.78125,1242259.927,32.0,66.0
5800.0,5,1184.857143,47.714285714,1287905.959,28.0,62.0
5900.0,5,1203.0,49.823529412,1329409.031,34.0,64.0
6000.0,5,1222.3,50.566666667,1374287.611,30.0,62.0
6100.0,5,1239.0,50.939393939,1413721.882,33.0,66.0
6200.0,5,1261.172414,52.482758621,1466944.78,29.0,62.0
6300.0,5,1278.346154,52.115384614999996,1508838.749,26.0,62.0
6400.0,5,1294.8125,53.1875,1549568.32,32.0,64.0
6500.0,5,1316.193548,53.741935484,1603260.104,31.0,62.0
6600.0,5,1336.133333,51.866666667,1654142.436,30.0,66.0
6700.0,5,1355.290323,51.677419355,1703785.64,31.0,66.0
6800.0,5,1374.909091,48.484848485,1755386.395,33.0,66.0
6900.0,5,1396.032258,50.677419355,1811803.299,31.0,66.0
7000.0,5,1415.966667,51.533333333,1865867.286,30.0,62.0
7100.0,5,1436.5,48.266666667,1922385.254,30.0,64.0
7200.0,5,1453.193548,48.225806452,1968955.282,31.0,64.0
7300.0,5,1472.655172,46.3448275862,2023961.1,29.0,64.0
7400.0,5,1491.40625,41.875,2077717.993,32.0,62.0
7500.0,5,1511.322581,39.548387097,2135572.921,31.0,62.0
7600.0,5,1531.0,39.205882353,2193477.513,34.0,64.0
7700.0,5,1546.111111,39.518518519,2238458.318,27.0,60.0
7800.0,5,1566.387097,37.451612903,2299587.289,31.0,66.0
7900.0,5,1587.96875,37.28125,2365509.643,32.0,64.0
8000.0,5,1605.060606,37.424242424,2418371.638,33.0,62.0
8100.0,5,1624.09375,40.8125,2477855.544,32.0,64.0
8200.0,5,1644.606061,38.818181818,2542893.522,33.0,66.0
8300.0,5,1662.1875,40.5,2599238.785,32.0,64.0
8400.0,5,1681.633333,40.966666667,2662308.936,30.0,66.0
8500.0,5,1701.16129,40.35483871,2726426.636,31.0,64.0
8600.0,5,1721.966667,40.133333333,2795569.886,30.0,62.0
8700.0,5,1739.741935,39.741935484,2855333.036,31.0,62.0
8800.0,5,1757.225806,42.903225806,2914670.318,31.0,64.0
8900.0,5,1773.941176,46.9411764706,2971982.536,34.0,66.0
9000.0,5,1792.96875,45.6875,3037958.661,32.0,64.0
9100.0,5,1810.548387,41.451612903,3099603.698,31.0,62.0
9200.0,5,1831.766667,44.933333333,3174718.126,30.0,60.0
9300.0,5,1851.7,45.2,3246145.93,30.0,64.0
9400.0,5,1871.25,45.4285714286,3316972.46,28.0,64.0
9500.0,5,1894.354839,43.129032258,3401691.981,31.0,64.0
9600.0,5,1913.6875,41.375,3473405.488,32.0,62.0
9700.0,5,1932.666667,38.666666667,3544562.222,30.0,62.0
9800.0,5,1954.387097,40.064516129,3626788.928,31.0,64.0
9900.0,5,1972.548387,38.64516129,3696321.233,31.0,62.0
10000.0,5,1989.09375,38.59375,3760214.674,32.0,62.0
0.0,6,50.0,50.0,0.0,37.0,64.0
100.0,6,67.88571429,48.371428571,322.5510204,35.0,66.0
200.0,6,84.58823529,45.5,1216.596021,34.0,64.0
300.0,6,103.53125,45.25,2888.157227,32.0,66.0
400.0,6,120.93548387,45.1612903226,5055.255983,31.0,64.0
500.0,6,137.33333333000002,43.266666667,7672.448889,30.0,64.0
600.0,6,154.6896552,44.24137931,10993.08561,29.0,64.0
700.0,6,175.0967742,49.387096774,15649.57856,31.0,64.0
800.0,6,196.9393939,47.454545455,21597.66483,33.0,64.0
900.0,6,215.8787879,48.0,27519.77227,33.0,64.0
1000.0,6,236.5,47.166666667,34790.27778,30.0,64.0
1100.0,6,256.5294118,49.852941176,42654.41955,34.0,66.0
1200.0,6,275.7666667,50.566666667,50970.90889,30.0,64.0
1300.0,6,291.6176471,47.176470588,58387.05969,34.0,66.0
1400.0,6,311.7666667,48.866666667,68523.07222,30.0,62.0
1500.0,6,331.9677419,48.129032258,79509.30801,31.0,68.0
1600.0,6,351.1666667,50.633333333,90701.76222,30.0,64.0
1700.0,6,368.5517241,50.620689655,101475.5862,29.0,64.0
1800.0,6,390.0714286,52.392857143,115654.3023,28.0,62.0
1900.0,6,408.5,52.40625,128528.04,32.0,64.0
2000.0,6,427.7419355,53.548387097,142701.5609,31.0,64.0
2100.0,6,446.8518519,58.18518519,157558.3896,27.0,60.0
2200.0,6,465.03125,58.34375,172320.5566,32.0,62.0
2300.0,6,485.1818182,58.51515152,189455.7227,33.0,64.0
2400.0,6,505.4242424,57.57575758,207468.6327,33.0,66.0
2500.0,6,524.2666667,61.76666667,225067.3256,30.0,66.0
2600.0,6,543.1481481000001,62.0,243339.096,27.0,64.0
2700.0,6,561.25,62.15625,261524.3369,32.0,64.0
2800.0,6,579.5,63.36666667,280548.9178,30.0,66.0
2900.0,6,601.9666667,63.13333333,304839.6856,30.0,64.0
3000.0,6,621.4666667,64.1,326772.9611,30.0,62.0
3100.0,6,638.2285714,62.62857143,346172.3331,35.0,64.0
3200.0,6,658.6333333,63.566666670000004,370618.5889,30.0,64.0
3300.0,6,680.375,67.375,397674.5312,32.0,62.0
3400.0,6,699.0571429,67.62857143,421585.9412,35.0,66.0
3500.0,6,718.9666667,66.13333333,447776.6856,30.0,66.0
3600.0,6,738.84375,62.59375,474664.3145,32.0,64.0
3700.0,6,759.1290323,62.0,503007.9844,31.0,64.0
3800.0,6,779.9655172,62.75862069,533012.4388,29.0,60.0
3900.0,6,795.9354839,62.5483871,556577.2081,31.0,64.0
4000.0,6,816.6666667,62.533333330000005,587934.8622,30.0,66.0
4100.0,6,834.7,62.0,615898.09,30.0,62.0
4200.0,6,854.3666667,60.66666667,647119.5122,30.0,64.0
4300.0,6,874.0,61.882352940000004,679117.1903,34.0,68.0
4400.0,6,895.0322581,63.51612903,714262.2029,31.0,64.0
4500.0,6,915.9677419,64.4516129,750108.9792,31.0,62.0
4600.0,6,935.2424242,64.96969697,783878.2415,33.0,66.0
4700.0,6,957.3636364,62.33333333,823460.8797,33.0,68.0
4800.0,6,977.8709677,60.83870968,861062.0104,31.0,62.0
4900.0,6,996.9642857,61.28571429,896868.7258,28.0,60.0
5000.0,6,1017.4375,64.3125,936140.1641,32.0,64.0
5100.0,6,1036.4193547999998,64.41935484,973231.0614,31.0,66.0
5200.0,6,1056.0,64.5,1012246.25,34.0,62.0
5300.0,6,1075.9375,63.8125,1052738.539,32.0,66.0
5400.0,6,1095.483871,62.5483871,1093193.986,31.0,66.0
5500.0,6,1120.033333,66.0,1145227.334,30.0,62.0
5600.0,6,1139.482759,67.55172414,1187280.744,29.0,60.0
5700.0,6,1159.322581,67.0,1230885.588,31.0,64.0
5800.0,6,1178.6875,65.125,1274164.238,32.0,64.0
5900.0,6,1197.419355,66.03225806,1316828.209,31.0,62.0
6000.0,6,1216.90625,67.84375,1361988.596,32.0,64.0
6100.0,6,1236.322581,70.09677419,1407765.146,31.0,64.0
6200.0,6,1256.931034,66.31034482999999,1456948.549,29.0,64.0
6300.0,6,1276.387097,67.22580645,1504322.04,31.0,64.0
6400.0,6,1297.735294,72.85294118,1557365.621,34.0,66.0
6500.0,6,1317.088235,72.29411765,1606009.624,34.0,68.0
6600.0,6,1337.90625,70.15625,1659108.783,32.0,66.0
6700.0,6,1354.235294,67.85294118,1701348.43,34.0,66.0
6800.0,6,1371.129032,66.32258064999999,1745648.347,31.0,64.0
6900.0,6,1390.454545,66.60606061,1797094.15,33.0,66.0
7000.0,6,1410.085714,69.05714286,1850196.325,35.0,68.0
7100.0,6,1430.787879,67.39393939,1906877.715,33.0,66.0
7200.0,6,1450.15625,65.25,1960670.087,32.0,62.0
7300.0,6,1469.290323,65.5483871,2014626.772,31.0,60.0
7400.0,6,1489.566667,69.26666667,2072723.392,30.0,66.0
7500.0,6,1509.84375,70.375,2131558.915,32.0,60.0
7600.0,6,1530.2,68.3,2191326.93,30.0,64.0
7700.0,6,1553.0,68.5,2259351.25,34.0,62.0
7800.0,6,1571.212121,70.51515152,2314507.189,33.0,64.0
7900.0,6,1588.878788,68.42424242,2368487.376,33.0,66.0
8000.0,6,1609.967742,68.96774194,2433859.131,31.0,64.0
8100.0,6,1630.727273,68.24242423999999,2499031.497,33.0,64.0
8200.0,6,1649.8125,68.3125,2559735.383,32.0,64.0
8300.0,6,1667.542857,68.88571429,2616801.565,35.0,66.0
8400.0,6,1686.666667,68.0,2679001.778,30.0,64.0
8500.0,6,1709.454545,64.03030303,2753986.238,33.0,66.0
8600.0,6,1732.0,62.25,2829274.062,28.0,60.0
8700.0,6,1750.84375,61.4375,2893000.278,32.0,64.0
8800.0,6,1768.4,60.36666667,2953006.028,30.0,62.0
8900.0,6,1786.424242,62.75757576,3015331.905,33.0,62.0
9000.0,6,1807.533333,61.46666667,3089054.902,30.0,64.0
9100.0,6,1829.117647,63.0,3165428.602,34.0,64.0
9200.0,6,1846.225806,62.645161290000004,3226587.048,31.0,66.0
9300.0,6,1864.818182,63.06060606,3293735.612,33.0,66.0
9400.0,6,1881.8125,62.28125,3355687.864,32.0,64.0
9500.0,6,1900.848485,62.06060606,3425785.572,33.0,64.0
9600.0,6,1918.4375,62.15625,3491206.466,32.0,66.0
9700.0,6,1939.21875,64.28125,3569351.439,32.0,62.0
9800.0,6,1954.62069,60.10344828,3627682.051,29.0,64.0
9900.0,6,1974.964286,62.321428569999995,3705639.319,28.0,62.0
10000.0,6,1993.705882,58.882352940000004,3778071.453,34.0,66.0
0.0,7,50.0,50.0,0.0,37.0,64.0
100.0,7,67.71875,52.25,319.0166016,32.0,62.0
200.0,7,89.38235294,51.294117647,1552.644464,34.0,68.0
300.0,7,112.5,51.1875,3907.660156,32.0,64.0
400.0,7,131.91176471,50.147058824,6709.558824,34.0,64.0
500.0,7,150.6,48.733333333,10121.96444,30.0,62.0
600.0,7,170.5806452,50.516129032,14539.95838,31.0,68.0
700.0,7,187.5,50.5,18906.5,32.0,64.0
800.0,7,207.5,50.029411765,24806.25087,34.0,68.0
900.0,7,226.7096774,51.806451613,31229.57336,31.0,60.0
1000.0,7,244.5666667,53.0,37865.18778,30.0,62.0
1100.0,7,263.1666667,51.166666667,45441.38889,30.0,64.0
1200.0,7,284.1875,51.21875,54845.27051,32.0,64.0
1300.0,7,304.2424242,50.909090909,64640.03673,33.0,64.0
1400.0,7,322.4516129,50.225806452,74229.93236,31.0,64.0
1500.0,7,343.3636364,52.272727273,86067.38843,33.0,62.0
1600.0,7,361.0,50.0625,96721.00391,32.0,64.0
1700.0,7,381.3030303,49.727272727,109761.7723,33.0,66.0
1800.0,7,400.6666667,49.7,122967.2011,30.0,62.0
1900.0,7,418.2727273,49.939393939,135624.8053,33.0,66.0
2000.0,7,438.969697,47.939393939,151301.6713,33.0,66.0
2100.0,7,459.1612903,47.935483871,167417.2237,31.0,66.0
2200.0,7,480.25,50.125,185115.0781,32.0,64.0
2300.0,7,501.25,50.0625,203626.5664,32.0,62.0
2400.0,7,519.7333333,49.666666667,220649.5156,30.0,62.0
2500.0,7,538.34375,49.875,238479.6338,32.0,64.0
2600.0,7,557.4242424,51.060606061,257480.4867,33.0,64.0
2700.0,7,573.9354839,48.870967742,274509.666,31.0,62.0
2800.0,7,592.1764706,52.205882353,293960.1912,34.0,66.0
2900.0,7,611.7037037,51.740740740999996,315514.0809,27.0,62.0
3000.0,7,628.5,52.125,334666.7656,32.0,64.0
3100.0,7,650.9428571,53.0,361141.3176,35.0,66.0
3200.0,7,667.7096774,54.064516129,381581.7659,31.0,64.0
3300.0,7,687.9705882,53.117647059,407016.1912,34.0,68.0
3400.0,7,709.1875,51.375,434530.0508,32.0,64.0
3500.0,7,728.2121212,48.121212121,459975.2112,33.0,66.0
3600.0,7,747.3125,46.15625,486259.4971,32.0,68.0
3700.0,7,766.6451613,45.064516129,513604.6462,31.0,64.0
3800.0,7,785.7058824,47.176470588,541271.1176,34.0,66.0
3900.0,7,804.40625,44.34375,569160.7832,32.0,66.0
4000.0,7,827.0882353,43.882352941,603903.551,34.0,66.0
4100.0,7,844.5806452,43.064516129,631406.5026,31.0,64.0
4200.0,7,864.125,41.21875,662876.626,32.0,64.0
4300.0,7,879.969697,38.878787879,688973.3792,33.0,66.0
4400.0,7,899.2903226,39.903225806,721395.9969,31.0,64.0
4500.0,7,916.7096774,42.838709677,751236.949,31.0,64.0
4600.0,7,935.7096774,42.774193548,784533.845,31.0,64.0
4700.0,7,955.9032258,43.64516129,820701.0385,31.0,62.0
4800.0,7,974.0,43.911764706,853813.0666,34.0,66.0
4900.0,7,990.78125,43.78125,885108.0332,32.0,64.0
5000.0,7,1010.1875,45.90625,921976.7939,32.0,64.0
5100.0,7,1030.3125,50.75,961013.1602,32.0,64.0
5200.0,7,1050.53125,49.78125,1001062.83,32.0,66.0
5300.0,7,1067.59375,51.4375,1035499.106,32.0,62.0
5400.0,7,1087.83871,54.903225806,1077133.229,31.0,62.0
5500.0,7,1108.689655,56.24137931,1120862.741,29.0,60.0
5600.0,7,1131.241379,56.27586207,1169122.307,29.0,62.0
5700.0,7,1154.34375,55.90625,1219610.002,32.0,64.0
5800.0,7,1173.71875,54.1875,1262761.364,32.0,66.0
5900.0,7,1193.181818,56.33333333,1306904.781,33.0,66.0
6000.0,7,1211.689655,55.827586206999996,1349556.816,29.0,64.0
6100.0,7,1233.09375,54.3125,1399729.419,32.0,62.0
6200.0,7,1251.827586,53.103448276,1444399.178,29.0,64.0
6300.0,7,1272.78125,55.6875,1495226.333,32.0,64.0
6400.0,7,1293.517241,55.551724138,1546365.951,29.0,62.0
6500.0,7,1313.545455,55.212121212,1596574.282,33.0,62.0
6600.0,7,1333.483871,57.4516129,1647386.374,31.0,66.0
6700.0,7,1352.030303,54.939393939,1695307.308,33.0,66.0
6800.0,7,1372.344828,55.517241379,1748626.283,29.0,62.0
6900.0,7,1392.0625,55.5625,1801162.695,32.0,64.0
7000.0,7,1414.290323,55.129032258,1861314.391,31.0,64.0
7100.0,7,1432.7,56.16666667,1911897.318,30.0,64.0
7200.0,7,1452.4,59.33333333,1966812.871,30.0,64.0
7300.0,7,1473.290323,61.32258065,2025883.543,31.0,64.0
7400.0,7,1493.677419,58.29032258,2084273.221,31.0,66.0
7500.0,7,1513.941176,60.294117650000004,2143229.737,34.0,66.0
7600.0,7,1534.928571,59.857142859999996,2205110.026,28.0,66.0
7700.0,7,1557.242424,59.727272729999996,2271874.345,33.0,66.0
7800.0,7,1578.5625,60.96875,2336623.63,32.0,68.0
7900.0,7,1596.366667,58.46666667,2391321.552,30.0,64.0
8000.0,7,1614.424242,61.84848485,2447563.597,33.0,64.0
8100.0,7,1631.84375,62.4375,2502384.341,32.0,62.0
8200.0,7,1650.833333,62.83333333,2562832.056,30.0,66.0
8300.0,7,1669.4375,58.8125,2622655.477,32.0,62.0
8400.0,7,1687.62069,56.89655172,2681849.086,29.0,62.0
8500.0,7,1708.387097,57.74193548,2750307.7,31.0,64.0
8600.0,7,1728.0,56.26666667,2815723.271,30.0,62.0
8700.0,7,1746.4375,56.25,2877939.254,32.0,68.0
8800.0,7,1767.766667,56.23333333,2950761.176,30.0,66.0
8900.0,7,1787.878788,55.212121212,3020249.848,33.0,64.0
9000.0,7,1810.828571,56.02857143,3100553.602,35.0,64.0
9100.0,7,1830.757576,52.606060606,3171104.335,33.0,68.0
9200.0,7,1851.0,54.741935484,3243623.486,31.0,64.0
9300.0,7,1871.71875,52.59375,3318665.932,32.0,64.0
9400.0,7,1890.15625,50.78125,3386175.635,32.0,64.0
9500.0,7,1911.030303,53.242424242,3463444.302,33.0,66.0
9600.0,7,1928.636364,53.0,3529283.587,33.0,64.0
9700.0,7,1948.625,56.5625,3604819.957,32.0,68.0
9800.0,7,1967.466667,52.733333333,3676685.889,30.0,64.0
9900.0,7,1986.363636,50.757575758,3749504.706,33.0,64.0
10000.0,7,2007.65625,51.75,3832421.056,32.0,70.0
0.0,8,50.0,50.0,0.0,37.0,64.0
100.0,8,68.65625,49.03125,348.9941406,32.0,62.0
200.0,8,89.34482759,48.344827586,1550.755054,29.0,62.0
300.0,8,108.75,44.4375,3482.503906,32.0,66.0
400.0,8,128.75,46.1875,6216.097656,32.0,62.0
500.0,8,149.0,48.935483871,9802.133195,31.0,64.0
600.0,8,168.6470588,46.7941176471,14087.40225,34.0,64.0
700.0,8,189.1470588,44.882352941,19388.09429,34.0,68.0
800.0,8,206.2941176,44.882352941,24454.04152,34.0,66.0
900.0,8,224.5666667,42.6,30528.28111,30.0,60.0
1000.0,8,242.4242424,43.575757576,37068.35996,33.0,64.0
1100.0,8,261.030303,44.03030303,44569.42608,33.0,66.0
1200.0,8,280.516129,45.1612903226,53161.09886,31.0,66.0
1300.0,8,301.2666667,44.433333333,63165.92556,30.0,64.0
1400.0,8,320.4242424,43.151515152,73176.17264,33.0,64.0
1500.0,8,340.8387097,38.838709677,84711.72945,31.0,62.0
1600.0,8,359.3333333,36.933333333,95857.84889,30.0,62.0
1700.0,8,380.4193548,37.709677419,109328.0021,31.0,66.0
1800.0,8,397.8125,36.8125,121147.4453,32.0,62.0
1900.0,8,416.4242424,39.333333333,134380.5032,33.0,62.0
2000.0,8,437.1875,38.53125,150045.6924,32.0,64.0
2100.0,8,457.1612903,36.258064516,165969.1571,31.0,66.0
2200.0,8,478.0,34.8125,183414.6602,32.0,64.0
2300.0,8,495.969697,33.727272729999996,199153.7723,33.0,66.0
2400.0,8,512.6428571,32.96428571,214328.6288,28.0,62.0
2500.0,8,533.6176471,33.794117650000004,234148.6592,34.0,66.0
2600.0,8,555.0,33.90625,255284.0088,32.0,64.0
2700.0,8,573.5454545,33.09090909,274385.7603,33.0,64.0
2800.0,8,593.3666667,33.566666670000004,295517.3889,30.0,62.0
2900.0,8,613.65625,33.53125,317979.5879,32.0,64.0
3000.0,8,632.5333333,35.3,339561.1744,30.0,64.0
3100.0,8,650.71875,35.4375,361075.083,32.0,62.0
3200.0,8,670.03125,33.375,384715.1416,32.0,62.0
3300.0,8,689.1290323,32.967741939999996,408776.0177,31.0,64.0
3400.0,8,710.3448276,32.48275862,436362.1451,29.0,62.0
3500.0,8,730.65625,29.96875,463694.1816,32.0,66.0
3600.0,8,749.2903226,28.64516129,489462.9844,31.0,62.0
3700.0,8,768.125,27.53125,516208.3604,32.0,62.0
3800.0,8,789.5806452,27.06451613,547505.5671,31.0,64.0
3900.0,8,809.0967742,25.77419355,576814.8023,31.0,64.0
4000.0,8,828.03125,23.25,606048.1885,32.0,66.0
4100.0,8,846.6363636,20.57575758,635495.2819,33.0,66.0
4200.0,8,864.53125,22.15625,664236.4316,32.0,66.0
4300.0,8,882.3666667,23.36666667,693543.6022,30.0,66.0
4400.0,8,902.09375,23.28125,726777.6504,32.0,64.0
4500.0,8,922.0606061,23.63636364,761184.742,33.0,66.0
4600.0,8,940.9166667,19.25,794678.0694,36.0,66.0
4700.0,8,960.8965517,15.655172409999999,830912.0951,29.0,64.0
4800.0,8,979.53125,16.625,865142.2354,32.0,66.0
4900.0,8,998.4571429,14.02857143,900864.8955,35.0,66.0
5000.0,8,1016.28125,16.0,934855.4541,32.0,62.0
5100.0,8,1036.9032258,14.290322580000002,975253.1582,31.0,66.0
5200.0,8,1055.931034,17.37931034,1012961.356,29.0,62.0
5300.0,8,1075.466667,14.466666669999999,1052844.502,30.0,66.0
5400.0,8,1096.0,18.12903226,1095131.759,31.0,64.0
5500.0,8,1116.96875,19.84375,1139331.713,32.0,66.0
5600.0,8,1135.235294,17.17647059,1178813.028,34.0,64.0
5700.0,8,1155.212121,22.66666667,1222240.944,33.0,64.0
5800.0,8,1174.612903,27.77419355,1265248.169,31.0,64.0
5900.0,8,1198.257143,25.88571429,1319075.965,35.0,64.0
6000.0,8,1217.818182,23.66666667,1364492.75,33.0,64.0
6100.0,8,1237.6,24.93333333,1411022.098,30.0,66.0
6200.0,8,1259.3125,20.75,1463292.285,32.0,64.0
6300.0,8,1277.193548,19.64516129,1506925.421,31.0,64.0
6400.0,8,1295.516129,18.67741935,1552291.532,31.0,62.0
6500.0,8,1314.060606,19.24242424,1598795.244,33.0,66.0
6600.0,8,1336.472222,21.63888889,1655815.131,36.0,66.0
6700.0,8,1356.757576,23.84848485,1708299.264,33.0,66.0
6800.0,8,1374.607143,25.57142857,1755180.838,28.0,62.0
6900.0,8,1396.060606,27.6969697,1812376.58,33.0,66.0
7000.0,8,1416.058824,27.23529412,1866634.941,34.0,64.0
7100.0,8,1434.181818,28.12121212,1916437.987,33.0,66.0
7200.0,8,1452.387097,25.90322581,1967270.224,31.0,64.0
7300.0,8,1474.363636,25.84848485,2029395.064,33.0,66.0
7400.0,8,1492.5625,23.40625,2081693.794,32.0,66.0
7500.0,8,1513.515152,24.63636364,2142519.913,33.0,66.0
7600.0,8,1532.235294,24.88235294,2197652.363,34.0,64.0
7700.0,8,1551.6875,22.125,2255842.363,32.0,66.0
7800.0,8,1568.774194,20.58064516,2307540.549,31.0,62.0
7900.0,8,1588.066667,19.96666667,2366551.072,30.0,64.0
8000.0,8,1608.0,25.67741935,2427955.588,31.0,62.0
8100.0,8,1626.193548,26.58064516,2484934.568,31.0,64.0
8200.0,8,1642.516129,26.16129032,2536675.905,31.0,64.0
8300.0,8,1661.088235,22.38235294,2596368.036,34.0,68.0
8400.0,8,1678.892857,24.53571429,2653940.37,28.0,62.0
8500.0,8,1698.258065,27.06451613,2717280.684,31.0,62.0
8600.0,8,1716.666667,25.76666667,2778365.032,30.0,64.0
8700.0,8,1731.46875,28.65625,2827792.713,32.0,66.0
8800.0,8,1750.939394,28.33333333,2893664.266,33.0,64.0
8900.0,8,1771.83871,28.80645161,2965177.709,31.0,62.0
9000.0,8,1791.548387,31.22580645,3033343.255,31.0,66.0
9100.0,8,1810.933333,31.466666670000002,3101229.689,30.0,64.0
9200.0,8,1829.870968,33.93548387,3168198.73,31.0,66.0
9300.0,8,1848.387097,35.38709677,3234409.687,31.0,64.0
9400.0,8,1864.333333,32.36363636,3292116.486,33.0,64.0
9500.0,8,1883.272727,30.60606061,3361265.017,33.0,64.0
9600.0,8,1901.606061,31.27272727,3428795.714,33.0,66.0
9700.0,8,1922.060606,30.0,3505010.913,33.0,64.0
9800.0,8,1939.1875,29.71875,3569440.739,32.0,64.0
9900.0,8,1956.911765,33.94117647,3636570.364,34.0,66.0
10000.0,8,1974.709677,39.741935484,3704612.57,31.0,62.0
0.0,9,50.0,50.0,0.0,37.0,64.0
100.0,9,67.96666667,50.633333333,323.2022222,30.0,64.0
200.0,9,87.79411765,51.764705882,1431.509516,34.0,64.0
300.0,9,106.625,51.4375,3208.457031,32.0,64.0
400.0,9,125.96969697,50.303030303,5771.486685,33.0,66.0
500.0,9,143.93939394,48.96969697,8825.671258,33.0,64.0
600.0,9,163.4,48.566666667,12861.61444,30.0,66.0
700.0,9,183.8125,50.21875,17905.83301,32.0,66.0
800.0,9,205.1290323,50.129032258,24065.0333,31.0,66.0
900.0,9,224.3939394,51.454545455,30415.3618,33.0,64.0
1000.0,9,241.8064516,52.290322581,36794.96046,31.0,60.0
1100.0,9,259.6363636,51.242424242,43948.94858,33.0,66.0
1200.0,9,280.9393939,47.939393939,53337.24977,33.0,64.0
1300.0,9,299.3714286,50.0,62186.10939,35.0,64.0
1400.0,9,320.1034483,51.034482759,72956.94293,29.0,62.0
1500.0,9,339.0909091,51.939393939,83577.31497,33.0,64.0
1600.0,9,359.3,53.2,95676.73,30.0,64.0
1700.0,9,378.4333333,50.366666667,107868.5889,30.0,62.0
1800.0,9,397.3636364,50.727272727,120662.0248,33.0,66.0
1900.0,9,416.5806452,53.516129032,134393.7326,31.0,64.0
2000.0,9,436.1034483,56.37931034,149116.5684,29.0,64.0
2100.0,9,460.2647059,57.67647059,168376.0571,34.0,64.0
2200.0,9,480.0,58.0,184964.0,28.0,60.0
2300.0,9,497.8484848,59.66666667,200661.7098,33.0,64.0
2400.0,9,518.9032258,58.67741935,219945.5328,31.0,64.0
2500.0,9,538.9090909,60.15151515,239135.1524,33.0,64.0
2600.0,9,559.3548387,58.77419355,259519.3382,31.0,66.0
2700.0,9,579.2903226,60.70967742,280262.9428,31.0,64.0
2800.0,9,598.3636364,58.90909091,300782.0496,33.0,64.0
2900.0,9,618.1290323,56.25806452,322809.7607,31.0,64.0
3000.0,9,639.2580645,55.838709677,347259.1571,31.0,64.0
3100.0,9,657.0344828,55.931034483,368526.0404,29.0,62.0
3200.0,9,676.5151515,55.484848485,392551.3186,33.0,64.0
3300.0,9,696.4,56.28571429,417872.4702,35.0,68.0
3400.0,9,717.5588235,57.55882353,445691.9187,34.0,64.0
3500.0,9,736.0967742,56.806451609999996,470775.1113,31.0,62.0
3600.0,9,753.3548387,57.25806452,494760.7086,31.0,64.0
3700.0,9,772.4137931,58.75862069,521958.4019,29.0,64.0
3800.0,9,791.7419355,57.4516129,550236.6254,31.0,64.0
3900.0,9,812.1515152,57.3030303,580928.2663,33.0,66.0
4000.0,9,830.3666667,60.36666667,609079.6022,30.0,64.0
4100.0,9,849.4193548,61.06451613,639193.7284,31.0,66.0
4200.0,9,869.8666667,63.0,672350.3511,30.0,64.0
4300.0,9,889.2580645,62.70967742,704515.6348,31.0,62.0
4400.0,9,906.0,61.37142857,732865.3094,35.0,64.0
4500.0,9,926.4848485,61.63636364,768361.0946,33.0,64.0
4600.0,9,943.40625,61.6875,798311.3252,32.0,62.0
4700.0,9,963.0645161,60.38709677,833794.7024,31.0,64.0
4800.0,9,981.1111111,61.0,867088.9012,36.0,66.0
4900.0,9,1001.625,60.09375,905692.0244,32.0,64.0
5000.0,9,1020.6896552,59.862068969999996,942335.6671,29.0,62.0
5100.0,9,1041.7058824,63.44117647,983661.2223,34.0,66.0
5200.0,9,1060.8125,62.4375,1021896.602,32.0,64.0
5300.0,9,1080.366667,64.06666667,1061853.339,30.0,60.0
5400.0,9,1099.392857,60.46428571,1101334.87,28.0,62.0
5500.0,9,1116.59375,58.40625,1137692.893,32.0,64.0
5600.0,9,1135.354839,60.0,1178095.126,31.0,66.0
5700.0,9,1153.28125,61.3125,1217357.489,32.0,66.0
5800.0,9,1176.903226,59.41935484,1269999.605,31.0,66.0
5900.0,9,1196.310345,58.89655172,1314106.555,29.0,64.0
6000.0,9,1214.823529,55.764705882,1356847.087,34.0,64.0
6100.0,9,1237.483871,56.25806452,1410157.107,31.0,62.0
6200.0,9,1255.0625,61.0,1452296.629,32.0,64.0
6300.0,9,1277.5,61.8125,1506895.785,32.0,64.0
6400.0,9,1296.9375,61.46875,1554984.661,32.0,64.0
6500.0,9,1319.133333,58.13333333,1610765.569,30.0,62.0
6600.0,9,1340.0,61.875,1664241.016,32.0,64.0
6700.0,9,1359.928571,61.57142857,1716046.76,28.0,62.0
6800.0,9,1378.62069,62.5862069,1765391.35,29.0,66.0
6900.0,9,1397.272727,63.57575758,1815328.103,33.0,64.0
7000.0,9,1417.8,63.83333333,1871068.201,30.0,62.0
7100.0,9,1435.0,69.28125,1918596.767,32.0,64.0
7200.0,9,1455.275862,67.27586207,1975098.704,29.0,64.0
7300.0,9,1476.321429,65.39285714,2034629.758,28.0,62.0
7400.0,9,1497.290323,64.35483871,2094855.339,31.0,64.0
7500.0,9,1517.333333,64.76666667,2153285.166,30.0,64.0
7600.0,9,1536.636364,64.03030303,2210284.527,33.0,66.0
7700.0,9,1556.0,62.38709677,2268189.44,31.0,64.0
7800.0,9,1574.344828,63.137931030000004,2323799.759,29.0,64.0
7900.0,9,1595.375,63.75,2388372.953,32.0,66.0
8000.0,9,1615.290323,61.51612903,2450266.415,31.0,64.0
8100.0,9,1637.30303,61.42424242,2519661.423,33.0,64.0
8200.0,9,1658.638889,59.47222222,2587808.798,36.0,66.0
8300.0,9,1680.714286,61.485714290000004,2659361.003,35.0,68.0
8400.0,9,1698.964286,64.03571429,2719280.217,28.0,64.0
8500.0,9,1717.424242,65.21212120999999,2780535.013,33.0,64.0
8600.0,9,1736.393939,63.51515152,2844107.178,33.0,64.0
8700.0,9,1754.34375,64.09375,2904986.252,32.0,62.0
8800.0,9,1774.666667,63.63333333,2974660.979,30.0,64.0
8900.0,9,1794.0,65.40625,3041773.353,32.0,64.0
9000.0,9,1814.514286,67.82857143,3113828.522,35.0,68.0
9100.0,9,1834.137931,67.34482759,3183449.0,29.0,64.0
9200.0,9,1854.96875,67.28125,3258210.83,32.0,66.0
9300.0,9,1874.6875,68.78125,3329837.208,32.0,66.0
9400.0,9,1894.774194,70.48387097,3403611.414,31.0,62.0
9500.0,9,1914.548387,71.70967741999999,3477011.998,31.0,66.0
9600.0,9,1935.172414,75.89655172,3554545.661,29.0,60.0
9700.0,9,1953.966667,75.56666667,3625742.722,30.0,64.0
9800.0,9,1971.428571,75.32142857,3692528.93,28.0,60.0
9900.0,9,1991.25,71.96875,3768934.188,32.0,64.0
10000.0,9,2010.625,71.5,3844512.641,32.0,64.0
0.0,10,50.0,50.0,0.0,37.0,64.0
100.0,10,70.09677419,50.516129032,404.1467222,31.0,62.0
200.0,10,90.80645161000001,50.806451613,1665.816857,31.0,62.0
300.0,10,109.55882353,51.441176471,3549.33045,34.0,66.0
400.0,10,131.16129032,53.032258065,6596.349636,31.0,66.0
500.0,10,150.75,54.083333333,10167.23611,36.0,66.0
600.0,10,169.030303,55.060606061,14193.82277,33.0,64.0
700.0,10,188.6774194,59.4516129,19320.75963,31.0,62.0
800.0,10,209.4375,59.25,25505.87891,32.0,64.0
900.0,10,228.90625,58.5625,32080.7627,32.0,66.0
1000.0,10,249.2,59.02857143,39762.1551,35.0,66.0
1100.0,10,267.8064516,59.70967742,47533.9282,31.0,66.0
1200.0,10,286.6785714,60.57142857,56128.50128,28.0,64.0
1300.0,10,304.0857143,60.2,64663.5902,35.0,66.0
1400.0,10,326.2666667,62.9,76489.68111,30.0,62.0
1500.0,10,346.7741935,59.77419355,88170.45682,31.0,62.0
1600.0,10,366.9090909,59.39393939,100519.618,33.0,64.0
1700.0,10,383.8275862,59.03448276,111522.4792,29.0,62.0
1800.0,10,401.2121212,62.727272729999996,123511.9376,33.0,64.0
1900.0,10,421.59375,65.125,138310.6807,32.0,66.0
2000.0,10,439.2121212,66.63636364,151762.8439,33.0,66.0
2100.0,10,459.5333333,66.93333333,168004.2889,30.0,62.0
2200.0,10,479.6333333,65.53333333,184826.0856,30.0,64.0
2300.0,10,500.84375,66.4375,203530.2783,32.0,62.0
2400.0,10,518.2352940999999,65.17647059000001,219474.6159,34.0,64.0
2500.0,10,537.7333333,65.96666667,238138.7389,30.0,60.0
2600.0,10,559.0689655,63.03448276,259321.1094,29.0,62.0
2700.0,10,579.2580645,65.67741935000001,280359.8803,31.0,64.0
2800.0,10,601.3793103,62.82758621,304183.6908,29.0,62.0
2900.0,10,619.8387097,61.61290323,324851.0146,31.0,64.0
3000.0,10,640.46875,59.15625,348737.1816,32.0,64.0
3100.0,10,660.030303,57.121212119999996,372187.6823,33.0,64.0
3200.0,10,677.8666667,58.13333333,394282.7022,30.0,64.0
3300.0,10,695.6206897,58.137931030000004,416892.3008,29.0,62.0
3400.0,10,715.40625,56.21875,442804.1504,32.0,64.0
3500.0,10,736.5,55.0625,471307.8789,32.0,68.0
3600.0,10,757.0285714,55.742857143,499922.3812,35.0,66.0
3700.0,10,773.0,54.03125,522745.251,32.0,64.0
3800.0,10,791.2,51.633333333,549380.1078,30.0,64.0
3900.0,10,808.4857143,53.857142857,575315.4563,35.0,66.0
4000.0,10,828.5666667,52.8,606173.8944,30.0,62.0
4100.0,10,848.2424242,55.454545455,637220.7199,33.0,64.0
4200.0,10,868.0967742,52.516129032,669288.6629,31.0,64.0
4300.0,10,887.8125,54.34375,701948.6533,32.0,68.0
4400.0,10,907.7419355,51.419354839,735723.2425,31.0,62.0
4500.0,10,925.5172414,52.103448276,766534.8644,29.0,68.0
4600.0,10,945.1935484,51.709677419,801374.4121,31.0,64.0
4700.0,10,967.1666667,49.133333333,841195.4456,30.0,62.0
4800.0,10,991.6470588,47.529411765,886705.2872,34.0,66.0
4900.0,10,1011.2258065,45.8709677419,923972.0999,31.0,62.0
5000.0,10,1030.9393939000001,44.303030303,962274.55,33.0,66.0
5100.0,10,1054.333333,41.444444444,1008758.642,27.0,62.0
5200.0,10,1073.3125,41.4375,1047241.789,32.0,64.0
5300.0,10,1093.878788,43.121212121,1089730.242,33.0,64.0
5400.0,10,1113.931034,42.793103448,1132001.185,29.0,62.0
5500.0,10,1133.357143,41.428571429,1173736.168,28.0,64.0
5600.0,10,1154.857143,43.285714286,1220754.388,28.0,62.0
5700.0,10,1173.896552,41.586206897,1263214.251,29.0,60.0
5800.0,10,1199.6,42.9,1321630.57,30.0,64.0
5900.0,10,1217.323529,42.617647059,1362698.721,34.0,66.0
6000.0,10,1236.69697,43.666666667,1408289.809,33.0,66.0
6100.0,10,1257.0,43.1875,1456895.41,32.0,64.0
6200.0,10,1275.333333,43.666666667,1501481.889,33.0,66.0
6300.0,10,1295.233333,45.3333333333,1550627.832,30.0,64.0
6400.0,10,1313.69697,47.090909091,1596938.494,33.0,62.0
6500.0,10,1332.533333,47.4,1644898.511,30.0,66.0
6600.0,10,1352.166667,47.5,1695644.278,30.0,62.0
6700.0,10,1372.0625,47.28125,1747856.646,32.0,64.0
6800.0,10,1392.033333,47.066666667,1801062.072,30.0,64.0
6900.0,10,1412.53125,46.25,1856505.47,32.0,64.0
7000.0,10,1432.633333,46.2333333333,1911689.122,30.0,66.0
7100.0,10,1451.9,47.966666667,1965327.744,30.0,64.0
7200.0,10,1471.933333,48.933333333,2021895.542,30.0,68.0
7300.0,10,1491.323529,50.323529412,2077413.621,34.0,64.0
7400.0,10,1511.3,47.1,2135406.1,30.0,64.0
7500.0,10,1529.575758,48.151515152,2189147.839,33.0,66.0
7600.0,10,1551.0,49.266666667,2253001.538,30.0,62.0
7700.0,10,1571.483871,50.580645161,2314913.507,31.0,64.0
7800.0,10,1592.482759,47.206896552,2379260.862,29.0,66.0
7900.0,10,1609.7,47.8,2432668.93,30.0,64.0
8000.0,10,1627.909091,47.666666667,2489802.544,33.0,66.0
8100.0,10,1646.787879,42.636363636,2549785.753,33.0,66.0
8200.0,10,1664.878788,46.0303030303,2607849.258,33.0,64.0
8300.0,10,1683.78125,44.25,2669274.235,32.0,66.0
8400.0,10,1705.448276,43.551724138,2740550.574,29.0,64.0
8500.0,10,1725.166667,43.2,2806229.601,30.0,64.0
8600.0,10,1742.78125,40.53125,2865598.018,32.0,66.0
8700.0,10,1762.966667,41.1,2934334.011,30.0,68.0
8800.0,10,1784.516129,41.0,3008627.202,31.0,64.0
8900.0,10,1803.727273,36.454545455,3075742.826,33.0,64.0
9000.0,10,1822.971429,36.4,3143612.647,35.0,64.0
9100.0,10,1842.090909,37.363636364,3211749.504,33.0,64.0
9200.0,10,1858.625,37.75,3271274.453,32.0,64.0
9300.0,10,1879.848485,35.272727270000004,3348562.37,33.0,64.0
9400.0,10,1900.529412,34.97058824,3424684.987,34.0,66.0
9500.0,10,1920.060606,31.57575758,3497466.123,33.0,64.0
9600.0,10,1941.852941,28.23529412,3579581.253,34.0,66.0
9700.0,10,1959.233333,26.83333333,3645708.616,30.0,62.0
9800.0,10,1981.342857,27.54285714,3730589.555,35.0,66.0
9900.0,10,2001.903226,27.0,3810455.203,31.0,64.0
10000.0,10,2022.033333,23.9,3889596.678,30.0,62.0
0.0,11,50.0,50.0,0.0,37.0,64.0
100.0,11,66.7,52.033333333,283.0244444,30.0,66.0
200.0,11,88.08571429,56.62857143,1494.459592,35.0,68.0
300.0,11,106.70967741999999,53.419354839,3227.679501,31.0,62.0
400.0,11,126.60606061,53.545454545,5881.05877,33.0,64.0
500.0,11,144.22580645,53.483870968,8890.639958,31.0,62.0
600.0,11,164.43333330000002,53.7,13108.67778,30.0,64.0
700.0,11,185.4333333,57.0,18391.18778,30.0,64.0
800.0,11,205.0322581,56.22580645,24073.76171,31.0,62.0
900.0,11,225.2903226,56.51612903,30769.15713,31.0,66.0
1000.0,11,247.4333333,56.96666667,39028.45556,30.0,64.0
1100.0,11,265.0714286,58.107142859999996,46321.44515,28.0,62.0
1200.0,11,283.27272730000004,59.15151515,54499.91552,33.0,62.0
1300.0,11,303.7857143,58.28571429,64475.84184,28.0,60.0
1400.0,11,323.2285714,58.4,74724.41224,35.0,66.0
1500.0,11,341.3928571,59.17857143,84994.04337,28.0,64.0
1600.0,11,362.7941176,61.44117647,97971.06055,34.0,64.0
1700.0,11,382.9090909,61.878787880000004,110969.5684,33.0,66.0
1800.0,11,405.483871,62.29032258,126519.8345,31.0,68.0
1900.0,11,425.9354839,63.032258060000004,141497.3278,31.0,66.0
2000.0,11,446.2903226,61.645161290000004,157181.6296,31.0,66.0
2100.0,11,465.84375,65.3125,173160.4971,32.0,62.0
2200.0,11,485.6176471,65.79411765,190012.1886,34.0,66.0
2300.0,11,502.46875,63.25,204903.5322,32.0,62.0
2400.0,11,522.3666667,64.93333333,223353.2722,30.0,62.0
2500.0,11,540.0666667,61.66666667,240301.4489,30.0,62.0
2600.0,11,557.6451612999999,66.29032258000001,257968.9844,31.0,64.0
2700.0,11,574.9375,69.25,275929.9414,32.0,64.0
2800.0,11,593.3,63.8,295365.33,30.0,64.0
2900.0,11,615.6756757,61.21621622,320114.7736,37.0,66.0
3000.0,11,635.483871,61.967741939999996,342934.59,31.0,62.0
3100.0,11,653.9393939,62.60606061,364901.7043,33.0,64.0
3200.0,11,674.0344828,63.51724138,389601.7515,29.0,66.0
3300.0,11,694.4848485,66.39393939,415629.4812,33.0,66.0
3400.0,11,716.375,64.5625,444267.707,32.0,64.0
3500.0,11,734.46875,64.96875,468721.5332,32.0,64.0
3600.0,11,751.5806452,64.41935484,492423.3195,31.0,64.0
3700.0,11,771.0,65.6969697,520087.3949,33.0,64.0
3800.0,11,791.0588235,63.67647059,549355.2258,34.0,64.0
3900.0,11,811.1290323,63.48387097,579499.2185,31.0,62.0
4000.0,11,832.0588235,62.382352940000004,611769.3261,34.0,64.0
4100.0,11,853.0294118,61.294117650000004,644983.7933,34.0,64.0
4200.0,11,872.2666667,62.4,676276.2311,30.0,62.0
4300.0,11,892.3030303,65.09090909,709702.1304,33.0,68.0
4400.0,11,909.9310345,65.31034482999999,739715.7907,29.0,62.0
4500.0,11,927.7333333,62.7,770577.0944,30.0,64.0
4600.0,11,950.2758621,63.5862069,810681.2128,29.0,62.0
4700.0,11,970.34375,65.09375,847260.4395,32.0,62.0
4800.0,11,988.4848485,65.72727273,881001.1579,33.0,66.0
4900.0,11,1005.6666667,63.66666667,913485.5556,33.0,64.0
5000.0,11,1026.4516128999999,62.41935484,953611.9927,31.0,66.0
5100.0,11,1046.444444,63.30555556,993078.5687,36.0,66.0
5200.0,11,1068.655172,64.75862069,1037876.177,29.0,66.0
5300.0,11,1085.193548,65.22580645,1071857.508,31.0,66.0
5400.0,11,1102.774194,64.03225806,1108530.407,31.0,64.0
5500.0,11,1120.833333,63.3,1146860.918,30.0,64.0
5600.0,11,1140.875,64.84375,1190228.603,32.0,64.0
5700.0,11,1161.233333,63.533333330000005,1235022.672,30.0,62.0
5800.0,11,1180.375,65.0625,1277974.52,32.0,66.0
5900.0,11,1200.366667,66.86666667,1323627.952,30.0,62.0
6000.0,11,1221.34375,67.0,1372335.181,32.0,64.0
6100.0,11,1240.909091,67.54545455,1418572.306,33.0,62.0
6200.0,11,1261.606061,70.51515152,1468410.118,33.0,62.0
6300.0,11,1281.967742,70.29032258000001,1518156.214,31.0,66.0
6400.0,11,1305.205882,69.0,1575902.807,34.0,64.0
6500.0,11,1325.0,68.86206897,1625980.778,29.0,64.0
6600.0,11,1343.724138,69.65517241,1674108.471,29.0,64.0
6700.0,11,1361.266667,67.26666667,1719718.409,30.0,66.0
6800.0,11,1380.137931,69.03448276,1769629.227,29.0,62.0
6900.0,11,1399.40625,68.21875,1821229.15,32.0,66.0
7000.0,11,1421.0,73.89285714,1880211.869,28.0,62.0
7100.0,11,1439.689655,68.41379309999999,1931576.405,29.0,64.0
7200.0,11,1458.805556,66.55555556,1985007.18,36.0,66.0
7300.0,11,1480.387097,65.12903226,2046236.134,31.0,64.0
7400.0,11,1498.709677,64.38709677,2098966.718,31.0,62.0
7500.0,11,1517.75,62.15625,2154437.837,32.0,64.0
7600.0,11,1537.225806,62.06451613,2211986.152,31.0,62.0
7700.0,11,1555.484848,61.84848485,2266625.016,33.0,64.0
7800.0,11,1574.967742,63.38709677,2325705.828,31.0,62.0
7900.0,11,1594.064516,65.67741935000001,2384381.011,31.0,66.0
8000.0,11,1611.5625,64.21875,2438679.614,32.0,64.0
8100.0,11,1632.176471,66.44117647,2503552.696,34.0,66.0
8200.0,11,1651.516129,65.41935484,2565091.668,31.0,64.0
8300.0,11,1671.34375,65.8125,2629005.591,32.0,68.0
8400.0,11,1689.65625,66.6875,2688751.091,32.0,62.0
8500.0,11,1710.83871,67.16129032,2758679.729,31.0,64.0
8600.0,11,1731.241379,66.31034482999999,2826838.603,29.0,64.0
8700.0,11,1750.483871,65.09677419,2891873.308,31.0,62.0
8800.0,11,1769.225806,66.4516129,2956008.029,31.0,66.0
8900.0,11,1786.1,65.03333333,3014269.211,30.0,64.0
9000.0,11,1803.806452,66.93548387,3076123.88,31.0,66.0
9100.0,11,1825.689655,65.44827586,3153312.401,29.0,64.0
9200.0,11,1847.733333,64.8,3232064.178,30.0,62.0
9300.0,11,1867.5,68.93333333,3303664.721,30.0,66.0
9400.0,11,1887.225806,68.48387097,3375740.317,31.0,64.0
9500.0,11,1904.78125,67.78125,3440529.658,32.0,66.0
9600.0,11,1919.766667,68.06666667,3496353.792,30.0,64.0
9700.0,11,1939.266667,69.1,3569693.348,30.0,66.0
9800.0,11,1959.935484,71.06451613,3648297.266,31.0,64.0
9900.0,11,1977.548387,72.83870968,3715964.391,31.0,66.0
10000.0,11,1997.242424,68.66666667,3792101.503,33.0,66.0
0.0,12,50.0,50.0,0.0,37.0,64.0
100.0,12,71.03333333,50.566666667,442.7222222,30.0,62.0
200.0,12,88.8,49.166666667,1506.134444,30.0,62.0
300.0,12,108.6,49.0,3434.96,30.0,64.0
400.0,12,127.7,52.0,6041.29,30.0,64.0
500.0,12,147.9354839,52.096774194,9595.755463,31.0,64.0
600.0,12,165.1333333,49.966666667,13255.68556,30.0,64.0
700.0,12,184.25,50.90625,18023.88379,32.0,62.0
800.0,12,203.0967742,53.387096774,23450.09469,31.0,64.0
900.0,12,221.9032258,56.4516129,29592.34235,31.0,66.0
1000.0,12,241.6896552,56.75862069,36790.60285,29.0,62.0
1100.0,12,264.9090909,52.787878788,46193.68962,33.0,64.0
1200.0,12,284.43333329999996,51.233333333,54960.50889,30.0,64.0
1300.0,12,305.03125,53.53125,65053.4082,32.0,62.0
1400.0,12,321.0,57.40625,73495.85254,32.0,62.0
1500.0,12,340.0,55.588235294,84131.22837,34.0,64.0
1600.0,12,354.8333333,54.733333333,92945.76556,30.0,62.0
1700.0,12,377.6764706,54.0,107387.8694,34.0,64.0
1800.0,12,397.8709677,52.806451613,121022.0864,31.0,64.0
1900.0,12,416.7878788,57.09090909,134583.629,33.0,62.0
2000.0,12,436.4193548,59.38709677,149408.0354,31.0,66.0
2100.0,12,454.1612903,63.5483871,163529.9074,31.0,62.0
2200.0,12,471.9666667,64.23333333,178258.4556,30.0,62.0
2300.0,12,492.6451613,65.87096774,196186.6264,31.0,62.0
2400.0,12,513.4545455,65.21212120999999,215021.5243,33.0,66.0
2500.0,12,533.125,67.625,233720.4062,32.0,64.0
2600.0,12,551.46875,65.375,251707.2979,32.0,68.0
2700.0,12,571.3636364,67.27272727,272118.3884,33.0,62.0
2800.0,12,590.2903226,65.48387097,292153.3829,31.0,64.0
2900.0,12,609.2258065,64.0,312929.5026,31.0,62.0
3000.0,12,626.7096774,62.38709677,332747.4922,31.0,64.0
3100.0,12,647.3125,61.25,356908.7852,32.0,64.0
3200.0,12,667.5172414,59.65517241,381420.7658,29.0,64.0
3300.0,12,684.7419355,61.06451613,403019.7482,31.0,62.0
3400.0,12,704.0967742,62.48387097,427998.437,31.0,62.0
3500.0,12,722.4545455,61.48484848,452327.0174,33.0,66.0
3600.0,12,742.3225806,63.87096774,479502.9594,31.0,66.0
3700.0,12,761.5,62.533333330000005,506389.3344,30.0,62.0
3800.0,12,783.1515152,60.33333333,537617.9219,33.0,66.0
3900.0,12,802.5588235,59.32352941,566431.7111,34.0,66.0
4000.0,12,820.6875,61.34375,594087.9033,32.0,64.0
4100.0,12,839.8823529,59.17647059,623998.3391,34.0,68.0
4200.0,12,859.1875,59.9375,654883.1641,32.0,66.0
4300.0,12,879.2903226,60.645161290000004,687835.7586,31.0,62.0
4400.0,12,896.1612903,59.645161290000004,716081.9584,31.0,64.0
4500.0,12,915.3125,60.8125,748882.6328,32.0,66.0
4600.0,12,932.3888889,59.138888890000004,778693.6705,36.0,64.0
4700.0,12,952.6774194,58.32258065,814895.7888,31.0,64.0
4800.0,12,972.9666667,59.3,851953.9578,30.0,62.0
4900.0,12,996.4411765,58.58823529,895824.6583,34.0,66.0
5000.0,12,1017.0322581,55.903225806,935186.2362,31.0,64.0
5100.0,12,1036.1212120999999,53.03030303,972444.2277,33.0,64.0
5200.0,12,1052.387097,55.064516129,1004805.541,31.0,64.0
5300.0,12,1074.96875,51.84375,1050564.338,32.0,66.0
5400.0,12,1093.484848,51.151515152,1088861.955,33.0,62.0
5500.0,12,1114.272727,46.0303030303,1132692.197,33.0,66.0
5600.0,12,1133.612903,45.1935483871,1174240.026,31.0,62.0
5700.0,12,1152.419355,46.2258064516,1215342.678,31.0,64.0
5800.0,12,1172.344828,49.551724138,1259658.113,29.0,66.0
5900.0,12,1192.967742,51.903225806,1306378.881,31.0,62.0
6000.0,12,1213.5625,52.5625,1353884.258,32.0,64.0
6100.0,12,1233.580645,52.548387097,1400869.638,31.0,62.0
6200.0,12,1254.411765,54.382352941,1450626.904,34.0,64.0
6300.0,12,1272.705882,52.176470588,1495014.412,34.0,66.0
6400.0,12,1292.28125,54.21875,1543280.502,32.0,64.0
6500.0,12,1312.566667,53.5,1594086.838,30.0,64.0
6600.0,12,1330.90625,53.96875,1640736.572,32.0,64.0
6700.0,12,1349.75,52.09375,1689354.446,32.0,64.0
6800.0,12,1369.393939,56.121212119999996,1740837.837,33.0,64.0
6900.0,12,1388.333333,54.303030303,1791154.627,33.0,66.0
7000.0,12,1406.28125,54.28125,1839517.158,32.0,66.0
7100.0,12,1427.84375,54.53125,1898473.932,32.0,66.0
7200.0,12,1451.705882,56.44117647,1964820.869,34.0,66.0
7300.0,12,1472.6,54.833333333,2023814.121,30.0,62.0
7400.0,12,1493.147059,54.382352941,2082692.638,34.0,64.0
7500.0,12,1514.357143,51.642857143,2144344.541,28.0,62.0
7600.0,12,1532.709677,54.483870968,2198448.093,31.0,64.0
7700.0,12,1549.735294,55.058823529,2249231.544,34.0,68.0
7800.0,12,1570.941176,56.52941176,2313304.696,34.0,64.0
7900.0,12,1589.4,55.6,2369783.72,30.0,68.0
8000.0,12,1609.25,54.125,2431277.578,32.0,64.0
8100.0,12,1626.117647,53.411764706,2484158.478,34.0,64.0
8200.0,12,1646.16129,54.387096774,2547750.111,31.0,64.0
8300.0,12,1668.37931,55.827586206999996,2619185.553,29.0,64.0
8400.0,12,1688.757576,55.212121212,2685553.558,33.0,64.0
8500.0,12,1711.0,55.612903226,2758952.505,31.0,64.0
8600.0,12,1729.833333,54.083333333,2821856.701,36.0,66.0
8700.0,12,1749.266667,54.5,2887527.454,30.0,60.0
8800.0,12,1767.5,54.714285714,2949828.474,28.0,58.0
8900.0,12,1788.888889,55.972222222,3023770.235,36.0,66.0
9000.0,12,1807.212121,55.96969697,3087830.076,33.0,66.0
9100.0,12,1826.2,56.8,3154932.68,30.0,66.0
9200.0,12,1843.689655,57.68965517,3217381.71,29.0,66.0
9300.0,12,1861.16129,54.709677419,3280327.401,31.0,66.0
9400.0,12,1880.7,56.8,3351508.73,30.0,62.0
9500.0,12,1897.903226,56.0,3414782.332,31.0,62.0
9600.0,12,1916.612903,59.38709677,3484331.848,31.0,66.0
9700.0,12,1936.241379,60.96551724,3558026.784,29.0,66.0
9800.0,12,1957.107143,59.03571429,3637139.298,28.0,58.0
9900.0,12,1977.6,61.1,3715764.97,30.0,66.0
10000.0,12,1997.090909,60.81818182,3791280.041,33.0,64.0
0.0,13,50.0,50.0,0.0,37.0,64.0
100.0,13,71.80645161,49.193548387,476.1716961,31.0,68.0
200.0,13,89.17241379000001,46.4827586207,1546.848989,29.0,60.0
300.0,13,106.28125,41.0,3248.579102,32.0,62.0
400.0,13,125.0,39.870967742,5727.597294,31.0,64.0
500.0,13,145.0625,41.03125,9117.317383,32.0,68.0
600.0,13,164.48571429999998,43.8,13145.41878,35.0,68.0
700.0,13,182.9310345,43.551724138,17712.24019,29.0,62.0
800.0,13,203.0606061,44.909090909,23453.46648,33.0,66.0
900.0,13,221.6451613,45.7096774194,29480.46826,31.0,62.0
1000.0,13,242.6060606,45.8181818182,37114.58219,33.0,64.0
1100.0,13,262.2068966,46.8275862069,45041.83115,29.0,66.0
1200.0,13,282.1875,46.1875,53925.57031,32.0,64.0
1300.0,13,302.030303,45.5151515152,63539.38751,33.0,64.0
1400.0,13,323.1515152,45.7272727273,74630.00643,33.0,66.0
1500.0,13,343.0294118,44.558823529,85895.84256,34.0,66.0
1600.0,13,362.4,40.1,97691.77,30.0,64.0
1700.0,13,379.875,35.21875,109036.001,32.0,62.0
1800.0,13,399.4242424,34.90909091,122325.0367,33.0,66.0
1900.0,13,421.4285714,34.392857140000004,138202.7666,28.0,62.0
2000.0,13,439.4848485,35.878787880000004,151897.8558,33.0,64.0
2100.0,13,457.0,33.967741939999996,165906.0333,31.0,64.0
2200.0,13,478.0882353,36.588235294,183439.4126,34.0,64.0
2300.0,13,497.6,40.1,200443.77,30.0,66.0
2400.0,13,516.4545455,40.333333333,217673.2874,33.0,68.0
2500.0,13,535.125,41.9375,235411.2695,32.0,64.0
2600.0,13,554.6470588,44.0,254704.654,34.0,64.0
2700.0,13,573.0666667,43.133333333,273645.8889,30.0,62.0
2800.0,13,588.0645161,43.129032258,289560.6337,31.0,66.0
2900.0,13,608.5806452,39.129032258,312130.5151,31.0,66.0
3000.0,13,626.1515152,34.48484848,332191.2883,33.0,64.0
3100.0,13,647.96875,32.5625,357870.6924,32.0,64.0
3200.0,13,669.2647059,33.73529412,383753.3166,34.0,66.0
3300.0,13,690.4857143,33.28571429,410501.3176,35.0,68.0
3400.0,13,708.0,33.566666670000004,433234.0544,30.0,64.0
3500.0,13,726.4,32.26666667,457831.4311,30.0,62.0
3600.0,13,743.8064516,29.5483871,481785.6608,31.0,60.0
3700.0,13,761.65625,32.3125,506767.4658,32.0,64.0
3800.0,13,782.7941176,33.794117650000004,537249.8495,34.0,66.0
3900.0,13,803.0645161,35.48387097,567316.8835,31.0,62.0
4000.0,13,822.6363636,35.878787880000004,597166.359,33.0,66.0
4100.0,13,842.1176471,33.32352941,627728.4715,34.0,66.0
4200.0,13,863.90625,32.0,662767.3838,32.0,64.0
4300.0,13,881.7096774,30.93548387,692104.4433,31.0,62.0
4400.0,13,900.1,33.53333333,722941.1611,30.0,66.0
4500.0,13,920.03125,33.21875,757235.9863,32.0,66.0
4600.0,13,939.5757576,38.181818182,791484.6979,33.0,64.0
4700.0,13,956.5862069,38.413793103,822032.7907,29.0,64.0
4800.0,13,977.2333333,36.866666667000004,859934.1389,30.0,62.0
4900.0,13,997.0645161,33.90322581,897190.3039,31.0,64.0
5000.0,13,1014.84375,31.65625,931259.9551,32.0,64.0
5100.0,13,1035.1212120999999,31.90909091,970791.0836,33.0,64.0
5200.0,13,1055.53125,37.0625,1011260.474,32.0,66.0
5300.0,13,1073.033333,35.03333333,1046821.202,30.0,62.0
5400.0,13,1093.392857,35.892857140000004,1088867.666,28.0,60.0
5500.0,13,1114.310345,37.379310345,1132915.792,29.0,62.0
5600.0,13,1130.875,39.3125,1168404.988,32.0,64.0
5700.0,13,1150.176471,38.794117647,1210513.838,34.0,66.0
5800.0,13,1172.645161,38.161290323,1260472.313,31.0,64.0
5900.0,13,1190.71875,39.84375,1301342.416,32.0,66.0
6000.0,13,1209.46875,40.28125,1344462.236,32.0,66.0
6100.0,13,1229.9,36.7,1392340.9,30.0,64.0
6200.0,13,1247.0,36.212121212,1432999.106,33.0,66.0
6300.0,13,1268.057143,37.428571429,1483821.244,35.0,64.0
6400.0,13,1287.354839,36.645161290000004,1531225.349,31.0,62.0
6500.0,13,1306.0625,36.09375,1577886.388,32.0,62.0
6600.0,13,1323.727273,36.909090909,1622552.537,33.0,66.0
6700.0,13,1344.258065,34.32258065,1675349.719,31.0,64.0
6800.0,13,1360.548387,34.77419355,1717768.9,31.0,66.0
6900.0,13,1380.727273,29.57575758,1771252.224,33.0,64.0
7000.0,13,1400.806452,32.32258065,1824990.561,31.0,66.0
7100.0,13,1417.83871,31.4516129,1871326.778,31.0,64.0
7200.0,13,1437.090909,32.96969697,1924311.221,33.0,66.0
7300.0,13,1456.586207,33.55172414,1978755.303,29.0,66.0
7400.0,13,1478.821429,33.392857140000004,2041806.472,28.0,66.0
7500.0,13,1496.612903,33.25806452,2092969.184,31.0,60.0
7600.0,13,1515.909091,32.121212119999996,2149209.114,33.0,64.0
7700.0,13,1532.944444,31.47222222,2199467.504,36.0,68.0
7800.0,13,1550.967742,30.67741935,2253277.524,31.0,66.0
7900.0,13,1570.90625,29.75,2313565.884,32.0,64.0
8000.0,13,1592.1875,31.1875,2378696.195,32.0,64.0
8100.0,13,1610.193548,28.80645161,2434653.075,31.0,64.0
8200.0,13,1629.272727,28.60606061,2494560.048,33.0,64.0
8300.0,13,1648.393939,26.90909091,2555396.376,33.0,66.0
8400.0,13,1670.088235,24.61764706,2625330.154,34.0,66.0
8500.0,13,1688.363636,24.48484848,2684886.428,33.0,66.0
8600.0,13,1708.69697,27.63636364,2751775.77,33.0,64.0
8700.0,13,1728.566667,30.8,2817954.694,30.0,66.0
8800.0,13,1748.1,29.3,2883972.1,30.0,62.0
8900.0,13,1765.548387,28.70967742,2943559.546,31.0,64.0
9000.0,13,1785.344828,28.10344828,3011901.13,29.0,66.0
9100.0,13,1805.34375,27.90625,3081719.814,32.0,66.0
9200.0,13,1825.5,30.71875,3152772.017,32.0,62.0
9300.0,13,1843.677419,28.16129032,3217755.614,31.0,66.0
9400.0,13,1864.354839,28.67741935,3292338.133,31.0,64.0
9500.0,13,1881.785714,29.64285714,3355853.316,28.0,64.0
9600.0,13,1903.34375,31.28125,3435233.447,32.0,62.0
9700.0,13,1924.0,30.78125,3512245.36,32.0,62.0
9800.0,13,1943.705882,30.73529412,3586493.098,34.0,66.0
9900.0,13,1963.852941,29.0,3663274.08,34.0,66.0
10000.0,13,1977.606061,30.36363636,3716050.712,33.0,66.0
0.0,14,50.0,50.0,0.0,37.0,64.0
100.0,14,71.61290323,49.516129032,467.351717,31.0,66.0
200.0,14,93.5,49.40625,1892.602539,32.0,66.0
300.0,14,112.72727273,49.121212121,3935.483012,33.0,66.0
400.0,14,130.62857143,49.571428571,6501.150204,35.0,64.0
500.0,14,151.1935484,50.935483871,10241.00937,31.0,66.0
600.0,14,172.51428570000002,50.6,15010.1102,35.0,64.0
700.0,14,191.7741935,47.516129032,20106.09157,31.0,64.0
800.0,14,212.40625,44.8125,26402.7002,32.0,64.0
900.0,14,233.4666667,45.93333333333,33676.55556,30.0,64.0
1000.0,14,254.8,47.466666667,41949.45778,30.0,64.0
1100.0,14,272.1935484,52.096774194,49374.36941,31.0,64.0
1200.0,14,292.2142857,56.07142857,58704.62245,28.0,62.0
1300.0,14,312.3,57.73333333,68861.09444,30.0,62.0
1400.0,14,333.3529412,57.08823529,80339.13235,34.0,64.0
1500.0,14,349.4516129,58.61290323,89745.45057,31.0,64.0
1600.0,14,369.5666667,55.6,102154.2144,30.0,62.0
1700.0,14,388.6666667,54.363636364,114714.1524,33.0,66.0
1800.0,14,407.7058824,53.441176471,127965.34,34.0,64.0
1900.0,14,428.25,55.21875,143100.2979,32.0,64.0
2000.0,14,449.9666667,52.1,159977.7444,30.0,62.0
2100.0,14,466.6666667,53.6,173624.0711,30.0,64.0
2200.0,14,486.1333333,56.566666670000004,190255.4056,30.0,62.0
2300.0,14,504.25,55.0,206368.0625,28.0,62.0
2400.0,14,522.75,57.25,223545.125,32.0,64.0
2500.0,14,541.6129032,54.612903226,241704.5255,31.0,62.0
2600.0,14,560.5,52.666666667,260617.3611,30.0,66.0
2700.0,14,578.4,50.228571429,279206.6122,35.0,68.0
2800.0,14,597.5,51.5,299758.5,30.0,66.0
2900.0,14,616.6451613,50.967741935,321087.6753,31.0,64.0
3000.0,14,637.2068966,52.413793103,344817.7658,29.0,62.0
3100.0,14,655.3030303,53.151515152,366401.6905,33.0,68.0
3200.0,14,674.03125,54.90625,389439.0723,32.0,62.0
3300.0,14,695.0714286,57.607142859999996,416175.0166,28.0,60.0
3400.0,14,714.6774194,58.77419355,441873.0583,31.0,64.0
3500.0,14,735.0689655,56.51724138,469361.962,29.0,66.0
3600.0,14,754.0645161,53.161290323,495716.8366,31.0,64.0
3700.0,14,773.1515152,52.212121212,522953.0073,33.0,64.0
3800.0,14,794.9375,55.5,554962.1289,32.0,64.0
3900.0,14,813.516129,57.09677419,583007.2435,31.0,68.0
4000.0,14,833.6764706,59.64705882,614241.8763,34.0,66.0
4100.0,14,853.3333333,62.66666667,645504.8889,30.0,62.0
4200.0,14,873.1612903,60.61290323,677707.1436,31.0,66.0
4300.0,14,892.0294118,59.617647059999996,709106.0294,34.0,66.0
4400.0,14,911.0,60.23333333,741425.7211,30.0,62.0
4500.0,14,926.3870968,56.93548387,768102.4443,31.0,64.0
4600.0,14,944.1935484,57.06451613,799632.0094,31.0,62.0
4700.0,14,962.6129032,59.4516129,832951.6441,31.0,66.0
4800.0,14,980.7419355,58.77419355,866357.5369,31.0,66.0
4900.0,14,995.5806452,58.06451613,894187.7929,31.0,62.0
5000.0,14,1016.7,57.83333333,934570.2511,30.0,64.0
5100.0,14,1038.3333333,58.66666667,976877.8889,33.0,64.0
5200.0,14,1057.096774,56.93548387,1014292.014,31.0,64.0
5300.0,14,1079.75,59.57142857,1060476.675,28.0,62.0
5400.0,14,1099.266667,59.8,1101056.578,30.0,64.0
5500.0,14,1118.875,59.0625,1142575.895,32.0,62.0
5600.0,14,1138.821429,61.107142859999996,1185655.472,28.0,62.0
5700.0,14,1158.225806,62.83870968,1228329.271,31.0,62.0
5800.0,14,1177.580645,62.48387097,1271593.958,31.0,68.0
5900.0,14,1196.205882,61.85294118,1313928.417,34.0,68.0
6000.0,14,1217.058824,62.41176471,1362180.349,34.0,66.0
6100.0,14,1236.0,63.21875,1406770.735,32.0,64.0
6200.0,14,1252.677419,61.90322581,1446574.662,31.0,64.0
6300.0,14,1270.103448,65.79310345,1488901.847,29.0,62.0
6400.0,14,1289.363636,66.6969697,1536301.012,33.0,66.0
6500.0,14,1310.852941,62.117647059999996,1589896.977,34.0,64.0
6600.0,14,1329.323529,60.02941176,1636769.282,34.0,64.0
6700.0,14,1345.21875,59.4375,1677680.677,32.0,64.0
6800.0,14,1365.068966,64.62068966,1729620.149,29.0,60.0
6900.0,14,1387.275862,64.86206897,1788527.612,29.0,62.0
7000.0,14,1406.333333,67.54545455,1839947.954,33.0,66.0
7100.0,14,1425.862069,68.55172414,1893340.599,29.0,66.0
7200.0,14,1446.1,70.43333333,1949512.731,30.0,62.0
7300.0,14,1466.766667,70.0,2007627.788,30.0,66.0
7400.0,14,1487.066667,70.16666667,2065567.299,30.0,62.0
7500.0,14,1509.515152,69.39393939,2130560.602,33.0,62.0
7600.0,14,1528.612903,69.90322581,2186692.256,31.0,66.0
7700.0,14,1544.636364,69.87878788,2234333.026,33.0,64.0
7800.0,14,1565.272727,73.48484848,2296602.976,33.0,64.0
7900.0,14,1583.878788,71.90909091,2353264.144,33.0,66.0
8000.0,14,1604.290323,70.58064516,2416241.97,31.0,64.0
8100.0,14,1623.032258,70.80645161,2474863.393,31.0,64.0
8200.0,14,1641.333333,73.2962963,2532884.495,27.0,62.0
8300.0,14,1660.59375,72.3125,2594510.075,32.0,62.0
8400.0,14,1678.529412,73.14705882,2652643.831,34.0,66.0
8500.0,14,1698.78125,73.375,2719026.001,32.0,64.0
8600.0,14,1719.322581,75.12903226,2787269.347,31.0,62.0
8700.0,14,1739.352941,75.70588235,2854574.152,34.0,64.0
8800.0,14,1759.548387,75.16129032,2923188.778,31.0,64.0
8900.0,14,1774.166667,77.2,2973490.534,30.0,64.0
9000.0,14,1794.172414,78.96551724,3042976.41,29.0,62.0
9100.0,14,1813.419355,81.77419355,3110657.42,31.0,68.0
9200.0,14,1833.057143,77.48571429,3180048.239,35.0,66.0
9300.0,14,1850.225806,73.77419355,3241378.166,31.0,62.0
9400.0,14,1867.705882,75.82352940999999,3304721.529,34.0,66.0
9500.0,14,1888.78125,76.1875,3381802.271,32.0,66.0
9600.0,14,1909.8125,77.75,3459672.598,32.0,62.0
9700.0,14,1931.233333,78.36666667,3539843.522,30.0,64.0
9800.0,14,1951.258065,78.32258064999999,3615584.396,31.0,66.0
9900.0,14,1969.258065,79.64516129,3684430.354,31.0,66.0
10000.0,14,1989.90625,77.3125,3763982.231,32.0,64.0
0.0,15,50.0,50.0,0.0,37.0,64.0
100.0,15,67.90625,52.21875,325.5566406,32.0,66.0
200.0,15,86.90322581000001,49.741935484,1361.914672,31.0,68.0
300.0,15,108.21875,49.0,3390.422852,32.0,64.0
400.0,15,128.26666667,51.466666667,6127.822222,30.0,64.0
500.0,15,149.28125,51.6875,9859.614258,32.0,64.0
600.0,15,169.2413793,50.206896552,14218.54935,29.0,60.0
700.0,15,189.0689655,51.586206897,19342.69322,29.0,64.0
800.0,15,207.2903226,54.645161290000004,24761.8231,31.0,64.0
900.0,15,226.6451613,51.967741935,31207.38502,31.0,64.0
1000.0,15,241.90625,53.25,36838.57129,32.0,64.0
1100.0,15,259.5517241,52.793103448,43919.72652,29.0,64.0
1200.0,15,277.9655172,52.0,51972.27705,29.0,64.0
1300.0,15,298.2058824,49.941176471,61606.16349,34.0,68.0
1400.0,15,315.6764706,51.764705882,70587.10121,34.0,66.0
1500.0,15,340.0,49.828571429,84100.02939,35.0,64.0
1600.0,15,359.3125,51.0,95675.22266,32.0,66.0
1700.0,15,382.516129,48.612903226,110568.9001,31.0,64.0
1800.0,15,402.2647059,51.823529412,124093.7483,34.0,66.0
1900.0,15,424.53125,50.15625,140273.6816,32.0,66.0
2000.0,15,442.4857143,49.6,154045.1959,35.0,66.0
2100.0,15,458.9142857,49.914285714,167210.9004,35.0,66.0
2200.0,15,478.6060606,49.878787879,183703.1699,33.0,66.0
2300.0,15,497.90625,51.71875,200622.9629,32.0,68.0
2400.0,15,518.75,50.21875,219726.6104,32.0,66.0
2500.0,15,538.7222222,48.305555556,238852.2816,36.0,66.0
2600.0,15,557.3428571,49.857142857,257396.7951,35.0,68.0
2700.0,15,577.7931034,46.3793103448,278578.6694,29.0,62.0
2800.0,15,595.375,44.59375,297463.1182,32.0,64.0
2900.0,15,614.6666667,45.6,318867.8044,30.0,66.0
3000.0,15,636.2142857,48.892857143,343648.4145,28.0,64.0
3100.0,15,660.2903226,50.548387097,372454.5786,31.0,64.0
3200.0,15,680.9354839,49.096774194,398080.4006,31.0,64.0
3300.0,15,698.3939394,50.212121212,420414.7456,33.0,64.0
3400.0,15,714.5757576,47.96969697,441665.0597,33.0,66.0
3500.0,15,738.1,50.6,473481.97,30.0,62.0
3600.0,15,757.4705882,50.352941176,500514.7578,34.0,64.0
3700.0,15,773.5,53.59375,523465.165,32.0,66.0
3800.0,15,795.3,54.5,555492.34,30.0,64.0
3900.0,15,811.6451613,56.032258060000004,580139.7399,31.0,64.0
4000.0,15,833.6666667,53.848484848,614148.2553,33.0,68.0
4100.0,15,851.6,55.971428571000004,642598.218,35.0,66.0
4200.0,15,874.0606061,54.727272727,679098.2296,33.0,64.0
4300.0,15,894.7272727,58.0,713628.1653,33.0,66.0
4400.0,15,914.3548387,59.12903226,747192.6264,31.0,62.0
4500.0,15,933.5151515,58.21212121,780666.4619,33.0,64.0
4600.0,15,951.71875,57.75,813156.7666,32.0,62.0
4700.0,15,971.4375,56.71875,849092.208,32.0,62.0
4800.0,15,990.2333333,54.733333333,884061.1256,30.0,60.0
4900.0,15,1010.1714286,55.657142857,921961.1755,35.0,66.0
5000.0,15,1030.2333333000001,54.866666667000004,960881.0722,30.0,66.0
5100.0,15,1049.2666669999999,55.333333333,998562.3156,30.0,62.0
5200.0,15,1071.0,51.586206897,1042443.516,29.0,66.0
5300.0,15,1090.482759,50.896551724,1082605.175,29.0,64.0
5400.0,15,1111.9,50.3,1127631.7,30.0,62.0
5500.0,15,1131.225806,50.032258065,1169049.246,31.0,66.0
5600.0,15,1151.5,51.382352941,1213304.161,34.0,66.0
5700.0,15,1168.78125,54.0625,1251687.989,32.0,64.0
5800.0,15,1188.7,55.966666667,1296673.291,30.0,66.0
5900.0,15,1210.586207,56.55172414,1347003.269,29.0,64.0
6000.0,15,1230.310345,56.793103450000004,1393178.656,29.0,62.0
6100.0,15,1249.057143,57.08571429,1437788.239,35.0,68.0
6200.0,15,1270.129032,60.41935484,1488823.418,31.0,64.0
6300.0,15,1290.451613,60.4516129,1538829.44,31.0,64.0
6400.0,15,1309.636364,63.39393939,1586863.166,33.0,66.0
6500.0,15,1326.322581,61.32258065,1629127.531,31.0,64.0
6600.0,15,1346.78125,63.34375,1681819.666,32.0,62.0
6700.0,15,1368.03125,64.5625,1737418.442,32.0,66.0
6800.0,15,1387.931034,66.27586207,1790324.357,29.0,62.0
6900.0,15,1405.25,64.90625,1836924.759,32.0,62.0
7000.0,15,1424.678571,64.03571429,1889938.176,28.0,64.0
7100.0,15,1441.419355,61.83870968,1936187.976,31.0,64.0
7200.0,15,1459.580645,63.58064516,1987102.029,31.0,64.0
7300.0,15,1481.46875,63.1875,2049276.692,32.0,62.0
7400.0,15,1500.548387,62.032258060000004,2104235.399,31.0,64.0
7500.0,15,1523.931034,70.41379309999999,2172889.417,29.0,64.0
7600.0,15,1542.225806,65.93548387,2226991.797,31.0,66.0
7700.0,15,1564.266667,66.03333333,2293260.606,30.0,64.0
7800.0,15,1583.84375,66.28125,2352941.729,32.0,68.0
7900.0,15,1601.741935,65.41935484,2408140.791,31.0,66.0
8000.0,15,1619.233333,65.93333333,2462747.126,30.0,66.0
8100.0,15,1637.882353,64.29411765,2521574.689,34.0,66.0
8200.0,15,1659.59375,65.03125,2591017.979,32.0,66.0
8300.0,15,1677.454545,65.21212120999999,2648839.706,33.0,64.0
8400.0,15,1695.166667,61.933333329999996,2706715.766,30.0,66.0
8500.0,15,1714.085714,61.22857143,2769307.345,35.0,66.0
8600.0,15,1733.617647,63.32352941,2834745.898,34.0,64.0
8700.0,15,1753.862069,64.55172414,2903357.703,29.0,66.0
8800.0,15,1771.433333,66.03333333,2963589.789,30.0,64.0
8900.0,15,1790.5,65.58823529,3029583.243,34.0,64.0
9000.0,15,1812.107143,64.71428571,3105238.093,28.0,60.0
9100.0,15,1830.677419,64.74193548,3171029.396,31.0,68.0
9200.0,15,1849.1875,66.5,3237347.91,32.0,62.0
9300.0,15,1866.517241,67.79310345,3300051.483,29.0,62.0
9400.0,15,1888.65625,68.75,3381008.368,32.0,66.0
9500.0,15,1907.387097,69.87096774,3450281.683,31.0,66.0
9600.0,15,1924.266667,70.66666667,3513302.649,30.0,62.0
9700.0,15,1943.205882,71.35294118,3584684.461,34.0,66.0
9800.0,15,1963.382353,69.41176471,3661408.845,34.0,66.0
9900.0,15,1984.848485,71.54545455,3744102.866,33.0,66.0
10000.0,15,2001.151515,73.33333333,3807536.68,33.0,64.0
0.0,16,50.0,50.0,0.0,37.0,64.0
100.0,16,68.1,52.2,332.45,30.0,64.0
200.0,16,87.78787879000001,54.151515152,1445.158861,33.0,66.0
300.0,16,108.38235294,51.705882353,3411.40917,34.0,66.0
400.0,16,131.03030303,51.545454545,6568.298439,33.0,66.0
500.0,16,150.0625,52.3125,10017.85156,32.0,64.0
600.0,16,169.03333329999998,48.733333333,14170.53889,30.0,68.0
700.0,16,190.28125,46.1875,19693.36426,32.0,64.0
800.0,16,210.34375,46.125,25725.13379,32.0,66.0
900.0,16,227.2121212,46.696969697,31415.04591,33.0,66.0
1000.0,16,247.9310345,48.172413793,39180.03448,29.0,62.0
1100.0,16,264.862069,47.931034483,46169.9893,29.0,64.0
1200.0,16,283.32258060000004,46.5483870968,54451.34027,31.0,66.0
1300.0,16,301.2058824,46.2352941176,63118.56834,34.0,64.0
1400.0,16,319.0967742,46.4193548387,72425.8949,31.0,68.0
1500.0,16,337.1142857,44.142857143,82468.91918,35.0,66.0
1600.0,16,357.030303,46.2121212121,94281.955,33.0,66.0
1700.0,16,376.3225806,47.516129032,106492.5963,31.0,64.0
1800.0,16,396.5757576,50.848484848,120115.4757,33.0,66.0
1900.0,16,415.4705882,51.882352941,133572.2941,34.0,66.0
2000.0,16,434.2333333,51.633333333,147637.9222,30.0,62.0
2100.0,16,451.9090909,46.7272727273,161541.6281,33.0,64.0
2200.0,16,470.75,47.375,177037.4531,32.0,64.0
2300.0,16,489.1515152,45.5454545455,192873.8962,33.0,64.0
2400.0,16,508.2857143,42.142857143,210087.5306,28.0,62.0
2500.0,16,527.5333333,43.566666667,228079.4722,30.0,66.0
2600.0,16,546.90625,45.5,246936.0713,32.0,66.0
2700.0,16,564.46875,46.78125,264688.4551,32.0,62.0
2800.0,16,582.8064516,42.096774194,283945.1759,31.0,62.0
2900.0,16,603.969697,42.575757576,306937.5445,33.0,64.0
3000.0,16,622.53125,41.4375,327865.3486,32.0,66.0
3100.0,16,642.969697,39.03030303,351733.3958,33.0,64.0
3200.0,16,661.9411765,37.088235294,374638.7171,34.0,66.0
3300.0,16,684.6551724,37.827586206999996,402935.3555,29.0,62.0
3400.0,16,705.137931,35.793103450000004,429407.5446,29.0,62.0
3500.0,16,725.21875,36.78125,456095.0957,32.0,62.0
3600.0,16,744.4848485,39.151515152,482426.8944,33.0,66.0
3700.0,16,765.0322581,41.032258065,511351.5505,31.0,64.0
3800.0,16,785.0645161,42.387096774,540377.7992,31.0,64.0
3900.0,16,805.5757576,43.575757576,570935.9963,33.0,68.0
4000.0,16,823.6333333,42.366666667,598566.8022,30.0,66.0
4100.0,16,841.3548387,42.548387097,626298.0073,31.0,66.0
4200.0,16,861.3333333,41.366666667,658336.3122,30.0,64.0
4300.0,16,877.2758621,41.344827586,684460.264,29.0,62.0
4400.0,16,899.3448276,37.379310345,721545.918,29.0,62.0
4500.0,16,919.6666667,35.42424242,756532.5638,33.0,62.0
4600.0,16,938.3939394,41.272727273,789319.9568,33.0,64.0
4700.0,16,959.96875,40.75,828128.6885,32.0,64.0
4800.0,16,978.9,40.2,862951.25,30.0,62.0
4900.0,16,996.53125,42.1875,895982.4424,32.0,66.0
5000.0,16,1015.6666667,42.566666667,932567.3656,30.0,66.0
5100.0,16,1033.6764706,42.882352941,967670.0597,34.0,66.0
5200.0,16,1054.064516,41.774193548,1008213.216,31.0,64.0
5300.0,16,1073.060606,41.96969697,1046717.489,33.0,64.0
5400.0,16,1094.411765,39.911764706,1090897.707,34.0,66.0
5500.0,16,1109.2,42.342857143,1121963.272,35.0,68.0
5600.0,16,1129.83871,43.451612903,1166094.52,31.0,64.0
5700.0,16,1149.5,43.75,1208939.312,32.0,68.0
5800.0,16,1168.6,44.866666667,1251292.311,30.0,66.0
5900.0,16,1187.225806,43.677419355,1293322.51,31.0,64.0
6000.0,16,1203.575758,42.848484848,1330788.173,33.0,64.0
6100.0,16,1223.46875,40.125,1377126.423,32.0,64.0
6200.0,16,1241.8125,40.21875,1420512.708,32.0,64.0
6300.0,16,1259.275862,40.965517241,1462429.732,29.0,62.0
6400.0,16,1279.5,39.972222222,1511770.806,36.0,66.0
6500.0,16,1299.741935,38.225806452,1561993.537,31.0,64.0
6600.0,16,1319.411765,36.029411765,1611601.406,34.0,66.0
6700.0,16,1337.625,37.125,1658143.906,32.0,64.0
6800.0,16,1355.21875,39.40625,1703708.213,32.0,64.0
6900.0,16,1374.967742,37.516129032,1755695.364,31.0,62.0
7000.0,16,1394.645161,32.193548390000004,1808387.68,31.0,62.0
7100.0,16,1415.1,32.36666667,1863808.944,30.0,64.0
7200.0,16,1435.133333,28.6,1919052.311,30.0,62.0
7300.0,16,1454.935484,27.58064516,1974346.341,31.0,64.0
7400.0,16,1478.0,27.4375,2039693.066,32.0,66.0
7500.0,16,1496.451613,28.41935484,2092687.993,31.0,62.0
7600.0,16,1516.066667,28.23333333,2149825.259,30.0,62.0
7700.0,16,1538.0,30.22580645,2214535.019,31.0,64.0
7800.0,16,1555.16129,29.74193548,2265920.899,31.0,64.0
7900.0,16,1574.060606,27.42424242,2323270.396,33.0,66.0
8000.0,16,1591.433333,29.26666667,2376446.592,30.0,66.0
8100.0,16,1612.15625,25.375,2440938.54,32.0,64.0
8200.0,16,1629.75,28.27777778,2496081.917,36.0,66.0
8300.0,16,1649.424242,28.93939394,2558601.456,33.0,62.0
8400.0,16,1667.166667,28.1,2615707.638,30.0,66.0
8500.0,16,1688.666667,25.16666667,2685845.139,30.0,64.0
8600.0,16,1707.451613,22.16129032,2747920.843,31.0,64.0
8700.0,16,1726.129032,22.70967742,2810153.294,31.0,62.0
8800.0,16,1744.735294,24.88235294,2872758.613,34.0,66.0
8900.0,16,1765.441176,21.23529412,2943565.838,34.0,64.0
9000.0,16,1783.548387,22.16129032,3005965.004,31.0,64.0
9100.0,16,1803.064516,22.58064516,3073987.019,31.0,64.0
9200.0,16,1820.193548,23.06451613,3134310.719,31.0,64.0
9300.0,16,1839.757576,21.63636364,3204036.676,33.0,64.0
9400.0,16,1856.612903,22.64516129,3264598.469,31.0,62.0
9500.0,16,1872.290323,24.93548387,3321370.25,31.0,62.0
9600.0,16,1888.636364,25.87878788,3381165.511,33.0,64.0
9700.0,16,1908.529412,26.67647059,3454675.561,34.0,66.0
9800.0,16,1927.0,25.45454545,3523731.479,33.0,66.0
9900.0,16,1946.413793,23.96551724,3597063.069,29.0,64.0
10000.0,16,1968.53125,20.21875,3681649.08,32.0,66.0
0.0,17,50.0,50.0,0.0,37.0,64.0
100.0,17,67.59375,48.875,310.8056641,32.0,64.0
200.0,17,84.16666667,49.833333333,1167.388889,30.0,64.0
300.0,17,103.70967741999999,47.387096774,2891.556712,31.0,64.0
400.0,17,123.3125,46.15625,5389.49707,32.0,64.0
500.0,17,145.46153845999999,46.7692307692,9123.343195,26.0,62.0
600.0,17,166.3125,47.71875,13533.80176,32.0,62.0
700.0,17,185.0,49.032258065,18225.93652,31.0,64.0
800.0,17,205.0645161,48.290322581,24047.92716,31.0,62.0
900.0,17,225.5806452,48.387096774,30831.16441,31.0,64.0
1000.0,17,245.0909091,48.515151515,38062.66758,33.0,64.0
1100.0,17,265.5925926,47.444444444,46486.69684,27.0,62.0
1200.0,17,284.2,46.9,54859.25,30.0,62.0
1300.0,17,301.8333333,46.0,63436.02778,30.0,64.0
1400.0,17,320.5,42.5625,73225.56641,32.0,64.0
1500.0,17,344.7878788,41.606060606,86970.3517,33.0,64.0
1600.0,17,365.75,45.71875,99716.3916,32.0,62.0
1700.0,17,387.3225806,41.225806452,113863.5099,31.0,64.0
1800.0,17,405.8529412,40.352941176,126724.3815,34.0,66.0
1900.0,17,426.7575758,41.151515152,142024.5666,33.0,64.0
2000.0,17,446.0967742,38.774193548,157018.6733,31.0,66.0
2100.0,17,468.0967742,38.064516129,174947.3684,31.0,64.0
2200.0,17,485.6774194,37.645161290000004,189967.4558,31.0,64.0
2300.0,17,506.0,38.310344828,208072.648,29.0,60.0
2400.0,17,526.8709676999999,40.419354839,227497.7086,31.0,66.0
2500.0,17,545.8275862,40.448275862,245936.2307,29.0,64.0
2600.0,17,565.0322581,40.161290323,265355.0271,31.0,62.0
2700.0,17,582.8148148,38.592592593,284021.7558,27.0,62.0
2800.0,17,603.3703704,37.074074074,306385.8464,27.0,64.0
2900.0,17,623.1333333,35.566666670000004,328690.1389,30.0,66.0
3000.0,17,640.15625,34.1875,348534.4346,32.0,64.0
3100.0,17,658.7333333,34.9,370784.2811,30.0,62.0
3200.0,17,676.2285714,38.142857143,392302.8155,35.0,68.0
3300.0,17,697.0909091,41.393939394,418800.7089,33.0,66.0
3400.0,17,716.2758621,44.586206897,443952.8335,29.0,58.0
3500.0,17,735.2857143,43.571428571,469657.8367,28.0,64.0
3600.0,17,752.4375,45.90625,493435.2002,32.0,62.0
3700.0,17,771.9375,45.53125,521213.7236,32.0,64.0
3800.0,17,791.6969697,46.09090909091,550129.6758,33.0,62.0
3900.0,17,812.8125,42.21875,581943.458,32.0,64.0
4000.0,17,832.4193548,43.516129032,612222.0874,31.0,64.0
4100.0,17,851.3225806,42.387096774,642175.8345,31.0,66.0
4200.0,17,872.5517241,42.655172414,676645.2854,29.0,64.0
4300.0,17,889.6451613,42.258064516,705063.9344,31.0,64.0
4400.0,17,912.0645161,42.290322581,743214.6691,31.0,62.0
4500.0,17,929.40625,41.375,773429.7432,32.0,64.0
4600.0,17,949.5862069,40.793103448,809340.1106,29.0,66.0
4700.0,17,968.8387097,37.645161290000004,844417.2164,31.0,64.0
4800.0,17,987.7741935,36.774193548,879595.36,31.0,64.0
4900.0,17,1009.6129032,37.838709677,921004.821,31.0,64.0
5000.0,17,1031.2580645,40.225806452,962962.924,31.0,64.0
5100.0,17,1050.290323,38.774193548,1000706.748,31.0,64.0
5200.0,17,1070.066667,40.266666667,1040630.742,30.0,68.0
5300.0,17,1088.607143,37.714285714,1078855.736,28.0,64.0
5400.0,17,1107.25,38.4375,1117911.254,32.0,66.0
5500.0,17,1126.870968,41.290322581,1159726.94,31.0,64.0
5600.0,17,1149.967742,38.677419355,1210057.234,31.0,64.0
5700.0,17,1166.066667,40.333333333,1245698.249,30.0,66.0
5800.0,17,1185.928571,41.964285714,1290398.292,28.0,64.0
5900.0,17,1206.413793,45.275862069,1337315.178,29.0,66.0
6000.0,17,1225.612903,45.5161290323,1382085.803,31.0,62.0
6100.0,17,1244.9375,41.59375,1427946.294,32.0,64.0
6200.0,17,1265.114286,41.057142857,1476582.702,35.0,64.0
6300.0,17,1285.65625,41.5625,1526917.56,32.0,66.0
6400.0,17,1303.933333,39.366666667,1572461.872,30.0,64.0
6500.0,17,1325.15625,39.3125,1626137.685,32.0,66.0
6600.0,17,1342.033333,37.3,1669511.424,30.0,66.0
6700.0,17,1361.088235,37.117647059,1719118.316,34.0,66.0
6800.0,17,1381.166667,36.666666667,1772182.472,30.0,62.0
6900.0,17,1401.647059,34.17647059,1827200.156,34.0,64.0
7000.0,17,1421.935484,35.41935484,1882419.567,31.0,64.0
7100.0,17,1439.290323,33.38709677,1930403.589,31.0,64.0
7200.0,17,1459.633333,36.466666667,1987249.286,30.0,60.0
7300.0,17,1478.1875,36.15625,2039911.185,32.0,62.0
7400.0,17,1498.0,38.636363636,2096833.132,33.0,66.0
7500.0,17,1515.848485,40.96969697,2148793.327,33.0,66.0
7600.0,17,1536.69697,43.696969697,2210307.608,33.0,66.0
7700.0,17,1556.114286,44.314285714,2268412.569,35.0,64.0
7800.0,17,1573.515152,43.333333333,2321142.861,33.0,64.0
7900.0,17,1593.30303,43.666666667,2381824.354,33.0,66.0
8000.0,17,1611.933333,43.1,2439683.348,30.0,62.0
8100.0,17,1630.580645,43.096774194,2498282.83,31.0,62.0
8200.0,17,1650.903226,39.774193548,2562995.706,31.0,64.0
8300.0,17,1670.096774,40.419354839,2624805.347,31.0,68.0
8400.0,17,1687.787879,39.606060606,2682457.17,33.0,66.0
8500.0,17,1707.482759,38.931034483,2747371.617,29.0,62.0
8600.0,17,1726.076923,43.153846154,2809280.722,26.0,60.0
8700.0,17,1744.5,44.65625,2871358.806,32.0,64.0
8800.0,17,1768.064516,45.5806451613,2951765.212,31.0,62.0
8900.0,17,1787.257143,45.7714285714,3018080.261,35.0,66.0
9000.0,17,1805.275862,45.5172413793,3081013.447,29.0,64.0
9100.0,17,1823.774194,45.5483870968,3146294.707,31.0,62.0
9200.0,17,1841.28125,45.96875,3208704.768,32.0,62.0
9300.0,17,1861.83871,47.451612903,3282766.004,31.0,64.0
9400.0,17,1882.333333,50.4,3357445.604,30.0,64.0
9500.0,17,1904.033333,48.8,3437441.041,30.0,64.0
9600.0,17,1921.633333,48.566666667,3503013.389,30.0,64.0
9700.0,17,1940.030303,48.545454545,3572216.662,33.0,64.0
9800.0,17,1963.484848,46.4848484848,3661436.622,33.0,64.0
9900.0,17,1984.322581,48.903225806,3741605.049,31.0,64.0
10000.0,17,2003.6,51.142857143,3816554.266,35.0,66.0
0.0,18,50.0,50.0,0.0,37.0,64.0
100.0,18,70.3125,49.1875,413.2578125,32.0,66.0
200.0,18,91.12903226,48.35483871,1694.30385,31.0,64.0
300.0,18,110.58064516,48.516129032,3672.216441,31.0,64.0
400.0,18,130.61290323,48.870967742,6499.71488,31.0,64.0
500.0,18,152.1034483,47.551724138,10431.1082,29.0,60.0
600.0,18,170.8529412,49.323529412,14605.891,34.0,64.0
700.0,18,191.15625,48.125,19928.60254,32.0,64.0
800.0,18,209.1333333,51.2,25324.85778,30.0,62.0
900.0,18,227.9354839,53.419354839,31672.72841,31.0,62.0
1000.0,18,247.5151515,52.121212121,39016.73462,33.0,66.0
1100.0,18,266.969697,52.393939394,47081.58035,33.0,66.0
1200.0,18,283.6129032,51.806451613,54578.25182,31.0,66.0
1300.0,18,302.6216216,51.918918919,63821.36596,37.0,66.0
1400.0,18,324.1290323,54.806451613,75169.8283,31.0,64.0
1500.0,18,344.9310345,52.931034483,86992.90606,29.0,62.0
1600.0,18,365.0645161,50.774193548,99266.2487,31.0,64.0
1700.0,18,385.25,51.75,112395.625,32.0,66.0
1800.0,18,404.0322581,50.612903226,125339.2154,31.0,64.0
1900.0,18,422.1818182,50.212121212,138519.3508,33.0,66.0
2000.0,18,442.5151515,47.454545455,154074.6235,33.0,66.0
2100.0,18,460.1612903,46.9032258065,168241.8741,31.0,62.0
2200.0,18,481.25,44.75,186004.125,32.0,64.0
2300.0,18,501.6666667,46.09090909091,204018.0588,33.0,64.0
2400.0,18,521.3939394,44.515151515,222242.3297,33.0,62.0
2500.0,18,540.78125,42.6875,240919.708,32.0,66.0
2600.0,18,557.9666667,43.433333333,258073.2556,30.0,66.0
2700.0,18,579.8484848,44.090909091,280774.3343,33.0,66.0
2800.0,18,599.9090909,44.787878788,302427.1745,33.0,64.0
2900.0,18,619.030303,41.818181818,323862.4279,33.0,66.0
3000.0,18,638.65625,40.53125,346605.8379,32.0,62.0
3100.0,18,656.5,39.384615385000004,367954.9364,26.0,64.0
3200.0,18,676.4285714,40.028571429,392512.1845,35.0,66.0
3300.0,18,694.03125,39.75,414881.3135,32.0,64.0
3400.0,18,714.375,37.6875,441545.7383,32.0,66.0
3500.0,18,734.71875,36.09375,469033.1504,32.0,64.0
3600.0,18,754.2903226,36.612903226,496204.0728,31.0,66.0
3700.0,18,775.1875,36.40625,526081.7002,32.0,64.0
3800.0,18,795.6129032,37.0,556107.6015,31.0,64.0
3900.0,18,813.9354839,38.322580645,583733.7856,31.0,64.0
4000.0,18,831.8666667,37.733333333,611465.9556,30.0,64.0
4100.0,18,850.3636364,36.272727273,640770.3884,33.0,64.0
4200.0,18,869.0909091,37.212121212,671073.4472,33.0,64.0
4300.0,18,887.2857143,38.571428571,701177.9796,35.0,66.0
4400.0,18,908.2333333,38.4,736699.0144,30.0,66.0
4500.0,18,926.0,33.4375,767650.3164,32.0,62.0
4600.0,18,943.9666667,33.03333333,799464.2689,30.0,64.0
4700.0,18,964.21875,35.15625,836016.2598,32.0,64.0
4800.0,18,985.5483871,33.51612903,875522.5026,31.0,64.0
4900.0,18,1004.3030303,32.03030303,911017.1837,33.0,66.0
5000.0,18,1024.8333333,31.6,950638.5878,30.0,62.0
5100.0,18,1045.3823529000001,30.11764706,991181.3365,34.0,66.0
5200.0,18,1064.545455,28.90909091,1029747.306,33.0,64.0
5300.0,18,1081.90625,32.25,1065145.571,32.0,64.0
5400.0,18,1101.967742,31.67741935,1106971.847,31.0,66.0
5500.0,18,1124.551724,31.448275860000003,1155005.574,29.0,62.0
5600.0,18,1146.53125,29.875,1202785.798,32.0,62.0
5700.0,18,1165.5625,28.71875,1244932.583,32.0,62.0
5800.0,18,1184.148148,29.25925926,1286722.2,27.0,62.0
5900.0,18,1202.709677,28.80645161,1329188.767,31.0,62.0
6000.0,18,1220.827586,26.96551724,1371367.824,29.0,60.0
6100.0,18,1239.766667,25.46666667,1416146.606,30.0,62.0
6200.0,18,1260.2,28.56666667,1465043.428,30.0,62.0
6300.0,18,1279.724138,26.75862069,1512761.617,29.0,62.0
6400.0,18,1297.741935,23.03225806,1557587.197,31.0,62.0
6500.0,18,1318.0,23.10344828,1608547.424,29.0,62.0
6600.0,18,1336.137931,22.75862069,1654892.87,29.0,64.0
6700.0,18,1356.666667,18.93939394,1708342.539,33.0,66.0
6800.0,18,1377.333333,22.39393939,1762575.872,33.0,64.0
6900.0,18,1395.310345,17.89655172,1810890.555,29.0,64.0
7000.0,18,1416.074074,13.296296300000002,1867505.538,27.0,62.0
7100.0,18,1437.382353,10.941176470000002,1926355.385,34.0,66.0
7200.0,18,1460.454545,8.727272730000003,1991085.463,33.0,66.0
7300.0,18,1481.46875,3.53125,2051262.127,32.0,66.0
7400.0,18,1499.058824,2.764705880000001,2102002.647,34.0,64.0
7500.0,18,1519.30303,3.1515151500000016,2161046.175,33.0,66.0
7600.0,18,1537.612903,1.5161290300000019,2215342.836,31.0,66.0
7700.0,18,1557.645161,2.258064519999998,2275273.225,31.0,68.0
7800.0,18,1577.064516,2.580645160000003,2334174.632,31.0,66.0
7900.0,18,1595.774194,2.6451612899999972,2391660.338,31.0,64.0
8000.0,18,1614.129032,1.7096774199999984,2448831.585,31.0,64.0
8100.0,18,1633.310345,-4.103448280000002,2509798.831,29.0,64.0
8200.0,18,1655.516129,-6.0,2580818.041,31.0,64.0
8300.0,18,1672.4375,-4.1875,2635239.727,32.0,62.0
8400.0,18,1690.6,-4.233333330000001,2694509.614,30.0,62.0
8500.0,18,1708.741935,-2.6451612899999972,2754196.322,31.0,60.0
8600.0,18,1728.933333,-6.5,2822009.388,30.0,62.0
8700.0,18,1746.9,-0.5666666699999965,2882026.598,30.0,64.0
8800.0,18,1769.030303,0.9393939400000022,2957472.126,33.0,66.0
8900.0,18,1788.166667,3.7666666699999993,3023360.882,30.0,62.0
9000.0,18,1807.931034,-3.7586206900000008,3093211.511,29.0,62.0
9100.0,18,1827.225806,-2.161290319999999,3161252.367,31.0,62.0
9200.0,18,1850.0,-2.84375,3242792.462,32.0,64.0
9300.0,18,1868.4375,-1.375,3309354.332,32.0,64.0
9400.0,18,1889.225806,-1.161290319999999,3385369.045,31.0,64.0
9500.0,18,1908.117647,3.029411760000002,3454807.426,34.0,66.0
9600.0,18,1927.516129,4.258064519999998,3527159.139,31.0,64.0
9700.0,18,1948.764706,0.823529409999999,3607725.734,34.0,64.0
9800.0,18,1966.205882,-1.352941180000002,3674482.108,34.0,68.0
9900.0,18,1986.0,-3.2258064500000003,3750928.986,31.0,62.0
10000.0,18,2004.034483,-3.3103448299999982,3821092.753,29.0,64.0
0.0,19,50.0,50.0,0.0,37.0,64.0
100.0,19,71.06896552,50.482758621,444.1343639,29.0,64.0
200.0,19,88.67741935000001,48.096774194,1499.565036,31.0,64.0
300.0,19,108.72727273000001,48.757575758,3450.43618,33.0,64.0
400.0,19,127.21428571,52.678571429,5969.220663,28.0,60.0
500.0,19,147.1290323,55.483870968,9464.121748,31.0,64.0
600.0,19,165.9354839,56.25806452,13480.19979,31.0,62.0
700.0,19,186.8333333,58.0,18787.36111,30.0,64.0
800.0,19,205.3333333,55.9,24163.25444,30.0,64.0
900.0,19,223.7931034,54.517241379,30224.44828,29.0,64.0
1000.0,19,242.5757576,52.909090909,37093.88522,33.0,66.0
1100.0,19,264.8125,49.5625,46144.60156,32.0,66.0
1200.0,19,285.0,48.84375,55226.33691,32.0,62.0
1300.0,19,306.1,49.266666667,65587.74778,30.0,62.0
1400.0,19,327.65625,50.96875,77093.93164,32.0,64.0
1500.0,19,348.8275862,49.724137931,89298.00238,29.0,62.0
1600.0,19,368.8064516,49.903225806,101637.563,31.0,60.0
1700.0,19,384.75,52.035714286,112061.7066,28.0,62.0
1800.0,19,402.3666667,53.3,124173.1578,30.0,64.0
1900.0,19,422.3793103,50.137931034,138666.3698,29.0,62.0
2000.0,19,440.90625,50.1875,152807.7314,32.0,66.0
2100.0,19,461.9655172,49.827586207,169715.6171,29.0,60.0
2200.0,19,482.3548387,43.838709677,186968.6681,31.0,64.0
2300.0,19,500.8,43.933333333,203257.4444,30.0,64.0
2400.0,19,519.1,46.8666666667,220064.6278,30.0,64.0
2500.0,19,538.4137931,50.620689655,238548.4185,29.0,64.0
2600.0,19,556.0,51.483870968,256038.2019,31.0,64.0
2700.0,19,575.3548387,55.129032258,276024.0135,31.0,64.0
2800.0,19,596.137931,56.0,298302.6397,29.0,64.0
2900.0,19,616.1515152,56.57575758,320570.7787,33.0,64.0
3000.0,19,632.9333333,59.66666667,339904.7156,30.0,64.0
3100.0,19,653.7333333,60.0,364593.9378,30.0,62.0
3200.0,19,671.7575758,60.54545455,386693.6896,33.0,64.0
3300.0,19,689.0882353,63.14705882,408606.6176,34.0,66.0
3400.0,19,709.6666667,63.433333329999996,435340.5656,30.0,66.0
3500.0,19,730.8333333,64.13333333,463733.7789,30.0,64.0
3600.0,19,748.516129,62.77419355,488087.9625,31.0,64.0
3700.0,19,766.0967742,61.5483871,512927.9553,31.0,62.0
3800.0,19,784.8666667,61.1,540152.2278,30.0,62.0
3900.0,19,803.6666667,62.90909091,568180.0891,33.0,66.0
4000.0,19,821.0,59.875,594538.5156,32.0,66.0
4100.0,19,840.5151515,58.727272729999996,624990.3701,33.0,64.0
4200.0,19,858.1333333,60.066666670000004,653180.8222,30.0,62.0
4300.0,19,878.1875,58.90625,685973.8564,32.0,64.0
4400.0,19,899.9032258,59.48387097,722425.437,31.0,62.0
4500.0,19,922.4333333,58.76666667,761216.7756,30.0,64.0
4600.0,19,942.8666667,60.83333333,797328.2456,30.0,64.0
4700.0,19,961.3448276,59.75862069,830644.6254,29.0,60.0
4800.0,19,979.1724138,57.793103450000004,863422.107,29.0,64.0
4900.0,19,996.7647059,57.17647059,896414.91,34.0,64.0
5000.0,19,1015.8484848,56.48484848,932905.3489,33.0,64.0
5100.0,19,1036.2758621,58.206896549999996,972807.4293,29.0,64.0
5200.0,19,1056.441176,59.73529412,1013018.618,34.0,64.0
5300.0,19,1075.235294,56.41176471,1051148.519,34.0,64.0
5400.0,19,1092.5,56.0,1086842.25,30.0,62.0
5500.0,19,1110.206897,56.06896552,1124075.496,29.0,64.0
5600.0,19,1127.181818,54.333333333,1160339.447,33.0,64.0
5700.0,19,1148.939394,53.242424242,1207678.305,33.0,64.0
5800.0,19,1169.090909,54.272727273,1252382.719,33.0,64.0
5900.0,19,1187.366667,52.333333333,1293608.379,30.0,62.0
6000.0,19,1207.766667,52.966666667,1340432.456,30.0,64.0
6100.0,19,1226.483871,53.387096774,1384125.771,31.0,62.0
6200.0,19,1248.3,57.23333333,1435975.211,30.0,70.0
6300.0,19,1270.5,54.25,1489638.312,28.0,62.0
6400.0,19,1292.25,52.65625,1543192.118,32.0,66.0
6500.0,19,1312.37931,48.068965517,1593605.252,29.0,66.0
6600.0,19,1331.352941,48.558823529,1641867.437,34.0,66.0
6700.0,19,1350.806452,45.5806451613,1692116.955,31.0,66.0
6800.0,19,1371.96875,44.65625,1747629.932,32.0,62.0
6900.0,19,1391.545455,48.212121212,1799747.403,33.0,66.0
7000.0,19,1412.096774,46.8709677419,1855317.413,31.0,64.0
7100.0,19,1430.466667,47.166666667,1905696.246,30.0,68.0
7200.0,19,1450.821429,46.6428571429,1962311.945,28.0,64.0
7300.0,19,1471.114286,50.114285714,2019565.826,35.0,64.0
7400.0,19,1489.0,49.677419355,2070721.104,31.0,62.0
7500.0,19,1509.285714,46.1714285714,2129529.454,35.0,68.0
7600.0,19,1527.870968,43.870967742,2184140.162,31.0,64.0
7700.0,19,1547.69697,47.242424242,2243103.817,33.0,64.0
7800.0,19,1567.580645,46.2258064516,2303065.259,31.0,62.0
7900.0,19,1585.527778,45.7777777778,2357863.383,36.0,66.0
8000.0,19,1606.733333,47.833333333,2423423.366,30.0,64.0
8100.0,19,1625.75,46.375,2483001.203,32.0,64.0
8200.0,19,1644.967742,47.129032258,2543930.34,31.0,62.0
8300.0,19,1662.633333,48.0,2600590.268,30.0,64.0
8400.0,19,1685.0,50.727272727,2673225.529,33.0,66.0
8500.0,19,1704.903226,49.419354839,2738705.024,31.0,62.0
8600.0,19,1724.666667,53.333333333,2804519.556,30.0,62.0
8700.0,19,1743.625,52.0625,2868369.895,32.0,64.0
8800.0,19,1764.264706,51.235294118,2938705.008,34.0,66.0
8900.0,19,1787.241379,50.586206897,3018007.954,29.0,62.0
9000.0,19,1804.527778,46.9166666667,3078377.23,36.0,66.0
9100.0,19,1822.862069,48.586206897,3143041.914,29.0,62.0
9200.0,19,1847.133333,48.933333333,3229689.356,30.0,64.0
9300.0,19,1870.393939,49.575757576,3313834.275,33.0,66.0
9400.0,19,1891.090909,49.515151515,3389615.971,33.0,66.0
9500.0,19,1907.172414,52.24137931,3449094.398,29.0,62.0
9600.0,19,1927.774194,51.387096774,3526037.846,31.0,64.0
9700.0,19,1948.323529,52.617647059,3603639.074,34.0,64.0
9800.0,19,1970.433333,54.233333333,3688082.109,30.0,62.0
9900.0,19,1990.411765,55.0,3765222.817,34.0,64.0
10000.0,19,2010.787879,56.272727270000004,3844728.453,33.0,66.0
0.0,20,50.0,50.0,0.0,37.0,64.0
100.0,20,70.15151515,47.757575758,411.1120294,33.0,66.0
200.0,20,87.12903226,47.322580645,1385.733611,31.0,64.0
300.0,20,109.09677418999999,46.1290322581,3507.413111,31.0,64.0
400.0,20,125.46666667,45.0,5720.217778,30.0,62.0
500.0,20,144.8125,47.84375,8994.05957,32.0,64.0
600.0,20,163.3823529,47.117647059,12863.86592,34.0,64.0
700.0,20,185.483871,48.967741935,18356.94485,31.0,68.0
800.0,20,202.1818182,48.909090909,23160.49587,33.0,64.0
900.0,20,223.1612903,47.258064516,29992.35068,31.0,62.0
1000.0,20,244.0,46.2333333333,37650.18778,30.0,62.0
1100.0,20,264.1785714,46.5714285714,45884.21556,28.0,62.0
1200.0,20,281.2333333,42.566666667,53524.10889,30.0,64.0
1300.0,20,300.862069,44.655172414,62960.34483,29.0,64.0
1400.0,20,321.4193548,46.03225806452,73684.20916,31.0,64.0
1500.0,20,341.4,46.06666666667,84929.43111,30.0,66.0
1600.0,20,361.7931034,46.9310344828,97224.35791,29.0,62.0
1700.0,20,381.0909091,44.636363636,109649.9587,33.0,66.0
1800.0,20,400.9354839,43.258064516,123201.1675,31.0,64.0
1900.0,20,422.2352941,45.3823529412,138580.4369,34.0,66.0
2000.0,20,441.8235294,46.7941176471,153535.9559,34.0,66.0
2100.0,20,463.6060606,46.2424242424,171084.0927,33.0,66.0
2200.0,20,483.0322581,46.1612903226,187531.6722,31.0,64.0
2300.0,20,501.875,48.125,204194.5312,32.0,66.0
2400.0,20,523.6129032,46.3548387097,224322.4693,31.0,66.0
2500.0,20,543.9655172,44.482758621,244032.3722,29.0,66.0
2600.0,20,564.6129032,40.322580645,264920.0926,31.0,66.0
2700.0,20,583.0344828,37.0,284294.7598,29.0,68.0
2800.0,20,604.5714286,37.371428570999996,307708.9502,35.0,66.0
2900.0,20,625.0,35.967741939999996,330821.9043,31.0,64.0
3000.0,20,644.0,33.3030303,353114.7888,33.0,64.0
3100.0,20,664.8787879,33.75757576,378339.7401,33.0,64.0
3200.0,20,684.75,34.9375,403134.4414,32.0,66.0
3300.0,20,702.1290323,33.645161290000004,425539.7555,31.0,66.0
3400.0,20,723.6,31.4,454082.92,30.0,62.0
3500.0,20,742.0967742,30.70967742,479370.0614,31.0,62.0
3600.0,20,761.1,32.933333329999996,505954.4811,30.0,66.0
3700.0,20,781.9310345,35.44827586,535934.7919,29.0,64.0
3800.0,20,804.4375,36.71875,569352.333,32.0,64.0
3900.0,20,822.6764706,37.352941176,597188.8763,34.0,66.0
4000.0,20,844.3666667,36.333333333,631205.1789,30.0,62.0
4100.0,20,868.8965517,37.448275862,670749.1082,29.0,64.0
4200.0,20,888.2285714,36.285714286,702815.2196,35.0,66.0
4300.0,20,907.9375,36.03125,736251.8799,32.0,66.0
4400.0,20,926.1818182,39.0,767815.5785,33.0,64.0
4500.0,20,946.7878788,39.696969697,804334.652,33.0,68.0
4600.0,20,967.1935484,39.516129032,841353.9168,31.0,64.0
4700.0,20,987.3548387,39.193548387,878750.873,31.0,62.0
4800.0,20,1007.3333333,37.366666667000004,916646.7122,30.0,62.0
4900.0,20,1026.1515152,37.121212121,953037.6437,33.0,66.0
5000.0,20,1043.4516128999999,39.774193548,987050.6743,31.0,68.0
5100.0,20,1064.133333,40.6,1028554.778,30.0,64.0
5200.0,20,1082.774194,40.451612903,1066713.707,31.0,64.0
5300.0,20,1102.53125,42.75,1107874.595,32.0,64.0
5400.0,20,1119.4375,45.75,1143714.629,32.0,66.0
5500.0,20,1138.666667,47.966666667,1185199.246,30.0,64.0
5600.0,20,1155.733333,44.933333333,1222671.876,30.0,64.0
5700.0,20,1171.34375,41.6875,1257480.903,32.0,62.0
5800.0,20,1190.709677,42.322580645,1301277.511,31.0,66.0
5900.0,20,1211.7,45.1333333333,1349570.574,30.0,64.0
6000.0,20,1232.071429,46.6071428571,1397304.374,28.0,64.0
6100.0,20,1251.5,47.6,1443608.01,30.0,62.0
6200.0,20,1269.575758,47.848484848,1487369.657,33.0,66.0
6300.0,20,1288.909091,47.060606061,1534904.376,33.0,64.0
6400.0,20,1307.896552,42.310344828,1582362.866,29.0,64.0
6500.0,20,1327.125,43.21875,1631094.251,32.0,62.0
6600.0,20,1343.258065,44.322580645,1672548.655,31.0,64.0
6700.0,20,1360.393939,44.818181818,1717159.128,33.0,66.0
6800.0,20,1377.558824,46.4411764706,1762425.095,34.0,64.0
6900.0,20,1396.433333,49.466666667,1812883.006,30.0,66.0
7000.0,20,1415.6,48.466666667,1864865.711,30.0,64.0
7100.0,20,1433.419355,51.387096774,1913851.035,31.0,62.0
7200.0,20,1453.266667,55.6,1969188.698,30.0,62.0
7300.0,20,1473.483871,58.93548387,2026386.174,31.0,64.0
7400.0,20,1493.25,61.65625,2083106.431,32.0,64.0
7500.0,20,1512.375,60.1875,2138644.426,32.0,64.0
7600.0,20,1531.088235,57.882352940000004,2193684.492,34.0,66.0
7700.0,20,1550.933333,55.7,2252833.361,30.0,64.0
7800.0,20,1569.733333,57.16666667,2309640.766,30.0,60.0
7900.0,20,1589.848485,55.818181818,2371167.208,33.0,64.0
8000.0,20,1610.233333,53.766666667,2434342.242,30.0,62.0
8100.0,20,1628.272727,53.787878788,2490959.15,33.0,64.0
8200.0,20,1647.545455,54.0,2552167.479,33.0,64.0
8300.0,20,1667.25,53.90625,2615512.821,32.0,64.0
8400.0,20,1685.84375,52.84375,2675992.861,32.0,66.0
8500.0,20,1701.290323,51.580645161,2726762.228,31.0,66.0
8600.0,20,1719.709677,52.774193548,2787938.103,31.0,66.0
8700.0,20,1739.1875,52.3125,2853359.758,32.0,64.0
8800.0,20,1758.566667,52.966666667,2919208.856,30.0,62.0
8900.0,20,1779.137931,54.448275862,2989937.772,29.0,64.0
9000.0,20,1797.0,51.0,3052010.0,35.0,68.0
9100.0,20,1814.935484,50.290322581,3114997.347,31.0,66.0
9200.0,20,1831.75,52.65625,3174640.118,32.0,66.0
9300.0,20,1849.757576,58.39393939,3239197.79,33.0,66.0
9400.0,20,1868.3125,58.0,3306324.348,32.0,66.0
9500.0,20,1885.181818,55.757575758,3367925.455,33.0,66.0
9600.0,20,1903.0625,55.25,3433868.191,32.0,66.0
9700.0,20,1921.233333,56.0,3501550.188,30.0,62.0
9800.0,20,1940.15625,55.5625,3572721.591,32.0,64.0
9900.0,20,1958.354839,55.290322581,3641846.178,31.0,64.0
10000.0,20,1973.794118,55.0,3701008.807,34.0,66.0
0.0,21,50.0,50.0,0.0,37.0,64.0
100.0,21,70.90625,51.8125,440.3564453,32.0,66.0
200.0,21,88.1875,51.625,1460.925781,32.0,66.0
300.0,21,106.33333333,53.636363636,3186.667585,33.0,64.0
400.0,21,124.76666667,53.466666667,5602.072222,30.0,62.0
500.0,21,144.90909091,53.848484848,9022.546373,33.0,64.0
600.0,21,166.55882350000002,55.411764706,13615.24654,34.0,68.0
700.0,21,183.6206897,54.482758621,17874.58383,29.0,64.0
800.0,21,204.375,53.0,23840.64062,32.0,66.0
900.0,21,222.0645161,53.741935484,29620.19979,31.0,64.0
1000.0,21,239.53125,52.5625,35928.66113,32.0,64.0
1100.0,21,259.9375,54.65625,44095.43457,32.0,64.0
1200.0,21,274.53125,56.375,50454.92285,32.0,66.0
1300.0,21,295.6666667,54.133333332999996,60369.19556,30.0,64.0
1400.0,21,314.25,54.0625,69844.56641,32.0,66.0
1500.0,21,333.1290323,52.709677419,80169.39126,31.0,64.0
1600.0,21,352.5,52.470588235,91512.35381,34.0,64.0
1700.0,21,371.4193548,54.870967742,103334.128,31.0,66.0
1800.0,21,390.6875,52.03125,116072.0986,32.0,64.0
1900.0,21,411.2121212,53.787878788,130488.5445,33.0,66.0
2000.0,21,431.4193548,54.580645161,145501.7066,31.0,66.0
2100.0,21,448.5428571,52.485714286000004,158842.5878,35.0,66.0
2200.0,21,464.0,53.4,171407.56,35.0,66.0
2300.0,21,483.5806452,52.064516129,187996.4381,31.0,66.0
2400.0,21,501.0909091,54.484848485,203503.1221,33.0,66.0
2500.0,21,519.96875,54.3125,220889.2236,32.0,66.0
2600.0,21,539.4,53.733333333,239526.2978,30.0,64.0
2700.0,21,561.1290323,53.677419355,261266.411,31.0,62.0
2800.0,21,581.2727273,56.54545455,282293.5537,33.0,64.0
2900.0,21,599.46875,55.0,301940.9072,32.0,66.0
3000.0,21,621.1034483,55.75862069,326192.3103,29.0,68.0
3100.0,21,638.6333333,60.66666667,346602.9789,30.0,64.0
3200.0,21,659.7586207,59.89655172,371903.5172,29.0,60.0
3300.0,21,679.8666667,58.0,396796.0178,30.0,68.0
3400.0,21,696.7666667,59.16666667,418391.1489,30.0,66.0
3500.0,21,715.9354839,59.29032258,443556.3788,31.0,62.0
3600.0,21,732.4848485,58.121212119999996,465851.5225,33.0,66.0
3700.0,21,752.1764706,56.67647059,493096.3711,34.0,66.0
3800.0,21,769.4242424,51.484848485,517573.4454,33.0,66.0
3900.0,21,791.21875,52.71875,549412.627,32.0,64.0
4000.0,21,812.3333333,56.93939394,581200.2663,33.0,62.0
4100.0,21,830.6428571,56.892857140000004,609450.7819,28.0,60.0
4200.0,21,848.8333333,62.73333333,638296.8322,30.0,62.0
4300.0,21,869.7878788,62.272727270000004,672202.786,33.0,64.0
4400.0,21,888.8823529,64.61764706,703937.2777,34.0,64.0
4500.0,21,909.483871,64.35483871,738918.5858,31.0,64.0
4600.0,21,928.90625,63.71875,772664.4004,32.0,64.0
4700.0,21,946.3333333,63.6,803598.4044,30.0,64.0
4800.0,21,964.8064516,64.35483871,837076.9053,31.0,60.0
4900.0,21,984.1333333,60.83333333,872722.4456,30.0,60.0
5000.0,21,1003.8709677,61.032258060000004,909991.5338,31.0,62.0
5100.0,21,1023.75,61.5625,948322.7539,32.0,64.0
5200.0,21,1043.2727273,58.63636364,986665.2975,33.0,66.0
5300.0,21,1062.258065,58.41935484,1024737.275,31.0,64.0
5400.0,21,1081.875,59.96875,1064865.392,32.0,66.0
5500.0,21,1097.419355,54.709677419,1097109.486,31.0,66.0
5600.0,21,1116.033333,53.666666667,1136440.512,30.0,64.0
5700.0,21,1134.322581,52.322580645,1175760.853,31.0,64.0
5800.0,21,1151.566667,49.133333333,1213449.872,30.0,66.0
5900.0,21,1170.645161,51.838709677,1255848.958,31.0,66.0
6000.0,21,1191.678571,52.928571429,1303438.537,28.0,64.0
6100.0,21,1213.322581,55.0,1353344.427,31.0,64.0
6200.0,21,1229.1875,54.25,1390501.223,32.0,68.0
6300.0,21,1250.727273,56.57575758,1441789.224,33.0,66.0
6400.0,21,1272.424242,58.15151515,1494387.476,33.0,64.0
6500.0,21,1290.1,56.066666670000004,1537884.814,30.0,62.0
6600.0,21,1308.941176,58.0,1584996.886,34.0,66.0
6700.0,21,1326.382353,62.08823529,1629298.036,34.0,66.0
6800.0,21,1343.484848,61.66666667,1673239.164,33.0,66.0
6900.0,21,1363.413793,61.89655172,1725197.32,29.0,62.0
7000.0,21,1383.09375,61.65625,1777274.814,32.0,64.0
7100.0,21,1403.029412,60.08823529,1830790.362,34.0,66.0
7200.0,21,1422.483871,57.77419355,1883772.414,31.0,62.0
7300.0,21,1442.366667,58.9,1938764.144,30.0,62.0
7400.0,21,1465.5,61.8125,2003779.785,32.0,64.0
7500.0,21,1486.727273,61.727272729999996,2064322.785,33.0,64.0
7600.0,21,1508.757576,62.42424242,2128128.027,33.0,62.0
7700.0,21,1529.37931,64.51724138,2188773.894,29.0,66.0
7800.0,21,1551.75,67.0625,2255544.191,32.0,62.0
7900.0,21,1572.344828,63.4137931,2317713.704,29.0,64.0
8000.0,21,1590.466667,62.533333330000005,2373194.636,30.0,60.0
8100.0,21,1610.970588,60.08823529,2436730.95,34.0,64.0
8200.0,21,1630.290323,55.548387097,2497348.288,31.0,60.0
8300.0,21,1649.344828,59.0,2557984.878,29.0,64.0
8400.0,21,1668.484848,56.75757576,2619538.87,33.0,66.0
8500.0,21,1691.419355,55.612903226,2694289.003,31.0,64.0
8600.0,21,1714.870968,55.677419355,2771827.572,31.0,64.0
8700.0,21,1734.71875,55.90625,2838312.15,32.0,64.0
8800.0,21,1754.275862,54.655172414,2904577.885,29.0,62.0
8900.0,21,1772.366667,50.966666667,2966547.869,30.0,64.0
9000.0,21,1793.903226,48.903225806,3041199.664,31.0,64.0
9100.0,21,1810.5,51.5,3099362.5,36.0,68.0
9200.0,21,1830.361111,51.666666667,3169688.464,36.0,68.0
9300.0,21,1850.771429,53.428571429,3242789.493,35.0,66.0
9400.0,21,1868.545455,54.909090909,3307131.669,33.0,64.0
9500.0,21,1888.71875,57.09375,3380936.963,32.0,66.0
9600.0,21,1909.352941,60.5,3457303.61,34.0,64.0
9700.0,21,1928.806452,59.806451609999996,3530009.849,31.0,66.0
9800.0,21,1947.129032,59.032258060000004,3599180.147,31.0,66.0
9900.0,21,1970.71875,58.5625,3689233.833,32.0,66.0
10000.0,21,1987.935484,59.29032258,3755680.25,31.0,66.0
0.0,22,50.0,50.0,0.0,37.0,64.0
100.0,22,69.53333333,50.4,381.7111111,30.0,62.0
200.0,22,89.90322581000001,50.483870968,1592.501561,31.0,64.0
300.0,22,110.75757576,52.424242424,3697.359963,33.0,62.0
400.0,22,129.8,54.1,6384.85,30.0,64.0
500.0,22,148.4,51.366666667,9684.427778,30.0,66.0
600.0,22,166.58620689999998,50.724137931,13592.86801,29.0,62.0
700.0,22,186.6451613,51.322580645,18673.64932,31.0,66.0
800.0,22,206.4848485,48.727272727,24489.12764,33.0,66.0
900.0,22,224.6969697,50.878787879,30519.80349,33.0,64.0
1000.0,22,245.0967742,50.258064516,38062.8179,31.0,62.0
1100.0,22,266.24242419999996,52.424242424,46766.66299,33.0,66.0
1200.0,22,285.030303,51.363636364,55241.10285,33.0,66.0
1300.0,22,302.3030303,48.393939394,63659.39853,33.0,66.0
1400.0,22,326.1612903,50.677419355,76265.51717,31.0,66.0
1500.0,22,348.0645161,56.032258060000004,88878.84391,31.0,66.0
1600.0,22,367.7272727,56.63636364,100994.6612,33.0,62.0
1700.0,22,386.4666667,53.733333333,113223.7556,30.0,64.0
1800.0,22,406.2592593,51.740740740999996,126923.69,27.0,62.0
1900.0,22,426.2580645,49.935483871,141570.1353,31.0,62.0
2000.0,22,444.03125,56.09375,155297.7598,32.0,66.0
2100.0,22,465.75,57.9375,172911.0664,32.0,64.0
2200.0,22,487.9354839,60.09677419,191889.4329,31.0,62.0
2300.0,22,506.4,59.1,208383.77,30.0,62.0
2400.0,22,525.1818182,57.15151515,225848.9045,33.0,64.0
2500.0,22,544.8125,59.5,244929.6602,32.0,62.0
2600.0,22,567.6666667,58.48484848,268050.7704,33.0,66.0
2700.0,22,584.969697,56.878787880000004,286239.8944,33.0,64.0
2800.0,22,604.3529412,55.794117647,307340.7552,34.0,66.0
2900.0,22,622.0625,58.5,327327.7539,32.0,64.0
3000.0,22,639.516129,58.12903226,347595.3476,31.0,62.0
3100.0,22,661.1212121,59.36363636,373556.8136,33.0,66.0
3200.0,22,683.2424242,61.48484848,401127.8696,33.0,64.0
3300.0,22,703.0333333,61.1,426575.7444,30.0,64.0
3400.0,22,723.516129,61.48387097,453755.8554,31.0,62.0
3500.0,22,743.9375,60.5,481659.5039,32.0,66.0
3600.0,22,764.125,62.03125,510119.2666,32.0,66.0
3700.0,22,780.2,63.5,533374.29,30.0,66.0
3800.0,22,800.2258065,63.258064520000005,563014.5369,31.0,68.0
3900.0,22,816.0344828,60.65517241,586922.3615,29.0,62.0
4000.0,22,834.5277778,59.44444444,615573.0316,36.0,66.0
4100.0,22,851.9333333,57.46666667,643152.8222,30.0,64.0
4200.0,22,870.5588235,55.970588235,673352.4308,34.0,66.0
4300.0,22,887.1875,54.0,700898.9102,32.0,62.0
4400.0,22,907.7419355,52.741935484,735728.7461,31.0,64.0
4500.0,22,926.7241379,53.724137931,768659.0832,29.0,64.0
4600.0,22,947.46875,56.4375,805491.5986,32.0,66.0
4700.0,22,967.1,63.23333333,841247.5311,30.0,62.0
4800.0,22,988.4666667,63.16666667,880893.0456,30.0,62.0
4900.0,22,1009.59375,63.15625,920993.252,32.0,64.0
5000.0,22,1029.1333333,63.16666667,958875.4456,30.0,66.0
5100.0,22,1050.1,59.3,1000286.5,30.0,64.0
5200.0,22,1067.0,61.5,1034421.25,32.0,62.0
5300.0,22,1086.382353,65.26470588000001,1074321.393,34.0,66.0
5400.0,22,1105.741935,64.77419355,1114809.311,31.0,64.0
5500.0,22,1125.75,67.125,1157531.328,32.0,64.0
5600.0,22,1143.375,66.90625,1195754.712,32.0,62.0
5700.0,22,1164.433333,67.83333333,1242279.682,30.0,62.0
5800.0,22,1184.3,69.1,1287001.3,30.0,62.0
5900.0,22,1202.212121,66.24242423999999,1327856.589,33.0,66.0
6000.0,22,1223.484848,66.12121212,1377326.583,33.0,66.0
6100.0,22,1244.176471,65.5,1426297.693,34.0,64.0
6200.0,22,1261.25,66.25,1467390.625,36.0,66.0
6300.0,22,1283.75,70.03571429,1522540.492,28.0,64.0
6400.0,22,1300.148148,69.40740741,1563247.04,27.0,60.0
6500.0,22,1317.129032,69.22580645,1605985.616,31.0,64.0
6600.0,22,1336.78125,69.53125,1656187.455,32.0,68.0
6700.0,22,1356.15625,66.3125,1706310.247,32.0,64.0
6800.0,22,1379.833333,67.63333333,1768767.629,30.0,60.0
6900.0,22,1405.090909,70.21212120999999,1836679.902,33.0,64.0
7000.0,22,1427.5625,69.40625,1898055.044,32.0,62.0
7100.0,22,1445.71875,66.34375,1948297.947,32.0,64.0
7200.0,22,1464.787879,68.15151515,2001954.219,33.0,64.0
7300.0,22,1482.74359,68.0,2053078.194,39.0,68.0
7400.0,22,1502.533333,67.56666667,2110161.672,30.0,60.0
7500.0,22,1519.9375,65.15625,2160945.966,32.0,64.0
7600.0,22,1537.8,63.066666670000004,2213719.578,30.0,62.0
7700.0,22,1554.333333,64.3,2263223.268,30.0,62.0
7800.0,22,1574.764706,63.64705882,2325093.651,34.0,66.0
7900.0,22,1592.34375,64.375,2379030.884,32.0,66.0
8000.0,22,1610.965517,63.34482759,2436791.43,29.0,62.0
8100.0,22,1627.6,60.6,2488934.12,30.0,60.0
8200.0,22,1644.8125,57.6875,2543486.008,32.0,64.0
8300.0,22,1661.931034,56.51724138,2598364.134,29.0,66.0
8400.0,22,1679.5,57.86666667,2655332.134,30.0,64.0
8500.0,22,1699.870968,58.32258065,2722143.476,31.0,62.0
8600.0,22,1721.071429,58.67857143,2792555.037,28.0,64.0
8700.0,22,1740.419355,62.903225809999995,2857684.088,31.0,64.0
8800.0,22,1759.275862,61.137931030000004,2921748.026,29.0,62.0
8900.0,22,1777.933333,57.83333333,2985814.966,30.0,60.0
9000.0,22,1797.823529,54.588235294,3054908.142,34.0,64.0
9100.0,22,1818.709677,57.193548390000004,3128385.67,31.0,64.0
9200.0,22,1836.580645,54.774193548,3191893.195,31.0,64.0
9300.0,22,1851.870968,54.580645161,3246759.967,31.0,64.0
9400.0,22,1870.40625,53.71875,3313892.744,32.0,66.0
9500.0,22,1891.903226,52.838709677,3392615.552,31.0,66.0
9600.0,22,1911.258065,49.548387097,3464281.787,31.0,66.0
9700.0,22,1930.69697,49.0,3537022.092,33.0,64.0
9800.0,22,1951.4,46.06666666667,3615337.431,30.0,62.0
9900.0,22,1971.0,42.290322581,3690300.439,31.0,64.0
10000.0,22,1990.16129,38.903225806,3764348.971,31.0,66.0
0.0,23,50.0,50.0,0.0,37.0,64.0
100.0,23,69.8,49.971428571,392.0408163,35.0,68.0
200.0,23,89.29032258000001,48.806451613,1545.154006,31.0,66.0
300.0,23,107.3,48.9,3284.5,30.0,66.0
400.0,23,126.70967742,50.129032258,5884.391259,31.0,64.0
500.0,23,145.73333333,51.233333333,9166.392222,30.0,62.0
600.0,23,167.3448276,52.793103448,13777.60999,29.0,64.0
700.0,23,185.2058824,51.882352941,18284.17388,34.0,66.0
800.0,23,205.1515152,53.03030303,24081.17539,33.0,64.0
900.0,23,221.9032258,52.096774194,29555.1155,31.0,64.0
1000.0,23,238.6875,54.6875,35624.94531,32.0,64.0
1100.0,23,258.46875,49.9375,43459.22363,32.0,62.0
1200.0,23,279.29032259999997,51.35483871,52575.88762,31.0,66.0
1300.0,23,302.90625,49.78125,63961.61914,32.0,64.0
1400.0,23,320.8148148,45.7407407407,73358.80521,27.0,62.0
1500.0,23,341.8181818,44.515151515,85187.9348,33.0,66.0
1600.0,23,359.2413793,40.103448276,95728.17241,29.0,64.0
1700.0,23,376.96875,37.40625,107067.166,32.0,62.0
1800.0,23,396.5,37.0,120231.25,30.0,62.0
1900.0,23,415.4482759,36.275862069,133740.7943,29.0,66.0
2000.0,23,434.3333333,31.966666670000002,148037.3122,30.0,62.0
2100.0,23,453.34375,31.5,163028.4307,32.0,66.0
2200.0,23,474.6875,29.78125,180768.2705,32.0,66.0
2300.0,23,492.6666667,30.37037037,196339.1001,27.0,60.0
2400.0,23,510.0625,27.375,212169.3945,32.0,62.0
2500.0,23,527.96875,29.03125,228893.8145,32.0,66.0
2600.0,23,547.3636364,29.63636364,247785.2645,33.0,64.0
2700.0,23,566.09375,29.78125,266761.5566,32.0,64.0
2800.0,23,586.3548387,29.67741935,288089.5203,31.0,64.0
2900.0,23,605.15625,26.5,308750.7119,32.0,64.0
3000.0,23,629.40625,27.90625,336199.7363,32.0,64.0
3100.0,23,647.0344828,28.20689655,356925.113,29.0,62.0
3200.0,23,665.6875,31.5625,379411.0391,32.0,64.0
3300.0,23,685.5151515,27.33333333,404393.2856,33.0,68.0
3400.0,23,703.8387097,26.41935484,428061.1051,31.0,62.0
3500.0,23,724.9655172,23.89655172,456259.8395,29.0,62.0
3600.0,23,743.0714286,23.67857143,481040.8227,28.0,62.0
3700.0,23,760.0333333,23.73333333,504837.2722,30.0,64.0
3800.0,23,778.9,20.76666667,532149.7978,30.0,64.0
3900.0,23,796.7857143,21.96428571,558474.9043,28.0,60.0
4000.0,23,817.3939394,21.27272727,589718.7144,33.0,64.0
4100.0,23,835.6129032,22.41935484,617948.3257,31.0,64.0
4200.0,23,854.9333333,23.1,648641.2811,30.0,64.0
4300.0,23,875.40625,26.6875,681838.9502,32.0,64.0
4400.0,23,893.0,25.68571429,711240.1845,35.0,66.0
4500.0,23,911.969697,25.6969697,743582.3958,33.0,66.0
4600.0,23,929.5151515,23.54545455,774246.7447,33.0,64.0
4700.0,23,944.8529412,21.26470588,801587.5035,34.0,64.0
4800.0,23,965.2758621,21.55172414,838539.2081,29.0,64.0
4900.0,23,984.2580645,24.35483871,873495.8054,31.0,60.0
5000.0,23,1003.1428571,25.57142857,909078.0612,28.0,64.0
5100.0,23,1022.4848485,28.93939394,946170.3297,33.0,66.0
5200.0,23,1041.483871,29.22580645,983471.8335,31.0,62.0
5300.0,23,1059.181818,30.42424242,1018831.152,33.0,66.0
5400.0,23,1077.967742,29.83870968,1057124.156,31.0,64.0
5500.0,23,1098.25,31.90625,1099155.446,32.0,62.0
5600.0,23,1115.827586,31.551724139999997,1136328.782,29.0,60.0
5700.0,23,1135.352941,33.05882353,1178278.01,34.0,64.0
5800.0,23,1154.848485,33.6969697,1220955.963,33.0,64.0
5900.0,23,1176.107143,34.28571429,1268364.236,28.0,64.0
6000.0,23,1197.352941,31.470588239999998,1316762.111,34.0,64.0
6100.0,23,1218.580645,34.032258060000004,1365835.693,31.0,62.0
6200.0,23,1236.225806,34.193548390000004,1407381.508,31.0,66.0
6300.0,23,1254.206897,35.75862069,1450317.067,29.0,66.0
6400.0,23,1274.84375,36.5,1500424.462,32.0,66.0
6500.0,23,1294.0,35.09677419,1547758.106,31.0,64.0
6600.0,23,1314.766667,33.4,1599910.281,30.0,66.0
6700.0,23,1332.633333,32.63333333,1645449.869,30.0,62.0
6800.0,23,1352.766667,29.16666667,1697635.016,30.0,64.0
6900.0,23,1370.133333,24.06666667,1743424.556,30.0,64.0
7000.0,23,1390.677419,23.09677419,1798139.726,31.0,64.0
7100.0,23,1409.566667,26.13333333,1848991.139,30.0,66.0
7200.0,23,1428.645161,24.32258065,1901321.811,31.0,64.0
7300.0,23,1450.033333,27.6,1960595.094,30.0,62.0
7400.0,23,1474.125,30.5625,2028509.832,32.0,64.0
7500.0,23,1493.828571,29.28571429,2085070.025,35.0,64.0
7600.0,23,1513.794118,28.29411765,2143164.364,34.0,64.0
7700.0,23,1534.62069,29.82758621,2204505.518,29.0,62.0
7800.0,23,1549.433333,28.23333333,2248774.109,30.0,62.0
7900.0,23,1566.34375,25.46875,2299900.15,32.0,64.0
8000.0,23,1586.290323,24.35483871,2360845.63,31.0,62.0
8100.0,23,1605.612903,21.96774194,2420717.312,31.0,68.0
8200.0,23,1625.424242,20.93939394,2482806.062,33.0,64.0
8300.0,23,1643.862069,20.82758621,2541247.325,29.0,64.0
8400.0,23,1663.575758,24.0,2604302.725,33.0,70.0
8500.0,23,1683.928571,21.71428571,2670522.658,28.0,64.0
8600.0,23,1703.1,18.96666667,2733702.678,30.0,62.0
8700.0,23,1721.451613,19.06451613,2794707.498,31.0,64.0
8800.0,23,1739.806452,17.90322581,2856476.047,31.0,60.0
8900.0,23,1757.821429,18.78571429,2917628.364,28.0,60.0
9000.0,23,1777.321429,18.07142857,2984658.751,28.0,64.0
9100.0,23,1798.666667,20.0,3058735.111,33.0,66.0
9200.0,23,1819.935484,22.38709677,3133434.089,31.0,64.0
9300.0,23,1839.935484,20.29032258,3204751.701,31.0,62.0
9400.0,23,1861.1875,18.0,3281424.16,32.0,64.0
9500.0,23,1881.433333,15.966666669999999,3355306.322,30.0,66.0
9600.0,23,1901.794118,13.147058819999998,3430499.593,34.0,66.0
9700.0,23,1919.84375,13.34375,3497659.33,32.0,64.0
9800.0,23,1939.666667,11.066666669999996,3572355.916,30.0,64.0
9900.0,23,1958.272727,14.48484848,3642766.128,33.0,64.0
10000.0,23,1973.151515,15.48484848,3699703.046,33.0,66.0
0.0,24,50.0,50.0,0.0,37.0,64.0
100.0,24,68.03333333,51.7,328.0911111,30.0,62.0
200.0,24,87.78125,47.96875,1431.548828,32.0,66.0
300.0,24,109.90322581000001,48.387096774,3590.997919,31.0,66.0
400.0,24,129.03030303,46.09090909091,6261.069789,33.0,64.0
500.0,24,145.76470588,47.176470588,9178.851211,34.0,66.0
600.0,24,164.1290323,49.258064516,13025.98647,31.0,66.0
700.0,24,184.65625,48.875,18133.57129,32.0,66.0
800.0,24,202.6666667,50.151515152,23307.13407,33.0,66.0
900.0,24,223.3333333,47.166666667,30052.47222,30.0,64.0
1000.0,24,244.3142857,49.942857143,37758.0449,35.0,66.0
1100.0,24,260.969697,52.363636364,44513.79982,33.0,64.0
1200.0,24,280.25,54.46875,53035.03223,32.0,66.0
1300.0,24,301.6,53.633333333,63315.76111,30.0,64.0
1400.0,24,321.2285714,49.2,73565.57796,35.0,66.0
1500.0,24,343.1818182,49.666666667,85955.68962,33.0,64.0
1600.0,24,363.6875,51.40625,98401.8252,32.0,66.0
1700.0,24,382.4857143,48.142857143,110550.1992,35.0,66.0
1800.0,24,403.3636364,54.454545455,124885.7025,33.0,64.0
1900.0,24,423.1935484,57.16129032,139324.7086,31.0,64.0
2000.0,24,437.6,57.02857143,150283.1608,35.0,64.0
2100.0,24,456.7272727,59.81818182,165523.4711,33.0,62.0
2200.0,24,478.4193548,63.258064520000005,183718.9199,31.0,62.0
2300.0,24,499.6129032,62.0,202295.7627,31.0,66.0
2400.0,24,517.7714286,61.65714286,218945.9984,35.0,64.0
2500.0,24,535.1724138,63.51724138,235574.9869,29.0,64.0
2600.0,24,552.8214286,64.67857143,253044.8495,28.0,64.0
2700.0,24,573.1724138,66.03448276,273966.4792,29.0,62.0
2800.0,24,590.21875,65.90625,292089.3066,32.0,66.0
2900.0,24,610.7878788,63.45454545,314664.0698,33.0,62.0
3000.0,24,633.1818182,62.33333333,340253.1442,33.0,66.0
3100.0,24,652.09375,60.59375,362629.1113,32.0,62.0
3200.0,24,671.483871,60.61290323,386354.8356,31.0,62.0
3300.0,24,692.5151515,62.21212121,412974.8558,33.0,66.0
3400.0,24,710.40625,63.84375,436328.0645,32.0,66.0
3500.0,24,731.0666667,61.0,463972.8044,30.0,64.0
3600.0,24,749.7272727,61.57575758,489752.2544,33.0,64.0
3700.0,24,767.5,57.5,514862.5,30.0,64.0
3800.0,24,786.4,56.17142857,542323.0465,35.0,66.0
3900.0,24,806.5483871,55.290322581,572393.4495,31.0,62.0
4000.0,24,826.6666667,49.8,603211.1511,30.0,64.0
4100.0,24,848.9117647,48.235294118,638263.122,34.0,64.0
4200.0,24,869.6333333,48.666666667,671800.5789,30.0,62.0
4300.0,24,887.5483871,52.709677419,701494.6431,31.0,62.0
4400.0,24,908.5333333,55.3,737107.5744,30.0,62.0
4500.0,24,927.9666667,56.0,770861.4678,30.0,64.0
4600.0,24,950.2666667,56.13333333,810517.6889,30.0,64.0
4700.0,24,969.516129,56.38709677,845550.7066,31.0,64.0
4800.0,24,990.6875,55.4375,884922.5391,32.0,68.0
4900.0,24,1012.6774194,55.483870968,926777.8866,31.0,64.0
5000.0,24,1034.1935484,59.25806452,968722.6524,31.0,62.0
5100.0,24,1053.3,62.2,1006759.73,30.0,64.0
5200.0,24,1072.0,65.15625,1044713.712,32.0,66.0
5300.0,24,1093.033333,63.23333333,1088093.656,30.0,66.0
5400.0,24,1110.709677,63.096774190000005,1125276.545,31.0,64.0
5500.0,24,1131.903226,59.83870968,1170611.39,31.0,66.0
5600.0,24,1154.1,62.7,1219198.1,30.0,62.0
5700.0,24,1172.3,65.3,1259791.38,30.0,66.0
5800.0,24,1190.433333,67.1,1300880.598,30.0,64.0
5900.0,24,1208.470588,65.94117647,1342308.225,34.0,64.0
6000.0,24,1228.580645,67.25806452,1389350.178,31.0,66.0
6100.0,24,1246.71875,66.75,1432416.329,32.0,66.0
6200.0,24,1266.366667,70.56666667,1479970.856,30.0,64.0
6300.0,24,1287.548387,72.09677419,1532014.278,31.0,62.0
6400.0,24,1306.5,71.6875,1579262.598,32.0,64.0
6500.0,24,1326.352941,67.44117647,1629381.025,34.0,64.0
6600.0,24,1345.9,64.96666667,1679580.811,30.0,62.0
6700.0,24,1368.794118,61.0,1739338.925,34.0,64.0
6800.0,24,1387.611111,59.19444444,1789288.022,36.0,70.0
6900.0,24,1404.28125,61.125,1834201.47,32.0,64.0
7000.0,24,1426.037037,62.85185185,1893643.097,27.0,62.0
7100.0,24,1443.676471,63.85294118,1942526.009,34.0,66.0
7200.0,24,1460.46875,62.90625,1989588.666,32.0,64.0
7300.0,24,1479.375,64.875,2043334.156,32.0,64.0
7400.0,24,1499.15625,64.375,2100260.478,32.0,66.0
7500.0,24,1517.911765,66.5,2155037.199,34.0,68.0
7600.0,24,1539.928571,65.89285714,2220139.731,28.0,64.0
7700.0,24,1560.424242,62.39393939,2281535.002,33.0,64.0
7800.0,24,1582.363636,62.45454545,2348293.43,33.0,66.0
7900.0,24,1602.029412,61.705882349999996,2408932.323,34.0,64.0
8000.0,24,1622.09375,58.59375,2471552.611,32.0,62.0
8100.0,24,1641.787879,59.84848485,2533885.644,33.0,64.0
8200.0,24,1663.068966,56.17241379,2602029.586,29.0,62.0
8300.0,24,1683.935484,52.387096774,2669750.864,31.0,64.0
8400.0,24,1702.827586,51.344827586,2731840.838,29.0,64.0
8500.0,24,1718.645161,52.161290323,2784381.345,31.0,66.0
8600.0,24,1737.411765,49.911764706,2847358.471,34.0,64.0
8700.0,24,1757.258065,50.451612903,2914730.303,31.0,64.0
8800.0,24,1775.09375,47.0,2975957.446,32.0,62.0
8900.0,24,1797.645161,46.3548387097,3054276.897,31.0,64.0
9000.0,24,1819.6,45.5428571429,3131504.026,35.0,66.0
9100.0,24,1839.928571,45.0,3203869.291,28.0,64.0
9200.0,24,1860.121212,45.7575757576,3276556.801,33.0,66.0
9300.0,24,1880.285714,48.057142857,3349949.571,35.0,64.0
9400.0,24,1899.896552,48.172413793,3422120.592,29.0,62.0
9500.0,24,1921.633333,46.8333333333,3503021.362,30.0,64.0
9600.0,24,1941.032258,48.806451613,3576004.426,31.0,62.0
9700.0,24,1959.066667,48.9,3644536.748,30.0,64.0
9800.0,24,1978.8125,45.90625,3720334.419,32.0,64.0
9900.0,24,1998.96875,40.78125,3798564.174,32.0,64.0
10000.0,24,2017.65625,38.46875,3871804.088,32.0,64.0
0.0,25,50.0,50.0,0.0,37.0,64.0
100.0,25,69.78787879000001,47.818181818,396.3204775,33.0,64.0
200.0,25,90.09375,50.21875,1607.556641,32.0,64.0
300.0,25,111.32258065,52.806451613,3768.335068,31.0,64.0
400.0,25,131.36363636,49.424242424,6620.372819,33.0,64.0
500.0,25,152.1935484,49.870967742,10443.53798,31.0,64.0
600.0,25,174.1714286,52.8,15426.38367,35.0,66.0
700.0,25,192.8333333,52.7,20408.65111,30.0,62.0
800.0,25,214.25,50.40625,26978.22754,32.0,66.0
900.0,25,233.3333333,49.733333333,33611.18222,30.0,62.0
1000.0,25,253.21875,50.96875,41298.79883,32.0,66.0
1100.0,25,270.4545455,52.242424242,48605.23508,33.0,66.0
1200.0,25,289.96875,50.5625,57585.31738,32.0,66.0
1300.0,25,309.5,52.0,67344.25,34.0,66.0
1400.0,25,326.3225806,50.322580645,76354.27263,31.0,62.0
1500.0,25,345.6969697,51.424242424,87438.72635,33.0,64.0
1600.0,25,364.9032258,50.064516129,99164.04579,31.0,64.0
1700.0,25,385.2121212,50.515151515,112367.4316,33.0,64.0
1800.0,25,406.9333333,50.433333333,127401.5922,30.0,64.0
1900.0,25,425.4516129,51.064516129,140965.0468,31.0,64.0
2000.0,25,443.4516129,50.161290323,154804.1977,31.0,64.0
2100.0,25,462.3333333,49.484848485,170019.0432,33.0,64.0
2200.0,25,480.1875,51.09375,185062.4814,32.0,64.0
2300.0,25,499.5151515,50.696969697,202064.3572,33.0,64.0
2400.0,25,516.9285714,52.357142857,218027.8469,28.0,62.0
2500.0,25,538.0,52.1875,238148.7852,32.0,64.0
2600.0,25,557.3793103,52.137931034,257438.3353,29.0,64.0
2700.0,25,578.0967742,50.967741935,278887.1394,31.0,64.0
2800.0,25,594.0357143,49.964285714,295974.8597,28.0,60.0
2900.0,25,615.0,50.939393939,319225.8825,33.0,64.0
3000.0,25,634.1818182,51.060606061,341269.5216,33.0,64.0
3100.0,25,653.5625,52.53125,364294.0986,32.0,62.0
3200.0,25,673.6774194,55.0,388998.5234,31.0,64.0
3300.0,25,692.875,55.4375,413317.832,32.0,62.0
3400.0,25,712.7419355,53.677419355,439240.3965,31.0,62.0
3500.0,25,730.6666667,53.393939394,463318.6299,33.0,64.0
3600.0,25,750.3939394,52.96969697,490560.4894,33.0,66.0
3700.0,25,769.2580645,54.709677419,517354.3444,31.0,64.0
3800.0,25,788.2258065,54.161290323,544994.6576,31.0,64.0
3900.0,25,808.6333333,54.933333333,575548.8722,30.0,60.0
4000.0,25,826.4516129,54.193548387,602894.693,31.0,62.0
4100.0,25,846.516129,52.322580645,634443.3382,31.0,66.0
4200.0,25,863.5,52.84375,661790.3369,32.0,66.0
4300.0,25,886.7878788,52.757575758,700221.5583,33.0,66.0
4400.0,25,907.84375,55.0,735920.8994,32.0,62.0
4500.0,25,928.2333333,56.63333333,771337.7889,30.0,66.0
4600.0,25,949.1,58.0,808444.81,30.0,62.0
4700.0,25,967.8076923,58.46153846,842442.5577,26.0,66.0
4800.0,25,988.0,58.19230769,879911.1139,26.0,58.0
4900.0,25,1006.59375,56.78125,915117.5879,32.0,68.0
5000.0,25,1027.0645161,56.29032258,954694.6368,31.0,62.0
5100.0,25,1045.4,54.742857143,990843.6547,35.0,68.0
5200.0,25,1065.294118,54.176470588,1030839.588,34.0,64.0
5300.0,25,1087.344828,56.65517241,1076128.583,29.0,62.0
5400.0,25,1110.068966,57.37931034,1123800.666,29.0,64.0
5500.0,25,1129.310345,57.37931034,1164965.275,29.0,68.0
5600.0,25,1147.133333,52.233333333,1203706.539,30.0,66.0
5700.0,25,1164.9375,46.9375,1243095.008,32.0,64.0
5800.0,25,1187.129032,47.903225806,1293066.832,31.0,66.0
5900.0,25,1208.090909,47.848484848,1341179.183,33.0,64.0
6000.0,25,1224.965517,48.068965517,1380547.696,29.0,62.0
6100.0,25,1247.2,45.3,1433309.93,30.0,64.0
6200.0,25,1266.433333,46.9333333333,1479719.459,30.0,62.0
6300.0,25,1283.677419,49.129032258,1521960.734,31.0,62.0
6400.0,25,1303.875,48.75,1572204.078,32.0,66.0
6500.0,25,1326.333333,48.757575758,1629028.321,33.0,64.0
6600.0,25,1346.275862,49.862068966,1680331.13,29.0,64.0
6700.0,25,1365.885714,47.257142857,1731562.736,35.0,64.0
6800.0,25,1386.771429,46.7714285714,1786968.276,35.0,66.0
6900.0,25,1405.424242,48.909090909,1837176.067,33.0,64.0
7000.0,25,1427.0,45.5,1896149.25,32.0,62.0
7100.0,25,1446.451613,46.4516129032,1950089.698,31.0,62.0
7200.0,25,1463.970588,47.529411765,1999318.928,34.0,68.0
7300.0,25,1481.774194,47.0,2049986.341,31.0,64.0
7400.0,25,1498.5,50.6875,2098152.723,32.0,68.0
7500.0,25,1519.533333,53.4,2159539.778,30.0,64.0
7600.0,25,1543.387097,55.741935484,2230237.991,31.0,60.0
7700.0,25,1563.821429,59.53571429,2291746.247,28.0,62.0
7800.0,25,1583.83871,58.41935484,2352732.073,31.0,64.0
7900.0,25,1602.583333,55.805555556,2410548.711,36.0,68.0
8000.0,25,1621.625,53.46875,2470017.173,32.0,64.0
8100.0,25,1640.3125,53.46875,2529105.88,32.0,64.0
8200.0,25,1658.580645,52.0,2587535.692,31.0,64.0
8300.0,25,1678.969697,52.727272727,2653549.712,33.0,66.0
8400.0,25,1701.333333,51.366666667,2726903.646,30.0,66.0
8500.0,25,1719.588235,51.852941176,2787528.309,34.0,66.0
8600.0,25,1744.166667,54.566666667,2870221.549,30.0,66.0
8700.0,25,1763.612903,51.451612903,2936471.289,31.0,64.0
8800.0,25,1780.71875,50.3125,2995387.489,32.0,62.0
8900.0,25,1801.233333,48.7,3066819.878,30.0,68.0
9000.0,25,1818.5,50.333333333,3127592.361,30.0,64.0
9100.0,25,1839.78125,53.875,3203331.938,32.0,62.0
9200.0,25,1862.09375,50.59375,3283684.111,32.0,66.0
9300.0,25,1881.16129,49.451612903,3353151.972,31.0,64.0
9400.0,25,1901.677419,46.09677419355,3428724.501,31.0,62.0
9500.0,25,1922.896552,47.034482759,3507750.288,29.0,64.0
9600.0,25,1939.676471,51.264705882,3570878.763,34.0,66.0
9700.0,25,1958.71875,53.1875,3643217.427,32.0,66.0
9800.0,25,1979.971429,51.028571429,3724790.773,35.0,66.0
9900.0,25,1999.096774,46.7419354839,3798988.85,31.0,62.0
10000.0,25,2021.09375,45.3125,3885232.544,32.0,62.0
0.0,26,50.0,50.0,0.0,37.0,64.0
100.0,26,68.96666667,50.266666667,359.8055556,30.0,64.0
200.0,26,87.43333333000001,48.866666667,1402.538889,30.0,66.0
300.0,26,105.77419355,44.741935484,3138.407908,31.0,64.0
400.0,26,124.5,45.25,5572.8125,32.0,62.0
500.0,26,142.65625,48.96875,8586.244141,32.0,64.0
600.0,26,163.46875,49.9375,12875.16113,32.0,64.0
700.0,26,184.2571429,49.6,18025.14041,35.0,68.0
800.0,26,203.9655172,49.965517241,23705.38169,29.0,62.0
900.0,26,220.2727273,47.818181818,28997.56198,33.0,66.0
1000.0,26,241.9677419,53.064516129,36861.0052,31.0,64.0
1100.0,26,262.3214286,51.285714286,45082.04209,28.0,62.0
1200.0,26,279.0333333,50.3,52456.35778,30.0,64.0
1300.0,26,297.6969697,51.0,61354.7888,33.0,64.0
1400.0,26,312.7878788,47.96969697,69061.59137,33.0,64.0
1500.0,26,333.1333333,45.93333333333,80181.02222,30.0,66.0
1600.0,26,351.6470588,45.1176470588,91014.78547,34.0,64.0
1700.0,26,369.71875,44.96875,102245.3926,32.0,64.0
1800.0,26,390.03125,44.625,115650.1416,32.0,68.0
1900.0,26,411.4545455,43.575757576,130690.6593,33.0,64.0
2000.0,26,431.7419355,43.258064516,145772.359,31.0,62.0
2100.0,26,450.84375,40.4375,160767.1533,32.0,64.0
2200.0,26,472.6875,37.9375,178810.2266,32.0,64.0
2300.0,26,495.516129,38.387096774,198619.4807,31.0,66.0
2400.0,26,514.4848485,42.666666667,215799.9522,33.0,64.0
2500.0,26,533.7575758,43.727272727,234060.7392,33.0,64.0
2600.0,26,555.5625,44.625,255622.332,32.0,66.0
2700.0,26,577.3870968,44.419354839,278168.2934,31.0,64.0
2800.0,26,595.4193548,43.580645161,297523.4807,31.0,62.0
2900.0,26,617.7714286,40.6,322452.7551,35.0,66.0
3000.0,26,633.2424242,41.727272727,340240.1635,33.0,64.0
3100.0,26,653.59375,39.78125,364429.8379,32.0,66.0
3200.0,26,670.4705882,39.147058824,385101.5372,34.0,64.0
3300.0,26,688.2,37.566666667,407453.8278,30.0,64.0
3400.0,26,708.3333333,37.575757576,433557.1396,33.0,64.0
3500.0,26,727.8181818,37.454545455,459594.876,33.0,68.0
3600.0,26,747.7857143,37.964285714,487049.7615,28.0,64.0
3700.0,26,767.34375,40.1875,514678.3408,32.0,64.0
3800.0,26,785.3103448,37.517241379,540837.1225,29.0,62.0
3900.0,26,804.7647059,33.5,569942.0112,34.0,66.0
4000.0,26,825.3888889,32.02777778,601550.9298,36.0,68.0
4100.0,26,847.3030303,28.24242424,636165.5142,33.0,64.0
4200.0,26,867.9310345,29.0,669452.1772,29.0,62.0
4300.0,26,885.2413793,26.31034483,698189.3615,29.0,60.0
4400.0,26,904.7272727,25.81818182,731143.4711,33.0,62.0
4500.0,26,925.15625,25.25,766511.0244,32.0,62.0
4600.0,26,945.6896552,20.55172414,803127.1593,29.0,64.0
4700.0,26,966.15625,19.53125,840270.6191,32.0,68.0
4800.0,26,987.21875,17.34375,879445.416,32.0,66.0
4900.0,26,1005.46875,16.1875,914063.8174,32.0,62.0
5000.0,26,1023.0967742,15.4516129,948110.923,31.0,60.0
5100.0,26,1046.0,14.41935484,993281.9823,31.0,66.0
5200.0,26,1064.823529,15.0,1031091.796,34.0,66.0
5300.0,26,1085.580645,12.580645160000003,1073827.481,31.0,64.0
5400.0,26,1105.969697,12.575757580000001,1116472.575,33.0,62.0
5500.0,26,1126.454545,12.121212120000003,1160189.191,33.0,66.0
5600.0,26,1147.666667,11.848484849999998,1206327.649,33.0,66.0
5700.0,26,1168.655172,10.103448280000002,1252981.13,29.0,64.0
5800.0,26,1188.545455,9.78787879,1297902.767,33.0,64.0
5900.0,26,1211.612903,7.193548389999997,1351176.929,31.0,64.0
6000.0,26,1229.9,10.36666667,1393734.811,30.0,64.0
6100.0,26,1245.9375,13.15625,1431623.966,32.0,64.0
6200.0,26,1267.939394,12.878787879999997,1484754.352,33.0,66.0
6300.0,26,1288.586207,13.551724139999997,1535424.269,29.0,64.0
6400.0,26,1310.6875,14.59375,1590586.575,32.0,64.0
6500.0,26,1329.090909,18.36363636,1637074.413,33.0,66.0
6600.0,26,1348.6,20.63333333,1687224.361,30.0,62.0
6700.0,26,1365.517241,18.68965517,1731565.95,29.0,62.0
6800.0,26,1386.6,19.2,1787448.2,30.0,62.0
6900.0,26,1408.37931,18.03448276,1846216.145,29.0,60.0
7000.0,26,1425.6875,19.3125,1893457.82,32.0,64.0
7100.0,26,1443.909091,20.15151515,1943873.486,33.0,62.0
7200.0,26,1463.032258,20.93548387,1997504.908,31.0,62.0
7300.0,26,1484.178571,22.82142857,2057606.849,28.0,64.0
7400.0,26,1503.6875,25.1875,2113823.008,32.0,62.0
7500.0,26,1527.121212,25.15151515,2182504.522,33.0,66.0
7600.0,26,1546.733333,26.46666667,2240764.489,30.0,62.0
7700.0,26,1565.758621,25.44827586,2298126.983,29.0,62.0
7800.0,26,1585.125,24.125,2357278.281,32.0,66.0
7900.0,26,1606.466667,22.56666667,2423341.072,30.0,66.0
8000.0,26,1628.272727,22.84848485,2491682.006,33.0,62.0
8100.0,26,1648.970588,17.91176471,2557736.597,34.0,64.0
8200.0,26,1671.0,18.0,2628665.0,31.0,60.0
8300.0,26,1690.848485,18.6969697,2693363.63,33.0,64.0
8400.0,26,1714.966667,18.63333333,2773097.869,30.0,68.0
8500.0,26,1737.53125,17.34375,2848828.15,32.0,66.0
8600.0,26,1755.171429,14.371428569999999,2908878.996,35.0,66.0
8700.0,26,1773.580645,13.935483869999999,2972030.89,31.0,64.0
8800.0,26,1791.193548,12.806451610000003,3033138.333,31.0,66.0
8900.0,26,1809.59375,11.96875,3097616.541,32.0,64.0
9000.0,26,1827.516129,14.77419355,3160804.446,31.0,64.0
9100.0,26,1847.586207,16.86206897,3232414.294,29.0,62.0
9200.0,26,1869.272727,17.3030303,3310822.348,33.0,64.0
9300.0,26,1889.212121,16.27272727,3383838.756,33.0,64.0
9400.0,26,1909.15625,16.03125,3457615.838,32.0,66.0
9500.0,26,1928.833333,19.33333333,3530955.139,30.0,64.0
9600.0,26,1946.69697,21.09090909,3598295.13,33.0,64.0
9700.0,26,1965.939394,18.15151515,3671838.087,33.0,64.0
9800.0,26,1985.4,16.17142857,3746917.532,35.0,66.0
9900.0,26,2005.53125,14.5625,3825358.286,32.0,64.0
10000.0,26,2026.0,14.87878788,3905809.5,33.0,66.0
0.0,27,50.0,50.0,0.0,37.0,64.0
100.0,27,68.96774194,51.419354839,361.7898023,31.0,66.0
200.0,27,89.96875,50.0,1597.500977,32.0,64.0
300.0,27,110.875,48.34375,3708.508789,32.0,64.0
400.0,27,129.0,49.885714286,6241.013061,35.0,66.0
500.0,27,146.15625,47.34375,9253.080078,32.0,64.0
600.0,27,164.96666670000002,45.8333333333,13234.69556,30.0,64.0
700.0,27,183.6333333,46.6333333333,17869.20222,30.0,62.0
800.0,27,204.0344828,48.172413793,23729.96195,29.0,64.0
900.0,27,223.28125,46.46875,30038.86133,32.0,68.0
1000.0,27,244.2121212,46.6060606061,37729.86685,33.0,64.0
1100.0,27,262.2068966,46.06896551724,45047.21998,29.0,64.0
1200.0,27,281.35294120000003,44.205882353,53557.75519,34.0,66.0
1300.0,27,303.40625,43.5625,64256.16895,32.0,62.0
1400.0,27,320.9032258,44.096774194,73423.40583,31.0,64.0
1500.0,27,339.0,46.59375,83532.60254,32.0,62.0
1600.0,27,358.15625,46.25,94974.33691,32.0,64.0
1700.0,27,375.0967742,48.870967742,105689.1873,31.0,64.0
1800.0,27,392.7272727,46.6060606061,117473.5023,33.0,64.0
1900.0,27,414.5588235,45.8235294118,132920.5787,34.0,64.0
2000.0,27,431.9393939,47.060606061,145886.3407,33.0,66.0
2100.0,27,450.875,45.59375,160720.1807,32.0,64.0
2200.0,27,469.5294118,43.5,176047.1773,34.0,66.0
2300.0,27,487.6060606,42.878787879,191549.7759,33.0,64.0
2400.0,27,503.9677419,43.161290323,206133.4787,31.0,66.0
2500.0,27,523.1612903,42.483870968,223938.0989,31.0,62.0
2600.0,27,542.53125,43.46875,242629.6895,32.0,66.0
2700.0,27,564.1612903,43.774193548,264400.5931,31.0,64.0
2800.0,27,582.1290323,42.0,283225.307,31.0,64.0
2900.0,27,599.53125,41.53125,302056.3145,32.0,62.0
3000.0,27,619.516129,38.35483871,324484.231,31.0,66.0
3100.0,27,637.9677419,41.129032258,345784.7596,31.0,64.0
3200.0,27,658.6451613,43.741935484,370488.0957,31.0,66.0
3300.0,27,678.1034483,45.4827586207,394534.3472,29.0,64.0
3400.0,27,695.5,42.6,416725.01,30.0,62.0
3500.0,27,716.3666667,40.8,444129.1744,30.0,62.0
3600.0,27,738.3636364,37.818181818,473992.8926,33.0,66.0
3700.0,27,756.375,37.5,499121.8906,32.0,64.0
3800.0,27,777.3030303,39.818181818,529073.3673,33.0,64.0
3900.0,27,798.5,37.5,560408.5,34.0,64.0
4000.0,27,818.65625,37.75,590982.4932,32.0,66.0
4100.0,27,837.5625,37.8125,620403.2266,32.0,66.0
4200.0,27,858.1785714,39.892857143,653254.7577,28.0,62.0
4300.0,27,878.4375,40.90625,686391.3877,32.0,66.0
4400.0,27,901.0,38.28125,724338.3291,32.0,64.0
4500.0,27,918.6571429,41.285714286,754641.1706,35.0,66.0
4600.0,27,936.75,41.25,786402.125,28.0,62.0
4700.0,27,956.9375,40.71875,822621.7705,32.0,64.0
4800.0,27,978.1290323,37.032258065,861591.6629,31.0,62.0
4900.0,27,997.7586207,36.0,898442.4031,29.0,66.0
5000.0,27,1016.4827586,36.655172414,934267.0071,29.0,62.0
5100.0,27,1035.4705881999998,37.205882353,971315.9697,34.0,66.0
5200.0,27,1053.870968,36.677419355,1007934.411,31.0,64.0
5300.0,27,1074.806452,34.48387097,1050469.014,31.0,62.0
5400.0,27,1093.709677,36.967741935,1089499.73,31.0,64.0
5500.0,27,1115.28125,38.5625,1134954.958,32.0,66.0
5600.0,27,1134.470588,40.0,1176176.457,34.0,66.0
5700.0,27,1153.344828,41.793103448,1217437.162,29.0,62.0
5800.0,27,1171.4375,39.59375,1257730.356,32.0,64.0
5900.0,27,1192.0,40.5,1304254.25,30.0,66.0
6000.0,27,1210.441176,44.294117647,1346656.281,34.0,66.0
6100.0,27,1228.818182,43.424242424,1389655.546,33.0,66.0
6200.0,27,1248.40625,42.25,1436237.603,32.0,68.0
6300.0,27,1268.09375,41.375,1483826.774,32.0,64.0
6400.0,27,1288.5,41.666666667,1533951.694,30.0,64.0
6500.0,27,1312.033333,45.4,1592749.294,30.0,64.0
6600.0,27,1331.645161,43.806451613,1642652.68,31.0,62.0
6700.0,27,1350.771429,44.6,1692035.469,35.0,68.0
6800.0,27,1368.939394,44.303030303,1739633.58,33.0,64.0
6900.0,27,1386.3125,46.03125,1785746.849,32.0,64.0
7000.0,27,1406.15625,48.3125,1839162.622,32.0,64.0
7100.0,27,1425.666667,47.566666667,1892464.699,30.0,60.0
7200.0,27,1445.4,48.5,1947143.41,30.0,66.0
7300.0,27,1465.0625,51.3125,2002403.602,32.0,62.0
7400.0,27,1485.470588,51.676470588,2060578.62,34.0,66.0
7500.0,27,1502.6,52.7,2110054.05,30.0,62.0
7600.0,27,1524.53125,49.8125,2174242.442,32.0,68.0
7700.0,27,1544.21875,48.8125,2232691.083,32.0,66.0
7800.0,27,1563.606061,48.272727273,2291006.29,33.0,64.0
7900.0,27,1583.551724,48.965517241,2351781.961,29.0,64.0
8000.0,27,1606.3125,49.40625,2422108.95,32.0,66.0
8100.0,27,1628.2,47.166666667,2490723.268,30.0,62.0
8200.0,27,1645.310345,49.206896552,2545015.725,29.0,60.0
8300.0,27,1665.419355,50.967741935,2609580.629,31.0,62.0
8400.0,27,1684.413793,49.517241379,2671308.68,29.0,64.0
8500.0,27,1702.571429,50.571428571,2730992.653,35.0,66.0
8600.0,27,1721.742857,47.057142857,2794732.841,35.0,66.0
8700.0,27,1741.851852,46.8518518519,2862372.599,27.0,62.0
8800.0,27,1762.666667,45.6363636364,2933246.152,33.0,66.0
8900.0,27,1782.53125,46.875,3001674.298,32.0,68.0
9000.0,27,1803.46875,46.1875,3074667.192,32.0,66.0
9100.0,27,1828.575758,47.060606061,3163340.365,33.0,64.0
9200.0,27,1848.322581,44.806451613,3233991.077,31.0,64.0
9300.0,27,1868.909091,41.484848485,3308502.789,33.0,62.0
9400.0,27,1890.333333,42.545454545,3386882.348,33.0,66.0
9500.0,27,1910.37931,41.310344828,3461086.688,29.0,64.0
9600.0,27,1927.25,43.21875,3524113.548,32.0,68.0
9700.0,27,1947.78125,44.4375,3601604.614,32.0,64.0
9800.0,27,1967.133333,43.0,3675449.218,30.0,64.0
9900.0,27,1984.21875,43.0625,3741250.302,32.0,62.0
10000.0,27,2004.758621,42.689655172,3821134.706,29.0,64.0
0.0,28,50.0,50.0,0.0,37.0,64.0
100.0,28,69.21428571,49.642857143,369.3163265,28.0,60.0
200.0,28,88.03225806,51.225806452,1447.955255,31.0,62.0
300.0,28,107.2,47.942857143,3276.071837,35.0,68.0
400.0,28,126.33333333,50.366666667,5826.912222,30.0,64.0
500.0,28,147.4482759,50.413793103,9496.337693,29.0,60.0
600.0,28,168.3125,50.1875,13997.88281,32.0,64.0
700.0,28,186.6,48.433333333,18662.01444,30.0,64.0
800.0,28,205.2,42.7,24140.33,30.0,66.0
900.0,28,223.2580645,39.806451613,30122.26535,31.0,66.0
1000.0,28,243.4848485,34.24242424,37684.68779,33.0,66.0
1100.0,28,260.8823529,36.5,44653.61678,34.0,64.0
1200.0,28,279.2666667,34.566666670000004,52801.39222,30.0,62.0
1300.0,28,299.78125,32.03125,62713.54883,32.0,66.0
1400.0,28,318.8387097,30.741935480000002,72645.12487,31.0,62.0
1500.0,28,338.9705882,31.61764706,83841.91176,34.0,66.0
1600.0,28,360.4705882,32.58823529,96695.15571,34.0,64.0
1700.0,28,381.516129,33.83870968,110164.1311,31.0,64.0
1800.0,28,401.6333333,34.066666670000004,123899.8722,30.0,60.0
1900.0,28,421.90625,36.53125,138495.666,32.0,64.0
2000.0,28,443.6666667,39.484848485,155084.0129,33.0,68.0
2100.0,28,464.2666667,41.733333333,171685.2089,30.0,62.0
2200.0,28,481.5,41.875,186258.2656,32.0,64.0
2300.0,28,501.8666667,38.033333333,204326.6856,30.0,62.0
2400.0,28,519.2258065,37.806451613,220321.5401,31.0,64.0
2500.0,28,536.5625,39.78125,236847.4893,32.0,66.0
2600.0,28,553.1764706,40.823529412,253270.7682,34.0,62.0
2700.0,28,573.9354839,41.709677419,274577.1207,31.0,64.0
2800.0,28,591.0344828,41.482758621,292790.8549,29.0,62.0
2900.0,28,609.9666667,45.6333333333,313581.7356,30.0,60.0
3000.0,28,629.4705882,43.617647059,335826.8971,34.0,66.0
3100.0,28,651.8285714,43.514285714,362239.6939,35.0,66.0
3200.0,28,669.5806452,44.516129032,383910.2487,31.0,64.0
3300.0,28,688.625,47.125,407850.1562,32.0,68.0
3400.0,28,709.46875,46.65625,434910.2129,32.0,64.0
3500.0,28,730.6875,41.03125,463415.9111,32.0,64.0
3600.0,28,750.2727273,38.181818182,490521.562,33.0,64.0
3700.0,28,771.516129,39.096774194,520704.4048,31.0,66.0
3800.0,28,791.969697,42.060606061,550582.0652,33.0,66.0
3900.0,28,811.5,44.84375,579908.8369,32.0,66.0
4000.0,28,829.5151515,49.0,607644.8714,33.0,66.0
4100.0,28,847.3870968,53.387096774,635837.6545,31.0,62.0
4200.0,28,865.2258065,55.483870968,664623.1883,31.0,62.0
4300.0,28,884.1875,56.1875,695907.0703,32.0,64.0
4400.0,28,904.96875,58.1875,731038.5986,32.0,66.0
4500.0,28,923.9375,56.9375,763814.8828,32.0,64.0
4600.0,28,945.4516129,56.16129032,801871.5525,31.0,62.0
4700.0,28,967.4375,56.21875,841730.2393,32.0,64.0
4800.0,28,986.46875,57.65625,877032.3379,32.0,64.0
4900.0,28,1006.6129032,55.129032258,915134.5536,31.0,62.0
5000.0,28,1025.1212120999999,55.757575758,950894.528,33.0,64.0
5100.0,28,1044.8709677000002,54.580645161,989789.2248,31.0,64.0
5200.0,28,1064.862069,55.344827586,1029973.586,29.0,62.0
5300.0,28,1087.580645,56.22580645,1076612.356,31.0,64.0
5400.0,28,1106.612903,58.806451609999996,1116508.381,31.0,64.0
5500.0,28,1125.645161,60.90322581,1157131.393,31.0,66.0
5600.0,28,1146.2,61.433333329999996,1201785.161,30.0,62.0
5700.0,28,1166.25,62.3125,1246165.66,32.0,64.0
5800.0,28,1186.83871,62.70967742,1292563.788,31.0,62.0
5900.0,28,1206.8125,66.84375,1338498.872,32.0,66.0
6000.0,28,1226.193548,66.70967741999999,1383710.477,31.0,62.0
6100.0,28,1244.1875,71.46875,1426544.692,32.0,62.0
6200.0,28,1261.03125,70.59375,1467020.791,32.0,64.0
6300.0,28,1279.62069,68.89655172,1512324.12,29.0,66.0
6400.0,28,1300.25,66.85714286,1563409.226,28.0,62.0
6500.0,28,1320.242424,65.24242423999999,1613748.148,33.0,64.0
6600.0,28,1340.483871,64.5483871,1665560.277,31.0,66.0
6700.0,28,1361.5,66.82352940999999,1720315.281,34.0,64.0
6800.0,28,1380.096774,68.48387097,1769499.082,31.0,62.0
6900.0,28,1398.939394,68.45454545,1819978.059,33.0,66.0
7000.0,28,1419.709677,64.48387097,1876314.383,31.0,64.0
7100.0,28,1441.181818,64.90909091,1935609.132,33.0,64.0
7200.0,28,1461.242424,61.96969697,1991748.454,33.0,66.0
7300.0,28,1482.875,61.03125,2053252.454,32.0,66.0
7400.0,28,1501.62069,63.68965517,2107390.033,29.0,60.0
7500.0,28,1521.575758,61.93939394,2165677.759,33.0,62.0
7600.0,28,1540.78125,60.875,2222547.001,32.0,66.0
7700.0,28,1558.666667,61.81818182,2276214.781,33.0,64.0
7800.0,28,1573.766667,60.76666667,2321980.776,30.0,64.0
7900.0,28,1592.903226,61.90322581,2380692.051,31.0,66.0
8000.0,28,1612.225806,64.80645161,2440768.701,31.0,62.0
8100.0,28,1632.419355,66.48387097,2504322.733,31.0,62.0
8200.0,28,1652.935484,65.58064516,2569644.922,31.0,64.0
8300.0,28,1671.088235,64.17647059000001,2628128.039,34.0,64.0
8400.0,28,1690.965517,63.793103450000004,2692958.078,29.0,64.0
8500.0,28,1707.53125,67.125,2747703.11,32.0,64.0
8600.0,28,1728.2,68.6,2816701.2,30.0,66.0
8700.0,28,1746.793103,69.27586207,2879478.395,29.0,62.0
8800.0,28,1764.433333,68.83333333,2939636.349,30.0,62.0
8900.0,28,1783.375,67.90625,3004909.524,32.0,64.0
9000.0,28,1803.909091,69.78787879000001,3076588.659,33.0,66.0
9100.0,28,1822.16129,69.16129032,3140922.794,31.0,62.0
9200.0,28,1843.2,69.33333333,3215940.018,30.0,66.0
9300.0,28,1862.352941,67.73529411999999,3284937.724,34.0,64.0
9400.0,28,1881.448276,67.58620690000001,3354512.062,29.0,62.0
9500.0,28,1898.28125,65.25,3416376.142,32.0,68.0
9600.0,28,1915.78125,64.375,3481346.313,32.0,66.0
9700.0,28,1933.939394,61.03030303,3549349.308,33.0,66.0
9800.0,28,1952.870968,61.90322581,3621059.607,31.0,64.0
9900.0,28,1972.965517,61.31034483,3697924.304,29.0,64.0
10000.0,28,1990.166667,62.5,3764402.944,30.0,62.0
0.0,29,50.0,50.0,0.0,37.0,64.0
100.0,29,72.3030303,51.484848485,499.6299357,33.0,66.0
200.0,29,89.21875,53.9375,1553.614258,32.0,62.0
300.0,29,108.38709677,56.25806452,3448.216441,31.0,60.0
400.0,29,129.38709677,54.225806452,6320.168574,31.0,66.0
500.0,29,147.6896552,53.482758621,9555.398335,29.0,62.0
600.0,29,165.32258059999998,50.516129032,13299.564,31.0,66.0
700.0,29,184.9354839,48.806451613,18209.00937,31.0,64.0
800.0,29,205.1515152,49.242424242,24072.56657,33.0,66.0
900.0,29,228.2941176,47.264705882,31796.27422,34.0,64.0
1000.0,29,248.3870968,49.419354839,39357.77732,31.0,64.0
1100.0,29,268.03225810000004,51.580645161,47540.564,31.0,66.0
1200.0,29,286.375,51.8125,55876.42578,32.0,66.0
1300.0,29,305.8,50.7,65434.13,30.0,64.0
1400.0,29,322.0967742,47.838709677,74041.3257,31.0,62.0
1500.0,29,344.5757576,49.696969697,86774.96878,33.0,66.0
1600.0,29,363.4137931,48.75862069,98229.74673,29.0,62.0
1700.0,29,386.1290323,48.193548387,112985.9896,31.0,68.0
1800.0,29,406.875,50.5625,127360.082,32.0,66.0
1900.0,29,428.1428571,46.3428571429,143005.3951,35.0,68.0
2000.0,29,450.5862069,44.931034483,160495.0036,29.0,62.0
2100.0,29,473.9090909,45.3939393939,179720.1331,33.0,66.0
2200.0,29,495.21875,43.78125,198258.4082,32.0,64.0
2300.0,29,513.7931034000001,41.793103448,215171.396,29.0,66.0
2400.0,29,534.34375,37.28125,234750.6348,32.0,62.0
2500.0,29,554.3333333,35.36666667,254566.2456,30.0,64.0
2600.0,29,574.2424242,34.121212119999996,275082.2553,33.0,66.0
2700.0,29,591.78125,31.53125,293868.0176,32.0,66.0
2800.0,29,611.9677419,33.12903226,316092.3725,31.0,64.0
2900.0,29,628.65625,30.09375,335239.3145,32.0,64.0
3000.0,29,645.7333333,32.566666670000004,355202.1256,30.0,66.0
3100.0,29,663.969697,32.48484848,377265.5693,33.0,66.0
3200.0,29,682.4,32.13333333,400248.9778,30.0,64.0
3300.0,29,699.3103448,36.068965517,421797.9976,29.0,62.0
3400.0,29,718.4193548,35.83870968,446984.9761,31.0,64.0
3500.0,29,738.7241379,36.275862069,474529.2901,29.0,62.0
3600.0,29,757.0967742,39.032258065,500106.1394,31.0,62.0
3700.0,29,776.030303,38.696969697,527247.7594,33.0,66.0
3800.0,29,796.5666667,35.7,557566.2778,30.0,62.0
3900.0,29,815.15625,33.4375,585738.4033,32.0,66.0
4000.0,29,836.4333333,36.433333333,618661.4422,30.0,66.0
4100.0,29,854.7142857,37.785714286,647714.2704,28.0,60.0
4200.0,29,874.4333333,38.833333333,679815.0156,30.0,64.0
4300.0,29,893.1818182,42.454545455,711012.5124,33.0,64.0
4400.0,29,911.0967742,41.35483871,741562.3933,31.0,62.0
4500.0,29,931.4827586,42.482758621,777068.3627,29.0,62.0
4600.0,29,953.6060606,42.363636364,816562.2268,33.0,64.0
4700.0,29,970.15625,43.65625,846727.7676,32.0,62.0
4800.0,29,990.4545455,43.939393939,884491.483,33.0,66.0
4900.0,29,1007.1034483,43.103448276,916094.5731,29.0,62.0
5000.0,29,1027.1071428999999,40.857142857,954821.9605,28.0,66.0
5100.0,29,1044.8125,41.875,989717.9258,32.0,64.0
5200.0,29,1066.16129,41.870967742,1032649.849,31.0,66.0
5300.0,29,1086.633333,41.233333333,1074685.522,30.0,64.0
5400.0,29,1106.310345,39.206896552,1115908.036,29.0,62.0
5500.0,29,1126.333333,39.727272727,1158598.973,33.0,64.0
5600.0,29,1140.764706,38.794117647,1189893.215,34.0,66.0
5700.0,29,1162.275862,35.62068966,1237364.358,29.0,62.0
5800.0,29,1182.1875,35.4375,1282060.602,32.0,64.0
5900.0,29,1201.5,33.0,1326241.25,32.0,62.0
6000.0,29,1224.84375,32.6875,1380557.56,32.0,64.0
6100.0,29,1248.551724,33.96551724,1436783.34,29.0,64.0
6200.0,29,1270.129032,33.06451613,1489001.666,31.0,64.0
6300.0,29,1292.129032,33.12903226,1543169.162,31.0,62.0
6400.0,29,1310.085714,35.17142857,1588035.894,35.0,68.0
6500.0,29,1326.606061,36.424242424,1629907.335,33.0,66.0
6600.0,29,1347.310345,37.620689655,1683167.378,29.0,60.0
6700.0,29,1366.6875,36.125,1733858.488,32.0,66.0
6800.0,29,1386.617647,36.117647059,1786739.454,34.0,66.0
6900.0,29,1405.096774,38.451612903,1836420.633,31.0,64.0
7000.0,29,1424.709677,40.322580645,1889920.35,31.0,62.0
7100.0,29,1444.068966,39.724137931,1943533.874,29.0,64.0
7200.0,29,1463.366667,45.3666666667,1997626.802,30.0,66.0
7300.0,29,1484.096774,43.774193548,2056672.318,31.0,62.0
7400.0,29,1501.931034,46.2413793103,2108117.856,29.0,62.0
7500.0,29,1524.862069,48.793103448,2175219.579,29.0,64.0
7600.0,29,1544.878788,46.9090909091,2234672.144,33.0,66.0
7700.0,29,1565.030303,47.212121212,2295324.591,33.0,68.0
7800.0,29,1582.027778,47.444444444,2347115.643,36.0,66.0
7900.0,29,1597.84375,46.125,2395835.29,32.0,64.0
8000.0,29,1618.096774,45.2580645161,2458949.979,31.0,62.0
8100.0,29,1634.878788,44.909090909,2511866.69,33.0,64.0
8200.0,29,1655.344828,44.620689655,2577160.952,29.0,60.0
8300.0,29,1677.75,45.8125,2649587.598,32.0,62.0
8400.0,29,1697.933333,48.833333333,2715685.632,30.0,62.0
8500.0,29,1721.172414,50.965517241,2792818.169,29.0,62.0
8600.0,29,1737.15625,50.75,2846496.774,32.0,64.0
8700.0,29,1758.483871,52.419354839,2918922.991,31.0,64.0
8800.0,29,1778.290323,54.967741935,2987012.118,31.0,64.0
8900.0,29,1798.8125,55.09375,3058371.106,32.0,64.0
9000.0,29,1820.6,54.057142857,3135040.82,35.0,66.0
9100.0,29,1839.5,55.0625,3202335.879,32.0,66.0
9200.0,29,1859.066667,53.2,3272732.444,30.0,64.0
9300.0,29,1877.848485,57.272727270000004,3341082.976,33.0,62.0
9400.0,29,1899.645161,59.41935484,3421275.947,31.0,66.0
9500.0,29,1918.75,57.0,3492275.562,32.0,66.0
9600.0,29,1937.636364,56.78787879,3563217.117,33.0,66.0
9700.0,29,1957.903226,55.548387097,3640125.504,31.0,60.0
9800.0,29,1974.939394,54.848484848,3705415.178,33.0,66.0
9900.0,29,1994.133333,55.133333332999996,3779680.769,30.0,64.0
10000.0,29,2011.1875,54.90625,3846280.481,32.0,64.0
0.0,30,50.0,50.0,0.0,37.0,64.0
100.0,30,69.82758620999999,48.896551724,394.3507729,29.0,62.0
200.0,30,89.25806452,47.258064516,1548.71384,31.0,62.0
300.0,30,107.42857143,48.8,3299.480816,35.0,68.0
400.0,30,128.61290323,48.677419355,6181.737773,31.0,64.0
500.0,30,145.09090909,49.393939394,9042.648301,33.0,66.0
600.0,30,162.59375,49.71875,12677.43164,32.0,66.0
700.0,30,181.483871,50.096774194,17288.01769,31.0,62.0
800.0,30,200.125,51.375,22539.40625,32.0,64.0
900.0,30,220.2,49.566666667,28968.22778,30.0,60.0
1000.0,30,238.7142857,52.371428571,35618.70531,35.0,66.0
1100.0,30,258.8,54.266666667,43615.64444,30.0,60.0
1200.0,30,276.8235294,52.441176471,51454.87284,34.0,64.0
1300.0,30,297.6129032,51.548387097,61314.54735,31.0,64.0
1400.0,30,318.40625,54.40625,72061.33008,32.0,64.0
1500.0,30,337.4117647,56.0,82641.52249,34.0,66.0
1600.0,30,358.1666667,57.13333333,95017.57889,30.0,66.0
1700.0,30,377.5625,58.90625,107376.5127,32.0,64.0
1800.0,30,396.9411765,58.94117647,120448.1246,34.0,68.0
1900.0,30,414.5714286,57.32142857,132965.9298,28.0,62.0
2000.0,30,431.0606061,53.545454545,145219.7557,33.0,66.0
2100.0,30,452.0588235,54.735294118,161673.7206,34.0,66.0
2200.0,30,471.5333333,55.666666667,177722.4622,30.0,60.0
2300.0,30,493.4193548,57.41935484,196675.7711,31.0,66.0
2400.0,30,513.9666667,56.566666670000004,215308.1889,30.0,66.0
2500.0,30,532.09375,58.34375,232484.002,32.0,64.0
2600.0,30,553.2,57.77142857,253270.6351,35.0,66.0
2700.0,30,572.90625,58.65625,273505.877,32.0,64.0
2800.0,30,593.1290323,58.645161290000004,295063.8845,31.0,62.0
2900.0,30,613.6071429,57.892857140000004,317715.3087,28.0,64.0
3000.0,30,629.40625,58.71875,335787.6191,32.0,66.0
3100.0,30,647.6176471,58.82352941,357224.7067,34.0,68.0
3200.0,30,669.3448276,58.793103450000004,383665.3341,29.0,64.0
3300.0,30,689.9375,58.8125,409597.6641,32.0,66.0
3400.0,30,707.5454545,56.6969697,432410.8742,33.0,64.0
3500.0,30,729.0606061,56.48484848,461165.36,33.0,66.0
3600.0,30,747.1935484,56.967741939999996,486127.3933,31.0,62.0
3700.0,30,764.8965517,60.75862069,511192.8276,29.0,66.0
3800.0,30,783.8484848,59.33333333,538620.7098,33.0,64.0
3900.0,30,804.3214286,63.142857140000004,569173.5523,28.0,64.0
4000.0,30,823.5757576,62.51515152,598576.0817,33.0,64.0
4100.0,30,842.7,59.566666670000004,628464.8111,30.0,62.0
4200.0,30,859.9032258,55.612903226,655974.7399,31.0,64.0
4300.0,30,879.2333333,55.466666667,687657.8056,30.0,66.0
4400.0,30,900.3870968,54.580645161,723179.1967,31.0,64.0
4500.0,30,917.8064516,53.290322581,753098.8637,31.0,64.0
4600.0,30,941.0344828,54.724137931,793964.7669,29.0,62.0
4700.0,30,961.34375,53.59375,830560.3457,32.0,64.0
4800.0,30,983.0285714,53.542857143,870554.8669,35.0,66.0
4900.0,30,1001.5172414,54.24137931,905403.0499,29.0,66.0
5000.0,30,1020.3,53.666666667,941495.5344,30.0,60.0
5100.0,30,1037.9117647,51.470588235,975971.8175,34.0,66.0
5200.0,30,1056.6,52.114285714,1013248.03,35.0,66.0
5300.0,30,1077.371429,50.285714286,1055492.134,35.0,66.0
5400.0,30,1097.903226,47.35483871,1098108.168,31.0,62.0
5500.0,30,1118.625,45.6875,1141977.988,32.0,66.0
5600.0,30,1137.290323,45.7096774194,1182218.652,31.0,68.0
5700.0,30,1159.8,47.566666667,1231661.961,30.0,64.0
5800.0,30,1181.2,47.733333333,1279618.578,30.0,66.0
5900.0,30,1200.5,52.8,1323658.09,30.0,62.0
6000.0,30,1217.606061,49.909090909,1363303.921,33.0,66.0
6100.0,30,1238.9,50.7,1413483.7,30.0,64.0
6200.0,30,1258.774194,54.0,1461151.051,31.0,62.0
6300.0,30,1276.941176,54.676470588,1505406.52,34.0,66.0
6400.0,30,1295.774194,51.032258065,1551954.407,31.0,64.0
6500.0,30,1314.933333,47.333333333,1600063.449,30.0,62.0
6600.0,30,1333.633333,50.033333333,1647714.536,30.0,64.0
6700.0,30,1351.333333,50.121212121,1693468.459,33.0,64.0
6800.0,30,1368.774194,49.967741935,1739165.375,31.0,66.0
6900.0,30,1389.21875,50.1875,1793506.896,32.0,66.0
7000.0,30,1405.354839,51.322580645,1836988.488,31.0,66.0
7100.0,30,1423.84375,51.1875,1887448.06,32.0,62.0
7200.0,30,1442.7,51.833333333,1939616.651,30.0,62.0
7300.0,30,1461.21875,49.4375,1991538.677,32.0,62.0
7400.0,30,1481.642857,52.75,2049608.833,28.0,66.0
7500.0,30,1503.65625,54.28125,2113134.822,32.0,62.0
7600.0,30,1522.794118,53.794117647,2169136.908,34.0,66.0
7700.0,30,1539.733333,54.566666667,2219326.259,30.0,62.0
7800.0,30,1555.59375,51.53125,2266814.885,32.0,64.0
7900.0,30,1575.387097,52.290322581,2326811.041,31.0,64.0
8000.0,30,1591.939394,52.303030303,2377582.399,33.0,64.0
8100.0,30,1612.535714,48.107142857,2441521.441,28.0,62.0
8200.0,30,1630.090909,46.1515151515,2496702.092,33.0,64.0
8300.0,30,1646.0625,45.21875,2547438.364,32.0,64.0
8400.0,30,1667.612903,44.483870968,2616701.932,31.0,62.0
8500.0,30,1688.212121,40.545454545,2683828.343,33.0,62.0
8600.0,30,1705.741935,42.096774194,2741543.818,31.0,64.0
8700.0,30,1724.032258,38.774193548,2802510.02,31.0,64.0
8800.0,30,1742.806452,39.193548387,2865710.462,31.0,66.0
8900.0,30,1762.264706,39.735294118,2931955.787,34.0,66.0
9000.0,30,1781.0,41.0,2996442.0,32.0,64.0
9100.0,30,1800.666667,40.5,3064924.028,30.0,60.0
9200.0,30,1819.0,38.75,3129487.562,32.0,64.0
9300.0,30,1835.966667,38.966666667,3189798.669,30.0,62.0
9400.0,30,1852.351351,39.783783784,3248574.765,37.0,68.0
9500.0,30,1870.058824,39.382352941,3312726.856,34.0,66.0
9600.0,30,1889.088235,37.823529412,3382393.804,34.0,66.0
9700.0,30,1908.275862,34.93103448,3453416.253,29.0,64.0
9800.0,30,1927.852941,35.82352941,3526532.641,34.0,64.0
9900.0,30,1946.096774,38.516129032,3595314.856,31.0,62.0
10000.0,30,1965.645161,38.967741935,3669818.095,31.0,66.0
0.0,31,50.0,50.0,0.0,37.0,64.0
100.0,31,70.82142857,52.0,437.5318878,28.0,60.0
200.0,31,91.46875,50.53125,1719.939453,32.0,66.0
300.0,31,111.56666667,51.0,3791.454444,30.0,64.0
400.0,31,132.03225806,51.677419355,6732.105099,31.0,68.0
500.0,31,150.0645161,50.322580645,10013.01145,31.0,64.0
600.0,31,167.0,50.375,13689.14062,32.0,66.0
700.0,31,187.4705882,48.764705882,18899.68858,34.0,64.0
800.0,31,208.3666667,45.7333333333,25098.20556,30.0,64.0
900.0,31,226.6896552,44.620689655,31248.17122,29.0,62.0
1000.0,31,246.0625,43.4375,38483.57031,32.0,64.0
1100.0,31,265.7333333,43.633333333,46581.40556,30.0,64.0
1200.0,31,286.0625,40.96875,55807.06738,32.0,66.0
1300.0,31,309.0,37.666666667,67233.11111,33.0,64.0
1400.0,31,328.969697,36.515151515,78005.93297,33.0,64.0
1500.0,31,343.6969697,36.212121212,86448.01561,33.0,66.0
1600.0,31,361.9032258,37.129032258,97449.28408,31.0,64.0
1700.0,31,382.4054054,39.540540541,110602.7538,37.0,66.0
1800.0,31,402.0357143,35.857142859999996,124129.1645,28.0,60.0
1900.0,31,424.5666667,36.666666667,140477.9656,30.0,64.0
2000.0,31,446.0322581,36.129032258,157033.9532,31.0,64.0
2100.0,31,462.875,37.75,170615.8281,32.0,64.0
2200.0,31,482.84375,36.3125,187541.0596,32.0,64.0
2300.0,31,501.1714286,33.62857143,203823.6816,35.0,66.0
2400.0,31,520.0625,33.6875,221224.8516,32.0,66.0
2500.0,31,535.90625,32.03125,236427.7598,32.0,66.0
2600.0,31,555.8965516999999,31.24137931,256283.2069,29.0,60.0
2700.0,31,575.3870968,31.77419355,276363.7815,31.0,64.0
2800.0,31,595.3243243,32.94594595,297669.4595,37.0,68.0
2900.0,31,614.0294118,30.91176471,318493.5381,34.0,64.0
3000.0,31,632.2,30.7,339329.33,30.0,64.0
3100.0,31,653.2058824,28.94117647,364300.8106,34.0,66.0
3200.0,31,673.1875,29.53125,388781.6299,32.0,68.0
3300.0,31,693.2580645,29.09677419,414217.8824,31.0,66.0
3400.0,31,716.3214286,28.10714286,444463.5434,28.0,64.0
3500.0,31,735.4545455,27.33333333,470361.7117,33.0,64.0
3600.0,31,754.7333333,27.03333333,497176.5389,30.0,62.0
3700.0,31,771.9333333,28.2,521662.9778,30.0,62.0
3800.0,31,790.2758621,32.17241379,548326.1748,29.0,62.0
3900.0,31,810.65625,30.53125,578976.9629,32.0,66.0
4000.0,31,829.9677419,29.67741935,608762.6857,31.0,66.0
4100.0,31,849.3333333,26.81818182,639471.1745,33.0,64.0
4200.0,31,867.3125,23.15625,668720.3096,32.0,66.0
4300.0,31,886.6896552,24.82758621,700683.2295,29.0,62.0
4400.0,31,907.7666667,25.36666667,736370.4556,30.0,62.0
4500.0,31,927.8125,21.3125,771377.7578,32.0,62.0
4600.0,31,945.4516129,22.38709677,802596.0635,31.0,64.0
4700.0,31,968.7666667,27.36666667,844644.4556,30.0,64.0
4800.0,31,987.6666667,27.2,879738.6178,30.0,66.0
4900.0,31,1006.84375,31.6875,915885.3096,32.0,66.0
5000.0,31,1026.5,30.0625,953949.7539,32.0,64.0
5100.0,31,1047.322581,33.967741939999996,994909.3632,31.0,66.0
5200.0,31,1066.806452,32.41935484,1034204.439,31.0,68.0
5300.0,31,1086.133333,30.5,1073952.534,30.0,64.0
5400.0,31,1103.032258,29.03225806,1109316.583,31.0,64.0
5500.0,31,1122.911765,30.20588235,1151531.462,34.0,64.0
5600.0,31,1142.16129,26.90322581,1193349.745,31.0,66.0
5700.0,31,1161.8125,27.4375,1236636.102,32.0,68.0
5800.0,31,1181.30303,30.57575758,1280223.848,33.0,66.0
5900.0,31,1201.066667,30.966666670000002,1325316.739,30.0,64.0
6000.0,31,1220.866667,33.7,1371194.441,30.0,62.0
6100.0,31,1242.25,31.428571429999998,1421804.96,28.0,64.0
6200.0,31,1260.090909,32.75757576,1464617.309,33.0,64.0
6300.0,31,1276.866667,33.9,1505461.028,30.0,60.0
6400.0,31,1299.517241,35.27586207,1561510.137,29.0,64.0
6500.0,31,1319.333333,34.39393939,1611450.66,33.0,66.0
6600.0,31,1339.941176,36.117647059,1664140.958,34.0,66.0
6700.0,31,1357.40625,38.1875,1709450.638,32.0,64.0
6800.0,31,1378.896552,35.55172414,1766174.798,29.0,64.0
6900.0,31,1398.484848,34.878787880000004,1818640.038,33.0,66.0
7000.0,31,1418.83871,35.645161290000004,1873925.475,31.0,66.0
7100.0,31,1437.454545,35.57575758,1925238.174,33.0,64.0
7200.0,31,1454.617647,34.705882349999996,1973184.644,34.0,68.0
7300.0,31,1474.484848,34.6969697,2029391.266,33.0,66.0
7400.0,31,1493.764706,34.08823529,2084709.71,34.0,64.0
7500.0,31,1513.212121,36.818181818,2141163.472,33.0,66.0
7600.0,31,1534.448276,39.551724138,2203695.85,29.0,62.0
7700.0,31,1552.705882,35.5,2258335.219,34.0,68.0
7800.0,31,1574.84375,34.46875,2325389.682,32.0,64.0
7900.0,31,1595.606061,35.66666667,2389103.539,33.0,64.0
8000.0,31,1611.69697,37.636363636,2439050.285,33.0,64.0
8100.0,31,1629.03125,39.03125,2493460.002,32.0,66.0
8200.0,31,1646.5,35.21428571,2549030.867,28.0,62.0
8300.0,31,1664.875,37.09375,2607987.837,32.0,64.0
8400.0,31,1686.9375,35.375,2679778.27,32.0,64.0
8500.0,31,1705.612903,36.096774194,2741247.385,31.0,62.0
8600.0,31,1725.625,31.8125,2808049.926,32.0,66.0
8700.0,31,1746.294118,33.47058824,2877686.955,34.0,66.0
8800.0,31,1763.677419,31.64516129,2937027.198,31.0,64.0
8900.0,31,1780.96875,31.625,2996590.454,32.0,66.0
9000.0,31,1798.060606,30.666666669999998,3056089.66,33.0,62.0
9100.0,31,1815.806452,28.19354839,3118547.946,31.0,62.0
9200.0,31,1835.0,29.40625,3186649.103,32.0,62.0
9300.0,31,1857.709677,30.38709677,3268198.944,31.0,64.0
9400.0,31,1878.28125,31.0,3342973.329,32.0,66.0
9500.0,31,1898.793103,26.82758621,3418572.9,29.0,66.0
9600.0,31,1918.148148,28.48148148,3490440.55,27.0,62.0
9700.0,31,1938.636364,28.84848485,3567394.701,33.0,64.0
9800.0,31,1957.3,25.16666667,3638409.984,30.0,64.0
9900.0,31,1977.322581,24.29032258,3715233.317,31.0,64.0
10000.0,31,1996.75,24.21875,3790500.235,32.0,66.0
0.0,32,50.0,50.0,0.0,37.0,64.0
100.0,32,71.06060606,46.7575757576,454.0624426,33.0,64.0
200.0,32,91.15151515,48.424242424,1695.930211,33.0,64.0
300.0,32,108.27272726999999,44.818181818,3422.561983,33.0,64.0
400.0,32,128.51724138,45.5517241379,6184.744352,29.0,62.0
500.0,32,148.7,48.966666667,9742.757778,30.0,62.0
600.0,32,166.03333329999998,46.4333333333,13476.45556,30.0,64.0
700.0,32,189.3235294,49.735294118,19411.11592,34.0,66.0
800.0,32,207.9677419,49.548387097,24954.01145,31.0,66.0
900.0,32,226.4827586,49.103448276,31146.9679,29.0,62.0
1000.0,32,244.9090909,49.575757576,37989.7337,33.0,68.0
1100.0,32,266.10344829999997,49.310344828,46701.17598,29.0,62.0
1200.0,32,286.3333333,47.233333333,55861.09889,30.0,62.0
1300.0,32,305.3714286,46.8,65224.80653,35.0,68.0
1400.0,32,325.3125,46.40625,75809.8877,32.0,64.0
1500.0,32,345.9677419,47.064516129,87605.52133,31.0,62.0
1600.0,32,366.0967742,48.612903226,99919.09469,31.0,64.0
1700.0,32,385.1666667,47.166666667,112344.7222,30.0,64.0
1800.0,32,404.28125,47.28125,125522.5957,32.0,64.0
1900.0,32,421.03125,49.28125,137664.7051,32.0,66.0
2000.0,32,442.6129032,46.7419354839,154155.5068,31.0,62.0
2100.0,32,462.8709677,47.774193548,170467.3902,31.0,62.0
2200.0,32,482.1034483,49.206896552,186714.019,29.0,66.0
2300.0,32,502.8125,52.75,205046.7227,32.0,64.0
2400.0,32,520.21875,54.71875,221127.9395,32.0,64.0
2500.0,32,537.9705882000001,57.294117650000004,238168.4991,34.0,64.0
2600.0,32,558.3333333,56.14814815,258440.5775,27.0,60.0
2700.0,32,576.2058824,60.0,276992.6306,34.0,66.0
2800.0,32,594.4516129,61.58064516,296561.6701,31.0,64.0
2900.0,32,613.0384615,61.42307692,317142.7959,26.0,64.0
3000.0,32,632.3225806,62.22580645,339249.0583,31.0,64.0
3100.0,32,651.7272727,62.45454545,362230.8264,33.0,66.0
3200.0,32,668.40625,61.78125,382565.0879,32.0,66.0
3300.0,32,686.1212121,61.03030303,404771.8641,33.0,66.0
3400.0,32,705.8064516,59.645161290000004,430175.1311,31.0,66.0
3500.0,32,727.4,60.45714286,458980.1118,35.0,66.0
3600.0,32,747.9032258,59.74193548,487163.8179,31.0,66.0
3700.0,32,763.1142857,60.74285714,508647.3935,35.0,66.0
3800.0,32,782.1290323,66.03225806,536269.9532,31.0,62.0
3900.0,32,800.4,69.45714286,563478.7404,35.0,66.0
4000.0,32,818.0,67.4,590126.76,30.0,62.0
4100.0,32,837.7272727,66.42424242,620784.0119,33.0,66.0
4200.0,32,854.0,67.2,646711.84,30.0,64.0
4300.0,32,873.1515152,66.15151515,677839.2883,33.0,66.0
4400.0,32,893.1290323,67.90322581,711187.0905,31.0,64.0
4500.0,32,912.34375,68.875,743993.0088,32.0,64.0
4600.0,32,932.5,70.0,779206.25,32.0,62.0
4700.0,32,949.6206897,70.10344828,809721.5339,29.0,64.0
4800.0,32,966.6451613,66.58064516,840513.2695,31.0,62.0
4900.0,32,984.3548387,65.93548387,873272.9043,31.0,66.0
5000.0,32,1005.4375,67.53125,913168.1611,32.0,64.0
5100.0,32,1025.8064516,64.0,952394.231,31.0,66.0
5200.0,32,1044.137931,59.44827586,988399.4958,29.0,66.0
5300.0,32,1065.393939,59.3030303,1031111.399,33.0,66.0
5400.0,32,1086.454545,59.81818182,1074334.421,33.0,64.0
5500.0,32,1106.65625,59.03125,1116603.994,32.0,64.0
5600.0,32,1123.733333,57.76666667,1152963.592,30.0,62.0
5700.0,32,1141.878788,59.84848485,1192296.28,33.0,66.0
5800.0,32,1163.242424,61.33333333,1239437.14,33.0,68.0
5900.0,32,1183.151515,62.84848485,1284197.44,33.0,66.0
6000.0,32,1202.741935,62.741935479999995,1328976.327,31.0,64.0
6100.0,32,1220.941176,59.05882353,1371185.301,34.0,66.0
6200.0,32,1238.966667,61.0,1413762.734,30.0,64.0
6300.0,32,1257.733333,64.36666667,1458826.206,30.0,62.0
6400.0,32,1277.225806,65.06451613,1506310.12,31.0,64.0
6500.0,32,1297.354839,63.41935484,1556074.173,31.0,64.0
6600.0,32,1315.787879,63.84848485,1602410.735,33.0,64.0
6700.0,32,1335.7,62.8,1653188.33,30.0,66.0
6800.0,32,1356.818182,65.93939394,1708027.825,33.0,68.0
6900.0,32,1376.2,67.93333333,1759128.044,30.0,62.0
7000.0,32,1395.034483,68.34482759,1809454.293,29.0,64.0
7100.0,32,1416.096774,70.51612903,1866641.308,31.0,62.0
7200.0,32,1436.071429,74.53571429,1921796.006,28.0,62.0
7300.0,32,1457.290323,72.51612903,1980973.028,31.0,64.0
7400.0,32,1477.655172,73.89655172,2038770.337,29.0,60.0
7500.0,32,1497.9375,71.78125,2096997.427,32.0,66.0
7600.0,32,1514.4,74.86666667,2145085.711,30.0,66.0
7700.0,32,1535.25,75.25,2206605.125,32.0,64.0
7800.0,32,1556.0,78.35483871,2268839.997,31.0,66.0
7900.0,32,1577.233333,79.8,2333329.694,30.0,62.0
8000.0,32,1595.085714,80.14285713999999,2388198.456,35.0,64.0
8100.0,32,1614.714286,81.67857143,2449334.328,28.0,64.0
8200.0,32,1635.151515,78.03030303,2513491.024,33.0,64.0
8300.0,32,1657.793103,79.31034482999999,2585857.76,29.0,62.0
8400.0,32,1677.551724,80.10344828000001,2649830.832,29.0,64.0
8500.0,32,1699.176471,84.29411765,2720959.118,34.0,66.0
8600.0,32,1718.794118,81.05882353,2785838.458,34.0,64.0
8700.0,32,1738.096774,80.22580645,2850584.318,31.0,66.0
8800.0,32,1756.533333,80.86666667,2913208.769,30.0,64.0
8900.0,32,1777.941176,77.64705882,2986545.069,34.0,64.0
9000.0,32,1797.322581,81.5483871,3054131.502,31.0,64.0
9100.0,32,1817.37931,82.03448276,3124655.835,29.0,62.0
9200.0,32,1839.290323,83.09677418999999,3202655.255,31.0,66.0
9300.0,32,1858.78125,82.5625,3272749.927,32.0,64.0
9400.0,32,1877.878788,81.45454545,3342130.252,33.0,68.0
9500.0,32,1896.352941,82.70588235,3410088.858,34.0,66.0
9600.0,32,1914.34375,80.0,3476677.618,32.0,64.0
9700.0,32,1931.393939,78.09090909,3540432.254,33.0,64.0
9800.0,32,1951.068966,79.48275862,3614932.445,29.0,62.0
9900.0,32,1967.344828,76.24137931,3676899.798,29.0,62.0
10000.0,32,1987.666667,76.06060606,3755231.266,33.0,66.0
0.0,33,50.0,50.0,0.0,37.0,64.0
100.0,33,68.11764706,48.941176471,329.3702422,34.0,64.0
200.0,33,88.5483871,48.548387097,1488.085328,31.0,64.0
300.0,33,107.16129032,48.225806452,3270.560874,31.0,62.0
400.0,33,127.66666667,46.7272727273,6042.821855,33.0,66.0
500.0,33,149.3333333,46.09090909091,9882.392103,33.0,66.0
600.0,33,169.7142857,49.071428571,14332.37245,28.0,58.0
700.0,33,188.7714286,51.742857143,19260.54694,35.0,68.0
800.0,33,209.75,53.03125,25529.25098,32.0,66.0
900.0,33,228.2,52.933333333,31763.84444,30.0,66.0
1000.0,33,245.6666667,50.266666667,38285.51556,30.0,62.0
1100.0,33,266.1428571,51.571428571,46720.20408,28.0,64.0
1200.0,33,286.2857143,49.285714286,55831.44898,28.0,66.0
1300.0,33,307.2413793,48.413793103,66175.64328,29.0,64.0
1400.0,33,328.2647059,46.9117647059,77440.78374,34.0,64.0
1500.0,33,349.78125,43.84375,89906.69727,32.0,64.0
1600.0,33,369.0967742,45.4516129032,101843.4391,31.0,64.0
1700.0,33,389.8387097,42.548387097,115545.8751,31.0,66.0
1800.0,33,409.5806452,42.64516129,129352.334,31.0,64.0
1900.0,33,429.8965517,41.620689655,144391.6029,29.0,66.0
2000.0,33,449.7,42.9,159810.5,30.0,62.0
2100.0,33,466.6774194,44.516129032,173650.1446,31.0,64.0
2200.0,33,486.6551724,44.724137931,190695.5743,29.0,62.0
2300.0,33,505.0588235,45.8823529412,207095.4879,34.0,64.0
2400.0,33,524.125,46.0625,224810.0195,32.0,64.0
2500.0,33,543.6666667,43.7,243746.4678,30.0,62.0
2600.0,33,561.7096774,45.4838709677,261867.1894,31.0,66.0
2700.0,33,580.1612903,47.096774194,281079.4225,31.0,64.0
2800.0,33,598.4242424,47.939393939,300773.3958,33.0,64.0
2900.0,33,618.7352941,45.5,323480.0848,34.0,66.0
3000.0,33,642.84375,44.0,351499.7119,32.0,66.0
3100.0,33,665.4848485,44.212121212,378855.0983,33.0,64.0
3200.0,33,684.8709677,46.4193548387,403073.9667,31.0,64.0
3300.0,33,704.4242424,47.151515152,428279.2029,33.0,66.0
3400.0,33,725.6666667,45.1666666667,456548.8056,30.0,66.0
3500.0,33,742.3030303,46.2121212121,479297.8338,33.0,68.0
3600.0,33,763.2352941,46.5,508716.8348,34.0,66.0
3700.0,33,779.3714286,45.97142857143,531998.9102,35.0,68.0
3800.0,33,799.0967742,43.032258065,561194.5265,31.0,64.0
3900.0,33,818.1290323,42.709677419,590075.359,31.0,64.0
4000.0,33,838.4242424,42.393939394,621670.6382,33.0,66.0
4100.0,33,857.5806452,40.741935484,652272.2102,31.0,62.0
4200.0,33,877.2068966,43.0,684320.2497,29.0,66.0
4300.0,33,897.7333333,39.766666667,718756.5256,30.0,60.0
4400.0,33,919.7352941,38.235294118,756577.8901,34.0,66.0
4500.0,33,937.6764706,38.441176471,788103.1228,34.0,66.0
4600.0,33,954.8787879,41.696969697,818874.5611,33.0,64.0
4700.0,33,973.7333333,43.933333333,853320.0756,30.0,62.0
4800.0,33,992.4545455,44.545454545,888250.3223,33.0,64.0
4900.0,33,1011.25,44.21875,924034.9854,32.0,66.0
5000.0,33,1029.6,45.5,959636.41,30.0,66.0
5100.0,33,1047.575758,46.696969697,995168.3021,33.0,66.0
5200.0,33,1065.193548,46.4193548387,1030630.762,31.0,64.0
5300.0,33,1085.903226,43.903225806,1073132.664,31.0,64.0
5400.0,33,1103.5,41.647058824,1109932.022,34.0,66.0
5500.0,33,1124.875,46.15625,1155371.04,32.0,62.0
5600.0,33,1143.28125,47.6875,1195269.239,32.0,64.0
5700.0,33,1161.714286,48.057142857,1235912.428,35.0,66.0
5800.0,33,1183.5,49.6875,1284822.348,32.0,66.0
5900.0,33,1203.676471,48.205882353,1330972.618,34.0,66.0
6000.0,33,1225.833333,46.8,1382594.268,30.0,66.0
6100.0,33,1248.333333,45.4666666667,1436023.329,30.0,62.0
6200.0,33,1269.258065,44.258064516,1486623.198,31.0,64.0
6300.0,33,1287.967742,44.064516129,1532599.36,31.0,66.0
6400.0,33,1307.272727,42.939393939,1580784.563,33.0,64.0
6500.0,33,1327.714286,42.464285714,1632610.583,28.0,66.0
6600.0,33,1346.1875,42.84375,1680153.247,32.0,62.0
6700.0,33,1367.75,41.964285714,1736529.635,28.0,62.0
6800.0,33,1388.233333,40.733333333,1790954.326,30.0,66.0
6900.0,33,1404.3,38.366666667,1834263.824,30.0,66.0
7000.0,33,1422.030303,40.363636364,1882560.012,33.0,64.0
7100.0,33,1439.566667,39.2,1931012.161,30.0,60.0
7200.0,33,1461.6,38.6,1992744.52,30.0,66.0
7300.0,33,1480.030303,40.121212121,2045084.258,33.0,64.0
7400.0,33,1499.828571,40.657142857,2102090.176,35.0,66.0
7500.0,33,1516.5,42.1875,2150683.285,32.0,64.0
7600.0,33,1534.4,42.566666667,2203498.614,30.0,64.0
7700.0,33,1553.15625,40.1875,2259574.997,32.0,66.0
7800.0,33,1572.705882,42.382352941,2318691.233,34.0,66.0
7900.0,33,1591.28125,45.4375,2375568.708,32.0,68.0
8000.0,33,1609.885714,45.7428571429,2433261.565,35.0,66.0
8100.0,33,1630.774194,46.5161290323,2498859.188,31.0,64.0
8200.0,33,1650.848485,48.151515152,2562719.288,33.0,66.0
8300.0,33,1670.033333,49.9,2624508.011,30.0,64.0
8400.0,33,1688.484848,50.848484848,2684633.319,33.0,62.0
8500.0,33,1705.709677,49.774193548,2741374.587,31.0,64.0
8600.0,33,1725.677419,49.322580645,2807895.273,31.0,66.0
8700.0,33,1748.78125,52.59375,2885864.463,32.0,64.0
8800.0,33,1766.212121,53.272727273,2945394.756,33.0,64.0
8900.0,33,1787.323529,53.441176471,3018304.888,34.0,64.0
9000.0,33,1809.794118,54.264705882,3096893.524,34.0,64.0
9100.0,33,1829.0,54.9375,3164865.379,32.0,66.0
9200.0,33,1846.4375,53.78125,3227201.989,32.0,64.0
9300.0,33,1865.25,56.28125,3295172.017,32.0,68.0
9400.0,33,1884.2,55.8,3364323.28,30.0,62.0
9500.0,33,1903.25,58.21875,3434603.11,32.0,66.0
9600.0,33,1921.733333,57.7,3503444.961,30.0,66.0
9700.0,33,1940.4,54.933333333,3573636.498,30.0,62.0
9800.0,33,1959.5,52.03125,3646194.376,32.0,66.0
9900.0,33,1980.59375,52.34375,3727197.721,32.0,62.0
10000.0,33,1999.066667,54.833333333,3798884.232,30.0,66.0
0.0,34,50.0,50.0,0.0,37.0,64.0
100.0,34,68.4516129,51.548387097,342.8595213,31.0,66.0
200.0,34,88.59375,50.84375,1490.189453,32.0,64.0
300.0,34,109.53125,53.125,3553.735352,32.0,66.0
400.0,34,129.37931034000002,54.620689655,6322.425684,29.0,64.0
500.0,34,150.25,54.25,10068.125,32.0,64.0
600.0,34,171.4545455,55.727272727,14784.00826,33.0,66.0
700.0,34,190.3793103,54.551724138,19727.06897,29.0,62.0
800.0,34,210.3529412,53.382352941,25724.50606,34.0,66.0
900.0,34,227.7096774,55.225806452,31608.0385,31.0,64.0
1000.0,34,247.7666667,54.066666667,39128.19222,30.0,62.0
1100.0,34,269.3611111,57.02777778,48168.68673,36.0,66.0
1200.0,34,289.7142857,56.0,57498.93878,28.0,62.0
1300.0,34,309.5625,57.40625,67427.54395,32.0,66.0
1400.0,34,326.1875,55.96875,76315.16113,32.0,66.0
1500.0,34,346.7096774,56.87096774,88083.84287,31.0,62.0
1600.0,34,365.3,54.833333333,99437.45111,30.0,62.0
1700.0,34,386.1612903,56.67741935,113049.001,31.0,64.0
1800.0,34,408.6774194,57.645161290000004,128707.9396,31.0,64.0
1900.0,34,424.7941176,60.82352941,140587.7794,34.0,66.0
2000.0,34,445.0,60.46666667,156134.5511,30.0,64.0
2100.0,34,465.3870968,60.06451613,172647.7347,31.0,64.0
2200.0,34,485.0322581,57.25806452,189305.7451,31.0,66.0
2300.0,34,501.6470588,60.17647059,204088.6263,34.0,66.0
2400.0,34,522.1935484,61.41935484,223097.1488,31.0,64.0
2500.0,34,542.5483871,56.806451609999996,242650.2414,31.0,64.0
2600.0,34,560.0967742,56.32258065,260238.6941,31.0,64.0
2700.0,34,581.4117647,55.647058824,282430.3529,34.0,66.0
2800.0,34,601.8709677,51.870967742,304565.0656,31.0,64.0
2900.0,34,622.0,51.709677419,327186.923,31.0,66.0
3000.0,34,640.9375,53.5,349219.3789,32.0,64.0
3100.0,34,659.2758621,51.310344828,371218.7931,29.0,62.0
3200.0,34,677.5714286,56.28571429,393885.4082,28.0,64.0
3300.0,34,696.5862069,55.551724138,418104.5446,29.0,64.0
3400.0,34,715.9,57.03333333,443472.2778,30.0,66.0
3500.0,34,736.03125,54.78125,470661.7363,32.0,64.0
3600.0,34,754.8709677,52.548387097,496849.5754,31.0,62.0
3700.0,34,775.6363636,53.727272727,526562.0248,33.0,66.0
3800.0,34,795.40625,52.5625,555637.0439,32.0,64.0
3900.0,34,814.8666667,51.733333333,585024.0222,30.0,64.0
4000.0,34,833.3928571,51.071428571,613705.5166,28.0,62.0
4100.0,34,850.625,52.09375,641004.7744,32.0,64.0
4200.0,34,872.2580645,53.35483871,676119.5796,31.0,66.0
4300.0,34,891.0909091,50.0,707433.9174,33.0,66.0
4400.0,34,908.8666667,51.066666667,737653.0889,30.0,64.0
4500.0,34,928.7096774,50.774193548,772131.2966,31.0,64.0
4600.0,34,948.1944444,50.611111111,806753.6335,36.0,68.0
4700.0,34,970.0,46.5,846412.25,32.0,66.0
4800.0,34,988.969697,48.060606061,881667.8531,33.0,66.0
4900.0,34,1005.6764706,50.617647059,913317.8979,34.0,66.0
5000.0,34,1025.8928571000001,55.535714286,952397.5128,28.0,60.0
5100.0,34,1047.5,56.44117647,995047.7388,34.0,66.0
5200.0,34,1063.625,56.03125,1027472.017,32.0,68.0
5300.0,34,1082.735294,55.088235294,1066568.078,34.0,64.0
5400.0,34,1104.066667,53.833333333,1111071.232,30.0,64.0
5500.0,34,1120.366667,57.23333333,1145737.122,30.0,64.0
5600.0,34,1139.424242,58.3030303,1186914.12,33.0,64.0
5700.0,34,1160.3125,58.34375,1232863.466,32.0,64.0
5800.0,34,1180.090909,59.84848485,1277202.455,33.0,64.0
5900.0,34,1201.333333,61.18181818,1325693.478,33.0,66.0
6000.0,34,1222.517241,60.93103448,1374916.169,29.0,66.0
6100.0,34,1240.8,62.28571429,1418155.579,35.0,66.0
6200.0,34,1258.606061,64.78787879000001,1460947.291,33.0,68.0
6300.0,34,1276.25,64.4375,1503897.504,32.0,66.0
6400.0,34,1295.558824,64.32352940999999,1551621.946,34.0,66.0
6500.0,34,1314.764706,66.94117647,1599916.765,34.0,66.0
6600.0,34,1332.655172,65.20689655,1645435.541,29.0,66.0
6700.0,34,1352.074074,64.03703704,1695593.933,27.0,60.0
6800.0,34,1373.727273,65.33333333,1752489.004,33.0,68.0
6900.0,34,1392.354839,64.48387097,1802126.296,31.0,60.0
7000.0,34,1412.034483,66.24137931,1855401.715,29.0,62.0
7100.0,34,1432.4,68.23333333,1911362.214,30.0,64.0
7200.0,34,1451.625,68.0,1964876.641,32.0,66.0
7300.0,34,1468.0625,66.375,2011169.395,32.0,66.0
7400.0,34,1488.78125,66.71875,2070371.002,32.0,62.0
7500.0,34,1511.107143,66.71428571,2135113.45,28.0,60.0
7600.0,34,1532.322581,67.35483871,2197581.424,31.0,64.0
7700.0,34,1549.931034,66.79310345,2250075.117,29.0,64.0
7800.0,34,1568.7,66.23333333,2306713.211,30.0,62.0
7900.0,34,1588.636364,69.42424242,2367779.161,33.0,64.0
8000.0,34,1607.911765,72.0,2427573.067,34.0,64.0
8100.0,34,1629.545455,74.33333333,2495555.954,33.0,66.0
8200.0,34,1651.176471,78.47058824,2564576.664,34.0,68.0
8300.0,34,1668.933333,77.26666667,2621688.609,30.0,64.0
8400.0,34,1687.235294,77.14705882,2681276.371,34.0,66.0
8500.0,34,1707.90625,80.40625,2749577.674,32.0,64.0
8600.0,34,1726.424242,77.60606061,2811160.335,33.0,68.0
8700.0,34,1746.529412,77.64705882,2878976.405,34.0,68.0
8800.0,34,1768.71875,79.75,2954879.204,32.0,62.0
8900.0,34,1790.545455,84.27272726999999,3030673.099,33.0,64.0
9000.0,34,1812.65625,83.46875,3108077.213,32.0,64.0
9100.0,34,1833.870968,85.74193548,3183473.116,31.0,64.0
9200.0,34,1855.5,84.32352940999999,3261008.355,34.0,68.0
9300.0,34,1876.258065,82.83870968,3336296.899,31.0,64.0
9400.0,34,1896.125,81.25,3409154.078,32.0,66.0
9500.0,34,1915.03125,81.3125,3479322.036,32.0,64.0
9600.0,34,1934.636364,79.60606061,3552730.742,33.0,64.0
9700.0,34,1955.133333,79.06666666999999,3630377.889,30.0,66.0
9800.0,34,1977.0,80.71875,3714272.642,32.0,68.0
9900.0,34,1996.0,79.78787879000001,3787803.318,33.0,66.0
10000.0,34,2018.741935,78.19354838999999,3876739.685,31.0,64.0
0.0,35,50.0,50.0,0.0,37.0,64.0
100.0,35,72.5,53.0,515.25,28.0,60.0
200.0,35,92.17241379000001,51.310344828,1780.229489,29.0,64.0
300.0,35,113.16129032,51.64516129,3992.055151,31.0,64.0
400.0,35,135.37931034000002,53.724137931,7303.495838,29.0,64.0
500.0,35,156.5625,52.84375,11363.65332,32.0,66.0
600.0,35,173.8709677,53.290322581,15354.84287,31.0,64.0
700.0,35,192.2121212,52.787878788,20232.05969,33.0,66.0
800.0,35,209.6774194,48.129032258,25500.37877,31.0,64.0
900.0,35,229.1612903,48.064516129,32102.51405,31.0,62.0
1000.0,35,249.0,42.9,39651.41,30.0,64.0
1100.0,35,268.0,40.096774194,47622.07388,31.0,66.0
1200.0,35,285.8666667,40.633333333,55720.81889,30.0,64.0
1300.0,35,304.969697,40.575757576,65098.36272,33.0,64.0
1400.0,35,324.9666667,38.933333333,75729.13889,30.0,64.0
1500.0,35,346.2727273,41.363636364,87852.1157,33.0,66.0
1600.0,35,365.5151515,44.393939394,99581.23875,33.0,64.0
1700.0,35,385.4516129,46.09677419355,112543.0198,31.0,60.0
1800.0,35,404.375,40.28125,125676.0947,32.0,64.0
1900.0,35,422.8,39.8,139083.88,30.0,64.0
2000.0,35,439.96875,39.28125,152190.5176,32.0,64.0
2100.0,35,458.84375,40.8125,167237.6221,32.0,66.0
2200.0,35,476.5806452,37.741935484,182121.307,31.0,62.0
2300.0,35,494.46875,41.5625,197623.6611,32.0,68.0
2400.0,35,514.96875,45.0625,216220.3174,32.0,64.0
2500.0,35,534.9677419,43.322580645,235238.2986,31.0,64.0
2600.0,35,551.1290323000001,42.870967742,251181.1301,31.0,62.0
2700.0,35,570.6875,41.0625,271195.3516,32.0,66.0
2800.0,35,592.71875,39.34375,294657.1973,32.0,66.0
2900.0,35,610.1785714,40.214285714,313895.7921,28.0,60.0
3000.0,35,629.2857143,43.392857143,335615.5931,28.0,62.0
3100.0,35,650.1428571,44.642857143,360200.148,28.0,64.0
3200.0,35,672.5806452,43.129032258,387653.8699,31.0,64.0
3300.0,35,692.8387097,43.967741935,413277.9948,31.0,64.0
3400.0,35,712.9666667,42.833333333,439576.1622,30.0,64.0
3500.0,35,733.71875,38.875,467595.0947,32.0,66.0
3600.0,35,752.4242424,40.96969697,493481.3627,33.0,64.0
3700.0,35,772.9,43.333333333,522628.8544,30.0,66.0
3800.0,35,790.6774194,41.451612903,548676.1145,31.0,64.0
3900.0,35,811.8181818,39.545454545,580476.2397,33.0,64.0
4000.0,35,828.4571429,41.085714286,606074.9878,35.0,66.0
4100.0,35,847.8125,42.1875,636565.8203,32.0,66.0
4200.0,35,865.9285714,43.214285714,665785.4796,28.0,60.0
4300.0,35,883.9354839,40.870967742,695531.7305,31.0,64.0
4400.0,35,905.6551724,41.793103448,732213.1272,29.0,64.0
4500.0,35,926.3529412,38.852941176,768118.7344,34.0,64.0
4600.0,35,944.5,37.4,800289.01,30.0,60.0
4700.0,35,963.8275862,35.89655172,835279.7646,29.0,60.0
4800.0,35,982.5294118,32.73529412,869909.1739,34.0,64.0
4900.0,35,1000.7142857,36.321428571,904044.7564,28.0,62.0
5000.0,35,1019.7272727,39.121212121,940489.3315,33.0,66.0
5100.0,35,1036.75,39.035714286,973795.7781,28.0,62.0
5200.0,35,1055.066667,38.266666667,1010296.676,30.0,62.0
5300.0,35,1079.064516,41.935483871,1059038.815,31.0,62.0
5400.0,35,1099.484848,42.96969697,1101467.872,33.0,64.0
5500.0,35,1117.757576,41.363636364,1140180.827,33.0,64.0
5600.0,35,1134.645161,41.516129032,1176527.102,31.0,64.0
5700.0,35,1156.352941,42.647058824,1224070.896,34.0,66.0
5800.0,35,1176.870968,40.838709677,1269922.107,31.0,62.0
5900.0,35,1198.714286,40.607142857,1319632.736,28.0,64.0
6000.0,35,1217.057143,39.714285714,1362128.171,35.0,68.0
6100.0,35,1233.3,39.3,1400313.38,30.0,60.0
6200.0,35,1251.060606,37.333333333,1442707.024,33.0,68.0
6300.0,35,1271.484848,38.818181818,1492150.268,33.0,66.0
6400.0,35,1290.34375,39.3125,1538566.841,32.0,66.0
6500.0,35,1308.580645,38.258064516,1584163.113,31.0,62.0
6600.0,35,1328.8,35.066666670000004,1635552.444,30.0,62.0
6700.0,35,1349.9375,35.90625,1690036.138,32.0,64.0
6800.0,35,1369.0625,34.0,1740181.879,32.0,66.0
6900.0,35,1388.689655,36.896551724,1792261.693,29.0,66.0
7000.0,35,1407.59375,35.90625,1843259.424,32.0,64.0
7100.0,35,1424.4,38.533333333,1889106.844,30.0,66.0
7200.0,35,1443.870968,35.22580645,1943094.552,31.0,64.0
7300.0,35,1462.09375,37.625,1994161.899,32.0,64.0
7400.0,35,1482.060606,32.63636364,2051099.075,33.0,66.0
7500.0,35,1504.548387,37.516129032,2115866.857,31.0,62.0
7600.0,35,1527.272727,38.848484848,2182459.067,33.0,66.0
7700.0,35,1546.28125,41.1875,2238935.239,32.0,64.0
7800.0,35,1565.909091,38.060606061,2298122.921,33.0,64.0
7900.0,35,1587.483871,39.548387097,2363965.89,31.0,64.0
8000.0,35,1606.857143,41.057142857,2423884.138,35.0,66.0
8100.0,35,1626.647059,43.235294118,2485861.709,34.0,66.0
8200.0,35,1644.0,42.870967742,2540886.823,31.0,66.0
8300.0,35,1660.068966,43.068965517,2592370.113,29.0,64.0
8400.0,35,1679.413793,43.655172414,2655029.566,29.0,62.0
8500.0,35,1697.870968,45.8064516129,2715496.312,31.0,64.0
8600.0,35,1719.30303,46.1515151515,2786587.418,33.0,64.0
8700.0,35,1739.241379,44.103448276,2853571.207,29.0,66.0
8800.0,35,1756.09375,43.75,2910794.946,32.0,62.0
8900.0,35,1774.484848,44.878787879,2973874.219,33.0,66.0
9000.0,35,1793.16129,45.8064516129,3038628.87,31.0,68.0
9100.0,35,1812.483871,46.9032258065,3106358.985,31.0,64.0
9200.0,35,1829.9375,46.5625,3168189.32,32.0,66.0
9300.0,35,1851.064516,44.322580645,3243865.624,31.0,66.0
9400.0,35,1868.5,43.03125,3306990.813,32.0,64.0
9500.0,35,1886.137931,44.896551724,3371428.547,29.0,62.0
9600.0,35,1904.914286,46.8857142857,3440716.706,35.0,66.0
9700.0,35,1926.689655,46.6551724138,3521975.25,29.0,66.0
9800.0,35,1945.212121,48.727272727,3591830.604,33.0,66.0
9900.0,35,1964.806452,48.096774194,3666487.369,31.0,64.0
10000.0,35,1982.78125,46.0,3735659.36,32.0,66.0
0.0,36,50.0,50.0,0.0,37.0,64.0
100.0,36,70.0,48.78125,401.4853516,32.0,62.0
200.0,36,90.61290323,46.4516129032,1661.998959,31.0,64.0
300.0,36,108.51515152,44.333333333,3456.134068,33.0,66.0
400.0,36,127.25806452,45.90322580645,5985.592092,31.0,66.0
500.0,36,151.0357143,47.607142857,10213.94133,28.0,62.0
600.0,36,171.43333330000002,48.0,14750.05444,30.0,66.0
700.0,36,189.9117647,47.970588235,19579.42042,34.0,64.0
800.0,36,206.8529412,49.676470588,24602.94983,34.0,64.0
900.0,36,226.7647059,49.235294118,31246.34602,34.0,64.0
1000.0,36,247.4375,47.5,38987.81641,32.0,66.0
1100.0,36,264.43333329999996,49.0,45982.65444,30.0,60.0
1200.0,36,284.6129032,47.451612903,55049.70864,31.0,62.0
1300.0,36,305.9354839,43.548387097,65544.59521,31.0,66.0
1400.0,36,326.3125,45.96875,76364.84863,32.0,64.0
1500.0,36,348.4516129,47.064516129,89081.98231,31.0,64.0
1600.0,36,368.3666667,45.4666666667,101377.8856,30.0,62.0
1700.0,36,387.9285714,48.142857143,114199.1684,28.0,64.0
1800.0,36,408.1212121,47.393939394,128257.5941,33.0,66.0
1900.0,36,428.625,46.0,143372.8906,32.0,64.0
2000.0,36,448.4411765,44.205882353,158788.9429,34.0,66.0
2100.0,36,465.09375,45.0,172327.8213,32.0,64.0
2200.0,36,483.4516129,46.5483870968,187892.2144,31.0,62.0
2300.0,36,504.6666667,46.9090909091,206731.3315,33.0,66.0
2400.0,36,522.6774194,50.064516129,223423.9469,31.0,64.0
2500.0,36,545.59375,49.0,245614.165,32.0,62.0
2600.0,36,562.1935484,46.3870967742,262355.2841,31.0,62.0
2700.0,36,577.0967742,45.5483870968,277850.8262,31.0,62.0
2800.0,36,596.7333333,46.2,298931.7778,30.0,66.0
2900.0,36,616.0,46.1034482759,320371.1831,29.0,62.0
3000.0,36,633.3529412,44.794117647,340327.7552,34.0,66.0
3100.0,36,653.0689655,43.034482759,363740.6956,29.0,64.0
3200.0,36,672.4642857,44.357142857,387493.6288,28.0,62.0
3300.0,36,691.3225806,44.322580645,411326.8855,31.0,66.0
3400.0,36,711.28125,46.15625,437307.666,32.0,64.0
3500.0,36,731.0882353,45.5,463901.4343,34.0,66.0
3600.0,36,752.2333333,49.733333333,493131.7256,30.0,60.0
3700.0,36,769.875,46.5625,518231.832,32.0,62.0
3800.0,36,789.0909091,47.484848485,546261.6979,33.0,62.0
3900.0,36,810.46875,47.125,578320.9854,32.0,66.0
4000.0,36,830.1935484,47.967741935,608706.103,31.0,64.0
4100.0,36,847.4375,49.875,635906.582,32.0,64.0
4200.0,36,868.9666667,51.866666667,670709.8856,30.0,64.0
4300.0,36,889.0357143,49.321428571,703981.3903,28.0,62.0
4400.0,36,911.6071429,48.428571429,742369.338,28.0,64.0
4500.0,36,932.1875,44.25,778287.8477,32.0,62.0
4600.0,36,952.4375,44.65625,814421.9971,32.0,66.0
4700.0,36,970.6470588,44.352941176,847622.8962,34.0,64.0
4800.0,36,990.1333333,43.233333333,883896.4722,30.0,62.0
4900.0,36,1008.8064516,40.322580645,919403.4641,31.0,64.0
5000.0,36,1025.3235294,41.617647059,951326.2509,34.0,66.0
5100.0,36,1044.9655172,41.0,990037.3805,29.0,64.0
5200.0,36,1061.363636,44.757575758,1022883.888,33.0,64.0
5300.0,36,1082.0625,42.75,1065205.566,32.0,64.0
5400.0,36,1099.482759,43.862068966,1101451.735,29.0,62.0
5500.0,36,1118.4375,43.1875,1141605.102,32.0,66.0
5600.0,36,1138.84375,43.0625,1185628.841,32.0,64.0
5700.0,36,1155.647059,41.323529412,1222530.7,34.0,66.0
5800.0,36,1174.0,41.068965517,1263455.763,29.0,64.0
5900.0,36,1194.0,41.379310345,1308810.316,29.0,60.0
6000.0,36,1213.6,39.2,1354081.6,30.0,64.0
6100.0,36,1232.939394,42.151515152,1399407.208,33.0,68.0
6200.0,36,1255.096774,45.8709677419,1452275.284,31.0,62.0
6300.0,36,1276.454545,47.454545455,1504197.231,33.0,66.0
6400.0,36,1295.3125,46.28125,1550817.052,32.0,66.0
6500.0,36,1313.548387,45.7419354839,1596572.658,31.0,62.0
6600.0,36,1332.5,45.96875,1644822.501,32.0,66.0
6700.0,36,1352.30303,44.909090909,1696019.1,33.0,66.0
6800.0,36,1369.354839,46.2258064516,1740711.435,31.0,64.0
6900.0,36,1388.333333,46.06060606061,1791151.63,33.0,64.0
7000.0,36,1405.034483,44.551724138,1836148.133,29.0,62.0
7100.0,36,1423.032258,45.0,1885242.582,31.0,66.0
7200.0,36,1444.75,45.34375,1945349.243,32.0,64.0
7300.0,36,1466.233333,46.3666666667,2005730.056,30.0,64.0
7400.0,36,1486.71875,46.84375,2064170.729,32.0,64.0
7500.0,36,1502.125,46.125,2108682.031,32.0,64.0
7600.0,36,1523.678571,49.142857143,2171729.267,28.0,64.0
7700.0,36,1542.419355,51.967741935,2227319.403,31.0,62.0
7800.0,36,1561.096774,50.677419355,2283413.92,31.0,64.0
7900.0,36,1581.757576,47.636363636,2346286.858,33.0,68.0
8000.0,36,1598.757576,45.1212121212,2398673.831,33.0,66.0
8100.0,36,1616.096774,45.93548387097,2452675.626,31.0,64.0
8200.0,36,1639.354839,48.548387097,2526050.911,31.0,64.0
8300.0,36,1659.6875,47.5,2591100.098,32.0,66.0
8400.0,36,1679.107143,48.0,2653994.083,28.0,60.0
8500.0,36,1699.060606,50.303030303,2719400.974,33.0,64.0
8600.0,36,1716.806452,50.709677419,2778244.251,31.0,60.0
8700.0,36,1733.625,50.84375,2834593.853,32.0,60.0
8800.0,36,1750.46875,50.84375,2891594.682,32.0,64.0
8900.0,36,1769.064516,48.677419355,2955184.56,31.0,62.0
9000.0,36,1786.290323,50.806451613,3014704.735,31.0,66.0
9100.0,36,1803.212121,48.939393939,3073753.867,33.0,64.0
9200.0,36,1821.823529,51.5,3139360.869,34.0,64.0
9300.0,36,1843.4,51.533333333,3216285.911,30.0,64.0
9400.0,36,1863.827586,50.448275862,3289970.713,29.0,62.0
9500.0,36,1882.090909,46.6363636364,3356568.413,33.0,64.0
9600.0,36,1901.264706,47.617647059,3427186.687,34.0,66.0
9700.0,36,1920.5,46.1333333333,3498785.201,30.0,68.0
9800.0,36,1939.25,50.25,3569265.625,32.0,66.0
9900.0,36,1959.741935,51.935483871,3647118.006,31.0,62.0
10000.0,36,1979.870968,53.774193548,3724416.197,31.0,64.0
0.0,37,50.0,50.0,0.0,37.0,64.0
100.0,37,67.875,49.625,319.65625,32.0,64.0
200.0,37,87.87096774,48.322580645,1437.023933,31.0,64.0
300.0,37,109.20689655000001,49.620689655,3505.600476,29.0,62.0
400.0,37,127.1875,45.8125,5975.445312,32.0,64.0
500.0,37,145.20689655,49.620689655,9064.497027,29.0,66.0
600.0,37,165.6875,51.3125,13385.32031,32.0,64.0
700.0,37,186.0,49.34375,18496.43066,32.0,64.0
800.0,37,205.3225806,53.35483871,24136.359,31.0,64.0
900.0,37,223.2058824,48.235294118,30003.39187,34.0,64.0
1000.0,37,242.3823529,51.029411765,37012.02941,34.0,66.0
1100.0,37,261.8857143,50.628571429,44895.95102,35.0,66.0
1200.0,37,280.6875,50.84375,53217.43457,32.0,66.0
1300.0,37,299.625,53.65625,62326.00879,32.0,62.0
1400.0,37,319.8484848,55.181818182,72845.05601,33.0,66.0
1500.0,37,336.0344828,58.03448276,81880.27824,29.0,60.0
1600.0,37,355.7647059,60.82352941,93609.20415,34.0,66.0
1700.0,37,374.4705882,58.58823529,105354.9204,34.0,68.0
1800.0,37,393.0,57.90322581,117711.461,31.0,64.0
1900.0,37,413.0625,60.40625,131922.6689,32.0,66.0
2000.0,37,435.5517241,61.34482759,148778.8371,29.0,60.0
2100.0,37,453.5142857,62.485714290000004,162979.6718,35.0,66.0
2200.0,37,468.2333333,62.9,175085.5311,30.0,64.0
2300.0,37,487.7096774,63.32258065,191767.2529,31.0,64.0
2400.0,37,507.1612903,61.83870968,209136.6004,31.0,64.0
2500.0,37,523.9032258,60.354838709999996,224691.4901,31.0,62.0
2600.0,37,544.1612903,59.77419355,244290.9157,31.0,66.0
2700.0,37,559.96875,66.65625,260345.5566,32.0,64.0
2800.0,37,579.09375,67.34375,280241.002,32.0,68.0
2900.0,37,599.9032258,63.4516129,302574.5036,31.0,64.0
3000.0,37,619.5454545,65.45454545,324620.8678,33.0,66.0
3100.0,37,642.375,67.84375,351226.54,32.0,66.0
3200.0,37,658.8125,66.09375,370911.6689,32.0,66.0
3300.0,37,677.2758621,64.41379309999999,393682.7646,29.0,64.0
3400.0,37,701.0606061,63.272727270000004,424056.0781,33.0,66.0
3500.0,37,718.9333333,58.9,447551.0144,30.0,64.0
3600.0,37,737.8529412,59.67647059,473235.3028,34.0,68.0
3700.0,37,756.8181818,60.54545455,499703.1488,33.0,66.0
3800.0,37,776.3333333,59.9,527658.1211,30.0,60.0
3900.0,37,794.4516129,55.838709677,554242.2945,31.0,62.0
4000.0,37,815.9655172,57.44827586,586758.6504,29.0,64.0
4100.0,37,832.2258065,55.096774194,611903.1894,31.0,64.0
4200.0,37,852.4,51.633333333,643848.4278,30.0,66.0
4300.0,37,871.2285714,54.914285714,674440.5167,35.0,68.0
4400.0,37,890.483871,53.290322581,706423.9636,31.0,66.0
4500.0,37,909.4516129,54.838709677,738680.488,31.0,64.0
4600.0,37,928.5,56.03333333,771798.6511,30.0,62.0
4700.0,37,947.875,53.375,806190.9062,32.0,64.0
4800.0,37,966.78125,50.46875,840488.0801,32.0,66.0
4900.0,37,986.375,52.65625,876805.1963,32.0,62.0
5000.0,37,1005.1428571,51.085714286,912299.0563,35.0,64.0
5100.0,37,1021.1612903,51.096774194,943155.4547,31.0,64.0
5200.0,37,1042.0,51.774193548,984067.1478,31.0,64.0
5300.0,37,1060.7666669999999,51.433333333,1021651.309,30.0,62.0
5400.0,37,1078.4,51.028571429,1057607.618,35.0,64.0
5500.0,37,1095.970588,52.294117647,1094059.734,34.0,64.0
5600.0,37,1114.892857,50.035714286,1133996.798,28.0,58.0
5700.0,37,1134.103448,53.689655172,1175293.9,29.0,62.0
5800.0,37,1155.258065,51.741935484,1221598.424,31.0,64.0
5900.0,37,1175.71875,47.75,1267247.767,32.0,66.0
6000.0,37,1197.296296,50.296296296,1316288.879,27.0,60.0
6100.0,37,1217.606061,49.303030303,1363304.399,33.0,64.0
6200.0,37,1238.6875,50.875,1412978.738,32.0,68.0
6300.0,37,1261.40625,49.78125,1467505.15,32.0,64.0
6400.0,37,1280.606061,54.151515152,1514408.511,33.0,66.0
6500.0,37,1298.766667,52.866666667,1559426.406,30.0,66.0
6600.0,37,1318.933333,48.133333333,1610195.289,30.0,64.0
6700.0,37,1337.137931,46.8965517241,1656733.685,29.0,62.0
6800.0,37,1354.84375,46.96875,1702626.4,32.0,66.0
6900.0,37,1372.333333,47.666666667,1748570.889,33.0,64.0
7000.0,37,1391.84375,49.90625,1800544.658,32.0,64.0
7100.0,37,1410.8,51.466666667,1851778.791,30.0,64.0
7200.0,37,1432.419355,49.419354839,1911083.61,31.0,68.0
7300.0,37,1453.1875,49.21875,1968935.771,32.0,64.0
7400.0,37,1474.818182,47.939393939,2030111.097,33.0,66.0
7500.0,37,1496.647059,48.882352941,2092788.962,34.0,64.0
7600.0,37,1513.371429,49.057142857,2141456.827,35.0,68.0
7700.0,37,1530.0,51.0,2190401.0,33.0,64.0
7800.0,37,1547.709677,51.64516129,2243136.984,31.0,66.0
7900.0,37,1569.387097,49.741935484,2308537.216,31.0,64.0
8000.0,37,1587.833333,50.633333333,2364931.762,30.0,64.0
8100.0,37,1606.375,51.4375,2422305.207,32.0,66.0
8200.0,37,1624.193548,51.967741935,2478089.2,31.0,62.0
8300.0,37,1646.058824,48.264705882,2547406.779,34.0,66.0
8400.0,37,1665.823529,48.5,2610887.928,34.0,64.0
8500.0,37,1688.290323,46.1935483871,2684009.67,31.0,60.0
8600.0,37,1709.1875,46.6875,2752914.133,32.0,64.0
8700.0,37,1727.875,48.3125,2815267.363,32.0,64.0
8800.0,37,1746.606061,46.3636363636,2878485.348,33.0,64.0
8900.0,37,1765.16129,46.1935483871,2941792.741,31.0,64.0
9000.0,37,1782.84375,48.75,3002749.024,32.0,64.0
9100.0,37,1801.666667,48.481481481,3068338.417,27.0,62.0
9200.0,37,1820.636364,49.090909091,3135153.959,33.0,66.0
9300.0,37,1839.16129,48.032258065,3201101.995,31.0,64.0
9400.0,37,1859.633333,47.733333333,3274777.939,30.0,62.0
9500.0,37,1877.6,49.933333333,3340121.764,30.0,66.0
9600.0,37,1897.066667,49.5,3411655.521,30.0,62.0
9700.0,37,1915.483871,52.35483871,3480035.618,31.0,64.0
9800.0,37,1933.2,52.7,3546449.53,30.0,64.0
9900.0,37,1951.666667,56.81818182,3616382.599,33.0,64.0
10000.0,37,1969.571429,55.714285714,3684787.122,28.0,62.0
0.0,38,50.0,50.0,0.0,37.0,64.0
100.0,38,69.90909091,49.848484848,396.3948577,33.0,64.0
200.0,38,90.96774194,48.0,1682.355879,31.0,66.0
300.0,38,108.96551724,47.379310345,3483.800238,29.0,62.0
400.0,38,128.68965516999998,47.206896552,6199.863258,29.0,62.0
500.0,38,146.24242420000002,42.96969697,9312.029385,33.0,64.0
600.0,38,167.9677419,41.258064516,13992.80957,31.0,68.0
700.0,38,185.5769231,41.884615385000004,18446.96154,26.0,62.0
800.0,38,204.03125,44.09375,23760.50977,32.0,64.0
900.0,38,224.1515152,45.6666666667,30347.52801,33.0,66.0
1000.0,38,244.7575758,46.5757575758,37942.23875,33.0,66.0
1100.0,38,263.72727269999996,43.575757576,45720.618,33.0,66.0
1200.0,38,280.0,43.161290323,52946.76795,31.0,62.0
1300.0,38,300.6,41.6,62870.92,30.0,62.0
1400.0,38,319.1875,41.75,72529.97266,32.0,62.0
1500.0,38,339.3125,40.46875,83792.56738,32.0,66.0
1600.0,38,359.76,38.16,96091.4432,25.0,60.0
1700.0,38,379.8,38.633333333,108897.2411,30.0,64.0
1800.0,38,399.9655172,41.206896552,122553.1819,29.0,64.0
1900.0,38,416.8965517,39.448275862,134724.4185,29.0,64.0
2000.0,38,435.0606061,42.636363636,148325.8935,33.0,64.0
2100.0,38,450.7575758,42.393939394,160664.4867,33.0,66.0
2200.0,38,470.3939394,42.272727273,176790.775,33.0,64.0
2300.0,38,489.84375,44.1875,193496.3096,32.0,66.0
2400.0,38,510.0,44.516129032,211630.0728,31.0,64.0
2500.0,38,530.0294117999999,47.323529412,230435.3997,34.0,64.0
2600.0,38,551.71875,52.4375,251727.6455,32.0,64.0
2700.0,38,575.0344828,52.862068966,275669.3995,29.0,62.0
2800.0,38,591.7142857,53.071428571,293463.801,28.0,60.0
2900.0,38,608.6896552,51.931034483,312137.8597,29.0,62.0
3000.0,38,628.65625,51.125,334844.3213,32.0,64.0
3100.0,38,648.5,52.71875,358209.6416,32.0,64.0
3200.0,38,665.0,51.633333333,378227.6678,30.0,62.0
3300.0,38,680.8125,51.25,397925.9727,32.0,64.0
3400.0,38,698.21875,50.21875,420187.5957,32.0,66.0
3500.0,38,718.0967742,46.8709677419,446363.0905,31.0,62.0
3600.0,38,737.5151515,46.2424242424,472691.2029,33.0,64.0
3700.0,38,759.6451613,46.0,503612.2549,31.0,66.0
3800.0,38,778.3333333,44.272727273,530502.2461,33.0,66.0
3900.0,38,799.28125,44.65625,561450.9473,32.0,64.0
4000.0,38,818.9393939,42.484848485,591324.2691,33.0,64.0
4100.0,38,838.1515152,41.424242424,621256.3545,33.0,66.0
4200.0,38,857.2903226,41.193548387,651795.2185,31.0,68.0
4300.0,38,875.7941176,38.735294118,682062.8183,34.0,64.0
4400.0,38,894.7096774,35.74193548,713737.7315,31.0,64.0
4500.0,38,915.75,34.82142857,749753.4515,28.0,64.0
4600.0,38,934.9677419,34.70967742,783401.6982,31.0,64.0
4700.0,38,954.5333333,33.83333333,818441.9122,30.0,64.0
4800.0,38,973.9117647,36.411764706,853797.5891,34.0,64.0
4900.0,38,993.4242424,39.03030303,890169.6354,33.0,64.0
5000.0,38,1014.2258065,41.096774194,929810.6733,31.0,62.0
5100.0,38,1035.9411765,40.970588235,972161.5337,34.0,66.0
5200.0,38,1056.034483,41.137931034,1012183.917,29.0,62.0
5300.0,38,1075.066667,39.266666667,1050876.876,30.0,62.0
5400.0,38,1091.65625,39.71875,1085153.447,32.0,66.0
5500.0,38,1108.689655,38.586206897,1120954.061,29.0,66.0
5600.0,38,1130.129032,34.93548387,1166905.666,31.0,62.0
5700.0,38,1148.172414,39.551724138,1206091.817,29.0,60.0
5800.0,38,1168.878788,37.666666667,1252041.853,33.0,64.0
5900.0,38,1186.575758,37.696969697,1291955.817,33.0,66.0
6000.0,38,1206.645161,39.387096774,1337940.663,31.0,64.0
6100.0,38,1226.533333,40.166666667,1384327.379,30.0,62.0
6200.0,38,1244.911765,37.529411765,1427969.641,34.0,66.0
6300.0,38,1265.032258,37.774193548,1476452.858,31.0,64.0
6400.0,38,1288.419355,42.806451613,1533734.246,31.0,66.0
6500.0,38,1306.71875,43.65625,1579382.26,32.0,62.0
6600.0,38,1330.8125,44.4375,1640511.602,32.0,64.0
6700.0,38,1351.225806,42.806451613,1693240.347,31.0,62.0
6800.0,38,1369.966667,44.9,1742338.011,30.0,62.0
6900.0,38,1391.821429,45.3571428571,1800506.302,28.0,60.0
7000.0,38,1412.275862,46.03448275862,1855811.25,29.0,62.0
7100.0,38,1430.735294,45.97058823529,1906446.189,34.0,66.0
7200.0,38,1450.241379,43.931034483,1960712.753,29.0,66.0
7300.0,38,1471.090909,42.848484848,2019550.516,33.0,66.0
7400.0,38,1491.53125,42.65625,2078066.275,32.0,66.0
7500.0,38,1512.0625,42.15625,2137688.278,32.0,66.0
7600.0,38,1530.612903,42.903225806,2192264.933,31.0,66.0
7700.0,38,1550.735294,44.147058824,2252240.68,34.0,66.0
7800.0,38,1570.0625,42.6875,2310643.477,32.0,64.0
7900.0,38,1589.625,45.625,2370464.281,32.0,62.0
8000.0,38,1609.375,42.53125,2431706.173,32.0,66.0
8100.0,38,1630.53125,43.125,2498126.298,32.0,66.0
8200.0,38,1651.290323,41.806451613,2564197.831,31.0,64.0
8300.0,38,1667.533333,41.433333333,2616487.472,30.0,60.0
8400.0,38,1687.766667,42.733333333,2682332.459,30.0,64.0
8500.0,38,1707.793103,40.24137931,2748373.205,29.0,64.0
8600.0,38,1726.393939,39.666666667,2810403.418,33.0,64.0
8700.0,38,1749.133333,38.533333333,2887185.569,30.0,64.0
8800.0,38,1768.46875,40.90625,2953217.541,32.0,66.0
8900.0,38,1791.03125,44.5625,3031219.38,32.0,66.0
9000.0,38,1810.793103,46.9655172414,3100401.561,29.0,64.0
9100.0,38,1831.967742,45.1935483871,3175432.135,31.0,64.0
9200.0,38,1850.7,47.833333333,3242525.184,30.0,64.0
9300.0,38,1872.090909,46.1818181818,3320029.86,33.0,68.0
9400.0,38,1892.4375,44.90625,3394601.888,32.0,66.0
9500.0,38,1912.818182,42.333333333,3470150.356,33.0,64.0
9600.0,38,1930.515152,43.545454545,3536378.896,33.0,66.0
9700.0,38,1951.448276,41.0,3615586.546,29.0,62.0
9800.0,38,1971.59375,40.125,3692620.056,32.0,64.0
9900.0,38,1991.794118,34.794117650000004,3770795.614,34.0,66.0
10000.0,38,2010.0,37.862068966,3841747.329,29.0,62.0
0.0,39,50.0,50.0,0.0,37.0,64.0
100.0,39,67.58064516,48.032258065,312.9510926,31.0,62.0
200.0,39,86.1,49.333333333,1303.654444,30.0,64.0
300.0,39,108.20689655000001,51.344827586,3389.851367,29.0,64.0
400.0,39,132.03225806,53.967741935,6745.034339,31.0,64.0
500.0,39,148.6,58.33333333,9791.404444,30.0,66.0
600.0,39,169.64516129999998,58.645161290000004,14389.70343,31.0,68.0
700.0,39,191.9354839,59.645161290000004,20238.71072,31.0,66.0
800.0,39,211.15625,61.96875,26114.58789,32.0,66.0
900.0,39,232.2,62.13333333,33344.05778,30.0,62.0
1000.0,39,249.4545455,62.63636364,39941.79339,33.0,64.0
1100.0,39,270.1875,62.875,48648.30078,32.0,64.0
1200.0,39,288.06666670000004,62.86666667,56841.28889,30.0,62.0
1300.0,39,305.9,63.66666667,65671.58778,30.0,62.0
1400.0,39,326.0344828,66.55172414,76468.99524,29.0,62.0
1500.0,39,346.4848485,64.87878788,88124.64371,33.0,66.0
1600.0,39,367.969697,63.6969697,101292.3352,33.0,66.0
1700.0,39,387.3636364,61.78787879,113953.1772,33.0,66.0
1800.0,39,404.3214286,62.178571430000005,125691.9923,28.0,64.0
1900.0,39,421.9666667,61.9,138500.8111,30.0,64.0
2000.0,39,443.0,63.566666670000004,154633.0544,30.0,64.0
2100.0,39,459.8387097,67.0,168256.768,31.0,64.0
2200.0,39,481.75,69.28125,186779.8291,32.0,62.0
2300.0,39,500.8,71.4,203678.6,30.0,62.0
2400.0,39,520.1875,71.21875,221526.5205,32.0,64.0
2500.0,39,537.6451612999999,68.58064516,238143.0437,31.0,62.0
2600.0,39,555.09375,68.1875,255450.4814,32.0,64.0
2700.0,39,575.8787879,70.54545455,276970.6152,33.0,66.0
2800.0,39,597.9354839,67.58064516,300542.3736,31.0,66.0
2900.0,39,616.0,69.21875,320725.3604,32.0,62.0
3000.0,39,633.7931034,68.03448276,341139.6302,29.0,62.0
3100.0,39,651.4848485,69.0,362145.023,33.0,66.0
3200.0,39,671.9666667,71.13333333,387289.1522,30.0,62.0
3300.0,39,692.6363636,70.78787879000001,413413.6318,33.0,66.0
3400.0,39,712.6875,71.4375,439614.2891,32.0,62.0
3500.0,39,731.2666667,67.16666667,464418.9656,30.0,66.0
3600.0,39,752.7272727,65.78787879000001,494074.877,33.0,64.0
3700.0,39,775.3333333,67.76666667,526424.0989,30.0,66.0
3800.0,39,796.137931,66.68965517000001,557000.3567,29.0,64.0
3900.0,39,815.3636364,64.87878788,586002.8742,33.0,66.0
4000.0,39,836.90625,60.96875,619341.7598,32.0,64.0
4100.0,39,858.2580645,60.74193548,653396.488,31.0,66.0
4200.0,39,878.4375,62.21875,686457.9893,32.0,66.0
4300.0,39,898.0909091,64.24242423999999,719461.0367,33.0,62.0
4400.0,39,916.59375,64.8125,751204.1377,32.0,66.0
4500.0,39,937.516129,67.35483871,787986.0697,31.0,62.0
4600.0,39,956.7,67.43333333,822408.8111,30.0,64.0
4700.0,39,974.9677419,68.19354839,855896.3288,31.0,64.0
4800.0,39,995.2903226,69.29032258000001,893945.9105,31.0,66.0
4900.0,39,1014.9354839,70.61290323,931525.3798,31.0,64.0
5000.0,39,1032.8387097,72.06451613,966458.7721,31.0,64.0
5100.0,39,1051.5333329999999,74.26666667,1003657.889,30.0,64.0
5200.0,39,1071.96875,74.65625,1045028.057,32.0,64.0
5300.0,39,1090.774194,77.48387097,1083966.285,31.0,68.0
5400.0,39,1108.484848,77.18181818,1121129.026,33.0,68.0
5500.0,39,1127.636364,77.63636364,1162063.901,33.0,64.0
5600.0,39,1147.354839,78.74193548,1205013.741,31.0,64.0
5700.0,39,1166.741935,80.22580645,1248026.15,31.0,66.0
5800.0,39,1188.933333,84.06666666999999,1298329.676,30.0,64.0
5900.0,39,1206.4375,83.15625,1338447.028,32.0,64.0
6000.0,39,1225.375,83.875,1382653.906,32.0,64.0
6100.0,39,1248.818182,82.57575758,1438226.213,33.0,64.0
6200.0,39,1268.15625,82.8125,1484981.31,32.0,66.0
6300.0,39,1286.533333,83.2,1530116.924,30.0,66.0
6400.0,39,1306.8,80.06666666999999,1580450.244,30.0,62.0
6500.0,39,1324.666667,76.53333333,1625479.129,30.0,64.0
6600.0,39,1342.1,75.5,1670172.66,30.0,62.0
6700.0,39,1360.5,75.86666667,1718079.334,30.0,62.0
6800.0,39,1377.242424,77.24242423999999,1762314.602,33.0,64.0
6900.0,39,1393.6875,77.53125,1806254.067,32.0,64.0
7000.0,39,1412.6875,81.125,1857885.988,32.0,64.0
7100.0,39,1434.1875,78.15625,1916767.81,32.0,62.0
7200.0,39,1452.264706,81.26470588000001,1967323.787,34.0,66.0
7300.0,39,1470.454545,82.21212120999999,2018728.736,33.0,66.0
7400.0,39,1488.909091,78.21212120999999,2071255.296,33.0,64.0
7500.0,39,1507.21875,78.78125,2124314.846,32.0,66.0
7600.0,39,1529.411765,78.58823529,2189476.457,34.0,66.0
7700.0,39,1548.3,77.56666667,2245662.811,30.0,64.0
7800.0,39,1570.75,75.375,2313324.453,32.0,66.0
7900.0,39,1587.69697,75.06060606,2365140.005,33.0,66.0
8000.0,39,1608.470588,74.85294118,2429448.243,34.0,64.0
8100.0,39,1630.612903,72.93548387,2498863.186,31.0,64.0
8200.0,39,1649.848485,74.81818182,2560131.117,33.0,66.0
8300.0,39,1668.758621,75.27586207,2621018.341,29.0,64.0
8400.0,39,1685.8125,74.03125,2676460.036,32.0,66.0
8500.0,39,1703.527778,72.55555556,2734662.865,36.0,66.0
8600.0,39,1723.107143,70.78571429,2799719.557,28.0,64.0
8700.0,39,1741.83871,68.87096774,2862674.333,31.0,62.0
8800.0,39,1761.057143,65.25714286,2927949.327,35.0,66.0
8900.0,39,1779.677419,62.5483871,2991941.437,31.0,64.0
9000.0,39,1797.25,59.8125,3052978.848,32.0,64.0
9100.0,39,1817.8125,59.1875,3125245.445,32.0,64.0
9200.0,39,1836.911765,60.47058824,3193163.288,34.0,66.0
9300.0,39,1855.823529,60.58823529,3261110.73,34.0,64.0
9400.0,39,1874.0,61.59375,3327110.415,32.0,62.0
9500.0,39,1892.83871,61.67741935,3396190.872,31.0,64.0
9600.0,39,1912.054054,61.37837838,3467374.768,37.0,66.0
9700.0,39,1931.6,60.34285714,3540525.535,35.0,66.0
9800.0,39,1950.878788,57.51515152,3613396.644,33.0,66.0
9900.0,39,1970.433333,57.66666667,3688122.966,30.0,64.0
10000.0,39,1986.741935,58.51612903,3751041.849,31.0,66.0
0.0,40,50.0,50.0,0.0,37.0,64.0
100.0,40,66.76666667,51.3,282.8111111,30.0,60.0
200.0,40,85.4375,50.09375,1255.825195,32.0,64.0
300.0,40,106.80645161000001,50.967741935,3227.909469,31.0,66.0
400.0,40,125.55172414,52.724137931,5715.483948,29.0,60.0
500.0,40,144.38235294,54.705882353,8930.173875,34.0,66.0
600.0,40,163.84375,56.1875,12998.68457,32.0,66.0
700.0,40,183.9393939,56.90909091,17987.49679,33.0,66.0
800.0,40,203.0645161,57.87096774,23490.69823,31.0,64.0
900.0,40,221.1212121,60.36363636,29389.8742,33.0,64.0
1000.0,40,238.8484848,59.48484848,35753.71258,33.0,64.0
1100.0,40,259.1818182,60.727272729999996,43872.10744,33.0,66.0
1200.0,40,277.15625,60.46875,51709.55664,32.0,64.0
1300.0,40,296.6896552,57.5862069,60913.3365,29.0,62.0
1400.0,40,317.0666667,55.333333333,71353.04889,30.0,62.0
1500.0,40,334.5483871,52.161290323,80972.45578,31.0,66.0
1600.0,40,352.9642857,52.428571429,91793.25638,28.0,64.0
1700.0,40,370.7741935,51.741935484,102899.1176,31.0,64.0
1800.0,40,390.6451613,53.193548387,116049.3247,31.0,62.0
1900.0,40,411.7,56.26666667,130866.1611,30.0,64.0
2000.0,40,429.96875,55.46875,144406.1582,32.0,64.0
2100.0,40,447.962963,59.40740741,158463.0192,27.0,62.0
2200.0,40,465.3666667,59.9,172627.4778,30.0,68.0
2300.0,40,485.5,63.82352941,189851.34,34.0,64.0
2400.0,40,504.8333333,64.8,207092.4011,30.0,64.0
2500.0,40,524.0,66.34375,224943.1182,32.0,64.0
2600.0,40,543.7575758,61.93939394,243939.0927,33.0,64.0
2700.0,40,564.0857143,61.857142859999996,264424.7135,35.0,64.0
2800.0,40,583.1612903,66.83870968,284544.5036,31.0,62.0
2900.0,40,602.0645161,69.87096774,305170.0853,31.0,66.0
3000.0,40,620.7352941,68.41176471,326077.769,34.0,66.0
3100.0,40,640.969697,67.93939394,349567.0046,33.0,64.0
3200.0,40,659.375,68.75,371689.4531,32.0,66.0
3300.0,40,678.09375,69.21875,394871.1191,32.0,66.0
3400.0,40,695.5517241,67.89655172,417057.3151,29.0,60.0
3500.0,40,715.9333333,71.33333333,443922.3156,30.0,64.0
3600.0,40,736.1724138,67.27586207,471131.0369,29.0,62.0
3700.0,40,755.0,64.41935484,497232.9178,31.0,68.0
3800.0,40,773.25,60.5,523200.8125,32.0,64.0
3900.0,40,792.0,61.83333333,550704.0278,30.0,60.0
4000.0,40,808.4848485,63.03030303,575469.0542,33.0,64.0
4100.0,40,828.0645161,60.32258065,605490.9469,31.0,64.0
4200.0,40,848.0,61.61290323,636938.8595,31.0,62.0
4300.0,40,864.15625,60.5,662960.6494,32.0,64.0
4400.0,40,884.25,62.25,696123.125,32.0,66.0
4500.0,40,900.2258065,63.41935484,723064.001,31.0,64.0
4600.0,40,919.9333333,62.9,756950.4144,30.0,62.0
4700.0,40,938.96875,65.96875,790520.4395,32.0,64.0
4800.0,40,960.8125,67.1875,829874.8203,32.0,66.0
4900.0,40,980.0645161,67.58064516,865329.0832,31.0,66.0
5000.0,40,999.75,65.4375,902263.3789,32.0,66.0
5100.0,40,1020.1666667,63.433333329999996,941403.8156,30.0,64.0
5200.0,40,1039.28125,62.09375,978823.6504,32.0,64.0
5300.0,40,1057.7666669999999,62.066666670000004,1015739.259,30.0,62.0
5400.0,40,1076.848485,62.78787879,1054581.341,33.0,64.0
5500.0,40,1095.451613,65.16129032,1093198.94,31.0,64.0
5600.0,40,1113.0,67.24137931,1130266.265,29.0,62.0
5700.0,40,1129.833333,65.1,1166268.038,30.0,64.0
5800.0,40,1147.566667,63.566666670000004,1204836.642,30.0,64.0
5900.0,40,1167.28125,59.125,1248400.657,32.0,66.0
6000.0,40,1185.764706,56.91176471,1290009.24,34.0,66.0
6100.0,40,1203.25,55.625,1330017.203,32.0,66.0
6200.0,40,1223.382353,54.176470588,1376843.589,34.0,64.0
6300.0,40,1243.647059,54.735294118,1424815.724,34.0,64.0
6400.0,40,1261.896552,54.172413793000004,1468710.661,29.0,62.0
6500.0,40,1280.129032,53.64516129,1513230.723,31.0,64.0
6600.0,40,1298.885714,51.857142857,1559718.976,35.0,66.0
6700.0,40,1318.967742,53.0,1610288.13,31.0,66.0
6800.0,40,1341.5,49.875,1667972.266,32.0,62.0
6900.0,40,1360.0625,49.15625,1716264.466,32.0,62.0
7000.0,40,1378.903226,51.612903226,1765986.385,31.0,64.0
7100.0,40,1399.515152,52.787878788,1821198.916,33.0,64.0
7200.0,40,1421.171429,53.142857143,1880120.964,35.0,68.0
7300.0,40,1443.366667,54.233333333,1941488.589,30.0,64.0
7400.0,40,1461.5,56.5,1992374.5,34.0,64.0
7500.0,40,1479.470588,54.705882353,2043408.308,34.0,66.0
7600.0,40,1498.677419,53.935483871,2098681.753,31.0,66.0
7700.0,40,1518.548387,53.870967742,2156649.35,31.0,66.0
7800.0,40,1537.612903,53.35483871,2213003.405,31.0,62.0
7900.0,40,1560.030303,52.333333333,2280196.961,33.0,64.0
8000.0,40,1579.793103,50.655172414,2340267.369,29.0,64.0
8100.0,40,1597.705882,51.588235294,2395396.021,34.0,66.0
8200.0,40,1615.5625,50.96875,2450986.88,32.0,66.0
8300.0,40,1633.424242,48.96969697,2507233.393,33.0,66.0
8400.0,40,1655.533333,48.8,2577738.724,30.0,66.0
8500.0,40,1673.935484,48.838709677,2637167.804,31.0,66.0
8600.0,40,1691.878788,47.696969697,2695771.258,33.0,66.0
8700.0,40,1708.516129,48.096774194,2750679.373,31.0,62.0
8800.0,40,1729.6875,49.1875,2821350.758,32.0,66.0
8900.0,40,1748.8,46.06666666667,2885936.911,30.0,64.0
9000.0,40,1772.322581,42.129032258,2966457.024,31.0,62.0
9100.0,40,1792.5,38.733333333,3036433.188,30.0,66.0
9200.0,40,1810.513514,36.864864865,3099580.363,37.0,68.0
9300.0,40,1830.03125,41.46875,3168584.033,32.0,62.0
9400.0,40,1851.666667,42.566666667,3246058.032,30.0,64.0
9500.0,40,1872.571429,44.678571429,3321794.93,28.0,62.0
9600.0,40,1888.6875,45.90625,3380788.481,32.0,64.0
9700.0,40,1910.612903,44.903225806,3461906.353,31.0,62.0
9800.0,40,1930.0625,44.21875,3534668.427,32.0,64.0
9900.0,40,1948.5625,47.59375,3604545.356,32.0,64.0
10000.0,40,1970.0625,46.09375,3686655.263,32.0,64.0
0.0,41,50.0,50.0,0.0,37.0,64.0
100.0,41,70.96551724,50.275862069,439.6290131,29.0,68.0
200.0,41,93.65625,50.25,1905.930664,32.0,64.0
300.0,41,112.56666667,52.433333333,3920.508889,30.0,66.0
400.0,41,132.89655172,53.724137931,6885.707491,29.0,66.0
500.0,41,152.8064516,53.709677419,10582.9282,31.0,66.0
600.0,41,172.9375,51.0625,15114.75781,32.0,66.0
700.0,41,192.4,55.2,20304.8,30.0,64.0
800.0,41,210.6666667,55.666666667,25845.88889,33.0,66.0
900.0,41,230.6875,56.09375,32685.10645,32.0,64.0
1000.0,41,251.8275862,57.206896549999996,40786.31391,29.0,64.0
1100.0,41,271.5357143,60.78571429,49194.40434,28.0,60.0
1200.0,41,291.59375,62.90625,58534.11133,32.0,66.0
1300.0,41,310.4516129,66.35483871,68102.52341,31.0,66.0
1400.0,41,330.5483871,66.03225806,78964.4308,31.0,64.0
1500.0,41,348.5172414,68.03448276,89437.78597,29.0,64.0
1600.0,41,368.5,66.375,101710.3906,32.0,64.0
1700.0,41,387.7741935,63.93548387,114285.6035,31.0,68.0
1800.0,41,407.1875,64.125,127782.4258,32.0,64.0
1900.0,41,426.46875,64.59375,141941.6973,32.0,66.0
2000.0,41,447.0645161,63.51612903,157842.9157,31.0,64.0
2100.0,41,466.625,63.8125,173767.1758,32.0,64.0
2200.0,41,484.0967742,62.93548387,188607.3361,31.0,62.0
2300.0,41,503.2258065,62.096774190000005,205559.9636,31.0,64.0
2400.0,41,522.0645161,63.12903226,223017.2789,31.0,64.0
2500.0,41,544.7931034000001,62.5862069,244978.6278,29.0,66.0
2600.0,41,565.5454545,62.121212119999996,265934.0395,33.0,66.0
2700.0,41,586.5757576,64.03030303,288110.393,33.0,64.0
2800.0,41,605.84375,62.40625,309116.1895,32.0,66.0
2900.0,41,623.5,63.59375,329087.04,32.0,66.0
3000.0,41,646.6896552,59.93103448,356137.17,29.0,64.0
3100.0,41,665.7777778,61.94444444,379324.9414,36.0,66.0
3200.0,41,682.9375,63.0625,400780.5078,32.0,64.0
3300.0,41,704.5,63.125,428542.5156,32.0,64.0
3400.0,41,724.7741935,64.41935484,455528.1301,31.0,62.0
3500.0,41,744.3225806,63.48387097,482265.6608,31.0,62.0
3600.0,41,763.46875,62.21875,509186.9551,32.0,66.0
3700.0,41,784.9,63.86666667,540270.2944,30.0,60.0
3800.0,41,803.6176471,62.91176471,568106.2716,34.0,66.0
3900.0,41,824.3225806,61.90322581,599717.1457,31.0,64.0
4000.0,41,843.4705882,65.70588235,629842.2491,34.0,66.0
4100.0,41,865.6875,65.625,665590.2383,32.0,64.0
4200.0,41,884.3823529,65.82352940999999,696444.295,34.0,64.0
4300.0,41,901.2580645,68.4516129,724980.7544,31.0,66.0
4400.0,41,922.2068966,66.06896552,761003.082,29.0,62.0
4500.0,41,946.1666667,66.8,803396.9344,30.0,64.0
4600.0,41,961.5588235,66.82352940999999,831222.5199,34.0,66.0
4700.0,41,981.0645161,67.41935484,867184.5671,31.0,64.0
4800.0,41,999.483871,66.70967741999999,901798.8345,31.0,64.0
4900.0,41,1018.6,65.11428571,938414.4016,35.0,68.0
5000.0,41,1037.5294118000002,68.32352940999999,975550.0908,34.0,68.0
5100.0,41,1058.625,70.75,1017754.953,32.0,64.0
5200.0,41,1080.096774,74.96774194,1061722.752,31.0,64.0
5300.0,41,1099.1,79.26666667,1101467.348,30.0,60.0
5400.0,41,1117.84375,80.3125,1141209.122,32.0,66.0
5500.0,41,1138.517241,80.44827586,1185796.882,29.0,66.0
5600.0,41,1158.965517,82.10344828000001,1230835.15,29.0,60.0
5700.0,41,1178.454545,83.27272726999999,1274516.736,33.0,66.0
5800.0,41,1200.606061,81.21212120999999,1324868.503,33.0,64.0
5900.0,41,1222.4,79.06666666999999,1375366.631,30.0,62.0
6000.0,41,1242.8,79.9,1423665.85,30.0,62.0
6100.0,41,1264.375,81.375,1475691.031,32.0,64.0
6200.0,41,1284.419355,78.35483871,1524595.14,31.0,62.0
6300.0,41,1304.741935,80.93548387,1575334.329,31.0,62.0
6400.0,41,1321.548387,84.35483871,1618015.556,31.0,64.0
6500.0,41,1339.103448,85.89655171999999,1663076.263,29.0,60.0
6600.0,41,1358.933333,87.1,1714682.881,30.0,62.0
6700.0,41,1378.25,88.14285713999999,1765702.94,28.0,62.0
6800.0,41,1394.516129,83.09677418999999,1808819.018,31.0,62.0
6900.0,41,1415.642857,80.42857143,1865906.311,28.0,62.0
7000.0,41,1433.194444,81.22222221999999,1914201.698,36.0,66.0
7100.0,41,1451.633333,80.93333333000001,1965532.872,30.0,64.0
7200.0,41,1472.90625,83.375,2025776.087,32.0,64.0
7300.0,41,1492.181818,84.51515152,2081079.692,33.0,66.0
7400.0,41,1507.612903,87.77419355,2126062.265,31.0,64.0
7500.0,41,1528.1875,89.78125,2186620.833,32.0,64.0
7600.0,41,1549.548387,93.77419355,2250561.545,31.0,66.0
7700.0,41,1571.25,92.75,2316029.125,32.0,64.0
7800.0,41,1589.225806,93.16129032,2371078.98,31.0,62.0
7900.0,41,1609.407407,92.33333333,2433543.573,27.0,62.0
8000.0,41,1627.9,91.56666666999999,2491496.198,30.0,62.0
8100.0,41,1645.433333,92.0,2547171.521,30.0,62.0
8200.0,41,1664.8,92.93333333000001,2609422.311,30.0,64.0
8300.0,41,1683.363636,95.45454545,2669942.884,33.0,64.0
8400.0,41,1704.757576,92.78787879000001,2740053.437,33.0,66.0
8500.0,41,1723.212121,88.63636364,2801131.571,33.0,68.0
8600.0,41,1741.866667,89.1,2863941.628,30.0,64.0
8700.0,41,1762.25,90.5,2933440.312,32.0,62.0
8800.0,41,1783.0625,90.46875,3005143.349,32.0,64.0
8900.0,41,1805.483871,88.48387097,3083204.63,31.0,66.0
9000.0,41,1825.25,87.875,3152947.078,32.0,64.0
9100.0,41,1843.862069,90.41379309999999,3219574.397,29.0,66.0
9200.0,41,1867.0,92.29032258000001,3303277.471,31.0,62.0
9300.0,41,1884.4375,93.96875,3367094.192,32.0,66.0
9400.0,41,1902.09375,93.375,3432132.649,32.0,64.0
9500.0,41,1922.733333,90.56666666999999,3508775.792,30.0,64.0
9600.0,41,1941.096774,91.70967741999999,3577986.707,31.0,64.0
9700.0,41,1959.103448,90.13793103,3646287.03,29.0,62.0
9800.0,41,1980.931034,90.0,3730094.66,29.0,64.0
9900.0,41,2001.323529,91.29411765,3809368.721,34.0,64.0
10000.0,41,2020.848485,93.12121212,3886103.189,33.0,64.0
0.0,42,50.0,50.0,0.0,37.0,64.0
100.0,42,68.4516129,49.870967742,340.4786681,31.0,64.0
200.0,42,86.875,51.4375,1361.832031,32.0,66.0
300.0,42,106.73529411999999,49.823529412,3218.92474,34.0,64.0
400.0,42,125.60606061,52.121212121,5720.775941,33.0,66.0
500.0,42,145.3030303,53.424242424,9094.393021,33.0,68.0
600.0,42,165.375,53.6875,13324.98828,32.0,66.0
700.0,42,184.9333333,54.6,18228.16444,30.0,66.0
800.0,42,203.6551724,55.75862069,23643.07372,29.0,64.0
900.0,42,222.84375,56.6875,29919.68457,32.0,66.0
1000.0,42,244.46875,55.875,37852.61035,32.0,64.0
1100.0,42,264.0,58.1875,45863.03516,32.0,64.0
1200.0,42,284.1,57.9,54865.22,30.0,62.0
1300.0,42,302.5862069,57.65517241,63858.39358,29.0,60.0
1400.0,42,323.8529412,56.67647059,75040.00865,34.0,64.0
1500.0,42,344.3939394,56.60606061,86711.43159,33.0,64.0
1600.0,42,365.4827586,59.44827586,99618.6409,29.0,64.0
1700.0,42,382.0625,62.28125,110416.333,32.0,64.0
1800.0,42,402.1935484,55.645161290000004,124072.1634,31.0,60.0
1900.0,42,422.2058824,53.294117647,138548.0701,34.0,66.0
2000.0,42,441.6,53.233333333,153361.0144,30.0,62.0
2100.0,42,460.2258065,51.193548387,168286.6368,31.0,64.0
2200.0,42,479.59375,47.5625,184556.7314,32.0,64.0
2300.0,42,497.8387097,49.096774194,200560.3257,31.0,64.0
2400.0,42,520.2142857,48.428571429,221103.9439,28.0,64.0
2500.0,42,541.4333333,50.266666667,241506.7922,30.0,64.0
2600.0,42,559.2,53.8,259299.08,30.0,64.0
2700.0,42,577.5714286,53.857142857,278346.4898,28.0,60.0
2800.0,42,595.3235294,55.323529412,297406.0917,34.0,66.0
2900.0,42,612.2666667,55.966666667,316179.4056,30.0,62.0
3000.0,42,629.8064516,58.09677419,336241.0791,31.0,64.0
3100.0,42,651.0,58.0,361265.0,31.0,64.0
3200.0,42,670.375,57.0625,384915.0195,32.0,66.0
3300.0,42,689.8333333,53.733333333,409400.6322,30.0,60.0
3400.0,42,710.6176471,53.794117647,436430.0709,34.0,66.0
3500.0,42,729.9705882,56.55882353,462403.019,34.0,66.0
3600.0,42,752.2285714,53.542857143,493137.5184,35.0,66.0
3700.0,42,770.516129,51.516129032,519145.7908,31.0,66.0
3800.0,42,789.9354839,54.0,547520.5203,31.0,62.0
3900.0,42,810.137931,54.344827586,577828.5517,29.0,64.0
4000.0,42,831.0,53.242424242,609971.5133,33.0,66.0
4100.0,42,850.1785714,53.5,640297.9962,28.0,62.0
4200.0,42,870.8666667,51.9,673825.6944,30.0,62.0
4300.0,42,887.7096774,49.419354839,701757.8408,31.0,64.0
4400.0,42,909.5483871,50.387096774,738823.5796,31.0,64.0
4500.0,42,929.4516129,50.677419355,773435.5983,31.0,66.0
4600.0,42,948.3333333,51.666666667,807005.5556,30.0,66.0
4700.0,42,968.7575758,51.666666667,844118.2608,33.0,64.0
4800.0,42,987.9714286,52.371428571,879796.0245,35.0,66.0
4900.0,42,1008.9,52.8,919497.05,30.0,62.0
5000.0,42,1028.6774194,50.225806452,957809.5421,31.0,64.0
5100.0,42,1049.5625,50.34375,999125.3096,32.0,62.0
5200.0,42,1070.633333,50.7,1041692.891,30.0,62.0
5300.0,42,1089.321429,47.714285714,1080194.256,28.0,68.0
5400.0,42,1112.636364,49.666666667,1129196.152,33.0,64.0
5500.0,42,1131.225806,47.903225806,1169053.641,31.0,66.0
5600.0,42,1152.058824,52.117647059,1214538.135,34.0,66.0
5700.0,42,1172.466667,51.533333333,1259933.769,30.0,64.0
5800.0,42,1191.193548,51.967741935,1302326.587,31.0,62.0
5900.0,42,1208.413793,51.206896552,1341923.973,29.0,62.0
6000.0,42,1227.241379,48.310344828,1385900.12,29.0,64.0
6100.0,42,1247.066667,50.133333333,1432968.622,30.0,64.0
6200.0,42,1266.133333,51.366666667,1478982.152,30.0,64.0
6300.0,42,1286.433333,50.166666667,1528767.416,30.0,60.0
6400.0,42,1307.0,53.5,1580061.25,30.0,66.0
6500.0,42,1324.333333,54.848484848,1623948.952,33.0,64.0
6600.0,42,1342.166667,58.066666670000004,1669759.766,30.0,64.0
6700.0,42,1361.741935,54.645161290000004,1720688.483,31.0,66.0
6800.0,42,1383.441176,55.058823529,1778090.963,34.0,64.0
6900.0,42,1403.4,54.0,1831707.56,30.0,66.0
7000.0,42,1420.580645,54.677419355,1878513.183,31.0,68.0
7100.0,42,1440.40625,55.90625,1933264.424,32.0,64.0
7200.0,42,1460.515152,51.606060606,1989555.572,33.0,64.0
7300.0,42,1479.424242,51.03030303,2043254.726,33.0,64.0
7400.0,42,1499.548387,51.0,2101191.527,31.0,68.0
7500.0,42,1521.0,52.833333333,2163849.028,30.0,60.0
7600.0,42,1540.75,55.4375,2222365.129,32.0,64.0
7700.0,42,1560.59375,57.78125,2281954.025,32.0,66.0
7800.0,42,1578.125,59.5,2335256.266,32.0,62.0
7900.0,42,1597.090909,58.81818182,2393568.041,33.0,64.0
8000.0,42,1618.566667,58.03333333,2460465.922,30.0,64.0
8100.0,42,1637.266667,58.36666667,2519485.472,30.0,64.0
8200.0,42,1653.8,60.433333329999996,2572283.294,30.0,64.0
8300.0,42,1672.090909,57.39393939,2631233.588,33.0,64.0
8400.0,42,1690.0625,56.8125,2689851.414,32.0,64.0
8500.0,42,1713.3125,59.1875,2766692.883,32.0,62.0
8600.0,42,1731.205882,56.5,2826495.469,34.0,64.0
8700.0,42,1753.064516,56.032258060000004,2900465.134,31.0,66.0
8800.0,42,1770.466667,54.2,2960023.191,30.0,62.0
8900.0,42,1789.9,50.9,3027252.82,30.0,64.0
9000.0,42,1809.586207,47.689655172,3096148.957,29.0,62.0
9100.0,42,1831.793103,45.4827586207,3174807.069,29.0,62.0
9200.0,42,1851.515152,42.454545455,3245513.775,33.0,64.0
9300.0,42,1872.151515,41.121212121,3320314.977,33.0,64.0
9400.0,42,1891.117647,41.147058824,3389792.565,34.0,68.0
9500.0,42,1912.586207,41.689655172,3469296.44,29.0,62.0
9600.0,42,1931.586207,41.862068966,3540432.88,29.0,62.0
9700.0,42,1951.586207,44.586206897,3616059.411,29.0,66.0
9800.0,42,1970.15625,46.53125,3687012.057,32.0,62.0
9900.0,42,1989.484848,45.6363636364,3761620.519,33.0,64.0
10000.0,42,2005.928571,47.107142857,3825664.945,28.0,62.0
0.0,43,50.0,50.0,0.0,37.0,64.0
100.0,43,69.09677419,47.870967742,369.219563,31.0,66.0
200.0,43,88.0,43.21875,1489.985352,32.0,62.0
300.0,43,108.41935484,45.2903225806,3435.002081,31.0,68.0
400.0,43,129.3,46.8333333333,6298.517778,30.0,64.0
500.0,43,146.2580645,46.7741935484,9276.020812,31.0,62.0
600.0,43,164.67741940000002,46.9677419355,13160.1051,31.0,66.0
700.0,43,185.7096774,44.193548387,18450.83143,31.0,66.0
800.0,43,204.5,47.46875,23876.65723,32.0,64.0
900.0,43,225.1515152,45.0909090909,30702.15243,33.0,66.0
1000.0,43,241.1875,43.84375,36590.55957,32.0,66.0
1100.0,43,259.1944444,44.166666667,43796.34336,36.0,66.0
1200.0,43,280.2,43.066666667,53040.11111,30.0,64.0
1300.0,43,300.24242419999996,43.848484848,62659.11203,33.0,64.0
1400.0,43,320.9375,42.1875,73468.16406,32.0,64.0
1500.0,43,341.75,39.03125,85238.37598,32.0,66.0
1600.0,43,357.2647059,42.852941176,94462.67993,34.0,64.0
1700.0,43,376.8387097,44.64516129,106852.2164,31.0,64.0
1800.0,43,394.65625,44.03125,118823.5566,32.0,66.0
1900.0,43,414.71875,45.03125,133044.4551,32.0,64.0
2000.0,43,433.3666667,42.766666667,147022.3222,30.0,62.0
2100.0,43,453.8823529,40.941176471,163203.0173,34.0,64.0
2200.0,43,473.6206897,42.793103448,179506.4281,29.0,64.0
2300.0,43,497.5666667,42.366666667,200374.1889,30.0,62.0
2400.0,43,517.8235294,41.352941176,218933.6263,34.0,66.0
2500.0,43,534.7575758,42.575757576,235045.0266,33.0,66.0
2600.0,43,555.6,41.833333333,255698.0544,30.0,66.0
2700.0,43,577.8055556,42.416666667,278636.2114,36.0,66.0
2800.0,43,598.8125,42.96875,301244.5986,32.0,68.0
2900.0,43,615.9032258,42.387096774,320304.4173,31.0,64.0
3000.0,43,637.9,41.466666667,345699.2278,30.0,64.0
3100.0,43,656.1333333,45.4,367418.7778,30.0,64.0
3200.0,43,673.03125,44.6875,388196.1611,32.0,64.0
3300.0,43,694.96875,38.75,416111.251,32.0,64.0
3400.0,43,715.9310345,41.551724138,443535.5161,29.0,64.0
3500.0,43,734.3823529,39.794117647,468483.3651,34.0,66.0
3600.0,43,755.21875,42.375,497391.626,32.0,64.0
3700.0,43,776.5806452,40.032258065,528018.7898,31.0,64.0
3800.0,43,797.7741935,39.258064516,559281.6337,31.0,66.0
3900.0,43,817.0967742,41.64516129,588507.2643,31.0,62.0
4000.0,43,835.8709677,41.258064516,617669.5994,31.0,64.0
4100.0,43,855.2727273,37.757575758,648614.0422,33.0,64.0
4200.0,43,874.0,39.03030303,679096.3343,33.0,66.0
4300.0,43,894.46875,42.40625,713185.1348,32.0,64.0
4400.0,43,913.71875,42.0,746074.0791,32.0,66.0
4500.0,43,935.3,41.533333333,783827.7744,30.0,62.0
4600.0,43,956.125,41.5,821134.7656,32.0,66.0
4700.0,43,976.862069,42.896551724,859123.7539,29.0,66.0
4800.0,43,995.7333333,42.2,894472.3778,30.0,66.0
4900.0,43,1012.7741935,39.032258065,927054.4391,31.0,66.0
5000.0,43,1030.9677419,38.258064516,962435.5838,31.0,62.0
5100.0,43,1050.545455,40.575757576,1001180.023,33.0,64.0
5200.0,43,1070.548387,44.64516129,1041547.685,31.0,66.0
5300.0,43,1093.393939,51.121212121,1088672.17,33.0,64.0
5400.0,43,1112.677419,50.741935484,1129283.848,31.0,64.0
5500.0,43,1128.28125,48.65625,1162692.26,32.0,66.0
5600.0,43,1146.071429,51.357142857,1201374.418,28.0,60.0
5700.0,43,1166.333333,52.833333333,1246208.139,30.0,64.0
5800.0,43,1184.0,54.290322581,1285974.407,31.0,62.0
5900.0,43,1204.935484,53.483870968,1333888.109,31.0,64.0
6000.0,43,1222.685714,53.542857143,1375204.336,35.0,66.0
6100.0,43,1241.733333,52.833333333,1420236.366,30.0,66.0
6200.0,43,1262.59375,53.46875,1470395.635,32.0,64.0
6300.0,43,1280.806452,53.677419355,1514898.045,31.0,62.0
6400.0,43,1300.066667,52.533333333,1562673.089,30.0,66.0
6500.0,43,1317.464286,50.964285714,1606466.645,28.0,66.0
6600.0,43,1336.6,49.566666667,1655339.748,30.0,66.0
6700.0,43,1353.909091,53.606060606,1700191.921,33.0,66.0
6800.0,43,1373.324324,53.054054054,1751196.595,37.0,66.0
6900.0,43,1391.121212,55.575757576,1798637.195,33.0,66.0
7000.0,43,1413.612903,57.193548390000004,1859491.897,31.0,64.0
7100.0,43,1434.212121,59.0,1916124.197,33.0,66.0
7200.0,43,1454.483871,60.06451613,1972676.238,31.0,64.0
7300.0,43,1473.586207,56.31034483,2026637.509,29.0,62.0
7400.0,43,1494.34375,56.1875,2086167.153,32.0,66.0
7500.0,43,1511.892857,54.464285714,2137150.656,28.0,60.0
7600.0,43,1532.806452,56.032258060000004,2198751.361,31.0,66.0
7700.0,43,1553.068966,57.10344828,2259266.774,29.0,62.0
7800.0,43,1576.419355,60.38709677,2330063.939,31.0,68.0
7900.0,43,1597.178571,58.78571429,2393838.721,28.0,64.0
8000.0,43,1617.666667,57.03030303,2457628.203,33.0,66.0
8100.0,43,1636.147059,58.205882349999996,2515929.829,34.0,66.0
8200.0,43,1657.941176,61.05882353,2585597.125,34.0,64.0
8300.0,43,1676.612903,60.83870968,2645987.015,31.0,64.0
8400.0,43,1697.032258,61.0,2712836.259,31.0,66.0
8500.0,43,1719.470588,59.23529412,2787217.336,34.0,66.0
8600.0,43,1738.727273,58.84848485,2851878.097,33.0,62.0
8700.0,43,1761.125,58.9375,2928028.645,32.0,64.0
8800.0,43,1781.21875,60.125,2997220.876,32.0,62.0
8900.0,43,1798.71875,58.875,3058096.032,32.0,68.0
9000.0,43,1819.933333,54.666666667,3132685.782,30.0,62.0
9100.0,43,1838.3,57.63333333,3198075.158,30.0,64.0
9200.0,43,1857.258065,58.87096774,3266260.406,31.0,64.0
9300.0,43,1876.3125,60.96875,3335537.661,32.0,62.0
9400.0,43,1895.833333,60.76666667,3407216.616,30.0,62.0
9500.0,43,1915.0,64.25,3478428.062,32.0,64.0
9600.0,43,1935.424242,68.0,3555148.574,33.0,64.0
9700.0,43,1956.352941,63.76470588,3634371.003,34.0,66.0
9800.0,43,1977.5625,63.03125,3715667.005,32.0,66.0
9900.0,43,1999.571429,61.4,3800958.715,35.0,66.0
10000.0,43,2019.806452,59.83870968,3880234.257,31.0,66.0
0.0,44,50.0,50.0,0.0,37.0,64.0
100.0,44,68.14705882,48.235294118,332.4299308,34.0,66.0
200.0,44,89.93548387,50.774193548,1595.442248,31.0,66.0
300.0,44,111.8125,52.6875,3828.007812,32.0,64.0
400.0,44,133.06666667000002,54.366666667000004,6919.138889,30.0,66.0
500.0,44,151.0909091,53.303030303,10230.28191,33.0,66.0
600.0,44,171.0,53.6875,14654.59766,32.0,68.0
700.0,44,192.3529412,54.382352941,20283.56488,34.0,66.0
800.0,44,214.5882353,54.147058824,27106.48529,34.0,64.0
900.0,44,231.3333333,55.212121212,32908.94399,33.0,64.0
1000.0,44,251.6129032,53.967741935,40663.50572,31.0,66.0
1100.0,44,271.03125,54.84375,48878.27539,32.0,64.0
1200.0,44,287.1,56.2,56254.85,30.0,66.0
1300.0,44,307.28125,58.28125,66262.2207,32.0,66.0
1400.0,44,329.6551724,59.206896549999996,78291.7824,29.0,66.0
1500.0,44,346.3333333,62.566666670000004,87971.36556,30.0,62.0
1600.0,44,367.0,62.06060606,100634.4582,33.0,64.0
1700.0,44,385.78125,61.28125,112876.3145,32.0,66.0
1800.0,44,403.34375,58.25,124919.8682,32.0,64.0
1900.0,44,425.7586207,57.48275862,141250.5327,29.0,64.0
2000.0,44,444.1290323,59.4516129,155427.0271,31.0,64.0
2100.0,44,463.0606061,59.63636364,170711.9238,33.0,66.0
2200.0,44,483.6333333,64.5,188248.1178,30.0,66.0
2300.0,44,501.34375,67.0,204000.1807,32.0,64.0
2400.0,44,519.96875,68.34375,221207.1191,32.0,64.0
2500.0,44,539.8484848,70.6969697,240379.9027,33.0,66.0
2600.0,44,556.6451612999999,77.5483871,257448.2331,31.0,64.0
2700.0,44,576.6,82.43333333000001,278359.4811,30.0,64.0
2800.0,44,593.7941176,81.97058824,296734.1609,34.0,66.0
2900.0,44,612.0333333,81.53333333,316875.8189,30.0,62.0
3000.0,44,630.8064516,80.32258064999999,338255.5931,31.0,64.0
3100.0,44,650.7575758,83.03030303,362000.6657,33.0,66.0
3200.0,44,667.6571429,84.48571429,382689.6106,35.0,66.0
3300.0,44,686.6857143,87.05714286,406741.9306,35.0,66.0
3400.0,44,705.625,88.40625,431319.1807,32.0,64.0
3500.0,44,725.3548387,89.77419355,457686.1446,31.0,66.0
3600.0,44,741.75,92.4375,480319.0039,32.0,62.0
3700.0,44,761.0645161,92.70967741999999,507436.8626,31.0,62.0
3800.0,44,780.03125,90.65625,534598.5566,32.0,64.0
3900.0,44,799.3030303,94.66666667,563450.1423,33.0,64.0
4000.0,44,819.3030303,95.6969697,593915.3655,33.0,66.0
4100.0,44,838.0,93.16129032,622806.897,31.0,62.0
4200.0,44,858.25,93.82142857,655188.3801,28.0,62.0
4300.0,44,876.9117647,94.67647059000001,685779.0536,34.0,64.0
4400.0,44,899.1714286,95.91428571,723200.2367,35.0,66.0
4500.0,44,920.9642857,95.14285713999999,760616.6645,28.0,62.0
4600.0,44,938.9354839,97.67741935000001,792479.4308,31.0,66.0
4700.0,44,958.5625,93.59375,827386.2314,32.0,64.0
4800.0,44,975.6333333,88.23333333,858258.8556,30.0,62.0
4900.0,44,994.75,86.625,893893.9531,32.0,66.0
5000.0,44,1016.7272727,83.60606061,935690.9871,33.0,64.0
5100.0,44,1038.1212120999999,81.39393939,977369.1093,33.0,64.0
5200.0,44,1056.75,83.84375,1014690.962,32.0,66.0
5300.0,44,1075.774194,84.67741935000001,1053415.22,31.0,64.0
5400.0,44,1095.178571,88.92857143,1093913.68,28.0,58.0
5500.0,44,1116.566667,89.4,1139116.814,30.0,62.0
5600.0,44,1135.027778,90.83333333,1178952.64,36.0,68.0
5700.0,44,1152.032258,92.4516129,1216277.237,31.0,64.0
5800.0,44,1174.258065,92.70967741999999,1265780.312,31.0,64.0
5900.0,44,1192.733333,95.33333333,1307894.582,30.0,62.0
6000.0,44,1209.666667,99.48484848,1347275.528,33.0,66.0
6100.0,44,1227.852941,101.17647059000001,1389956.582,34.0,66.0
6200.0,44,1250.419355,103.87096774,1443908.709,31.0,66.0
6300.0,44,1268.533333,100.9,1487414.294,30.0,62.0
6400.0,44,1290.0,101.71875,1540274.829,32.0,66.0
6500.0,44,1313.727273,101.81818182,1599691.744,33.0,66.0
6600.0,44,1332.65625,100.71875,1647779.447,32.0,62.0
6700.0,44,1351.806452,95.35483871,1696757.099,31.0,66.0
6800.0,44,1370.7,92.73333333,1746074.628,30.0,62.0
6900.0,44,1387.966667,91.53333333,1791879.819,30.0,64.0
7000.0,44,1405.647059,91.67647059000001,1839515.876,34.0,66.0
7100.0,44,1424.757576,92.87878788,1891796.983,33.0,64.0
7200.0,44,1443.605263,91.60526315999999,1943866.627,38.0,68.0
7300.0,44,1464.4375,93.65625,2002539.31,32.0,64.0
7400.0,44,1486.1,95.23333333,2064429.264,30.0,64.0
7500.0,44,1503.705882,97.88235294,2115553.512,34.0,66.0
7600.0,44,1523.5,94.0625,2173143.754,32.0,66.0
7700.0,44,1542.933333,91.7,2230588.828,30.0,70.0
7800.0,44,1561.903226,95.38709677,2287911.353,31.0,64.0
7900.0,44,1583.5,96.09375,2353746.884,32.0,64.0
8000.0,44,1605.21875,100.21875,2421227.283,32.0,64.0
8100.0,44,1627.40625,102.1875,2490934.013,32.0,64.0
8200.0,44,1648.529412,101.88235294,2557988.059,34.0,66.0
8300.0,44,1669.741935,100.80645161000001,2626145.233,31.0,64.0
8400.0,44,1690.0,97.5625,2691862.191,32.0,64.0
8500.0,44,1707.888889,96.03703704,2750714.977,27.0,64.0
8600.0,44,1726.133333,94.9,2811438.961,30.0,62.0
8700.0,44,1744.793103,96.79310344999999,2874513.258,29.0,62.0
8800.0,44,1765.636364,96.90909091,2945608.595,33.0,64.0
8900.0,44,1786.793103,93.10344828000001,3018308.191,29.0,64.0
9000.0,44,1805.806452,94.35483871,3084823.647,31.0,62.0
9100.0,44,1825.0,93.17142857,3152488.772,35.0,68.0
9200.0,44,1843.5,93.90625,3218570.009,32.0,64.0
9300.0,44,1861.75,94.28125,3284398.892,32.0,64.0
9400.0,44,1884.125,93.75,3365928.578,32.0,64.0
9500.0,44,1902.451613,90.4516129,3433213.311,31.0,62.0
9600.0,44,1922.137931,89.55172414,3506464.772,29.0,62.0
9700.0,44,1943.666667,93.43333333000001,3587859.899,30.0,64.0
9800.0,44,1963.363636,96.18181818,3663093.165,33.0,68.0
9900.0,44,1982.9375,95.125,3738283.645,32.0,64.0
10000.0,44,2002.828571,93.42857143,3815425.47,35.0,66.0
0.0,45,50.0,50.0,0.0,37.0,64.0
100.0,45,69.73529411999999,51.470588235,391.6444637,34.0,68.0
200.0,45,90.56666666999999,52.066666667,1649.925556,30.0,64.0
300.0,45,109.39393939,49.121212121,3528.412305,33.0,64.0
400.0,45,126.66666667,47.333333333,5884.888889,33.0,66.0
500.0,45,143.91176471,46.6470588235,8830.661765,34.0,64.0
600.0,45,163.1935484,47.451612903,12819.27367,31.0,66.0
700.0,45,183.3548387,49.64516129,17783.63892,31.0,62.0
800.0,45,202.03125,49.71875,23113.58008,32.0,64.0
900.0,45,219.7352941,52.470588235,28816.17388,34.0,66.0
1000.0,45,239.5517241,51.24137931,35931.39715,29.0,64.0
1100.0,45,260.8064516,51.032258065,44440.4256,31.0,68.0
1200.0,45,278.9354839,53.806451613,52425.94485,31.0,64.0
1300.0,45,298.3333333,51.696969697,61672.32415,33.0,68.0
1400.0,45,318.9375,51.4375,72329.44531,32.0,66.0
1500.0,45,337.3333333,50.909090909,82561.27089,33.0,68.0
1600.0,45,355.4117647,51.970588235,93280.22924,34.0,66.0
1700.0,45,374.5666667,51.5,105345.7711,30.0,62.0
1800.0,45,392.7741935,53.322580645,117505.1873,31.0,66.0
1900.0,45,414.6451613,53.483870968,132978.231,31.0,66.0
2000.0,45,432.875,54.1875,146610.8008,32.0,66.0
2100.0,45,450.8333333,54.866666667000004,160691.0456,30.0,64.0
2200.0,45,472.09375,52.65625,178170.1895,32.0,66.0
2300.0,45,491.875,50.84375,195254.2275,32.0,68.0
2400.0,45,511.09375,53.46875,212619.4785,32.0,66.0
2500.0,45,532.0689655,52.172413793,232395.2069,29.0,62.0
2600.0,45,550.8125,54.75,250835.7227,32.0,66.0
2700.0,45,568.2580645,52.387096774,268597.1197,31.0,66.0
2800.0,45,587.0588235,56.55882353,288475.1981,34.0,64.0
2900.0,45,605.875,63.75,309186.0781,32.0,64.0
3000.0,45,629.9705882,61.705882349999996,336502.9109,34.0,64.0
3100.0,45,651.5625,62.71875,362039.208,32.0,62.0
3200.0,45,671.7058824,63.5,386700.4542,34.0,66.0
3300.0,45,692.2258065,65.09677419,412681.8991,31.0,62.0
3400.0,45,714.09375,62.1875,441169.0439,32.0,64.0
3500.0,45,732.0,61.13333333,465247.9511,30.0,64.0
3600.0,45,751.7241379,63.137931030000004,492589.371,29.0,64.0
3700.0,45,770.6666667,63.433333329999996,519540.8989,30.0,60.0
3800.0,45,789.7878788,65.60606061,547529.6547,33.0,66.0
3900.0,45,812.3636364,64.96969697,581422.4059,33.0,66.0
4000.0,45,828.9375,66.75,607024.1914,32.0,66.0
4100.0,45,848.9375,67.6875,638613.9766,32.0,64.0
4200.0,45,868.2142857,69.60714286,669859.0574,28.0,60.0
4300.0,45,889.5151515,73.72727273,705348.6731,33.0,64.0
4400.0,45,911.4375,73.96875,742649.0674,32.0,64.0
4500.0,45,930.0909091,78.72727273000001,775385.2645,33.0,66.0
4600.0,45,948.3448276,79.89655171999999,807917.2331,29.0,62.0
4700.0,45,967.4482759,83.68965517000001,842846.3317,29.0,62.0
4800.0,45,986.1875,83.90625,877596.6689,32.0,66.0
4900.0,45,1006.2,86.45714286,915647.5633,35.0,64.0
5000.0,45,1026.0666667,85.9,953994.9478,30.0,62.0
5100.0,45,1047.0,88.09677418999999,995460.3642,31.0,66.0
5200.0,45,1066.178571,85.14285713999999,1033853.909,28.0,60.0
5300.0,45,1082.2,89.9,1067028.85,30.0,64.0
5400.0,45,1101.866667,90.16666667,1108036.846,30.0,62.0
5500.0,45,1119.571429,92.25,1145768.103,28.0,62.0
5600.0,45,1140.4,91.7,1190711.05,30.0,62.0
5700.0,45,1157.566667,89.43333333000001,1228258.909,30.0,60.0
5800.0,45,1175.25,87.5625,1267598.504,32.0,66.0
5900.0,45,1194.515152,86.42424242,1311241.657,33.0,64.0
6000.0,45,1214.034483,85.17241379000001,1356213.376,29.0,64.0
6100.0,45,1233.21875,87.53125,1401415.205,32.0,64.0
6200.0,45,1253.387097,84.83870968,1449354.24,31.0,62.0
6300.0,45,1275.451613,85.83870968,1503016.069,31.0,66.0
6400.0,45,1297.181818,81.96969697,1556484.549,33.0,64.0
6500.0,45,1317.225806,82.87096774,1606941.745,31.0,64.0
6600.0,45,1338.5,82.76666667,1661305.904,30.0,68.0
6700.0,45,1357.290323,85.96774194,1710301.666,31.0,64.0
6800.0,45,1378.607143,89.25,1766737.503,28.0,64.0
6900.0,45,1396.676471,87.97058824,1814979.282,34.0,66.0
7000.0,45,1415.965517,82.27586207,1866903.526,29.0,62.0
7100.0,45,1435.0,82.09677418999999,1919255.203,31.0,64.0
7200.0,45,1455.966667,81.0,1977703.268,30.0,66.0
7300.0,45,1471.586207,83.17241379000001,2022007.753,29.0,64.0
7400.0,45,1491.393939,85.93939394,2078908.129,33.0,66.0
7500.0,45,1511.21875,86.09375,2136462.994,32.0,64.0
7600.0,45,1530.515152,84.09090909,2193087.304,33.0,66.0
7700.0,45,1548.235294,83.17647059000001,2245809.675,34.0,64.0
7800.0,45,1568.548387,84.09677418999999,2307151.794,31.0,66.0
7900.0,45,1586.9,85.63333333,2363331.344,30.0,60.0
8000.0,45,1608.033333,87.73333333,2428891.672,30.0,66.0
8100.0,45,1627.90625,87.75,2491213.196,32.0,64.0
8200.0,45,1648.0,89.63888889,2555175.242,36.0,68.0
8300.0,45,1667.774194,88.67741935000001,2618689.284,31.0,66.0
8400.0,45,1684.911765,86.73529411999999,2674285.96,34.0,64.0
8500.0,45,1704.233333,86.0,2737783.921,30.0,68.0
8600.0,45,1723.53125,86.625,2802048.235,32.0,64.0
8700.0,45,1741.387097,85.38709677,2862042.558,31.0,62.0
8800.0,45,1759.344828,83.65517241,2922992.41,29.0,64.0
8900.0,45,1784.266667,81.76666667,3008689.992,30.0,62.0
9000.0,45,1801.058824,82.17647059000001,3067242.329,34.0,68.0
9100.0,45,1821.5,82.09375,3139242.259,32.0,64.0
9200.0,45,1842.15625,83.53125,3212948.369,32.0,66.0
9300.0,45,1861.787879,82.87878788,3283656.332,33.0,66.0
9400.0,45,1879.65625,83.78125,3348783.166,32.0,66.0
9500.0,45,1900.225806,82.0,3424359.535,31.0,64.0
9600.0,45,1922.151515,79.90909091,3505845.849,33.0,64.0
9700.0,45,1943.181818,83.84848485,3585283.117,33.0,66.0
9800.0,45,1963.483871,84.0,3662576.524,31.0,62.0
9900.0,45,1982.676471,81.67647059000001,3736241.739,34.0,64.0
10000.0,45,2004.166667,81.1,3819734.571,30.0,66.0
0.0,46,50.0,50.0,0.0,37.0,64.0
100.0,46,67.19354839,54.645161290000004,317.1956296,31.0,64.0
200.0,46,85.41935484,53.548387097,1267.121748,31.0,66.0
300.0,46,106.3125,50.375,3171.238281,32.0,62.0
400.0,46,128.34375,50.71875,6138.259766,32.0,66.0
500.0,46,149.09375,50.21875,9819.619141,32.0,66.0
600.0,46,170.72727270000001,51.060606061,14576.19927,33.0,66.0
700.0,46,188.9428571,51.342857143,19306.92082,35.0,64.0
800.0,46,209.09375,55.03125,25336.13477,32.0,64.0
900.0,46,228.0,48.633333333,31685.86778,30.0,64.0
1000.0,46,246.9428571,48.657142857,38788.29224,35.0,64.0
1100.0,46,264.24242419999996,48.878787879,45901.07346,33.0,66.0
1200.0,46,284.35483869999996,47.096774194,54930.61915,31.0,66.0
1300.0,46,303.8125,50.875,64421.55078,32.0,64.0
1400.0,46,324.1875,50.875,75179.55078,32.0,62.0
1500.0,46,343.4516129,51.096774194,86115.05203,31.0,62.0
1600.0,46,360.5,54.03125,96426.50098,32.0,64.0
1700.0,46,381.8709677,54.290322581,110156.7461,31.0,62.0
1800.0,46,403.1935484,55.741935484,124778.6524,31.0,64.0
1900.0,46,422.5151515,55.151515152,138794.0762,33.0,62.0
2000.0,46,441.3,56.73333333,153161.0278,30.0,64.0
2100.0,46,461.2857143,53.607142857,169168.9503,28.0,66.0
2200.0,46,480.7666667,49.833333333,185559.9489,30.0,66.0
2300.0,46,502.516129,51.193548387,204772.2716,31.0,64.0
2400.0,46,519.1818182,51.545454545,220133.9669,33.0,68.0
2500.0,46,538.0645161,54.0,238222.9719,31.0,64.0
2600.0,46,556.5172414,54.724137931,256582.0333,29.0,64.0
2700.0,46,575.5666667,55.6,276251.6811,30.0,64.0
2800.0,46,594.5,55.0,296505.25,34.0,62.0
2900.0,46,610.6666667,55.0,314372.1111,30.0,66.0
3000.0,46,627.7096774,60.25806452,333853.6993,31.0,66.0
3100.0,46,643.9333333,57.2,352808.6444,30.0,62.0
3200.0,46,666.875,58.5,380607.0156,32.0,64.0
3300.0,46,686.0625,58.03125,404640.0049,32.0,66.0
3400.0,46,704.6451613,57.67741935,428619.23,31.0,66.0
3500.0,46,720.4193548,55.741935484,449495.0812,31.0,62.0
3600.0,46,735.6774194,57.032258060000004,470202.9761,31.0,62.0
3700.0,46,757.2121212,58.03030303,500213.4702,33.0,64.0
3800.0,46,776.5172414,58.5862069,527901.025,29.0,66.0
3900.0,46,795.4333333,58.3,555739.7444,30.0,60.0
4000.0,46,816.6551724,60.862068969999996,587878.1379,29.0,64.0
4100.0,46,835.5,64.375,617216.8906,32.0,62.0
4200.0,46,855.5666667,68.5,649279.9044,30.0,66.0
4300.0,46,875.9677419,69.25806452,682593.5838,31.0,64.0
4400.0,46,894.3333333,66.63636364,713175.5464,33.0,64.0
4500.0,46,916.0,66.70967741999999,750235.2133,31.0,62.0
4600.0,46,936.483871,65.35483871,786089.4246,31.0,64.0
4700.0,46,953.71875,67.25,817005.1416,32.0,66.0
4800.0,46,974.5625,65.84375,855066.8408,32.0,66.0
4900.0,46,991.1875,65.28125,886067.4268,32.0,66.0
5000.0,46,1010.7647059,64.67647059000001,923284.2189,34.0,64.0
5100.0,46,1031.3666667,63.2,963254.7744,30.0,62.0
5200.0,46,1051.382353,65.79411765,1003016.071,34.0,66.0
5300.0,46,1069.90625,67.6875,1040521.606,32.0,64.0
5400.0,46,1088.542857,67.05714286,1078862.212,35.0,66.0
5500.0,46,1106.766667,68.33333333,1117091.899,30.0,64.0
5600.0,46,1128.516129,65.61290323,1163440.803,31.0,66.0
5700.0,46,1149.30303,64.06060606,1208664.853,33.0,66.0
5800.0,46,1167.516129,64.83870968,1249062.486,31.0,68.0
5900.0,46,1189.258065,64.25806452,1298112.23,31.0,64.0
6000.0,46,1207.625,63.3125,1340272.863,32.0,64.0
6100.0,46,1228.419355,67.22580645,1388968.904,31.0,62.0
6200.0,46,1245.428571,67.96428571,1429372.185,28.0,66.0
6300.0,46,1263.34375,72.34375,1472702.299,32.0,62.0
6400.0,46,1284.121212,74.18181818,1523639.927,33.0,66.0
6500.0,46,1302.606061,72.39393939,1569523.432,33.0,66.0
6600.0,46,1322.727273,71.48484848,1620296.309,33.0,64.0
6700.0,46,1342.028571,73.05714286,1669869.461,35.0,66.0
6800.0,46,1361.3125,74.40625,1720136.138,32.0,66.0
6900.0,46,1378.451613,75.70967741999999,1765444.675,31.0,64.0
7000.0,46,1396.28125,75.90625,1813144.338,32.0,64.0
7100.0,46,1415.375,76.34375,1864942.884,32.0,62.0
7200.0,46,1435.677419,77.96774194,1920884.105,31.0,62.0
7300.0,46,1456.25,75.59375,1978194.103,32.0,66.0
7400.0,46,1478.30303,74.45454545,2040647.571,33.0,66.0
7500.0,46,1499.966667,78.73333333,2103228.939,30.0,64.0
7600.0,46,1522.7,79.3,2169703.78,30.0,64.0
7700.0,46,1543.580645,81.67741935000001,2231786.602,31.0,62.0
7800.0,46,1561.935484,82.16129032,2286983.256,31.0,66.0
7900.0,46,1582.1,83.73333333,2348468.348,30.0,66.0
8000.0,46,1602.757576,83.60606061,2412185.456,33.0,64.0
8100.0,46,1622.709677,84.16129032,2474582.723,31.0,64.0
8200.0,46,1640.1875,84.9375,2529916.914,32.0,64.0
8300.0,46,1660.266667,83.1,2594054.348,30.0,64.0
8400.0,46,1681.90625,83.25,2664223.571,32.0,64.0
8500.0,46,1701.5625,85.4375,2728914.508,32.0,64.0
8600.0,46,1720.451613,87.29032258000001,2791799.159,31.0,62.0
8700.0,46,1740.333333,88.53333333,2858711.596,30.0,60.0
8800.0,46,1759.793103,89.03448276,2924916.147,29.0,62.0
8900.0,46,1779.090909,91.54545455,2991481.397,33.0,64.0
9000.0,46,1797.8,94.36666667,3056773.241,30.0,64.0
9100.0,46,1818.828571,94.22857143,3130710.682,35.0,66.0
9200.0,46,1838.892857,95.32142857,3202191.686,28.0,62.0
9300.0,46,1860.741935,96.74193548,3280971.165,31.0,62.0
9400.0,46,1881.290323,99.41935484,3356066.518,31.0,66.0
9500.0,46,1899.242424,97.84848485,3421987.021,33.0,64.0
9600.0,46,1920.151515,97.51515152,3499724.379,33.0,64.0
9700.0,46,1940.411765,98.11764706,3575971.948,34.0,66.0
9800.0,46,1960.40625,103.03125,3652464.354,32.0,64.0
9900.0,46,1978.939394,106.15151515,3723960.178,33.0,68.0
10000.0,46,1998.580645,102.83870968,3799758.46,31.0,62.0
0.0,47,50.0,50.0,0.0,37.0,64.0
100.0,47,70.45454545,53.090909091,427.9421488,33.0,62.0
200.0,47,91.0,52.0,1685.0,30.0,64.0
300.0,47,110.12121212,49.575757576,3614.740129,33.0,66.0
400.0,47,131.03225806,50.096774194,6566.236212,31.0,62.0
500.0,47,152.030303,52.606060606,10416.97429,33.0,64.0
600.0,47,172.06666669999998,50.066666667,14900.27556,30.0,64.0
700.0,47,191.0606061,51.515151515,19900.39027,33.0,64.0
800.0,47,212.6666667,51.181818182,26461.84114,33.0,66.0
900.0,47,233.6666667,51.5,33735.69444,30.0,60.0
1000.0,47,252.4857143,53.828571429,41015.12245,35.0,68.0
1100.0,47,269.43333329999996,52.466666667,48157.07222,30.0,66.0
1200.0,47,287.53125,54.71875,56443.36133,32.0,64.0
1300.0,47,307.5666667,54.633333332999996,66362.05556,30.0,64.0
1400.0,47,325.34375,54.65625,75835.86133,32.0,64.0
1500.0,47,345.8181818,54.848484848,87531.9045,33.0,64.0
1600.0,47,364.15625,55.90625,98729.0332,32.0,66.0
1700.0,47,381.3030303,54.484848485,109781.8118,33.0,64.0
1800.0,47,403.5757576,54.060606061,125032.3049,33.0,64.0
1900.0,47,421.34375,55.46875,137926.0879,32.0,64.0
2000.0,47,441.2,58.2,153104.68,30.0,64.0
2100.0,47,461.0909091,55.515151515,169026.1524,33.0,66.0
2200.0,47,481.4827586,58.93103448,186257.1344,29.0,64.0
2300.0,47,503.8709677,56.5483871,206041.7367,31.0,62.0
2400.0,47,524.9032258,55.419354839,225562.4433,31.0,66.0
2500.0,47,543.2068965999999,56.65517241,243297.3341,29.0,62.0
2600.0,47,561.3333333,60.0,261561.7778,33.0,64.0
2700.0,47,579.7428571,60.82857143,280744.7527,35.0,68.0
2800.0,47,601.4285714,60.107142859999996,304175.6237,28.0,64.0
2900.0,47,619.2647059,61.67647059,324198.6453,34.0,68.0
3000.0,47,639.9142857,61.2,348124.3045,35.0,64.0
3100.0,47,657.8125,61.0,369557.0352,32.0,66.0
3200.0,47,676.7878788,61.48484848,392994.9467,33.0,68.0
3300.0,47,693.1290323,62.096774190000005,413761.2841,31.0,66.0
3400.0,47,713.2413793,60.62068966,440001.9263,29.0,60.0
3500.0,47,733.9032258,63.258064520000005,467899.3985,31.0,62.0
3600.0,47,753.8484848,60.63636364,495515.8219,33.0,68.0
3700.0,47,774.4375,62.9375,524977.0703,32.0,64.0
3800.0,47,794.5,60.26470588,554385.6142,34.0,66.0
3900.0,47,812.483871,59.48387097,581471.5973,31.0,64.0
4000.0,47,831.5428571,60.31428571,610915.622,35.0,66.0
4100.0,47,849.9375,61.53125,640032.9736,32.0,66.0
4200.0,47,867.09375,59.1875,667726.6064,32.0,64.0
4300.0,47,887.0909091,60.90909091,700840.1983,33.0,68.0
4400.0,47,905.3636364,59.66666667,731740.3949,33.0,66.0
4500.0,47,926.3548387,61.32258065,768126.0042,31.0,62.0
4600.0,47,947.5,62.5,805662.5,28.0,64.0
4700.0,47,971.3214286,59.75,848928.2372,28.0,68.0
4800.0,47,992.2333333,61.13333333,887927.6056,30.0,66.0
4900.0,47,1010.5333333,55.533333333,922654.9022,30.0,62.0
5000.0,47,1028.0322581,56.22580645,956585.8585,31.0,64.0
5100.0,47,1046.419355,52.903225806,992859.9594,31.0,62.0
5200.0,47,1064.34375,54.90625,1028917.314,32.0,62.0
5300.0,47,1081.970588,54.352941176,1064982.243,34.0,66.0
5400.0,47,1103.878788,52.787878788,1110668.272,33.0,66.0
5500.0,47,1123.612903,53.225806452,1152655.072,31.0,66.0
5600.0,47,1143.272727,54.848484848,1195268.764,33.0,62.0
5700.0,47,1162.645161,56.38709677,1238020.05,31.0,62.0
5800.0,47,1182.806452,53.870967742,1283265.441,31.0,66.0
5900.0,47,1203.25,51.571428571,1329988.032,28.0,64.0
6000.0,47,1224.375,50.78125,1379157.251,32.0,64.0
6100.0,47,1243.4,49.314285714,1424204.03,35.0,64.0
6200.0,47,1260.393939,50.393939394,1465053.644,33.0,64.0
6300.0,47,1282.033333,49.033333333,1517907.069,30.0,64.0
6400.0,47,1299.387097,48.548387097,1560970.225,31.0,62.0
6500.0,47,1319.272727,51.151515152,1611054.582,33.0,66.0
6600.0,47,1338.62069,52.413793103,1660549.108,29.0,62.0
6700.0,47,1358.6,54.4,1712453.32,30.0,66.0
6800.0,47,1378.607143,51.964285714,1765200.798,28.0,64.0
6900.0,47,1398.121212,53.545454545,1817443.373,33.0,66.0
7000.0,47,1416.645161,52.451612903,1867725.007,31.0,64.0
7100.0,47,1437.633333,52.433333333,1925532.189,30.0,62.0
7200.0,47,1460.382353,52.5,1989184.631,34.0,66.0
7300.0,47,1480.8,50.733333333,2047189.178,30.0,64.0
7400.0,47,1500.9,50.033333333,2105110.811,30.0,60.0
7500.0,47,1522.034483,52.275862069,2166890.698,29.0,64.0
7600.0,47,1539.2,55.933333333,2217751.844,30.0,64.0
7700.0,47,1559.257143,56.05714286,2277893.812,35.0,66.0
7800.0,47,1576.470588,55.794117647,2330146.029,34.0,66.0
7900.0,47,1600.676471,57.08823529,2404647.76,34.0,68.0
8000.0,47,1623.484848,61.0,2475975.568,33.0,66.0
8100.0,47,1643.8125,62.03125,2540383.036,32.0,64.0
8200.0,47,1665.666667,61.23333333,2610504.966,30.0,64.0
8300.0,47,1684.964286,64.10714286,2673307.227,28.0,60.0
8400.0,47,1704.470588,65.32352940999999,2737507.738,34.0,66.0
8500.0,47,1723.903226,61.645161290000004,2802087.619,31.0,62.0
8600.0,47,1740.090909,60.727272729999996,2856522.355,33.0,64.0
8700.0,47,1762.515152,63.121212119999996,2932880.31,33.0,64.0
8800.0,47,1779.65625,61.625,2991845.884,32.0,66.0
8900.0,47,1797.571429,62.571428569999995,3054163.939,28.0,64.0
9000.0,47,1816.909091,64.51515152,3122178.425,33.0,64.0
9100.0,47,1834.029412,64.14705882,3182961.081,34.0,66.0
9200.0,47,1853.740741,66.44444444,3253751.08,27.0,64.0
9300.0,47,1874.733333,63.66666667,3329838.516,30.0,62.0
9400.0,47,1891.290323,67.19354839,3390645.67,31.0,62.0
9500.0,47,1910.30303,68.84848485,3461082.63,33.0,66.0
9600.0,47,1929.272727,70.54545455,3532088.099,33.0,64.0
9700.0,47,1947.96875,69.3125,3602658.349,32.0,62.0
9800.0,47,1967.818182,71.84848485,3678503.935,33.0,66.0
9900.0,47,1986.733333,72.93333333,3751461.942,30.0,62.0
10000.0,47,2007.516129,72.74193548,3832386.591,31.0,62.0
0.0,48,50.0,50.0,0.0,37.0,64.0
100.0,48,68.09677419,49.483870968,327.7596254,31.0,66.0
200.0,48,88.8125,50.59375,1506.762695,32.0,64.0
300.0,48,108.29032258000001,51.129032258,3399.03642,31.0,64.0
400.0,48,131.3030303,48.696969697,6611.880624,33.0,66.0
500.0,48,152.5454545,51.272727273,10517.19008,33.0,66.0
600.0,48,171.6969697,50.03030303,14810.15335,33.0,66.0
700.0,48,192.3571429,48.392857143,20268.13903,28.0,62.0
800.0,48,213.8666667,47.933333333,26856.55556,30.0,66.0
900.0,48,230.2666667,45.1666666667,32519.43222,30.0,66.0
1000.0,48,249.0625,41.90625,39691.3877,32.0,66.0
1100.0,48,269.03225810000004,43.387096774,48018.86056,31.0,64.0
1200.0,48,289.6875,42.03125,57513.59863,32.0,66.0
1300.0,48,308.9393939,42.424242424,67107.00184,33.0,62.0
1400.0,48,327.5666667,41.5,77115.50444,30.0,64.0
1500.0,48,346.625,37.3125,88147.36328,32.0,64.0
1600.0,48,367.8928571,34.357142859999996,101300.5676,28.0,64.0
1700.0,48,385.6,33.96666667,112884.4278,30.0,64.0
1800.0,48,403.8787879,34.60606061,125467.1699,33.0,64.0
1900.0,48,424.71875,35.21875,140632.627,32.0,64.0
2000.0,48,443.9393939,34.75757576,155420.5776,33.0,66.0
2100.0,48,460.8928571,33.642857140000004,169100.4962,28.0,60.0
2200.0,48,483.3548387,34.38709677,188040.179,31.0,62.0
2300.0,48,503.34375,32.59375,205823.5332,32.0,64.0
2400.0,48,522.4411765,31.058823529999998,223559.4334,34.0,64.0
2500.0,48,542.3225806,30.32258065,242768.7242,31.0,66.0
2600.0,48,560.4375,32.25,260861.5039,32.0,64.0
2700.0,48,579.5625,32.125,280755.957,32.0,66.0
2800.0,48,596.4117647,34.91176471,298793.4715,34.0,64.0
2900.0,48,616.0,35.72413793,320559.8002,29.0,62.0
3000.0,48,636.3636364,36.151515152,344014.0946,33.0,66.0
3100.0,48,655.0,38.633333333,366154.2011,30.0,64.0
3200.0,48,672.8709677,40.451612903,388059.4142,31.0,66.0
3300.0,48,694.2352941,37.823529412,415187.3806,34.0,64.0
3400.0,48,712.8333333,39.5,439458.2778,30.0,62.0
3500.0,48,731.9677419,40.483870968,465170.5578,31.0,62.0
3600.0,48,750.0588235,41.617647059,490152.6202,34.0,66.0
3700.0,48,768.90625,43.09375,516873.8926,32.0,66.0
3800.0,48,788.030303,43.363636364,544732.7695,33.0,64.0
3900.0,48,809.3125,43.40625,576598.9502,32.0,66.0
4000.0,48,830.0,46.03225806452,608415.743,31.0,64.0
4100.0,48,849.030303,47.393939394,638456.2167,33.0,66.0
4200.0,48,866.1612903,49.709677419,666119.3361,31.0,64.0
4300.0,48,884.9655172,47.482758621,697173.7515,29.0,62.0
4400.0,48,900.4375,52.09375,723248.3252,32.0,64.0
4500.0,48,918.5454545,54.96969697,754395.9045,33.0,64.0
4600.0,48,937.9090909,54.606060606,788403.7695,33.0,66.0
4700.0,48,960.3928571,55.714285714,828847.8074,28.0,62.0
4800.0,48,976.4193548,55.677419355,858285.0541,31.0,62.0
4900.0,48,992.3333333,56.42424242,888033.382,33.0,66.0
5000.0,48,1011.3666667,55.9,924260.6778,30.0,62.0
5100.0,48,1028.2333333000001,55.0,956965.4544,30.0,62.0
5200.0,48,1047.794118,53.705882353,995606.8348,34.0,64.0
5300.0,48,1067.272727,57.36363636,1034898.025,33.0,66.0
5400.0,48,1087.903226,53.193548387,1077253.305,31.0,64.0
5500.0,48,1103.741935,52.225806452,1110377.021,31.0,62.0
5600.0,48,1122.741935,54.419354839,1150794.791,31.0,62.0
5700.0,48,1140.225806,51.709677419,1188595.232,31.0,62.0
5800.0,48,1156.891892,50.702702703,1225210.154,37.0,66.0
5900.0,48,1177.133333,47.3,1270436.841,30.0,64.0
6000.0,48,1197.724138,47.310344828,1317277.931,29.0,60.0
6100.0,48,1215.689655,49.689655172,1358832.468,29.0,62.0
6200.0,48,1236.064516,47.580645161,1406754.89,31.0,66.0
6300.0,48,1256.53125,48.53125,1455719.814,32.0,66.0
6400.0,48,1277.0625,48.875,1505683.645,32.0,64.0
6500.0,48,1297.454545,47.636363636,1556148.43,33.0,64.0
6600.0,48,1316.821429,47.607142857,1604842.258,28.0,62.0
6700.0,48,1336.714286,46.4857142857,1655646.003,35.0,66.0
6800.0,48,1357.580645,46.7419354839,1709777.759,31.0,62.0
6900.0,48,1376.21875,43.5625,1758897.614,32.0,62.0
7000.0,48,1395.8,41.466666667,1811250.458,30.0,66.0
7100.0,48,1415.090909,43.575757576,1863514.461,33.0,64.0
7200.0,48,1437.4,43.866666667,1924916.378,30.0,64.0
7300.0,48,1455.516129,41.774193548,1975543.253,31.0,66.0
7400.0,48,1475.1875,43.40625,2031202.888,32.0,66.0
7500.0,48,1498.0625,40.28125,2096979.458,32.0,66.0
7600.0,48,1516.633333,43.5,2151055.584,30.0,62.0
7700.0,48,1535.454545,43.515151515,2206617.26,33.0,66.0
7800.0,48,1555.90625,46.25,2267767.696,32.0,64.0
7900.0,48,1575.125,46.625,2326017.656,32.0,64.0
8000.0,48,1594.0,44.818181818,2383962.851,33.0,66.0
8100.0,48,1615.84375,47.1875,2451874.56,32.0,64.0
8200.0,48,1635.34375,45.15625,2513338.268,32.0,64.0
8300.0,48,1653.5,46.0,2571228.25,28.0,62.0
8400.0,48,1671.657143,47.142857143,2629780.052,35.0,66.0
8500.0,48,1686.733333,45.6666666667,2678914.782,30.0,62.0
8600.0,48,1705.448276,44.931034483,2740534.688,29.0,62.0
8700.0,48,1725.6,44.633333333,2807664.161,30.0,62.0
8800.0,48,1746.53125,44.6875,2878246.505,32.0,64.0
8900.0,48,1767.411765,48.176470588,2949506.495,34.0,66.0
9000.0,48,1787.787879,48.909090909,3019907.902,33.0,66.0
9100.0,48,1807.0,49.8125,3087049.035,32.0,64.0
9200.0,48,1827.65625,51.5625,3160064.185,32.0,66.0
9300.0,48,1846.428571,51.628571429,3227158.264,35.0,64.0
9400.0,48,1864.129032,50.483870968,3291064.38,31.0,64.0
9500.0,48,1881.967742,52.483870968,3356111.977,31.0,64.0
9600.0,48,1900.741935,54.483870968,3425265.817,31.0,62.0
9700.0,48,1919.424242,56.54545455,3494789.841,33.0,66.0
9800.0,48,1939.129032,58.58064516,3568882.128,31.0,66.0
9900.0,48,1959.225806,56.51612903,3645185.64,31.0,64.0
10000.0,48,1977.741935,54.290322581,3716207.377,31.0,64.0
0.0,49,50.0,50.0,0.0,37.0,64.0
100.0,49,68.73529411999999,50.647058824,351.4299308,34.0,68.0
200.0,49,88.57575758,47.666666667,1493.533517,33.0,64.0
300.0,49,109.61290323,48.774193548,3555.200832,31.0,62.0
400.0,49,132.57142857,48.857142857,6819.346939,35.0,66.0
500.0,49,153.46666670000002,46.5666666667,10717.13889,30.0,64.0
600.0,49,174.3333333,48.6,15460.73778,30.0,66.0
700.0,49,191.8064516,48.064516129,20112.81582,31.0,66.0
800.0,49,211.2666667,50.8,26007.57778,30.0,68.0
900.0,49,231.2580645,50.290322581,32854.57024,31.0,64.0
1000.0,49,252.1666667,50.933333333,40872.23222,30.0,60.0
1100.0,49,272.969697,49.818181818,49715.51882,33.0,62.0
1200.0,49,292.6666667,48.766666667,58888.63222,30.0,64.0
1300.0,49,313.1935484,52.0,69274.84391,31.0,66.0
1400.0,49,330.6451613,49.483870968,78761.97294,31.0,64.0
1500.0,49,349.2258065,48.387096774,89538.6847,31.0,62.0
1600.0,49,369.0,45.59375,101780.415,32.0,64.0
1700.0,49,388.5294118,44.088235294,114637.1116,34.0,66.0
1800.0,49,407.0689655,44.75862069,127525.7182,29.0,64.0
1900.0,49,425.4117647,45.1470588235,140957.5441,34.0,66.0
2000.0,49,444.5172414,47.482758621,155650.1902,29.0,60.0
2100.0,49,463.5757576,48.909090909,171046.0973,33.0,66.0
2200.0,49,481.9,48.1,186541.22,30.0,64.0
2300.0,49,499.5333333,46.5666666667,202092.0056,30.0,64.0
2400.0,49,519.4516129,48.064516129,220388.563,31.0,62.0
2500.0,49,538.4333333,49.633333333,238567.2556,30.0,62.0
2600.0,49,560.9,48.766666667,261020.3311,30.0,62.0
2700.0,49,575.09375,51.75,275726.5088,32.0,64.0
2800.0,49,595.0689655,53.413793103,297111.8312,29.0,64.0
2900.0,49,617.2121212,51.939393939,321733.3517,33.0,64.0
3000.0,49,637.5806452,51.967741935,345254.8866,31.0,66.0
3100.0,49,657.5454545,52.424242424,369117.3563,33.0,66.0
3200.0,49,675.6333333,51.966666667,391420.9356,30.0,64.0
3300.0,49,694.5333333,55.7,415455.7078,30.0,64.0
3400.0,49,711.1935484,58.51612903,437249.4329,31.0,64.0
3500.0,49,729.1875,56.9375,461343.7891,32.0,66.0
3600.0,49,749.0,56.7,488645.89,30.0,64.0
3700.0,49,768.2580645,58.032258060000004,515959.1644,31.0,62.0
3800.0,49,787.4705882,54.617647059,543884.1912,34.0,66.0
3900.0,49,807.0,55.15625,573075.5869,32.0,62.0
4000.0,49,824.0,56.15625,599113.8994,32.0,64.0
4100.0,49,843.1176471,56.35294118,629075.9619,34.0,66.0
4200.0,49,862.34375,54.125,659919.3838,32.0,64.0
4300.0,49,884.28125,55.84375,696059.3535,32.0,66.0
4400.0,49,902.5666667,59.26666667,726955.7922,30.0,66.0
4500.0,49,919.25,59.53125,755686.4072,32.0,66.0
4600.0,49,937.96875,61.0,788609.501,32.0,64.0
4700.0,49,957.3333333,59.63333333,823346.5789,30.0,64.0
4800.0,49,978.6896552,62.68965517,862625.503,29.0,62.0
4900.0,49,997.9666667,60.5,898751.0511,30.0,66.0
5000.0,49,1015.8333333,59.53333333,932924.9122,30.0,64.0
5100.0,49,1037.6206897,62.03448276,975539.4554,29.0,64.0
5200.0,49,1056.0,63.33333333,1012213.778,33.0,64.0
5300.0,49,1077.0,65.0,1054954.0,29.0,64.0
5400.0,49,1096.5,64.9375,1095385.379,32.0,64.0
5500.0,49,1115.034483,64.89655172,1134520.357,29.0,60.0
5600.0,49,1134.482759,64.55172414,1176314.606,29.0,62.0
5700.0,49,1153.419355,64.5483871,1217745.928,31.0,64.0
5800.0,49,1171.966667,65.96666667,1259064.136,30.0,64.0
5900.0,49,1191.068966,67.37931034,1302340.424,29.0,64.0
6000.0,49,1210.2,69.2,1346432.68,30.0,62.0
6100.0,49,1230.771429,73.62857143,1394779.476,35.0,66.0
6200.0,49,1249.28125,77.09375,1439009.588,32.0,66.0
6300.0,49,1267.333333,75.36363636,1482543.758,33.0,66.0
6400.0,49,1286.030303,74.90909091,1528391.373,33.0,64.0
6500.0,49,1304.545455,77.39393939,1574634.725,33.0,66.0
6600.0,49,1320.575758,72.51515152,1614869.688,33.0,64.0
6700.0,49,1341.882353,72.67647059000001,1669474.236,34.0,66.0
6800.0,49,1362.034483,72.41379309999999,1721936.862,29.0,64.0
6900.0,49,1381.363636,71.33333333,1772984.243,33.0,64.0
7000.0,49,1401.764706,72.20588235,1827760.921,34.0,68.0
7100.0,49,1420.914286,73.42857143,1879954.877,35.0,66.0
7200.0,49,1440.28125,74.0625,1933460.958,32.0,66.0
7300.0,49,1460.545455,76.42424242,1990336.72,33.0,66.0
7400.0,49,1476.818182,78.54545455,2036624.967,33.0,64.0
7500.0,49,1497.46875,75.78125,2095830.455,32.0,62.0
7600.0,49,1517.966667,74.93333333,2155547.806,30.0,62.0
7700.0,49,1535.5625,74.84375,2207513.153,32.0,62.0
7800.0,49,1552.466667,73.03333333,2257936.619,30.0,68.0
7900.0,49,1574.606061,74.60606061,2325029.098,33.0,66.0
8000.0,49,1596.483871,73.90322581,2392183.727,31.0,62.0
8100.0,49,1614.333333,72.23333333,2447633.099,30.0,62.0
8200.0,49,1633.258065,68.25806452,2507039.456,31.0,64.0
8300.0,49,1654.352941,69.14705882,2574314.97,34.0,66.0
8400.0,49,1671.193548,70.48387097,2628688.11,31.0,64.0
8500.0,49,1689.676471,72.73529411999999,2689055.822,34.0,66.0
8600.0,49,1707.542857,72.68571428999999,2747962.965,35.0,66.0
8700.0,49,1729.033333,73.0,2819681.934,30.0,64.0
8800.0,49,1748.517241,76.06896552,2885640.41,29.0,64.0
8900.0,49,1771.46875,78.28125,2964254.486,32.0,64.0
9000.0,49,1787.774194,76.19354839,3020545.25,31.0,62.0
9100.0,49,1808.424242,79.3030303,3092914.484,33.0,66.0
9200.0,49,1830.8125,81.875,3172309.176,32.0,64.0
9300.0,49,1847.363636,82.0,3231540.041,33.0,64.0
9400.0,49,1866.9,86.4,3302450.57,30.0,64.0
9500.0,49,1883.885714,84.34285714,3364316.245,35.0,66.0
9600.0,49,1902.852941,84.44117647,3434250.216,34.0,66.0
9700.0,49,1924.40625,85.25,3514641.353,32.0,66.0
9800.0,49,1943.2,86.8,3585560.48,30.0,62.0
9900.0,49,1962.033333,84.33333333,3657050.246,30.0,62.0
10000.0,49,1979.2,83.08571429,3722907.304,35.0,64.0
0.0,50,50.0,50.0,0.0,37.0,64.0
100.0,50,69.15625,49.78125,367.0097656,32.0,64.0
200.0,50,87.46666667,50.733333333,1404.288889,30.0,64.0
300.0,50,105.17241379000001,49.137931034,3044.738407,29.0,62.0
400.0,50,126.97058824,45.6176470588,5943.676471,34.0,66.0
500.0,50,146.75,45.84375,9377.836914,32.0,62.0
600.0,50,166.0645161,46.8064516129,13481.17066,31.0,64.0
700.0,50,186.2222222,46.8888888889,18566.17284,36.0,66.0
800.0,50,204.5,47.294117647,23877.5718,34.0,62.0
900.0,50,220.375,47.40625,29034.36816,32.0,62.0
1000.0,50,241.2258065,45.7419354839,36585.44017,31.0,64.0
1100.0,50,260.137931,41.103448276,44237.09869,29.0,66.0
1200.0,50,281.28125,38.5625,53621.83301,32.0,66.0
1300.0,50,301.9354839,40.64516129,63559.00104,31.0,60.0
1400.0,50,321.0,39.71875,73546.7041,32.0,64.0
1500.0,50,343.3125,42.0625,86095.22656,32.0,62.0
1600.0,50,363.875,39.21875,98633.75098,32.0,66.0
1700.0,50,381.5151515,38.454545455,110035.5932,33.0,66.0
1800.0,50,399.5625,37.9375,122339.4453,32.0,66.0
1900.0,50,418.4,36.6,135898.12,30.0,62.0
2000.0,50,440.8,40.066666667,152823.3111,30.0,62.0
2100.0,50,460.2727273,43.03030303,168372.2874,33.0,64.0
2200.0,50,481.1333333,40.733333333,185961.8222,30.0,64.0
2300.0,50,500.3428571,41.314285714,202884.1306,35.0,66.0
2400.0,50,518.4333333,38.266666667,219567.4589,30.0,62.0
2500.0,50,538.1666667,38.566666667,238437.4156,30.0,60.0
2600.0,50,556.4545455,42.121212121,256558.2819,33.0,66.0
2700.0,50,576.6470588,41.5,277429.3746,34.0,66.0
2800.0,50,594.8181818,44.333333333,296858.9624,33.0,64.0
2900.0,50,615.8285714,43.914285714,320199.0082,35.0,66.0
3000.0,50,637.4516129,43.387096774,345143.128,31.0,64.0
3100.0,50,654.9333333,42.3,366003.6278,30.0,64.0
3200.0,50,675.5,40.625,391338.1406,32.0,66.0
3300.0,50,694.9666667,37.933333333,416127.6056,30.0,64.0
3400.0,50,713.2647059,39.088235294,440039.1367,34.0,64.0
3500.0,50,735.2903226,36.387096774,469808.1374,31.0,64.0
3600.0,50,756.0967742,39.064516129,498692.2393,31.0,64.0
3700.0,50,773.1290323,38.774193548,523041.616,31.0,62.0
3800.0,50,791.3823529,39.705882353,549753.7621,34.0,64.0
3900.0,50,811.0625,38.28125,579353.458,32.0,68.0
4000.0,50,829.5666667,37.966666667,607868.9889,30.0,60.0
4100.0,50,850.8064516,36.903225806,641462.4984,31.0,60.0
4200.0,50,869.5483871,39.35483871,671772.8783,31.0,64.0
4300.0,50,888.3225806,37.193548387,702948.7544,31.0,62.0
4400.0,50,906.2857143,37.928571429,733370.9439,28.0,60.0
4500.0,50,929.1875,38.5625,773101.4766,32.0,64.0
4600.0,50,950.6896552,42.206896552,811302.5874,29.0,62.0
4700.0,50,970.1081081,43.027027027,846647.553,37.0,66.0
4800.0,50,990.375,45.09375,884329.2119,32.0,64.0
4900.0,50,1009.8181818,46.3939393939,921263.9458,33.0,64.0
5000.0,50,1033.6428571000001,45.8928571429,967570.139,28.0,62.0
5100.0,50,1050.322581,45.8709677419,1000662.314,31.0,66.0
5200.0,50,1071.125,44.90625,1042722.212,32.0,64.0
5300.0,50,1090.294118,42.441176471,1082268.987,34.0,66.0
5400.0,50,1109.411765,43.882352941,1122390.713,34.0,64.0
5500.0,50,1129.666667,43.454545455,1165722.954,33.0,64.0
5600.0,50,1147.258065,42.096774194,1204037.721,31.0,64.0
5700.0,50,1166.483871,41.322580645,1246611.532,31.0,64.0
5800.0,50,1185.78125,41.25,1290075.61,32.0,64.0
5900.0,50,1205.735294,39.941176471,1335825.25,34.0,66.0
6000.0,50,1221.058824,44.441176471,1371409.669,34.0,64.0
6100.0,50,1244.387097,41.741935484,1426628.733,31.0,64.0
6200.0,50,1260.939394,41.333333333,1466449.327,33.0,64.0
6300.0,50,1280.46875,40.0625,1514152.099,32.0,62.0
6400.0,50,1303.0625,41.53125,1570237.349,32.0,64.0
6500.0,50,1321.727273,45.4545454545,1617310.917,33.0,64.0
6600.0,50,1343.833333,46.1333333333,1674019.646,30.0,64.0
6700.0,50,1363.258065,46.7419354839,1724657.359,31.0,62.0
6800.0,50,1381.30303,46.7575757576,1772378.272,33.0,66.0
6900.0,50,1400.1,47.3,1822777.3,30.0,64.0
7000.0,50,1419.545455,46.5454545455,1875666.686,33.0,66.0
7100.0,50,1439.3125,43.0,1930238.223,32.0,64.0
7200.0,50,1457.166667,44.566666667,1980147.549,30.0,62.0
7300.0,50,1477.0,49.8125,2036329.035,32.0,64.0
7400.0,50,1494.37931,52.689655172,2086238.826,29.0,64.0
7500.0,50,1512.875,53.3125,2140014.238,32.0,66.0
7600.0,50,1531.545455,53.03030303,2194986.117,33.0,66.0
7700.0,50,1549.375,56.1875,2248163.676,32.0,66.0
7800.0,50,1568.705882,58.23529412,2306535.377,34.0,68.0
7900.0,50,1589.375,56.34375,2369715.634,32.0,64.0
8000.0,50,1608.272727,56.121212119999996,2428251.362,33.0,64.0
8100.0,50,1625.483871,57.967741939999996,2482212.913,31.0,62.0
8200.0,50,1644.558824,57.32352941,2542671.476,34.0,66.0
8300.0,50,1664.322581,59.51612903,2606127.951,31.0,62.0
8400.0,50,1683.258065,59.967741939999996,2667631.261,31.0,64.0
8500.0,50,1704.413793,61.03448276,2737206.759,29.0,64.0
8600.0,50,1722.78125,61.125,2798320.876,32.0,64.0
8700.0,50,1741.65625,61.28125,2861828.135,32.0,66.0
8800.0,50,1759.612903,60.38709677,2922884.171,31.0,62.0
8900.0,50,1779.315789,61.28947368,2990660.552,38.0,68.0
9000.0,50,1799.193548,62.32258065,3059829.916,31.0,64.0
9100.0,50,1816.666667,62.93939394,3121278.539,33.0,66.0
9200.0,50,1837.5625,64.15625,3195580.091,32.0,62.0
9300.0,50,1855.633333,63.3,3260488.624,30.0,64.0
9400.0,50,1873.903226,65.80645161,3326872.821,31.0,62.0
9500.0,50,1893.3125,62.9375,3397968.352,32.0,62.0
9600.0,50,1910.941176,63.85294118,3463293.966,34.0,64.0
9700.0,50,1931.535714,62.642857140000004,3540336.486,28.0,64.0
9800.0,50,1950.0,64.5,3610210.25,34.0,64.0
9900.0,50,1970.818182,61.90909091,3689684.314,33.0,64.0
10000.0,50,1989.967742,64.12903226,3763674.469,31.0,64.0
0.0,51,50.0,50.0,0.0,37.0,64.0
100.0,51,67.57575758,47.727272727,314.0725436,33.0,64.0
200.0,51,88.5483871,49.387096774,1486.353798,31.0,68.0
300.0,51,109.64864865,47.702702703,3563.23886,37.0,68.0
400.0,51,130.06451613000002,45.6129032258,6429.573361,31.0,64.0
500.0,51,148.7096774,45.4838709677,9763.995838,31.0,64.0
600.0,51,165.03125,46.59375,13243.79102,32.0,64.0
700.0,51,189.1333333,45.96666666667,19374.35222,30.0,64.0
800.0,51,208.7878788,43.818181818,25251.80533,33.0,66.0
900.0,51,233.0666667,45.3333333333,33535.18222,30.0,64.0
1000.0,51,252.2666667,45.8666666667,40928.88889,30.0,66.0
1100.0,51,273.35483869999996,42.838709677,49938.66805,31.0,66.0
1200.0,51,292.875,42.1875,59049.30078,32.0,64.0
1300.0,51,310.1153846,38.923076922999996,67782.71154,26.0,62.0
1400.0,51,327.5,37.75,77156.3125,32.0,62.0
1500.0,51,345.6944444,36.305555556,87622.74228,36.0,66.0
1600.0,51,365.0,38.068965517,99367.34958,29.0,66.0
1700.0,51,386.1612903,42.580645161,113059.4599,31.0,64.0
1800.0,51,406.4,41.485714286000004,127093.4531,35.0,66.0
1900.0,51,424.8275862,38.206896552,140634.7967,29.0,62.0
2000.0,51,446.0,37.5,156972.25,30.0,62.0
2100.0,51,468.2068966,37.310344828,175058.0357,29.0,62.0
2200.0,51,489.0606061,38.575757576,192904.7291,33.0,62.0
2300.0,51,508.4193548,36.096774194,210341.6046,31.0,62.0
2400.0,51,527.8928571,35.607142859999996,228588.7372,28.0,62.0
2500.0,51,545.1071429,38.785714286,245256.8431,28.0,64.0
2600.0,51,564.6470588,40.382352941,264954.0943,34.0,66.0
2700.0,51,583.1764706,41.264705882,284353.4542,34.0,64.0
2800.0,51,606.0,45.6875,309154.5977,32.0,66.0
2900.0,51,624.7058824,46.08823529412,330302.1531,34.0,66.0
3000.0,51,646.1,46.2,355349.65,30.0,64.0
3100.0,51,666.9354839,45.6774193548,380628.076,31.0,64.0
3200.0,51,687.7096774,47.193548387,406681.5088,31.0,66.0
3300.0,51,707.9666667,46.8666666667,432929.9522,30.0,66.0
3400.0,51,728.9032258,44.806451613,460936.563,31.0,62.0
3500.0,51,749.5757576,44.090909091,489441.1579,33.0,64.0
3600.0,51,770.0714286,43.892857143,518540.1594,28.0,66.0
3700.0,51,791.0645161,44.903225806,549202.5942,31.0,68.0
3800.0,51,812.1212121,43.575757576,580870.0129,33.0,66.0
3900.0,51,832.8275862,42.206896552,612879.7622,29.0,64.0
4000.0,51,850.7931034,42.482758621,641326.1034,29.0,64.0
4100.0,51,870.0645161,38.580645161,672636.2123,31.0,60.0
4200.0,51,887.7878788,38.666666667,702016.9743,33.0,64.0
4300.0,51,907.0967742,40.161290323,734711.6805,31.0,66.0
4400.0,51,925.8125,38.34375,767183.4033,32.0,64.0
4500.0,51,942.1764706,38.823529412,796103.7682,34.0,64.0
4600.0,51,961.5806452,38.741935484,831106.0166,31.0,64.0
4700.0,51,981.4411765,40.205882353,867678.59,34.0,64.0
4800.0,51,1000.5862069,38.379310345,903749.1772,29.0,62.0
4900.0,51,1019.7647059,39.676470588,940550.16,34.0,64.0
5000.0,51,1039.8125,38.21875,979867.583,32.0,66.0
5100.0,51,1057.705882,38.970588235,1015592.793,34.0,66.0
5200.0,51,1076.151515,38.606060606,1053116.754,33.0,64.0
5300.0,51,1094.870968,37.612903226,1091908.779,31.0,66.0
5400.0,51,1112.033333,36.9,1128086.411,30.0,66.0
5500.0,51,1133.0625,40.09375,1173122.513,32.0,62.0
5600.0,51,1156.96875,40.65625,1225467.119,32.0,66.0
5700.0,51,1175.1,41.366666667,1265924.544,30.0,62.0
5800.0,51,1193.806452,39.483870968,1308403.788,31.0,66.0
5900.0,51,1214.529412,39.411764706,1356240.862,34.0,66.0
6000.0,51,1235.965517,39.896551724,1406616.288,29.0,66.0
6100.0,51,1252.970588,35.294117650000004,1447354.499,34.0,66.0
6200.0,51,1273.419355,37.032258065,1496923.08,31.0,64.0
6300.0,51,1292.9,37.1,1544966.82,30.0,66.0
6400.0,51,1314.709677,36.322580645,1599677.64,31.0,68.0
6500.0,51,1335.096774,36.903225806,1651645.245,31.0,64.0
6600.0,51,1353.382353,38.147058824,1698946.05,34.0,64.0
6700.0,51,1371.757576,37.575757576,1747197.451,33.0,62.0
6800.0,51,1392.53125,38.125,1802531.173,32.0,62.0
6900.0,51,1414.75,39.65625,1862649.556,32.0,64.0
7000.0,51,1435.433333,39.333333333,1919539.299,30.0,66.0
7100.0,51,1455.515152,39.03030303,1975593.175,33.0,68.0
7200.0,51,1476.535714,40.571428571,2035093.042,28.0,64.0
7300.0,51,1494.806452,43.322580645,2087510.271,31.0,64.0
7400.0,51,1514.257143,44.457142857,2144079.704,35.0,66.0
7500.0,51,1533.935484,41.806451613,2202131.655,31.0,62.0
7600.0,51,1557.0,44.451612903,2271079.785,31.0,66.0
7700.0,51,1575.8125,47.96875,2328107.911,32.0,66.0
7800.0,51,1594.483871,47.774193548,2385435.382,31.0,66.0
7900.0,51,1615.1,47.966666667,2449542.144,30.0,66.0
8000.0,51,1634.1875,49.75,2509650.098,32.0,64.0
8100.0,51,1650.741935,49.548387097,2562374.948,31.0,68.0
8200.0,51,1667.387097,52.0,2615945.021,31.0,62.0
8300.0,51,1686.344828,51.586206897,2677626.911,29.0,64.0
8400.0,51,1706.322581,49.709677419,2743404.575,31.0,66.0
8500.0,51,1725.16129,50.516129032,2806165.615,31.0,64.0
8600.0,51,1743.558824,49.794117647,2868141.531,34.0,66.0
8700.0,51,1762.352941,50.235294118,2932152.651,34.0,66.0
8800.0,51,1782.588235,52.323529412,3001867.392,34.0,64.0
8900.0,51,1798.37931,55.413793103,3056859.522,29.0,62.0
9000.0,51,1816.6875,57.09375,3121235.044,32.0,66.0
9100.0,51,1839.28125,56.53125,3201570.049,32.0,66.0
9200.0,51,1859.085714,57.05714286,3272840.925,35.0,66.0
9300.0,51,1879.625,56.78125,3347573.626,32.0,64.0
9400.0,51,1898.75,54.625,3417897.953,32.0,66.0
9500.0,51,1917.103448,55.896551724,3486110.056,29.0,68.0
9600.0,51,1935.387097,57.12903226,3554735.328,31.0,64.0
9700.0,51,1957.466667,57.1,3638479.494,30.0,62.0
9800.0,51,1976.852941,53.411764706,3712773.897,34.0,64.0
9900.0,51,1994.666667,52.366666667,3781734.046,30.0,64.0
10000.0,51,2013.333333,48.090909091,3854681.422,33.0,66.0
0.0,52,50.0,50.0,0.0,37.0,64.0
100.0,52,66.66666667,49.212121212,278.3985308,33.0,64.0
200.0,52,89.5,44.633333333,1589.051111,30.0,62.0
300.0,52,108.4375,48.40625,3417.481445,32.0,62.0
400.0,52,127.37931034,44.448275862,6018.37931,29.0,68.0
500.0,52,145.31034483000002,45.0344827586,9108.718193,29.0,64.0
600.0,52,164.2580645,44.161290323,13088.99584,31.0,64.0
700.0,52,184.53125,44.59375,18127.88477,32.0,64.0
800.0,52,206.1875,45.1875,24417.69531,32.0,64.0
900.0,52,224.7241379,46.9655172414,30537.73246,29.0,62.0
1000.0,52,243.2058824,47.470588235,37334.9109,34.0,68.0
1100.0,52,260.8064516,49.451612903,44439.66077,31.0,64.0
1200.0,52,281.96774189999996,46.6129032258,53820.50572,31.0,64.0
1300.0,52,301.84375,40.65625,63512.58008,32.0,66.0
1400.0,52,321.5,42.0,73776.25,34.0,66.0
1500.0,52,339.0625,39.75,83662.19141,32.0,64.0
1600.0,52,360.3125,41.71875,96362.42676,32.0,62.0
1700.0,52,379.9375,44.0625,108894.0078,32.0,64.0
1800.0,52,399.6666667,42.962962963,122316.2977,27.0,62.0
1900.0,52,418.78125,40.53125,136089.2676,32.0,62.0
2000.0,52,438.483871,44.612903226,150948.7388,31.0,66.0
2100.0,52,456.0,44.0,164872.0,35.0,64.0
2200.0,52,475.6774194,48.096774194,181204.8876,31.0,64.0
2300.0,52,494.3870968,48.322580645,197482.7055,31.0,64.0
2400.0,52,514.7,43.966666667,215982.4911,30.0,64.0
2500.0,52,536.9677419,43.129032258,237184.7919,31.0,62.0
2600.0,52,558.5357143,40.285714286,258702.9401,28.0,58.0
2700.0,52,576.1,39.8,276885.25,30.0,62.0
2800.0,52,595.3125,41.1875,297443.3828,32.0,64.0
2900.0,52,615.0294118,39.470588235,319369.1047,34.0,66.0
3000.0,52,631.1714286,41.828571429,337827.0016,35.0,66.0
3100.0,52,649.4375,42.28125,359384.8955,32.0,64.0
3200.0,52,666.34375,41.40625,379953.4707,32.0,64.0
3300.0,52,687.78125,38.59375,406895.0254,32.0,64.0
3400.0,52,708.1818182,35.45454545,433414.876,33.0,66.0
3500.0,52,731.0333333,35.9,464005.2111,30.0,62.0
3600.0,52,750.1875,35.6875,490467.3828,32.0,64.0
3700.0,52,766.40625,39.40625,513350.1426,32.0,66.0
3800.0,52,787.2424242,37.818181818,543674.7888,33.0,64.0
3900.0,52,806.875,34.09375,573112.7744,32.0,64.0
4000.0,52,826.0,35.67741935,602381.1363,31.0,62.0
4100.0,52,844.6206897,35.55172414,631630.7931,29.0,62.0
4200.0,52,863.4516129,32.93548387,661994.7242,31.0,62.0
4300.0,52,880.2068966,32.89655172,689536.019,29.0,62.0
4400.0,52,900.21875,35.0,723096.9229,32.0,64.0
4500.0,52,918.34375,35.84375,754221.2676,32.0,62.0
4600.0,52,937.6785714,38.892857143,788096.6148,28.0,64.0
4700.0,52,954.2941176,38.558823529,817878.7517,34.0,68.0
4800.0,52,975.516129,38.064516129,856722.5609,31.0,64.0
4900.0,52,996.516129,38.064516129,896035.2383,31.0,66.0
5000.0,52,1017.9090909,37.242424242,937010.764,33.0,66.0
5100.0,52,1039.0294118000002,36.441176471,978363.019,34.0,68.0
5200.0,52,1059.314286,33.65714286,1018982.416,35.0,66.0
5300.0,52,1076.032258,31.870967739999998,1053070.856,31.0,64.0
5400.0,52,1097.545455,32.75757576,1097648.781,33.0,66.0
5500.0,52,1120.62069,33.48275862,1146501.48,29.0,64.0
5600.0,52,1143.193548,37.838709677,1195220.031,31.0,64.0
5700.0,52,1164.5625,36.84375,1242422.653,32.0,64.0
5800.0,52,1183.233333,33.0,1284506.788,30.0,62.0
5900.0,52,1199.724138,31.0,1322226.593,29.0,60.0
6000.0,52,1218.28125,31.75,1365214.142,32.0,64.0
6100.0,52,1237.34375,31.03125,1410144.994,32.0,64.0
6200.0,52,1254.151515,28.09090909,1450460.88,33.0,66.0
6300.0,52,1272.59375,28.5,1495197.728,32.0,64.0
6400.0,52,1294.147059,29.70588235,1548313.755,34.0,66.0
6500.0,52,1313.645161,27.96774194,1597284.514,31.0,66.0
6600.0,52,1333.586207,28.93103448,1648037.452,29.0,64.0
6700.0,52,1352.096774,31.19354839,1695809.692,31.0,66.0
6800.0,52,1370.848485,34.42424242,1744883.324,33.0,64.0
6900.0,52,1392.758621,34.10344828,1803253.414,29.0,62.0
7000.0,52,1409.290323,35.25806452,1847887.506,31.0,62.0
7100.0,52,1426.448276,34.206896549999996,1894859.278,29.0,66.0
7200.0,52,1446.235294,30.58823529,1949849.813,34.0,66.0
7300.0,52,1469.0625,32.28125,2014052.333,32.0,66.0
7400.0,52,1489.558824,35.67647059,2072534.77,34.0,66.0
7500.0,52,1507.645161,36.806451613,2124903.486,31.0,62.0
7600.0,52,1527.241379,34.96551724,2182468.128,29.0,64.0
7700.0,52,1546.5,35.294117650000004,2239728.513,34.0,62.0
7800.0,52,1566.16129,32.806451609999996,2299040.676,31.0,68.0
7900.0,52,1586.4375,32.4375,2360948.633,32.0,62.0
8000.0,52,1609.419355,35.29032258,2432005.099,31.0,62.0
8100.0,52,1629.483871,32.25806452,2495084.075,31.0,64.0
8200.0,52,1646.090909,32.21212121,2547822.599,33.0,66.0
8300.0,52,1664.882353,30.23529412,2608235.657,34.0,66.0
8400.0,52,1686.941176,30.23529412,2679967.059,34.0,64.0
8500.0,52,1707.1875,29.75,2746680.473,32.0,64.0
8600.0,52,1727.833333,31.86666667,2815453.512,30.0,62.0
8700.0,52,1748.625,33.1875,2885609.551,32.0,66.0
8800.0,52,1765.833333,31.666666669999998,2944420.139,30.0,64.0
8900.0,52,1785.5,31.0,3012321.25,30.0,62.0
9000.0,52,1802.483871,31.38709677,3071546.158,31.0,62.0
9100.0,52,1821.542857,30.68571429,3138737.136,35.0,66.0
9200.0,52,1838.78125,32.8125,3200033.771,32.0,68.0
9300.0,52,1859.275862,32.862068969999996,3273772.854,29.0,64.0
9400.0,52,1879.933333,33.7,3348921.694,30.0,64.0
9500.0,52,1899.117647,32.382352940000004,3419546.454,34.0,64.0
9600.0,52,1920.967742,32.90322581,3500812.591,31.0,64.0
9700.0,52,1941.212121,32.60606061,3576985.837,33.0,64.0
9800.0,52,1959.133333,31.43333333,3645134.806,30.0,66.0
9900.0,52,1978.586207,31.34482759,3719792.773,29.0,62.0
10000.0,52,1997.3,33.0,3792266.29,30.0,62.0
0.0,53,50.0,50.0,0.0,37.0,64.0
100.0,53,71.78787879000001,53.03030303,483.8943985,33.0,64.0
200.0,53,92.03225806,50.419354839,1766.886576,31.0,64.0
300.0,53,110.33333333,52.7,3647.401111,30.0,60.0
400.0,53,127.75862069,51.206896552,6047.859691,29.0,64.0
500.0,53,145.28125,50.96875,9079.455078,32.0,64.0
600.0,53,166.0,51.8125,13459.28516,32.0,66.0
700.0,53,183.7878788,51.424242424,17901.22498,33.0,66.0
800.0,53,204.1875,53.15625,23783.74707,32.0,62.0
900.0,53,222.2727273,52.090909091,29682.26446,33.0,64.0
1000.0,53,241.53125,50.71875,36684.73633,32.0,66.0
1100.0,53,259.5454545,49.909090909,43909.30579,33.0,66.0
1200.0,53,279.35483869999996,49.838709677,52603.66805,31.0,64.0
1300.0,53,298.8666667,48.133333333,61938.10222,30.0,62.0
1400.0,53,318.1428571,49.571428571,71900.77551,28.0,64.0
1500.0,53,337.2333333,47.966666667,82507.12222,30.0,64.0
1600.0,53,356.5625,46.15625,93995.34082,32.0,68.0
1700.0,53,378.9705882,48.676470588,108223.3997,34.0,64.0
1800.0,53,398.9117647,50.5,121739.6696,34.0,66.0
1900.0,53,417.3333333,48.939393939,134934.9027,33.0,64.0
2000.0,53,436.4411765,46.7352941176,149347.4412,34.0,64.0
2100.0,53,455.8666667,48.066666667,164731.4889,30.0,64.0
2200.0,53,479.84375,46.28125,184779.4785,32.0,64.0
2300.0,53,499.3225806,45.8064516129,201908.3673,31.0,66.0
2400.0,53,517.7333333,46.5,218786.7211,30.0,64.0
2500.0,53,538.7096773999999,47.193548387,238845.025,31.0,60.0
2600.0,53,558.75,47.03125,258835.376,32.0,64.0
2700.0,53,577.1818182,48.060606061,277924.4307,33.0,64.0
2800.0,53,594.28125,47.71875,296247.2832,32.0,64.0
2900.0,53,611.5172414,46.9655172414,315310.8205,29.0,62.0
3000.0,53,630.8125,45.9375,337359.6641,32.0,64.0
3100.0,53,651.5625,49.21875,361878.0518,32.0,66.0
3200.0,53,669.2424242,51.878787879,383464.7098,33.0,64.0
3300.0,53,686.4516129,51.548387097,405073.0531,31.0,64.0
3400.0,53,706.625,48.4375,431158.832,32.0,64.0
3500.0,53,726.5483871,50.322580645,457717.8241,31.0,64.0
3600.0,53,741.3030303,50.242424242,477899.9385,33.0,64.0
3700.0,53,761.7575758,50.363636364,506598.9789,33.0,64.0
3800.0,53,780.25,48.9375,533266.1914,32.0,64.0
3900.0,53,798.7878788,50.212121212,560683.3324,33.0,66.0
4000.0,53,815.8235294,50.764705882,586486.263,34.0,64.0
4100.0,53,833.5882353,50.205882353,614010.5649,34.0,66.0
4200.0,53,852.6333333,50.9,644221.0778,30.0,60.0
4300.0,53,870.7333333,50.3,673603.2944,30.0,62.0
4400.0,53,890.0333333,52.233333333,705660.9889,30.0,62.0
4500.0,53,910.125,50.90625,739815.8369,32.0,64.0
4600.0,53,932.3548387,49.741935484,778550.128,31.0,64.0
4700.0,53,949.7058824,48.764705882,809472.2007,34.0,66.0
4800.0,53,969.1818182,49.090909091,844896.0413,33.0,66.0
4900.0,53,987.6060606,48.878787879,879106.382,33.0,66.0
5000.0,53,1008.5483871,51.580645161,918817.5088,31.0,64.0
5100.0,53,1029.6785714,55.821428571,959803.9923,28.0,62.0
5200.0,53,1051.666667,57.03333333,1003385.579,30.0,64.0
5300.0,53,1074.064516,56.87096774,1048755.343,31.0,66.0
5400.0,53,1094.375,59.625,1090811.781,32.0,62.0
5500.0,53,1114.09375,58.25,1132363.571,32.0,62.0
5600.0,53,1133.030303,59.42424242,1173043.454,33.0,66.0
5700.0,53,1152.433333,61.33333333,1215487.699,30.0,62.0
5800.0,53,1171.424242,64.24242423999999,1257795.178,33.0,62.0
5900.0,53,1187.516129,63.741935479999995,1294131.785,31.0,66.0
6000.0,53,1205.25,63.09375,1334774.009,32.0,64.0
6100.0,53,1222.466667,64.4,1374885.444,30.0,64.0
6200.0,53,1241.818182,61.90909091,1420572.405,33.0,64.0
6300.0,53,1259.322581,60.06451613,1462562.399,31.0,62.0
6400.0,53,1277.192308,60.23076923,1506105.629,26.0,60.0
6500.0,53,1295.090909,61.42424242,1550381.885,33.0,64.0
6600.0,53,1313.967742,59.193548390000004,1597698.974,31.0,64.0
6700.0,53,1332.454545,59.45454545,1644779.05,33.0,64.0
6800.0,53,1347.46875,61.1875,1683550.317,32.0,64.0
6900.0,53,1368.387097,62.0,1738288.537,31.0,62.0
7000.0,53,1387.03125,63.09375,1787824.01,32.0,62.0
7100.0,53,1404.964286,63.5,1836110.466,28.0,62.0
7200.0,53,1423.322581,62.61290323,1886173.996,31.0,66.0
7300.0,53,1443.75,62.34375,1942691.431,32.0,64.0
7400.0,53,1464.3,60.46666667,2000354.041,30.0,60.0
7500.0,53,1483.433333,62.066666670000004,2054876.726,30.0,64.0
7600.0,53,1503.411765,65.52941176,2112646.92,34.0,64.0
7700.0,53,1521.454545,65.90909091,2165431.579,33.0,64.0
7800.0,53,1541.666667,64.6,2225282.604,30.0,64.0
7900.0,53,1562.40625,62.8125,2287536.825,32.0,66.0
8000.0,53,1579.516129,62.354838709999996,2339572.231,31.0,64.0
8100.0,53,1599.032258,60.74193548,2399616.326,31.0,64.0
8200.0,53,1619.969697,58.727272729999996,2464881.015,33.0,66.0
8300.0,53,1636.967742,58.032258060000004,2518531.131,31.0,64.0
8400.0,53,1656.310345,62.06896552,2580378.584,29.0,60.0
8500.0,53,1677.4375,62.8125,2648716.977,32.0,62.0
8600.0,53,1697.0,66.84848485,2712892.871,33.0,64.0
8700.0,53,1715.0,67.67647059000001,2772537.458,34.0,66.0
8800.0,53,1736.121212,66.60606061,2843280.503,33.0,64.0
8900.0,53,1757.352941,65.08823529,2915281.721,34.0,66.0
9000.0,53,1777.1875,64.6875,2983392.383,32.0,64.0
9100.0,53,1796.818182,66.24242423999999,3051637.577,33.0,64.0
9200.0,53,1817.363636,64.15151515,3123774.489,33.0,66.0
9300.0,53,1837.121212,63.63636364,3193988.177,33.0,66.0
9400.0,53,1857.933333,64.26666667,3268826.476,30.0,64.0
9500.0,53,1875.966667,62.933333329999996,3334321.539,30.0,64.0
9600.0,53,1893.433333,65.03333333,3398472.456,30.0,64.0
9700.0,53,1913.424242,62.15151515,3472497.567,33.0,66.0
9800.0,53,1930.735294,60.73529412,3537280.493,34.0,64.0
9900.0,53,1948.28125,61.5,3603603.954,32.0,62.0
10000.0,53,1970.0,58.52941176,3686472.751,34.0,68.0
0.0,54,50.0,50.0,0.0,37.0,64.0
100.0,54,68.73333333,50.0,350.9377778,30.0,62.0
200.0,54,90.9375,50.5,1676.128906,32.0,64.0
300.0,54,113.38235294,48.941176471,4018.443772,34.0,66.0
400.0,54,130.27272727000002,48.272727273,6446.694215,33.0,66.0
500.0,54,148.9354839,45.7741935484,9806.087409,31.0,66.0
600.0,54,168.2903226,47.290322581,13999.94277,31.0,64.0
700.0,54,190.375,50.84375,19705.85254,32.0,60.0
800.0,54,210.2068966,48.931034483,25667.39239,29.0,62.0
900.0,54,227.1612903,48.548387097,31388.22997,31.0,66.0
1000.0,54,249.1034483,50.482758621,39642.41617,29.0,64.0
1100.0,54,268.1290323,50.548387097,47580.57544,31.0,66.0
1200.0,54,288.46875,51.5,56869.59473,32.0,64.0
1300.0,54,306.8064516,55.096774194,65975.5307,31.0,64.0
1400.0,54,326.25,54.625,76335.45312,32.0,66.0
1500.0,54,343.28125,54.625,86035.28223,32.0,64.0
1600.0,54,360.8823529,55.382352941,96676.80709,34.0,68.0
1700.0,54,380.46875,54.71875,109231.8613,32.0,64.0
1800.0,54,397.8064516,53.64516129,120982.615,31.0,66.0
1900.0,54,417.96875,53.0,135410.001,32.0,64.0
2000.0,54,439.6363636,52.636363636,151823.4463,33.0,64.0
2100.0,54,458.0333333,51.1,166492.4111,30.0,60.0
2200.0,54,478.4666667,47.9,183588.0944,30.0,62.0
2300.0,54,496.3125,45.3125,199216.8203,32.0,64.0
2400.0,54,514.7,45.1,215970.1,30.0,62.0
2500.0,54,532.4545455,47.333333333,232769.4995,33.0,64.0
2600.0,54,554.7941175999999,45.7352941176,254835.2889,34.0,66.0
2700.0,54,575.21875,44.90625,275880.6816,32.0,66.0
2800.0,54,594.8387097,43.870967742,296886.7846,31.0,66.0
2900.0,54,614.5294118,43.735294118,318732.7033,34.0,66.0
3000.0,54,635.5428571,44.2,342894.0776,35.0,64.0
3100.0,54,657.34375,47.71875,368871.6348,32.0,66.0
3200.0,54,674.5333333,45.0333333333,390066.5522,30.0,64.0
3300.0,54,697.5757576,44.666666667,419382.8062,33.0,64.0
3400.0,54,717.15625,45.5625,445117.1533,32.0,62.0
3500.0,54,735.65625,44.03125,470160.1191,32.0,62.0
3600.0,54,756.0,47.852941176,498440.6099,34.0,66.0
3700.0,54,777.2424242,48.939393939,528882.6685,33.0,66.0
3800.0,54,799.6774194,46.8064516129,562026.4318,31.0,66.0
3900.0,54,818.0,44.580645161,589853.3694,31.0,64.0
4000.0,54,839.5806452,45.7096774194,623456.0021,31.0,64.0
4100.0,54,856.78125,45.5625,650915.6768,32.0,62.0
4200.0,54,875.0645161,44.677419355,680759.7856,31.0,62.0
4300.0,54,896.2258065,43.193548387,716144.4433,31.0,64.0
4400.0,54,915.4193548,41.935483871,749015.6961,31.0,62.0
4500.0,54,936.4375,42.71875,785824.458,32.0,64.0
4600.0,54,955.3448276,40.896551724,819732.1296,29.0,64.0
4700.0,54,971.3939394,45.1818181818,848990.0064,33.0,66.0
4800.0,54,989.2121212,47.121212121,882127.6961,33.0,66.0
4900.0,54,1007.0322581,45.8387096774,915928.0593,31.0,66.0
5000.0,54,1027.1935484,49.612903226,954907.3809,31.0,64.0
5100.0,54,1045.28125,51.0,990585.7666,32.0,64.0
5200.0,54,1063.580645,49.806451613,1027345.762,31.0,62.0
5300.0,54,1084.588235,51.0,1070373.817,34.0,66.0
5400.0,54,1105.580645,49.741935484,1114250.565,31.0,64.0
5500.0,54,1123.0,50.451612903,1151329.204,31.0,64.0
5600.0,54,1140.1875,52.84375,1188516.872,32.0,62.0
5700.0,54,1161.46875,52.65625,1235369.838,32.0,64.0
5800.0,54,1179.727273,54.696969697,1276305.772,33.0,64.0
5900.0,54,1198.878788,52.090909091,1319926.841,33.0,64.0
6000.0,54,1217.166667,50.9,1362278.838,30.0,64.0
6100.0,54,1239.633333,54.3,1415245.958,30.0,62.0
6200.0,54,1258.066667,58.46666667,1459496.756,30.0,60.0
6300.0,54,1276.90625,61.875,1505439.962,32.0,64.0
6400.0,54,1295.741935,59.38709677,1551961.087,31.0,66.0
6500.0,54,1315.171429,58.94285714,1600738.718,35.0,66.0
6600.0,54,1340.064516,57.16129032,1664317.74,31.0,64.0
6700.0,54,1361.685714,57.485714290000004,1720575.449,35.0,68.0
6800.0,54,1381.272727,57.21212121,1772339.089,33.0,64.0
6900.0,54,1400.529412,58.882352940000004,1824008.588,34.0,66.0
7000.0,54,1421.375,57.5625,1880726.582,32.0,64.0
7100.0,54,1443.272727,58.39393939,1941279.351,33.0,66.0
7200.0,54,1464.59375,59.5625,2001166.919,32.0,66.0
7300.0,54,1484.774194,61.806451609999996,2058716.379,31.0,64.0
7400.0,54,1503.709677,64.12903226,2113471.456,31.0,60.0
7500.0,54,1523.37931,65.34482759,2171082.056,29.0,62.0
7600.0,54,1540.558824,66.23529411999999,2222029.191,34.0,66.0
7700.0,54,1560.633333,65.63333333,2282257.469,30.0,66.0
7800.0,54,1582.0625,67.46875,2347520.661,32.0,62.0
7900.0,54,1601.034483,70.37931034,2406123.283,29.0,62.0
8000.0,54,1620.65625,66.96875,2467248.994,32.0,62.0
8100.0,54,1640.909091,67.24242423999999,2531289.037,33.0,62.0
8200.0,54,1661.3125,62.71875,2596489.739,32.0,66.0
8300.0,54,1678.137931,63.862068969999996,2651025.279,29.0,64.0
8400.0,54,1699.757576,61.3030303,2721827.817,33.0,66.0
8500.0,54,1717.483871,60.90322581,2780621.34,31.0,68.0
8600.0,54,1738.125,58.21875,2849833.563,32.0,66.0
8700.0,54,1758.964286,59.25,2920644.492,28.0,64.0
8800.0,54,1779.896552,60.06896552,2992643.464,29.0,64.0
8900.0,54,1798.852941,61.76470588,3058625.018,34.0,64.0
9000.0,54,1817.057143,56.94285714,3122539.149,35.0,66.0
9100.0,54,1836.818182,56.06060606,3192755.946,33.0,64.0
9200.0,54,1853.870968,54.354838709999996,3253969.433,31.0,64.0
9300.0,54,1873.903226,54.419354839,3326642.508,31.0,64.0
9400.0,54,1892.060606,55.060606061,3393212.886,33.0,66.0
9500.0,54,1913.088235,55.176470588,3471124.568,34.0,68.0
9600.0,54,1932.258065,52.903225806,3542903.85,31.0,64.0
9700.0,54,1951.516129,53.096774194,3615773.179,31.0,62.0
9800.0,54,1972.580645,53.064516129,3696325.728,31.0,68.0
9900.0,54,1989.935484,51.612903226,3763352.283,31.0,64.0
10000.0,54,2010.794118,52.352941176,3844719.108,34.0,68.0
0.0,55,50.0,50.0,0.0,37.0,64.0
100.0,55,65.45454545,50.121212121,238.8576676,33.0,68.0
200.0,55,89.35483871,48.193548387,1552.066597,31.0,66.0
300.0,55,109.06060606,48.696969697,3489.853076,33.0,64.0
400.0,55,129.16129032,46.5483870968,6278.423517,31.0,66.0
500.0,55,148.3823529,48.941176471,9680.208478,34.0,66.0
600.0,55,167.0625,49.6875,13703.72656,32.0,62.0
700.0,55,187.1333333,48.4,18808.11111,30.0,62.0
800.0,55,204.625,47.21875,23916.62598,32.0,66.0
900.0,55,222.9428571,46.3714285714,29922.39837,35.0,66.0
1000.0,55,242.6451613,43.741935484,37151.32154,31.0,66.0
1100.0,55,257.70967740000003,46.8709677419,43153.10094,31.0,60.0
1200.0,55,278.8125,45.96875,52371.41113,32.0,66.0
1300.0,55,299.8064516,48.548387097,62405.37045,31.0,68.0
1400.0,55,320.21875,49.96875,73018.17383,32.0,66.0
1500.0,55,339.2580645,50.0,83670.22789,31.0,66.0
1600.0,55,359.8,48.84,95977.3856,25.0,62.0
1700.0,55,382.5,50.1,110556.26,30.0,64.0
1800.0,55,401.1851852,49.444444444,123331.3429,27.0,64.0
1900.0,55,421.7666667,51.566666667,138212.9089,30.0,64.0
2000.0,55,440.5588235,48.941176471,152537.3157,34.0,64.0
2100.0,55,460.7272727,47.0,168705.8926,33.0,66.0
2200.0,55,483.8857143,49.828571429,188256.8424,35.0,66.0
2300.0,55,505.4166667,48.888888889,207405.5748,36.0,66.0
2400.0,55,523.2666667,50.833333333,223982.0322,30.0,62.0
2500.0,55,541.3333333,50.966666667,241409.3789,30.0,62.0
2600.0,55,559.5294118,50.294117647,259620.308,34.0,66.0
2700.0,55,577.625,47.6875,278393.4883,32.0,66.0
2800.0,55,594.3548387,46.3548387097,296335.4776,31.0,62.0
2900.0,55,614.3103448,48.344827586,318448.9049,29.0,62.0
3000.0,55,635.5625,51.3125,342885.1641,32.0,64.0
3100.0,55,655.2,51.866666667,366270.5244,30.0,66.0
3200.0,55,674.0,51.451612903,389378.1072,31.0,64.0
3300.0,55,690.6774194,51.419354839,410469.5702,31.0,62.0
3400.0,55,711.3,52.2,437322.53,30.0,62.0
3500.0,55,731.2903226,50.225806452,464156.5546,31.0,64.0
3600.0,55,750.0645161,47.774193548,490095.281,31.0,64.0
3700.0,55,769.5,44.40625,517711.54,32.0,64.0
3800.0,55,790.0645161,47.387096774,547702.3153,31.0,62.0
3900.0,55,811.125,44.46875,579341.8604,32.0,66.0
4000.0,55,829.625,45.625,607834.2812,32.0,62.0
4100.0,55,849.5625,48.03125,639304.0674,32.0,66.0
4200.0,55,870.1034483,50.586206897,672570.0095,29.0,64.0
4300.0,55,892.1724138,52.517241379,709260.7111,29.0,60.0
4400.0,55,912.5,56.066666670000004,743943.0544,30.0,64.0
4500.0,55,931.9393939,55.848484848,777851.2994,33.0,68.0
4600.0,55,953.5151515,56.57575758,816382.8696,33.0,66.0
4700.0,55,974.96875,55.25,855594.751,32.0,68.0
4800.0,55,994.8387097,54.451612903,892740.0042,31.0,64.0
4900.0,55,1014.3333333,50.966666667,929939.7122,30.0,66.0
5000.0,55,1033.2258065,52.225806452,966737.9407,31.0,62.0
5100.0,55,1053.4137930000002,55.620689655,1006870.832,29.0,62.0
5200.0,55,1072.870968,54.580645161,1046285.999,31.0,64.0
5300.0,55,1092.3125,57.84375,1086476.872,32.0,64.0
5400.0,55,1111.4375,56.3125,1126689.414,32.0,64.0
5500.0,55,1131.171429,57.514285709999996,1168988.122,35.0,66.0
5600.0,55,1153.096774,58.22580645,1216890.157,31.0,64.0
5700.0,55,1171.896552,61.68965517,1258788.521,29.0,66.0
5800.0,55,1195.258065,57.61290323,1311673.991,31.0,66.0
5900.0,55,1216.058824,57.617647059999996,1359751.208,34.0,66.0
6000.0,55,1235.322581,60.4516129,1405098.856,31.0,64.0
6100.0,55,1256.548387,59.806451609999996,1455855.177,31.0,62.0
6200.0,55,1278.741935,59.5483871,1509897.916,31.0,66.0
6300.0,55,1297.833333,56.566666670000004,1557131.149,30.0,64.0
6400.0,55,1318.645161,56.806451609999996,1609506.873,31.0,64.0
6500.0,55,1336.965517,56.27586207,1656319.629,29.0,66.0
6600.0,55,1358.4,53.866666667,1711925.511,30.0,66.0
6700.0,55,1379.966667,47.9,1768815.744,30.0,62.0
6800.0,55,1397.266667,49.166666667,1815128.166,30.0,64.0
6900.0,55,1418.666667,48.966666667,1873249.512,30.0,64.0
7000.0,55,1436.545455,46.0,1922524.298,33.0,66.0
7100.0,55,1455.030303,46.8181818182,1974120.276,33.0,66.0
7200.0,55,1472.852941,45.8235294118,2024527.935,34.0,64.0
7300.0,55,1491.454545,45.7878787879,2077808.949,33.0,64.0
7400.0,55,1510.625,42.375,2133483.531,32.0,64.0
7500.0,55,1531.333333,42.818181818,2194400.023,33.0,64.0
7600.0,55,1553.09375,46.59375,2259302.424,32.0,66.0
7700.0,55,1571.59375,45.90625,2315264.299,32.0,62.0
7800.0,55,1589.764706,45.3823529412,2370896.672,34.0,66.0
7900.0,55,1610.4,44.066666667,2434883.364,30.0,62.0
8000.0,55,1629.882353,43.852941176,2496066.035,34.0,64.0
8100.0,55,1650.5,45.1875,2561623.41,32.0,66.0
8200.0,55,1669.516129,44.935483871,2622858.142,31.0,66.0
8300.0,55,1688.8125,48.59375,2685708.388,32.0,64.0
8400.0,55,1708.0,47.806451613,2748968.812,31.0,62.0
8500.0,55,1726.321429,48.928571429,2810054.68,28.0,64.0
8600.0,55,1745.931034,53.620689655,2876195.183,29.0,62.0
8700.0,55,1764.935484,54.451612903,2941023.531,31.0,64.0
8800.0,55,1784.424242,50.696969697,3008227.938,33.0,64.0
8900.0,55,1805.483871,51.709677419,3081726.544,31.0,68.0
9000.0,55,1827.7,52.433333333,3160223.211,30.0,64.0
9100.0,55,1848.333333,50.939393939,3234003.66,33.0,66.0
9200.0,55,1866.333333,46.9696969697,3299075.961,33.0,66.0
9300.0,55,1886.935484,46.2580645161,3374345.974,31.0,66.0
9400.0,55,1908.676471,46.2058823529,3454692.618,34.0,66.0
9500.0,55,1926.818182,44.787878788,3522473.654,33.0,66.0
9600.0,55,1947.535714,43.25,3600687.349,28.0,62.0
9700.0,55,1966.83871,41.516129032,3674342.615,31.0,66.0
9800.0,55,1983.71875,44.4375,3739299.146,32.0,64.0
9900.0,55,2004.6,45.5428571429,3820481.026,35.0,66.0
10000.0,55,2024.4375,45.1875,3898426.602,32.0,66.0
0.0,56,50.0,50.0,0.0,37.0,64.0
100.0,56,66.0,50.617647059,256.3814879,34.0,66.0
200.0,56,85.62068966,51.379310345,1270.736029,29.0,64.0
300.0,56,105.51612903,51.548387097,3084.438085,31.0,66.0
400.0,56,124.91428571,52.685714286,5619.363265,35.0,64.0
500.0,56,145.65625,51.78125,9153.291016,32.0,64.0
600.0,56,163.4848485,51.484848485,12881.01561,33.0,64.0
700.0,56,184.6,53.4,18128.72,30.0,64.0
800.0,56,204.5757576,52.363636364,23899.25161,33.0,66.0
900.0,56,221.0333333,54.6,29273.56111,30.0,62.0
1000.0,56,239.6774194,54.258064516,35995.65453,31.0,62.0
1100.0,56,262.0625,54.0625,44987.00781,32.0,64.0
1200.0,56,280.9310345,56.72413793,53374.35672,29.0,62.0
1300.0,56,300.2413793,56.34482759,62661.00476,29.0,64.0
1400.0,56,319.8333333,53.166666667,72820.05556,30.0,64.0
1500.0,56,343.1666667,53.133333333,85956.51222,30.0,64.0
1600.0,56,364.5,52.21875,98915.17285,32.0,66.0
1700.0,56,382.4642857,51.107142857,110533.727,28.0,64.0
1800.0,56,403.1333333,56.1,124740.3611,30.0,62.0
1900.0,56,423.483871,57.61290323,139548.1582,31.0,62.0
2000.0,56,439.3333333,59.84848485,151677.4371,33.0,64.0
2100.0,56,458.8529412,59.64705882,167253.7933,34.0,64.0
2200.0,56,478.3823529,59.382352940000004,183599.4689,34.0,66.0
2300.0,56,498.0645161,60.87096774,200879.9886,31.0,62.0
2400.0,56,518.6129032,60.354838709999996,219705.2758,31.0,64.0
2500.0,56,538.3333333,62.83333333,238634.1389,30.0,60.0
2600.0,56,558.2580645,63.48387097,258508.0749,31.0,62.0
2700.0,56,581.0606061,67.33333333,282325.8118,33.0,66.0
2800.0,56,604.1290323,69.25806452,307429.8574,31.0,64.0
2900.0,56,622.9,73.0,328743.41,30.0,62.0
3000.0,56,642.0645161,74.16129032,351124.1592,31.0,66.0
3100.0,56,661.2432432,76.43243243,374316.9759,37.0,68.0
3200.0,56,680.3125,76.1875,397979.6328,32.0,64.0
3300.0,56,699.75,75.625,422831.7031,32.0,62.0
3400.0,56,719.3333333,79.44444444,448874.0864,36.0,66.0
3500.0,56,737.1935484,77.25806452,472977.975,31.0,64.0
3600.0,56,758.4827586,76.31034482999999,502640.0535,29.0,62.0
3700.0,56,775.7931034,74.93103448,527397.1855,29.0,62.0
3800.0,56,792.8387097,74.48387097,552408.8085,31.0,64.0
3900.0,56,812.7419355,72.64516129,582288.0635,31.0,60.0
4000.0,56,831.84375,73.5625,611834.8408,32.0,68.0
4100.0,56,851.9,70.36666667,643458.4111,30.0,60.0
4200.0,56,871.5757576,71.36363636,675443.1304,33.0,64.0
4300.0,56,891.6428571,69.60714286,708747.139,28.0,64.0
4400.0,56,912.8666667,72.7,745054.1744,30.0,66.0
4500.0,56,932.4375,74.0625,779274.9453,32.0,64.0
4600.0,56,951.0666667,76.6,812628.6978,30.0,64.0
4700.0,56,973.3823529,77.02941176,853365.5588,34.0,68.0
4800.0,56,993.8125,75.5,891432.2852,32.0,62.0
4900.0,56,1012.0625,75.28125,926203.3955,32.0,66.0
5000.0,56,1029.9411765,74.94117647,960906.7716,34.0,66.0
5100.0,56,1052.060606,76.54545455,1004830.119,33.0,66.0
5200.0,56,1070.677419,76.48387097,1042483.79,31.0,64.0
5300.0,56,1089.966667,75.93333333,1082203.206,30.0,64.0
5400.0,56,1108.677419,77.58064516,1121558.57,31.0,66.0
5500.0,56,1129.133333,75.3,1165168.841,30.0,64.0
5600.0,56,1146.3125,76.65625,1202611.653,32.0,62.0
5700.0,56,1165.636364,80.78787879000001,1245592.389,33.0,64.0
5800.0,56,1185.15625,82.21875,1289617.76,32.0,66.0
5900.0,56,1205.666667,86.2,1336875.884,30.0,64.0
6000.0,56,1223.5,89.23333333,1378641.504,30.0,64.0
6100.0,56,1243.103448,86.65517241,1424839.44,29.0,60.0
6200.0,56,1265.032258,87.83870968,1477735.156,31.0,62.0
6300.0,56,1283.310345,83.13793103,1522152.529,29.0,62.0
6400.0,56,1303.0,81.375,1570993.391,32.0,66.0
6500.0,56,1320.965517,81.13793103,1616322.917,29.0,62.0
6600.0,56,1341.103448,77.55172414,1667707.212,29.0,62.0
6700.0,56,1362.342857,76.94285714,1722969.692,35.0,66.0
6800.0,56,1381.212121,75.54545455,1772778.282,33.0,66.0
6900.0,56,1398.580645,72.64516129,1819182.56,31.0,62.0
7000.0,56,1417.741935,69.22580645,1871087.634,31.0,64.0
7100.0,56,1437.258065,68.90322581,1924842.27,31.0,66.0
7200.0,56,1455.117647,67.85294118,1974674.33,34.0,64.0
7300.0,56,1473.354839,66.41935484,2026208.592,31.0,64.0
7400.0,56,1494.172414,65.17241379000001,2085864.163,29.0,62.0
7500.0,56,1511.272727,66.84848485,2135601.855,33.0,66.0
7600.0,56,1528.264706,69.23529411999999,2185636.537,34.0,64.0
7700.0,56,1547.633333,68.73333333,2243256.539,30.0,60.0
7800.0,56,1567.387097,67.09677419,2302755.901,31.0,64.0
7900.0,56,1585.878788,63.60606061,2359108.776,33.0,66.0
8000.0,56,1604.727273,64.39393939,2417384.078,33.0,66.0
8100.0,56,1621.71875,66.625,2470576.22,32.0,64.0
8200.0,56,1640.4375,62.65625,2529651.622,32.0,64.0
8300.0,56,1660.83871,60.354838709999996,2594908.571,31.0,64.0
8400.0,56,1679.966667,62.13333333,2656938.552,30.0,64.0
8500.0,56,1699.870968,59.29032258,2722160.52,31.0,60.0
8600.0,56,1722.206897,57.96551724,2796339.354,29.0,64.0
8700.0,56,1743.633333,56.066666670000004,2868430.672,30.0,60.0
8800.0,56,1762.242424,55.121212121,2931800.346,33.0,66.0
8900.0,56,1779.59375,56.65625,2991538.846,32.0,66.0
9000.0,56,1796.0,57.65625,3048574.618,32.0,62.0
9100.0,56,1815.0,56.96551724,3115273.518,29.0,62.0
9200.0,56,1838.787879,56.63636364,3199806.117,33.0,64.0
9300.0,56,1858.735294,55.705882353,3271555.921,34.0,64.0
9400.0,56,1878.4,56.13333333,3343084.178,30.0,64.0
9500.0,56,1895.9,56.66666667,3407391.254,30.0,64.0
9600.0,56,1912.806452,56.354838709999996,3470088.26,31.0,60.0
9700.0,56,1933.454545,56.3030303,3547440.753,33.0,66.0
9800.0,56,1952.03125,54.03125,3617739.127,32.0,66.0
9900.0,56,1969.666667,54.0,3685136.111,33.0,64.0
10000.0,56,1988.212121,54.545454545,3756686.888,33.0,62.0
0.0,57,50.0,50.0,0.0,37.0,64.0
100.0,57,72.43333333,46.7666666667,513.7088889,30.0,64.0
200.0,57,90.3,45.6333333333,1643.157778,30.0,62.0
300.0,57,110.1875,43.96875,3658.911133,32.0,64.0
400.0,57,128.15151515,43.272727273,6152.915519,33.0,62.0
500.0,57,148.63636359999998,39.515151515,9839.064279,33.0,66.0
600.0,57,168.4516129,40.032258065,14130.14048,31.0,64.0
700.0,57,187.875,40.9375,19091.64453,32.0,64.0
800.0,57,209.65625,43.78125,25528.79102,32.0,66.0
900.0,57,231.0,46.3870967742,32774.05307,31.0,60.0
1000.0,57,250.9375,49.78125,40375.92676,32.0,64.0
1100.0,57,268.0625,47.90625,47555.6377,32.0,62.0
1200.0,57,284.03125,48.0,54774.62598,32.0,64.0
1300.0,57,303.3870968,47.967741935,64209.15088,31.0,64.0
1400.0,57,325.2142857,47.392857143,75749.70026,28.0,66.0
1500.0,57,345.4827586,50.586206897,87310.40428,29.0,70.0
1600.0,57,364.2666667,52.533333333,98769.95556,30.0,66.0
1700.0,57,384.5806452,46.935483871,111953.5994,31.0,60.0
1800.0,57,405.6,47.8,126456.2,30.0,62.0
1900.0,57,423.0333333,45.3666666667,139175.3356,30.0,64.0
2000.0,57,439.375,44.875,151639.1562,32.0,64.0
2100.0,57,455.8484848,45.5757575758,164732.5666,33.0,66.0
2200.0,57,475.3,46.3666666667,180893.2911,30.0,64.0
2300.0,57,491.2580645,45.3225806452,194730.5578,31.0,66.0
2400.0,57,509.4137931,47.586206897,211066.8597,29.0,64.0
2500.0,57,529.65625,47.4375,230076.6846,32.0,62.0
2600.0,57,552.0322581,50.741935484,252036.9386,31.0,62.0
2700.0,57,570.4117647,47.0,270837.4048,34.0,66.0
2800.0,57,589.84375,47.03125,291440.0879,32.0,66.0
2900.0,57,610.1818182,50.96969697,313804.6097,33.0,66.0
3000.0,57,632.1875,51.09375,338943.4814,32.0,64.0
3100.0,57,654.3,52.6,365185.25,30.0,64.0
3200.0,57,673.0625,54.71875,388229.1455,32.0,64.0
3300.0,57,690.6875,57.46875,410536.2549,32.0,64.0
3400.0,57,711.40625,56.28125,437497.6816,32.0,62.0
3500.0,57,731.3125,59.625,464279.3633,32.0,64.0
3600.0,57,749.375,63.5,489307.6406,32.0,66.0
3700.0,57,769.0571429,63.114285710000004,517215.1592,35.0,64.0
3800.0,57,788.5666667,58.9,545559.9311,30.0,64.0
3900.0,57,807.8333333,59.23333333,574396.6156,30.0,62.0
4000.0,57,828.0,60.4375,605392.9414,32.0,66.0
4100.0,57,846.40625,60.09375,634364.7988,32.0,64.0
4200.0,57,867.1071429,59.42857143,667752.9809,28.0,60.0
4300.0,57,884.5588235,61.32352941,696616.6522,34.0,68.0
4400.0,57,901.7777778,59.48148148,725615.2812,27.0,62.0
4500.0,57,922.7941176,59.32352941,761856.5,34.0,66.0
4600.0,57,941.2727273,61.03030303,794488.742,33.0,64.0
4700.0,57,957.2857143,62.485714290000004,823323.2604,35.0,66.0
4800.0,57,974.4375,65.65625,854829.8096,32.0,64.0
4900.0,57,993.3030303,66.39393939,890089.3682,33.0,66.0
5000.0,57,1013.5945946,68.54054054,928858.2944,37.0,66.0
5100.0,57,1033.1034482999999,69.51724138,966873.3127,29.0,64.0
5200.0,57,1050.333333,69.77777778000001,1001057.938,36.0,66.0
5300.0,57,1068.363636,68.78787879000001,1037417.48,33.0,66.0
5400.0,57,1086.233333,68.03333333,1074104.722,30.0,62.0
5500.0,57,1102.935484,67.48387097,1108978.819,31.0,64.0
5600.0,57,1119.806452,67.41935484,1144789.278,31.0,64.0
5700.0,57,1138.764706,67.26470588000001,1185706.655,34.0,66.0
5800.0,57,1157.171429,68.57142857,1226173.47,35.0,66.0
5900.0,57,1176.451613,66.03225806,1269150.27,31.0,66.0
6000.0,57,1197.133333,68.36666667,1316252.219,30.0,64.0
6100.0,57,1217.939394,67.21212120999999,1364378.685,33.0,66.0
6200.0,57,1239.586207,64.89655172,1415337.251,29.0,64.0
6300.0,57,1256.5,64.61764706,1455855.926,34.0,68.0
6400.0,57,1276.677419,66.25806452,1505001.816,31.0,62.0
6500.0,57,1295.636364,65.33333333,1551845.062,33.0,66.0
6600.0,57,1313.515152,64.90909091,1596692.819,33.0,66.0
6700.0,57,1334.909091,63.09090909,1651162.744,33.0,64.0
6800.0,57,1357.485714,60.2,1709622.933,35.0,68.0
6900.0,57,1375.566667,61.433333329999996,1757257.709,30.0,64.0
7000.0,57,1393.066667,61.3,1803955.761,30.0,64.0
7100.0,57,1413.551724,63.17241379,1859446.817,29.0,66.0
7200.0,57,1433.258065,63.967741939999996,1913597.971,31.0,62.0
7300.0,57,1452.558824,62.05882353,1967316.669,34.0,64.0
7400.0,57,1472.25,59.1875,2022879.473,32.0,62.0
7500.0,57,1491.21875,55.40625,2077140.713,32.0,64.0
7600.0,57,1509.714286,53.321428571,2130776.828,28.0,64.0
7700.0,57,1527.65625,51.40625,2183469.971,32.0,64.0
7800.0,57,1545.96875,53.0625,2237931.88,32.0,66.0
7900.0,57,1564.064516,51.967741935,2292395.231,31.0,66.0
8000.0,57,1583.90625,50.8125,2352869.044,32.0,66.0
8100.0,57,1603.78125,50.9375,2414237.052,32.0,64.0
8200.0,57,1626.6,49.485714286,2485667.824,35.0,66.0
8300.0,57,1644.741935,49.677419355,2543201.945,31.0,66.0
8400.0,57,1664.3125,47.40625,2606011.575,32.0,66.0
8500.0,57,1683.935484,48.387096774,2669747.767,31.0,64.0
8600.0,57,1703.71875,45.90625,2734802.463,32.0,64.0
8700.0,57,1723.793103,46.1034482759,2801598.536,29.0,66.0
8800.0,57,1745.7,46.9,2875408.1,30.0,64.0
8900.0,57,1766.6,45.9,2946732.37,30.0,64.0
9000.0,57,1785.625,47.4375,3012400.707,32.0,66.0
9100.0,57,1806.764706,47.647058824,3086227.768,34.0,66.0
9200.0,57,1825.806452,45.4516129032,3153509.241,31.0,62.0
9300.0,57,1846.633333,40.033333333,3227990.669,30.0,64.0
9400.0,57,1862.727273,42.181818182,3286041.289,33.0,66.0
9500.0,57,1883.419355,44.741935484,3361454.178,31.0,64.0
9600.0,57,1902.84375,42.84375,3433081.174,32.0,66.0
9700.0,57,1919.0,40.566666667,3493249.988,30.0,66.0
9800.0,57,1940.133333,40.733333333,3572689.889,30.0,64.0
9900.0,57,1963.1875,41.6875,3660355.508,32.0,62.0
10000.0,57,1982.516129,44.64516129,3734647.263,31.0,62.0
0.0,58,50.0,50.0,0.0,37.0,64.0
100.0,58,69.76666667,47.4,397.4811111,30.0,64.0
200.0,58,91.4516129,48.322580645,1721.049948,31.0,66.0
300.0,58,109.11428570999999,52.114285714,3498.96898,35.0,66.0
400.0,58,128.0,54.96969697,6108.697888,33.0,66.0
500.0,58,148.8064516,55.322580645,9791.044745,31.0,64.0
600.0,58,169.7096774,57.70967742,14389.84599,31.0,64.0
700.0,58,190.5806452,53.903225806,19778.15297,31.0,66.0
800.0,58,208.5588235,54.735294118,25163.32353,34.0,66.0
900.0,58,226.5,56.73333333,31197.58778,30.0,66.0
1000.0,58,246.7352941,55.882352941,38739.37803,34.0,66.0
1100.0,58,267.1935484,56.67741935,47217.62539,31.0,64.0
1200.0,58,283.7058824,53.911764706,54633.74135,34.0,66.0
1300.0,58,303.1785714,56.21428571,64138.00638,28.0,60.0
1400.0,58,321.2121212,58.3030303,73624.955,33.0,68.0
1500.0,58,339.75,59.125,84038.32812,32.0,64.0
1600.0,58,362.3529412,60.794117650000004,97680.87284,34.0,64.0
1700.0,58,381.1612903,61.48387097,109799.6795,31.0,66.0
1800.0,58,399.8235294,59.294117650000004,122462.8824,34.0,66.0
1900.0,58,421.1875,60.625,137893.0508,32.0,64.0
2000.0,58,441.7575758,59.6969697,153568.0294,33.0,62.0
2100.0,58,457.78125,56.5,166327.7979,32.0,66.0
2200.0,58,478.1515152,54.606060606,183334.9357,33.0,66.0
2300.0,58,494.0882353,52.0,197218.3607,34.0,64.0
2400.0,58,512.7419355,52.935483871,214138.7159,31.0,64.0
2500.0,58,532.6774194,55.419354839,233006.8606,31.0,64.0
2600.0,58,555.375,59.375,255491.7812,32.0,66.0
2700.0,58,572.8333333,59.0,273435.6944,30.0,62.0
2800.0,58,589.7419355,54.645161290000004,291342.9344,31.0,66.0
2900.0,58,609.1666667,55.033333333,312692.6956,30.0,64.0
3000.0,58,629.4,56.9,335751.97,30.0,64.0
3100.0,58,649.34375,56.5,359255.1807,32.0,66.0
3200.0,58,665.6857143,56.485714290000004,379110.9633,35.0,66.0
3300.0,58,685.6060606,58.06060606,404060.0376,33.0,66.0
3400.0,58,703.9677419,57.87096774,427735.7596,31.0,64.0
3500.0,58,723.9375,60.375,454299.3945,32.0,64.0
3600.0,58,744.8064516,59.16129032,482839.9344,31.0,62.0
3700.0,58,763.2352941,57.882352940000004,508766.7163,34.0,64.0
3800.0,58,782.7741935,55.225806452,536985.3278,31.0,62.0
3900.0,58,801.1724138,56.82758621,564306.6112,29.0,60.0
4000.0,58,821.6896552,55.655172414,595536.9049,29.0,62.0
4100.0,58,843.0909091,56.81818182,629039.6777,33.0,66.0
4200.0,58,866.3,55.3,666373.78,30.0,60.0
4300.0,58,882.5,53.941176471,693071.7829,34.0,66.0
4400.0,58,902.90625,54.75,727471.6338,32.0,64.0
4500.0,58,922.1612903,51.64516129,760668.0229,31.0,64.0
4600.0,58,942.6451613,54.451612903,796835.2008,31.0,66.0
4700.0,58,961.5666667,53.166666667,830963.8156,30.0,66.0
4800.0,58,979.9666667,53.466666667,864850.0189,30.0,64.0
4900.0,58,1001.2647059,52.852941176,904912.6799,34.0,66.0
5000.0,58,1019.28125,51.5,939508.3916,32.0,62.0
5100.0,58,1038.7333333000001,53.266666667,977604.2756,30.0,64.0
5200.0,58,1057.647059,50.941176471,1015353.481,34.0,66.0
5300.0,58,1076.9375,50.875,1054601.395,32.0,66.0
5400.0,58,1094.833333,48.633333333,1091678.562,30.0,64.0
5500.0,58,1111.548387,48.967741935,1126886.044,31.0,66.0
5600.0,58,1133.714286,48.678571429,1174438.399,28.0,62.0
5700.0,58,1153.464286,48.535714286,1217635.574,28.0,64.0
5800.0,58,1171.689655,45.1724137931,1258210.988,29.0,64.0
5900.0,58,1191.454545,42.939393939,1302968.331,33.0,66.0
6000.0,58,1210.617647,42.235294118,1347093.613,34.0,66.0
6100.0,58,1228.176471,45.7647058824,1388117.734,34.0,64.0
6200.0,58,1247.967742,45.0967741935,1435150.752,31.0,62.0
6300.0,58,1266.612903,48.580645161,1480148.971,31.0,64.0
6400.0,58,1287.060606,49.090909091,1530319.77,33.0,66.0
6500.0,58,1306.575758,50.96969697,1578983.575,33.0,62.0
6600.0,58,1324.413793,53.862068966,1624145.432,29.0,66.0
6700.0,58,1343.896552,54.137931034,1674185.409,29.0,62.0
6800.0,58,1362.6,53.885714286,1722933.859,35.0,66.0
6900.0,58,1383.764706,54.5,1778948.541,34.0,66.0
7000.0,58,1403.448276,54.620689655,1831843.586,29.0,66.0
7100.0,58,1426.69697,52.363636364,1895300.133,33.0,64.0
7200.0,58,1445.37931,53.793103448,1947097.807,29.0,62.0
7300.0,58,1466.9,52.266666667,2007610.748,30.0,66.0
7400.0,58,1487.733333,53.5,2067089.388,30.0,62.0
7500.0,58,1509.83871,53.967741935,2131144.801,31.0,64.0
7600.0,58,1527.909091,53.424242424,2184227.006,33.0,66.0
7700.0,58,1544.586207,55.724137931,2233820.696,29.0,60.0
7800.0,58,1562.78125,51.78125,2288510.283,32.0,62.0
7900.0,58,1581.71875,54.3125,2346180.927,32.0,64.0
8000.0,58,1599.96875,54.0,2402419.126,32.0,66.0
8100.0,58,1620.484848,52.939393939,2466431.299,33.0,66.0
8200.0,58,1638.352941,53.029411765,2522874.243,34.0,66.0
8300.0,58,1657.137931,50.310344828,2582892.426,29.0,66.0
8400.0,58,1673.424242,48.060606061,2635510.032,33.0,62.0
8500.0,58,1691.148148,48.592592593,2693369.225,27.0,60.0
8600.0,58,1709.678571,45.1071428571,2754556.901,28.0,60.0
8700.0,58,1729.107143,49.285714286,2819401.307,28.0,64.0
8800.0,58,1747.176471,52.558823529,2880414.52,34.0,66.0
8900.0,58,1765.428571,53.392857143,2942706.695,28.0,62.0
9000.0,58,1784.40625,55.28125,3008192.932,32.0,66.0
9100.0,58,1803.354839,55.612903226,3074284.695,31.0,64.0
9200.0,58,1823.064516,53.677419355,3143771.302,31.0,66.0
9300.0,58,1845.633333,55.266666667,3224326.806,30.0,62.0
9400.0,58,1867.424242,56.3030303,3303070.605,33.0,64.0
9500.0,58,1886.09375,56.8125,3371286.669,32.0,66.0
9600.0,58,1903.272727,59.3030303,3434706.348,33.0,64.0
9700.0,58,1919.916667,62.77777778,3496751.612,36.0,68.0
9800.0,58,1941.59375,63.46875,3578308.322,32.0,64.0
9900.0,58,1961.371429,60.22857143,3653445.362,35.0,66.0
10000.0,58,1980.774194,58.51612903,3727961.511,31.0,64.0
0.0,59,50.0,50.0,0.0,37.0,64.0
100.0,59,70.34482759,47.24137931,421.5219976,29.0,62.0
200.0,59,89.77142857,47.028571429,1590.595918,35.0,66.0
300.0,59,108.35483871,47.677419355,3410.681582,31.0,64.0
400.0,59,129.5,45.625,6339.390625,32.0,62.0
500.0,59,150.1875,46.65625,10048.71582,32.0,66.0
600.0,59,170.16129030000002,46.03225806452,14454.47867,31.0,64.0
700.0,59,188.4333333,47.366666667,19170.72222,30.0,62.0
800.0,59,209.5806452,46.06451612903,25481.47034,31.0,64.0
900.0,59,233.1071429,46.07142857143,33543.65944,28.0,64.0
1000.0,59,252.2857143,49.821428571,40919.54209,28.0,60.0
1100.0,59,268.84375,50.625,47892.97754,32.0,60.0
1200.0,59,289.1875,51.9375,57214.41406,32.0,66.0
1300.0,59,307.9354839,53.129032258,66540.50468,31.0,64.0
1400.0,59,325.3030303,51.242424242,75793.30211,33.0,66.0
1500.0,59,343.3,51.866666667,86028.37444,30.0,64.0
1600.0,59,360.625,51.71875,96490.84473,32.0,66.0
1700.0,59,379.030303,52.363636364,108266.5271,33.0,64.0
1800.0,59,400.0606061,52.090909091,122546.7998,33.0,66.0
1900.0,59,417.4333333,51.766666667,135010.3756,30.0,64.0
2000.0,59,434.5625,48.59375,147890.2939,32.0,66.0
2100.0,59,451.0625,48.3125,160853.9766,32.0,64.0
2200.0,59,471.6666667,48.424242424,177805.2608,33.0,66.0
2300.0,59,492.0,50.03125,195364.001,32.0,64.0
2400.0,59,509.1818182,48.96969697,210849.0037,33.0,66.0
2500.0,59,529.375,45.125,229824.1562,32.0,64.0
2600.0,59,549.1290323000001,46.7419354839,249140.4058,31.0,66.0
2700.0,59,568.0606061,46.6666666667,268397.9027,33.0,64.0
2800.0,59,587.5517241,47.517241379,288968.0202,29.0,62.0
2900.0,59,608.3571429,46.8571428571,311772.5765,28.0,66.0
3000.0,59,628.1764706,48.0,334292.0311,34.0,66.0
3100.0,59,648.6774194,46.935483871,358424.0437,31.0,66.0
3200.0,59,668.6333333,45.6666666667,382725.9789,30.0,64.0
3300.0,59,686.3870968,41.903225806,405054.0947,31.0,64.0
3400.0,59,708.0322581,41.35483871,433081.1915,31.0,64.0
3500.0,59,727.0666667,41.166666667,458497.2989,30.0,62.0
3600.0,59,749.5151515,41.212121212,489398.674,33.0,66.0
3700.0,59,768.09375,42.375,515716.7744,32.0,64.0
3800.0,59,789.3,42.566666667,546619.7444,30.0,62.0
3900.0,59,805.7037037,44.777777778,571115.3594,27.0,64.0
4000.0,59,826.3823529,45.2058823529,602792.5415,34.0,68.0
4100.0,59,848.1935484,46.4193548387,637125.7617,31.0,64.0
4200.0,59,866.3548387,44.451612903,666466.0073,31.0,64.0
4300.0,59,886.96875,43.75,700555.751,32.0,66.0
4400.0,59,908.4666667,39.066666667,737084.5556,30.0,64.0
4500.0,59,928.3,36.6,771590.45,30.0,64.0
4600.0,59,948.40625,36.25,807322.8525,32.0,64.0
4700.0,59,966.46875,34.4375,840157.1611,32.0,62.0
4800.0,59,989.0606061,36.242424242,882024.0927,33.0,64.0
4900.0,59,1009.2941176,35.44117647,920457.1635,34.0,64.0
5000.0,59,1027.6206897,35.68965517,955946.9988,29.0,64.0
5100.0,59,1049.133333,36.266666667,998456.0222,30.0,66.0
5200.0,59,1066.354839,40.096774194,1033075.232,31.0,64.0
5300.0,59,1084.16129,43.032258065,1069538.124,31.0,66.0
5400.0,59,1103.965517,42.137931034,1110905.124,29.0,62.0
5500.0,59,1124.03125,43.53125,1153584.971,32.0,62.0
5600.0,59,1145.866667,45.2333333333,1200946.472,30.0,66.0
5700.0,59,1164.69697,46.8484848485,1242559.266,33.0,66.0
5800.0,59,1182.354839,45.7419354839,1282245.612,31.0,66.0
5900.0,59,1204.851852,45.037037037,1333707.431,27.0,64.0
6000.0,59,1226.8125,44.78125,1384914.896,32.0,66.0
6100.0,59,1247.3125,44.9375,1433582.852,32.0,62.0
6200.0,59,1263.103448,48.655172414,1471621.785,29.0,62.0
6300.0,59,1280.5625,47.90625,1514288.45,32.0,66.0
6400.0,59,1301.709677,46.09677419355,1566792.352,31.0,66.0
6500.0,59,1322.235294,46.5588235294,1618594.485,34.0,66.0
6600.0,59,1343.9375,46.0625,1674289.758,32.0,62.0
6700.0,59,1366.366667,45.5,1732841.451,30.0,64.0
6800.0,59,1384.392857,46.4285714286,1780617.052,28.0,66.0
6900.0,59,1403.685714,45.8857142857,1832481.94,35.0,66.0
7000.0,59,1425.3125,47.03125,1891493.286,32.0,66.0
7100.0,59,1444.709677,48.193548387,1945218.348,31.0,64.0
7200.0,59,1465.939394,48.03030303,2004888.247,33.0,64.0
7300.0,59,1484.878788,47.606060606,2058882.867,33.0,64.0
7400.0,59,1501.965517,50.344827586,2108203.982,29.0,64.0
7500.0,59,1522.206897,51.275862069,2167394.774,29.0,60.0
7600.0,59,1539.037037,55.259259259000004,2217258.957,27.0,62.0
7700.0,59,1558.133333,51.966666667,2274470.019,30.0,62.0
7800.0,59,1578.633333,53.766666667,2336734.056,30.0,64.0
7900.0,59,1602.314286,52.285714286,2409684.866,35.0,66.0
8000.0,59,1619.1875,53.9375,2462364.914,32.0,64.0
8100.0,59,1639.6,52.366666667,2526833.761,30.0,66.0
8200.0,59,1660.866667,55.966666667,2594927.019,30.0,62.0
8300.0,59,1682.866667,54.333333333,2666272.329,30.0,66.0
8400.0,59,1699.125,53.15625,2719623.228,32.0,66.0
8500.0,59,1718.90625,52.21875,2785252.994,32.0,64.0
8600.0,59,1738.852941,44.735294118,2852251.974,34.0,64.0
8700.0,59,1757.3125,42.78125,2914968.083,32.0,64.0
8800.0,59,1775.642857,42.892857143,2977893.782,28.0,60.0
8900.0,59,1795.419355,42.838709677,3046540.008,31.0,62.0
9000.0,59,1812.060606,43.818181818,3104895.794,33.0,68.0
9100.0,59,1831.129032,44.258064516,3172453.599,31.0,66.0
9200.0,59,1851.28125,39.65625,3244721.135,32.0,64.0
9300.0,59,1869.16129,37.645161290000004,3309500.442,31.0,66.0
9400.0,59,1888.166667,37.0,3379025.694,30.0,64.0
9500.0,59,1906.65625,38.3125,3447309.028,32.0,64.0
9600.0,59,1924.21875,35.15625,3512916.26,32.0,66.0
9700.0,59,1943.034483,35.51724138,3583789.303,29.0,62.0
9800.0,59,1963.5625,34.15625,3661972.466,32.0,66.0
9900.0,59,1982.71875,30.65625,3735775.947,32.0,68.0
10000.0,59,2001.75,30.9375,3809691.441,32.0,66.0
0.0,60,50.0,50.0,0.0,37.0,64.0
100.0,60,71.34285714,52.457142857,461.555102,35.0,66.0
200.0,60,89.71875,53.5625,1590.270508,32.0,66.0
300.0,60,106.29411765,54.264705882,3187.215398,34.0,64.0
400.0,60,124.82758621,55.344827586,5627.734839,29.0,64.0
500.0,60,145.74193548,53.806451613,9181.007284,31.0,64.0
600.0,60,162.64516129999998,57.12903226,12739.75546,31.0,64.0
700.0,60,182.8666667,59.86666667,17750.90222,30.0,64.0
800.0,60,202.516129,59.09677419,23343.92092,31.0,62.0
900.0,60,222.4848485,59.03030303,29832.56933,33.0,64.0
1000.0,60,243.3030303,57.18181818,37417.64004,33.0,64.0
1100.0,60,263.5862069,59.37931034,45707.03924,29.0,66.0
1200.0,60,286.51428569999996,59.514285709999996,56029.52898,35.0,66.0
1300.0,60,303.53125,59.15625,64361.93164,32.0,64.0
1400.0,60,323.6060606,60.78787879,74976.65473,33.0,64.0
1500.0,60,342.9,59.03333333,85872.01111,30.0,62.0
1600.0,60,363.7142857,58.607142859999996,98490.73597,28.0,60.0
1700.0,60,380.8064516,59.61290323,109525.3163,31.0,66.0
1800.0,60,400.6666667,58.7,123042.8011,30.0,64.0
1900.0,60,422.4193548,60.0,138796.1759,31.0,64.0
2000.0,60,441.0606061,62.78787879,153091.9275,33.0,66.0
2100.0,60,459.875,63.96875,168192.6416,32.0,64.0
2200.0,60,478.5294118,66.88235294,183922.4706,34.0,68.0
2300.0,60,498.516129,68.83870968,201521.615,31.0,66.0
2400.0,60,522.6363636,71.93939394,223866.4692,33.0,64.0
2500.0,60,542.1212121,73.03030303,242713.6823,33.0,66.0
2600.0,60,560.53125,72.15625,261133.0566,32.0,64.0
2700.0,60,577.46875,71.375,278680.1729,32.0,64.0
2800.0,60,597.75,70.59375,300454.165,32.0,64.0
2900.0,60,615.6428571,67.82142857,320269.4452,28.0,60.0
3000.0,60,633.90625,67.25,341244.0713,32.0,62.0
3100.0,60,653.6857143,67.54285714,364744.1935,35.0,66.0
3200.0,60,675.2258065,66.03225806,391164.3424,31.0,64.0
3300.0,60,692.8235294,66.0,413478.09,34.0,64.0
3400.0,60,710.4137931,64.65517241,436361.1522,29.0,68.0
3500.0,60,728.3666667,66.16666667,460442.6956,30.0,64.0
3600.0,60,746.2,66.63333333,484971.1078,30.0,64.0
3700.0,60,765.030303,64.78787879000001,511487.0156,33.0,66.0
3800.0,60,785.8387097,65.06451613,541685.5463,31.0,64.0
3900.0,60,806.7586207,64.55172414,572895.3627,29.0,62.0
4000.0,60,826.375,66.03125,603015.1416,32.0,66.0
4100.0,60,843.96875,65.8125,630636.4111,32.0,66.0
4200.0,60,862.3,67.1,660123.7,30.0,66.0
4300.0,60,881.0625,62.6875,690825.8516,32.0,62.0
4400.0,60,899.3333333,61.45454545,721498.3177,33.0,64.0
4500.0,60,919.9032258,61.32258065,756859.8231,31.0,64.0
4600.0,60,939.3793103,62.75862069,791158.3401,29.0,64.0
4700.0,60,957.0,63.41935484,822829.0791,31.0,64.0
4800.0,60,977.09375,63.46875,859684.2285,32.0,66.0
4900.0,60,999.5357143,62.607142859999996,901777.0128,28.0,62.0
5000.0,60,1021.875,61.21875,944666.876,32.0,66.0
5100.0,60,1040.2413793,59.27586207,980664.0309,29.0,64.0
5200.0,60,1057.344828,57.44827586,1014799.078,29.0,66.0
5300.0,60,1076.4,55.028571428999996,1053522.247,35.0,64.0
5400.0,60,1093.941176,57.82352941,1089874.388,34.0,66.0
5500.0,60,1113.032258,54.354838709999996,1130056.546,31.0,64.0
5600.0,60,1131.542857,52.657142857,1169742.012,35.0,68.0
5700.0,60,1151.242424,55.060606061,1212760.487,33.0,64.0
5800.0,60,1169.30303,50.666666667,1252839.718,33.0,66.0
5900.0,60,1187.733333,47.566666667,1294443.059,30.0,64.0
6000.0,60,1205.275862,47.448275862,1334668.829,29.0,60.0
6100.0,60,1225.225806,47.774193548,1381160.65,31.0,62.0
6200.0,60,1243.793103,47.206896552,1425149.775,29.0,62.0
6300.0,60,1262.833333,46.4333333333,1470977.416,30.0,64.0
6400.0,60,1283.25,44.607142857,1520934.645,28.0,64.0
6500.0,60,1304.727273,45.8484848485,1574357.764,33.0,62.0
6600.0,60,1323.911765,41.705882353,1622919.977,34.0,66.0
6700.0,60,1341.28125,41.25,1667483.829,32.0,62.0
6800.0,60,1360.935484,40.129032258,1718649.279,31.0,66.0
6900.0,60,1380.548387,40.806451613,1770443.532,31.0,64.0
7000.0,60,1398.806452,37.548387097,1819433.887,31.0,62.0
7100.0,60,1419.441176,38.088235294,1875511.026,34.0,66.0
7200.0,60,1439.689655,34.55172414,1931475.987,29.0,64.0
7300.0,60,1463.366667,34.0,1997861.334,30.0,66.0
7400.0,60,1484.393939,34.36363636,2057730.469,33.0,64.0
7500.0,60,1504.758621,39.034482759,2116442.887,29.0,66.0
7600.0,60,1524.193548,38.161290323,2173386.773,31.0,64.0
7700.0,60,1544.580645,38.096774194,2233912.992,31.0,68.0
7800.0,60,1564.533333,40.333333333,2293904.662,30.0,66.0
7900.0,60,1584.941176,39.558823529,2356153.433,34.0,64.0
8000.0,60,1605.4,40.971428571,2419350.675,35.0,64.0
8100.0,60,1623.1,39.966666667,2474744.278,30.0,66.0
8200.0,60,1642.967742,40.032258065,2537645.583,31.0,64.0
8300.0,60,1662.064516,38.35483871,2598887.614,31.0,64.0
8400.0,60,1679.027778,40.305555556,2653825.483,36.0,64.0
8500.0,60,1702.71875,35.125,2731700.532,32.0,64.0
8600.0,60,1721.821429,39.642857143,2795094.159,28.0,66.0
8700.0,60,1740.645161,40.225806452,2858376.596,31.0,62.0
8800.0,60,1759.65625,41.03125,2923004.932,32.0,66.0
8900.0,60,1776.7,45.3666666667,2981514.358,30.0,62.0
9000.0,60,1799.4,44.833333333,3060427.054,30.0,62.0
9100.0,60,1819.1,44.566666667,3129744.331,30.0,64.0
9200.0,60,1835.689655,40.620689655,3188775.516,29.0,64.0
9300.0,60,1858.294118,40.941176471,3270009.678,34.0,66.0
9400.0,60,1881.931034,43.24137931,3356016.994,29.0,64.0
9500.0,60,1902.3125,40.53125,3431151.255,32.0,62.0
9600.0,60,1920.875,40.40625,3500265.306,32.0,62.0
9700.0,60,1943.935484,40.838709677,3587075.546,31.0,62.0
9800.0,60,1965.862069,43.448275862,3670570.392,29.0,66.0
9900.0,60,1985.258065,44.774193548,3745251.085,31.0,66.0
10000.0,60,2007.034483,43.0,3830032.967,29.0,66.0
0.0,61,50.0,50.0,0.0,37.0,64.0
100.0,61,70.44827586,51.068965517,419.274673,29.0,68.0
200.0,61,90.125,51.65625,1612.758789,32.0,64.0
300.0,61,109.03333333,51.166666667,3486.295556,30.0,64.0
400.0,61,130.79411765,50.470588235,6527.9109,34.0,66.0
500.0,61,152.1,53.066666667,10433.81444,30.0,66.0
600.0,61,170.9310345,51.172413793,14625.68966,29.0,64.0
700.0,61,189.0322581,50.451612903,19330.17274,31.0,64.0
800.0,61,209.2727273,52.575757576,25374.43618,33.0,64.0
900.0,61,227.5,51.5,31508.5,32.0,66.0
1000.0,61,244.7878788,49.242424242,37942.89164,33.0,64.0
1100.0,61,267.125,48.84375,47144.60254,32.0,64.0
1200.0,61,287.2580645,48.64516129,56293.22477,31.0,64.0
1300.0,61,308.5625,48.65625,66856.37207,32.0,66.0
1400.0,61,329.3,48.3,78011.38,30.0,66.0
1500.0,61,346.4666667,46.9,87902.09444,30.0,64.0
1600.0,61,366.625,49.375,100251.7812,32.0,62.0
1700.0,61,388.6857143,49.942857143,114708.0163,35.0,68.0
1800.0,61,405.6774194,53.580645161,126519.2477,31.0,64.0
1900.0,61,424.1612903,48.161290323,140000.052,31.0,64.0
2000.0,61,444.5151515,47.393939394,155648.9963,33.0,66.0
2100.0,61,463.5588235,43.823529412,171069.0493,34.0,66.0
2200.0,61,483.5,44.833333333,187948.9444,30.0,62.0
2300.0,61,502.0689655,44.862068966,204392.7479,29.0,64.0
2400.0,61,523.1666667,45.2,223909.7344,30.0,66.0
2500.0,61,541.969697,46.1818181818,242048.7612,33.0,64.0
2600.0,61,560.7428571,43.828571429,260896.3527,35.0,66.0
2700.0,61,580.5333333,46.5666666667,281477.4056,30.0,60.0
2800.0,61,596.8529412,46.02941176471,299063.9048,34.0,66.0
2900.0,61,618.3125,44.8125,323006.0078,32.0,68.0
3000.0,61,639.9393939,45.4242424242,348049.4261,33.0,62.0
3100.0,61,659.2903226,45.0967741935,371258.7388,31.0,64.0
3200.0,61,678.5862069,46.9655172414,395129.8276,29.0,62.0
3300.0,61,700.2647059,47.911764706,422848.5484,34.0,64.0
3400.0,61,718.3103448,49.379310345,446639.1023,29.0,62.0
3500.0,61,737.96875,49.1875,473301.6611,32.0,66.0
3600.0,61,757.3125,49.8125,500291.0078,32.0,64.0
3700.0,61,776.862069,52.034482759,528332.6064,29.0,64.0
3800.0,61,793.969697,49.545454545,553491.1166,33.0,66.0
3900.0,61,816.7941176,47.352941176,587980.2258,34.0,66.0
4000.0,61,834.875,47.25,616036.3281,32.0,64.0
4100.0,61,854.6,44.771428571,647408.498,35.0,66.0
4200.0,61,874.1351351,40.72972973,679284.6589,37.0,68.0
4300.0,61,895.6,37.466666667,715196.4444,30.0,62.0
4400.0,61,914.0,38.193548387,746635.3923,31.0,64.0
4500.0,61,932.5294118,38.058823529,779000.7543,34.0,64.0
4600.0,61,949.3793103,38.448275862,809016.5862,29.0,62.0
4700.0,61,969.7096774,40.322580645,845959.5432,31.0,64.0
4800.0,61,989.3103448,39.931034483,882405.308,29.0,64.0
4900.0,61,1009.1875,41.59375,920111.3252,32.0,64.0
5000.0,61,1029.6774194,44.774193548,959795.155,31.0,64.0
5100.0,61,1048.387097,47.903225806,996781.1915,31.0,66.0
5200.0,61,1066.848485,46.7575757576,1033991.354,33.0,66.0
5300.0,61,1085.606061,46.8787878788,1072489.655,33.0,64.0
5400.0,61,1102.0625,46.34375,1106848.872,32.0,66.0
5500.0,61,1120.71875,45.375,1146460.032,32.0,62.0
5600.0,61,1141.7,45.6666666667,1191827.668,30.0,64.0
5700.0,61,1162.666667,47.366666667,1238034.046,30.0,64.0
5800.0,61,1183.275862,44.482758621,1284344.62,29.0,64.0
5900.0,61,1204.483871,49.193548387,1332833.659,31.0,66.0
6000.0,61,1224.939394,47.666666667,1380488.024,33.0,68.0
6100.0,61,1248.033333,47.966666667,1435288.002,30.0,62.0
6200.0,61,1267.848485,45.303030303,1483176.994,33.0,66.0
6300.0,61,1290.9375,52.15625,1539930.528,32.0,64.0
6400.0,61,1311.382353,53.117647059,1591095.16,34.0,66.0
6500.0,61,1329.433333,56.2,1636988.094,30.0,62.0
6600.0,61,1348.875,54.46875,1687096.235,32.0,66.0
6700.0,61,1369.266667,57.066666670000004,1740514.476,30.0,66.0
6800.0,61,1388.344828,59.206896549999996,1791251.644,29.0,64.0
6900.0,61,1411.935484,58.77419355,1854945.249,31.0,64.0
7000.0,61,1432.285714,57.53571429,1910770.583,28.0,60.0
7100.0,61,1451.727273,56.57575758,1964882.588,33.0,66.0
7200.0,61,1471.333333,54.757575758,2020211.079,33.0,66.0
7300.0,61,1492.366667,54.9,2080445.611,30.0,62.0
7400.0,61,1513.3125,53.65625,2141296.841,32.0,64.0
7500.0,61,1531.62069,50.517241379,2195200.136,29.0,64.0
7600.0,61,1549.225806,51.290322581,2247679.684,31.0,64.0
7700.0,61,1571.90625,51.0,2316199.634,32.0,64.0
7800.0,61,1593.344828,52.068965517,2381917.537,29.0,62.0
7900.0,61,1611.580645,53.548387097,2438546.702,31.0,60.0
8000.0,61,1632.967742,51.870967742,2505790.373,31.0,66.0
8100.0,61,1650.586207,49.0,2561877.206,29.0,62.0
8200.0,61,1667.258065,48.193548387,2615526.911,31.0,62.0
8300.0,61,1686.133333,49.6,2676932.444,30.0,62.0
8400.0,61,1708.548387,49.677419355,2750782.856,31.0,62.0
8500.0,61,1726.424242,50.090909091,2810398.249,33.0,64.0
8600.0,61,1747.064516,50.096774194,2880027.981,31.0,66.0
8700.0,61,1766.727273,50.939393939,2947153.411,33.0,66.0
8800.0,61,1786.903226,47.225806452,3016840.512,31.0,64.0
8900.0,61,1804.612903,48.580645161,3078668.455,31.0,64.0
9000.0,61,1821.62963,48.814814815,3138672.949,27.0,60.0
9100.0,61,1841.516129,53.774193548,3209544.285,31.0,62.0
9200.0,61,1861.310345,55.724137931,3280877.931,29.0,62.0
9300.0,61,1880.633333,53.866666667,3351233.352,30.0,64.0
9400.0,61,1899.344828,53.482758621,3420088.421,29.0,64.0
9500.0,61,1917.90625,51.375,3489075.649,32.0,62.0
9600.0,61,1936.193548,53.032258065,3557735.297,31.0,62.0
9700.0,61,1953.166667,51.133333333,3622044.646,30.0,66.0
9800.0,61,1975.266667,52.666666667,3706658.849,30.0,64.0
9900.0,61,1991.78125,53.28125,3770525.189,32.0,66.0
10000.0,61,2012.103448,55.448275862,3849879.625,29.0,64.0
0.0,62,50.0,50.0,0.0,37.0,64.0
100.0,62,70.0,45.8709677419,417.0489074,31.0,64.0
200.0,62,88.8125,44.9375,1532.039062,32.0,64.0
300.0,62,108.125,48.5,3380.765625,32.0,64.0
400.0,62,125.55172414,51.620689655,5710.689655,29.0,62.0
500.0,62,141.8,50.7,8427.73,30.0,64.0
600.0,62,160.7419355,52.0,12267.77627,31.0,64.0
700.0,62,178.8787879,51.03030303,16610.80349,33.0,64.0
800.0,62,198.1935484,52.935483871,21969.94485,31.0,66.0
900.0,62,213.7241379,52.896551724,26813.98335,29.0,64.0
1000.0,62,230.8125,51.5625,32695.60156,32.0,62.0
1100.0,62,252.4516129,51.870967742,40990.15609,31.0,66.0
1200.0,62,273.03125,50.75,49743.50098,32.0,64.0
1300.0,62,294.75757580000004,53.333333333,59917.382,33.0,66.0
1400.0,62,314.2424242,54.060606061,69840.54729,33.0,66.0
1500.0,62,331.9333333,59.23333333,79571.65889,30.0,64.0
1600.0,62,351.46875,61.3125,91011.37988,32.0,64.0
1700.0,62,371.3103448,57.82758621,103301.6088,29.0,64.0
1800.0,62,389.0882353,57.705882349999996,115040.2119,34.0,66.0
1900.0,62,406.375,60.625,127116.0312,32.0,66.0
2000.0,62,425.3225806,62.12903226,141014.153,31.0,64.0
2100.0,62,442.5,61.4375,154187.0664,32.0,66.0
2200.0,62,463.4,61.57142857,171033.458,35.0,66.0
2300.0,62,482.6060606,62.63636364,187307.6814,33.0,66.0
2400.0,62,500.4516129,60.48387097,203016.5671,31.0,66.0
2500.0,62,517.6785714,58.142857140000004,218789.5523,28.0,64.0
2600.0,62,537.2,60.76666667,237479.7611,30.0,62.0
2700.0,62,557.5625,62.0625,257765.1953,32.0,62.0
2800.0,62,577.6470588,59.705882349999996,278505.6228,34.0,64.0
2900.0,62,596.15625,62.0625,298432.1533,32.0,62.0
3000.0,62,613.8387097,63.87096774,318106.4943,31.0,64.0
3100.0,62,633.8125,63.28125,341013.4268,32.0,66.0
3200.0,62,652.7419355,62.5483871,363455.3028,31.0,64.0
3300.0,62,672.5882353,61.94117647,387758.7024,34.0,66.0
3400.0,62,693.8529412,64.97058824,414770.7284,34.0,70.0
3500.0,62,712.7352941,62.58823529,439376.5337,34.0,66.0
3600.0,62,731.4545455,59.90909091,464478.4876,33.0,68.0
3700.0,62,751.9090909,58.727272729999996,492752.5372,33.0,66.0
3800.0,62,774.3870968,61.25806452,524863.41,31.0,64.0
3900.0,62,793.7741935,62.193548390000004,553348.7336,31.0,66.0
4000.0,62,812.4666667,59.2,581440.0578,30.0,64.0
4100.0,62,832.53125,55.53125,612385.752,32.0,66.0
4200.0,62,852.3793103,55.137931034,643838.956,29.0,62.0
4300.0,62,870.1714286,53.971428571,672696.9445,35.0,64.0
4400.0,62,887.5757576,54.424242424,701552.7236,33.0,66.0
4500.0,62,909.7272727,55.878787879,739165.5436,33.0,64.0
4600.0,62,927.0967742,59.806451609999996,769394.9178,31.0,62.0
4700.0,62,945.75,57.125,802418.8281,32.0,64.0
4800.0,62,965.1875,55.03125,837593.4736,32.0,66.0
4900.0,62,982.037037,56.85185185,868739.9863,27.0,64.0
5000.0,62,1004.8387097,56.83870968,911763.7294,31.0,66.0
5100.0,62,1025.0,57.33333333,950678.7778,30.0,62.0
5200.0,62,1042.4375,56.75,984977.7539,32.0,66.0
5300.0,62,1061.862069,53.137931034,1023874.693,29.0,64.0
5400.0,62,1080.633333,50.833333333,1062205.762,30.0,64.0
5500.0,62,1101.121212,49.0,1104856.803,33.0,66.0
5600.0,62,1122.242424,50.939393939,1149704.699,33.0,64.0
5700.0,62,1140.966667,50.466666667,1190208.486,30.0,64.0
5800.0,62,1161.16129,53.387096774,1234690.886,31.0,64.0
5900.0,62,1181.225806,54.838709677,1279695.238,31.0,64.0
6000.0,62,1202.393939,54.090909091,1328028.527,33.0,66.0
6100.0,62,1220.96875,53.625,1371180.954,32.0,64.0
6200.0,62,1242.606061,54.606060606,1422330.432,33.0,66.0
6300.0,62,1262.59375,53.375,1470394.993,32.0,62.0
6400.0,62,1281.75,56.32142857,1517248.023,28.0,60.0
6500.0,62,1301.870968,57.32258065,1567234.54,31.0,62.0
6600.0,62,1319.827586,54.827586206999996,1612485.404,29.0,62.0
6700.0,62,1339.035714,50.964285714,1661614.003,28.0,66.0
6800.0,62,1356.411765,51.382352941,1706713.61,34.0,66.0
6900.0,62,1375.147059,53.970588235,1756030.493,34.0,66.0
7000.0,62,1397.033333,55.233333333,1814526.189,30.0,66.0
7100.0,62,1416.548387,54.258064516,1867472.625,31.0,62.0
7200.0,62,1433.875,52.78125,1915117.751,32.0,64.0
7300.0,62,1451.612903,49.709677419,1964518.815,31.0,64.0
7400.0,62,1472.275862,49.379310345,2022869.013,29.0,64.0
7500.0,62,1492.3,48.833333333,2080230.651,30.0,64.0
7600.0,62,1514.4375,48.34375,2144579.935,32.0,62.0
7700.0,62,1533.033333,49.166666667,2199388.562,30.0,64.0
7800.0,62,1552.551724,48.724137931,2257663.312,29.0,60.0
7900.0,62,1570.75,48.71875,2312682.204,32.0,66.0
8000.0,62,1589.235294,48.5,2369247.541,34.0,66.0
8100.0,62,1610.433333,49.9,2434952.198,30.0,62.0
8200.0,62,1629.0,52.933333333,2493249.604,30.0,64.0
8300.0,62,1647.866667,52.2,2553182.724,30.0,62.0
8400.0,62,1668.129032,51.709677419,2618344.488,31.0,60.0
8500.0,62,1686.535714,52.785714286,2678256.904,28.0,62.0
8600.0,62,1708.258065,52.064516129,2749824.071,31.0,64.0
8700.0,62,1729.352941,55.823529412,2820260.215,34.0,66.0
8800.0,62,1749.866667,58.3,2889615.574,30.0,64.0
8900.0,62,1771.1,58.3,2962254.1,30.0,66.0
9000.0,62,1790.3,62.2,3028792.93,30.0,64.0
9100.0,62,1809.69697,60.06060606,3096634.641,33.0,66.0
9200.0,62,1828.03125,56.15625,3161433.025,32.0,66.0
9300.0,62,1846.566667,56.76666667,3227697.576,30.0,62.0
9400.0,62,1868.6,54.566666667,3307326.814,30.0,64.0
9500.0,62,1887.625,54.0625,3376882.145,32.0,64.0
9600.0,62,1907.882353,51.764705882,3451729.952,34.0,66.0
9700.0,62,1925.15625,52.78125,3516218.697,32.0,64.0
9800.0,62,1944.225806,53.483870968,3588103.543,31.0,64.0
9900.0,62,1966.823529,51.470588235,3674214.606,34.0,66.0
10000.0,62,1985.970588,50.588235294,3747982.465,34.0,66.0
0.0,63,50.0,50.0,0.0,37.0,64.0
100.0,63,74.13333333,47.833333333,587.1122222,30.0,68.0
200.0,63,92.48148148,49.962962963,1804.677641,27.0,60.0
300.0,63,111.15151515,51.303030303,3741.205693,33.0,66.0
400.0,63,131.24137931,50.689655172,6600.637337,29.0,64.0
500.0,63,149.969697,53.424242424,10005.66575,33.0,62.0
600.0,63,170.5483871,46.4838709677,14544.2768,31.0,64.0
700.0,63,192.1612903,46.8387096774,20219.82622,31.0,64.0
800.0,63,210.15625,44.78125,25677.25977,32.0,66.0
900.0,63,229.53125,45.46875,32252.00195,32.0,64.0
1000.0,63,249.030303,47.484848485,39619.38751,33.0,64.0
1100.0,63,271.3939394,47.757575758,49020.30487,33.0,66.0
1200.0,63,289.4,48.5,57314.61,30.0,62.0
1300.0,63,307.25,50.8125,66178.22266,32.0,62.0
1400.0,63,329.15625,46.28125,77942.04102,32.0,64.0
1500.0,63,348.25,45.75,88971.125,32.0,64.0
1600.0,63,369.1333333,43.566666667,101887.4722,30.0,64.0
1700.0,63,388.0571429,42.114285714,114344.8163,35.0,66.0
1800.0,63,407.2285714,41.371428571,127686.7045,35.0,66.0
1900.0,63,426.96875,39.90625,142207.3223,32.0,62.0
2000.0,63,445.5,38.0,156564.25,32.0,64.0
2100.0,63,463.2333333,35.566666670000004,170970.1089,30.0,64.0
2200.0,63,481.1515152,33.90909091,186150.5464,33.0,66.0
2300.0,63,501.6875,31.5,204363.8477,32.0,66.0
2400.0,63,521.6176471,33.17647059,222706.2362,34.0,66.0
2500.0,63,542.4333333,31.833333330000002,242820.6156,30.0,62.0
2600.0,63,564.1,34.13333333,264550.5611,30.0,64.0
2700.0,63,585.5483871,35.22580645,287030.3517,31.0,64.0
2800.0,63,603.2727273,36.757575758,306286.0725,33.0,64.0
2900.0,63,624.3448276,36.896551724,330043.6813,29.0,62.0
3000.0,63,643.0,35.12903226,351870.1457,31.0,68.0
3100.0,63,660.6470588,35.58823529,373097.5294,34.0,66.0
3200.0,63,678.5882353,37.676470588,395275.0389,34.0,64.0
3300.0,63,698.78125,34.6875,421151.583,32.0,64.0
3400.0,63,719.5757576,35.727272729999996,448535.4059,33.0,68.0
3500.0,63,735.21875,36.96875,469694.5488,32.0,64.0
3600.0,63,757.2727273,38.757575758,500361.1028,33.0,64.0
3700.0,63,774.3636364,36.212121212,524892.7833,33.0,64.0
3800.0,63,793.3030303,42.212121212,552560.0459,33.0,66.0
3900.0,63,815.6176471,44.647058824,586199.0355,34.0,68.0
4000.0,63,834.5,48.4375,615442.6914,32.0,66.0
4100.0,63,854.7272727,44.666666667,647614.4279,33.0,66.0
4200.0,63,875.0322581,42.580645161,680733.2737,31.0,64.0
4300.0,63,894.7,42.733333333,713570.8944,30.0,64.0
4400.0,63,914.5151515,42.606060606,747441.1175,33.0,66.0
4500.0,63,934.0,45.3225806452,781477.8783,31.0,62.0
4600.0,63,952.34375,44.625,814253.1338,32.0,62.0
4700.0,63,971.34375,42.25,848934.3682,32.0,68.0
4800.0,63,987.6129032,38.161290323,879258.1113,31.0,66.0
4900.0,63,1005.09375,37.03125,912372.2598,32.0,66.0
5000.0,63,1023.5,34.875,947931.0156,32.0,62.0
5100.0,63,1041.5666667,31.26666667,983555.3922,30.0,66.0
5200.0,63,1059.258065,31.93548387,1018928.168,31.0,62.0
5300.0,63,1078.433333,32.8,1057970.961,30.0,62.0
5400.0,63,1098.0,32.06451613,1098625.682,31.0,66.0
5500.0,63,1117.366667,33.16666667,1139554.962,30.0,60.0
5600.0,63,1135.875,36.625,1179303.406,32.0,64.0
5700.0,63,1158.1875,35.71875,1228283.489,32.0,62.0
5800.0,63,1178.354839,37.870967742,1273331.755,31.0,68.0
5900.0,63,1198.8125,36.5,1319952.41,32.0,64.0
6000.0,63,1219.235294,32.64705882,1367412.298,34.0,66.0
6100.0,63,1239.310345,32.27586207,1414773.241,29.0,64.0
6200.0,63,1260.117647,31.29411765,1464734.63,34.0,66.0
6300.0,63,1280.354839,24.38709677,1514429.05,31.0,62.0
6400.0,63,1301.448276,24.03448276,1566796.995,29.0,66.0
6500.0,63,1321.424242,24.54545455,1617167.538,33.0,64.0
6600.0,63,1339.5,22.73333333,1663553.721,30.0,64.0
6700.0,63,1358.533333,20.7,1713117.974,30.0,64.0
6800.0,63,1378.9,19.3,1766917.7,30.0,62.0
6900.0,63,1398.65625,18.03125,1819895.682,32.0,62.0
7000.0,63,1418.548387,18.96774194,1873887.689,31.0,64.0
7100.0,63,1440.129032,18.67741935,1933439.83,31.0,64.0
7200.0,63,1458.866667,19.2,1985853.924,30.0,66.0
7300.0,63,1477.4375,19.65625,2038498.56,32.0,64.0
7400.0,63,1498.444444,19.85185185,2098900.219,27.0,62.0
7500.0,63,1518.193548,21.64516129,2156396.292,31.0,66.0
7600.0,63,1536.625,21.625,2210859.031,32.0,62.0
7700.0,63,1556.441176,21.91176471,2270153.967,34.0,64.0
7800.0,63,1576.965517,20.37931034,2332501.076,29.0,64.0
7900.0,63,1595.655172,22.96551724,2389780.775,29.0,64.0
8000.0,63,1615.774194,23.51612903,2452350.221,31.0,66.0
8100.0,63,1630.0,23.25806452,2497115.131,31.0,64.0
8200.0,63,1650.4,25.13333333,2561898.511,30.0,62.0
8300.0,63,1670.0,20.65517241,2625261.119,29.0,66.0
8400.0,63,1689.787879,21.45454545,2689719.13,33.0,64.0
8500.0,63,1709.1875,21.625,2753708.301,32.0,64.0
8600.0,63,1730.0,21.58064516,2823207.66,31.0,62.0
8700.0,63,1749.166667,25.56666667,2887764.349,30.0,60.0
8800.0,63,1769.903226,24.58064516,2958713.25,31.0,62.0
8900.0,63,1788.483871,22.61290323,3023076.223,31.0,68.0
9000.0,63,1808.96875,20.875,3094819.329,32.0,64.0
9100.0,63,1827.085714,20.54285714,3158901.359,35.0,64.0
9200.0,63,1845.65625,19.125,3225334.634,32.0,66.0
9300.0,63,1867.1,18.6,3302838.37,30.0,64.0
9400.0,63,1884.866667,17.53333333,3367789.769,30.0,64.0
9500.0,63,1900.575758,19.15151515,3425582.264,33.0,66.0
9600.0,63,1920.689655,19.27586207,3500423.759,29.0,62.0
9700.0,63,1940.40625,17.875,3574667.806,32.0,66.0
9800.0,63,1959.258065,17.19354839,3646342.62,31.0,66.0
9900.0,63,1981.225806,20.35483871,3730511.951,31.0,64.0
10000.0,63,2000.78125,19.5625,3806473.927,32.0,66.0
0.0,64,50.0,50.0,0.0,37.0,64.0
100.0,64,69.16666667,51.1,368.5711111,30.0,62.0
200.0,64,89.26470588000001,52.323529412,1547.115917,34.0,66.0
300.0,64,110.0,52.032258065,3604.130073,31.0,64.0
400.0,64,128.03703704,53.62962963,6102.953361,27.0,62.0
500.0,64,146.71875,55.40625,9383.744141,32.0,64.0
600.0,64,166.375,54.28125,13561.46973,32.0,64.0
700.0,64,182.2424242,56.39393939,17528.94123,33.0,64.0
800.0,64,200.3235294,53.205882353,22607.44118,34.0,66.0
900.0,64,218.0,53.176470588,28234.08997,34.0,64.0
1000.0,64,240.0625,51.71875,36126.70801,32.0,66.0
1100.0,64,261.2413793,53.310344828,44633.87872,29.0,64.0
1200.0,64,278.8787879,53.696969697,52399.16713,33.0,64.0
1300.0,64,297.89655170000003,55.344827586,61481.26754,29.0,60.0
1400.0,64,318.0,54.771428571,71846.76653,35.0,64.0
1500.0,64,339.125,59.15625,83677.10254,32.0,64.0
1600.0,64,360.7575758,62.36363636,96723.13039,33.0,64.0
1700.0,64,381.0967742,58.51612903,109697.5983,31.0,64.0
1800.0,64,401.8709677,57.4516129,123868.7045,31.0,66.0
1900.0,64,419.0967742,59.32258065,136319.3392,31.0,62.0
2000.0,64,438.7741935,61.967741939999996,151288.6004,31.0,66.0
2100.0,64,459.5,62.1875,167838.7852,32.0,62.0
2200.0,64,476.6857143,62.08571429,182206.7633,35.0,66.0
2300.0,64,498.1290323,62.93548387,200986.9563,31.0,62.0
2400.0,64,518.2727273,62.63636364,219439.0248,33.0,68.0
2500.0,64,537.7428571,64.4,238100.4547,35.0,66.0
2600.0,64,554.4193548000001,64.51612903,254649.6035,31.0,66.0
2700.0,64,572.6451613,64.87096774,273379.1103,31.0,64.0
2800.0,64,594.4193548,65.38709677,296629.1967,31.0,62.0
2900.0,64,613.0333333,66.56666667,317280.9889,30.0,62.0
3000.0,64,630.09375,66.1875,336770.7939,32.0,64.0
3100.0,64,647.46875,62.84375,357133.8691,32.0,66.0
3200.0,64,668.4444444,61.37037037,382602.8162,27.0,62.0
3300.0,64,691.5357143,63.892857140000004,411761.0842,28.0,60.0
3400.0,64,706.9411765,64.88235294,431793.1938,34.0,64.0
3500.0,64,725.9333333,61.83333333,457025.8989,30.0,64.0
3600.0,64,743.7419355,60.77419355,481393.9563,31.0,62.0
3700.0,64,766.0333333,60.433333329999996,512812.5889,30.0,62.0
3800.0,64,783.5882353,56.32352941,538191.686,34.0,64.0
3900.0,64,799.7741935,55.129032258,562187.6483,31.0,64.0
4000.0,64,817.9714286,55.885714286,589814.7567,35.0,66.0
4100.0,64,840.1666667,56.33333333,624403.4722,30.0,62.0
4200.0,64,858.0,54.366666667000004,652883.0678,30.0,66.0
4300.0,64,876.90625,51.84375,683777.3457,32.0,64.0
4400.0,64,895.9428571,53.228571429,715629.7412,35.0,66.0
4500.0,64,915.4375,54.21875,748999.8643,32.0,68.0
4600.0,64,934.2727273,53.303030303,781949.1662,33.0,64.0
4700.0,64,953.0,53.15625,815418.9619,32.0,62.0
4800.0,64,971.2580645,54.935483871,848740.7804,31.0,62.0
4900.0,64,991.3125,56.03125,886105.5986,32.0,66.0
5000.0,64,1010.9333333,52.433333333,923398.7922,30.0,64.0
5100.0,64,1030.3,53.0,960997.09,30.0,64.0
5200.0,64,1051.37931,52.310344828,1002765.861,29.0,66.0
5300.0,64,1070.903226,49.741935484,1042243.463,31.0,64.0
5400.0,64,1089.344828,48.172413793,1080241.011,29.0,62.0
5500.0,64,1109.903226,52.838709677,1123402.906,31.0,62.0
5600.0,64,1129.258065,52.032258065,1164802.1,31.0,66.0
5700.0,64,1149.766667,50.366666667,1209486.856,30.0,62.0
5800.0,64,1168.818182,48.757575758,1251755.668,33.0,64.0
5900.0,64,1187.53125,49.09375,1293978.166,32.0,66.0
6000.0,64,1207.71875,49.5625,1340312.896,32.0,62.0
6100.0,64,1226.566667,49.7,1384309.211,30.0,64.0
6200.0,64,1246.090909,51.363636364,1430635.322,33.0,66.0
6300.0,64,1266.9,52.566666667,1480852.198,30.0,60.0
6400.0,64,1287.064516,52.129032258,1530333.15,31.0,66.0
6500.0,64,1305.517241,53.034482759,1576332.751,29.0,62.0
6600.0,64,1321.617647,52.235294118,1617016.437,34.0,68.0
6700.0,64,1342.617647,47.882352941,1670864.866,34.0,66.0
6800.0,64,1361.6,50.5,1720294.81,30.0,62.0
6900.0,64,1382.363636,53.848484848,1775207.67,33.0,66.0
7000.0,64,1401.333333,52.333333333,1826107.222,30.0,62.0
7100.0,64,1418.4375,50.5,1872621.441,32.0,66.0
7200.0,64,1439.580645,48.419354839,1930936.868,31.0,62.0
7300.0,64,1460.46875,50.0,1989422.095,32.0,66.0
7400.0,64,1479.78125,51.71875,2044277.377,32.0,66.0
7500.0,64,1503.21875,50.0,2111844.735,32.0,64.0
7600.0,64,1519.464286,47.428571429,2159331.899,28.0,62.0
7700.0,64,1538.647059,50.323529412,2216070.17,34.0,68.0
7800.0,64,1560.666667,54.272727273,2282132.034,33.0,66.0
7900.0,64,1578.90625,49.78125,2337554.369,32.0,66.0
8000.0,64,1596.764706,52.911764706,2392489.534,34.0,66.0
8100.0,64,1614.4,50.3,2447347.45,30.0,64.0
8200.0,64,1632.058824,51.617647059,2502912.738,34.0,66.0
8300.0,64,1652.4,49.342857143,2567686.192,35.0,68.0
8400.0,64,1668.793103,45.96551724138,2620507.389,29.0,62.0
8500.0,64,1690.060606,43.666666667,2689838.903,33.0,66.0
8600.0,64,1708.741935,44.096774194,2751459.657,31.0,64.0
8700.0,64,1727.551724,45.4827586207,2814200.193,29.0,64.0
8800.0,64,1750.666667,44.566666667,2892296.632,30.0,64.0
8900.0,64,1768.322581,47.290322581,2952639.834,31.0,66.0
9000.0,64,1788.0,49.176470588,3020644.678,34.0,64.0
9100.0,64,1806.484848,46.9696969697,3085248.206,33.0,66.0
9200.0,64,1826.677419,46.9032258065,3156592.242,31.0,64.0
9300.0,64,1847.466667,48.033333333,3230890.286,30.0,62.0
9400.0,64,1866.575758,49.575757576,3299947.663,33.0,62.0
9500.0,64,1885.030303,47.818181818,3367340.973,33.0,62.0
9600.0,64,1909.25,50.9375,3456811.441,32.0,64.0
9700.0,64,1927.96875,52.0,3526770.626,32.0,64.0
9800.0,64,1949.21875,52.5625,3607038.427,32.0,62.0
9900.0,64,1968.566667,55.333333333,3680926.499,30.0,70.0
10000.0,64,1991.558824,54.617647059,3769671.988,34.0,68.0
0.0,65,50.0,50.0,0.0,37.0,64.0
100.0,65,67.63636364,47.545454545,317.0661157,33.0,68.0
200.0,65,86.28571429,48.057142857,1320.427755,35.0,66.0
300.0,65,107.46875,45.9375,3319.161133,32.0,64.0
400.0,65,126.5625,44.78125,5889.051758,32.0,66.0
500.0,65,146.5,47.15625,9320.336914,32.0,66.0
600.0,65,166.75,47.5,13636.8125,32.0,66.0
700.0,65,187.09375,47.09375,18803.14258,32.0,64.0
800.0,65,204.9375,45.15625,24029.09082,32.0,64.0
900.0,65,226.1111111,43.111111111,31062.58025,36.0,66.0
1000.0,65,244.3333333,37.878787879,37912.36823,33.0,66.0
1100.0,65,265.27272730000004,36.606060606,46521.74472,33.0,68.0
1200.0,65,284.73529410000003,36.794117647,55275.05363,34.0,66.0
1300.0,65,304.25,30.84375,65010.02441,32.0,66.0
1400.0,65,324.3666667,29.63333333,75691.86889,30.0,64.0
1500.0,65,342.6764706,29.14705882,86094.36159,34.0,64.0
1600.0,65,359.9354839,27.58064516,96562.63163,31.0,62.0
1700.0,65,382.9375,25.125,111466.1445,32.0,66.0
1800.0,65,402.6176471,27.41176471,124849.4334,34.0,66.0
1900.0,65,423.2647059,27.97058824,139811.8356,34.0,66.0
2000.0,65,444.7878788,27.33333333,156371.247,33.0,64.0
2100.0,65,464.1428571,28.75,171965.8686,28.0,64.0
2200.0,65,480.125,32.03125,185330.3916,32.0,64.0
2300.0,65,499.3103448,33.17241379,202162.9536,29.0,64.0
2400.0,65,518.0322581,36.096774194,219247.4943,31.0,62.0
2500.0,65,538.8529412,38.705882353,239104.7552,34.0,64.0
2600.0,65,555.9354839,41.290322581,256046.5723,31.0,64.0
2700.0,65,575.1935484,40.741935484,275913.975,31.0,62.0
2800.0,65,591.1,41.433333333,292862.5978,30.0,64.0
2900.0,65,610.90625,39.84375,314718.9707,32.0,64.0
3000.0,65,629.9411765,41.411764706,336405.526,34.0,68.0
3100.0,65,651.0,43.931034483,361237.8323,29.0,60.0
3200.0,65,671.516129,43.193548387,386328.6264,31.0,64.0
3300.0,65,691.875,43.4375,412046.582,32.0,64.0
3400.0,65,712.2285714,44.0,438582.6808,35.0,64.0
3500.0,65,732.4242424,44.181818182,465736.6979,33.0,64.0
3600.0,65,750.1,42.6,490194.77,30.0,64.0
3700.0,65,768.6,41.9,516451.57,30.0,64.0
3800.0,65,786.030303,43.515151515,541782.6602,33.0,66.0
3900.0,65,804.8235294,44.176470588,569792.474,34.0,62.0
4000.0,65,825.8,37.166666667,602030.3344,30.0,66.0
4100.0,65,847.8055556,37.388888889,636652.7446,36.0,66.0
4200.0,65,869.6666667,38.454545455,671986.742,33.0,64.0
4300.0,65,893.90625,36.25,712366.8213,32.0,62.0
4400.0,65,914.0,38.0,746640.0,35.0,64.0
4500.0,65,932.9666667,37.966666667,779774.9356,30.0,62.0
4600.0,65,949.8787879,38.212121212,809920.787,33.0,66.0
4700.0,65,967.90625,40.3125,842645.7314,32.0,66.0
4800.0,65,985.6363636,42.727272727,875468.2975,33.0,66.0
4900.0,65,1005.3666667,42.666666667,912779.2456,30.0,62.0
5000.0,65,1025.0344828,44.379310345,950723.8347,29.0,64.0
5100.0,65,1046.818182,36.333333333,993833.2654,33.0,66.0
5200.0,65,1067.848485,35.3030303,1036231.539,33.0,64.0
5300.0,65,1086.107143,34.25,1073766.074,28.0,64.0
5400.0,65,1105.03125,32.21875,1113407.111,32.0,64.0
5500.0,65,1124.322581,32.29032258,1154482.64,31.0,64.0
5600.0,65,1144.514286,33.857142859999996,1198222.113,35.0,66.0
5700.0,65,1165.65625,37.625,1244842.009,32.0,64.0
5800.0,65,1185.096774,41.322580645,1288519.984,31.0,62.0
5900.0,65,1206.241379,39.448275862,1337005.466,29.0,64.0
6000.0,65,1225.647059,37.441176471,1382303.731,34.0,64.0
6100.0,65,1245.09375,36.0,1428445.071,32.0,64.0
6200.0,65,1263.1875,33.875,1472083.926,32.0,68.0
6300.0,65,1283.3,35.4,1521242.05,30.0,66.0
6400.0,65,1303.966667,36.333333333,1572619.179,30.0,66.0
6500.0,65,1320.896552,35.82758621,1615378.902,29.0,58.0
6600.0,65,1338.75,37.75,1661026.625,32.0,68.0
6700.0,65,1357.939394,36.757575758,1710880.82,33.0,66.0
6800.0,65,1375.62069,35.93103448,1757468.149,29.0,66.0
6900.0,65,1396.5,33.96875,1813319.251,32.0,68.0
7000.0,65,1415.37931,37.413793103,1864419.074,29.0,60.0
7100.0,65,1434.625,38.625,1917315.781,32.0,66.0
7200.0,65,1451.5,35.7,1964406.74,30.0,66.0
7300.0,65,1472.166667,34.8,2022789.068,30.0,66.0
7400.0,65,1493.586207,36.448275862,2084124.786,29.0,64.0
7500.0,65,1511.714286,33.2,2136890.893,35.0,66.0
7600.0,65,1529.78125,32.09375,2190073.182,32.0,64.0
7700.0,65,1549.903226,29.03225806,2250149.333,31.0,64.0
7800.0,65,1567.1875,28.9375,2302301.539,32.0,64.0
7900.0,65,1587.566667,25.93333333,2364690.459,30.0,64.0
8000.0,65,1605.03125,27.71875,2418618.643,32.0,66.0
8100.0,65,1623.84375,31.53125,2477325.244,32.0,62.0
8200.0,65,1643.0,30.67741935,2538022.362,31.0,66.0
8300.0,65,1660.84375,29.03125,2595257.275,32.0,64.0
8400.0,65,1678.484848,28.3030303,2652433.66,33.0,66.0
8500.0,65,1695.424242,31.03030303,2707780.787,33.0,64.0
8600.0,65,1714.558824,29.79411765,2771164.355,34.0,64.0
8700.0,65,1734.757576,29.0,2838849.089,33.0,64.0
8800.0,65,1755.172414,29.13793103,2908048.187,29.0,62.0
8900.0,65,1776.5,28.25,2981275.312,28.0,64.0
9000.0,65,1794.125,25.90625,3042552.524,32.0,62.0
9100.0,65,1812.0,26.17647059,3105211.561,34.0,66.0
9200.0,65,1829.848485,29.24242424,3168291.506,33.0,64.0
9300.0,65,1847.428571,32.2,3231066.309,35.0,66.0
9400.0,65,1866.911765,30.852941180000002,3301534.971,34.0,66.0
9500.0,65,1883.516129,30.29032258,3362169.867,31.0,62.0
9600.0,65,1902.793103,31.4137931,3433187.731,29.0,64.0
9700.0,65,1922.387097,30.77419355,3506203.072,31.0,62.0
9800.0,65,1944.4,27.94285714,3589237.878,35.0,66.0
9900.0,65,1963.941176,28.67647059,3663625.52,34.0,64.0
10000.0,65,1981.0,29.13333333,3729196.418,30.0,64.0
0.0,66,50.0,50.0,0.0,37.0,64.0
100.0,66,72.0,49.366666667,484.4011111,30.0,66.0
200.0,66,92.41935484,54.483870968,1819.506764,31.0,64.0
300.0,66,109.0,53.25,3491.5625,28.0,62.0
400.0,66,130.21875,55.03125,6460.361328,32.0,64.0
500.0,66,148.0,55.833333333,9638.027778,30.0,64.0
600.0,66,167.28125,49.90625,13754.90039,32.0,64.0
700.0,66,186.6875,49.4375,18683.78906,32.0,64.0
800.0,66,205.8181818,48.545454545,24281.42149,33.0,66.0
900.0,66,227.1612903,50.129032258,31386.13944,31.0,64.0
1000.0,66,248.4,51.233333333,39364.08111,30.0,64.0
1100.0,66,272.8125,55.34375,49673.96582,32.0,70.0
1200.0,66,293.2058824,55.558823529,59180.00173,34.0,64.0
1300.0,66,313.6363636,56.60606061,69547.77227,33.0,66.0
1400.0,66,332.2758621,53.931034483,79695.11534,29.0,64.0
1500.0,66,350.9354839,53.258064516,90572.78044,31.0,66.0
1600.0,66,371.3225806,52.193548387,103253.0125,31.0,62.0
1700.0,66,387.2333333,55.166666667,113753.0156,30.0,62.0
1800.0,66,407.9032258,56.354838709999996,128135.103,31.0,64.0
1900.0,66,432.969697,61.90909091,146807.6152,33.0,66.0
2000.0,66,455.2903226,64.06451613,164458.0562,31.0,64.0
2100.0,66,476.09375,64.5,181766.1338,32.0,62.0
2200.0,66,496.6774194,64.67741935000001,199736.1436,31.0,62.0
2300.0,66,516.4137931,64.75862069,217759.6433,29.0,66.0
2400.0,66,536.7575758,68.0,237256.9376,33.0,64.0
2500.0,66,558.862069,66.89655172,259226.0987,29.0,60.0
2600.0,66,578.03125,66.5625,279091.3174,32.0,64.0
2700.0,66,594.5172414,66.27586207,296763.9298,29.0,60.0
2800.0,66,614.5862069,66.17241379000001,319019.132,29.0,62.0
2900.0,66,633.4242424,64.24242423999999,340586.6933,33.0,62.0
3000.0,66,653.3333333,64.60606061,364224.4481,33.0,64.0
3100.0,66,672.28125,64.84375,387454.291,32.0,66.0
3200.0,66,692.3666667,66.76666667,412916.0556,30.0,64.0
3300.0,66,710.7,67.36666667,436826.0911,30.0,64.0
3400.0,66,729.71875,70.5,462437.8291,32.0,64.0
3500.0,66,747.7096774,69.80645161,487191.0895,31.0,60.0
3600.0,66,767.84375,68.5625,515644.2158,32.0,68.0
3700.0,66,786.78125,73.09375,543379.9316,32.0,66.0
3800.0,66,807.4285714,71.03571429,574140.5421,28.0,66.0
3900.0,66,831.0967742,71.51612903,610575.1145,31.0,68.0
4000.0,66,852.8125,70.9375,644946.2891,32.0,64.0
4100.0,66,873.3548387,72.80645161,678433.3247,31.0,62.0
4200.0,66,894.9722222,69.11111111,714343.2909,36.0,68.0
4300.0,66,912.0,71.53333333,743507.6844,30.0,66.0
4400.0,66,930.9,73.03333333,776515.3444,30.0,64.0
4500.0,66,950.6470588,74.02941176,811742.5372,34.0,66.0
4600.0,66,968.7241379,71.31034482999999,844508.1724,29.0,64.0
4700.0,66,988.2424242,74.57575758,880902.8145,33.0,64.0
4800.0,66,1006.8125,76.09375,916171.0439,32.0,64.0
4900.0,66,1027.9090909000001,74.39393939,956901.2544,33.0,64.0
5000.0,66,1047.25,73.09375,995040.8838,32.0,62.0
5100.0,66,1066.484848,73.66666667,1033801.558,33.0,64.0
5200.0,66,1086.870968,75.38709677,1075745.908,31.0,62.0
5300.0,66,1104.903226,76.77419355,1113537.673,31.0,64.0
5400.0,66,1125.151515,76.54545455,1156655.442,33.0,64.0
5500.0,66,1142.909091,76.09090909,1195131.017,33.0,68.0
5600.0,66,1163.392857,76.96428571,1240370.727,28.0,64.0
5700.0,66,1183.551724,77.68965517000001,1285706.228,29.0,66.0
5800.0,66,1201.677419,77.25806452,1327103.88,31.0,62.0
5900.0,66,1219.935484,75.64516129,1369406.711,31.0,66.0
6000.0,66,1239.59375,76.71875,1415847.182,32.0,66.0
6100.0,66,1258.59375,77.8125,1461472.388,32.0,64.0
6200.0,66,1278.7,74.63333333,1510310.491,30.0,62.0
6300.0,66,1298.8,74.56666667,1560104.961,30.0,62.0
6400.0,66,1320.068966,73.96551724,1613649.523,29.0,62.0
6500.0,66,1341.242424,71.48484848,1667768.597,33.0,64.0
6600.0,66,1359.548387,71.61290323,1715384.096,31.0,64.0
6700.0,66,1378.6875,75.0625,1766038.602,32.0,64.0
6800.0,66,1396.133333,73.43333333,1812624.072,30.0,64.0
6900.0,66,1413.314286,72.4,1859127.602,35.0,64.0
7000.0,66,1435.25,73.0,1919446.562,32.0,66.0
7100.0,66,1455.032258,75.0,1974740.646,31.0,66.0
7200.0,66,1473.483871,76.35483871,2027000.908,31.0,66.0
7300.0,66,1491.481481,78.40740740999999,2078675.842,27.0,60.0
7400.0,66,1512.71875,80.25,2140461.204,32.0,62.0
7500.0,66,1535.806452,76.09677419,2208301.853,31.0,60.0
7600.0,66,1556.354839,76.96774194,2269832.159,31.0,64.0
7700.0,66,1575.8,76.66666667,2328776.751,30.0,64.0
7800.0,66,1597.78125,78.21875,2396423.096,32.0,66.0
7900.0,66,1618.944444,80.88888889,2462540.793,36.0,68.0
8000.0,66,1638.833333,81.6,2525389.921,30.0,62.0
8100.0,66,1658.7,82.56666666999999,2588976.278,30.0,68.0
8200.0,66,1678.580645,83.29032258000001,2653383.163,31.0,64.0
8300.0,66,1695.060606,81.0,2707185.398,33.0,66.0
8400.0,66,1715.970588,82.02941176,2776483.884,34.0,66.0
8500.0,66,1737.15625,82.0,2847520.212,32.0,66.0
8600.0,66,1757.366667,81.9,2916118.544,30.0,68.0
8700.0,66,1775.0,80.66666667,2976565.444,33.0,66.0
8800.0,66,1793.941176,81.17647059000001,3042302.799,34.0,64.0
8900.0,66,1816.366667,76.9,3120774.811,30.0,60.0
9000.0,66,1837.151515,78.42424242,3194718.476,33.0,66.0
9100.0,66,1855.137931,79.68965517000001,3259404.426,29.0,62.0
9200.0,66,1872.857143,80.77142857,3323755.044,35.0,66.0
9300.0,66,1892.866667,78.1,3396947.161,30.0,64.0
9400.0,66,1912.6,75.56666667,3469932.414,30.0,64.0
9500.0,66,1932.4,72.26666667,3543925.564,30.0,64.0
9600.0,66,1952.129032,71.25806452,3618546.761,31.0,64.0
9700.0,66,1972.40625,71.5625,3696110.731,32.0,62.0
9800.0,66,1991.393939,72.03030303,3769495.762,33.0,64.0
9900.0,66,2011.636364,69.51515152,3848398.064,33.0,66.0
10000.0,66,2030.0,68.5,3920742.25,32.0,62.0
0.0,67,50.0,50.0,0.0,37.0,64.0
100.0,67,68.2962963,47.592592593,340.5500686,27.0,66.0
200.0,67,90.0,44.935483871,1625.649324,31.0,62.0
300.0,67,108.17647059000001,44.117647059,3419.103806,34.0,64.0
400.0,67,127.125,44.0,5984.265625,32.0,62.0
500.0,67,147.4482759,45.0689655172,9520.48157,29.0,62.0
600.0,67,165.4375,45.5,13346.06641,32.0,64.0
700.0,67,185.7666667,44.4,18463.94778,30.0,64.0
800.0,67,207.3,44.566666667,24772.81111,30.0,66.0
900.0,67,227.4375,45.6875,31502.66406,32.0,64.0
1000.0,67,246.6451613,45.2580645161,38691.80541,31.0,66.0
1100.0,67,262.8235294,43.617647059,45334.5891,34.0,64.0
1200.0,67,282.7878788,49.03030303,54191.13682,33.0,64.0
1300.0,67,300.625,48.53125,62815.04785,32.0,68.0
1400.0,67,320.5625,44.59375,73233.29395,32.0,64.0
1500.0,67,340.0333333,43.533333333,84161.15222,30.0,66.0
1600.0,67,360.03125,43.78125,96158.04883,32.0,64.0
1700.0,67,381.6333333,42.166666667,110042.0289,30.0,60.0
1800.0,67,402.2121212,38.848484848,124177.7346,33.0,66.0
1900.0,67,422.4285714,39.514285713999996,138812.991,35.0,68.0
2000.0,67,443.0645161,40.774193548,154584.8293,31.0,64.0
2100.0,67,463.3225806,43.612903226,170876.3507,31.0,66.0
2200.0,67,484.2857143,45.6857142857,188622.6947,35.0,66.0
2300.0,67,506.28125,43.6875,208232.4268,32.0,68.0
2400.0,67,528.0,42.28125,228543.5791,32.0,66.0
2500.0,67,547.6969697,44.454545455,247733.0257,33.0,66.0
2600.0,67,566.8529412,42.970588235,267186.3754,34.0,64.0
2700.0,67,585.8333333,41.5,287189.6111,30.0,62.0
2800.0,67,604.625,40.59375,307697.3682,32.0,64.0
2900.0,67,623.5625,41.03125,329054.3799,32.0,66.0
3000.0,67,642.3666667,41.866666667,350964.4189,30.0,66.0
3100.0,67,662.34375,44.90625,374990.8145,32.0,62.0
3200.0,67,682.0322581,41.548387097,399536.205,31.0,66.0
3300.0,67,700.2758621,42.172413793,422919.9679,29.0,64.0
3400.0,67,718.1785714,37.892857143,446609.1862,28.0,64.0
3500.0,67,736.7419355,35.16129032,471834.6733,31.0,64.0
3600.0,67,759.9285714,35.142857140000004,504219.3112,28.0,64.0
3700.0,67,780.65625,37.28125,534020.3223,32.0,64.0
3800.0,67,801.6774194,38.35483871,565154.5525,31.0,64.0
3900.0,67,823.8333333,41.0,598899.0278,30.0,60.0
4000.0,67,843.2258065,39.580645161,629315.743,31.0,64.0
4100.0,67,861.7741935,40.935483871,659059.5068,31.0,64.0
4200.0,67,880.8666667,41.466666667,690412.2356,30.0,64.0
4300.0,67,902.4848485,41.242424242,726807.112,33.0,68.0
4400.0,67,921.3225806,41.419354839,759276.667,31.0,64.0
4500.0,67,940.1764706,47.029411765,792422.9732,34.0,66.0
4600.0,67,959.9375,45.71875,828004.583,32.0,64.0
4700.0,67,978.5625,47.09375,862236.7627,32.0,64.0
4800.0,67,998.125,48.3125,898943.8633,32.0,64.0
4900.0,67,1018.8,47.366666667,938580.3744,30.0,62.0
5000.0,67,1040.2666666999999,46.3666666667,980641.2722,30.0,64.0
5100.0,67,1058.451613,47.322580645,1016981.824,31.0,68.0
5200.0,67,1078.606061,51.727272727,1058033.411,33.0,64.0
5300.0,67,1099.28125,53.15625,1101001.104,32.0,64.0
5400.0,67,1116.96875,53.40625,1138433.916,32.0,66.0
5500.0,67,1137.933333,53.066666667,1183608.342,30.0,62.0
5600.0,67,1159.0,54.1,1229897.81,30.0,66.0
5700.0,67,1175.848485,52.696969697,1267542.084,33.0,66.0
5800.0,67,1194.727273,54.727272727,1310422.876,33.0,64.0
5900.0,67,1212.785714,54.214285714,1352088.378,28.0,62.0
6000.0,67,1229.645161,54.064516129,1391579.227,31.0,60.0
6100.0,67,1247.5625,55.59375,1434187.231,32.0,66.0
6200.0,67,1265.225806,54.645161290000004,1476795.338,31.0,64.0
6300.0,67,1285.2,52.033333333,1525723.174,30.0,62.0
6400.0,67,1306.176471,52.794117647,1577987.132,34.0,66.0
6500.0,67,1326.060606,55.818181818,1628364.522,33.0,64.0
6600.0,67,1345.266667,55.766666667,1677748.992,30.0,64.0
6700.0,67,1364.09375,58.34375,1726912.002,32.0,62.0
6800.0,67,1384.533333,57.6,1781036.978,30.0,62.0
6900.0,67,1404.878788,58.36363636,1835766.48,33.0,66.0
7000.0,67,1423.096774,57.0,1885443.751,31.0,64.0
7100.0,67,1442.827586,56.48275862,1940010.711,29.0,62.0
7200.0,67,1464.25,56.6875,2000147.785,32.0,66.0
7300.0,67,1482.966667,59.3,2053479.958,30.0,64.0
7400.0,67,1501.575758,59.60606061,2107164.456,33.0,66.0
7500.0,67,1520.0,60.5,2161010.25,32.0,62.0
7600.0,67,1542.15625,65.40625,2226767.627,32.0,64.0
7700.0,67,1561.181818,65.18181818,2283900.975,33.0,66.0
7800.0,67,1582.117647,65.41176471,2347622.007,34.0,68.0
7900.0,67,1601.176471,63.47058824,2406329.9,34.0,66.0
8000.0,67,1621.1,64.8,2468574.25,30.0,64.0
8100.0,67,1642.242424,66.24242423999999,2535499.754,33.0,64.0
8200.0,67,1662.411765,63.47058824,2600053.156,34.0,68.0
8300.0,67,1680.466667,62.4,2658575.311,30.0,64.0
8400.0,67,1701.633333,63.566666670000004,2728076.722,30.0,62.0
8500.0,67,1720.028571,64.4,2789202.789,35.0,64.0
8600.0,67,1740.6,66.16666667,2858389.721,30.0,64.0
8700.0,67,1762.16129,66.67741935000001,2931774.42,31.0,64.0
8800.0,67,1784.892857,66.28571429,3010118.45,28.0,64.0
8900.0,67,1801.90625,68.34375,3069512.002,32.0,64.0
9000.0,67,1821.233333,66.2,3137529.961,30.0,64.0
9100.0,67,1840.033333,64.73333333,3204436.406,30.0,64.0
9200.0,67,1861.40625,66.40625,3281461.768,32.0,64.0
9300.0,67,1880.290323,67.22580645,3350259.393,31.0,66.0
9400.0,67,1899.914286,67.02857143,3422472.837,35.0,66.0
9500.0,67,1917.931034,62.793103450000004,3489330.013,29.0,64.0
9600.0,67,1936.689655,61.34482759,3559726.56,29.0,64.0
9700.0,67,1957.151515,61.0,3637347.902,33.0,64.0
9800.0,67,1974.15625,62.78125,3702540.635,32.0,66.0
9900.0,67,1996.3,62.3,3788234.98,30.0,64.0
10000.0,67,2014.806452,59.354838709999996,3860551.905,31.0,66.0
0.0,68,50.0,50.0,0.0,37.0,64.0
100.0,68,66.125,49.15625,260.7275391,32.0,66.0
200.0,68,88.70967741999999,47.258064516,1505.957336,31.0,66.0
300.0,68,107.84375,45.78125,3363.697266,32.0,64.0
400.0,68,126.22580645,44.806451613,5837.346514,31.0,64.0
500.0,68,145.15151515,44.333333333,9085.921947,33.0,64.0
600.0,68,165.78125,46.34375,13418.66602,32.0,66.0
700.0,68,185.4482759,45.0689655172,18370.55054,29.0,64.0
800.0,68,204.75,45.53125,23967.53223,32.0,62.0
900.0,68,221.7741935,44.774193548,29533.68262,31.0,64.0
1000.0,68,240.6875,41.28125,36437.73926,32.0,62.0
1100.0,68,257.6666667,40.8,43210.08444,30.0,64.0
1200.0,68,274.8064516,42.290322581,50597.37981,31.0,66.0
1300.0,68,294.03225810000004,42.387096774,59609.69927,31.0,64.0
1400.0,68,310.7575758,43.96969697,68030.87787,33.0,66.0
1500.0,68,329.3666667,45.0,78070.73444,30.0,62.0
1600.0,68,346.9375,44.40625,88203.16895,32.0,64.0
1700.0,68,368.0,43.366666667,101168.0011,30.0,64.0
1800.0,68,385.0,41.40625,112298.8525,32.0,64.0
1900.0,68,403.2,41.766666667,124818.0278,30.0,62.0
2000.0,68,421.3030303,40.575757576,137954.7567,33.0,64.0
2100.0,68,437.6666667,41.606060606,150355.9027,33.0,64.0
2200.0,68,455.59375,37.5,164662.54,32.0,64.0
2300.0,68,474.6470588,36.588235294,180505.0,34.0,66.0
2400.0,68,492.5625,40.15625,195958.4658,32.0,62.0
2500.0,68,511.0,40.5625,212610.0664,32.0,66.0
2600.0,68,530.9375,39.1875,231417.7891,32.0,64.0
2700.0,68,550.59375,37.71875,250744.9316,32.0,62.0
2800.0,68,571.5172414,38.965517241,272101.9929,29.0,64.0
2900.0,68,591.3529412,36.823529412,293236.6263,34.0,64.0
3000.0,68,613.8787879,37.181818182,318123.5932,33.0,66.0
3100.0,68,634.0,37.354838709999996,341215.9001,31.0,64.0
3200.0,68,655.1515152,37.151515152,366373.4399,33.0,66.0
3300.0,68,671.2058824,37.441176471,386054.4723,34.0,66.0
3400.0,68,688.9333333,35.63333333,408442.2056,30.0,64.0
3500.0,68,711.030303,34.878787880000004,437189.7126,33.0,64.0
3600.0,68,731.3103448,34.24137931,464432.1201,29.0,66.0
3700.0,68,749.3333333,31.12121212,489423.5197,33.0,64.0
3800.0,68,773.7741935,33.83870968,524110.2706,31.0,64.0
3900.0,68,791.4705882,33.882352940000004,550038.4118,34.0,66.0
4000.0,68,808.53125,31.53125,575710.752,32.0,66.0
4100.0,68,828.1666667,33.36666667,605820.0289,30.0,64.0
4200.0,68,846.8,36.566666667,635070.6944,30.0,64.0
4300.0,68,867.6551724,38.137931034,668700.6897,29.0,62.0
4400.0,68,888.7428571,35.31428571,703705.2506,35.0,66.0
4500.0,68,908.6111111,35.5,737423.2901,36.0,66.0
4600.0,68,930.3225806,32.4516129,775275.7919,31.0,66.0
4700.0,68,948.5666667,32.96666667,807712.1889,30.0,64.0
4800.0,68,970.516129,30.35483871,847735.8762,31.0,60.0
4900.0,68,989.6875,29.9375,883415.1016,32.0,66.0
5000.0,68,1011.625,28.9375,925166.2695,32.0,64.0
5100.0,68,1030.0606060999999,27.0,961047.7916,33.0,66.0
5200.0,68,1049.8965520000002,27.79310345,1000286.26,29.0,62.0
5300.0,68,1069.5862069999998,32.17241379,1039873.856,29.0,60.0
5400.0,68,1087.354839,34.16129032,1076355.926,31.0,64.0
5500.0,68,1107.0,32.6875,1117548.723,32.0,64.0
5600.0,68,1125.612903,32.61290323,1157245.429,31.0,64.0
5700.0,68,1143.166667,34.46666667,1195254.646,30.0,62.0
5800.0,68,1162.7,35.63333333,1238307.691,30.0,64.0
5900.0,68,1181.09375,36.3125,1279560.419,32.0,62.0
6000.0,68,1197.666667,39.0,1317259.778,30.0,66.0
6100.0,68,1218.59375,35.84375,1365811.752,32.0,66.0
6200.0,68,1238.030303,35.09090909,1411638.282,33.0,66.0
6300.0,68,1254.757576,36.272727273,1451629.254,33.0,64.0
6400.0,68,1274.46875,34.46875,1499564.939,32.0,66.0
6500.0,68,1291.212121,36.96969697,1540777.319,33.0,66.0
6600.0,68,1308.965517,39.517241379,1585104.062,29.0,62.0
6700.0,68,1327.793103,38.724137931,1632882.36,29.0,64.0
6800.0,68,1344.896552,36.206896552,1676947.329,29.0,66.0
6900.0,68,1364.827586,37.172413793000004,1728936.128,29.0,64.0
7000.0,68,1382.870968,36.290322581,1776732.972,31.0,64.0
7100.0,68,1401.515152,38.666666667,1826721.649,33.0,64.0
7200.0,68,1421.451613,39.774193548,1880984.094,31.0,66.0
7300.0,68,1442.16129,37.354838709999996,1938272.958,31.0,62.0
7400.0,68,1461.612903,39.0,1992771.989,31.0,62.0
7500.0,68,1482.28125,37.875,2051576.595,32.0,64.0
7600.0,68,1501.242424,38.181818182,2106244.243,33.0,66.0
7700.0,68,1520.636364,39.848484848,2162874.367,33.0,66.0
7800.0,68,1540.806452,34.25806452,2222751.685,31.0,64.0
7900.0,68,1559.03125,37.53125,2277330.783,32.0,64.0
8000.0,68,1578.322581,39.161290323,2335887.388,31.0,64.0
8100.0,68,1596.032258,39.677419355,2390322.299,31.0,66.0
8200.0,68,1613.46875,37.875,2444581.548,32.0,68.0
8300.0,68,1635.5625,35.625,2514215.082,32.0,64.0
8400.0,68,1653.96875,35.46875,2572926.908,32.0,62.0
8500.0,68,1674.823529,34.08823529,2640304.686,34.0,64.0
8600.0,68,1696.2,33.23333333,2710255.561,30.0,62.0
8700.0,68,1712.969697,34.39393939,2765711.762,33.0,64.0
8800.0,68,1733.322581,33.61290323,2833843.447,31.0,62.0
8900.0,68,1751.0,36.066666667,2893595.138,30.0,64.0
9000.0,68,1768.53125,34.3125,2953595.755,32.0,66.0
9100.0,68,1787.774194,34.90322581,3020087.06,31.0,64.0
9200.0,68,1809.470588,32.382352940000004,3096047.132,34.0,66.0
9300.0,68,1827.939394,32.727272729999996,3161366.836,33.0,66.0
9400.0,68,1849.514286,33.97142857,3238508.58,35.0,66.0
9500.0,68,1868.903226,32.06451613,3308730.626,31.0,66.0
9600.0,68,1888.28125,28.90625,3379722.9,32.0,64.0
9700.0,68,1909.65625,27.84375,3458812.268,32.0,64.0
9800.0,68,1925.935484,29.93548387,3519536.524,31.0,62.0
9900.0,68,1944.548387,29.5483871,3589731.86,31.0,66.0
10000.0,68,1963.548387,30.58064516,3662044.541,31.0,60.0
0.0,69,50.0,50.0,0.0,37.0,64.0
100.0,69,69.20689655,44.931034483,394.5992866,29.0,62.0
200.0,69,88.80645161000001,46.2580645161,1519.942768,31.0,66.0
300.0,69,107.93333333000001,44.2,3389.911111,30.0,62.0
400.0,69,129.29032258,41.483870968,6359.479709,31.0,64.0
500.0,69,147.6,40.8,9610.4,30.0,66.0
600.0,69,167.1515152,36.272727273,13912.91552,33.0,66.0
700.0,69,186.5454545,35.75757576,18847.50781,33.0,64.0
800.0,69,205.7241379,33.51724138,24521.68847,29.0,64.0
900.0,69,226.8181818,34.18181818,31514.8843,33.0,66.0
1000.0,69,247.6764706,35.64705882,39281.99394,34.0,64.0
1100.0,69,264.65625,39.09375,46196.25195,32.0,66.0
1200.0,69,284.65517239999997,40.413793103,55154.9453,29.0,62.0
1300.0,69,306.2424242,41.303030303,65735.81726,33.0,66.0
1400.0,69,324.5454545,39.727272727,75480.73554,33.0,64.0
1500.0,69,346.0909091,41.212121212,87747.05326,33.0,62.0
1600.0,69,364.2903226,37.419354839,98936.6795,31.0,66.0
1700.0,69,385.34375,39.75,112560.4932,32.0,64.0
1800.0,69,407.0,39.5,127559.25,32.0,62.0
1900.0,69,426.7419355,39.483870968,142045.0749,31.0,62.0
2000.0,69,448.7941176,41.382352941,159111.0121,34.0,66.0
2100.0,69,468.5,42.25,175202.3125,32.0,66.0
2200.0,69,489.6428571,42.857142857,193336.8622,28.0,66.0
2300.0,69,507.862069,42.0,209701.6742,29.0,62.0
2400.0,69,526.9354839,42.161290323,227528.9011,31.0,62.0
2500.0,69,544.9393939,41.090909091,245044.3756,33.0,64.0
2600.0,69,564.7272727,41.0,265025.1653,33.0,64.0
2700.0,69,586.0689655,37.551724138,287524.8954,29.0,64.0
2800.0,69,605.3823529,38.676470588,308577.7803,34.0,64.0
2900.0,69,623.1290323,40.419354839,328568.6764,31.0,66.0
3000.0,69,644.2352941,38.823529412,353240.4983,34.0,64.0
3100.0,69,664.7419355,41.0,377988.6472,31.0,62.0
3200.0,69,684.0,38.566666667,402086.7211,30.0,64.0
3300.0,69,702.2058824,40.647058824,425459.9905,34.0,66.0
3400.0,69,721.8484848,40.333333333,451473.831,33.0,64.0
3500.0,69,738.7333333,41.633333333,474423.6056,30.0,64.0
3600.0,69,759.90625,40.9375,504049.0127,32.0,62.0
3700.0,69,781.0882353,42.352941176,534548.4853,34.0,64.0
3800.0,69,800.9090909,39.181818182,563981.4959,33.0,64.0
3900.0,69,818.2903226,38.967741935,590391.7305,31.0,66.0
4000.0,69,835.90625,36.34375,617835.127,32.0,62.0
4100.0,69,855.1612903,37.096774194,648451.1967,31.0,64.0
4200.0,69,875.71875,38.28125,681948.7832,32.0,64.0
4300.0,69,897.3939394,40.333333333,718169.933,33.0,64.0
4400.0,69,916.3793103,37.827586206999996,750761.2771,29.0,64.0
4500.0,69,937.5517241,38.482758621,787880.7099,29.0,62.0
4600.0,69,956.4516129,37.548387097,821809.5692,31.0,64.0
4700.0,69,975.6969697,38.454545455,857048.1772,33.0,64.0
4800.0,69,996.2424242,37.666666667,895526.8365,33.0,66.0
4900.0,69,1013.6666667,34.42424242,928896.0487,33.0,66.0
5000.0,69,1033.6333333,31.56666667,967874.3222,30.0,66.0
5100.0,69,1052.375,30.78125,1005125.001,32.0,64.0
5200.0,69,1072.366667,27.9,1045722.011,30.0,60.0
5300.0,69,1092.0,25.21212121,1086378.439,33.0,66.0
5400.0,69,1111.121212,26.96969697,1126508.622,33.0,64.0
5500.0,69,1131.212121,25.90909091,1169600.023,33.0,66.0
5600.0,69,1149.967742,28.29032258,1210400.343,31.0,64.0
5700.0,69,1166.566667,31.0,1247082.121,30.0,64.0
5800.0,69,1187.9,30.93333333,1295179.948,30.0,64.0
5900.0,69,1207.885714,30.48571429,1341080.135,35.0,66.0
6000.0,69,1228.5,35.892857140000004,1389061.261,28.0,60.0
6100.0,69,1244.928571,34.17857143,1428104.608,28.0,64.0
6200.0,69,1263.193548,36.193548387,1472029.204,31.0,62.0
6300.0,69,1279.59375,36.40625,1512085.58,32.0,64.0
6400.0,69,1298.25,36.09375,1558321.446,32.0,64.0
6500.0,69,1321.285714,35.03571429,1616391.297,28.0,60.0
6600.0,69,1338.967742,38.129032258,1661578.76,31.0,64.0
6700.0,69,1359.964286,40.035714286,1716105.717,28.0,64.0
6800.0,69,1376.6875,40.28125,1760194.177,32.0,64.0
6900.0,69,1395.90625,39.03125,1811583.947,32.0,62.0
7000.0,69,1416.242424,40.606060606,1866706.608,33.0,66.0
7100.0,69,1435.3,38.333333333,1919192.201,30.0,62.0
7200.0,69,1455.517241,36.586206897,1975658.646,29.0,64.0
7300.0,69,1475.78125,36.4375,2033036.114,32.0,66.0
7400.0,69,1494.586207,36.793103448,2087003.731,29.0,64.0
7500.0,69,1512.533333,37.6,2139157.511,30.0,66.0
7600.0,69,1531.862069,39.689655172,2196021.495,29.0,62.0
7700.0,69,1553.393939,40.818181818,2260277.643,33.0,66.0
7800.0,69,1573.1875,42.4375,2320157.352,32.0,62.0
7900.0,69,1594.633333,40.966666667,2385973.736,30.0,64.0
8000.0,69,1614.53125,44.5625,2447787.599,32.0,66.0
8100.0,69,1634.235294,46.3235294118,2509814.984,34.0,66.0
8200.0,69,1651.966667,46.4,2566310.161,30.0,66.0
8300.0,69,1674.225806,47.677419355,2638114.865,31.0,64.0
8400.0,69,1693.333333,48.866666667,2700545.729,30.0,64.0
8500.0,69,1712.617647,49.029411765,2764298.382,34.0,64.0
8600.0,69,1730.727273,52.909090909,2824852.628,33.0,66.0
8700.0,69,1750.419355,52.870967742,2891434.225,31.0,64.0
8800.0,69,1768.588235,51.911764706,2953549.177,34.0,66.0
8900.0,69,1786.451613,56.06451613,3015300.982,31.0,66.0
9000.0,69,1805.242424,53.909090909,3080891.249,33.0,66.0
9100.0,69,1827.0,52.827586207,3157736.995,29.0,64.0
9200.0,69,1846.40625,52.53125,3227081.822,32.0,64.0
9300.0,69,1863.030303,53.878787879,3287093.925,33.0,64.0
9400.0,69,1885.642857,55.785714286,3369618.173,28.0,64.0
9500.0,69,1906.9375,56.84375,3448263.716,32.0,64.0
9600.0,69,1929.62069,56.51724138,3533016.411,29.0,62.0
9700.0,69,1949.064516,58.25806452,3606514.232,31.0,64.0
9800.0,69,1971.647059,61.41176471,3692857.647,34.0,64.0
9900.0,69,1993.6875,63.625,3778106.738,32.0,62.0
10000.0,69,2012.333333,62.93939394,3850919.539,33.0,64.0
0.0,70,50.0,50.0,0.0,37.0,64.0
100.0,70,66.6875,49.3125,278.9453125,32.0,64.0
200.0,70,86.41935484,52.193548387,1331.181061,31.0,64.0
300.0,70,108.70588235,56.32352941,3486.367647,34.0,64.0
400.0,70,131.13333333,60.2,6686.657778,30.0,64.0
500.0,70,147.5,58.46666667,9577.934444,30.0,64.0
600.0,70,166.125,60.21875,13589.43848,32.0,64.0
700.0,70,184.0322581,60.5483871,18075.91467,31.0,68.0
800.0,70,203.1333333,62.63333333,23609.41889,30.0,62.0
900.0,70,222.9655172,62.17241379,30065.23781,29.0,62.0
1000.0,70,243.4333333,61.13333333,37540.40556,30.0,66.0
1100.0,70,260.9666667,59.566666670000004,44598.45556,30.0,62.0
1200.0,70,280.1875,60.0,53086.28516,32.0,64.0
1300.0,70,300.3125,59.9375,62755.10156,32.0,66.0
1400.0,70,319.3714286,61.31428571,72688.97959,35.0,66.0
1500.0,70,335.5666667,59.8,81644.36111,30.0,64.0
1600.0,70,356.8285714,56.0,94179.77224,35.0,64.0
1700.0,70,376.8387097,54.967741935,106848.2206,31.0,62.0
1800.0,70,398.4193548,53.870967742,121411.0312,31.0,64.0
1900.0,70,419.0606061,54.242424242,136223.7291,33.0,68.0
2000.0,70,439.6206897,56.72413793,151849.4958,29.0,66.0
2100.0,70,460.1071429,55.571428571,168218.9094,28.0,64.0
2200.0,70,479.5277778,56.91666667,184541.9522,36.0,66.0
2300.0,70,497.8125,60.25,200641.0977,32.0,64.0
2400.0,70,515.2903226000001,57.38709677,216549.6535,31.0,64.0
2500.0,70,535.96875,56.4375,236207.0674,32.0,64.0
2600.0,70,555.90625,55.09375,255967.0801,32.0,66.0
2700.0,70,577.0,54.242424242,277746.9982,33.0,64.0
2800.0,70,594.3125,52.53125,296282.5049,32.0,62.0
2900.0,70,612.1515152,53.727272727,316028.2185,33.0,66.0
3000.0,70,631.3103448,55.655172414,337953.698,29.0,62.0
3100.0,70,652.8823529,54.147058824,363484.3296,34.0,64.0
3200.0,70,673.0689655,52.206896552,388219.8062,29.0,66.0
3300.0,70,693.0333333,52.866666667,413500.0856,30.0,64.0
3400.0,70,712.1034483,54.344827586,438399.8537,29.0,60.0
3500.0,70,731.1666667,53.733333333,464001.9656,30.0,64.0
3600.0,70,752.1724138,50.896551724,493046.9025,29.0,58.0
3700.0,70,770.6333333,50.166666667,519312.4289,30.0,64.0
3800.0,70,791.862069,48.724137931,550360.9572,29.0,62.0
3900.0,70,810.78125,49.0,578789.1104,32.0,64.0
4000.0,70,824.5294118,49.441176471,599896.122,34.0,64.0
4100.0,70,842.5714286,50.942857143,628170.3584,35.0,66.0
4200.0,70,860.0,51.966666667,656103.8678,30.0,64.0
4300.0,70,880.28125,50.53125,689367.2363,32.0,66.0
4400.0,70,899.78125,50.1875,722128.208,32.0,66.0
4500.0,70,920.03125,52.28125,756959.5801,32.0,64.0
4600.0,70,940.9655172,55.448275862,793849.2366,29.0,66.0
4700.0,70,963.483871,54.258064516,834470.9136,31.0,62.0
4800.0,70,983.1470588,52.588235294,870770.1324,34.0,68.0
4900.0,70,1001.4333333,54.2,905243.0278,30.0,64.0
5000.0,70,1019.2727273,54.212121212,939507.3618,33.0,64.0
5100.0,70,1036.1212120999999,55.090909091,972460.9624,33.0,64.0
5200.0,70,1057.037037,57.66666667,1014182.372,27.0,64.0
5300.0,70,1076.033333,57.23333333,1052796.722,30.0,62.0
5400.0,70,1092.333333,57.566666670000004,1086516.032,30.0,64.0
5500.0,70,1112.28125,58.1875,1128508.489,32.0,66.0
5600.0,70,1132.242424,59.3030303,1171335.211,33.0,66.0
5700.0,70,1149.966667,62.3,1210077.958,30.0,64.0
5800.0,70,1169.71875,63.25,1253945.642,32.0,64.0
5900.0,70,1185.225806,64.87096774,1288958.777,31.0,62.0
6000.0,70,1203.8,65.9,1331507.25,30.0,64.0
6100.0,70,1225.62069,64.31034482999999,1382288.792,29.0,66.0
6200.0,70,1241.939394,62.48484848,1420875.39,33.0,66.0
6300.0,70,1263.545455,65.3030303,1472926.753,33.0,64.0
6400.0,70,1282.741935,69.77419355,1520043.698,31.0,64.0
6500.0,70,1300.129032,67.77419355,1563138.519,31.0,64.0
6600.0,70,1320.75,70.34375,1615219.431,32.0,66.0
6700.0,70,1342.09375,73.0,1670035.259,32.0,64.0
6800.0,70,1361.515152,71.51515152,1720534.894,33.0,66.0
6900.0,70,1382.1875,70.46875,1775142.505,32.0,64.0
7000.0,70,1400.548387,73.80645161,1824547.693,31.0,62.0
7100.0,70,1421.783784,75.91891892,1882462.54,37.0,68.0
7200.0,70,1440.060606,74.3030303,1932859.126,33.0,64.0
7300.0,70,1459.34375,74.78125,1986863.916,32.0,62.0
7400.0,70,1480.65625,75.3125,2047418.028,32.0,64.0
7500.0,70,1499.84375,74.40625,2102642.564,32.0,64.0
7600.0,70,1520.566667,72.9,2163090.731,30.0,64.0
7700.0,70,1540.4375,73.25,2221944.504,32.0,64.0
7800.0,70,1558.28125,71.3125,2275366.552,32.0,66.0
7900.0,70,1573.657143,70.2,2321939.129,35.0,66.0
8000.0,70,1593.032258,69.5483871,2381330.689,31.0,64.0
8100.0,70,1612.862069,66.82758620999999,2442821.014,29.0,66.0
8200.0,70,1634.633333,70.26666667,2511473.539,30.0,64.0
8300.0,70,1654.333333,72.13333333,2574375.329,30.0,64.0
8400.0,70,1675.310345,72.44827586,2642137.642,29.0,66.0
8500.0,70,1696.485714,69.0,2711276.207,35.0,66.0
8600.0,70,1716.625,66.625,2777915.281,32.0,66.0
8700.0,70,1736.272727,67.48484848,2843821.431,33.0,66.0
8800.0,70,1758.222222,66.62962963,2918299.705,27.0,64.0
8900.0,70,1775.806452,68.4516129,2978748.37,31.0,64.0
9000.0,70,1795.65625,68.03125,3047640.869,32.0,66.0
9100.0,70,1813.933333,72.63333333,3111973.072,30.0,62.0
9200.0,70,1833.433333,71.96666667,3181116.989,30.0,64.0
9300.0,70,1850.515152,73.90909091,3242426.455,33.0,62.0
9400.0,70,1871.6875,75.125,3319176.613,32.0,64.0
9500.0,70,1889.580645,74.29032258000001,3384646.97,31.0,64.0
9600.0,70,1908.857143,75.64285714,3456007.434,28.0,62.0
9700.0,70,1928.142857,76.67857143,3528132.338,28.0,60.0
9800.0,70,1945.393939,77.57575758,3593278.608,33.0,64.0
9900.0,70,1965.533333,76.7,3669980.841,30.0,60.0
10000.0,70,1983.83871,77.03225806,3740462.898,31.0,66.0
0.0,71,50.0,50.0,0.0,37.0,64.0
100.0,71,70.94285714,49.714285714,438.684898,35.0,64.0
200.0,71,89.48387097,49.451612903,1559.276795,31.0,64.0
300.0,71,106.66666667,46.8333333333,3221.138889,30.0,64.0
400.0,71,127.22580645,45.5806451613,5983.355879,31.0,64.0
500.0,71,145.77419355,43.838709677,9210.657648,31.0,64.0
600.0,71,166.3793103,42.482758621,13600.65279,29.0,62.0
700.0,71,183.7096774,40.161290323,17975.07804,31.0,64.0
800.0,71,200.875,40.21875,22858.93848,32.0,66.0
900.0,71,222.1666667,41.666666667,29710.80556,30.0,66.0
1000.0,71,240.1875,45.3125,36193.25781,32.0,64.0
1100.0,71,261.23529410000003,46.1176470588,44635.42215,34.0,64.0
1200.0,71,282.46875,42.59375,54096.57227,32.0,64.0
1300.0,71,301.7419355,40.806451613,63458.52341,31.0,62.0
1400.0,71,318.15625,44.09375,71942.6582,32.0,64.0
1500.0,71,336.9705882,43.470588235,82394.75173,34.0,68.0
1600.0,71,355.125,42.5625,93156.58203,32.0,64.0
1700.0,71,377.5625,40.625,107385.082,32.0,66.0
1800.0,71,397.71875,41.84375,120974.8535,32.0,66.0
1900.0,71,415.6060606,42.0,133731.7916,33.0,64.0
2000.0,71,436.483871,45.7419354839,149387.9136,31.0,64.0
2100.0,71,455.6875,43.875,164619.8633,32.0,64.0
2200.0,71,473.8,42.833333333,179657.8011,30.0,68.0
2300.0,71,491.5882353,42.088235294,195062.7656,34.0,68.0
2400.0,71,512.6774194,42.741935484,214123.0739,31.0,66.0
2500.0,71,531.4242424,44.212121212,231802.8007,33.0,66.0
2600.0,71,551.8666667,41.733333333,251938.4889,30.0,64.0
2700.0,71,572.5806452,41.774193548,273158.1946,31.0,62.0
2800.0,71,590.7878788,40.96969697,292533.0762,33.0,64.0
2900.0,71,610.3214286,39.892857143,314062.2577,28.0,60.0
3000.0,71,630.6060606,39.484848485,337213.966,33.0,64.0
3100.0,71,651.25,40.25,361596.625,32.0,62.0
3200.0,71,669.6666667,38.121212121,384127.8834,33.0,64.0
3300.0,71,688.6969697,40.242424242,408029.0294,33.0,66.0
3400.0,71,709.4571429,40.971428571,434965.2384,35.0,66.0
3500.0,71,727.9090909,36.787878788,459735.2957,33.0,64.0
3600.0,71,747.3125,35.125,486465.9883,32.0,64.0
3700.0,71,768.3548387,38.870967742,516157.5297,31.0,66.0
3800.0,71,789.5588235,38.529411765,547078.8279,34.0,66.0
3900.0,71,806.5483871,37.354838709999996,572525.3621,31.0,64.0
4000.0,71,827.5294118,35.882352940000004,604751.2941,34.0,66.0
4100.0,71,847.6875,38.15625,636445.6221,32.0,64.0
4200.0,71,865.2222222,37.518518519,664743.059,27.0,62.0
4300.0,71,883.030303,37.181818182,694103.7916,33.0,66.0
4400.0,71,901.375,38.40625,724973.8057,32.0,62.0
4500.0,71,919.46875,36.125,756168.4229,32.0,62.0
4600.0,71,938.0625,35.1875,788874.4141,32.0,64.0
4700.0,71,957.0,33.0,822938.0,32.0,64.0
4800.0,71,978.5172414,32.06896552,862465.7895,29.0,62.0
4900.0,71,998.7647059,28.79411765,900604.1566,34.0,66.0
5000.0,71,1017.1212121,30.545454550000002,935701.9183,33.0,66.0
5100.0,71,1036.65625,31.78125,973822.4785,32.0,62.0
5200.0,71,1058.375,32.125,1017139.656,32.0,66.0
5300.0,71,1077.419355,30.80645161,1055958.923,31.0,62.0
5400.0,71,1099.108108,30.37837838,1101012.831,37.0,68.0
5500.0,71,1117.758621,33.37931034,1140384.719,29.0,62.0
5600.0,71,1137.71875,32.75,1183429.642,32.0,62.0
5700.0,71,1161.3,33.7,1235253.38,30.0,64.0
5800.0,71,1180.9375,34.5625,1279257.945,32.0,64.0
5900.0,71,1201.03125,33.90625,1325131.947,32.0,66.0
6000.0,71,1222.875,33.75,1375899.828,32.0,66.0
6100.0,71,1242.125,31.15625,1421517.103,32.0,64.0
6200.0,71,1261.75,29.0625,1468776.441,32.0,62.0
6300.0,71,1279.054054,31.62162162,1510911.633,37.0,68.0
6400.0,71,1298.366667,28.16666667,1558896.029,30.0,64.0
6500.0,71,1316.612903,29.29032258,1604737.137,31.0,66.0
6600.0,71,1335.90625,28.125,1654033.399,32.0,66.0
6700.0,71,1353.666667,26.8,1700085.018,30.0,62.0
6800.0,71,1375.172414,25.37931034,1756688.105,29.0,62.0
6900.0,71,1395.21875,27.71875,1810109.939,32.0,66.0
7000.0,71,1415.787879,28.45454545,1865840.736,33.0,70.0
7100.0,71,1436.666667,28.96969697,1923286.718,33.0,64.0
7200.0,71,1455.517241,26.17241379,1976046.47,29.0,62.0
7300.0,71,1475.354839,23.74193548,2032325.902,31.0,66.0
7400.0,71,1493.482759,24.0,2084318.474,29.0,60.0
7500.0,71,1514.375,23.59375,2145091.431,32.0,64.0
7600.0,71,1532.821429,22.89285714,2199494.186,28.0,62.0
7700.0,71,1548.8125,25.40625,2247043.763,32.0,64.0
7800.0,71,1570.033333,26.8,2311039.574,30.0,64.0
7900.0,71,1592.15625,30.65625,2378620.08,32.0,64.0
8000.0,71,1614.064516,28.06451613,2446778.976,31.0,64.0
8100.0,71,1633.633333,30.4,2508278.694,30.0,62.0
8200.0,71,1656.375,33.78125,2580703.688,32.0,66.0
8300.0,71,1674.785714,29.35714286,2640354.745,28.0,62.0
8400.0,71,1694.290323,28.06451613,2704171.83,31.0,64.0
8500.0,71,1713.6,26.53333333,2768115.644,30.0,62.0
8600.0,71,1733.0,26.46666667,2833042.818,30.0,66.0
8700.0,71,1752.933333,27.5,2900488.188,30.0,66.0
8800.0,71,1770.848485,26.21212121,2961885.371,33.0,66.0
8900.0,71,1789.90625,27.1875,3027794.169,32.0,64.0
9000.0,71,1806.625,28.0,3086215.391,32.0,64.0
9100.0,71,1825.933333,31.73333333,3154272.876,30.0,64.0
9200.0,71,1843.857143,31.91428571,3218250.542,35.0,64.0
9300.0,71,1864.125,31.4375,3291394.082,32.0,64.0
9400.0,71,1881.40625,30.09375,3354445.111,32.0,66.0
9500.0,71,1899.967742,28.06451613,3422861.812,31.0,62.0
9600.0,71,1920.34375,30.9375,3498549.122,32.0,66.0
9700.0,71,1939.657143,33.68571429,3571070.273,35.0,66.0
9800.0,71,1957.575758,32.96969697,3639135.302,33.0,62.0
9900.0,71,1977.424242,33.57575758,3715233.966,33.0,62.0
10000.0,71,1997.09375,31.84375,3791503.721,32.0,64.0
0.0,72,50.0,50.0,0.0,37.0,64.0
100.0,72,68.62068966,47.379310345,353.5980975,29.0,64.0
200.0,72,88.39393939,46.4242424242,1486.880624,33.0,66.0
300.0,72,106.78125,44.3125,3256.458008,32.0,66.0
400.0,72,126.24242424,41.909090909,5878.370064,33.0,66.0
500.0,72,142.94117647000002,42.764705882,8690.411765,34.0,64.0
600.0,72,161.7777778,39.055555556,12614.05247,36.0,66.0
700.0,72,181.0322581,38.419354839,17303.564,31.0,64.0
800.0,72,200.65625,38.78125,22823.16602,32.0,66.0
900.0,72,219.483871,36.806451613,28898.85224,31.0,64.0
1000.0,72,239.3939394,37.424242424,36028.21396,33.0,66.0
1100.0,72,259.2068966,37.172413793000004,43932.07253,29.0,64.0
1200.0,72,281.5,37.714285714,53743.18878,28.0,64.0
1300.0,72,301.15625,38.9375,63201.84082,32.0,64.0
1400.0,72,318.4333333,39.033333333,72176.72222,30.0,60.0
1500.0,72,340.2580645,37.516129032,84405.59105,31.0,66.0
1600.0,72,362.8823529,36.470588235,98078.41176,34.0,68.0
1700.0,72,382.8064516,33.58064516,111029.7294,31.0,66.0
1800.0,72,403.6206897,36.137931034,125239.7491,29.0,62.0
1900.0,72,422.8928571,35.642857140000004,139255.2105,28.0,64.0
2000.0,72,441.2758621,37.413793103,153255.2128,29.0,66.0
2100.0,72,459.7096774,39.580645161,167970.5827,31.0,66.0
2200.0,72,476.7647059,39.647058824,182235.2976,34.0,66.0
2300.0,72,497.0,43.709677419,199848.5682,31.0,62.0
2400.0,72,515.09375,43.9375,216348.9502,32.0,66.0
2500.0,72,534.84375,44.0625,235108.7158,32.0,62.0
2600.0,72,552.3125,44.0,252353.8477,32.0,64.0
2700.0,72,571.3225806,44.0,271813.2331,31.0,62.0
2800.0,72,591.3142857,44.542857143,293050.9363,35.0,66.0
2900.0,72,609.96875,44.46875,313595.5957,32.0,64.0
3000.0,72,630.2058824,48.0,336642.8659,34.0,66.0
3100.0,72,647.8181818,52.909090909,357395.0413,33.0,64.0
3200.0,72,667.8857143,52.942857143,381791.4163,35.0,64.0
3300.0,72,689.875,51.03125,409441.0791,32.0,66.0
3400.0,72,709.7586207,52.275862069,435286.6171,29.0,62.0
3500.0,72,729.516129,48.096774194,461745.7919,31.0,62.0
3600.0,72,753.0294118,46.6470588235,494261.596,34.0,68.0
3700.0,72,771.7647059,47.147058824,520952.4299,34.0,68.0
3800.0,72,789.8787879,47.272727273,547428.0588,33.0,68.0
3900.0,72,809.6,45.5666666667,577011.8144,30.0,64.0
4000.0,72,829.3235294,48.941176471,607346.2846,34.0,64.0
4100.0,72,849.2258065,52.709677419,638769.232,31.0,64.0
4200.0,72,866.0666667,53.966666667,665980.5389,30.0,66.0
4300.0,72,887.90625,55.9375,702122.1377,32.0,64.0
4400.0,72,906.5806452,55.483870968,733760.4745,31.0,64.0
4500.0,72,926.03125,58.3125,767499.8486,32.0,64.0
4600.0,72,943.0322581,56.4516129,797548.2373,31.0,62.0
4700.0,72,962.6666667,56.2,832998.8844,30.0,62.0
4800.0,72,983.0689655,54.413793103,870637.176,29.0,60.0
4900.0,72,999.53125,53.5625,901622.2861,32.0,66.0
5000.0,72,1017.6333333,54.766666667,936336.9889,30.0,66.0
5100.0,72,1037.483871,49.193548387,975125.0458,31.0,64.0
5200.0,72,1057.257143,48.6,1014568.912,35.0,66.0
5300.0,72,1075.25,47.34375,1051144.618,32.0,64.0
5400.0,72,1091.827586,46.6206896552,1085416.139,29.0,64.0
5500.0,72,1110.787879,43.636363636,1125311.42,33.0,66.0
5600.0,72,1134.166667,47.633333333,1175422.962,30.0,64.0
5700.0,72,1153.8125,45.1875,1218425.195,32.0,66.0
5800.0,72,1174.033333,43.766666667,1263489.789,30.0,64.0
5900.0,72,1195.393939,44.393939394,1311958.704,33.0,64.0
6000.0,72,1215.354839,43.838709677,1358089.862,31.0,64.0
6100.0,72,1234.357143,43.678571429,1402741.802,28.0,60.0
6200.0,72,1255.818182,41.212121212,1454074.714,33.0,66.0
6300.0,72,1275.484848,41.151515152,1501891.41,33.0,62.0
6400.0,72,1294.516129,43.806451613,1548858.755,31.0,66.0
6500.0,72,1315.090909,46.6363636364,1600466.322,33.0,64.0
6600.0,72,1334.545455,44.151515152,1650091.23,33.0,68.0
6700.0,72,1353.242424,41.575757576,1698511.784,33.0,64.0
6800.0,72,1369.935484,39.806451613,1742333.59,31.0,66.0
6900.0,72,1391.133333,39.233333333,1798754.539,30.0,68.0
7000.0,72,1409.827586,38.551724138,1849262.127,29.0,62.0
7100.0,72,1425.275862,36.517241379,1891565.482,29.0,62.0
7200.0,72,1444.3125,34.875,1944336.113,32.0,66.0
7300.0,72,1464.357143,36.642857143,2000584.541,28.0,64.0
7400.0,72,1482.8,34.4,2053159.2,30.0,64.0
7500.0,72,1499.862069,36.310344828,2102287.426,29.0,62.0
7600.0,72,1522.4375,34.4375,2168314.383,32.0,66.0
7700.0,72,1543.2,33.53333333,2229917.391,30.0,64.0
7800.0,72,1561.78125,33.90625,2285741.557,32.0,64.0
7900.0,72,1582.178571,32.5,2347877.425,28.0,62.0
8000.0,72,1602.84375,32.3125,2411636.56,32.0,64.0
8100.0,72,1621.275862,32.96551724,2469198.008,29.0,64.0
8200.0,72,1640.866667,33.76666667,2531120.272,30.0,66.0
8300.0,72,1662.566667,32.66666667,2600671.699,30.0,62.0
8400.0,72,1678.971429,28.57142857,2654007.099,35.0,66.0
8500.0,72,1697.424242,28.75757576,2714457.875,33.0,64.0
8600.0,72,1716.903226,27.70967742,2779063.223,31.0,66.0
8700.0,72,1739.71875,30.875,2855515.22,32.0,64.0
8800.0,72,1757.483871,28.90322581,2915946.243,31.0,62.0
8900.0,72,1777.65625,28.84375,2985243.705,32.0,62.0
9000.0,72,1797.34375,29.625,3053625.321,32.0,62.0
9100.0,72,1816.212121,26.60606061,3120052.534,33.0,64.0
9200.0,72,1837.15625,26.6875,3194470.935,32.0,66.0
9300.0,72,1855.5625,29.78125,3260464.739,32.0,64.0
9400.0,72,1874.787879,33.36363636,3330127.571,33.0,66.0
9500.0,72,1894.758621,33.17241379,3403417.536,29.0,64.0
9600.0,72,1913.1875,34.8125,3471698.32,32.0,68.0
9700.0,72,1933.735294,33.67647059,3548725.116,34.0,66.0
9800.0,72,1953.517241,34.24137931,3623626.222,29.0,66.0
9900.0,72,1971.875,33.875,3693863.531,32.0,62.0
10000.0,72,1990.46875,31.03125,3765778.783,32.0,64.0
0.0,73,50.0,50.0,0.0,37.0,64.0
100.0,73,71.33333333,49.303030303,455.5968779,33.0,68.0
200.0,73,93.74193548,46.4193548387,1926.17794,31.0,66.0
300.0,73,114.84375,50.125,4204.727539,32.0,64.0
400.0,73,132.5483871,51.677419355,6817.049948,31.0,66.0
500.0,73,148.1935484,52.322580645,9647.367326,31.0,68.0
600.0,73,166.64516129999998,51.709677419,13609.01665,31.0,64.0
700.0,73,186.65625,56.5,18717.18066,32.0,66.0
800.0,73,206.9032258,56.93548387,24666.7232,31.0,64.0
900.0,73,226.1818182,58.54545455,31113.05785,33.0,68.0
1000.0,73,244.0645161,58.06451613,37726.07284,31.0,62.0
1100.0,73,263.8,56.7,45755.33,30.0,66.0
1200.0,73,282.1290323,57.09677419,53934.25182,31.0,64.0
1300.0,73,301.0333333,58.3,63086.62444,30.0,62.0
1400.0,73,323.9677419,56.41935484,75099.53174,31.0,64.0
1500.0,73,342.4516129,56.41935484,85569.15401,31.0,66.0
1600.0,73,362.2142857,55.571428571,97508.80102,28.0,60.0
1700.0,73,382.9354839,53.258064516,110856.6514,31.0,64.0
1800.0,73,403.9310345,49.310344828,125267.6528,29.0,60.0
1900.0,73,424.4516129,50.322580645,140214.1145,31.0,64.0
2000.0,73,443.4827586,55.482758621,154858.742,29.0,64.0
2100.0,73,465.0882353,55.941176471,172333.5407,34.0,66.0
2200.0,73,484.46875,56.65625,188807.4004,32.0,64.0
2300.0,73,503.6333333,56.96666667,205831.7356,30.0,60.0
2400.0,73,524.0625,51.8125,224738.5391,32.0,64.0
2500.0,73,542.1034483000001,52.0,242169.8038,29.0,66.0
2600.0,73,560.2,50.966666667,260304.9744,30.0,62.0
2700.0,73,580.9677419,48.225806452,281929.8907,31.0,66.0
2800.0,73,602.4666667,45.4,305240.5778,30.0,64.0
2900.0,73,622.7428571,43.485714286,328076.8163,35.0,66.0
3000.0,73,639.875,44.21875,347985.9385,32.0,68.0
3100.0,73,660.3142857,43.114285714,372530.9404,35.0,66.0
3200.0,73,679.4848485,42.575757576,396306.2938,33.0,66.0
3300.0,73,697.71875,43.53125,419581.4238,32.0,64.0
3400.0,73,716.5483871,43.35483871,444330.9105,31.0,64.0
3500.0,73,734.65625,43.40625,468797.6582,32.0,66.0
3600.0,73,754.5483871,44.096774194,496423.2778,31.0,66.0
3700.0,73,773.6451613,45.1935483871,523685.4214,31.0,66.0
3800.0,73,793.5172414,42.379310345,552875.9631,29.0,64.0
3900.0,73,813.09375,43.0625,582360.2002,32.0,62.0
4000.0,73,832.8484848,45.0606060606,612876.1478,33.0,68.0
4100.0,73,852.7575758,41.787878788,644487.1644,33.0,64.0
4200.0,73,872.0689655,39.275862069,675912.3912,29.0,60.0
4300.0,73,888.9375,38.84375,703940.5908,32.0,62.0
4400.0,73,907.2,40.566666667,734880.8278,30.0,64.0
4500.0,73,928.25,43.964285714,771359.4923,28.0,62.0
4600.0,73,948.1612903,42.870967742,806744.5265,31.0,64.0
4700.0,73,964.3870968,46.6774193548,836114.8023,31.0,64.0
4800.0,73,985.9090909,48.696969697,875927.5243,33.0,62.0
4900.0,73,1003.9090909,49.848484848,909942.5767,33.0,64.0
5000.0,73,1023.4444444,47.0,947603.0864,27.0,60.0
5100.0,73,1040.6129032,46.1612903226,981328.6597,31.0,66.0
5200.0,73,1059.7,43.566666667,1019535.478,30.0,64.0
5300.0,73,1077.166667,41.533333333,1055143.046,30.0,64.0
5400.0,73,1097.8125,39.9375,1098012.289,32.0,64.0
5500.0,73,1116.40625,36.46875,1137405.385,32.0,64.0
5600.0,73,1134.166667,34.388888890000004,1175661.068,36.0,68.0
5700.0,73,1153.571429,35.57142857,1218078.082,35.0,66.0
5800.0,73,1173.774194,39.290322581,1262983.135,31.0,66.0
5900.0,73,1196.645161,41.838709677,1314861.733,31.0,64.0
6000.0,73,1215.3,43.1,1357971.7,30.0,60.0
6100.0,73,1232.709677,42.774193548,1398854.393,31.0,66.0
6200.0,73,1251.633333,40.933333333,1444004.872,30.0,66.0
6300.0,73,1271.4,40.333333333,1491911.404,30.0,64.0
6400.0,73,1290.666667,40.933333333,1539335.982,30.0,64.0
6500.0,73,1309.69697,41.696969697,1586905.396,33.0,66.0
6600.0,73,1327.724138,39.965517241,1632679.663,29.0,64.0
6700.0,73,1348.625,41.09375,1686506.212,32.0,64.0
6800.0,73,1370.225806,42.419354839,1743053.646,31.0,64.0
6900.0,73,1388.3,36.066666667,1791241.028,30.0,62.0
7000.0,73,1407.967742,34.22580645,1844325.213,31.0,66.0
7100.0,73,1429.129032,36.161290323,1902188.398,31.0,66.0
7200.0,73,1445.37931,40.103448276,1947181.361,29.0,64.0
7300.0,73,1467.742857,40.857142857,2010078.401,35.0,68.0
7400.0,73,1486.451613,40.161290323,2063490.036,31.0,66.0
7500.0,73,1505.516129,41.64516129,2118597.005,31.0,62.0
7600.0,73,1524.551724,38.586206897,2174433.062,29.0,62.0
7700.0,73,1544.225806,38.580645161,2232841.162,31.0,64.0
7800.0,73,1562.0,39.129032258,2286262.178,31.0,64.0
7900.0,73,1582.482759,41.551724138,2348574.779,29.0,64.0
8000.0,73,1601.28125,41.1875,2406551.177,32.0,62.0
8100.0,73,1622.34375,42.125,2472326.884,32.0,66.0
8200.0,73,1640.516129,43.161290323,2529788.325,31.0,62.0
8300.0,73,1663.114286,44.514285714,2602167.792,35.0,64.0
8400.0,73,1679.96875,43.125,2656845.392,32.0,66.0
8500.0,73,1700.09375,45.46875,2722829.916,32.0,64.0
8600.0,73,1719.433333,50.166666667,2787007.682,30.0,60.0
8700.0,73,1738.71875,51.125,2851772.282,32.0,66.0
8800.0,73,1760.75,52.5625,2926672.129,32.0,66.0
8900.0,73,1780.606061,57.48484848,2995053.36,33.0,64.0
9000.0,73,1804.806452,56.0,3079381.683,31.0,66.0
9100.0,73,1826.428571,56.42857143,3155739.796,35.0,66.0
9200.0,73,1844.147059,54.411764706,3218983.132,34.0,64.0
9300.0,73,1863.96875,53.34375,3290493.807,32.0,64.0
9400.0,73,1884.233333,54.233333333,3364429.842,30.0,62.0
9500.0,73,1902.914286,54.171428571,3433308.751,35.0,66.0
9600.0,73,1920.34375,53.09375,3498195.314,32.0,64.0
9700.0,73,1937.970588,49.323529412,3564433.4,34.0,64.0
9800.0,73,1955.529412,50.235294118,3631042.394,34.0,66.0
9900.0,73,1975.03125,48.375,3705747.954,32.0,62.0
10000.0,73,1996.212121,50.272727273,3787741.695,33.0,64.0
0.0,74,50.0,50.0,0.0,37.0,64.0
100.0,74,71.8125,49.96875,475.7861328,32.0,66.0
200.0,74,89.3030303,45.4545454545,1565.389348,33.0,66.0
300.0,74,106.5625,44.90625,3225.262695,32.0,66.0
400.0,74,126.60606061,40.636363636,5956.166208,33.0,64.0
500.0,74,145.32142857,42.678571429,9139.778061,28.0,58.0
600.0,74,162.7,42.766666667,12753.61111,30.0,64.0
700.0,74,181.3030303,39.787878788,17344.77319,33.0,66.0
800.0,74,198.1875,37.15625,22124.49707,32.0,62.0
900.0,74,217.5172414,36.551724138,28242.88228,29.0,60.0
1000.0,74,237.7058824,39.323529412,35347.48529,34.0,66.0
1100.0,74,256.4193548,40.258064516,42703.85536,31.0,66.0
1200.0,74,274.29032259999997,39.580645161,50414.71176,31.0,64.0
1300.0,74,294.09375,39.1875,59698.66895,32.0,64.0
1400.0,74,312.5517241,39.0,69054.40785,29.0,64.0
1500.0,74,334.65625,36.15625,81220.83008,32.0,62.0
1600.0,74,356.3125,36.65625,94005.40332,32.0,66.0
1700.0,74,377.9655172,34.0,107817.3805,29.0,64.0
1800.0,74,395.90625,36.03125,119846.2598,32.0,64.0
1900.0,74,418.2285714,35.4,135805.4408,35.0,68.0
2000.0,74,437.96875,34.5625,150758.0674,32.0,66.0
2100.0,74,459.7419355,34.74193548,168121.2622,31.0,66.0
2200.0,74,479.3,31.43333333,184643.2111,30.0,62.0
2300.0,74,499.969697,32.57575758,202776.3324,33.0,66.0
2400.0,74,519.7142857,34.62857143,220867.791,35.0,66.0
2500.0,74,538.1428571,32.91428571,238575.3706,35.0,64.0
2600.0,74,558.4814815,33.40740741,258828.7311,27.0,62.0
2700.0,74,578.5,35.23529412,279530.2465,34.0,66.0
2800.0,74,599.0,34.39393939,301644.5491,33.0,64.0
2900.0,74,619.0882353,36.794117647,324035.8149,34.0,64.0
3000.0,74,635.5151515,35.03030303,343052.0845,33.0,66.0
3100.0,74,655.0,34.0,366281.0,31.0,64.0
3200.0,74,674.2,35.25714286,389842.9918,35.0,66.0
3300.0,74,695.6451613,36.193548387,417048.2924,31.0,62.0
3400.0,74,713.4375,37.65625,440301.6846,32.0,64.0
3500.0,74,733.2941176,40.029411765,466990.2638,34.0,64.0
3600.0,74,756.2903226,42.0,498910.0198,31.0,66.0
3700.0,74,775.78125,42.9375,526808.3018,32.0,66.0
3800.0,74,794.1034483,41.517241379,553761.8989,29.0,66.0
3900.0,74,814.96875,45.375,585198.5791,32.0,62.0
4000.0,74,833.0645161,42.935483871,613239.9438,31.0,64.0
4100.0,74,854.1515152,43.636363636,646700.1552,33.0,64.0
4200.0,74,872.6875,44.0,676850.7227,32.0,64.0
4300.0,74,893.4482759,43.344827586,711449.2854,29.0,66.0
4400.0,74,913.1666667,45.0333333333,745081.3622,30.0,66.0
4500.0,74,929.5806452,44.580645161,773691.4807,31.0,66.0
4600.0,74,948.7142857,41.314285714,807762.809,35.0,66.0
4700.0,74,968.1666667,41.033333333,843110.4289,30.0,66.0
4800.0,74,986.9032258,40.516129032,877877.5983,31.0,62.0
4900.0,74,1008.0,38.137931034,917904.7087,29.0,62.0
5000.0,74,1025.1290322999998,39.35483871,950989.949,31.0,64.0
5100.0,74,1043.375,41.375,986868.2812,32.0,62.0
5200.0,74,1064.4375,40.28125,1029177.896,32.0,62.0
5300.0,74,1083.53125,42.6875,1068240.317,32.0,64.0
5400.0,74,1103.363636,42.393939394,1109632.803,33.0,64.0
5500.0,74,1122.125,42.34375,1149510.634,32.0,66.0
5600.0,74,1143.806452,45.3548387097,1196434.131,31.0,66.0
5700.0,74,1163.5625,43.875,1240058.957,32.0,66.0
5800.0,74,1180.827586,44.965517241,1278796.376,29.0,62.0
5900.0,74,1197.103448,43.586206897,1315887.458,29.0,62.0
6000.0,74,1217.527778,44.166666667,1363155.14,36.0,66.0
6100.0,74,1235.333333,43.733333333,1405054.382,30.0,62.0
6200.0,74,1255.290323,46.4516129032,1452737.353,31.0,62.0
6300.0,74,1278.066667,49.433333333,1508148.059,30.0,62.0
6400.0,74,1297.459459,47.243243243,1556162.703,37.0,66.0
6500.0,74,1315.84375,48.03125,1602364.275,32.0,66.0
6600.0,74,1333.272727,47.151515152,1646797.006,33.0,62.0
6700.0,74,1352.382353,46.3529411765,1696213.094,34.0,66.0
6800.0,74,1371.5625,45.28125,1746549.708,32.0,64.0
6900.0,74,1389.818182,44.393939394,1795144.188,33.0,64.0
7000.0,74,1408.823529,43.617647059,1846442.119,34.0,66.0
7100.0,74,1429.241379,44.724137931,1902334.617,29.0,60.0
7200.0,74,1443.548387,46.7096774194,1941987.933,31.0,62.0
7300.0,74,1464.774194,47.419354839,2001592.678,31.0,62.0
7400.0,74,1484.741935,47.064516129,2058493.039,31.0,62.0
7500.0,74,1507.633333,47.8,2124699.774,30.0,64.0
7600.0,74,1523.71875,47.40625,2171853.682,32.0,66.0
7700.0,74,1545.233333,47.566666667,2235728.642,30.0,64.0
7800.0,74,1565.387097,46.4838709677,2296410.416,31.0,66.0
7900.0,74,1582.83871,46.4838709677,2349606.873,31.0,64.0
8000.0,74,1603.774194,46.4193548387,2414227.066,31.0,62.0
8100.0,74,1624.0,51.411764706,2477477.993,34.0,64.0
8200.0,74,1643.705882,51.235294118,2539899.965,34.0,66.0
8300.0,74,1662.818182,52.818181818,2601190.43,33.0,64.0
8400.0,74,1684.266667,52.266666667,2670832.676,30.0,62.0
8500.0,74,1704.264706,52.323529412,2736597.116,34.0,64.0
8600.0,74,1723.588235,51.176470588,2800898.965,34.0,64.0
8700.0,74,1741.566667,53.666666667,2861411.232,30.0,62.0
8800.0,74,1760.612903,56.0,2926232.505,31.0,64.0
8900.0,74,1780.821429,56.857142859999996,2995789.838,28.0,62.0
9000.0,74,1800.16129,58.58064516,3063138.17,31.0,64.0
9100.0,74,1821.366667,60.2,3137843.908,30.0,66.0
9200.0,74,1840.3125,59.34375,3205306.153,32.0,62.0
9300.0,74,1861.870968,59.67741935,3282970.056,31.0,66.0
9400.0,74,1884.448276,58.89655172,3365279.625,29.0,62.0
9500.0,74,1902.705882,61.82352941,3432658.882,34.0,66.0
9600.0,74,1919.517241,61.4137931,3495224.99,29.0,60.0
9700.0,74,1937.035714,61.607142859999996,3561038.513,28.0,60.0
9800.0,74,1957.53125,63.875,3638867.985,32.0,62.0
9900.0,74,1976.942857,64.37142857,3713315.313,35.0,66.0
10000.0,74,1998.235294,65.61764706,3795864.672,34.0,66.0
0.0,75,50.0,50.0,0.0,37.0,64.0
100.0,75,69.61290323,50.193548387,384.7034339,31.0,68.0
200.0,75,89.125,47.0625,1539.394531,32.0,62.0
300.0,75,109.86111111,45.0277777778,3608.075617,36.0,66.0
400.0,75,128.13333333,43.333333333,6149.262222,30.0,62.0
500.0,75,146.1515152,43.121212121,9292.431589,33.0,66.0
600.0,75,164.8125,40.03125,13281.28613,32.0,66.0
700.0,75,183.3,41.4,17842.85,30.0,62.0
800.0,75,202.1,41.1,23213.62,30.0,66.0
900.0,75,220.25,39.964285714,29085.77806,28.0,62.0
1000.0,75,240.0,34.885714289999996,36328.44163,35.0,66.0
1100.0,75,260.1875,34.0,44434.78516,32.0,64.0
1200.0,75,279.7,38.066666667,52904.49444,30.0,66.0
1300.0,75,297.3793103,35.137931030000004,61417.40428,29.0,62.0
1400.0,75,319.2580645,37.741935484,72650.16545,31.0,62.0
1500.0,75,337.8823529,36.882352941,83048.3218,34.0,64.0
1600.0,75,355.5294118,37.941176471,93493.63668,34.0,64.0
1700.0,75,372.5714286,40.514285713999996,104142.3053,35.0,66.0
1800.0,75,390.9428571,42.8,116293.8718,35.0,66.0
1900.0,75,409.0,38.965517241,129002.7598,29.0,62.0
2000.0,75,426.5757576,39.575757576,141917.966,33.0,64.0
2100.0,75,448.0625,37.59375,158607.6689,32.0,64.0
2200.0,75,465.5,37.466666667,172797.3344,30.0,64.0
2300.0,75,483.516129,34.61290323,188172.9969,31.0,64.0
2400.0,75,499.5625,34.34375,202351.5596,32.0,62.0
2500.0,75,518.4571429,33.57142857,219721.9927,35.0,68.0
2600.0,75,538.53125,33.03125,238950.7207,32.0,64.0
2700.0,75,558.0909091,31.60606061,258494.7089,33.0,64.0
2800.0,75,575.4333333,30.033333329999998,276478.8556,30.0,60.0
2900.0,75,595.3548387,29.80645161,297819.6795,31.0,62.0
3000.0,75,616.6470588,26.76470588,321628.7682,34.0,66.0
3100.0,75,636.5454545,24.78787879,344671.2213,33.0,66.0
3200.0,75,654.6,21.82857143,366334.7894,35.0,66.0
3300.0,75,671.5862069,22.44827586,387128.5101,29.0,64.0
3400.0,75,691.2903226,18.67741935,412234.3819,31.0,62.0
3500.0,75,713.375,18.625,441050.7812,32.0,62.0
3600.0,75,735.5185185,15.592592589999999,471119.5089,27.0,68.0
3700.0,75,755.3448276,16.55172414,498630.113,29.0,64.0
3800.0,75,773.6666667,15.833333329999999,524860.8056,30.0,64.0
3900.0,75,793.6764706,16.26470588,554192.763,34.0,66.0
4000.0,75,812.0666667,13.833333330000002,582053.6322,30.0,62.0
4100.0,75,833.1935484,16.32258065,614526.3028,31.0,64.0
4200.0,75,851.4117647,15.323529409999999,643463.2742,34.0,66.0
4300.0,75,872.0666667,15.966666669999999,676951.8722,30.0,64.0
4400.0,75,892.0645161,16.96774194,710163.7794,31.0,66.0
4500.0,75,912.8529412,17.14705882,745594.5138,34.0,66.0
4600.0,75,930.5405405,14.756756759999998,776593.7297,37.0,68.0
4700.0,75,948.3636364,12.333333330000002,808476.0009,33.0,64.0
4800.0,75,971.25,17.39285714,849764.7883,28.0,60.0
4900.0,75,988.2424242,15.242424239999998,881506.9357,33.0,66.0
5000.0,75,1005.5588235,16.82352941,914193.3434,34.0,64.0
5100.0,75,1025.5757576,13.939393940000002,953048.4261,33.0,62.0
5200.0,75,1043.7096774000001,13.5483871,988787.6431,31.0,62.0
5300.0,75,1066.666667,15.060606060000001,1034831.872,33.0,62.0
5400.0,75,1085.25,14.03125,1073036.313,32.0,64.0
5500.0,75,1104.806452,14.64516129,1113866.615,31.0,60.0
5600.0,75,1125.25,15.4375,1157357.129,32.0,66.0
5700.0,75,1143.3125,15.46875,1196524.63,32.0,66.0
5800.0,75,1164.612903,19.09677419,1243316.933,31.0,64.0
5900.0,75,1186.8,18.2,1293325.48,30.0,64.0
6000.0,75,1207.75,18.46875,1341379.282,32.0,66.0
6100.0,75,1227.90625,21.46875,1388277.166,32.0,66.0
6200.0,75,1245.40625,23.875,1429678.618,32.0,66.0
6300.0,75,1265.258065,22.12903226,1477628.954,31.0,64.0
6400.0,75,1282.9375,21.25,1520961.441,32.0,66.0
6500.0,75,1306.689655,22.31034483,1580035.606,29.0,62.0
6600.0,75,1326.212121,25.15151515,1629334.826,33.0,64.0
6700.0,75,1345.083333,24.02777778,1677915.397,36.0,64.0
6800.0,75,1366.516129,22.19354839,1733987.917,31.0,66.0
6900.0,75,1385.21875,24.4375,1783462.552,32.0,62.0
7000.0,75,1402.066667,23.3,1828797.161,30.0,64.0
7100.0,75,1421.0,25.58064516,1880237.305,31.0,66.0
7200.0,75,1441.612903,22.41935484,1937347.164,31.0,62.0
7300.0,75,1464.03125,26.34375,2000043.994,32.0,64.0
7400.0,75,1482.387097,26.48387097,2052285.803,31.0,66.0
7500.0,75,1501.96875,29.53125,2108632.221,32.0,62.0
7600.0,75,1522.625,29.5,2169044.641,32.0,68.0
7700.0,75,1539.264706,30.08823529,2218305.843,34.0,64.0
7800.0,75,1561.212121,33.15151515,2284045.947,33.0,66.0
7900.0,75,1582.774194,32.22580645,2349712.65,31.0,62.0
8000.0,75,1603.793103,29.89655172,2414677.157,29.0,64.0
8100.0,75,1622.028571,27.42857143,2471783.299,35.0,66.0
8200.0,75,1643.466667,28.46666667,2539599.702,30.0,62.0
8300.0,75,1661.785714,26.78571429,2598392.092,28.0,62.0
8400.0,75,1680.666667,23.15151515,2659794.619,33.0,66.0
8500.0,75,1700.764706,27.70588235,2725521.142,34.0,66.0
8600.0,75,1722.121212,27.03030303,2796516.955,33.0,66.0
8700.0,75,1744.62069,23.27586207,2872453.461,29.0,62.0
8800.0,75,1765.133333,25.43333333,2942285.872,30.0,64.0
8900.0,75,1783.206897,25.17241379,3004622.555,29.0,62.0
9000.0,75,1800.709677,26.96774194,3065514.86,31.0,66.0
9100.0,75,1820.16129,23.61290323,3134167.273,31.0,64.0
9200.0,75,1838.466667,21.36666667,3199432.886,30.0,60.0
9300.0,75,1858.78125,18.03125,3272711.611,32.0,66.0
9400.0,75,1878.83871,15.516129029999998,3345840.163,31.0,66.0
9500.0,75,1897.387097,13.77419355,3414151.394,31.0,66.0
9600.0,75,1915.875,14.78125,3482729.876,32.0,66.0
9700.0,75,1933.46875,15.71875,3548629.736,32.0,64.0
9800.0,75,1953.8125,17.59375,3625552.2,32.0,66.0
9900.0,75,1972.0,15.76666667,3695255.921,30.0,62.0
10000.0,75,1990.53125,16.90625,3766756.729,32.0,66.0
0.0,76,50.0,50.0,0.0,37.0,64.0
100.0,76,68.13333333,48.2,332.0577778,30.0,64.0
200.0,76,87.83870968,50.096774194,1431.777315,31.0,64.0
300.0,76,106.48275862,49.24137931,3190.877527,29.0,60.0
400.0,76,128.20588235,52.794117647,6123.967128,34.0,66.0
500.0,76,147.0689655,51.793103448,9425.599287,29.0,66.0
600.0,76,163.6857143,51.742857143,12927.47918,35.0,66.0
700.0,76,186.34375,50.375,18589.75879,32.0,66.0
800.0,76,204.5757576,52.939393939,23902.30487,33.0,68.0
900.0,76,225.4137931,49.655172414,30770.11772,29.0,64.0
1000.0,76,243.5151515,52.636363636,37455.06428,33.0,66.0
1100.0,76,265.2,48.8,46312.48,30.0,62.0
1200.0,76,286.53125,48.4375,55949.47363,32.0,64.0
1300.0,76,302.6551724,46.4827586207,63847.00713,29.0,64.0
1400.0,76,322.8611111,47.055555556,74461.85571,36.0,66.0
1500.0,76,343.7058824,48.735294118,86264.74481,34.0,66.0
1600.0,76,361.8,49.433333333,97219.56111,30.0,62.0
1700.0,76,379.5625,47.3125,108618.6641,32.0,62.0
1800.0,76,398.9714286,49.514285714,121781.2939,35.0,66.0
1900.0,76,416.5806452,49.774193548,134381.4204,31.0,64.0
2000.0,76,434.9666667,47.6,148205.0944,30.0,64.0
2100.0,76,457.1290323,45.5806451613,165773.5796,31.0,66.0
2200.0,76,476.34375,42.875,181819.7588,32.0,64.0
2300.0,76,497.8965517,42.206896552,200672.0535,29.0,62.0
2400.0,76,517.0322581,42.64516129,218173.2237,31.0,64.0
2500.0,76,533.2258065,40.516129032,233597.1238,31.0,66.0
2600.0,76,553.7741935,37.838709677,253936.3351,31.0,64.0
2700.0,76,573.2424242,41.424242424,273856.1781,33.0,64.0
2800.0,76,592.0909091,41.848484848,293929.0009,33.0,66.0
2900.0,76,611.375,39.6875,315248.2383,32.0,66.0
3000.0,76,629.516129,39.129032258,335957.1217,31.0,64.0
3100.0,76,651.0322581,38.387096774,361374.6348,31.0,62.0
3200.0,76,671.8823529,40.117647059,386835.3218,34.0,64.0
3300.0,76,692.375,42.15625,412707.165,32.0,64.0
3400.0,76,712.3,40.2,438737.33,30.0,64.0
3500.0,76,730.3333333,39.633333333,462960.9122,30.0,62.0
3600.0,76,751.2727273,39.606060606,491891.472,33.0,64.0
3700.0,76,771.7222222,43.472222222,520925.5779,36.0,66.0
3800.0,76,790.65625,40.71875,548657.8223,32.0,66.0
3900.0,76,814.2424242,42.0,584130.483,33.0,66.0
4000.0,76,831.7931034,44.172413793,611234.4174,29.0,62.0
4100.0,76,852.4411765,44.823529412,643938.6375,34.0,66.0
4200.0,76,874.8235294,45.3823529412,680355.1773,34.0,66.0
4300.0,76,893.5806452,41.225806452,711705.2914,31.0,62.0
4400.0,76,915.8214286,41.142857143,749725.1952,28.0,60.0
4500.0,76,936.375,40.09375,785758.7744,32.0,64.0
4600.0,76,954.84375,37.46875,818899.2441,32.0,64.0
4700.0,76,974.7941176,36.411764706,855428.8002,34.0,66.0
4800.0,76,994.2121212,38.424242424,891670.528,33.0,64.0
4900.0,76,1014.3939394,38.333333333,930191.7815,33.0,64.0
5000.0,76,1034.75,37.625,969885.7031,32.0,66.0
5100.0,76,1051.257143,39.457142857,1002627.018,35.0,64.0
5200.0,76,1072.166667,36.266666667,1045013.299,30.0,62.0
5300.0,76,1090.633333,38.4,1083052.294,30.0,62.0
5400.0,76,1107.9,39.2,1119269.05,30.0,62.0
5500.0,76,1128.323529,41.147058824,1162860.009,34.0,66.0
5600.0,76,1150.709677,41.903225806,1211627.352,31.0,64.0
5700.0,76,1170.515152,43.212121212,1255600.28,33.0,64.0
5800.0,76,1189.6875,44.0,1298923.598,32.0,64.0
5900.0,76,1208.918919,46.7567567568,1343103.579,37.0,66.0
6000.0,76,1229.294118,45.2647058824,1390757.039,34.0,66.0
6100.0,76,1247.266667,43.5,1433489.721,30.0,62.0
6200.0,76,1266.655172,43.413793103,1480293.187,29.0,64.0
6300.0,76,1285.2,44.7,1525747.13,30.0,64.0
6400.0,76,1302.5,44.53125,1568786.157,32.0,64.0
6500.0,76,1324.147059,42.382352941,1623508.756,34.0,64.0
6600.0,76,1347.333333,42.259259259,1683133.697,27.0,62.0
6700.0,76,1368.3125,38.03125,1738091.099,32.0,64.0
6800.0,76,1384.419355,36.451612903,1780858.573,31.0,60.0
6900.0,76,1405.03125,39.25,1836225.251,32.0,66.0
7000.0,76,1425.258065,36.935483871,1891505.426,31.0,66.0
7100.0,76,1445.40625,38.1875,1947298.138,32.0,64.0
7200.0,76,1465.6875,38.15625,2004311.372,32.0,64.0
7300.0,76,1481.5,41.8125,2049259.285,32.0,62.0
7400.0,76,1501.645161,42.580645161,2107328.721,31.0,64.0
7500.0,76,1521.677419,43.193548387,2165880.754,31.0,62.0
7600.0,76,1543.333333,43.3,2230089.334,30.0,64.0
7700.0,76,1565.387097,38.258064516,2296535.926,31.0,66.0
7800.0,76,1585.428571,36.321428571,2357728.001,28.0,62.0
7900.0,76,1604.181818,36.272727273,2415669.562,33.0,64.0
8000.0,76,1624.606061,32.84848485,2479678.421,33.0,64.0
8100.0,76,1643.612903,36.935483871,2539772.767,31.0,64.0
8200.0,76,1662.545455,36.909090909,2600474.215,33.0,66.0
8300.0,76,1680.3125,37.46875,2658075.88,32.0,66.0
8400.0,76,1701.758621,34.206896549999996,2728555.963,29.0,62.0
8500.0,76,1722.290323,37.193548387,2796718.928,31.0,60.0
8600.0,76,1742.03125,36.0625,2863164.005,32.0,64.0
8700.0,76,1759.0,35.53571429,2920890.216,28.0,66.0
8800.0,76,1780.322581,35.83870968,2994216.775,31.0,66.0
8900.0,76,1800.575758,35.93939394,3064713.184,33.0,62.0
9000.0,76,1819.21875,36.9375,3130305.614,32.0,62.0
9100.0,76,1837.78125,35.1875,3196381.208,32.0,66.0
9200.0,76,1859.09375,34.0625,3273074.2,32.0,64.0
9300.0,76,1879.75,33.3125,3348263.535,32.0,66.0
9400.0,76,1897.066667,31.63333333,3411992.606,30.0,62.0
9500.0,76,1914.428571,31.228571430000002,3476446.264,35.0,64.0
9600.0,76,1934.193548,30.93548387,3550548.784,31.0,62.0
9700.0,76,1953.5625,29.0,3623991.191,32.0,62.0
9800.0,76,1972.419355,33.22580645,3695977.549,31.0,64.0
9900.0,76,1990.344828,33.55172414,3765208.596,29.0,66.0
10000.0,76,2010.848485,35.51515152,3845136.591,33.0,64.0
0.0,77,50.0,50.0,0.0,37.0,64.0
100.0,77,68.43333333,49.8,339.8277778,30.0,64.0
200.0,77,89.48387097,49.35483871,1559.3923,31.0,64.0
300.0,77,106.75757576000001,49.878787879,3221.437098,33.0,66.0
400.0,77,127.83870968,48.806451613,6060.289282,31.0,62.0
500.0,77,148.625,48.25,9729.953125,32.0,64.0
600.0,77,169.5757576,48.727272727,14299.98163,33.0,64.0
700.0,77,189.0967742,49.35483871,19348.32882,31.0,64.0
800.0,77,208.90625,49.5625,25251.3877,32.0,66.0
900.0,77,227.65625,48.1875,31565.02832,32.0,64.0
1000.0,77,248.7666667,47.933333333,39512.45889,30.0,64.0
1100.0,77,267.9375,48.03125,47500.62988,32.0,66.0
1200.0,77,285.70967740000003,48.935483871,55560.18522,31.0,64.0
1300.0,77,305.1851852,48.814814815,65120.8834,27.0,62.0
1400.0,77,326.2413793,46.6551724138,76320.48751,29.0,60.0
1500.0,77,348.0625,44.625,88870.14453,32.0,66.0
1600.0,77,366.4666667,45.3333333333,100172.9289,30.0,60.0
1700.0,77,388.2142857,42.142857143,114450.6378,28.0,62.0
1800.0,77,407.2903226,41.709677419,127725.1041,31.0,62.0
1900.0,77,428.59375,40.0625,143431.9814,32.0,68.0
2000.0,77,450.5333333,40.466666667,160517.8356,30.0,64.0
2100.0,77,470.5517241,40.827586207,176947.8859,29.0,62.0
2200.0,77,487.34375,44.3125,191301.9033,32.0,64.0
2300.0,77,504.4242424,45.5454545455,206521.2351,33.0,64.0
2400.0,77,524.2413793000001,46.4482758621,224917.5006,29.0,66.0
2500.0,77,543.0,49.625,243049.1406,32.0,64.0
2600.0,77,561.8387097,48.161290323,261982.2456,31.0,64.0
2700.0,77,581.3428571,49.714285714,282325.3135,35.0,66.0
2800.0,77,597.6428571,51.071428571,299913.8469,28.0,64.0
2900.0,77,616.0967742,50.741935484,320466.1082,31.0,64.0
3000.0,77,634.7272727,47.484848485,341912.3095,33.0,64.0
3100.0,77,655.9354839,50.322580645,367157.9147,31.0,64.0
3200.0,77,673.25,46.59375,388452.165,32.0,66.0
3300.0,77,691.8064516,45.2903225806,411937.7024,31.0,66.0
3400.0,77,711.0645161,48.193548387,437009.5578,31.0,64.0
3500.0,77,730.0666667,44.766666667,462518.0589,30.0,62.0
3600.0,77,746.7714286,45.7428571429,485508.5469,35.0,68.0
3700.0,77,762.7741935,46.7096774194,508057.8772,31.0,64.0
3800.0,77,782.9310345,44.206896552,537221.4614,29.0,64.0
3900.0,77,802.4516129,48.032258065,566187.3018,31.0,66.0
4000.0,77,826.1935484,44.548387097,602506.1446,31.0,64.0
4100.0,77,846.7,44.466666667,634761.5078,30.0,62.0
4200.0,77,865.3225806,45.96774193548,664767.1696,31.0,64.0
4300.0,77,884.0588235,50.088235294,695654.1289,34.0,64.0
4400.0,77,903.3333333,54.787878788,728200.7016,33.0,66.0
4500.0,77,925.3928571,52.107142857,766317.0944,28.0,60.0
4600.0,77,945.5151515,49.03030303,801948.3269,33.0,64.0
4700.0,77,964.96875,52.96875,837176.627,32.0,66.0
4800.0,77,983.6060606,55.696969697,871652.7319,33.0,66.0
4900.0,77,1001.0333333,58.8,904541.8411,30.0,64.0
5000.0,77,1022.7741935,59.645161290000004,946382.6608,31.0,66.0
5100.0,77,1043.6060606,62.18181818,987401.4004,33.0,66.0
5200.0,77,1064.21875,64.84375,1028860.01,32.0,66.0
5300.0,77,1083.62069,66.75862069,1068652.581,29.0,64.0
5400.0,77,1106.387097,65.19354839,1116184.542,31.0,62.0
5500.0,77,1126.103448,66.0,1158254.631,29.0,60.0
5600.0,77,1143.517241,64.68965517000001,1195995.743,29.0,68.0
5700.0,77,1163.625,66.34375,1240427.759,32.0,66.0
5800.0,77,1182.258065,66.51612903,1282281.107,31.0,66.0
5900.0,77,1200.793103,65.86206897,1324576.372,29.0,62.0
6000.0,77,1218.84375,69.5625,1366578.403,32.0,66.0
6100.0,77,1236.75,70.40625,1408791.978,32.0,64.0
6200.0,77,1255.030303,68.78787879000001,1452451.016,33.0,66.0
6300.0,77,1272.25,70.75,1494325.625,32.0,64.0
6400.0,77,1290.0625,71.4375,1538214.57,32.0,66.0
6500.0,77,1311.375,70.03125,1591468.142,32.0,62.0
6600.0,77,1329.758621,71.51724138,1638245.119,29.0,62.0
6700.0,77,1348.0,70.1875,1685211.535,32.0,64.0
6800.0,77,1369.285714,72.03571429,1741000.369,28.0,62.0
6900.0,77,1389.121212,75.81818182,1793912.199,33.0,68.0
7000.0,77,1409.241379,75.79310345,1848202.411,29.0,66.0
7100.0,77,1426.030303,74.06060606,1894038.308,33.0,66.0
7200.0,77,1442.941176,74.20588235,1940871.046,34.0,66.0
7300.0,77,1464.166667,73.5,2000419.611,30.0,64.0
7400.0,77,1486.096774,73.90322581,2062945.309,31.0,64.0
7500.0,77,1504.485714,76.74285714,2116243.873,35.0,66.0
7600.0,77,1524.28125,76.40625,2174202.494,32.0,66.0
7700.0,77,1541.75,74.3125,2225909.16,32.0,64.0
7800.0,77,1563.354839,76.29032258000001,2290934.049,31.0,62.0
7900.0,77,1581.896552,78.65517241,2347528.164,29.0,62.0
8000.0,77,1603.3125,76.96875,2413507.036,32.0,62.0
8100.0,77,1622.806452,75.96774194,2474394.458,31.0,62.0
8200.0,77,1644.482759,80.41379309999999,2543300.266,29.0,62.0
8300.0,77,1664.606061,80.93939394,2607909.977,33.0,66.0
8400.0,77,1685.483871,79.93548387,2675703.625,31.0,66.0
8500.0,77,1703.75,80.6875,2735830.785,32.0,64.0
8600.0,77,1720.931034,79.27586207,2792867.598,29.0,62.0
8700.0,77,1741.419355,80.41935484,2861824.771,31.0,62.0
8800.0,77,1760.470588,81.05882353,2926674.284,34.0,64.0
8900.0,77,1781.344828,76.72413793,2998269.092,29.0,62.0
9000.0,77,1800.0,75.5,3063150.25,32.0,62.0
9100.0,77,1820.0,74.32258064999999,3133491.588,31.0,62.0
9200.0,77,1838.333333,74.24242423999999,3198723.806,33.0,66.0
9300.0,77,1859.352941,72.88235294,3274281.668,34.0,66.0
9400.0,77,1880.818182,69.96969697,3352294.004,33.0,64.0
9500.0,77,1901.875,67.34375,3429741.821,32.0,66.0
9600.0,77,1922.9375,67.03125,3508184.942,32.0,68.0
9700.0,77,1941.75,66.75,3578998.625,32.0,64.0
9800.0,77,1962.4,67.63333333,3657584.694,30.0,62.0
9900.0,77,1982.774194,69.83870968,3736009.658,31.0,64.0
10000.0,77,2003.3125,68.375,3815767.363,32.0,64.0
0.0,78,50.0,50.0,0.0,37.0,64.0
100.0,78,71.10714286,49.964285714,445.5127551,28.0,62.0
200.0,78,87.87878788,46.9090909091,1444.35629,33.0,68.0
300.0,78,109.82857143,43.6,3620.417959,35.0,66.0
400.0,78,130.51612903,45.3548387097,6504.424558,31.0,62.0
500.0,78,154.8,43.5,11025.29,30.0,62.0
600.0,78,178.1290323,39.225806452,16533.13215,31.0,62.0
700.0,78,199.46875,41.3125,22416.37988,32.0,64.0
800.0,78,217.4242424,44.03030303,28066.51423,33.0,64.0
900.0,78,238.0,46.09090909091,35359.28099,33.0,66.0
1000.0,78,253.8125,46.59375,41551.1377,32.0,66.0
1100.0,78,271.625,46.625,49129.03125,32.0,62.0
1200.0,78,290.82758620000004,46.2413793103,58012.05351,29.0,62.0
1300.0,78,312.6129032,48.870967742,68966.81165,31.0,62.0
1400.0,78,332.40625,48.59375,79755.26758,32.0,64.0
1500.0,78,349.6875,50.03125,89812.59863,32.0,66.0
1600.0,78,367.0,50.666666667,100489.4444,30.0,64.0
1700.0,78,390.1176471,52.205882353,115684.8798,34.0,68.0
1800.0,78,410.2758621,53.172413793,129808.761,29.0,64.0
1900.0,78,429.9,50.966666667,144324.9444,30.0,66.0
2000.0,78,448.8666667,53.5,159106.8678,30.0,62.0
2100.0,78,469.4848485,52.181818182,175972.2984,33.0,64.0
2200.0,78,490.1612903,48.709677419,193743.6264,31.0,64.0
2300.0,78,509.4516129,51.419354839,211097.7992,31.0,64.0
2400.0,78,530.0967742,50.806451613,230493.563,31.0,64.0
2500.0,78,550.0357143,50.928571429,250036.5778,28.0,64.0
2600.0,78,567.1034483,48.310344828,267398.8312,29.0,62.0
2700.0,78,585.8181818,48.545454545,287103.2397,33.0,66.0
2800.0,78,605.125,48.78125,308165.251,32.0,66.0
2900.0,78,622.6666667,44.866666667,327973.4622,30.0,64.0
3000.0,78,641.2258065,44.774193548,349575.2633,31.0,64.0
3100.0,78,660.1764706,46.6764705882,372326.3711,34.0,66.0
3200.0,78,679.8275862,46.3448275862,396696.1486,29.0,62.0
3300.0,78,698.9375,45.59375,421139.2939,32.0,64.0
3400.0,78,716.9117647,46.1764705882,444785.9213,34.0,64.0
3500.0,78,735.5882353,46.8235294118,470041.3183,34.0,66.0
3600.0,78,753.625,45.6875,495106.7383,32.0,66.0
3700.0,78,771.3125,44.4375,520322.6641,32.0,68.0
3800.0,78,792.3571429,45.3928571429,551115.3533,28.0,62.0
3900.0,78,812.0666667,46.2333333333,580759.7922,30.0,62.0
4000.0,78,830.8181818,45.2727272727,609699.3802,33.0,66.0
4100.0,78,848.0909091,43.212121212,636995.1745,33.0,68.0
4200.0,78,870.1212121,39.96969697,672699.4096,33.0,66.0
4300.0,78,887.25,41.21875,701064.6729,32.0,64.0
4400.0,78,903.6785714,41.892857143,728832.8291,28.0,60.0
4500.0,78,922.6451613,41.129032258,761588.2716,31.0,64.0
4600.0,78,942.2580645,38.580645161,796254.8554,31.0,66.0
4700.0,78,961.2903226,39.258064516,830565.4412,31.0,66.0
4800.0,78,978.875,40.0625,862907.5195,32.0,66.0
4900.0,78,996.9117647,39.794117647,896746.0502,34.0,66.0
5000.0,78,1013.3823529,38.058823529,928248.1497,34.0,66.0
5100.0,78,1031.3125,39.1875,963091.1328,32.0,64.0
5200.0,78,1049.393939,43.272727273,998833.5023,33.0,66.0
5300.0,78,1071.103448,41.172413793,1042730.178,29.0,64.0
5400.0,78,1086.096774,40.548387097,1073585.858,31.0,64.0
5500.0,78,1106.25,37.28125,1115825.829,32.0,66.0
5600.0,78,1126.121212,36.757575758,1158212.225,33.0,64.0
5700.0,78,1144.833333,38.361111111,1198795.492,36.0,66.0
5800.0,78,1162.69697,37.848484848,1238242.206,33.0,64.0
5900.0,78,1180.424242,37.0,1278027.968,33.0,64.0
6000.0,78,1198.71875,34.90625,1319782.588,32.0,64.0
6100.0,78,1219.5,36.03125,1367925.376,32.0,64.0
6200.0,78,1239.387097,35.29032258,1414858.041,31.0,64.0
6300.0,78,1259.275862,32.96551724,1462638.284,29.0,64.0
6400.0,78,1281.878788,32.3030303,1517838.531,33.0,66.0
6500.0,78,1300.484848,29.60606061,1564128.269,33.0,64.0
6600.0,78,1319.4375,29.0,1611912.566,32.0,64.0
6700.0,78,1338.46875,30.375,1660536.86,32.0,64.0
6800.0,78,1357.84375,28.71875,1710908.166,32.0,66.0
6900.0,78,1379.916667,31.22222222,1769030.945,36.0,68.0
7000.0,78,1399.6,31.63333333,1821757.494,30.0,64.0
7100.0,78,1420.4,32.97142857,1878286.132,35.0,66.0
7200.0,78,1441.8,33.96666667,1937364.308,30.0,64.0
7300.0,78,1460.870968,33.12903226,1990841.517,31.0,62.0
7400.0,78,1479.65625,34.59375,2044154.346,32.0,66.0
7500.0,78,1497.848485,32.51515152,2096570.955,33.0,66.0
7600.0,78,1517.636364,32.42424242,2154265.403,33.0,66.0
7700.0,78,1537.928571,32.142857140000004,2214250.311,28.0,60.0
7800.0,78,1555.228571,30.65714286,2266087.198,35.0,64.0
7900.0,78,1573.6875,31.84375,2321953.247,32.0,64.0
8000.0,78,1594.0,32.21212121,2384252.409,33.0,64.0
8100.0,78,1616.066667,33.16666667,2452848.166,30.0,62.0
8200.0,78,1636.151515,37.090909091,2516043.274,33.0,64.0
8300.0,78,1654.857143,39.892857143,2575668.603,28.0,64.0
8400.0,78,1676.064516,41.741935484,2644154.006,31.0,62.0
8500.0,78,1694.90625,40.71875,2705802.713,32.0,68.0
8600.0,78,1713.233333,42.1,2766407.531,30.0,62.0
8700.0,78,1734.733333,41.166666667,2838404.432,30.0,62.0
8800.0,78,1752.818182,39.393939394,2899702.249,33.0,64.0
8900.0,78,1771.029412,37.823529412,2962090.503,34.0,66.0
9000.0,78,1788.733333,39.9,3023295.614,30.0,64.0
9100.0,78,1810.147059,37.088235294,3098284.382,34.0,64.0
9200.0,78,1831.62069,37.793103448,3174321.29,29.0,64.0
9300.0,78,1850.166667,36.933333333,3240770.766,30.0,64.0
9400.0,78,1868.0,34.64705882,3305359.713,34.0,68.0
9500.0,78,1887.225806,35.645161290000004,3375604.725,31.0,66.0
9600.0,78,1907.030303,32.09090909,3448882.282,33.0,64.0
9700.0,78,1926.806452,33.70967742,3522667.831,31.0,60.0
9800.0,78,1947.25,33.875,3599817.578,32.0,66.0
9900.0,78,1965.413793,32.31034483,3669122.923,29.0,62.0
10000.0,78,1985.794118,32.117647059999996,3747618.644,34.0,68.0
0.0,79,50.0,50.0,0.0,37.0,64.0
100.0,79,71.44827586,50.793103448,460.6575505,29.0,64.0
200.0,79,91.2,52.233333333,1702.427778,30.0,64.0
300.0,79,112.48387097,53.419354839,3915.926119,31.0,66.0
400.0,79,128.61764706,54.029411765,6196.970588,34.0,66.0
500.0,79,146.13793099999998,54.655172414,9264.172414,29.0,62.0
600.0,79,166.28125,56.46875,13563.17383,32.0,64.0
700.0,79,184.6333333,56.33333333,18166.24556,30.0,64.0
800.0,79,204.2121212,57.84848485,23842.97704,33.0,64.0
900.0,79,229.137931,58.27586207,32158.88823,29.0,62.0
1000.0,79,252.28125,56.6875,40962.42676,32.0,64.0
1100.0,79,271.9032258,55.193548387,49268.01457,31.0,66.0
1200.0,79,291.516129,56.70967742,58375.06035,31.0,64.0
1300.0,79,311.1212121,54.0,68200.28742,33.0,64.0
1400.0,79,333.3125,54.53125,80286.50488,32.0,62.0
1500.0,79,349.7419355,55.161290323,89871.86681,31.0,66.0
1600.0,79,368.3548387,58.354838709999996,101419.6067,31.0,62.0
1700.0,79,389.7333333,59.9,115516.7478,30.0,64.0
1800.0,79,407.516129,57.48387097,127873.7908,31.0,64.0
1900.0,79,428.4375,52.8125,143222.8516,32.0,62.0
2000.0,79,451.8125,51.84375,161456.6846,32.0,66.0
2100.0,79,472.1290323,51.64516129,178195.6264,31.0,64.0
2200.0,79,490.1875,49.15625,193765.7471,32.0,62.0
2300.0,79,512.8,50.966666667,214184.7744,30.0,64.0
2400.0,79,530.5625,54.25,230958.3789,32.0,66.0
2500.0,79,547.8857143,51.514285713999996,247892.4776,35.0,64.0
2600.0,79,566.71875,50.4375,266998.458,32.0,62.0
2700.0,79,586.1714286,50.142857143,287479.8212,35.0,66.0
2800.0,79,606.7142857,52.75,309938.3584,28.0,64.0
2900.0,79,626.9375,54.34375,332875.7471,32.0,66.0
3000.0,79,647.53125,53.03125,357052.7832,32.0,64.0
3100.0,79,665.2,52.914285714,378479.5331,35.0,64.0
3200.0,79,681.9032258,54.870967742,399325.4131,31.0,62.0
3300.0,79,704.9259259,53.851851852,428942.8052,27.0,62.0
3400.0,79,725.2727273,54.181818182,456010.7438,33.0,66.0
3500.0,79,745.46875,52.0625,483681.0361,32.0,64.0
3600.0,79,764.4848485,53.515151515,510500.955,33.0,64.0
3700.0,79,781.46875,55.78125,535079.9551,32.0,62.0
3800.0,79,800.0645161,54.0,562612.7784,31.0,66.0
3900.0,79,820.8,53.6,594145.6,30.0,64.0
4000.0,79,842.6470588,54.264705882,628307.5476,34.0,64.0
4100.0,79,861.9677419,57.32258065,659345.2341,31.0,66.0
4200.0,79,881.1333333,58.73333333,690858.8889,30.0,64.0
4300.0,79,901.1,57.4,724425.97,30.0,62.0
4400.0,79,920.0625,57.84375,757070.2783,32.0,62.0
4500.0,79,939.1290323,59.806451609999996,790646.6025,31.0,64.0
4600.0,79,959.7272727,61.15151515,827728.067,33.0,62.0
4700.0,79,978.2068966,60.03448276,861668.7337,29.0,60.0
4800.0,79,996.5294118,58.55882353,895991.1808,34.0,64.0
4900.0,79,1017.6666667,61.18181818,936503.8108,33.0,64.0
5000.0,79,1036.6,57.566666670000004,973436.8144,30.0,64.0
5100.0,79,1054.0625,55.8125,1008175.289,32.0,66.0
5200.0,79,1073.727273,56.36363636,1048058.025,33.0,66.0
5300.0,79,1090.6875,55.84375,1083064.622,32.0,66.0
5400.0,79,1108.241379,55.0,1119899.817,29.0,66.0
5500.0,79,1126.833333,55.2,1159597.068,30.0,66.0
5600.0,79,1147.59375,57.40625,1204766.893,32.0,64.0
5700.0,79,1166.517241,58.34482759,1246680.386,29.0,62.0
5800.0,79,1184.758621,59.68965517,1287771.017,29.0,60.0
5900.0,79,1204.387097,60.25806452,1332714.797,31.0,62.0
6000.0,79,1225.096774,65.35483871,1381088.2,31.0,62.0
6100.0,79,1243.16129,68.61290323,1423980.305,31.0,64.0
6200.0,79,1263.064516,70.06451613,1471928.105,31.0,64.0
6300.0,79,1280.419355,71.09677419,1514376.863,31.0,62.0
6400.0,79,1296.625,69.09375,1554438.462,32.0,64.0
6500.0,79,1314.911765,70.55882353,1600424.438,34.0,66.0
6600.0,79,1333.375,69.0,1647412.391,32.0,66.0
6700.0,79,1351.7,70.16666667,1694829.584,30.0,66.0
6800.0,79,1372.0,70.1875,1748091.535,32.0,64.0
6900.0,79,1389.517241,65.58620690000001,1794549.37,29.0,64.0
7000.0,79,1413.0,66.82758620999999,1858052.168,29.0,62.0
7100.0,79,1434.060606,64.42424242,1915831.82,33.0,66.0
7200.0,79,1456.84375,65.3125,1979443.81,32.0,64.0
7300.0,79,1477.9375,66.625,2039281.895,32.0,62.0
7400.0,79,1495.942857,64.94285714,2090974.035,35.0,64.0
7500.0,79,1511.90625,62.84375,2137334.846,32.0,64.0
7600.0,79,1531.78125,61.28125,2195802.939,32.0,64.0
7700.0,79,1551.375,61.09375,2254249.962,32.0,66.0
7800.0,79,1570.451613,62.51612903,2311929.761,31.0,64.0
7900.0,79,1591.37931,58.862068969999996,2375928.715,29.0,62.0
8000.0,79,1610.228571,60.57142857,2434424.95,35.0,66.0
8100.0,79,1628.133333,61.76666667,2490643.272,30.0,64.0
8200.0,79,1648.225806,59.48387097,2554415.672,31.0,66.0
8300.0,79,1668.806452,60.806451609999996,2620651.107,31.0,64.0
8400.0,79,1683.59375,60.625,2668741.431,32.0,64.0
8500.0,79,1702.9,59.83333333,2732175.104,30.0,62.0
8600.0,79,1721.65625,56.9375,2794482.747,32.0,66.0
8700.0,79,1743.2,57.53333333,2866982.991,30.0,66.0
8800.0,79,1761.59375,59.8125,2929649.45,32.0,64.0
8900.0,79,1780.866667,60.4,2996007.578,30.0,64.0
9000.0,79,1799.206897,57.68965517,3059783.898,29.0,64.0
9100.0,79,1818.419355,57.29032258,3127360.163,31.0,64.0
9200.0,79,1839.064516,55.387096774,3200780.864,31.0,66.0
9300.0,79,1858.62069,54.931034483,3271133.114,29.0,62.0
9400.0,79,1879.035714,53.214285714,3345381.976,28.0,64.0
9500.0,79,1897.545455,57.51515152,3413480.684,33.0,66.0
9600.0,79,1916.176471,57.705882349999996,3482674.0,34.0,64.0
9700.0,79,1933.580645,59.90322581,3547974.121,31.0,64.0
9800.0,79,1950.575758,59.878787880000004,3612285.801,33.0,66.0
9900.0,79,1969.242424,59.3030303,3683578.029,33.0,66.0
10000.0,79,1985.966667,58.6,3748040.894,30.0,64.0
0.0,80,50.0,50.0,0.0,37.0,64.0
100.0,80,68.9,51.633333333,359.8777778,30.0,64.0
200.0,80,87.91428571,50.428571429,1437.676735,35.0,64.0
300.0,80,105.29032258000001,44.677419355,3085.349636,31.0,64.0
400.0,80,125.58064516,45.90322580645,5729.217482,31.0,64.0
500.0,80,140.90625,45.5625,8283.637695,32.0,66.0
600.0,80,161.0625,48.6875,12336.60156,32.0,64.0
700.0,80,177.8387097,49.64516129,16342.8616,31.0,64.0
800.0,80,197.6060606,45.9696969697,21803.79247,33.0,64.0
900.0,80,216.2258065,46.6451612903,27642.27367,31.0,64.0
1000.0,80,235.09375,44.03125,34295.32227,32.0,64.0
1100.0,80,255.21875,43.0625,42162.86426,32.0,64.0
1200.0,80,274.35294120000003,41.529411765,50405.99308,34.0,68.0
1300.0,80,294.34375,42.625,59758.25879,32.0,66.0
1400.0,80,312.7777778,40.444444444,69143.46914,36.0,66.0
1500.0,80,333.3125,40.875,80349.23828,32.0,64.0
1600.0,80,353.1875,40.09375,92020.79395,32.0,66.0
1700.0,80,373.2580645,36.645161290000004,104674.128,31.0,64.0
1800.0,80,391.71875,35.15625,116992.041,32.0,62.0
1900.0,80,409.8064516,36.677419355,129638.1738,31.0,66.0
2000.0,80,429.84375,36.15625,144472.9238,32.0,66.0
2100.0,80,450.3928571,35.607142859999996,160521.5944,28.0,62.0
2200.0,80,473.2285714,37.057142857,179289.9412,35.0,66.0
2300.0,80,493.0,34.28125,196496.0791,32.0,62.0
2400.0,80,509.8,34.03333333,211670.9744,30.0,62.0
2500.0,80,528.4375,33.3125,229180.9141,32.0,64.0
2600.0,80,546.7878788,36.545454545,246979.2213,33.0,62.0
2700.0,80,569.6666667,37.515151515,270209.3159,33.0,64.0
2800.0,80,589.4,36.8,291126.6,30.0,62.0
2900.0,80,610.3939394,37.03030303,314209.5803,33.0,66.0
3000.0,80,631.3225806,43.451612903,337978.8241,31.0,64.0
3100.0,80,651.6060606,42.424242424,361987.2443,33.0,66.0
3200.0,80,672.7058824,42.323529412,387821.5441,34.0,68.0
3300.0,80,690.030303,43.393939394,409682.4288,33.0,64.0
3400.0,80,709.2903226,46.5483870968,434675.6431,31.0,62.0
3500.0,80,729.8181818,42.666666667,462206.5381,33.0,64.0
3600.0,80,752.1515152,42.121212121,493078.8255,33.0,66.0
3700.0,80,770.7,41.6,519479.05,30.0,64.0
3800.0,80,790.4193548,40.870967742,548304.1602,31.0,64.0
3900.0,80,810.1875,42.1875,577946.0703,32.0,62.0
4000.0,80,830.4333333,44.366666667,609107.9222,30.0,62.0
4100.0,80,851.8064516,45.4516129032,642914.2737,31.0,64.0
4200.0,80,875.90625,43.21875,682167.1191,32.0,64.0
4300.0,80,899.3870968,39.516129032,721568.3517,31.0,64.0
4400.0,80,920.5625,38.78125,758004.9268,32.0,62.0
4500.0,80,940.3793103,39.965517241,792876.0071,29.0,62.0
4600.0,80,959.0967742,36.645161290000004,826635.2966,31.0,64.0
4700.0,80,978.0,34.433333329999996,861426.3211,30.0,60.0
4800.0,80,999.09375,36.96875,900948.7598,32.0,64.0
4900.0,80,1021.7096774,37.0,944388.6972,31.0,64.0
5000.0,80,1042.8666667,33.0,986073.2178,30.0,62.0
5100.0,80,1061.448276,33.96551724,1023284.719,29.0,62.0
5200.0,80,1078.103448,37.0,1057165.7,29.0,64.0
5300.0,80,1098.666667,38.7,1099829.468,30.0,64.0
5400.0,80,1116.83871,38.387096774,1138279.692,31.0,66.0
5500.0,80,1135.088235,37.323529412,1177577.171,34.0,64.0
5600.0,80,1156.617647,35.44117647,1224814.576,34.0,66.0
5700.0,80,1174.133333,34.63333333,1263911.886,30.0,62.0
5800.0,80,1190.542857,33.2,1301120.249,35.0,64.0
5900.0,80,1211.4,34.142857140000004,1349101.409,35.0,66.0
6000.0,80,1228.382353,34.08823529,1388838.154,34.0,64.0
6100.0,80,1246.59375,34.53125,1432075.885,32.0,64.0
6200.0,80,1266.59375,32.90625,1480392.549,32.0,62.0
6300.0,80,1285.612903,31.64516129,1527076.147,31.0,64.0
6400.0,80,1302.548387,31.483870969999998,1569220.309,31.0,64.0
6500.0,80,1324.387097,32.967741939999996,1624352.57,31.0,66.0
6600.0,80,1345.8,33.16666667,1679381.001,30.0,64.0
6700.0,80,1365.448276,34.48275862,1730644.951,29.0,62.0
6800.0,80,1383.483871,32.806451609999996,1778474.852,31.0,64.0
6900.0,80,1402.6875,33.4375,1830037.789,32.0,62.0
7000.0,80,1422.0,30.129032260000002,1882778.855,31.0,64.0
7100.0,80,1440.852941,29.05882353,1934910.437,34.0,66.0
7200.0,80,1456.75,27.28125,1979461.704,32.0,62.0
7300.0,80,1474.833333,31.3,2030499.718,30.0,66.0
7400.0,80,1492.193548,32.16129032,2080240.451,31.0,64.0
7500.0,80,1512.911765,33.52941176,2140382.112,34.0,66.0
7600.0,80,1532.125,36.5,2196876.766,32.0,64.0
7700.0,80,1550.638889,34.30555556,2252163.39,36.0,66.0
7800.0,80,1567.53125,31.0625,2303259.724,32.0,64.0
7900.0,80,1586.387097,30.93548387,2360848.767,31.0,64.0
8000.0,80,1603.882353,29.41176471,2414974.242,34.0,64.0
8100.0,80,1620.8125,30.125,2467846.926,32.0,62.0
8200.0,80,1642.925926,30.407407409999998,2537796.875,27.0,64.0
8300.0,80,1662.515152,28.78787879,2600655.068,33.0,64.0
8400.0,80,1681.866667,27.33333333,2663502.596,30.0,64.0
8500.0,80,1699.16129,29.90322581,2720136.842,31.0,64.0
8600.0,80,1720.588235,33.47058824,2791138.273,34.0,64.0
8700.0,80,1740.333333,30.26666667,2857616.182,30.0,66.0
8800.0,80,1761.969697,25.96969697,2931417.699,33.0,64.0
8900.0,80,1781.5,25.61764706,2998686.749,34.0,66.0
9000.0,80,1800.548387,24.70967742,3065059.256,31.0,60.0
9100.0,80,1822.310345,26.06896552,3141656.653,29.0,70.0
9200.0,80,1838.387097,24.83870968,3198961.498,31.0,68.0
9300.0,80,1861.6875,24.4375,3282865.039,32.0,64.0
9400.0,80,1883.066667,25.66666667,3360725.516,30.0,64.0
9500.0,80,1900.878788,23.33333333,3426463.399,33.0,68.0
9600.0,80,1922.181818,23.36363636,3505774.256,33.0,66.0
9700.0,80,1941.9375,18.1875,3580439.539,32.0,66.0
9800.0,80,1959.5,17.1875,3647266.91,32.0,64.0
9900.0,80,1978.258065,19.4516129,3719112.367,31.0,64.0
10000.0,80,1996.666667,18.3,3790516.001,30.0,60.0
0.0,81,50.0,50.0,0.0,37.0,64.0
100.0,81,70.17647059000001,49.852941176,407.1115917,34.0,64.0
200.0,81,91.03225806,47.419354839,1690.305931,31.0,64.0
300.0,81,108.63333333,48.366666667,3440.535556,30.0,62.0
400.0,81,128.64516129,42.64516129,6239.155047,31.0,64.0
500.0,81,145.59375,43.4375,9181.231445,32.0,64.0
600.0,81,167.4375,39.625,13899.20703,32.0,66.0
700.0,81,185.9393939,39.636363636,18586.92378,33.0,66.0
800.0,81,207.3571429,41.928571429,24826.41837,28.0,66.0
900.0,81,229.4193548,37.967741935,32336.08012,31.0,62.0
1000.0,81,251.5,37.466666667,40759.33444,30.0,64.0
1100.0,81,272.2142857,37.142857143,49544.4949,28.0,62.0
1200.0,81,290.27777779999997,36.083333333,57927.0841,36.0,66.0
1300.0,81,312.9090909,36.242424242,69310.46097,33.0,66.0
1400.0,81,331.8387097,35.22580645,79651.33507,31.0,62.0
1500.0,81,351.8275862,36.551724138,91280.74792,29.0,64.0
1600.0,81,370.4193548,38.096774194,102810.2497,31.0,64.0
1700.0,81,389.8965517,37.0,115698.6659,29.0,62.0
1800.0,81,411.483871,39.032258065,130790.8803,31.0,66.0
1900.0,81,431.4242424,37.666666667,145636.5638,33.0,66.0
2000.0,81,450.4375,37.6875,160501.7891,32.0,64.0
2100.0,81,467.8965517,35.31034483,174853.3139,29.0,62.0
2200.0,81,485.6764706,37.264705882,189976.1747,34.0,66.0
2300.0,81,503.862069,33.34482759,206268.1724,29.0,62.0
2400.0,81,523.8666667,33.7,224815.3078,30.0,68.0
2500.0,81,540.46875,35.21875,240778.0801,32.0,62.0
2600.0,81,562.3666667,38.2,262658.8411,30.0,62.0
2700.0,81,580.9677419,34.93548387,282153.6826,31.0,66.0
2800.0,81,598.96875,33.53125,301637.9082,32.0,64.0
2900.0,81,620.2142857,34.78571429,325375.8061,28.0,62.0
3000.0,81,638.7058824,33.5,346846.8659,34.0,62.0
3100.0,81,657.0,30.77419355,368818.6316,31.0,64.0
3200.0,81,676.1714286,29.45714286,392512.6669,35.0,66.0
3300.0,81,695.6551724,28.4137931,417336.566,29.0,62.0
3400.0,81,717.78125,27.09375,446456.4941,32.0,64.0
3500.0,81,736.3103448,32.44827586,471329.9524,29.0,66.0
3600.0,81,753.8823529,30.26470588,495839.8486,34.0,66.0
3700.0,81,772.3870968,29.0,522284.1176,31.0,66.0
3800.0,81,792.6666667,29.09090909,551990.9679,33.0,68.0
3900.0,81,813.0666667,28.93333333,582714.5422,30.0,70.0
4000.0,81,837.6129032,32.354838709999996,620645.437,31.0,64.0
4100.0,81,859.7741935,29.77419355,656143.3278,31.0,68.0
4200.0,81,878.6451613,27.96774194,687138.2237,31.0,64.0
4300.0,81,899.2,29.93333333,721543.3111,30.0,62.0
4400.0,81,919.6333333,34.36666667,756506.5356,30.0,66.0
4500.0,81,941.483871,33.4516129,795017.3413,31.0,64.0
4600.0,81,960.9032258,33.58064516,830014.282,31.0,64.0
4700.0,81,981.1290323,31.70967742,867335.8106,31.0,64.0
4800.0,81,998.6875,32.3125,900320.8203,32.0,66.0
4900.0,81,1020.7741935,32.77419355,942699.2633,31.0,62.0
5000.0,81,1040.4242424,34.121212119999996,981192.3159,33.0,64.0
5100.0,81,1058.34375,36.375,1016942.759,32.0,66.0
5200.0,81,1079.46875,36.75,1059981.47,32.0,64.0
5300.0,81,1097.096774,33.09677419,1096697.374,31.0,64.0
5400.0,81,1114.516129,31.903225810000002,1133522.082,31.0,64.0
5500.0,81,1133.258065,31.483870969999998,1173790.881,31.0,62.0
5600.0,81,1151.9375,32.53125,1214571.411,32.0,62.0
5700.0,81,1170.882353,30.70588235,1256749.512,34.0,66.0
5800.0,81,1188.6875,28.4375,1297074.164,32.0,62.0
5900.0,81,1206.5,24.65625,1338134.556,32.0,64.0
6000.0,81,1223.645161,25.29032258,1378053.533,31.0,62.0
6100.0,81,1243.484848,23.72727273,1425096.34,33.0,64.0
6200.0,81,1263.413793,25.79310345,1472959.007,29.0,62.0
6300.0,81,1282.066667,27.7,1518485.561,30.0,64.0
6400.0,81,1298.96875,27.71875,1560419.393,32.0,64.0
6500.0,81,1318.454545,26.87878788,1609511.524,33.0,66.0
6600.0,81,1339.034483,25.27586207,1662221.181,29.0,66.0
6700.0,81,1357.275862,27.03448276,1709497.595,29.0,64.0
6800.0,81,1376.060606,27.72727273,1758932.805,33.0,64.0
6900.0,81,1396.645161,29.74193548,1813863.58,31.0,64.0
7000.0,81,1414.233333,30.0,1861532.588,30.0,62.0
7100.0,81,1431.3125,28.75,1908475.785,32.0,64.0
7200.0,81,1451.121212,27.87878788,1963629.999,33.0,66.0
7300.0,81,1470.827586,27.10344828,2019275.282,29.0,64.0
7400.0,81,1492.733333,28.7,2081933.161,30.0,64.0
7500.0,81,1513.21875,25.90625,2141589.619,32.0,64.0
7600.0,81,1534.193548,24.0,2203506.489,31.0,62.0
7700.0,81,1554.16129,23.58064516,2263199.17,31.0,66.0
7800.0,81,1576.258065,25.22580645,2330077.44,31.0,64.0
7900.0,81,1597.677419,24.87096774,2395936.863,31.0,64.0
8000.0,81,1616.2,21.91428571,2453771.247,35.0,64.0
8100.0,81,1632.727273,21.81818182,2505819.835,33.0,64.0
8200.0,81,1654.266667,17.66666667,2574716.982,30.0,62.0
8300.0,81,1676.1,17.4,2645263.97,30.0,64.0
8400.0,81,1695.258065,21.16129032,2707705.77,31.0,62.0
8500.0,81,1711.84375,19.71875,2762641.604,32.0,64.0
8600.0,81,1728.774194,18.67741935,2819263.897,31.0,64.0
8700.0,81,1750.117647,20.58823529,2891265.066,34.0,66.0
8800.0,81,1770.0,19.9375,2959303.754,32.0,64.0
8900.0,81,1789.0,21.26666667,3024946.604,30.0,66.0
9000.0,81,1806.433333,20.43333333,3085932.242,30.0,66.0
9100.0,81,1825.83871,21.16129032,3154434.794,31.0,66.0
9200.0,81,1848.057143,19.94285714,3233912.921,35.0,66.0
9300.0,81,1867.151515,18.21212121,3303050.098,33.0,64.0
9400.0,81,1886.3,20.0,3372897.69,30.0,64.0
9500.0,81,1905.40625,18.625,3443516.743,32.0,66.0
9600.0,81,1922.25,19.42857143,3506254.675,28.0,62.0
9700.0,81,1943.259259,17.62962963,3585478.464,27.0,64.0
9800.0,81,1961.742857,17.31428571,3655829.108,35.0,66.0
9900.0,81,1979.970588,17.73529412,3725827.483,34.0,66.0
10000.0,81,1995.71875,16.375,3786952.095,32.0,64.0
0.0,82,50.0,50.0,0.0,37.0,64.0
100.0,82,70.45454545,46.3333333333,431.8328742,33.0,64.0
200.0,82,90.0,48.566666667,1602.054444,30.0,60.0
300.0,82,108.19354838999999,52.322580645,3391.883455,31.0,62.0
400.0,82,127.64516129,51.806451613,6032.034339,31.0,60.0
500.0,82,148.5,52.96875,9711.063477,32.0,68.0
600.0,82,165.5151515,49.727272727,13343.82461,33.0,66.0
700.0,82,185.9285714,47.25,18484.13903,28.0,60.0
800.0,82,204.0967742,47.451612903,23752.31009,31.0,60.0
900.0,82,223.125,51.375,29974.15625,32.0,66.0
1000.0,82,243.7,51.666666667,37522.46778,30.0,62.0
1100.0,82,265.06666670000004,55.233333333,46281.05889,30.0,60.0
1200.0,82,283.71875,54.65625,54646.13477,32.0,66.0
1300.0,82,304.1818182,53.818181818,64622.97521,33.0,66.0
1400.0,82,323.3333333,54.433333333,74730.76556,30.0,62.0
1500.0,82,341.4642857,53.285714286,84962.22577,28.0,62.0
1600.0,82,361.4,55.166666667,96996.65444,30.0,62.0
1700.0,82,379.0714286,54.75,108310.5676,28.0,64.0
1800.0,82,398.0,50.9375,121104.8789,32.0,66.0
1900.0,82,414.4193548,51.870967742,132804.9667,31.0,62.0
2000.0,82,435.8,51.7,148844.53,30.0,64.0
2100.0,82,457.6785714,49.464285714,166202.1046,28.0,60.0
2200.0,82,476.8709677,48.129032258,182222.3236,31.0,66.0
2300.0,82,496.0285714,51.142857143,198942.7927,35.0,66.0
2400.0,82,511.40625,50.96875,212896.666,32.0,64.0
2500.0,82,531.8387097,51.064516129,232169.6753,31.0,68.0
2600.0,82,550.2666667,49.066666667,250267.6089,30.0,62.0
2700.0,82,568.8666667,49.566666667,269222.8056,30.0,66.0
2800.0,82,589.0625,50.40625,290588.5439,32.0,64.0
2900.0,82,607.2903226,51.064516129,310573.6368,31.0,64.0
3000.0,82,626.5925926,53.148148148,332468.9287,27.0,62.0
3100.0,82,645.8484848,54.121212121,355052.4013,33.0,66.0
3200.0,82,668.1333333,52.433333333,382094.7389,30.0,66.0
3300.0,82,684.6,55.466666667,402747.0444,30.0,62.0
3400.0,82,704.7272727,51.454545455,428669.9174,33.0,64.0
3500.0,82,724.7,52.033333333,455224.2244,30.0,64.0
3600.0,82,742.6176471,50.235294118,479719.2604,34.0,66.0
3700.0,82,761.8275862,47.75862069,506703.5363,29.0,60.0
3800.0,82,781.90625,49.34375,535687.1895,32.0,62.0
3900.0,82,800.4375,50.8125,563157.1016,32.0,62.0
4000.0,82,817.25,46.59375,588684.165,32.0,64.0
4100.0,82,835.6060606,45.4848484848,617197.2691,33.0,64.0
4200.0,82,853.8484848,43.96969697,646208.7511,33.0,64.0
4300.0,82,872.9,45.6,677183.77,30.0,64.0
4400.0,82,893.3548387,47.096774194,711255.8127,31.0,62.0
4500.0,82,912.0967742,48.903225806,743212.051,31.0,64.0
4600.0,82,933.6875,47.96875,780907.7236,32.0,64.0
4700.0,82,952.8,50.7,815048.33,30.0,62.0
4800.0,82,970.3030303,50.454545455,846957.8742,33.0,64.0
4900.0,82,986.1666667,50.0,876408.0278,30.0,62.0
5000.0,82,1006.0666667,50.3,914063.5611,30.0,66.0
5100.0,82,1025.0,52.588235294,950631.699,34.0,64.0
5200.0,82,1044.6571429,49.514285714,989343.0678,35.0,66.0
5300.0,82,1066.857143,50.485714286000004,1033998.685,35.0,66.0
5400.0,82,1085.2,52.233333333,1071644.028,30.0,64.0
5500.0,82,1103.571429,56.54285714,1110055.564,35.0,64.0
5600.0,82,1119.516129,55.290322581,1143892.738,31.0,64.0
5700.0,82,1138.709677,54.580645161,1185309.744,31.0,64.0
5800.0,82,1156.6,56.94285714,1224611.763,35.0,66.0
5900.0,82,1177.5625,59.46875,1271486.849,32.0,64.0
6000.0,82,1198.931034,58.37931034,1320112.735,29.0,60.0
6100.0,82,1216.424242,57.96969697,1360609.029,33.0,64.0
6200.0,82,1237.466667,60.7,1410191.574,30.0,62.0
6300.0,82,1253.366667,62.13333333,1448238.552,30.0,62.0
6400.0,82,1273.03125,62.0625,1495950.942,32.0,64.0
6500.0,82,1291.928571,63.357142859999996,1542564.99,28.0,62.0
6600.0,82,1311.096774,58.61290323,1590439.256,31.0,64.0
6700.0,82,1331.470588,55.352941176,1642195.522,34.0,66.0
6800.0,82,1350.6,52.833333333,1691568.388,30.0,62.0
6900.0,82,1368.344828,53.310344828,1738044.043,29.0,64.0
7000.0,82,1383.1,53.733333333,1777169.548,30.0,64.0
7100.0,82,1403.1,51.5,1830881.86,30.0,68.0
7200.0,82,1423.818182,51.909090909,1887380.041,33.0,64.0
7300.0,82,1441.40625,52.40625,1936017.143,32.0,66.0
7400.0,82,1461.625,57.0,1992734.141,32.0,64.0
7500.0,82,1479.03125,59.96875,2042229.689,32.0,64.0
7600.0,82,1498.451613,63.354838709999996,2098190.427,31.0,62.0
7700.0,82,1516.766667,64.4,2151611.814,30.0,66.0
7800.0,82,1539.171429,65.28571429,2217865.197,35.0,66.0
7900.0,82,1553.517241,62.793103450000004,2260727.759,29.0,62.0
8000.0,82,1573.096774,64.74193548,2320041.108,31.0,64.0
8100.0,82,1595.344828,67.68965517000001,2388403.56,29.0,64.0
8200.0,82,1613.482759,69.55172414,2444860.606,29.0,64.0
8300.0,82,1628.909091,67.36363636,2493255.413,33.0,64.0
8400.0,82,1646.088235,67.0,2547786.655,34.0,66.0
8500.0,82,1666.625,67.75,2613791.453,32.0,68.0
8600.0,82,1684.129032,68.06451613,2670704.021,31.0,64.0
8700.0,82,1704.62069,66.89655172,2738055.12,29.0,66.0
8800.0,82,1720.903226,68.09677419,2792245.083,31.0,64.0
8900.0,82,1743.484848,71.18181818,2868339.601,33.0,66.0
9000.0,82,1762.166667,70.4,2931930.854,30.0,64.0
9100.0,82,1782.09375,66.96875,3000436.697,32.0,66.0
9200.0,82,1802.233333,68.1,3070649.264,30.0,66.0
9300.0,82,1821.1875,66.40625,3137374.325,32.0,64.0
9400.0,82,1841.424242,64.81818182,3209420.395,33.0,68.0
9500.0,82,1863.206897,62.37931034,3287872.497,29.0,64.0
9600.0,82,1880.941176,63.117647059999996,3352517.664,34.0,66.0
9700.0,82,1900.193548,67.83870968,3423534.386,31.0,66.0
9800.0,82,1918.333333,68.63636364,3491016.758,33.0,64.0
9900.0,82,1937.939394,68.24242423999999,3564647.941,33.0,64.0
10000.0,82,1959.314286,67.6,3645790.802,35.0,68.0
0.0,83,50.0,50.0,0.0,37.0,64.0
100.0,83,70.58064516,49.516129032,423.7970864,31.0,64.0
200.0,83,87.51724138,49.206896552,1408.172414,29.0,64.0
300.0,83,106.6875,47.375,3220.363281,32.0,62.0
400.0,83,126.33333333,44.0,5862.777778,30.0,66.0
500.0,83,146.2857143,42.785714286,9322.984694,28.0,60.0
600.0,83,163.93333330000002,41.266666667,13057.07556,30.0,62.0
700.0,83,186.03125,41.6875,18573.59863,32.0,66.0
800.0,83,205.9722222,40.305555556,24421.31636,36.0,64.0
900.0,83,227.59375,39.71875,31645.24414,32.0,66.0
1000.0,83,247.4545455,42.636363636,39042.52066,33.0,64.0
1100.0,83,266.9354839,42.064516129,47123.97607,31.0,66.0
1200.0,83,286.7666667,38.7,56186.14444,30.0,62.0
1300.0,83,305.1764706,39.5,65225.28114,34.0,64.0
1400.0,83,323.0909091,39.393939394,74691.13315,33.0,66.0
1500.0,83,342.5,40.066666667,85654.92111,30.0,64.0
1600.0,83,363.0882353,38.852941176,98148.5,34.0,66.0
1700.0,83,382.5483871,40.032258065,110687.7856,31.0,66.0
1800.0,83,408.0344828,39.103448276,128307.4257,29.0,60.0
1900.0,83,427.6333333,40.8,142691.5744,30.0,62.0
2000.0,83,447.0333333,41.666666667,157704.9122,30.0,62.0
2100.0,83,466.5806452,40.870967742,173622.7732,31.0,66.0
2200.0,83,485.9032258,43.0,190060.6223,31.0,62.0
2300.0,83,504.6333333,41.6,206762.0278,30.0,66.0
2400.0,83,526.71875,40.34375,227354.0098,32.0,66.0
2500.0,83,546.90625,43.90625,246952.9551,32.0,68.0
2600.0,83,564.46875,42.90625,264728.416,32.0,68.0
2700.0,83,583.9310345,45.6206896552,285101.5279,29.0,64.0
2800.0,83,605.0,45.8823529412,308041.955,34.0,66.0
2900.0,83,624.4193548,45.1612903226,329981.0083,31.0,66.0
3000.0,83,643.516129,45.5483870968,352281.2123,31.0,66.0
3100.0,83,662.7586207,41.413793103,375546.8502,29.0,64.0
3200.0,83,682.0277778,43.722222222,399498.5224,36.0,66.0
3300.0,83,700.3142857,45.8857142857,422925.5976,35.0,64.0
3400.0,83,721.6451613,48.806451613,451108.6472,31.0,62.0
3500.0,83,742.5806452,44.387096774,479699.4547,31.0,66.0
3600.0,83,760.1612903,44.709677419,504357.0458,31.0,66.0
3700.0,83,778.0,40.862068966,530067.5018,29.0,66.0
3800.0,83,796.3714286,40.342857143,557163.5698,35.0,68.0
3900.0,83,816.2666667,41.233333333,587241.4589,30.0,60.0
4000.0,83,834.6969697,40.424242424,615841.0294,33.0,66.0
4100.0,83,854.4516129,41.677419355,647211.6629,31.0,64.0
4200.0,83,870.3823529,38.794117647,673152.7768,34.0,66.0
4300.0,83,889.875,39.90625,705491.8994,32.0,66.0
4400.0,83,910.9,39.433333333,741260.4644,30.0,62.0
4500.0,83,931.2162162,37.081081081,776708.9182,37.0,66.0
4600.0,83,949.3214286,37.285714286,808940.6849,28.0,66.0
4700.0,83,970.3939394,36.515151515,847306.8448,33.0,62.0
4800.0,83,990.34375,36.15625,884438.0176,32.0,62.0
4900.0,83,1011.5588235,36.647058824,924773.6721,34.0,64.0
5000.0,83,1027.5,35.294117650000004,955722.513,34.0,62.0
5100.0,83,1047.71875,36.4375,995626.6455,32.0,64.0
5200.0,83,1066.823529,37.382352941,1034089.295,34.0,66.0
5300.0,83,1082.5,41.970588235,1066120.721,34.0,68.0
5400.0,83,1100.709677,41.451612903,1104063.901,31.0,62.0
5500.0,83,1118.53125,43.34375,1141803.338,32.0,64.0
5600.0,83,1139.484848,41.393939394,1187051.299,33.0,68.0
5700.0,83,1155.793103,39.24137931,1222894.136,29.0,60.0
5800.0,83,1175.8,42.371428571,1267483.835,35.0,66.0
5900.0,83,1194.454545,42.424242424,1309833.599,33.0,66.0
6000.0,83,1214.0625,44.34375,1355073.497,32.0,66.0
6100.0,83,1235.121212,47.151515152,1404520.401,33.0,64.0
6200.0,83,1257.322581,46.6774193548,1457638.853,31.0,66.0
6300.0,83,1274.806452,49.967741935,1500150.845,31.0,64.0
6400.0,83,1292.806452,47.064516129,1544576.493,31.0,62.0
6500.0,83,1312.969697,47.939393939,1595096.702,33.0,64.0
6600.0,83,1330.516129,45.5161290323,1639741.662,31.0,64.0
6700.0,83,1348.433333,45.8,1685946.761,30.0,62.0
6800.0,83,1367.030303,46.3939393939,1734581.823,33.0,64.0
6900.0,83,1386.09375,50.1875,1785146.544,32.0,64.0
7000.0,83,1404.21875,49.0,1833909.423,32.0,64.0
7100.0,83,1424.21875,50.65625,1888477.604,32.0,66.0
7200.0,83,1443.75,50.111111111,1942539.075,36.0,68.0
7300.0,83,1463.482759,50.724137931,1997934.033,29.0,64.0
7400.0,83,1483.147059,53.941176471,2053926.025,34.0,68.0
7500.0,83,1501.03125,53.09375,2105501.26,32.0,62.0
7600.0,83,1522.0,54.206896552,2166801.698,29.0,64.0
7700.0,83,1539.057143,57.37142857,2217345.513,35.0,66.0
7800.0,83,1558.8,55.257142857,2276505.078,35.0,66.0
7900.0,83,1578.290323,59.25806452,2335757.022,31.0,64.0
8000.0,83,1597.96875,59.96875,2396306.627,32.0,66.0
8100.0,83,1621.25,61.90625,2468968.321,32.0,64.0
8200.0,83,1642.205882,63.794117650000004,2535309.849,34.0,66.0
8300.0,83,1663.535714,65.14285714,2603726.807,28.0,64.0
8400.0,83,1683.064516,62.70967742,2667061.25,31.0,64.0
8500.0,83,1699.3,60.4,2720298.65,30.0,62.0
8600.0,83,1715.09375,59.46875,2772626.854,32.0,64.0
8700.0,83,1735.0,58.46666667,2839296.684,30.0,62.0
8800.0,83,1755.392857,54.071428571,2908381.374,28.0,62.0
8900.0,83,1775.558824,55.058823529,2977578.845,34.0,68.0
9000.0,83,1791.428571,51.171428571,3032574.842,35.0,68.0
9100.0,83,1812.0,51.483870968,3104646.202,31.0,64.0
9200.0,83,1834.275862,50.655172414,3183640.781,29.0,64.0
9300.0,83,1854.0,51.058823529,3254417.121,34.0,66.0
9400.0,83,1872.428571,49.057142857,3321246.787,35.0,64.0
9500.0,83,1892.612903,47.838709677,3395226.982,31.0,64.0
9600.0,83,1913.147059,48.147058824,3471320.396,34.0,66.0
9700.0,83,1931.137931,48.413793103,3538682.432,29.0,62.0
9800.0,83,1949.766667,48.8,3609114.828,30.0,62.0
9900.0,83,1969.34375,49.0625,3683881.31,32.0,66.0
10000.0,83,1991.909091,51.0,3771011.917,33.0,68.0
0.0,84,50.0,50.0,0.0,37.0,64.0
100.0,84,70.0625,48.6875,404.2265625,32.0,64.0
200.0,84,90.38888889,46.1388888889,1646.170525,36.0,64.0
300.0,84,109.03225806,48.838709677,3486.156087,31.0,66.0
400.0,84,130.26470588,49.852941176,6442.444637,34.0,66.0
500.0,84,151.55882350000002,49.588235294,10314.36419,34.0,64.0
600.0,84,169.1935484,51.096774194,14208.30489,31.0,60.0
700.0,84,187.3214286,52.928571429,18865.75128,28.0,62.0
800.0,84,204.1612903,53.161290323,23775.69719,31.0,64.0
900.0,84,224.4193548,55.645161290000004,30453.97919,31.0,62.0
1000.0,84,244.2333333,57.53333333,37783.33889,30.0,60.0
1100.0,84,262.8666667,54.833333333,45335.57889,30.0,62.0
1200.0,84,281.4,50.533333333,53546.24444,30.0,62.0
1300.0,84,297.9411765,50.970588235,61475.76903,34.0,66.0
1400.0,84,317.5,52.8125,71564.16016,32.0,62.0
1500.0,84,335.6176471,54.970588235,81602.14706,34.0,66.0
1600.0,84,354.5454545,51.181818182,92749.33058,33.0,66.0
1700.0,84,371.1818182,49.484848485,103158.0257,33.0,66.0
1800.0,84,390.5333333,49.166666667,115963.6456,30.0,62.0
1900.0,84,411.8709677,50.548387097,130950.898,31.0,66.0
2000.0,84,428.0882353,46.4705882353,142963.1704,34.0,68.0
2100.0,84,445.25,48.34375,156225.3057,32.0,64.0
2200.0,84,463.7,50.166666667,171147.7178,30.0,66.0
2300.0,84,482.9090909,50.333333333,187410.3921,33.0,68.0
2400.0,84,504.34375,51.34375,206430.0488,32.0,64.0
2500.0,84,525.5862069,49.172413793,226182.9251,29.0,64.0
2600.0,84,542.8928571,46.9285714286,242952.8023,28.0,62.0
2700.0,84,562.28125,46.84375,262442.041,32.0,66.0
2800.0,84,583.46875,44.75,284616.4697,32.0,64.0
2900.0,84,603.3939394,48.939393939,306245.977,33.0,64.0
3000.0,84,622.2121212,48.090909091,327430.3563,33.0,62.0
3100.0,84,637.9705882,44.764705882,345736.8209,34.0,66.0
3200.0,84,653.34375,46.21875,364037.9785,32.0,62.0
3300.0,84,675.3,44.5,391030.34,30.0,64.0
3400.0,84,697.0857143,45.1428571429,418743.5135,35.0,64.0
3500.0,84,718.125,44.6875,446419.2383,32.0,66.0
3600.0,84,739.0285714,43.571428571,474801.6988,35.0,68.0
3700.0,84,759.3548387,43.870967742,503221.8522,31.0,62.0
3800.0,84,776.8333333,45.0666666667,528311.0322,30.0,64.0
3900.0,84,798.75,44.9375,560652.1914,32.0,64.0
4000.0,84,819.1176471,47.088235294,591550.4334,34.0,68.0
4100.0,84,834.5806452,47.483870968,615573.1197,31.0,66.0
4200.0,84,856.0645161,47.903225806,649744.4006,31.0,66.0
4300.0,84,875.96875,49.1875,682225.0361,32.0,64.0
4400.0,84,899.1612903,47.580645161,721080.7503,31.0,62.0
4500.0,84,918.1212121,45.90909090909,753651.1745,33.0,66.0
4600.0,84,938.7333333,44.433333333,789877.9256,30.0,66.0
4700.0,84,957.5666667,44.633333333,823706.0556,30.0,62.0
4800.0,84,980.5806452,44.709677419,866008.3247,31.0,64.0
4900.0,84,1000.0714286,44.428571429,902666.7602,28.0,60.0
5000.0,84,1019.1875,50.15625,939324.4346,32.0,62.0
5100.0,84,1039.875,51.125,979853.7812,32.0,66.0
5200.0,84,1058.7,53.166666667,1017485.718,30.0,62.0
5300.0,84,1080.28125,53.65625,1061492.822,32.0,64.0
5400.0,84,1100.5625,56.3125,1103721.414,32.0,64.0
5500.0,84,1119.806452,58.48387097,1144557.82,31.0,66.0
5600.0,84,1141.033333,62.433333329999996,1190508.322,30.0,62.0
5700.0,84,1159.1875,64.4375,1230505.352,32.0,64.0
5800.0,84,1178.258065,63.06451613,1273136.942,31.0,64.0
5900.0,84,1198.0,62.4375,1318058.691,32.0,62.0
6000.0,84,1214.6,62.76666667,1356456.148,30.0,64.0
6100.0,84,1235.375,63.96875,1405309.017,32.0,66.0
6200.0,84,1258.03125,62.28125,1459490.33,32.0,62.0
6300.0,84,1275.84375,60.21875,1502797.322,32.0,64.0
6400.0,84,1295.181818,60.09090909,1550579.587,33.0,66.0
6500.0,84,1316.151515,61.36363636,1603268.792,33.0,64.0
6600.0,84,1334.882353,60.882352940000004,1651041.087,34.0,66.0
6700.0,84,1355.09375,58.90625,1703349.018,32.0,64.0
6800.0,84,1373.470588,58.35294118,1751644.17,34.0,66.0
6900.0,84,1393.628571,62.77142857,1805500.847,35.0,66.0
7000.0,84,1413.677419,64.41935484,1859824.022,31.0,64.0
7100.0,84,1433.78125,61.8125,1914990.083,32.0,64.0
7200.0,84,1454.28125,61.34375,1972134.51,32.0,66.0
7300.0,84,1472.53125,61.34375,2023723.838,32.0,66.0
7400.0,84,1492.125,64.8125,2079943.926,32.0,64.0
7500.0,84,1509.65625,65.03125,2130822.307,32.0,64.0
7600.0,84,1528.71875,64.8125,2186828.552,32.0,62.0
7700.0,84,1549.558824,65.70588235,2248923.34,34.0,66.0
7800.0,84,1570.878788,67.60606061,2313382.261,33.0,64.0
7900.0,84,1592.241379,68.58620690000001,2378853.919,29.0,66.0
8000.0,84,1612.866667,66.1,2442811.428,30.0,64.0
8100.0,84,1632.225806,65.16129032,2503668.367,31.0,64.0
8200.0,84,1651.333333,66.3,2564534.134,30.0,62.0
8300.0,84,1672.03125,67.59375,2631294.916,32.0,64.0
8400.0,84,1691.096774,65.19354839,2693429.466,31.0,64.0
8500.0,84,1712.03125,65.65625,2762592.994,32.0,62.0
8600.0,84,1733.035714,65.96428571,2832864.074,28.0,62.0
8700.0,84,1753.892857,66.07142857,2903509.159,28.0,64.0
8800.0,84,1773.575758,67.84848485,2971031.961,33.0,64.0
8900.0,84,1793.212121,66.39393939,3039057.261,33.0,66.0
9000.0,84,1813.633333,64.5,3110612.784,30.0,64.0
9100.0,84,1829.096774,64.87096774,3165406.478,31.0,66.0
9200.0,84,1848.53125,67.21875,3235011.143,32.0,70.0
9300.0,84,1868.909091,64.42424242,3308638.34,33.0,66.0
9400.0,84,1888.542857,62.68571429,3380400.765,35.0,68.0
9500.0,84,1909.6875,61.25,3458564.16,32.0,66.0
9600.0,84,1930.172414,60.793103450000004,3535164.797,29.0,60.0
9700.0,84,1949.3125,62.1875,3607536.508,32.0,62.0
9800.0,84,1969.333333,60.9,3683959.254,30.0,64.0
9900.0,84,1989.419355,61.0,3761468.434,31.0,66.0
10000.0,84,2008.9375,59.9375,3837534.883,32.0,64.0
0.0,85,50.0,50.0,0.0,37.0,64.0
100.0,85,71.22580645,49.548387097,450.7388137,31.0,62.0
200.0,85,90.88235294,51.235294118,1672.892734,34.0,66.0
300.0,85,110.89655172,50.448275862,3708.590963,29.0,62.0
400.0,85,132.51428571,50.942857143,6809.496327,35.0,66.0
500.0,85,151.25,53.4375,10263.37891,32.0,64.0
600.0,85,171.0344828,56.10344828,14686.5981,29.0,66.0
700.0,85,188.90625,56.8125,19341.35645,32.0,64.0
800.0,85,210.0333333,58.66666667,25685.77889,30.0,64.0
900.0,85,228.375,60.53125,31928.54785,32.0,64.0
1000.0,85,243.7096774,62.87096774,37689.10094,31.0,64.0
1100.0,85,266.3235294,60.117647059999996,46898.23616,34.0,68.0
1200.0,85,288.9032258,60.806451609999996,57191.5307,31.0,66.0
1300.0,85,307.5862069,59.89655172,66448.59572,29.0,66.0
1400.0,85,327.5,60.0625,77107.50391,32.0,64.0
1500.0,85,349.6969697,58.90909091,89897.64555,33.0,64.0
1600.0,85,371.2571429,57.54285714,103263.0465,35.0,66.0
1700.0,85,390.5517241,53.551724138,115988.0916,29.0,62.0
1800.0,85,410.5625,54.46875,130025.2861,32.0,64.0
1900.0,85,427.7096774,54.483870968,142684.7055,31.0,64.0
2000.0,85,447.2666667,51.533333333,157823.1556,30.0,60.0
2100.0,85,467.3823529,48.058823529,174211.7967,34.0,66.0
2200.0,85,486.8965517,47.551724138,190884.591,29.0,62.0
2300.0,85,505.3529412,45.5294117647,207366.2872,34.0,64.0
2400.0,85,526.7666667,44.933333333,227332.1256,30.0,64.0
2500.0,85,547.3103447999999,45.3793103448,247338.9298,29.0,66.0
2600.0,85,567.9677419,45.93548387097,268307.102,31.0,66.0
2700.0,85,589.0689655,45.5517241379,290615.1367,29.0,64.0
2800.0,85,608.46875,42.75,311939.9072,32.0,62.0
2900.0,85,624.625,44.46875,330224.4854,32.0,64.0
3000.0,85,641.2580645,45.0322580645,349610.7773,31.0,66.0
3100.0,85,658.969697,47.393939394,370850.8834,33.0,64.0
3200.0,85,680.0,47.424242424,396906.6345,33.0,66.0
3300.0,85,700.7272727,50.151515152,423446.0064,33.0,62.0
3400.0,85,720.5,50.1,449570.26,30.0,66.0
3500.0,85,739.9354839,50.064516129,476010.9761,31.0,64.0
3600.0,85,761.9354839,50.419354839,506852.3091,31.0,60.0
3700.0,85,781.5,48.8,535093.69,30.0,62.0
3800.0,85,803.2068966,44.862068966,567347.0273,29.0,60.0
3900.0,85,822.6060606,47.606060606,596925.8558,33.0,66.0
4000.0,85,844.5526316,46.8947368421,631323.527,38.0,68.0
4100.0,85,865.6875,43.90625,665383.2314,32.0,64.0
4200.0,85,885.4482759,44.0,698009.8216,29.0,66.0
4300.0,85,904.4848485,49.242424242,730144.9302,33.0,64.0
4400.0,85,922.46875,50.46875,761201.9395,32.0,64.0
4500.0,85,943.5714286,50.535714286,798470.1849,28.0,64.0
4600.0,85,966.09375,50.46875,839227.9785,32.0,64.0
4700.0,85,986.9333333,50.033333333,877844.0722,30.0,64.0
4800.0,85,1007.0967742,50.35483871,916034.3611,31.0,64.0
4900.0,85,1024.78125,49.0,950199.4854,32.0,64.0
5000.0,85,1042.625,50.5,985304.6406,32.0,64.0
5100.0,85,1061.242424,49.727272727,1022611.315,33.0,66.0
5200.0,85,1081.83871,47.677419355,1064696.517,31.0,64.0
5300.0,85,1101.0625,46.96875,1104741.567,32.0,64.0
5400.0,85,1118.575758,45.8484848485,1141871.385,33.0,64.0
5500.0,85,1137.59375,44.28125,1182892.869,32.0,66.0
5600.0,85,1155.586207,40.275862069,1222415.42,29.0,64.0
5700.0,85,1176.529412,38.970588235,1269190.163,34.0,66.0
5800.0,85,1194.678571,36.821428571,1310462.707,28.0,62.0
5900.0,85,1213.818182,36.303030303,1354660.367,33.0,66.0
6000.0,85,1233.411765,35.41176471,1400676.221,34.0,66.0
6100.0,85,1251.333333,35.23333333,1443419.832,30.0,64.0
6200.0,85,1268.903226,33.74193548,1485989.399,31.0,64.0
6300.0,85,1290.0,32.21875,1537916.173,32.0,66.0
6400.0,85,1309.5625,35.84375,1586698.091,32.0,64.0
6500.0,85,1329.0,37.296296296,1636002.384,27.0,60.0
6600.0,85,1350.030303,38.545454545,1690209.995,33.0,64.0
6700.0,85,1368.6,35.485714290000004,1738916.624,35.0,64.0
6800.0,85,1388.03125,34.0,1790583.626,32.0,64.0
6900.0,85,1408.419355,37.612903226,1845456.584,31.0,66.0
7000.0,85,1428.257143,39.571428571,1899701.507,35.0,66.0
7100.0,85,1451.033333,38.433333333,1963028.189,30.0,64.0
7200.0,85,1469.9375,35.4375,2016434.57,32.0,64.0
7300.0,85,1489.8,34.433333329999996,2073266.361,30.0,64.0
7400.0,85,1509.0,33.48484848,2128953.75,33.0,66.0
7500.0,85,1527.366667,33.5,2182884.518,30.0,60.0
7600.0,85,1546.969697,32.09090909,2241239.009,33.0,66.0
7700.0,85,1567.555556,30.88888889,2303340.099,27.0,66.0
7800.0,85,1590.21875,30.0625,2372671.302,32.0,64.0
7900.0,85,1607.277778,30.25,2425504.14,36.0,66.0
8000.0,85,1625.515152,27.72727273,2482744.067,33.0,66.0
8100.0,85,1646.030303,30.03030303,2547711.517,33.0,64.0
8200.0,85,1666.34375,27.1875,2613087.528,32.0,64.0
8300.0,85,1684.4,30.36666667,2671648.828,30.0,64.0
8400.0,85,1702.787879,30.18181818,2732100.533,33.0,66.0
8500.0,85,1722.75,28.875,2798538.828,32.0,64.0
8600.0,85,1745.25,26.25,2874436.625,32.0,66.0
8700.0,85,1763.71875,26.71875,2937373.971,32.0,64.0
8800.0,85,1784.1,22.83333333,3007840.838,30.0,62.0
8900.0,85,1804.967742,25.58064516,3080508.08,31.0,66.0
9000.0,85,1826.206897,28.17241379,3155387.383,29.0,64.0
9100.0,85,1844.142857,29.5,3219368.842,28.0,64.0
9200.0,85,1865.6,32.62857143,3296705.127,35.0,66.0
9300.0,85,1885.78125,30.59375,3370469.4,32.0,64.0
9400.0,85,1904.129032,29.48387097,3438215.38,31.0,62.0
9500.0,85,1922.818182,29.72727273,3507858.926,33.0,66.0
9600.0,85,1944.771429,29.65714286,3590572.598,35.0,64.0
9700.0,85,1965.09375,25.1875,3668199.731,32.0,66.0
9800.0,85,1982.34375,24.40625,3734607.408,32.0,66.0
9900.0,85,2000.333333,25.81818182,3804384.871,33.0,66.0
10000.0,85,2019.3,27.06666667,3878668.428,30.0,64.0
0.0,86,50.0,50.0,0.0,37.0,64.0
100.0,86,68.44827586,48.310344828,343.1938169,29.0,62.0
200.0,86,89.35483871,48.193548387,1552.066597,31.0,66.0
300.0,86,107.37142857,46.7714285714,3301.90449,35.0,64.0
400.0,86,126.63333333,46.8,5882.907778,30.0,62.0
500.0,86,144.61290323,50.677419355,8952.060354,31.0,64.0
600.0,86,163.67647060000002,50.588235294,12922.68599,34.0,66.0
700.0,86,186.6875,48.625,18685.36328,32.0,68.0
800.0,86,206.53125,46.3125,24515.62988,32.0,64.0
900.0,86,227.3333333,49.074074074,31447.96845,27.0,64.0
1000.0,86,249.6774194,50.451612903,39871.27575,31.0,64.0
1100.0,86,268.6129032,50.838709677,47792.30489,31.0,64.0
1200.0,86,287.4193548,51.0,56368.95005,31.0,62.0
1300.0,86,303.1666667,49.566666667,64093.54889,30.0,60.0
1400.0,86,324.8064516,53.741935484,75532.58793,31.0,64.0
1500.0,86,344.9705882,57.41176471,87062.58218,34.0,66.0
1600.0,86,362.9117647,57.117647059999996,97964.43339,34.0,66.0
1700.0,86,380.21875,56.53125,109087.0801,32.0,64.0
1800.0,86,401.3030303,57.24242424,123466.2718,33.0,62.0
1900.0,86,417.6285714,55.885714286,135185.4082,35.0,66.0
2000.0,86,439.2571429,54.942857143,151545.5551,35.0,68.0
2100.0,86,456.625,53.28125,165354.6572,32.0,62.0
2200.0,86,474.0322581,52.967741935,179812.1634,31.0,64.0
2300.0,86,490.90625,50.6875,194398.7939,32.0,64.0
2400.0,86,511.7586207,47.965517241,213225.1629,29.0,62.0
2500.0,86,533.0333333,48.433333333,233323.6556,30.0,66.0
2600.0,86,554.6333333,47.933333333,254659.0722,30.0,62.0
2700.0,86,573.9642857,45.7857142857,274556.3329,28.0,60.0
2800.0,86,589.4705882,44.588235294,291057.8028,34.0,64.0
2900.0,86,610.1724138,44.551724138,313822.8169,29.0,64.0
3000.0,86,630.6333333,46.03333333333,337150.8022,30.0,60.0
3100.0,86,651.9677419,46.3225806452,362378.6857,31.0,64.0
3200.0,86,670.7741935,49.548387097,385360.8033,31.0,66.0
3300.0,86,689.46875,52.09375,408924.666,32.0,64.0
3400.0,86,711.483871,51.64516129,437563.6181,31.0,68.0
3500.0,86,730.8823529,49.088235294,463601.6099,34.0,66.0
3600.0,86,753.6875,51.03125,495177.1611,32.0,64.0
3700.0,86,772.6060606,52.333333333,522164.9633,33.0,66.0
3800.0,86,792.125,52.3125,550754.8633,32.0,64.0
3900.0,86,812.53125,53.5,581466.1572,32.0,64.0
4000.0,86,831.8666667,54.6,611336.6444,30.0,66.0
4100.0,86,848.1724138,50.344827586,637079.321,29.0,64.0
4200.0,86,866.8214286,48.321428571,667200.0638,28.0,60.0
4300.0,86,884.6060606,50.96969697,696568.2167,33.0,68.0
4400.0,86,904.9393939,52.484848485,730927.5418,33.0,64.0
4500.0,86,928.8387097,53.483870968,772369.615,31.0,66.0
4600.0,86,947.3870968,53.548387097,805316.1925,31.0,64.0
4700.0,86,969.1612903,51.225806452,844858.9802,31.0,62.0
4800.0,86,988.7419355,50.709677419,881236.9251,31.0,62.0
4900.0,86,1006.6451613,49.451612903,915170.2653,31.0,64.0
5000.0,86,1026.030303,51.909090909,952638.7971,33.0,66.0
5100.0,86,1044.1290322999998,54.225806452,988310.3902,31.0,66.0
5200.0,86,1062.862069,53.896551724,1025904.754,29.0,62.0
5300.0,86,1079.793103,53.862068966,1060488.751,29.0,64.0
5400.0,86,1098.2,53.7,1098736.93,30.0,62.0
5500.0,86,1117.375,55.25,1139316.953,32.0,66.0
5600.0,86,1135.540541,53.864864865,1178413.202,37.0,68.0
5700.0,86,1153.129032,54.870967742,1216917.388,31.0,64.0
5800.0,86,1170.5,54.823529412,1255543.516,34.0,66.0
5900.0,86,1191.085714,54.428571429,1302096.22,35.0,64.0
6000.0,86,1212.548387,52.935483871,1351527.369,31.0,66.0
6100.0,86,1232.34375,51.53125,1397939.088,32.0,66.0
6200.0,86,1252.9,49.8,1446968.45,30.0,62.0
6300.0,86,1274.060606,46.4848484848,1498336.724,33.0,66.0
6400.0,86,1292.575758,46.9090909091,1544004.067,33.0,66.0
6500.0,86,1309.4,47.266666667,1586095.831,30.0,64.0
6600.0,86,1326.333333,48.606060606,1629028.721,33.0,64.0
6700.0,86,1347.8125,47.9375,1684321.539,32.0,64.0
6800.0,86,1368.225806,47.903225806,1737723.673,31.0,68.0
6900.0,86,1388.1,47.0,1790520.61,30.0,62.0
7000.0,86,1405.966667,44.833333333,1838672.296,30.0,64.0
7100.0,86,1426.266667,41.0,1894190.938,30.0,64.0
7200.0,86,1443.83871,41.483870968,1942858.873,31.0,66.0
7300.0,86,1464.266667,41.1,2000229.414,30.0,62.0
7400.0,86,1484.225806,40.35483871,2057096.693,31.0,66.0
7500.0,86,1503.09375,37.8125,2111629.981,32.0,64.0
7600.0,86,1525.833333,39.166666667,2178201.389,30.0,64.0
7700.0,86,1541.285714,39.228571429,2224049.105,35.0,66.0
7800.0,86,1562.451613,38.838709677,2287634.456,31.0,62.0
7900.0,86,1583.633333,38.933333333,2352153.672,30.0,64.0
8000.0,86,1605.1,40.066666667,2418434.681,30.0,66.0
8100.0,86,1625.515152,45.3939393939,2482269.208,33.0,66.0
8200.0,86,1643.392857,45.5714285714,2538920.409,28.0,60.0
8300.0,86,1663.84375,47.28125,2604499.041,32.0,68.0
8400.0,86,1683.233333,48.533333333,2667453.272,30.0,64.0
8500.0,86,1702.484848,48.212121212,2730709.371,33.0,66.0
8600.0,86,1721.484848,46.2121212121,2793875.947,33.0,66.0
8700.0,86,1740.821429,45.7142857143,2858895.471,28.0,62.0
8800.0,86,1761.709677,44.451612903,2929980.804,31.0,64.0
8900.0,86,1782.064516,40.741935484,3000133.2,31.0,62.0
9000.0,86,1799.035714,38.714285714,3059253.297,28.0,60.0
9100.0,86,1817.451613,38.806451613,3124010.499,31.0,62.0
9200.0,86,1837.37931,41.862068966,3194791.025,29.0,64.0
9300.0,86,1858.806452,40.806451613,3271865.301,31.0,64.0
9400.0,86,1875.727273,39.575757576,3333388.739,33.0,66.0
9500.0,86,1895.30303,41.909090909,3405208.736,33.0,66.0
9600.0,86,1915.257143,40.542857143,3479273.647,35.0,66.0
9700.0,86,1934.444444,39.814814815,3551234.602,27.0,60.0
9800.0,86,1952.333333,39.866666667,3618974.796,30.0,62.0
9900.0,86,1971.586207,42.0,3692557.551,29.0,62.0
10000.0,86,1992.37931,42.896551724,3772887.844,29.0,62.0
0.0,87,50.0,50.0,0.0,37.0,64.0
100.0,87,66.67741935000001,55.129032258,304.4432882,31.0,64.0
200.0,87,84.5,52.28125,1195.454102,32.0,62.0
300.0,87,105.93548387,53.322580645,3139.817898,31.0,68.0
400.0,87,124.75,53.15625,5597.524414,32.0,66.0
500.0,87,142.06451613000002,52.967741935,8484.682622,31.0,62.0
600.0,87,161.1515152,50.545454545,12354.95684,33.0,64.0
700.0,87,177.7878788,50.696969697,16330.22773,33.0,64.0
800.0,87,197.7272727,50.787878788,21823.96786,33.0,66.0
900.0,87,218.15625,53.09375,28286.0957,32.0,66.0
1000.0,87,237.6333333,51.533333333,35208.61889,30.0,64.0
1100.0,87,260.29032259999997,52.741935484,44229.53798,31.0,66.0
1200.0,87,279.96774189999996,54.096774194,52901.94589,31.0,64.0
1300.0,87,300.9166667,54.694444444,62981.21142,36.0,66.0
1400.0,87,319.09375,53.40625,72423.04883,32.0,64.0
1500.0,87,342.1290323,53.741935484,85353.37357,31.0,66.0
1600.0,87,362.90625,53.75,97924.38379,32.0,64.0
1700.0,87,382.4,54.3,110508.25,30.0,64.0
1800.0,87,402.0,55.848484848,123938.2048,33.0,64.0
1900.0,87,419.4137931,55.413793103,136495.8597,29.0,62.0
2000.0,87,440.0,53.212121212,152110.3177,33.0,64.0
2100.0,87,460.90625,52.03125,168848.0723,32.0,62.0
2200.0,87,478.5806452,52.129032258,183685.9022,31.0,64.0
2300.0,87,497.6451613,54.354838709999996,200405.155,31.0,62.0
2400.0,87,518.3,52.766666667,219312.5444,30.0,64.0
2500.0,87,539.21875,51.4375,239337.0518,32.0,68.0
2600.0,87,558.3928571,50.035714286,258463.2985,28.0,62.0
2700.0,87,576.7575758,52.272727273,277478.7089,33.0,66.0
2800.0,87,597.0294118,51.352941176,299243.0078,34.0,64.0
2900.0,87,614.862069,49.206896552,319069.786,29.0,66.0
3000.0,87,633.3225806,51.64516129,340267.9396,31.0,62.0
3100.0,87,654.1333333,50.5,364977.3344,30.0,66.0
3200.0,87,672.0588235,45.4705882353,386977.6955,34.0,66.0
3300.0,87,692.2413793,46.3793103448,412487.0987,29.0,66.0
3400.0,87,710.6,44.866666667,436418.7111,30.0,62.0
3500.0,87,732.862069,45.3793103448,466321.956,29.0,64.0
3600.0,87,752.030303,44.333333333,492878.6575,33.0,64.0
3700.0,87,771.0285714,47.228571429,519889.8816,35.0,66.0
3800.0,87,791.0909091,45.5454545455,549235.5785,33.0,64.0
3900.0,87,810.0322581,47.032258065,577657.8408,31.0,64.0
4000.0,87,827.2727273,45.4545454545,604173.5537,33.0,66.0
4100.0,87,847.0333333,42.266666667,635321.9389,30.0,66.0
4200.0,87,864.21875,45.75,662970.2354,32.0,66.0
4300.0,87,883.1875,48.03125,694205.2861,32.0,64.0
4400.0,87,902.8666667,46.7,727392.4411,30.0,66.0
4500.0,87,919.1481481,46.8148148148,755428.6488,27.0,62.0
4600.0,87,939.3793103,46.1034482759,791010.7408,29.0,64.0
4700.0,87,958.2222222,48.472222222,824869.939,36.0,68.0
4800.0,87,976.3030303,49.151515152,858038.0239,33.0,66.0
4900.0,87,994.6764706,49.705882353,892413.7206,34.0,66.0
5000.0,87,1014.0,51.2,929297.44,35.0,66.0
5100.0,87,1031.4,50.6,963146.32,30.0,62.0
5200.0,87,1048.666667,54.5,997355.3611,30.0,66.0
5300.0,87,1068.121212,51.424242424,1036572.831,33.0,64.0
5400.0,87,1086.4375,50.59375,1074203.044,32.0,66.0
5500.0,87,1103.0,51.258064516,1108810.583,31.0,64.0
5600.0,87,1123.5,52.125,1152406.766,32.0,66.0
5700.0,87,1144.3,53.966666667,1197508.224,30.0,64.0
5800.0,87,1166.0,55.787878788,1245489.5,33.0,66.0
5900.0,87,1187.655172,54.896551724,1294283.268,29.0,64.0
6000.0,87,1208.558824,54.558823529,1342279.33,34.0,64.0
6100.0,87,1226.25,56.80555556,1383610.378,36.0,68.0
6200.0,87,1244.3,54.9,1426376.5,30.0,64.0
6300.0,87,1264.064516,55.838709677,1473986.74,31.0,64.0
6400.0,87,1284.741935,57.58064516,1524645.113,31.0,66.0
6500.0,87,1305.666667,56.7037037,1576743.717,27.0,62.0
6600.0,87,1325.548387,53.129032258,1627033.479,31.0,66.0
6700.0,87,1343.709677,52.935483871,1673693.347,31.0,62.0
6800.0,87,1363.75,52.5,1725945.312,32.0,64.0
6900.0,87,1382.193548,55.064516129,1774765.3,31.0,62.0
7000.0,87,1401.676471,55.411764706,1827058.568,34.0,64.0
7100.0,87,1425.1,57.066666670000004,1890949.948,30.0,60.0
7200.0,87,1442.40625,58.125,1938861.181,32.0,64.0
7300.0,87,1459.705882,57.58823529,1987328.256,34.0,66.0
7400.0,87,1480.142857,56.74285714,2045354.058,35.0,68.0
7500.0,87,1501.0,59.96875,2105500.376,32.0,64.0
7600.0,87,1518.90625,62.1875,2157834.106,32.0,64.0
7700.0,87,1540.5,62.73333333,2221752.388,30.0,64.0
7800.0,87,1560.117647,62.94117647,2280622.782,34.0,66.0
7900.0,87,1582.125,62.96875,2347575.204,32.0,66.0
8000.0,87,1602.0,61.4516129,2408835.139,31.0,66.0
8100.0,87,1620.032258,61.06451613,2465123.715,31.0,64.0
8200.0,87,1638.366667,62.13333333,2523055.886,30.0,64.0
8300.0,87,1658.090909,63.42424242,2586136.582,33.0,64.0
8400.0,87,1676.741935,64.80645161,2646508.556,31.0,62.0
8500.0,87,1697.65625,63.125,2714943.384,32.0,64.0
8600.0,87,1714.78125,62.96875,2771664.799,32.0,66.0
8700.0,87,1734.636364,62.93939394,2838167.106,33.0,66.0
8800.0,87,1752.178571,61.107142859999996,2897535.258,28.0,66.0
8900.0,87,1767.096774,60.83870968,2948538.81,31.0,64.0
9000.0,87,1790.84375,61.53125,3030669.932,32.0,62.0
9100.0,87,1807.96875,61.125,3090577.892,32.0,68.0
9200.0,87,1825.481481,59.0,3152415.491,27.0,62.0
9300.0,87,1845.233333,59.26666667,3222948.592,30.0,64.0
9400.0,87,1863.266667,62.5,3288092.254,30.0,64.0
9500.0,87,1883.586207,57.17241379,3362089.822,29.0,64.0
9600.0,87,1904.176471,57.08823529,3438020.627,34.0,68.0
9700.0,87,1922.1875,53.71875,3505099.864,32.0,64.0
9800.0,87,1939.727273,54.545454545,3571089.826,33.0,68.0
9900.0,87,1959.242424,55.878787879,3645241.195,33.0,64.0
10000.0,87,1976.83871,58.16129032,3712774.02,31.0,62.0
0.0,88,50.0,50.0,0.0,37.0,64.0
100.0,88,66.9,51.2,287.05,30.0,62.0
200.0,88,83.83333333,51.9,1148.304444,30.0,64.0
300.0,88,105.09090909,52.272727273,3040.173554,33.0,64.0
400.0,88,123.15625,53.875,5366.852539,32.0,66.0
500.0,88,141.74193548,53.290322581,8427.408949,31.0,62.0
600.0,88,158.4705882,50.029411765,11765.86938,34.0,66.0
700.0,88,180.2580645,51.677419355,16969.97711,31.0,66.0
800.0,88,197.9375,53.46875,21897.53613,32.0,64.0
900.0,88,215.6363636,53.121212121,27445.14692,33.0,64.0
1000.0,88,237.2580645,53.516129032,35077.94589,31.0,64.0
1100.0,88,256.4827586,55.620689655,42666.72176,29.0,64.0
1200.0,88,277.1290323,59.41935484,51676.32154,31.0,62.0
1300.0,88,299.3571429,56.03571429,62215.41454,28.0,62.0
1400.0,88,319.0909091,51.090909091,72411.10744,33.0,66.0
1500.0,88,338.84375,48.03125,83434.58789,32.0,66.0
1600.0,88,359.9677419,50.064516129,96080.0052,31.0,62.0
1700.0,88,381.9032258,53.935483871,110175.2393,31.0,66.0
1800.0,88,402.4848485,57.45454545,124301.1387,33.0,68.0
1900.0,88,422.4193548,59.032258060000004,138777.7575,31.0,62.0
2000.0,88,440.71875,61.75,152799.2041,32.0,66.0
2100.0,88,462.9032258,59.70967742,170583.3517,31.0,62.0
2200.0,88,482.6857143,62.74285714,187379.3078,35.0,66.0
2300.0,88,503.3448276,60.206896549999996,205625.7134,29.0,66.0
2400.0,88,520.8,57.1,221703.05,30.0,62.0
2500.0,88,539.4117647,60.58823529,239635.9862,34.0,64.0
2600.0,88,558.875,60.8125,259070.6758,32.0,64.0
2700.0,88,579.2333333,63.76666667,280277.4422,30.0,64.0
2800.0,88,601.1818182,64.78787879000001,304020.0781,33.0,64.0
2900.0,88,621.5483871,67.58064516,326976.6379,31.0,66.0
3000.0,88,640.5588235,69.58823529,349143.423,34.0,66.0
3100.0,88,660.1333333,67.76666667,372578.3389,30.0,64.0
3200.0,88,678.6333333,64.5,395390.1178,30.0,64.0
3300.0,88,697.96875,66.90625,420149.3223,32.0,64.0
3400.0,88,717.8235294,63.17647059,446161.8858,34.0,62.0
3500.0,88,739.1034483,62.24137931,475013.4138,29.0,62.0
3600.0,88,760.0606061,64.81818182,504405.6428,33.0,66.0
3700.0,88,780.7647059,62.67647059,534177.7483,34.0,66.0
3800.0,88,801.21875,61.5625,564463.3018,32.0,64.0
3900.0,88,821.53125,63.09375,595431.916,32.0,66.0
4000.0,88,841.03125,60.84375,625848.0254,32.0,64.0
4100.0,88,860.4,65.53333333,656989.4444,30.0,64.0
4200.0,88,881.3571429,67.35714286,691455.9694,28.0,66.0
4300.0,88,900.0322581,66.61290323,722830.8283,31.0,64.0
4400.0,88,919.25,63.03125,755765.376,32.0,62.0
4500.0,88,937.1875,65.46875,787340.9424,32.0,64.0
4600.0,88,955.6363636,70.03030303,820578.4362,33.0,64.0
4700.0,88,974.6451613,71.35483871,855424.7034,31.0,68.0
4800.0,88,994.0909091,69.63636364,891693.2314,33.0,66.0
4900.0,88,1014.5806452,68.58064516,930761.0614,31.0,62.0
5000.0,88,1037.6666667,69.57575758,975868.6547,33.0,62.0
5100.0,88,1058.714286,69.42857143,1017881.98,35.0,66.0
5200.0,88,1080.0,70.09375,1061303.759,32.0,64.0
5300.0,88,1098.935484,70.25806452,1100676.039,31.0,62.0
5400.0,88,1115.75,66.78571429,1136104.823,28.0,62.0
5500.0,88,1134.40625,70.40625,1176353.33,32.0,66.0
5600.0,88,1153.0,76.60606061,1217316.882,33.0,66.0
5700.0,88,1173.645161,76.51612903,1263281.554,31.0,62.0
5800.0,88,1193.233333,75.13333333,1307614.139,30.0,64.0
5900.0,88,1214.30303,73.33333333,1356145.991,33.0,66.0
6000.0,88,1235.909091,73.15151515,1406916.365,33.0,62.0
6100.0,88,1255.28125,73.3125,1453246.364,32.0,68.0
6200.0,88,1276.470588,74.14705882,1504813.184,34.0,68.0
6300.0,88,1297.290323,71.74193548,1556205.861,31.0,62.0
6400.0,88,1316.09375,72.78125,1603512.369,32.0,64.0
6500.0,88,1336.5,71.14285714,1655529.27,28.0,62.0
6600.0,88,1357.7,74.13333333,1710661.708,30.0,60.0
6700.0,88,1375.37931,72.0,1757114.316,29.0,62.0
6800.0,88,1394.969697,69.90909091,1809339.858,33.0,64.0
6900.0,88,1413.441176,73.35294118,1859517.202,34.0,64.0
7000.0,88,1429.548387,73.06451613,1903685.724,31.0,64.0
7100.0,88,1453.5,76.82352940999999,1970531.752,34.0,64.0
7200.0,88,1475.058824,76.76470588000001,2031509.0,34.0,64.0
7300.0,88,1496.545455,77.09090909,2093227.669,33.0,66.0
7400.0,88,1515.852941,79.91176471,2149619.559,34.0,64.0
7500.0,88,1535.733333,77.4,2208154.298,30.0,66.0
7600.0,88,1553.935484,77.5483871,2262580.853,31.0,64.0
7700.0,88,1577.2,78.93333333000001,2333176.978,30.0,64.0
7800.0,88,1598.878788,82.36363636,2400072.904,33.0,66.0
7900.0,88,1617.939394,82.42424242,2459485.275,33.0,64.0
8000.0,88,1634.69697,80.66666667,2512204.93,33.0,66.0
8100.0,88,1652.030303,77.66666667,2567266.536,33.0,64.0
8200.0,88,1671.466667,75.8,2629819.791,30.0,64.0
8300.0,88,1690.28125,75.03125,2691149.143,32.0,64.0
8400.0,88,1708.818182,72.39393939,2752179.249,33.0,64.0
8500.0,88,1728.151515,70.87878788,2816628.432,33.0,66.0
8600.0,88,1747.75,70.34375,2882768.931,32.0,64.0
8700.0,88,1767.21875,70.84375,2949274.697,32.0,66.0
8800.0,88,1787.222222,68.2962963,3018275.804,27.0,62.0
8900.0,88,1805.714286,66.82857143,3082815.854,35.0,66.0
9000.0,88,1826.75,67.4375,3157144.629,32.0,66.0
9100.0,88,1846.764706,66.73529411999999,3228643.478,34.0,66.0
9200.0,88,1865.787879,67.54545455,3297393.464,33.0,68.0
9300.0,88,1886.233333,66.63333333,3372029.522,30.0,66.0
9400.0,88,1908.580645,65.16129032,3454551.879,31.0,64.0
9500.0,88,1929.21875,61.25,3531589.673,32.0,66.0
9600.0,88,1947.96875,60.96875,3602405.689,32.0,64.0
9700.0,88,1966.59375,65.40625,3673568.955,32.0,64.0
9800.0,88,1985.451613,64.74193548,3746190.271,31.0,64.0
9900.0,88,2007.0,67.53333333,3830156.418,30.0,64.0
10000.0,88,2025.0625,66.03125,3901128.88,32.0,66.0
0.0,89,50.0,50.0,0.0,37.0,64.0
100.0,89,69.34375,50.84375,374.8925781,32.0,64.0
200.0,89,85.75,48.625,1279.953125,32.0,64.0
300.0,89,105.15625,51.4375,3044.27832,32.0,62.0
400.0,89,125.03448276,49.689655172,5630.269917,29.0,66.0
500.0,89,143.57575758000002,49.636363636,8756.554637,33.0,64.0
600.0,89,161.6,48.633333333,12456.42778,30.0,64.0
700.0,89,180.5806452,45.8387096774,17068.62123,31.0,62.0
800.0,89,201.1875,47.40625,22864.3877,32.0,64.0
900.0,89,219.4285714,45.5428571429,28725.90694,35.0,66.0
1000.0,89,236.3333333,43.333333333,34764.55556,33.0,64.0
1100.0,89,256.8064516,43.806451613,42807.26847,31.0,66.0
1200.0,89,275.27272730000004,44.181818182,50781.65289,33.0,66.0
1300.0,89,296.375,45.125,60724.40625,32.0,64.0
1400.0,89,314.7419355,48.0,70092.2924,31.0,66.0
1500.0,89,334.9032258,48.870967742,81171.12279,31.0,64.0
1600.0,89,354.9032258,48.838709677,92967.3257,31.0,66.0
1700.0,89,375.5428571,51.8,105981.3918,35.0,68.0
1800.0,89,394.4193548,53.258064516,118635.307,31.0,68.0
1900.0,89,414.0882353,55.0,132585.2431,34.0,64.0
2000.0,89,432.375,55.8125,146244.4258,32.0,64.0
2100.0,89,451.1875,53.875,160966.4258,32.0,64.0
2200.0,89,470.28125,53.59375,176649.2441,32.0,64.0
2300.0,89,489.3939394,55.636363636,193098.8026,33.0,66.0
2400.0,89,510.2121212,55.878787879,211829.7567,33.0,66.0
2500.0,89,530.7647059000001,56.705882349999996,231179.6713,34.0,66.0
2600.0,89,552.7,51.533333333,252709.6411,30.0,60.0
2700.0,89,572.8387097,52.774193548,273368.0125,31.0,66.0
2800.0,89,591.15625,53.65625,292863.4551,32.0,64.0
2900.0,89,614.3030303,55.181818182,318464.7612,33.0,64.0
3000.0,89,631.2666667,54.8,337893.9778,30.0,60.0
3100.0,89,651.2727273,54.0,361544.8926,33.0,66.0
3200.0,89,673.28125,54.09375,388496.2754,32.0,66.0
3300.0,89,695.75,56.90625,417040.7588,32.0,64.0
3400.0,89,716.7272727,56.57575758,444568.4968,33.0,68.0
3500.0,89,737.0,58.51612903,472041.5245,31.0,64.0
3600.0,89,754.0967742,58.16129032,495818.8741,31.0,62.0
3700.0,89,773.34375,58.625,523300.5713,32.0,64.0
3800.0,89,793.9705882,56.02941176,553528.59,34.0,64.0
3900.0,89,814.2424242,54.363636364,584085.5243,33.0,64.0
4000.0,89,838.0,52.40625,620949.79,32.0,64.0
4100.0,89,855.1666667,51.233333333,648294.8822,30.0,64.0
4200.0,89,875.6060606,52.303030303,681630.6713,33.0,66.0
4300.0,89,896.0967742,51.580645161,715882.2497,31.0,66.0
4400.0,89,913.9354839,50.161290323,746384.5463,31.0,68.0
4500.0,89,933.3225806,47.838709677,780263.4527,31.0,66.0
4600.0,89,956.1212121,47.515151515,821061.8255,33.0,64.0
4700.0,89,978.0967742,47.548387097,861369.6327,31.0,60.0
4800.0,89,997.2258065,48.64516129,897238.564,31.0,62.0
4900.0,89,1016.9,47.4,934902.37,30.0,64.0
5000.0,89,1036.4516128999999,46.9677419355,973095.9792,31.0,64.0
5100.0,89,1056.212121,47.090909091,1012471.296,33.0,66.0
5200.0,89,1075.967742,46.8064516129,1052620.006,31.0,64.0
5300.0,89,1093.966667,45.6333333333,1089885.469,30.0,64.0
5400.0,89,1110.896552,48.24137931,1125504.586,29.0,66.0
5500.0,89,1131.852941,47.911764706,1170410.147,34.0,66.0
5600.0,89,1151.4375,46.59375,1213176.169,32.0,64.0
5700.0,89,1170.757576,48.484848485,1256099.839,33.0,64.0
5800.0,89,1189.771429,46.6571428571,1299090.084,35.0,64.0
5900.0,89,1211.3125,45.03125,1348671.411,32.0,64.0
6000.0,89,1229.125,46.15625,1390350.54,32.0,66.0
6100.0,89,1246.633333,48.8,1431932.774,30.0,66.0
6200.0,89,1268.3125,49.40625,1484285.7,32.0,64.0
6300.0,89,1287.75,48.428571429,1532027.532,28.0,62.0
6400.0,89,1306.4375,47.65625,1578640.685,32.0,66.0
6500.0,89,1327.125,48.21875,1631051.438,32.0,62.0
6600.0,89,1347.322581,47.193548387,1683053.754,31.0,64.0
6700.0,89,1368.875,49.125,1739432.031,32.0,64.0
6800.0,89,1387.515152,46.8484848485,1788956.713,33.0,64.0
6900.0,89,1407.655172,44.482758621,1843258.007,29.0,66.0
7000.0,89,1428.2,43.3,1899480.13,30.0,62.0
7100.0,89,1447.032258,43.516129032,1951741.171,31.0,66.0
7200.0,89,1466.352941,45.2352941176,2006078.356,34.0,68.0
7300.0,89,1488.8,42.033333333,2070208.908,30.0,64.0
7400.0,89,1509.37931,40.379310345,2129880.529,29.0,64.0
7500.0,89,1527.032258,36.806451613,2181798.361,31.0,62.0
7600.0,89,1546.588235,36.882352941,2239948.419,34.0,66.0
7700.0,89,1565.0625,37.34375,2295574.56,32.0,66.0
7800.0,89,1585.111111,35.77777778,2356768.395,27.0,62.0
7900.0,89,1606.758621,35.48275862,2423708.153,29.0,66.0
8000.0,89,1627.0,32.5862069,2487232.24,29.0,62.0
8100.0,89,1649.09375,33.28125,2557380.338,32.0,66.0
8200.0,89,1668.875,33.34375,2621033.696,32.0,66.0
8300.0,89,1688.965517,32.137931030000004,2686527.02,29.0,62.0
8400.0,89,1707.625,34.09375,2747973.649,32.0,66.0
8500.0,89,1727.0,34.40625,2812572.165,32.0,66.0
8600.0,89,1746.970588,30.79411765,2880078.043,34.0,66.0
8700.0,89,1765.419355,28.80645161,2943112.729,31.0,64.0
8800.0,89,1782.5,30.23529412,3001946.894,34.0,68.0
8900.0,89,1801.275862,32.65517241,3067267.988,29.0,66.0
9000.0,89,1817.966667,36.7,3125883.024,30.0,62.0
9100.0,89,1837.242424,40.939393939,3194317.578,33.0,68.0
9200.0,89,1857.366667,43.7,3266613.958,30.0,64.0
9300.0,89,1876.516129,42.258064516,3336221.107,31.0,66.0
9400.0,89,1893.75,43.65625,3399454.306,32.0,66.0
9500.0,89,1911.852941,40.558823529,3466585.51,34.0,66.0
9600.0,89,1933.741935,40.35483871,3548576.709,31.0,68.0
9700.0,89,1954.129032,39.387096774,3625820.005,31.0,68.0
9800.0,89,1972.758621,41.0,3697081.713,29.0,64.0
9900.0,89,1992.30303,37.636363636,3772693.921,33.0,66.0
10000.0,89,2012.4375,39.15625,3851278.528,32.0,64.0
0.0,90,50.0,50.0,0.0,37.0,64.0
100.0,90,67.94117647,52.205882353,326.7517301,34.0,66.0
200.0,90,87.86666667,53.533333333,1446.368889,30.0,62.0
300.0,90,106.78787879000001,54.272727273,3243.119376,33.0,64.0
400.0,90,124.42857143,55.285714286,5567.55102,28.0,58.0
500.0,90,147.75,57.84375,9616.586914,32.0,66.0
600.0,90,166.9393939,58.66666667,13749.93297,33.0,64.0
700.0,90,189.8148148,56.111111109999996,19585.52812,27.0,62.0
800.0,90,208.5,56.46666667,25164.06778,30.0,64.0
900.0,90,226.78125,57.25,31304.17285,32.0,66.0
1000.0,90,242.6969697,61.09090909,37255.13039,33.0,66.0
1100.0,90,260.46875,62.09375,44443.35352,32.0,64.0
1200.0,90,280.2941176,62.94117647,53202.85467,34.0,68.0
1300.0,90,300.09375,64.1875,62748.16895,32.0,66.0
1400.0,90,319.0571429,63.31428571,72569.01633,35.0,66.0
1500.0,90,338.4666667,64.43333333,83421.33889,30.0,64.0
1600.0,90,356.9,60.66666667,94301.38778,30.0,66.0
1700.0,90,373.84375,59.9375,104973.5283,32.0,64.0
1800.0,90,394.3793103,54.206896552,118614.8074,29.0,62.0
1900.0,90,412.5806452,54.193548387,131482.3101,31.0,66.0
2000.0,90,429.3939394,52.060606061,143944.0073,33.0,66.0
2100.0,90,446.2903226,50.548387097,157046.3205,31.0,60.0
2200.0,90,463.7941176,47.705882353,171230.8348,34.0,66.0
2300.0,90,484.2580645,50.870967742,188580.8252,31.0,62.0
2400.0,90,503.8529412,51.147058824,205983.808,34.0,66.0
2500.0,90,523.7647059000001,52.205882353,224457.8625,34.0,64.0
2600.0,90,541.3333333,52.833333333,241416.4722,30.0,64.0
2700.0,90,559.46875,54.09375,259575.166,32.0,66.0
2800.0,90,577.4137931,57.0,278214.3092,29.0,62.0
2900.0,90,599.84375,58.625,302402.54,32.0,66.0
3000.0,90,619.9722222,60.08333333,324970.0077,36.0,64.0
3100.0,90,639.625,60.65625,347771.1963,32.0,66.0
3200.0,90,658.7096774,60.70967742,370642.1686,31.0,60.0
3300.0,90,678.7142857,58.05714286,395346.5706,35.0,66.0
3400.0,90,699.34375,59.53125,421738.1504,32.0,64.0
3500.0,90,717.6451613,58.29032258,445818.7908,31.0,62.0
3600.0,90,736.3333333,58.46666667,471125.1289,30.0,64.0
3700.0,90,755.483871,58.70967742,497783.3507,31.0,64.0
3800.0,90,773.2258065,60.16129032,523158.8189,31.0,64.0
3900.0,90,793.2222222,60.08333333,552480.9452,36.0,66.0
4000.0,90,812.9117647,57.117647059999996,582085.0216,34.0,66.0
4100.0,90,833.516129,56.5483871,613940.4058,31.0,64.0
4200.0,90,854.1111111,54.62962963,646616.1125,27.0,66.0
4300.0,90,874.3823529,56.76470588,679652.0251,34.0,64.0
4400.0,90,893.7058824,57.794117650000004,711900.3642,34.0,66.0
4500.0,90,915.5333333,59.23333333,749233.2056,30.0,60.0
4600.0,90,934.6071429,59.107142859999996,782612.7372,28.0,64.0
4700.0,90,950.6774194,58.90322581,811299.0812,31.0,64.0
4800.0,90,967.5925926,61.92592593,842118.3937,27.0,64.0
4900.0,90,989.1666667,61.73333333,882171.6989,30.0,64.0
5000.0,90,1007.7586207,59.34482759,917388.9013,29.0,62.0
5100.0,90,1024.4375,59.09375,949611.1377,32.0,62.0
5200.0,90,1045.5333332999999,58.26666667,991154.9556,30.0,64.0
5300.0,90,1064.0,58.53333333,1028268.818,30.0,62.0
5400.0,90,1082.166667,53.866666667,1065382.979,30.0,64.0
5500.0,90,1101.4375,55.1875,1105547.727,32.0,66.0
5600.0,90,1121.033333,52.966666667,1147121.202,30.0,62.0
5700.0,90,1139.666667,52.545454545,1187379.924,33.0,64.0
5800.0,90,1157.689655,52.344827586,1226981.87,29.0,66.0
5900.0,90,1176.75,53.53125,1269578.032,32.0,64.0
6000.0,90,1195.69697,55.03030303,1312646.85,33.0,68.0
6100.0,90,1216.290323,55.870967742,1360267.585,31.0,66.0
6200.0,90,1235.371429,53.171428571,1405115.482,35.0,68.0
6300.0,90,1256.689655,52.931034483,1456108.515,29.0,62.0
6400.0,90,1277.5625,53.78125,1506923.989,32.0,66.0
6500.0,90,1298.771429,49.742857143,1559430.147,35.0,64.0
6600.0,90,1319.757576,47.0,1612293.301,33.0,64.0
6700.0,90,1339.0,43.78125,1661559.673,32.0,64.0
6800.0,90,1359.774194,43.806451613,1715546.798,31.0,66.0
6900.0,90,1378.25,44.821428571,1764274.88,28.0,62.0
7000.0,90,1396.333333,44.333333333,1812645.556,30.0,66.0
7100.0,90,1413.28125,45.90625,1858552.525,32.0,66.0
7200.0,90,1434.794118,43.882352941,1917692.174,34.0,66.0
7300.0,90,1454.3125,44.21875,1972127.021,32.0,66.0
7400.0,90,1473.451613,45.5483870968,2026234.311,31.0,64.0
7500.0,90,1492.2,46.8333333333,2079950.868,30.0,68.0
7600.0,90,1511.125,47.8125,2134891.051,32.0,64.0
7700.0,90,1532.193548,49.322580645,2196898.174,31.0,64.0
7800.0,90,1552.34375,48.09375,2257040.377,32.0,64.0
7900.0,90,1573.3125,44.34375,2320512.966,32.0,62.0
8000.0,90,1587.2,42.533333333,2363039.591,30.0,64.0
8100.0,90,1604.612903,45.0322580645,2416845.957,31.0,64.0
8200.0,90,1623.96875,44.9375,2477403.255,32.0,64.0
8300.0,90,1641.375,42.75,2532526.953,32.0,66.0
8400.0,90,1659.1875,43.28125,2589529.552,32.0,66.0
8500.0,90,1678.970588,42.647058824,2653599.243,34.0,66.0
8600.0,90,1699.2,46.06666666667,2719876.111,30.0,62.0
8700.0,90,1716.655172,45.5517241379,2777759.251,29.0,64.0
8800.0,90,1736.181818,46.2727272727,2843223.017,33.0,64.0
8900.0,90,1756.448276,44.827586207,2911992.472,29.0,62.0
9000.0,90,1775.612903,44.870967742,2977766.199,31.0,66.0
9100.0,90,1793.058824,44.764705882,3038281.471,34.0,68.0
9200.0,90,1808.322581,43.935483871,3091735.076,31.0,64.0
9300.0,90,1827.515152,43.363636364,3159604.155,33.0,66.0
9400.0,90,1848.064516,42.903225806,3233086.368,31.0,64.0
9500.0,90,1869.848485,42.090909091,3311911.062,33.0,68.0
9600.0,90,1892.676471,41.529411765,3395528.326,34.0,66.0
9700.0,90,1911.193548,39.967741935,3464142.071,31.0,64.0
9800.0,90,1931.75,40.71875,3541069.204,32.0,64.0
9900.0,90,1951.088235,39.176470588,3614253.627,34.0,66.0
10000.0,90,1968.575758,39.878787879,3681035.376,33.0,66.0
0.0,91,50.0,50.0,0.0,37.0,64.0
100.0,91,68.74193548,48.516129032,353.4620187,31.0,62.0
200.0,91,85.09375,49.5625,1231.762695,32.0,62.0
300.0,91,101.70967741999999,48.548387097,2675.997919,31.0,64.0
400.0,91,121.86666667,50.533333333,5165.102222,30.0,62.0
500.0,91,141.03030303,47.484848485,8292.842057,33.0,64.0
600.0,91,160.15625,46.90625,12143.9707,32.0,64.0
700.0,91,183.1470588,49.941176471,17728.14273,34.0,66.0
800.0,91,201.1290323,49.580645161,22840.16025,31.0,64.0
900.0,91,221.6333333,50.566666667,29458.32222,30.0,64.0
1000.0,91,243.3928571,50.642857143,37401.21046,28.0,64.0
1100.0,91,263.56666670000004,52.5,45616.97111,30.0,64.0
1200.0,91,281.3870968,51.870967742,53543.48907,31.0,62.0
1300.0,91,299.5806452,50.677419355,62290.95734,31.0,66.0
1400.0,91,318.59375,49.78125,72142.65039,32.0,64.0
1500.0,91,338.2571429,51.114285714,83093.42204,35.0,68.0
1600.0,91,359.1875,52.9375,95605.53906,32.0,64.0
1700.0,91,382.037037,53.592592593,110261.5007,27.0,62.0
1800.0,91,400.4375,54.75,122829.0039,32.0,64.0
1900.0,91,422.7878788,56.24242424,139009.7704,33.0,64.0
2000.0,91,441.5517241,56.06896552,153349.585,29.0,62.0
2100.0,91,459.9375,56.625,168092.6445,32.0,64.0
2200.0,91,478.8235294,54.941176471,183914.0346,34.0,66.0
2300.0,91,501.962963,56.888888890000004,204317.9767,27.0,62.0
2400.0,91,519.8064516,60.29032258,220823.9927,31.0,62.0
2500.0,91,540.2121212,61.48484848,240439.8255,33.0,64.0
2600.0,91,559.125,59.0,259289.2656,32.0,64.0
2700.0,91,578.65625,60.5,279587.6807,32.0,66.0
2800.0,91,596.6875,59.4375,298956.2891,32.0,62.0
2900.0,91,615.6896552,60.44827586,320113.9524,29.0,66.0
3000.0,91,634.8787879,58.36363636,342153.1469,33.0,66.0
3100.0,91,651.25,61.9375,361644.0664,32.0,66.0
3200.0,91,669.5806452,64.22580645,384082.5494,31.0,64.0
3300.0,91,690.1666667,63.466666669999995,409994.7122,30.0,64.0
3400.0,91,710.9677419,64.83870968,437098.5432,31.0,64.0
3500.0,91,728.483871,63.645161290000004,460526.5536,31.0,66.0
3600.0,91,750.1071429,65.42857143,490388.0523,28.0,62.0
3700.0,91,768.8181818,64.93939394,516922.764,33.0,64.0
3800.0,91,787.8275862,66.89655172,544675.0404,29.0,62.0
3900.0,91,806.0,66.4516129,571806.6556,31.0,66.0
4000.0,91,825.4666667,64.86666667,601569.5689,30.0,64.0
4100.0,91,845.137931,66.96551724,632532.1581,29.0,62.0
4200.0,91,863.1515152,69.3030303,661587.9936,33.0,64.0
4300.0,91,882.7419355,68.09677419,693786.6243,31.0,64.0
4400.0,91,901.0625,65.96875,724562.3799,32.0,64.0
4500.0,91,918.483871,67.90322581,754584.7596,31.0,62.0
4600.0,91,939.4848485,66.39393939,791452.0569,33.0,66.0
4700.0,91,959.1333333,65.96666667,826778.3522,30.0,62.0
4800.0,91,978.2258065,66.19354839,861865.3788,31.0,66.0
4900.0,91,1000.4117647,63.882352940000004,903475.2422,34.0,66.0
5000.0,91,1019.0,63.625,939146.6406,32.0,66.0
5100.0,91,1039.5,61.0,979231.25,34.0,66.0
5200.0,91,1058.965517,59.27586207,1018097.457,29.0,64.0
5300.0,91,1080.033333,63.433333329999996,1061149.122,30.0,64.0
5400.0,91,1097.586207,63.96551724,1097631.897,29.0,62.0
5500.0,91,1115.290323,63.83870968,1135034.981,31.0,62.0
5600.0,91,1138.774194,62.58064516,1185587.517,31.0,64.0
5700.0,91,1157.588235,62.882352940000004,1226917.654,34.0,66.0
5800.0,91,1175.3,64.36666667,1266506.491,30.0,60.0
5900.0,91,1195.633333,62.4,1312629.494,30.0,64.0
6000.0,91,1213.181818,64.66666667,1353207.053,33.0,64.0
6100.0,91,1231.666667,60.15151515,1396439.164,33.0,64.0
6200.0,91,1249.964286,60.0,1440014.287,28.0,66.0
6300.0,91,1268.0,58.17647059,1483590.855,34.0,64.0
6400.0,91,1290.484848,56.09090909,1538839.758,33.0,64.0
6500.0,91,1308.633333,54.5,1584178.118,30.0,66.0
6600.0,91,1328.235294,52.617647059,1633892.319,34.0,66.0
6700.0,91,1348.166667,52.066666667,1685240.966,30.0,66.0
6800.0,91,1368.0,54.205882353,1737141.689,34.0,64.0
6900.0,91,1389.625,49.625,1794595.281,32.0,64.0
7000.0,91,1407.848485,48.212121212,1843755.704,33.0,66.0
7100.0,91,1428.7,46.2,1900828.13,30.0,62.0
7200.0,91,1444.4375,47.84375,1944460.591,32.0,64.0
7300.0,91,1466.84375,49.8125,2007446.247,32.0,62.0
7400.0,91,1488.21875,48.53125,2068475.33,32.0,64.0
7500.0,91,1511.764706,46.02941176471,2136771.821,34.0,64.0
7600.0,91,1532.392857,46.5714285714,2197500.338,28.0,62.0
7700.0,91,1552.032258,47.516129032,2256107.074,31.0,62.0
7800.0,91,1570.066667,44.866666667,2310629.022,30.0,62.0
7900.0,91,1588.75,45.25,2367774.125,32.0,62.0
8000.0,91,1610.448276,45.5517241379,2435018.609,29.0,66.0
8100.0,91,1628.258065,46.935483871,2490907.909,31.0,62.0
8200.0,91,1648.441176,46.9117647059,2555023.732,34.0,66.0
8300.0,91,1667.5,46.5625,2616318.066,32.0,66.0
8400.0,91,1685.733333,49.833333333,2675623.566,30.0,64.0
8500.0,91,1708.62963,49.777777778,2751052.298,27.0,60.0
8600.0,91,1729.387097,51.806451613,2820344.284,31.0,62.0
8700.0,91,1746.142857,51.035714286,2876901.665,28.0,62.0
8800.0,91,1765.75,52.857142857,2943806.226,28.0,62.0
8900.0,91,1782.466667,50.0,3001440.751,30.0,64.0
9000.0,91,1802.586207,54.931034483,3071582.728,29.0,62.0
9100.0,91,1822.111111,56.111111109999996,3140415.136,27.0,66.0
9200.0,91,1844.2,55.166666667,3219180.334,30.0,64.0
9300.0,91,1864.548387,57.4516129,3292641.376,31.0,64.0
9400.0,91,1887.515152,56.33333333,3376502.043,33.0,66.0
9500.0,91,1907.090909,58.21212121,3448854.084,33.0,64.0
9600.0,91,1925.322581,57.48387097,3516890.79,31.0,66.0
9700.0,91,1945.53125,56.46875,3593080.564,32.0,64.0
9800.0,91,1964.035714,58.46428571,3663604.36,28.0,62.0
9900.0,91,1983.966667,61.3,3740354.758,30.0,64.0
10000.0,91,2000.558824,63.23529412,3804854.897,34.0,64.0
0.0,92,50.0,50.0,0.0,37.0,64.0
100.0,92,69.96774194,52.161290323,403.3818939,31.0,66.0
200.0,92,88.44827586,53.724137931,1492.13912,29.0,62.0
300.0,92,107.96774194,55.419354839,3389.628512,31.0,64.0
400.0,92,128.37931034000002,57.82758621,6204.587396,29.0,64.0
500.0,92,149.87878790000002,57.90909091,10038.32599,33.0,64.0
600.0,92,167.35483870000002,53.161290323,13782.15193,31.0,64.0
700.0,92,186.8387097,52.032258065,18728.96254,31.0,64.0
800.0,92,204.5,53.235294118,23880.71713,34.0,66.0
900.0,92,224.3636364,51.818181818,30405.98347,33.0,66.0
1000.0,92,244.5333333,55.433333333,37872.73889,30.0,60.0
1100.0,92,265.5333333,57.7,46513.90778,30.0,62.0
1200.0,92,285.5757576,57.81818182,55557.06152,33.0,68.0
1300.0,92,301.75,60.125,63480.57812,32.0,66.0
1400.0,92,325.1666667,60.0,75816.69444,30.0,66.0
1500.0,92,342.9677419,57.4516129,85885.62435,31.0,62.0
1600.0,92,360.5666667,57.9,96514.06444,30.0,62.0
1700.0,92,380.7666667,59.83333333,109503.2822,30.0,62.0
1800.0,92,401.6666667,60.3,123775.5344,30.0,66.0
1900.0,92,419.7096774,61.51612903,136817.8668,31.0,64.0
2000.0,92,438.5882353,65.32352940999999,151235.6272,34.0,66.0
2100.0,92,458.4848485,64.72727273,167076.764,33.0,66.0
2200.0,92,478.0,60.5,183294.25,30.0,66.0
2300.0,92,496.8484848,57.57575758,199730.9605,33.0,64.0
2400.0,92,516.2727273,61.0,217531.2562,33.0,64.0
2500.0,92,535.5454545,61.42424242,235884.9017,33.0,64.0
2600.0,92,555.2857143,60.96428571,255433.8686,28.0,62.0
2700.0,92,576.5,57.73333333,277262.0544,30.0,60.0
2800.0,92,597.6060606,58.727272729999996,299948.5629,33.0,64.0
2900.0,92,618.3235294,56.97058824,323040.2232,34.0,66.0
3000.0,92,637.5862069,56.44827586,345299.1308,29.0,62.0
3100.0,92,658.53125,55.71875,370342.9863,32.0,64.0
3200.0,92,675.2413793,59.06896552,391009.0285,29.0,62.0
3300.0,92,698.0606061,60.93939394,420102.2195,33.0,66.0
3400.0,92,719.7352941,64.20588235,448747.1713,34.0,66.0
3500.0,92,740.6666667,64.63636364,477234.6676,33.0,66.0
3600.0,92,761.2413793,65.72413793,506111.5482,29.0,62.0
3700.0,92,782.6666667,66.23333333,537063.9656,30.0,64.0
3800.0,92,801.9411765,65.20588235,565646.7517,34.0,66.0
3900.0,92,818.375,66.96875,590688.0791,32.0,66.0
4000.0,92,835.3888889,69.13888889,617202.0039,36.0,64.0
4100.0,92,857.3030303,69.39393939,652114.3076,33.0,66.0
4200.0,92,874.09375,67.5,679436.7588,32.0,62.0
4300.0,92,893.0666667,68.03333333,711086.6056,30.0,62.0
4400.0,92,911.0689655,70.13793103,741845.2996,29.0,64.0
4500.0,92,931.7272727,69.81818182,777835.7438,33.0,64.0
4600.0,92,949.8787879,71.75757576000001,810255.225,33.0,66.0
4700.0,92,973.2903226,70.51612903,852885.9313,31.0,64.0
4800.0,92,991.7096774,69.32258064999999,887190.4787,31.0,66.0
4900.0,92,1006.3870968,69.70967741999999,915064.7503,31.0,64.0
5000.0,92,1025.5517241,71.20689655,952150.8989,29.0,62.0
5100.0,92,1043.516129,70.77419355,987505.8658,31.0,62.0
5200.0,92,1063.628571,72.11428571,1027931.922,35.0,68.0
5300.0,92,1082.90625,72.0,1067379.321,32.0,64.0
5400.0,92,1102.0,71.58064516,1107169.724,31.0,64.0
5500.0,92,1120.903226,71.90322581,1147313.47,31.0,64.0
5600.0,92,1141.125,76.1875,1191239.551,32.0,64.0
5700.0,92,1157.0,77.25806452,1226192.002,31.0,64.0
5800.0,92,1177.870968,77.19354839,1272832.409,31.0,66.0
5900.0,92,1201.294118,78.08823529,1326267.094,34.0,66.0
6000.0,92,1220.15625,79.9375,1370161.903,32.0,62.0
6100.0,92,1240.290323,78.0,1417575.052,31.0,62.0
6200.0,92,1263.827586,82.75862069,1474450.536,29.0,66.0
6300.0,92,1283.482759,84.79310344999999,1522690.276,29.0,60.0
6400.0,92,1305.0625,85.65625,1576453.247,32.0,64.0
6500.0,92,1326.032258,85.74193548,1629535.81,31.0,66.0
6600.0,92,1345.90625,83.09375,1680468.205,32.0,66.0
6700.0,92,1365.733333,82.46666667,1732208.289,30.0,66.0
6800.0,92,1384.606061,86.48484848,1782504.481,33.0,64.0
6900.0,92,1404.580645,85.19354838999999,1836127.31,31.0,68.0
7000.0,92,1426.30303,84.6969697,1895413.911,33.0,64.0
7100.0,92,1444.235294,85.61764706,1945160.672,34.0,64.0
7200.0,92,1464.233333,85.03333333,2001283.256,30.0,62.0
7300.0,92,1483.7,83.83333333,2056640.384,30.0,62.0
7400.0,92,1504.333333,83.1,2116181.054,30.0,66.0
7500.0,92,1521.28125,81.5,2165660.767,32.0,66.0
7600.0,92,1541.5,80.03333333,2225474.251,30.0,62.0
7700.0,92,1558.125,79.375,2275303.906,32.0,64.0
7800.0,92,1576.516129,77.90322581,2331030.082,31.0,62.0
7900.0,92,1595.59375,77.625,2389623.181,32.0,68.0
8000.0,92,1615.172414,76.62068966,2450473.346,29.0,62.0
8100.0,92,1634.419355,77.32258064999999,2511131.215,31.0,66.0
8200.0,92,1654.65625,79.25,2575777.243,32.0,64.0
8300.0,92,1675.666667,78.43333333000001,2643600.566,30.0,66.0
8400.0,92,1692.896552,79.03448276,2699952.081,29.0,62.0
8500.0,92,1710.333333,76.96666667,2757433.979,30.0,62.0
8600.0,92,1727.733333,78.0,2815573.138,30.0,64.0
8700.0,92,1745.6,79.0,2875900.36,30.0,64.0
8800.0,92,1764.419355,79.29032258000001,2940091.647,31.0,66.0
8900.0,92,1782.84375,79.90625,3003641.846,32.0,64.0
9000.0,92,1801.5,81.875,3068768.266,32.0,66.0
9100.0,92,1822.705882,80.23529411999999,3143400.318,34.0,66.0
9200.0,92,1847.392857,75.57142857,3231274.981,28.0,62.0
9300.0,92,1866.096774,76.19354839,3298893.595,31.0,66.0
9400.0,92,1885.933333,76.96666667,3371378.406,30.0,62.0
9500.0,92,1904.970588,79.23529411999999,3441770.586,34.0,68.0
9600.0,92,1925.84375,79.6875,3519671.122,32.0,66.0
9700.0,92,1947.5,77.4375,3601259.066,32.0,64.0
9800.0,92,1966.3,76.73333333,3672920.361,30.0,64.0
9900.0,92,1986.413793,76.06896552,3750377.969,29.0,64.0
10000.0,92,2004.75,74.63888889,3821654.637,36.0,66.0
0.0,93,50.0,50.0,0.0,37.0,64.0
100.0,93,67.2962963,50.555555556,299.4705075,27.0,66.0
200.0,93,87.69444444,48.138888889,1424.334877,36.0,66.0
300.0,93,109.32352940999999,48.852941176,3520.596886,34.0,66.0
400.0,93,130.625,51.1875,6501.800781,32.0,68.0
500.0,93,151.4,53.571428571,10294.7151,35.0,66.0
600.0,93,169.9677419,54.129032258,14409.30801,31.0,64.0
700.0,93,191.4516129,52.741935484,20016.077,31.0,68.0
800.0,93,212.8125,54.375,26527.05078,32.0,64.0
900.0,93,234.0,52.84375,33864.08691,32.0,62.0
1000.0,93,252.4242424,52.96969697,40984.39302,33.0,64.0
1100.0,93,270.375,56.40625,48606.18066,32.0,62.0
1200.0,93,289.4375,59.125,57413.58203,32.0,66.0
1300.0,93,310.3529412,58.23529412,67851.47405,34.0,66.0
1400.0,93,331.0322581,57.22580645,79031.34235,31.0,64.0
1500.0,93,349.5588235,58.05882353,89800.43339,34.0,66.0
1600.0,93,367.8823529,60.382352940000004,101156.9836,34.0,66.0
1700.0,93,388.5454545,60.45454545,114722.3223,33.0,64.0
1800.0,93,409.2,58.73333333,129100.9111,30.0,64.0
1900.0,93,430.0588235,61.14705882,144568.9663,34.0,68.0
2000.0,93,451.1176471,61.14705882,161019.6237,34.0,64.0
2100.0,93,470.6129032,58.806451609999996,176992.768,31.0,64.0
2200.0,93,488.875,55.96875,192646.8916,32.0,64.0
2300.0,93,510.0625,57.4375,211712.8203,32.0,66.0
2400.0,93,529.4516129,57.09677419,229924.2133,31.0,66.0
2500.0,93,548.8787879,57.81818182,248941.169,33.0,68.0
2600.0,93,565.4848485,58.66666667,265799.7401,33.0,64.0
2700.0,93,585.5666667,59.23333333,286916.9089,30.0,62.0
2800.0,93,605.9090909,60.33333333,309141.6951,33.0,66.0
2900.0,93,629.7878788,60.81818182,336271.0174,33.0,66.0
3000.0,93,651.1818182,56.6969697,361464.4279,33.0,66.0
3100.0,93,671.4193548,56.70967742,386207.0343,31.0,62.0
3200.0,93,690.4193548,50.548387097,410137.2508,31.0,66.0
3300.0,93,711.2,47.033333333,437194.2411,30.0,66.0
3400.0,93,733.1,48.933333333,466626.7478,30.0,62.0
3500.0,93,749.2413793,50.965517241,488939.4388,29.0,68.0
3600.0,93,768.8333333,49.2,516722.0011,30.0,62.0
3700.0,93,785.8387097,47.709677419,541463.8522,31.0,66.0
3800.0,93,806.4545455,46.8484848485,572233.4114,33.0,66.0
3900.0,93,825.9705882,48.617647059,602132.2647,34.0,64.0
4000.0,93,848.5483871,50.483870968,637679.7607,31.0,64.0
4100.0,93,868.6060606,46.5151515152,670128.0266,33.0,64.0
4200.0,93,891.03125,49.40625,707333.916,32.0,64.0
4300.0,93,909.15625,48.9375,738150.5908,32.0,64.0
4400.0,93,928.125,50.21875,771103.5635,32.0,64.0
4500.0,93,946.2727273,49.484848485,803305.067,33.0,64.0
4600.0,93,965.3793103,47.344827586,837926.3317,29.0,62.0
4700.0,93,985.5,46.8235294118,875170.34,34.0,66.0
4800.0,93,1004.8709677,44.225806452,911811.9063,31.0,62.0
4900.0,93,1022.4666667,45.2333333333,945714.1389,30.0,66.0
5000.0,93,1041.3103448000002,45.6206896552,982715.3781,29.0,62.0
5100.0,93,1062.419355,45.8709677419,1025009.999,31.0,64.0
5200.0,93,1081.40625,49.40625,1063799.205,32.0,64.0
5300.0,93,1097.516129,50.548387097,1097290.341,31.0,66.0
5400.0,93,1118.354839,48.903225806,1141383.264,31.0,62.0
5500.0,93,1136.545455,50.333333333,1180581.136,33.0,66.0
5600.0,93,1156.714286,47.942857143,1224820.742,35.0,66.0
5700.0,93,1175.0,47.214285714,1265632.76,28.0,60.0
5800.0,93,1195.911765,48.558823529,1313115.849,34.0,64.0
5900.0,93,1216.34375,48.09375,1360361.377,32.0,66.0
6000.0,93,1236.903226,44.483870968,1408769.695,31.0,62.0
6100.0,93,1259.7,44.633333333,1463402.891,30.0,62.0
6200.0,93,1283.472222,41.916666667,1521519.063,36.0,66.0
6300.0,93,1302.741935,40.096774194,1569460.431,31.0,64.0
6400.0,93,1318.645161,39.193548387,1609577.325,31.0,62.0
6500.0,93,1340.709677,34.967741939999996,1666157.44,31.0,64.0
6600.0,93,1361.363636,34.45454545,1719916.248,33.0,66.0
6700.0,93,1382.806452,33.16129032,1776656.58,31.0,64.0
6800.0,93,1401.7,37.2,1827256.73,30.0,64.0
6900.0,93,1420.21875,35.3125,1877715.146,32.0,64.0
7000.0,93,1440.548387,34.58064516,1933862.573,31.0,66.0
7100.0,93,1460.387097,33.87096774,1989451.908,31.0,64.0
7200.0,93,1477.970588,31.23529412,2039452.115,34.0,64.0
7300.0,93,1498.733333,28.93333333,2099272.076,30.0,64.0
7400.0,93,1518.548387,29.83870968,2157040.843,31.0,68.0
7500.0,93,1539.0625,28.3125,2217777.477,32.0,64.0
7600.0,93,1560.117647,30.558823529999998,2280833.267,34.0,66.0
7700.0,93,1581.5625,28.53125,2346144.599,32.0,62.0
7800.0,93,1603.741935,27.83870968,2414605.125,31.0,62.0
7900.0,93,1620.967742,27.64516129,2468439.385,31.0,62.0
8000.0,93,1642.741935,24.74193548,2537464.843,31.0,66.0
8100.0,93,1661.6,24.46666667,2597906.511,30.0,66.0
8200.0,93,1680.3125,25.71875,2658508.427,32.0,66.0
8300.0,93,1699.689655,31.86206897,2721804.943,29.0,64.0
8400.0,93,1718.424242,30.939393940000002,2784002.759,33.0,68.0
8500.0,93,1737.166667,28.8,2846980.801,30.0,64.0
8600.0,93,1755.28125,30.84375,2908351.104,32.0,62.0
8700.0,93,1777.060606,30.6969697,2983110.944,33.0,64.0
8800.0,93,1799.09375,30.03125,3059727.697,32.0,62.0
8900.0,93,1818.323529,31.32352941,3127316.915,34.0,66.0
9000.0,93,1838.903226,31.96774194,3200499.914,31.0,64.0
9100.0,93,1859.342857,32.05714286,3274043.521,35.0,64.0
9200.0,93,1876.633333,31.8,3336920.574,30.0,64.0
9300.0,93,1897.5,30.5,3413636.5,32.0,64.0
9400.0,93,1915.323529,30.147058819999998,3479826.009,34.0,66.0
9500.0,93,1935.709677,27.74193548,3556396.409,31.0,62.0
9600.0,93,1953.933333,26.63333333,3625508.139,30.0,62.0
9700.0,93,1971.2,24.76666667,3691646.161,30.0,64.0
9800.0,93,1992.705882,24.02941176,3774780.617,34.0,64.0
9900.0,93,2011.83871,23.67741935,3849504.001,31.0,68.0
10000.0,93,2031.774194,23.87096774,3928111.681,31.0,66.0
0.0,94,50.0,50.0,0.0,37.0,64.0
100.0,94,68.75,52.25,356.625,32.0,62.0
200.0,94,87.85714286000001,52.6,1439.923265,35.0,66.0
300.0,94,107.26666667,53.566666667,3292.192222,30.0,64.0
400.0,94,128.3,54.366666667000004,6149.957778,30.0,62.0
500.0,94,147.0285714,52.171428571,9419.258776,35.0,66.0
600.0,94,168.0,53.740740740999996,13937.99314,27.0,60.0
700.0,94,188.516129,56.806451609999996,19233.04579,31.0,66.0
800.0,94,208.75,56.5,25243.8125,32.0,64.0
900.0,94,227.7941176,59.52941176,31701.55796,34.0,68.0
1000.0,94,245.4482759,63.37931034,38379.03448,29.0,64.0
1100.0,94,262.1666667,59.933333329999996,45113.36556,30.0,62.0
1200.0,94,280.5294118,56.76470588,53189.57093,34.0,66.0
1300.0,94,301.0,56.41935484,63042.20812,31.0,66.0
1400.0,94,320.71875,57.96875,73352.14258,32.0,66.0
1500.0,94,338.1612903,58.645161290000004,83111.66805,31.0,68.0
1600.0,94,355.9393939,60.66666667,93712.69054,33.0,62.0
1700.0,94,375.7058824,64.02941176,106281.1462,34.0,64.0
1800.0,94,393.5714286,64.14285714,118241.3469,28.0,62.0
1900.0,94,415.3793103,62.862068969999996,133667.4732,29.0,62.0
2000.0,94,434.0857143,61.514285709999996,147654.4147,35.0,66.0
2100.0,94,453.5172414,62.24137931,162976.0155,29.0,62.0
2200.0,94,469.8235294,65.11764706,176480.3391,34.0,66.0
2300.0,94,491.0322581,63.806451609999996,194700.0708,31.0,64.0
2400.0,94,510.1212121,67.54545455,212019.3728,33.0,66.0
2500.0,94,529.6129032,66.83870968,230312.0791,31.0,64.0
2600.0,94,548.7777778,66.44444444,249049.6914,36.0,68.0
2700.0,94,568.9705882,65.02941176,269556.3547,34.0,66.0
2800.0,94,591.2727273,63.3030303,293153.1359,33.0,66.0
2900.0,94,609.8787879,65.15151515,313693.8255,33.0,66.0
3000.0,94,629.4137931,62.4137931,335874.4459,29.0,64.0
3100.0,94,649.8064516,61.29032258,359895.2508,31.0,60.0
3200.0,94,669.8275862,59.89655172,384284.1784,29.0,62.0
3300.0,94,688.3666667,60.433333329999996,407620.8556,30.0,62.0
3400.0,94,704.1290323,61.354838709999996,428013.7232,31.0,64.0
3500.0,94,722.7941176,61.44117647,452782.8253,34.0,66.0
3600.0,94,743.483871,63.12903226,481092.2508,31.0,64.0
3700.0,94,761.3428571,62.05714286,506154.0351,35.0,64.0
3800.0,94,781.1290323,63.4516129,534730.6077,31.0,62.0
3900.0,94,798.4193548,65.22580645,560363.3559,31.0,62.0
4000.0,94,820.2352941,68.11764706,593590.6574,34.0,66.0
4100.0,94,844.3666667,70.6,631442.7611,30.0,64.0
4200.0,94,864.5666667,71.73333333,663991.1922,30.0,66.0
4300.0,94,886.5,70.8125,700165.4102,32.0,64.0
4400.0,94,904.3225806,70.51612903,730287.9834,31.0,64.0
4500.0,94,924.375,68.15625,764861.29,32.0,66.0
4600.0,94,943.1724138,64.55172414,797968.7134,29.0,62.0
4700.0,94,961.5454545,65.12121212,831143.7668,33.0,66.0
4800.0,94,981.0344828,65.93103448,867079.0059,29.0,64.0
4900.0,94,1002.15625,66.46875,906872.7441,32.0,64.0
5000.0,94,1022.09375,65.75,945214.3213,32.0,64.0
5100.0,94,1041.5,65.5,983312.5,30.0,60.0
5200.0,94,1061.34375,63.09375,1022987.627,32.0,64.0
5300.0,94,1080.15625,58.96875,1061302.338,32.0,66.0
5400.0,94,1100.03125,63.1875,1102739.536,32.0,66.0
5500.0,94,1117.366667,63.5,1139453.851,30.0,62.0
5600.0,94,1136.15625,62.96875,1179903.588,32.0,64.0
5700.0,94,1151.545455,64.75757576000001,1213620.174,33.0,66.0
5800.0,94,1172.9,62.66666667,1261064.854,30.0,62.0
5900.0,94,1192.516129,61.58064516,1305477.216,31.0,64.0
6000.0,94,1212.5,62.35294118,1351558.845,34.0,64.0
6100.0,94,1231.28125,61.3125,1395553.364,32.0,62.0
6200.0,94,1248.566667,59.76666667,1436657.442,30.0,66.0
6300.0,94,1269.206897,61.862068969999996,1486606.165,29.0,62.0
6400.0,94,1287.911765,62.73529412,1532587.725,34.0,64.0
6500.0,94,1305.25,64.3125,1575857.41,32.0,64.0
6600.0,94,1322.166667,62.933333329999996,1618575.299,30.0,64.0
6700.0,94,1341.96875,60.21875,1669287.674,32.0,66.0
6800.0,94,1360.09375,55.84375,1716379.783,32.0,66.0
6900.0,94,1379.84375,55.4375,1768513.966,32.0,62.0
7000.0,94,1398.0,57.93939394,1817167.034,33.0,64.0
7100.0,94,1417.181818,55.909090909,1869221.041,33.0,66.0
7200.0,94,1436.3125,56.90625,1921910.044,32.0,64.0
7300.0,94,1454.75,62.09375,1973468.821,32.0,62.0
7400.0,94,1474.5625,62.71875,2029540.083,32.0,66.0
7500.0,94,1492.6875,65.4375,2081585.539,32.0,66.0
7600.0,94,1511.741935,65.41935484,2136927.242,31.0,66.0
7700.0,94,1531.4375,66.4375,2194927.258,32.0,64.0
7800.0,94,1553.16129,67.29032258000001,2259792.82,31.0,64.0
7900.0,94,1571.428571,63.22857143,2314919.893,35.0,64.0
8000.0,94,1591.571429,67.22857143,2376739.293,35.0,66.0
8100.0,94,1610.515152,65.09090909,2435435.274,33.0,66.0
8200.0,94,1630.032258,65.06451613,2496728.876,31.0,62.0
8300.0,94,1648.645161,62.58064516,2555824.624,31.0,64.0
8400.0,94,1669.823529,63.67647059,2624015.312,34.0,64.0
8500.0,94,1692.129032,60.806451609999996,2696704.538,31.0,64.0
8600.0,94,1711.030303,62.878787880000004,2759187.531,33.0,64.0
8700.0,94,1733.133333,64.66666667,2833152.929,30.0,62.0
8800.0,94,1753.242424,67.24242423999999,2901332.057,33.0,68.0
8900.0,94,1773.655172,65.03448276,2971213.189,29.0,60.0
9000.0,94,1791.709677,64.64516129,3033767.081,31.0,62.0
9100.0,94,1811.566667,63.6,3103302.081,30.0,62.0
9200.0,94,1829.515152,63.63636364,3166860.125,33.0,68.0
9300.0,94,1852.69697,66.42424242,3249986.12,33.0,64.0
9400.0,94,1869.533333,66.7,3310980.441,30.0,62.0
9500.0,94,1887.466667,64.23333333,3376486.339,30.0,64.0
9600.0,94,1907.5,63.0,3450475.25,32.0,62.0
9700.0,94,1926.225806,63.12903226,3520395.648,31.0,66.0
9800.0,94,1947.903226,61.12903226,3602160.51,31.0,64.0
9900.0,94,1965.90625,65.03125,3670922.697,32.0,64.0
10000.0,94,1985.787879,68.45454545,3747615.282,33.0,68.0
0.0,95,50.0,50.0,0.0,37.0,64.0
100.0,95,67.9,50.966666667,321.3444444,30.0,66.0
200.0,95,86.24137931,48.586206897,1315.436385,29.0,62.0
300.0,95,105.86666667,46.7666666667,3131.538889,30.0,62.0
400.0,95,126.88571429,49.4,5911.773061,35.0,66.0
500.0,95,146.8333333,51.566666667,9379.148889,30.0,64.0
600.0,95,167.87878790000002,54.303030303,13913.9247,33.0,64.0
700.0,95,185.862069,57.137931030000004,18509.45184,29.0,60.0
800.0,95,205.8387097,55.677419355,24317.93652,31.0,64.0
900.0,95,224.4,55.9,30450.17,30.0,64.0
1000.0,95,243.9642857,51.928571429,37625.86352,28.0,60.0
1100.0,95,266.9411765,53.0,47072.47405,34.0,66.0
1200.0,95,286.5333333,49.966666667,55948.01889,30.0,64.0
1300.0,95,307.8333333,50.966666667,66478.96222,30.0,64.0
1400.0,95,324.65625,54.96875,75460.74414,32.0,64.0
1500.0,95,342.78125,54.21875,85738.6582,32.0,62.0
1600.0,95,361.3125,53.3125,96926.44531,32.0,64.0
1700.0,95,380.78125,54.28125,109434.5645,32.0,64.0
1800.0,95,397.8787879,57.3030303,121072.9853,33.0,66.0
1900.0,95,417.2333333,58.53333333,134933.1389,30.0,62.0
2000.0,95,436.0625,62.53125,149201.2861,32.0,62.0
2100.0,95,454.4285714,61.892857140000004,163703.9094,28.0,62.0
2200.0,95,476.9142857,60.37142857,182363.3739,35.0,66.0
2300.0,95,495.25,61.34375,198376.2432,32.0,64.0
2400.0,95,517.5,62.933333329999996,218723.5211,30.0,62.0
2500.0,95,536.1875,60.5625,236489.8516,32.0,64.0
2600.0,95,557.2727273,57.57575758,257383.0119,33.0,66.0
2700.0,95,577.6,57.433333329999996,278417.0144,30.0,62.0
2800.0,95,594.1142857,56.02857143,296096.6996,35.0,66.0
2900.0,95,615.03125,55.25,319287.876,32.0,66.0
3000.0,95,637.2058824,52.764705882,344818.3919,34.0,64.0
3100.0,95,657.1875,52.3125,368682.0078,32.0,66.0
3200.0,95,675.0,49.090909091,390625.8264,33.0,66.0
3300.0,95,693.969697,48.818181818,414698.3673,33.0,62.0
3400.0,95,713.4411765,50.323529412,440154.2993,34.0,66.0
3500.0,95,735.28125,49.15625,469611.1035,32.0,62.0
3600.0,95,754.3225806,48.225806452,496073.4454,31.0,62.0
3700.0,95,772.3666667,50.866666667,521814.3522,30.0,66.0
3800.0,95,792.0,50.823529412,550564.6782,34.0,66.0
3900.0,95,812.2258065,49.322580645,580988.6389,31.0,64.0
4000.0,95,833.2666667,50.4,613506.8311,30.0,62.0
4100.0,95,853.15625,55.625,645091.6025,32.0,66.0
4200.0,95,873.030303,58.36363636,677448.8301,33.0,66.0
4300.0,95,892.9032258,57.0,710534.8481,31.0,64.0
4400.0,95,912.8333333,57.3,744534.6511,30.0,62.0
4500.0,95,931.4666667,58.86666667,777062.1022,30.0,64.0
4600.0,95,948.8285714,58.34285714,807962.4041,35.0,66.0
4700.0,95,971.1515152,59.06060606,848602.2084,33.0,66.0
4800.0,95,990.7058824,59.26470588,885013.3919,34.0,64.0
4900.0,95,1010.8275862,57.0,923238.6504,29.0,62.0
5000.0,95,1031.0,55.3,962389.09,30.0,62.0
5100.0,95,1051.1875,53.375,1002387.801,32.0,64.0
5200.0,95,1071.5,54.28125,1043480.579,32.0,62.0
5300.0,95,1092.625,53.15625,1087076.853,32.0,64.0
5400.0,95,1111.96875,53.9375,1127793.13,32.0,66.0
5500.0,95,1134.606061,52.090909091,1176374.679,33.0,64.0
5600.0,95,1155.060606,50.96969697,1221159.883,33.0,64.0
5700.0,95,1171.4,53.366666667,1257549.294,30.0,66.0
5800.0,95,1188.666667,58.76666667,1296638.632,30.0,64.0
5900.0,95,1211.333333,56.96666667,1348743.646,30.0,64.0
6000.0,95,1228.571429,57.357142859999996,1389084.74,28.0,62.0
6100.0,95,1247.451613,60.77419355,1434006.448,31.0,66.0
6200.0,95,1268.107143,59.75,1483880.074,28.0,62.0
6300.0,95,1287.516129,57.25806452,1531498.849,31.0,66.0
6400.0,95,1306.514286,57.74285714,1578888.102,35.0,66.0
6500.0,95,1326.375,56.875,1629180.406,32.0,64.0
6600.0,95,1343.875,57.75,1674172.578,32.0,64.0
6700.0,95,1361.969697,57.84848485,1721326.084,33.0,64.0
6800.0,95,1381.709677,57.38709677,1773505.234,31.0,62.0
6900.0,95,1397.5,59.17647059,1815840.458,34.0,64.0
7000.0,95,1417.151515,60.09090909,1869205.092,33.0,66.0
7100.0,95,1434.870968,60.77419355,1917983.681,31.0,62.0
7200.0,95,1453.428571,62.28571429,1969762.694,35.0,66.0
7300.0,95,1474.419355,64.29032258000001,2029174.712,31.0,62.0
7400.0,95,1493.71875,61.4375,2084454.646,32.0,64.0
7500.0,95,1514.642857,61.42857143,2145309.311,28.0,60.0
7600.0,95,1530.84375,64.21875,2193100.385,32.0,64.0
7700.0,95,1550.441176,68.0,2251647.724,34.0,66.0
7800.0,95,1570.060606,68.36363636,2310921.469,33.0,66.0
7900.0,95,1589.636364,67.36363636,2370781.628,33.0,64.0
8000.0,95,1611.0625,67.09375,2437208.325,32.0,66.0
8100.0,95,1626.033333,67.4,2484183.828,30.0,60.0
8200.0,95,1645.62069,66.10344828,2546264.706,29.0,64.0
8300.0,95,1666.0,67.66666667,2611768.111,30.0,62.0
8400.0,95,1686.090909,67.78787879000001,2677109.871,33.0,66.0
8500.0,95,1705.03125,65.40625,2739365.791,32.0,62.0
8600.0,95,1720.766667,67.63333333,2791772.189,30.0,64.0
8700.0,95,1739.740741,70.62962963,2855649.353,27.0,60.0
8800.0,95,1758.322581,71.32258064999999,2918820.692,31.0,62.0
8900.0,95,1777.727273,69.54545455,2985423.554,33.0,66.0
9000.0,95,1798.735294,70.67647059000001,3058502.645,34.0,66.0
9100.0,95,1819.5,73.06666667,3131662.321,30.0,62.0
9200.0,95,1839.69697,73.06060606,3203547.035,33.0,66.0
9300.0,95,1857.457143,71.77142857,3267375.318,35.0,66.0
9400.0,95,1876.928571,74.17857143,3338252.608,28.0,60.0
9500.0,95,1896.827586,75.06896552,3411400.586,29.0,66.0
9600.0,95,1916.258065,77.70967741999999,3483686.99,31.0,64.0
9700.0,95,1936.606061,78.42424242,3560090.365,33.0,66.0
9800.0,95,1957.333333,83.57575758,3639047.776,33.0,68.0
9900.0,95,1978.125,84.1875,3718834.801,32.0,64.0
10000.0,95,1997.666667,83.3030303,3794514.536,33.0,64.0
0.0,96,50.0,50.0,0.0,37.0,64.0
100.0,96,71.1,51.366666667,447.0777778,30.0,66.0
200.0,96,91.16666667,51.9,1698.304444,30.0,64.0
300.0,96,111.46666667,48.933333333,3779.288889,30.0,64.0
400.0,96,131.59375,48.46875,6659.884766,32.0,64.0
500.0,96,151.28125,48.71875,10259.5332,32.0,62.0
600.0,96,170.5483871,46.6451612903,14543.16857,31.0,62.0
700.0,96,189.53125,48.84375,19470.30664,32.0,64.0
800.0,96,210.625,45.25,25822.95312,32.0,66.0
900.0,96,230.9090909,48.696969697,32729.79706,33.0,66.0
1000.0,96,250.6,45.1666666667,40263.72111,30.0,60.0
1100.0,96,270.75,44.21875,48763.98535,32.0,66.0
1200.0,96,290.4516129,45.4193548387,57837.96046,31.0,64.0
1300.0,96,308.90625,45.78125,67050.24414,32.0,64.0
1400.0,96,329.7272727,44.848484848,78273.88522,33.0,62.0
1500.0,96,348.7333333,48.133333333,89245.08889,30.0,64.0
1600.0,96,371.1714286,48.657142857,103152.8898,35.0,66.0
1700.0,96,390.0344828,48.103448276,115627.0464,29.0,62.0
1800.0,96,410.3529412,48.588235294,129856.2353,34.0,68.0
1900.0,96,430.40625,47.5625,144714.8564,32.0,64.0
2000.0,96,447.3030303,48.363636364,157852.3756,33.0,66.0
2100.0,96,464.8928571,48.678571429,172137.8291,28.0,60.0
2200.0,96,486.8064516,51.870967742,190803.3767,31.0,66.0
2300.0,96,508.5151515,52.848484848,210244.258,33.0,64.0
2400.0,96,530.0357143,52.0,230438.287,28.0,60.0
2500.0,96,549.1875,52.46875,249194.2549,32.0,62.0
2600.0,96,572.25,50.96875,272746.001,32.0,62.0
2700.0,96,591.7714286,52.714285714,293523.6482,35.0,66.0
2800.0,96,610.5428571,51.085714286,314209.4735,35.0,64.0
2900.0,96,630.5757576,49.424242424,337068.5418,33.0,62.0
3000.0,96,650.8333333,49.066666667,361001.5656,30.0,62.0
3100.0,96,672.9,47.566666667,388010.3311,30.0,64.0
3200.0,96,692.4137931,51.137931034,412696.7765,29.0,62.0
3300.0,96,710.2903226,50.612903226,435983.6857,31.0,64.0
3400.0,96,730.8,47.966666667,463492.7744,30.0,62.0
3500.0,96,749.9411765,44.323529412,489949.8728,34.0,64.0
3600.0,96,771.5483871,41.096774194,520711.3424,31.0,66.0
3700.0,96,790.969697,40.878787879,549119.2883,33.0,66.0
3800.0,96,810.0285714,41.4,577717.3894,35.0,64.0
3900.0,96,829.8787879,39.242424242,608326.6492,33.0,66.0
4000.0,96,847.9,39.433333333,636756.0644,30.0,62.0
4100.0,96,869.8181818,39.272727273,672216.9256,33.0,62.0
4200.0,96,888.0,37.133333332999996,702409.5511,30.0,64.0
4300.0,96,903.7241379,40.310344828,728938.7931,29.0,64.0
4400.0,96,926.0606061,41.242424242,767558.8806,33.0,66.0
4500.0,96,946.9642857,41.142857143,804623.3788,28.0,62.0
4600.0,96,965.7931034,42.172413793,838738.2794,29.0,62.0
4700.0,96,985.3,39.0,874907.09,30.0,62.0
4800.0,96,1003.4411765,37.352941176,909210.0251,34.0,64.0
4900.0,96,1023.1290323,39.0,947101.1134,31.0,64.0
5000.0,96,1041.6875,39.90625,983545.9814,32.0,62.0
5100.0,96,1060.5,40.352941176,1021203.316,34.0,64.0
5200.0,96,1081.0625,38.21875,1063228.677,32.0,64.0
5300.0,96,1099.30303,41.333333333,1101111.961,33.0,64.0
5400.0,96,1121.258065,42.225806452,1147654.279,31.0,64.0
5500.0,96,1139.833333,44.466666667,1187767.312,30.0,62.0
5600.0,96,1159.612903,41.096774194,1231320.062,31.0,64.0
5700.0,96,1178.28125,42.84375,1273069.791,32.0,64.0
5800.0,96,1197.111111,43.027777778,1315912.513,36.0,68.0
5900.0,96,1215.413793,40.931034483,1358271.555,29.0,66.0
6000.0,96,1234.15625,37.96875,1402370.775,32.0,66.0
6100.0,96,1254.580645,37.612903226,1451167.971,31.0,66.0
6200.0,96,1274.030303,38.212121212,1498389.137,33.0,66.0
6300.0,96,1293.0,39.4,1545161.36,30.0,66.0
6400.0,96,1310.354839,44.387096774,1588525.824,31.0,64.0
6500.0,96,1329.448276,43.310344828,1637032.642,29.0,64.0
6600.0,96,1346.34375,40.09375,1680605.252,32.0,62.0
6700.0,96,1365.735294,41.294117647,1731235.157,34.0,66.0
6800.0,96,1384.0,40.75862069,1779641.403,29.0,62.0
6900.0,96,1400.931034,40.172413793,1825111.241,29.0,66.0
7000.0,96,1422.40625,40.46875,1883589.76,32.0,66.0
7100.0,96,1443.125,38.0,1940941.266,32.0,62.0
7200.0,96,1462.0,38.161290323,1993884.155,31.0,62.0
7300.0,96,1482.071429,41.142857143,2050907.026,28.0,62.0
7400.0,96,1500.5625,38.0625,2104274.07,32.0,64.0
7500.0,96,1519.71875,38.125,2160214.22,32.0,66.0
7600.0,96,1540.290323,40.064516129,2221063.959,31.0,64.0
7700.0,96,1559.466667,41.433333333,2278563.006,30.0,64.0
7800.0,96,1581.633333,43.8,2345939.108,30.0,62.0
7900.0,96,1604.903226,46.6774193548,2417735.081,31.0,64.0
8000.0,96,1627.322581,48.387096774,2487949.125,31.0,62.0
8100.0,96,1646.65625,50.53125,2549311.463,32.0,64.0
8200.0,96,1667.3,54.6,2615680.45,30.0,66.0
8300.0,96,1687.029412,52.823529412,2679873.267,34.0,66.0
8400.0,96,1707.1875,55.28125,2746298.302,32.0,66.0
8500.0,96,1727.967742,58.032258060000004,2815640.26,31.0,64.0
8600.0,96,1745.933333,57.066666670000004,2876239.809,30.0,62.0
8700.0,96,1766.62069,56.68965517,2946831.344,29.0,60.0
8800.0,96,1786.848485,57.45454545,3016698.23,33.0,66.0
8900.0,96,1808.09375,59.6875,3090987.481,32.0,62.0
9000.0,96,1827.875,62.09375,3160985.774,32.0,66.0
9100.0,96,1849.5,59.75,3238295.312,32.0,64.0
9200.0,96,1868.133333,60.16666667,3305712.179,30.0,62.0
9300.0,96,1886.612903,60.354838709999996,3373254.179,31.0,64.0
9400.0,96,1905.193548,58.90322581,3441822.369,31.0,64.0
9500.0,96,1924.866667,56.5,3515167.268,30.0,64.0
9600.0,96,1946.90625,56.90625,3598301.018,32.0,66.0
9700.0,96,1965.242424,57.21212121,3668205.558,33.0,66.0
9800.0,96,1984.96875,60.875,3744222.329,32.0,64.0
9900.0,96,2004.424242,62.42424242,3819928.481,33.0,64.0
10000.0,96,2021.516129,66.77419355,3887157.221,31.0,62.0
0.0,97,50.0,50.0,0.0,37.0,64.0
100.0,97,67.36363636,51.909090909,305.1404959,33.0,66.0
200.0,97,86.44827586,54.24137931,1346.466112,29.0,64.0
300.0,97,105.0,53.939393939,3040.518825,33.0,66.0
400.0,97,123.53571429,53.964285714,5423.216837,28.0,62.0
500.0,97,144.5,52.5625,8936.816406,32.0,66.0
600.0,97,163.9,55.633333332999996,13004.94444,30.0,64.0
700.0,97,185.2121212,54.666666667,18304.0955,33.0,66.0
800.0,97,203.0645161,55.032258065,23454.06972,31.0,66.0
900.0,97,226.1724138,53.206896552,31047.00357,29.0,62.0
1000.0,97,246.40625,53.65625,38588.7832,32.0,66.0
1100.0,97,267.4666667,54.266666667,47309.95556,30.0,62.0
1200.0,97,285.8285714,52.085714286,55619.46531,35.0,66.0
1300.0,97,305.6896552,51.931034483,65380.92866,29.0,62.0
1400.0,97,322.3333333,50.4,74165.60444,30.0,62.0
1500.0,97,341.03125,50.5625,84699.50488,32.0,64.0
1600.0,97,360.75,50.375,96565.70312,32.0,62.0
1700.0,97,381.0333333,50.866666667,109583.8189,30.0,62.0
1800.0,97,400.8181818,50.333333333,123073.5078,33.0,64.0
1900.0,97,417.6363636,48.333333333,135159.2736,33.0,66.0
2000.0,97,434.78125,49.375,148057.001,32.0,64.0
2100.0,97,455.2121212,47.181818182,164204.8053,33.0,64.0
2200.0,97,474.2424242,44.96969697,180006.9385,33.0,64.0
2300.0,97,491.9354839,44.548387097,195336.692,31.0,64.0
2400.0,97,512.5,41.28125,213982.2666,32.0,66.0
2500.0,97,531.3225806,41.677419355,231740.692,31.0,64.0
2600.0,97,550.962963,44.518518519,250993.9369,27.0,64.0
2700.0,97,570.53125,45.78125,270970.5801,32.0,64.0
2800.0,97,594.1666667,48.066666667,296121.0989,30.0,62.0
2900.0,97,614.5625,46.09375,318746.0752,32.0,66.0
3000.0,97,632.8181818,46.06060606061,339692.5519,33.0,66.0
3100.0,97,654.3666667,40.366666667,365351.8689,30.0,62.0
3200.0,97,668.8787879,39.727272727,383116.483,33.0,64.0
3300.0,97,686.9642857,42.535714286,405779.2168,28.0,62.0
3400.0,97,706.0909091,44.090909091,430490.1983,33.0,66.0
3500.0,97,723.6764706,46.6764705882,453851.0329,34.0,64.0
3600.0,97,742.4666667,45.4666666667,479530.6356,30.0,64.0
3700.0,97,761.4193548,49.419354839,506117.8356,31.0,62.0
3800.0,97,780.6129032,47.483870968,533801.5453,31.0,62.0
3900.0,97,800.1290323,47.548387097,562699.5754,31.0,64.0
4000.0,97,820.9393939,48.878787879,594348.8062,33.0,66.0
4100.0,97,839.7419355,50.935483871,623693.1998,31.0,64.0
4200.0,97,860.5714286,50.321428571,657026.1441,28.0,60.0
4300.0,97,879.6896552,50.896551724,688385.7277,29.0,62.0
4400.0,97,897.7096774,52.35483871,718617.2425,31.0,62.0
4500.0,97,915.0666667,51.766666667,748343.4589,30.0,62.0
4600.0,97,934.7272727,53.242424242,782752.8604,33.0,64.0
4700.0,97,954.3636364,53.181818182,817883.7107,33.0,64.0
4800.0,97,976.1935484,56.77419355,857880.3788,31.0,66.0
4900.0,97,993.15625,55.875,889578.2275,32.0,62.0
5000.0,97,1012.4,56.933333329999996,926261.8311,30.0,66.0
5100.0,97,1032.483871,58.5483871,965347.6316,31.0,64.0
5200.0,97,1052.636364,59.21212121,1005364.541,33.0,66.0
5300.0,97,1072.21875,62.0,1045075.173,32.0,62.0
5400.0,97,1093.034483,57.93103448,1087983.834,29.0,62.0
5500.0,97,1112.709677,55.709677419,1129384.459,31.0,64.0
5600.0,97,1131.878788,55.363636364,1170490.48,33.0,66.0
5700.0,97,1150.181818,57.39393939,1210454.703,33.0,64.0
5800.0,97,1170.84375,57.125,1256341.478,32.0,64.0
5900.0,97,1189.758621,59.137931030000004,1299133.215,29.0,64.0
6000.0,97,1209.419355,60.61290323,1344365.874,31.0,62.0
6100.0,97,1228.181818,60.06060606,1388213.612,33.0,66.0
6200.0,97,1249.0,58.93939394,1437680.913,33.0,66.0
6300.0,97,1270.1,54.4,1488663.37,30.0,62.0
6400.0,97,1288.090909,51.939393939,1532872.86,33.0,66.0
6500.0,97,1309.733333,51.4,1586930.031,30.0,66.0
6600.0,97,1329.387097,51.35483871,1636833.179,31.0,66.0
6700.0,97,1348.733333,53.566666667,1686720.992,30.0,64.0
6800.0,97,1367.866667,56.13333333,1736810.169,30.0,66.0
6900.0,97,1386.870968,56.93548387,1787272.085,31.0,66.0
7000.0,97,1405.757576,56.75757576,1838124.269,33.0,64.0
7100.0,97,1424.37931,57.793103450000004,1888979.221,29.0,62.0
7200.0,97,1443.485714,54.657142857,1941824.125,35.0,66.0
7300.0,97,1463.483871,55.096774194,1997962.631,31.0,68.0
7400.0,97,1482.1,55.166666667,2050937.104,30.0,62.0
7500.0,97,1503.28125,51.90625,2112030.025,32.0,64.0
7600.0,97,1523.375,50.15625,2170833.915,32.0,64.0
7700.0,97,1542.53125,49.9375,2227649.536,32.0,68.0
7800.0,97,1558.625,47.9375,2275953.645,32.0,62.0
7900.0,97,1578.939394,45.2424242424,2337678.305,33.0,64.0
8000.0,97,1596.466667,48.466666667,2391561.502,30.0,66.0
8100.0,97,1615.375,51.84375,2450402.29,32.0,66.0
8200.0,97,1639.677419,48.806451613,2527075.722,31.0,64.0
8300.0,97,1661.241379,46.9655172414,2596107.99,29.0,64.0
8400.0,97,1680.676471,48.088235294,2659109.407,34.0,66.0
8500.0,97,1700.387097,49.258064516,2723778.12,31.0,64.0
8600.0,97,1718.75,49.59375,2784726.728,32.0,64.0
8700.0,97,1738.8,49.2,2852046.08,30.0,64.0
8800.0,97,1757.580645,47.258064516,2915839.178,31.0,62.0
8900.0,97,1778.035714,48.5,2986109.68,28.0,64.0
9000.0,97,1797.290323,49.419354839,3053023.809,31.0,66.0
9100.0,97,1816.470588,48.205882353,3120421.558,34.0,66.0
9200.0,97,1835.387097,48.935483871,3187608.219,31.0,66.0
9300.0,97,1853.5625,47.71875,3252842.896,32.0,66.0
9400.0,97,1874.75,45.0,3329737.562,32.0,64.0
9500.0,97,1892.125,41.84375,3393491.04,32.0,64.0
9600.0,97,1915.375,43.0625,3479672.02,32.0,68.0
9700.0,97,1939.034483,41.448275862,3568524.409,29.0,64.0
9800.0,97,1959.8,42.7,3647389.33,30.0,62.0
9900.0,97,1976.6,41.133333333,3711866.178,30.0,64.0
10000.0,97,1997.125,40.875,3791379.031,32.0,66.0
0.0,98,50.0,50.0,0.0,37.0,64.0
100.0,98,69.51612903,50.032258065,380.880333,31.0,64.0
200.0,98,89.36666667,52.6,1556.494444,30.0,66.0
300.0,98,109.12903226,49.548387097,3496.44641,31.0,68.0
400.0,98,128.20689655,47.137931034,6124.510107,29.0,64.0
500.0,98,148.27272729999999,46.7878787879,9667.846648,33.0,64.0
600.0,98,164.516129,45.3870967742,13135.22268,31.0,66.0
700.0,98,183.8529412,44.441176471,17947.51038,34.0,66.0
800.0,98,204.5483871,45.6129032258,23904.45057,31.0,62.0
900.0,98,223.9354839,46.6451612903,30264.80749,31.0,66.0
1000.0,98,241.4137931,42.724137931,36692.17836,29.0,64.0
1100.0,98,260.8064516,43.387096774,44483.09053,31.0,62.0
1200.0,98,283.2068966,42.620689655,54439.91082,29.0,64.0
1300.0,98,301.93333329999996,44.5,63500.65444,30.0,62.0
1400.0,98,320.25,48.375,73037.70312,32.0,64.0
1500.0,98,338.5714286,45.1428571429,83297.06122,35.0,66.0
1600.0,98,357.7931034,49.068965517,94737.46136,29.0,66.0
1700.0,98,375.0645161,49.290322581,105667.4433,31.0,64.0
1800.0,98,392.1176471,48.617647059,117046.3953,34.0,64.0
1900.0,98,413.6451613,51.677419355,132240.6171,31.0,66.0
2000.0,98,432.53125,51.03125,146331.2207,32.0,66.0
2100.0,98,451.9117647,51.735294118,161536.0779,34.0,64.0
2200.0,98,470.3939394,51.424242424,176733.0927,33.0,66.0
2300.0,98,491.9285714,51.785714286,195304.051,28.0,62.0
2400.0,98,514.137931,51.793103448,215427.2342,29.0,66.0
2500.0,98,533.516129,50.225806452,233787.898,31.0,64.0
2600.0,98,552.8484848,51.96969697,252860.4784,33.0,66.0
2700.0,98,568.2666667,53.6,268613.2978,30.0,62.0
2800.0,98,587.6333333,54.0,289065.6011,30.0,64.0
2900.0,98,606.1818182,54.848484848,309361.7227,33.0,64.0
3000.0,98,627.2058824,53.5,333178.8806,34.0,64.0
3100.0,98,649.4242424,57.33333333,359363.2002,33.0,66.0
3200.0,98,667.5625,61.78125,381522.2393,32.0,64.0
3300.0,98,688.5625,61.46875,407893.5986,32.0,66.0
3400.0,98,708.59375,57.75,433805.79,32.0,64.0
3500.0,98,727.5625,56.28125,459130.3955,32.0,66.0
3600.0,98,747.2,55.966666667,486123.4411,30.0,62.0
3700.0,98,763.9333333,58.83333333,509778.8322,30.0,66.0
3800.0,98,783.9310345,59.24137931,538740.1665,29.0,62.0
3900.0,98,803.0606061,61.121212119999996,567223.9578,33.0,66.0
4000.0,98,822.9642857,62.642857140000004,597633.6288,28.0,66.0
4100.0,98,844.375,60.75,631147.2031,32.0,66.0
4200.0,98,865.6774194,59.77419355,665425.1873,31.0,62.0
4300.0,98,883.2068966,58.5862069,694307.4554,29.0,66.0
4400.0,98,902.1612903,60.77419355,726294.948,31.0,62.0
4500.0,98,923.0344828,62.103448279999995,762335.7015,29.0,68.0
4600.0,98,939.7419355,61.38709677,791770.3777,31.0,60.0
4700.0,98,959.6451613,58.38709677,827524.6629,31.0,62.0
4800.0,98,979.1142857,56.68571429,863298.0547,35.0,68.0
4900.0,98,999.2413793,52.75862069,901066.8062,29.0,62.0
5000.0,98,1019.7647059,53.705882353,940457.3183,34.0,66.0
5100.0,98,1039.6666667,54.7,979462.2011,30.0,62.0
5200.0,98,1059.275862,53.344827586,1018648.954,29.0,62.0
5300.0,98,1078.96875,56.4375,1058818.13,32.0,64.0
5400.0,98,1098.8125,55.3125,1100035.883,32.0,66.0
5500.0,98,1116.125,56.78125,1136668.501,32.0,64.0
5600.0,98,1134.333333,53.4,1175790.338,30.0,66.0
5700.0,98,1153.931034,56.44827586,1218705.309,29.0,60.0
5800.0,98,1174.107143,57.32142857,1263670.472,28.0,64.0
5900.0,98,1195.969697,55.212121212,1313273.713,33.0,66.0
6000.0,98,1215.366667,57.933333329999996,1358142.406,30.0,60.0
6100.0,98,1232.15625,60.9375,1397613.028,32.0,68.0
6200.0,98,1250.032258,60.90322581,1440196.301,31.0,64.0
6300.0,98,1270.606061,63.272727270000004,1490055.32,33.0,66.0
6400.0,98,1291.666667,62.86666667,1541901.662,30.0,62.0
6500.0,98,1309.46875,62.3125,1586413.13,32.0,64.0
6600.0,98,1329.181818,62.81818182,1636470.43,33.0,64.0
6700.0,98,1346.848485,59.3030303,1681902.539,33.0,66.0
6800.0,98,1368.9,58.4,1739567.77,30.0,62.0
6900.0,98,1389.666667,57.76666667,1794767.099,30.0,62.0
7000.0,98,1409.0,59.51724138,1846971.578,29.0,64.0
7100.0,98,1429.176471,63.382352940000004,1902306.824,34.0,66.0
7200.0,98,1449.766667,65.56666667,1959589.042,30.0,62.0
7300.0,98,1470.225806,66.67741935000001,2017319.478,31.0,64.0
7400.0,98,1491.363636,70.6969697,2077957.497,33.0,66.0
7500.0,98,1511.333333,72.2,2135987.951,30.0,64.0
7600.0,98,1528.878788,72.63636364,2187594.874,33.0,64.0
7700.0,98,1547.4375,71.84375,2242796.216,32.0,64.0
7800.0,98,1567.612903,67.61290323,2303459.138,31.0,62.0
7900.0,98,1586.612903,67.03225806,2361469.312,31.0,64.0
8000.0,98,1607.965517,67.96551724,2427579.313,29.0,64.0
8100.0,98,1625.848485,66.93939394,2483585.39,33.0,66.0
8200.0,98,1644.7,66.86666667,2543352.574,30.0,62.0
8300.0,98,1665.517241,66.37931034,2610164.239,29.0,60.0
8400.0,98,1684.266667,67.86666667,2671146.756,30.0,66.0
8500.0,98,1701.16129,62.22580645,2726483.077,31.0,62.0
8600.0,98,1723.741935,61.48387097,2801543.946,31.0,62.0
8700.0,98,1744.4375,60.125,2871220.957,32.0,66.0
8800.0,98,1764.225806,61.16129032,2938694.69,31.0,62.0
8900.0,98,1780.032258,62.38709677,2993165.054,31.0,64.0
9000.0,98,1801.733333,64.8,3068788.711,30.0,64.0
9100.0,98,1818.580645,62.67741935,3128038.215,31.0,66.0
9200.0,98,1838.0,65.5,3197184.25,30.0,66.0
9300.0,98,1857.206897,67.03448276,3266286.941,29.0,62.0
9400.0,98,1879.0,66.51724138,3345513.819,29.0,62.0
9500.0,98,1900.103448,64.27586207,3423086.57,29.0,62.0
9600.0,98,1917.558824,59.35294118,3487863.437,34.0,66.0
9700.0,98,1938.0,58.22580645,3564611.664,31.0,66.0
9800.0,98,1954.78125,61.59375,3628326.025,32.0,66.0
9900.0,98,1972.625,61.0,3696607.891,32.0,64.0
10000.0,98,1992.5625,61.15625,3773673.528,32.0,64.0
0.0,99,50.0,50.0,0.0,37.0,64.0
100.0,99,70.33333333,46.4,426.4044444,30.0,62.0
200.0,99,88.96875,45.59375,1537.978516,32.0,64.0
300.0,99,108.96666667,48.133333333,3480.552222,30.0,62.0
400.0,99,129.87096774,50.838709677,6380.074922,31.0,62.0
500.0,99,146.24242420000002,50.757575758,9263.178145,33.0,64.0
600.0,99,165.2258065,51.774193548,13280.13424,31.0,62.0
700.0,99,186.4285714,52.514285713999996,18619.07673,35.0,66.0
800.0,99,206.9285714,52.5,24632.82653,28.0,64.0
900.0,99,225.8965517,52.034482759,30943.73603,29.0,66.0
1000.0,99,247.6363636,53.515151515,39072.48852,33.0,68.0
1100.0,99,269.8125,52.125,48322.05078,32.0,62.0
1200.0,99,286.0333333,52.533333333,55718.15222,30.0,64.0
1300.0,99,305.6875,52.71875,65383.48926,32.0,66.0
1400.0,99,323.8275862,52.827586207,74989.54221,29.0,60.0
1500.0,99,344.2424242,50.818181818,86579.27365,33.0,66.0
1600.0,99,362.7272727,51.606060606,97800.92654,33.0,66.0
1700.0,99,384.1935484,51.64516129,111688.0343,31.0,68.0
1800.0,99,406.9090909,52.363636364,127389.686,33.0,66.0
1900.0,99,425.2903226,50.967741935,140843.7627,31.0,66.0
2000.0,99,446.15625,53.25,156950.3369,32.0,66.0
2100.0,99,465.9,53.0,172981.81,30.0,62.0
2200.0,99,484.9666667,52.833333333,189204.0289,30.0,62.0
2300.0,99,506.4,54.1,208317.77,30.0,66.0
2400.0,99,523.5483871,55.774193548,224281.4162,31.0,64.0
2500.0,99,538.7419355,57.51612903,238925.1717,31.0,64.0
2600.0,99,560.3793103,57.51724138,260543.5493,29.0,62.0
2700.0,99,580.3548387,59.032258060000004,281357.8366,31.0,64.0
2800.0,99,600.875,59.8125,303559.5508,32.0,66.0
2900.0,99,622.0645161,59.25806452,327343.5224,31.0,62.0
3000.0,99,640.34375,61.34375,348634.4238,32.0,64.0
3100.0,99,660.2580645,60.29032258,372520.796,31.0,64.0
3200.0,99,680.8387097,60.4516129,398066.7138,31.0,62.0
3300.0,99,699.8823529,58.67647059,422422.3538,34.0,66.0
3400.0,99,723.1935484,56.12903226,453227.1186,31.0,62.0
3500.0,99,742.5,53.2,479566.49,30.0,66.0
3600.0,99,759.7272727,54.575757576,503733.7392,33.0,64.0
3700.0,99,781.4444444,55.777777778,535044.358,27.0,64.0
3800.0,99,802.5483871,53.677419355,566342.5983,31.0,64.0
3900.0,99,819.8275862,54.034482759,592650.7895,29.0,62.0
4000.0,99,839.5454545,53.787878788,623396.3728,33.0,64.0
4100.0,99,860.0,55.838709677,656134.0905,31.0,64.0
4200.0,99,878.4,56.16666667,686284.5878,30.0,64.0
4300.0,99,898.34375,56.5625,719730.1846,32.0,64.0
4400.0,99,917.1875,54.71875,752036.4268,32.0,64.0
4500.0,99,936.8666667,53.166666667,786542.5122,30.0,66.0
4600.0,99,957.0333333,54.033333333,822725.7356,30.0,62.0
4700.0,99,979.0,54.303030303,863059.5161,33.0,64.0
4800.0,99,999.0857143,55.6,900795.0531,35.0,66.0
4900.0,99,1019.1612903,52.612903226,939280.4339,31.0,64.0
5000.0,99,1039.8064516,51.451612903,979718.9188,31.0,64.0
5100.0,99,1059.8965520000002,53.413793103,1019902.699,29.0,64.0
5200.0,99,1076.757576,50.939393939,1054232.002,33.0,64.0
5300.0,99,1095.272727,56.21212121,1092633.665,33.0,64.0
5400.0,99,1116.029412,54.676470588,1136440.576,34.0,66.0
5500.0,99,1132.866667,53.566666667,1172612.939,30.0,66.0
5600.0,99,1151.645161,54.612903226,1213643.34,31.0,62.0
5700.0,99,1173.090909,54.666666667,1261354.968,33.0,64.0
5800.0,99,1192.69697,52.727272727,1305763.803,33.0,66.0
5900.0,99,1212.628571,54.428571429,1351724.807,35.0,64.0
6000.0,99,1232.166667,55.066666667,1397543.699,30.0,64.0
6100.0,99,1250.096774,53.290322581,1440243.094,31.0,66.0
6200.0,99,1268.612903,54.129032258,1485034.457,31.0,64.0
6300.0,99,1288.7,54.666666667,1534399.468,30.0,66.0
6400.0,99,1308.433333,58.66666667,1583729.566,30.0,60.0
6500.0,99,1328.433333,59.96666667,1634491.122,30.0,64.0
6600.0,99,1347.071429,61.28571429,1682521.658,28.0,60.0
6700.0,99,1366.612903,63.16129032,1733642.757,31.0,62.0
6800.0,99,1384.818182,65.06060606,1781966.4,33.0,66.0
6900.0,99,1402.433333,64.8,1829294.961,30.0,62.0
7000.0,99,1420.3125,64.5,1877966.598,32.0,64.0
7100.0,99,1438.666667,64.36666667,1928601.512,30.0,62.0
7200.0,99,1460.035714,64.82142857,1988420.39,28.0,60.0
7300.0,99,1480.151515,58.96969697,2045413.812,33.0,66.0
7400.0,99,1500.5,57.94117647,2104013.312,34.0,66.0
7500.0,99,1518.096774,56.51612903,2155350.598,31.0,64.0
7600.0,99,1538.117647,57.117647059999996,2214544.792,34.0,66.0
7700.0,99,1561.448276,58.44827586,2284547.264,29.0,64.0
7800.0,99,1582.566667,56.53333333,2348803.272,30.0,60.0
7900.0,99,1603.176471,54.294117647,2412375.588,34.0,64.0
8000.0,99,1625.068966,54.034482759,2480858.523,29.0,64.0
8100.0,99,1644.53125,57.71875,2542589.486,32.0,66.0
8200.0,99,1663.970588,55.529411765,2604931.634,34.0,66.0
8300.0,99,1682.533333,57.16666667,2665216.446,30.0,64.0
8400.0,99,1702.90625,58.09375,2732164.58,32.0,66.0
8500.0,99,1721.84375,58.5625,2795134.841,32.0,66.0
8600.0,99,1741.1875,60.5625,2860226.727,32.0,64.0
8700.0,99,1759.586207,57.06896552,2922734.969,29.0,62.0
8800.0,99,1778.4,54.966666667,2987391.228,30.0,64.0
8900.0,99,1798.181818,53.696969697,3056153.337,33.0,68.0
9000.0,99,1814.411765,55.911764706,3113183.824,34.0,64.0
9100.0,99,1832.5,56.09375,3177343.384,32.0,66.0
9200.0,99,1852.941176,55.882352941,3250631.488,34.0,64.0
9300.0,99,1870.40625,57.78125,3313939.463,32.0,64.0
9400.0,99,1889.666667,61.3,3384501.134,30.0,64.0
9500.0,99,1908.5,59.28571429,3454108.474,28.0,62.0
9600.0,99,1928.821429,57.92857143,3530032.823,28.0,64.0
9700.0,99,1949.029412,61.382352940000004,3606442.265,34.0,68.0
9800.0,99,1969.866667,61.0,3686009.018,30.0,68.0
9900.0,99,1989.2,59.77142857,3760592.121,35.0,68.0
10000.0,99,2008.411765,57.76470588,3835436.931,34.0,64.0