time,id,com_1,com_2,area,surface
100,0,55.8643,51.3105,222.34,52.86
200,0,62.3954,51.4483,222.34,52.86
300,0,68.244,51.3833,222.34,52.86
400,0,74.6699,51.0135,222.34,52.86
500,0,80.6466,50.1434,222.34,52.86
600,0,86.8204,50.2855,222.34,52.86
700,0,93.2818,50.7211,222.34,52.86
800,0,100.042,49.8952,222.34,52.86
900,0,106.29,49.7809,222.34,52.86
1000,0,112.634,50.1768,222.34,52.86
1100,0,118.587,50.2451,222.34,52.86
1200,0,124.905,50.5015,222.34,52.86
1300,0,130.974,50.5955,222.34,52.86
1400,0,137.335,51.1505,222.34,52.86
1500,0,143.9,51.622,222.34,52.86
1600,0,149.911,52.0668,222.34,52.86
1700,0,155.986,51.7733,222.34,52.86
1800,0,162.374,51.574,222.34,52.86
1900,0,168.844,50.8863,222.34,52.86
2000,0,174.789,50.6419,222.34,52.86
2100,0,181.271,50.1615,222.34,52.86
2200,0,187.924,48.9261,222.34,52.86
2300,0,194.062,48.6618,222.34,52.86
2400,0,200.935,48.7786,222.34,52.86
2500,0,207.567,49.6511,222.34,52.86
2600,0,213.573,48.7306,222.34,52.86
2700,0,220.037,50.0045,222.34,52.86
2800,0,225.872,49.3741,222.34,52.86
2900,0,232.396,50.5687,222.34,52.86
3000,0,238.824,50.3086,222.34,52.86
3100,0,245.016,49.9555,222.34,52.86
3200,0,250.83,49.6686,222.34,52.86
3300,0,257.2,50.1389,222.34,52.86
3400,0,263.505,49.4331,222.34,52.86
3500,0,269.805,49.6292,222.34,52.86
3600,0,276.303,50.3077,222.34,52.86
3700,0,283.007,50.2077,222.34,52.86
3800,0,289.133,49.4488,222.34,52.86
3900,0,295.034,49.5148,222.34,52.86
4000,0,300.928,47.5763,222.34,52.86
4100,0,307.455,47.7319,222.34,52.86
4200,0,314.143,47.5724,222.34,52.86
4300,0,321.177,46.8172,222.34,52.86
4400,0,327.258,47.5376,222.34,52.86
4500,0,333.786,48.4947,222.34,52.86
4600,0,340.455,48.4879,222.34,52.86
4700,0,346.7,47.7334,222.34,52.86
4800,0,353.142,46.9004,222.34,52.86
4900,0,359.605,47.2103,222.34,52.86
5000,0,366.142,48.278,222.34,52.86
5100,0,372.657,49.6781,222.34,52.86
5200,0,379.008,50.1871,222.34,52.86
5300,0,385.099,50.9227,222.34,52.86
5400,0,390.685,51.157,222.34,52.86
5500,0,396.355,50.5473,222.34,52.86
5600,0,402.849,51.0929,222.34,52.86
5700,0,409.283,50.8549,222.34,52.86
5800,0,415.898,50.5823,222.34,52.86
5900,0,422.652,51.1129,222.34,52.86
6000,0,428.766,51.3951,222.34,52.86
6100,0,435.373,51.9416,222.34,52.86
6200,0,441.993,53.2739,222.34,52.86
6300,0,448.549,53.9097,222.34,52.86
6400,0,454.702,53.3147,222.34,52.86
6500,0,461.467,54.8366,222.34,52.86
6600,0,467.557,55.1983,222.34,52.86
6700,0,473.319,55.2969,222.34,52.86
6800,0,479.333,55.9165,222.34,52.86
6900,0,485.394,55.9275,222.34,52.86
7000,0,492.43,55.7939,222.34,52.86
7100,0,498.867,56.4925,222.34,52.86
7200,0,505.471,56.1614,222.34,52.86
7300,0,511.488,56.514,222.34,52.86
7400,0,517.619,58.3005,222.34,52.86
7500,0,524.051,57.0775,222.34,52.86
7600,0,530.233,56.6378,222.34,52.86
7700,0,536.838,56.7363,222.34,52.86
7800,0,543.017,57.4132,222.34,52.86
7900,0,548.728,57.1482,222.34,52.86
8000,0,554.802,55.7592,222.34,52.86
8100,0,560.914,56.5522,222.34,52.86
8200,0,567.149,56.1011,222.34,52.86
8300,0,574.171,56.4357,222.34,52.86
8400,0,580.537,55.9477,222.34,52.86
8500,0,586.556,55.2808,222.34,52.86
8600,0,592.76,55.616,222.34,52.86
8700,0,599.239,55.3766,222.34,52.86
8800,0,606.075,56.1654,222.34,52.86
8900,0,612.265,55.5452,222.34,52.86
9000,0,618.674,55.021,222.34,52.86
9100,0,624.873,56.2563,222.34,52.86
9200,0,631.615,55.8048,222.34,52.86
9300,0,637.888,56.3632,222.34,52.86
9400,0,644.556,56.2788,222.34,52.86
9500,0,650.665,55.9355,222.34,52.86
9600,0,656.99,54.6963,222.34,52.86
9700,0,663.589,54.7714,222.34,52.86
9800,0,669.888,54.6257,222.34,52.86
9900,0,676.295,54.2358,222.34,52.86
10000,0,683.427,53.7719,222.34,52.86
100,1,56.3181,49.2468,222.34,52.86
200,1,62.8743,48.7942,222.34,52.86
300,1,69.3882,47.3399,222.34,52.86
400,1,76.0414,46.8534,222.34,52.86
500,1,82.559,46.9744,222.34,52.86
600,1,89.2346,44.774,222.34,52.86
700,1,95.3799,45.7181,222.34,52.86
800,1,101.47,45.0974,222.34,52.86
900,1,107.645,44.2198,222.34,52.86
1000,1,113.781,44.7377,222.34,52.86
1100,1,120.338,44.9954,222.34,52.86
1200,1,126.314,44.9559,222.34,52.86
1300,1,131.847,45.9793,222.34,52.86
1400,1,137.977,47.1068,222.34,52.86
1500,1,144.309,48.6114,222.34,52.86
1600,1,150.099,48.2687,222.34,52.86
1700,1,156.604,48.9058,222.34,52.86
1800,1,162.998,48.8948,222.34,52.86
1900,1,168.884,49.8442,222.34,52.86
2000,1,175.566,49.6962,222.34,52.86
2100,1,181.462,50.7245,222.34,52.86
2200,1,187.474,50.787,222.34,52.86
2300,1,193.692,49.8856,222.34,52.86
2400,1,199.958,50.3542,222.34,52.86
2500,1,205.948,51.9848,222.34,52.86
2600,1,212.548,51.3728,222.34,52.86
2700,1,219.319,51.5338,222.34,52.86
2800,1,225.593,51.4117,222.34,52.86
2900,1,231.877,51.0073,222.34,52.86
3000,1,238.117,50.4035,222.34,52.86
3100,1,245.089,50.4789,222.34,52.86
3200,1,251.334,51.1481,222.34,52.86
3300,1,257.785,50.9931,222.34,52.86
3400,1,264.28,52.1597,222.34,52.86
3500,1,271.133,51.747,222.34,52.86
3600,1,277.705,51.0157,222.34,52.86
3700,1,284.142,49.8835,222.34,52.86
3800,1,290.808,49.9494,222.34,52.86
3900,1,297.068,50.5978,222.34,52.86
4000,1,303.178,50.6547,222.34,52.86
4100,1,309.576,50.9548,222.34,52.86
4200,1,316.276,51.9248,222.34,52.86
4300,1,323.003,50.5854,222.34,52.86
4400,1,328.977,50.3182,222.34,52.86
4500,1,335.418,49.6057,222.34,52.86
4600,1,341.851,49.7895,222.34,52.86
4700,1,348.677,50.1043,222.34,52.86
4800,1,355.234,48.8517,222.34,52.86
4900,1,362.052,47.8414,222.34,52.86
5000,1,369.041,48.0761,222.34,52.86
5100,1,375.153,47.8351,222.34,52.86
5200,1,381.829,48.4967,222.34,52.86
5300,1,388.299,48.8294,222.34,52.86
5400,1,394.1,48.8438,222.34,52.86
5500,1,400.342,49.2617,222.34,52.86
5600,1,407.043,49.9504,222.34,52.86
5700,1,413.678,49.0634,222.34,52.86
5800,1,419.907,49.9049,222.34,52.86
5900,1,426.552,49.4606,222.34,52.86
6000,1,432.356,48.8288,222.34,52.86
6100,1,438.71,48.7513,222.34,52.86
6200,1,444.937,47.9684,222.34,52.86
6300,1,451.4,46.9668,222.34,52.86
6400,1,457.987,46.0955,222.34,52.86
6500,1,464.286,46.2967,222.34,52.86
6600,1,470.583,47.0262,222.34,52.86
6700,1,477.226,47.7424,222.34,52.86
6800,1,483.474,46.8366,222.34,52.86
6900,1,489.728,45.9157,222.34,52.86
7000,1,496.76,46.2675,222.34,52.86
7100,1,502.767,45.3123,222.34,52.86
7200,1,509.232,45.104,222.34,52.86
7300,1,515.746,45.7723,222.34,52.86
7400,1,522.321,45.6953,222.34,52.86
7500,1,528.851,45.4862,222.34,52.86
7600,1,535.497,45.8675,222.34,52.86
7700,1,542.071,45.0454,222.34,52.86
7800,1,548.389,45.8777,222.34,52.86
7900,1,554.805,46.0964,222.34,52.86
8000,1,560.801,46.4887,222.34,52.86
8100,1,567.991,46.9025,222.34,52.86
8200,1,574.197,46.7979,222.34,52.86
8300,1,580.247,45.7445,222.34,52.86
8400,1,586.879,45.3561,222.34,52.86
8500,1,592.839,45.6513,222.34,52.86
8600,1,598.621,45.9523,222.34,52.86
8700,1,605.066,45.2931,222.34,52.86
8800,1,611.717,45.7272,222.34,52.86
8900,1,618.263,45.2994,222.34,52.86
9000,1,624.95,44.3294,222.34,52.86
9100,1,631.135,43.9394,222.34,52.86
9200,1,637.812,43.482,222.34,52.86
9300,1,644.223,44.3688,222.34,52.86
9400,1,650.747,44.4828,222.34,52.86
9500,1,657.116,44.8431,222.34,52.86
9600,1,663.279,45.0203,222.34,52.86
9700,1,669.851,45.1438,222.34,52.86
9800,1,675.95,44.8017,222.34,52.86
9900,1,682.511,44.5906,222.34,52.86
10000,1,688.409,44.0646,222.34,52.86
100,2,56.4066,50.381,222.34,52.86
200,2,62.8016,50.5043,222.34,52.86
300,2,68.9772,49.7483,222.34,52.86
400,2,75.5655,49.4776,222.34,52.86
500,2,81.7011,48.7252,222.34,52.86
600,2,88.5198,49.6182,222.34,52.86
700,2,94.9748,50.6891,222.34,52.86
800,2,101.593,51.1228,222.34,52.86
900,2,108.39,50.9526,222.34,52.86
1000,2,114.601,51.2032,222.34,52.86
1100,2,120.758,51.3507,222.34,52.86
1200,2,127.398,53.489,222.34,52.86
1300,2,134.092,54.9471,222.34,52.86
1400,2,140.738,55.952,222.34,52.86
1500,2,147.25,56.1241,222.34,52.86
1600,2,153.08,56.1615,222.34,52.86
1700,2,159.545,56.9389,222.34,52.86
1800,2,165.948,56.9319,222.34,52.86
1900,2,172.443,57.015,222.34,52.86
2000,2,178.728,55.4178,222.34,52.86
2100,2,185.295,55.6638,222.34,52.86
2200,2,192.059,55.2964,222.34,52.86
2300,2,198.586,56.965,222.34,52.86
2400,2,204.952,58.0395,222.34,52.86
2500,2,211.391,59.4175,222.34,52.86
2600,2,217.28,59.2366,222.34,52.86
2700,2,223.714,59.5303,222.34,52.86
2800,2,230.178,58.9586,222.34,52.86
2900,2,236.524,59.3858,222.34,52.86
3000,2,243.151,60.7738,222.34,52.86
3100,2,249.374,60.8344,222.34,52.86
3200,2,255.841,61.2948,222.34,52.86
3300,2,262.263,61.1431,222.34,52.86
3400,2,268.517,62.0962,222.34,52.86
3500,2,274.911,61.3234,222.34,52.86
3600,2,281.181,60.9962,222.34,52.86
3700,2,287.091,62.0529,222.34,52.86
3800,2,293.724,62.1919,222.34,52.86
3900,2,299.931,62.9133,222.34,52.86
4000,2,306.104,63.2759,222.34,52.86
4100,2,311.598,63.7014,222.34,52.86
4200,2,318.029,63.9848,222.34,52.86
4300,2,324.552,64.047,222.34,52.86
4400,2,330.958,64.6897,222.34,52.86
4500,2,337.4,65.0159,222.34,52.86
4600,2,343.769,65.9941,222.34,52.86
4700,2,350.2,65.5794,222.34,52.86
4800,2,356.743,66.2066,222.34,52.86
4900,2,363.003,66.7136,222.34,52.86
5000,2,369.839,67.5807,222.34,52.86
5100,2,376.118,68.1879,222.34,52.86
5200,2,382.032,68.3099,222.34,52.86
5300,2,389.291,68.8551,222.34,52.86
5400,2,396.156,69.0195,222.34,52.86
5500,2,402.088,69.6688,222.34,52.86
5600,2,408.493,70.7627,222.34,52.86
5700,2,414.721,71.2889,222.34,52.86
5800,2,421.038,72.5205,222.34,52.86
5900,2,427.512,71.8068,222.34,52.86
6000,2,433.717,71.4631,222.34,52.86
6100,2,439.645,71.6863,222.34,52.86
6200,2,445.647,70.8201,222.34,52.86
6300,2,452.181,70.2451,222.34,52.86
6400,2,458.7,70.8478,222.34,52.86
6500,2,464.97,70.2151,222.34,52.86
6600,2,471.293,70.9596,222.34,52.86
6700,2,477.879,70.4809,222.34,52.86
6800,2,484.229,71.3947,222.34,52.86
6900,2,491.047,71.2835,222.34,52.86
7000,2,497.493,71.0616,222.34,52.86
7100,2,503.515,70.814,222.34,52.86
7200,2,510.285,71.7051,222.34,52.86
7300,2,516.37,71.6574,222.34,52.86
7400,2,523.261,70.8371,222.34,52.86
7500,2,529.907,70.3652,222.34,52.86
7600,2,536.615,71.3474,222.34,52.86
7700,2,542.766,70.8258,222.34,52.86
7800,2,549.598,70.9953,222.34,52.86
7900,2,555.935,70.5328,222.34,52.86
8000,2,562.454,70.4793,222.34,52.86
8100,2,568.963,70.0613,222.34,52.86
8200,2,574.951,70.375,222.34,52.86
8300,2,581.426,71.604,222.34,52.86
8400,2,587.321,70.333,222.34,52.86
8500,2,593.865,68.7514,222.34,52.86
8600,2,600.365,67.6275,222.34,52.86
8700,2,606.415,68.9201,222.34,52.86
8800,2,613.022,67.9742,222.34,52.86
8900,2,619.526,68.3361,222.34,52.86
9000,2,626.043,68.2042,222.34,52.86
9100,2,632.619,68.9738,222.34,52.86
9200,2,639.187,68.2214,222.34,52.86
9300,2,645.545,68.5172,222.34,52.86
9400,2,652.442,68.2019,222.34,52.86
9500,2,658.84,67.2669,222.34,52.86
9600,2,665.138,67.2314,222.34,52.86
9700,2,671.578,67.151,222.34,52.86
9800,2,678.224,67.5324,222.34,52.86
9900,2,684.816,68.4373,222.34,52.86
10000,2,691.182,68.7652,222.34,52.86
100,3,56.5292,51.1065,222.34,52.86
200,3,62.3925,51.3132,222.34,52.86
300,3,68.3476,50.2723,222.34,52.86
400,3,74.9476,49.9112,222.34,52.86
500,3,81.8209,50.7803,222.34,52.86
600,3,88.0815,50.7281,222.34,52.86
700,3,94.3785,49.8763,222.34,52.86
800,3,100.906,49.1036,222.34,52.86
900,3,107.661,48.1069,222.34,52.86
1000,3,114.064,48.4811,222.34,52.86
1100,3,120.754,49.5959,222.34,52.86
1200,3,126.923,49.6148,222.34,52.86
1300,3,133.71,51.011,222.34,52.86
1400,3,140.301,50.787,222.34,52.86
1500,3,146.646,50.8026,222.34,52.86
1600,3,152.877,51.7396,222.34,52.86
1700,3,159.25,52.3546,222.34,52.86
1800,3,165.788,52.715,222.34,52.86
1900,3,172.398,54.255,222.34,52.86
2000,3,178.556,54.6005,222.34,52.86
2100,3,184.999,53.6249,222.34,52.86
2200,3,191.269,53.2871,222.34,52.86
2300,3,197.666,53.0147,222.34,52.86
2400,3,203.794,53.1276,222.34,52.86
2500,3,210.859,54.1068,222.34,52.86
2600,3,216.981,54.769,222.34,52.86
2700,3,222.98,53.5675,222.34,52.86
2800,3,228.952,52.7059,222.34,52.86
2900,3,235.203,52.2642,222.34,52.86
3000,3,242.024,51.1048,222.34,52.86
3100,3,248.243,49.9095,222.34,52.86
3200,3,254.45,50.1589,222.34,52.86
3300,3,261.414,50.4054,222.34,52.86
3400,3,267.991,50.9034,222.34,52.86
3500,3,274.427,51.7051,222.34,52.86
3600,3,280.878,51.7869,222.34,52.86
3700,3,287.178,51.2864,222.34,52.86
3800,3,293.652,51.1234,222.34,52.86
3900,3,300.146,50.3983,222.34,52.86
4000,3,306.457,50.5283,222.34,52.86
4100,3,312.209,50.9354,222.34,52.86
4200,3,318.611,50.2968,222.34,52.86
4300,3,325.408,49.2717,222.34,52.86
4400,3,332.053,49.7013,222.34,52.86
4500,3,338.064,49.0015,222.34,52.86
4600,3,344.327,48.781,222.34,52.86
4700,3,350.66,48.9622,222.34,52.86
4800,3,356.92,48.0812,222.34,52.86
4900,3,363.526,47.9414,222.34,52.86
5000,3,369.734,48.5739,222.34,52.86
5100,3,376.564,48.443,222.34,52.86
5200,3,383.306,49.5326,222.34,52.86
5300,3,389.518,49.2159,222.34,52.86
5400,3,396.059,49.661,222.34,52.86
5500,3,402.496,50.2369,222.34,52.86
5600,3,409.066,49.786,222.34,52.86
5700,3,415.845,50.2648,222.34,52.86
5800,3,421.913,50.9653,222.34,52.86
5900,3,428.3,51.6176,222.34,52.86
6000,3,434.509,51.1876,222.34,52.86
6100,3,441.033,51.4548,222.34,52.86
6200,3,447.36,51.5476,222.34,52.86
6300,3,453.866,50.9768,222.34,52.86
6400,3,460.582,51.1264,222.34,52.86
6500,3,466.897,50.6044,222.34,52.86
6600,3,473.146,49.8358,222.34,52.86
6700,3,479.602,50.3477,222.34,52.86
6800,3,486.337,51.0559,222.34,52.86
6900,3,492.064,51.9411,222.34,52.86
7000,3,498.924,50.633,222.34,52.86
7100,3,505.649,50.903,222.34,52.86
7200,3,511.678,51.652,222.34,52.86
7300,3,517.966,51.656,222.34,52.86
7400,3,524.521,51.4315,222.34,52.86
7500,3,530.731,51.0541,222.34,52.86
7600,3,536.829,51.7047,222.34,52.86
7700,3,542.96,51.2203,222.34,52.86
7800,3,549.066,51.9086,222.34,52.86
7900,3,555.422,51.3086,222.34,52.86
8000,3,561.501,50.7985,222.34,52.86
8100,3,567.749,50.6515,222.34,52.86
8200,3,574.205,50.795,222.34,52.86
8300,3,580.371,51.4042,222.34,52.86
8400,3,586.644,51.019,222.34,52.86
8500,3,593.4,52.5003,222.34,52.86
8600,3,599.517,51.7189,222.34,52.86
8700,3,605.745,51.9297,222.34,52.86
8800,3,611.674,52.9393,222.34,52.86
8900,3,617.793,53.5527,222.34,52.86
9000,3,624.108,54.1452,222.34,52.86
9100,3,630.424,53.1615,222.34,52.86
9200,3,636.516,53.4974,222.34,52.86
9300,3,642.852,53.7128,222.34,52.86
9400,3,649.118,53.6265,222.34,52.86
9500,3,655.92,53.1601,222.34,52.86
9600,3,662.13,53.5388,222.34,52.86
9700,3,668.059,54.0122,222.34,52.86
9800,3,675.024,53.7887,222.34,52.86
9900,3,681.699,52.8649,222.34,52.86
10000,3,687.808,52.7652,222.34,52.86
100,4,56.2,49.2573,222.34,52.86
200,4,62.7793,48.8749,222.34,52.86
300,4,69.314,49.0385,222.34,52.86
400,4,75.5327,48.7336,222.34,52.86
500,4,82.1769,48.5864,222.34,52.86
600,4,88.4138,47.8005,222.34,52.86
700,4,95.2207,47.8589,222.34,52.86
800,4,102.02,48.328,222.34,52.86
900,4,108.432,48.2301,222.34,52.86
1000,4,115.162,48.6198,222.34,52.86
1100,4,121.399,47.1876,222.34,52.86
1200,4,127.384,48.5846,222.34,52.86
1300,4,133.443,47.7164,222.34,52.86
1400,4,139.77,47.2161,222.34,52.86
1500,4,146.145,47.2554,222.34,52.86
1600,4,151.928,46.6613,222.34,52.86
1700,4,158.855,46.513,222.34,52.86
1800,4,165.203,45.937,222.34,52.86
1900,4,171.785,45.6571,222.34,52.86
2000,4,178.56,46.3119,222.34,52.86
2100,4,184.754,46.7394,222.34,52.86
2200,4,190.767,45.7236,222.34,52.86
2300,4,196.514,47.2155,222.34,52.86
2400,4,202.491,47.4279,222.34,52.86
2500,4,208.618,46.8226,222.34,52.86
2600,4,214.652,46.6218,222.34,52.86
2700,4,220.912,46.0963,222.34,52.86
2800,4,226.801,45.3408,222.34,52.86
2900,4,233.335,45.5038,222.34,52.86
3000,4,239.342,45.0215,222.34,52.86
3100,4,245.85,45.4889,222.34,52.86
3200,4,251.834,45.0684,222.34,52.86
3300,4,257.401,46.8736,222.34,52.86
3400,4,263.244,46.4037,222.34,52.86
3500,4,269.671,46.4001,222.34,52.86
3600,4,275.548,45.0489,222.34,52.86
3700,4,282.06,44.3939,222.34,52.86
3800,4,289.004,44.5943,222.34,52.86
3900,4,295.464,44.9405,222.34,52.86
4000,4,301.493,43.5984,222.34,52.86
4100,4,307.465,42.8421,222.34,52.86
4200,4,314.064,42.9116,222.34,52.86
4300,4,319.946,41.9241,222.34,52.86
4400,4,326.605,42.1845,222.34,52.86
4500,4,333.161,41.6301,222.34,52.86
4600,4,339.603,41.6257,222.34,52.86
4700,4,345.806,41.2935,222.34,52.86
4800,4,352.234,41.2573,222.34,52.86
4900,4,358.815,42.3601,222.34,52.86
5000,4,365.328,41.0387,222.34,52.86
5100,4,371.305,42.6671,222.34,52.86
5200,4,377.867,43.4628,222.34,52.86
5300,4,384.127,42.7072,222.34,52.86
5400,4,390.438,42.7769,222.34,52.86
5500,4,396.119,43.7493,222.34,52.86
5600,4,402.492,43.977,222.34,52.86
5700,4,408.979,42.545,222.34,52.86
5800,4,415.721,41.492,222.34,52.86
5900,4,422.297,41.3912,222.34,52.86
6000,4,428.339,42.3322,222.34,52.86
6100,4,434.65,42.8014,222.34,52.86
6200,4,441.264,44.6189,222.34,52.86
6300,4,447.597,43.8767,222.34,52.86
6400,4,454.401,43.9506,222.34,52.86
6500,4,460.766,43.92,222.34,52.86
6600,4,467.161,44.0437,222.34,52.86
6700,4,473.725,44.2226,222.34,52.86
6800,4,480.134,44.3537,222.34,52.86
6900,4,485.961,43.523,222.34,52.86
7000,4,492.081,43.6297,222.34,52.86
7100,4,498.395,44.7572,222.34,52.86
7200,4,505.075,46.1305,222.34,52.86
7300,4,511.26,46.2708,222.34,52.86
7400,4,517.953,45.1728,222.34,52.86
7500,4,524.385,44.8284,222.34,52.86
7600,4,530.568,44.8912,222.34,52.86
7700,4,537.128,45.4645,222.34,52.86
7800,4,543.603,46.053,222.34,52.86
7900,4,549.9,46.3906,222.34,52.86
8000,4,556.102,47.2095,222.34,52.86
8100,4,562.851,48.0421,222.34,52.86
8200,4,568.839,47.818,222.34,52.86
8300,4,575.333,47.9379,222.34,52.86
8400,4,581.869,47.4822,222.34,52.86
8500,4,588.438,46.5071,222.34,52.86
8600,4,594.742,46.8244,222.34,52.86
8700,4,601.276,46.9723,222.34,52.86
8800,4,607.533,47.7126,222.34,52.86
8900,4,613.801,46.8765,222.34,52.86
9000,4,620.599,46.3484,222.34,52.86
9100,4,626.339,47.3382,222.34,52.86
9200,4,633.206,46.2899,222.34,52.86
9300,4,639.606,45.813,222.34,52.86
9400,4,646.055,46.6249,222.34,52.86
9500,4,652.145,45.5177,222.34,52.86
9600,4,657.974,44.3082,222.34,52.86
9700,4,663.352,44.5932,222.34,52.86
9800,4,670.039,44.7918,222.34,52.86
9900,4,675.98,44.6784,222.34,52.86
10000,4,682.19,44.3072,222.34,52.86
100,5,56.1134,49.325,222.34,52.86
200,5,62.2055,50.0475,222.34,52.86
300,5,68.8445,48.6974,222.34,52.86
400,5,75.1208,48.628,222.34,52.86
500,5,80.8972,49.0189,222.34,52.86
600,5,87.0948,49.5491,222.34,52.86
700,5,94.205,48.6907,222.34,52.86
800,5,100.911,47.2597,222.34,52.86
900,5,107.314,46.7888,222.34,52.86
1000,5,113.681,46.8603,222.34,52.86
1100,5,120.153,46.4904,222.34,52.86
1200,5,126.296,47.0758,222.34,52.86
1300,5,132.289,46.6061,222.34,52.86
1400,5,138.554,48.0499,222.34,52.86
1500,5,145.095,48.0319,222.34,52.86
1600,5,151.4,48.1207,222.34,52.86
1700,5,157.704,48.6259,222.34,52.86
1800,5,164.167,47.4514,222.34,52.86
1900,5,170.758,47.1816,222.34,52.86
2000,5,177.134,47.489,222.34,52.86
2100,5,183.443,47.5958,222.34,52.86
2200,5,189.581,49.0417,222.34,52.86
2300,5,196.359,49.1204,222.34,52.86
2400,5,202.831,48.5118,222.34,52.86
2500,5,208.894,49.9448,222.34,52.86
2600,5,215.566,49.1419,222.34,52.86
2700,5,221.454,47.9174,222.34,52.86
2800,5,227.89,47.7297,222.34,52.86
2900,5,234.315,47.4163,222.34,52.86
3000,5,240.377,46.761,222.34,52.86
3100,5,246.659,47.1378,222.34,52.86
3200,5,253.055,47.9841,222.34,52.86
3300,5,259.219,49.0152,222.34,52.86
3400,5,265.619,48.4287,222.34,52.86
3500,5,272.126,48.2901,222.34,52.86
3600,5,278.045,48.0843,222.34,52.86
3700,5,284.72,47.2976,222.34,52.86
3800,5,290.843,47.5132,222.34,52.86
3900,5,296.992,47.1409,222.34,52.86
4000,5,303.583,46.5137,222.34,52.86
4100,5,309.741,47.8682,222.34,52.86
4200,5,316.466,48.5451,222.34,52.86
4300,5,322.888,48.2269,222.34,52.86
4400,5,329.327,47.5265,222.34,52.86
4500,5,335.54,46.9369,222.34,52.86
4600,5,341.497,48.4839,222.34,52.86
4700,5,347.655,47.5475,222.34,52.86
4800,5,354.106,47.9094,222.34,52.86
4900,5,360.201,46.3833,222.34,52.86
5000,5,366.823,46.2304,222.34,52.86
5100,5,373.104,47.0983,222.34,52.86
5200,5,379.882,47.234,222.34,52.86
5300,5,386.154,47.0843,222.34,52.86
5400,5,392.193,45.8628,222.34,52.86
5500,5,398.973,46.2852,222.34,52.86
5600,5,405.244,45.565,222.34,52.86
5700,5,411.457,45.495,222.34,52.86
5800,5,418.3,45.1805,222.34,52.86
5900,5,425.281,45.1288,222.34,52.86
6000,5,431.99,46.4314,222.34,52.86
6100,5,438.941,45.6618,222.34,52.86
6200,5,445.715,45.8479,222.34,52.86
6300,5,451.778,45.4933,222.34,52.86
6400,5,457.746,44.0181,222.34,52.86
6500,5,464.264,42.7285,222.34,52.86
6600,5,470.706,43.4418,222.34,52.86
6700,5,477.153,43.421,222.34,52.86
6800,5,482.991,42.9156,222.34,52.86
6900,5,489.531,42.6836,222.34,52.86
7000,5,495.52,43.5527,222.34,52.86
7100,5,502.14,43.9229,222.34,52.86
7200,5,508.093,43.5523,222.34,52.86
7300,5,514.349,42.398,222.34,52.86
7400,5,520.519,43.2655,222.34,52.86
7500,5,526.643,42.3305,222.34,52.86
7600,5,532.238,43.1956,222.34,52.86
7700,5,538.056,42.2085,222.34,52.86
7800,5,544.139,42.4291,222.34,52.86
7900,5,550.447,41.5053,222.34,52.86
8000,5,556.406,41.095,222.34,52.86
8100,5,562.918,40.9129,222.34,52.86
8200,5,569.436,40.437,222.34,52.86
8300,5,575.804,40.3023,222.34,52.86
8400,5,582.118,39.8082,222.34,52.86
8500,5,588.205,38.9206,222.34,52.86
8600,5,594.537,38.9073,222.34,52.86
8700,5,601.102,38.8966,222.34,52.86
8800,5,607.229,37.7845,222.34,52.86
8900,5,613.525,36.5989,222.34,52.86
9000,5,619.755,37.9054,222.34,52.86
9100,5,625.815,37.6637,222.34,52.86
9200,5,632.387,37.4211,222.34,52.86
9300,5,638.61,36.8859,222.34,52.86
9400,5,645.28,36.4858,222.34,52.86
9500,5,651.619,36.4148,222.34,52.86
9600,5,657.924,36.6595,222.34,52.86
9700,5,665.15,37.0225,222.34,52.86
9800,5,671.542,36.8461,222.34,52.86
9900,5,677.574,37.9486,222.34,52.86
10000,5,683.9,37.3335,222.34,52.86
100,6,56.3278,50.8455,222.34,52.86
200,6,62.4988,50.3233,222.34,52.86
300,6,69.053,50.7392,222.34,52.86
400,6,75.176,49.9841,222.34,52.86
500,6,81.3837,49.6059,222.34,52.86
600,6,87.4731,49.9939,222.34,52.86
700,6,93.8026,50.1294,222.34,52.86
800,6,99.8891,48.3638,222.34,52.86
900,6,105.778,47.8653,222.34,52.86
1000,6,112.26,47.0628,222.34,52.86
1100,6,118.356,47.0986,222.34,52.86
1200,6,125.082,46.062,222.34,52.86
1300,6,132.003,46.6953,222.34,52.86
1400,6,137.874,48.368,222.34,52.86
1500,6,144.327,48.9345,222.34,52.86
1600,6,150.348,48.5744,222.34,52.86
1700,6,156.549,48.9171,222.34,52.86
1800,6,162.868,47.7885,222.34,52.86
1900,6,169.516,47.1966,222.34,52.86
2000,6,176.174,46.9034,222.34,52.86
2100,6,182.731,46.2968,222.34,52.86
2200,6,189.025,45.9297,222.34,52.86
2300,6,194.993,46.5478,222.34,52.86
2400,6,201.858,46.5314,222.34,52.86
2500,6,208.344,45.8796,222.34,52.86
2600,6,214.762,45.9352,222.34,52.86
2700,6,221.431,45.3572,222.34,52.86
2800,6,227.854,45.1372,222.34,52.86
2900,6,234.212,45.5094,222.34,52.86
3000,6,240.297,45.8308,222.34,52.86
3100,6,246.358,46.0435,222.34,52.86
3200,6,252.925,45.8621,222.34,52.86
3300,6,258.984,44.7538,222.34,52.86
3400,6,265.625,45.0771,222.34,52.86
3500,6,271.906,45.1952,222.34,52.86
3600,6,278.14,46.3352,222.34,52.86
3700,6,283.904,47.2128,222.34,52.86
3800,6,290.419,47.6812,222.34,52.86
3900,6,297.282,48.1764,222.34,52.86
4000,6,303.699,46.7355,222.34,52.86
4100,6,310.106,46.6782,222.34,52.86
4200,6,316.232,46.2752,222.34,52.86
4300,6,322.537,46.351,222.34,52.86
4400,6,329.084,45.1807,222.34,52.86
4500,6,335.852,46.1193,222.34,52.86
4600,6,341.655,46.0392,222.34,52.86
4700,6,348.428,45.5569,222.34,52.86
4800,6,354.799,46.116,222.34,52.86
4900,6,361.321,46.2429,222.34,52.86
5000,6,367.384,46.1518,222.34,52.86
5100,6,373.943,45.9083,222.34,52.86
5200,6,380.21,46.6443,222.34,52.86
5300,6,386.686,45.8803,222.34,52.86
5400,6,393.377,45.8913,222.34,52.86
5500,6,399.684,45.4903,222.34,52.86
5600,6,405.771,46.132,222.34,52.86
5700,6,411.709,46.2862,222.34,52.86
5800,6,418.093,45.8341,222.34,52.86
5900,6,423.934,45.1103,222.34,52.86
6000,6,430.292,45.6802,222.34,52.86
6100,6,436.568,45.6671,222.34,52.86
6200,6,442.87,46.1516,222.34,52.86
6300,6,448.974,46.0813,222.34,52.86
6400,6,455.566,45.3444,222.34,52.86
6500,6,462.098,45.8971,222.34,52.86
6600,6,468.263,45.8797,222.34,52.86
6700,6,474.736,45.9723,222.34,52.86
6800,6,481.596,45.5435,222.34,52.86
6900,6,487.669,44.2179,222.34,52.86
7000,6,494.272,45.2514,222.34,52.86
7100,6,500.524,45.7491,222.34,52.86
7200,6,506.298,45.4004,222.34,52.86
7300,6,512.477,45.3954,222.34,52.86
7400,6,518.934,45.7216,222.34,52.86
7500,6,525.62,45.8388,222.34,52.86
7600,6,531.992,46.4449,222.34,52.86
7700,6,538.543,47.6766,222.34,52.86
7800,6,544.986,47.3511,222.34,52.86
7900,6,551.655,47.9887,222.34,52.86
8000,6,557.929,47.5044,222.34,52.86
8100,6,564.355,47.7802,222.34,52.86
8200,6,570.888,47.4309,222.34,52.86
8300,6,576.784,45.5052,222.34,52.86
8400,6,583.778,45.922,222.34,52.86
8500,6,589.728,46.7573,222.34,52.86
8600,6,596.476,47.3606,222.34,52.86
8700,6,602.716,46.4503,222.34,52.86
8800,6,608.826,46.7872,222.34,52.86
8900,6,615.207,47.8955,222.34,52.86
9000,6,621.736,47.4855,222.34,52.86
9100,6,628.237,48.447,222.34,52.86
9200,6,634.895,49.8206,222.34,52.86
9300,6,640.66,50.2716,222.34,52.86
9400,6,646.85,51.3246,222.34,52.86
9500,6,652.97,51.5638,222.34,52.86
9600,6,658.965,52.0732,222.34,52.86
9700,6,665.275,51.0249,222.34,52.86
9800,6,672.239,50.2891,222.34,52.86
9900,6,678.643,51.7121,222.34,52.86
10000,6,684.68,52.2124,222.34,52.86
100,7,56.5528,49.832,222.34,52.86
200,7,63.0341,50.1601,222.34,52.86
300,7,69.76,50.0711,222.34,52.86
400,7,75.9095,49.6513,222.34,52.86
500,7,82.6932,50.2674,222.34,52.86
600,7,89.6584,50.9095,222.34,52.86
700,7,95.8242,50.498,222.34,52.86
800,7,102.913,49.3464,222.34,52.86
900,7,109.088,49.1814,222.34,52.86
1000,7,115.799,48.601,222.34,52.86
1100,7,121.618,48.2113,222.34,52.86
1200,7,128.291,48.4886,222.34,52.86
1300,7,134.468,48.9241,222.34,52.86
1400,7,140.75,50.7825,222.34,52.86
1500,7,147.38,49.7985,222.34,52.86
1600,7,153.769,49.0292,222.34,52.86
1700,7,160.165,49.3682,222.34,52.86
1800,7,166.583,48.2217,222.34,52.86
1900,7,172.492,48.6426,222.34,52.86
2000,7,178.797,49.2511,222.34,52.86
2100,7,185.255,49.1238,222.34,52.86
2200,7,191.784,49.9054,222.34,52.86
2300,7,198.017,50.924,222.34,52.86
2400,7,204.574,50.567,222.34,52.86
2500,7,210.878,50.2709,222.34,52.86
2600,7,217.046,50.7895,222.34,52.86
2700,7,223.612,50.2421,222.34,52.86
2800,7,230.263,50.4177,222.34,52.86
2900,7,236.295,50.7313,222.34,52.86
3000,7,242.679,50.6524,222.34,52.86
3100,7,249.402,50.2042,222.34,52.86
3200,7,254.938,50.5014,222.34,52.86
3300,7,261.517,50.7071,222.34,52.86
3400,7,268.131,51.1548,222.34,52.86
3500,7,274.544,50.6648,222.34,52.86
3600,7,281.326,51.3626,222.34,52.86
3700,7,287.995,51.544,222.34,52.86
3800,7,294.886,52.0565,222.34,52.86
3900,7,301.622,52.0394,222.34,52.86
4000,7,307.653,53.9387,222.34,52.86
4100,7,313.544,55.4776,222.34,52.86
4200,7,319.862,56.2283,222.34,52.86
4300,7,325.912,56.4997,222.34,52.86
4400,7,331.58,57.4547,222.34,52.86
4500,7,337.838,56.7709,222.34,52.86
4600,7,344.6,55.6476,222.34,52.86
4700,7,350.562,56.1774,222.34,52.86
4800,7,357.17,56.0862,222.34,52.86
4900,7,364.075,55.8813,222.34,52.86
5000,7,370.745,55.5908,222.34,52.86
5100,7,377.535,56.5094,222.34,52.86
5200,7,384.089,56.4689,222.34,52.86
5300,7,390.716,56.6931,222.34,52.86
5400,7,397.737,56.9073,222.34,52.86
5500,7,404.372,57.8647,222.34,52.86
5600,7,410.373,58.1875,222.34,52.86
5700,7,416.917,58.1322,222.34,52.86
5800,7,422.926,57.4193,222.34,52.86
5900,7,429.118,56.9226,222.34,52.86
6000,7,435.708,57.3036,222.34,52.86
6100,7,442.784,56.9305,222.34,52.86
6200,7,448.925,56.3569,222.34,52.86
6300,7,455.216,57.073,222.34,52.86
6400,7,461.505,57.1201,222.34,52.86
6500,7,467.631,57.9535,222.34,52.86
6600,7,474.395,58.6053,222.34,52.86
6700,7,480.507,58.9959,222.34,52.86
6800,7,486.773,59.7195,222.34,52.86
6900,7,493.039,59.4098,222.34,52.86
7000,7,499.431,58.9413,222.34,52.86
7100,7,505.805,58.9657,222.34,52.86
7200,7,512.438,58.5222,222.34,52.86
7300,7,518.516,59.563,222.34,52.86
7400,7,524.321,58.3301,222.34,52.86
7500,7,530.649,59.1034,222.34,52.86
7600,7,537.341,58.5032,222.34,52.86
7700,7,543.815,59.2519,222.34,52.86
7800,7,549.752,58.8189,222.34,52.86
7900,7,555.88,58.3842,222.34,52.86
8000,7,562.199,58.2912,222.34,52.86
8100,7,568.907,57.4046,222.34,52.86
8200,7,575.389,56.5599,222.34,52.86
8300,7,581.697,56.5256,222.34,52.86
8400,7,587.984,56.5299,222.34,52.86
8500,7,593.714,56.6605,222.34,52.86
8600,7,600.153,56.7237,222.34,52.86
8700,7,606.817,57.2214,222.34,52.86
8800,7,613.836,56.7762,222.34,52.86
8900,7,620.24,57.6026,222.34,52.86
9000,7,626.256,58.0169,222.34,52.86
9100,7,632.854,58.4884,222.34,52.86
9200,7,639.463,57.8435,222.34,52.86
9300,7,645.797,59.1409,222.34,52.86
9400,7,652.549,58.1066,222.34,52.86
9500,7,658.867,58.0664,222.34,52.86
9600,7,664.622,58.1556,222.34,52.86
9700,7,671.071,58.3591,222.34,52.86
9800,7,677.114,58.4599,222.34,52.86
9900,7,683.218,58.88,222.34,52.86
10000,7,689.464,58.4273,222.34,52.86
100,8,56.4401,48.6635,222.34,52.86
200,8,63.4303,48.3476,222.34,52.86
300,8,69.998,47.7913,222.34,52.86
400,8,76.2583,47.2851,222.34,52.86
500,8,82.3507,46.4447,222.34,52.86
600,8,88.5556,45.5483,222.34,52.86
700,8,94.884,46.3039,222.34,52.86
800,8,101.032,46.2108,222.34,52.86
900,8,107.739,46.0657,222.34,52.86
1000,8,113.367,47.653,222.34,52.86
1100,8,119.691,47.5023,222.34,52.86
1200,8,125.822,48.722,222.34,52.86
1300,8,132.113,49.4167,222.34,52.86
1400,8,137.927,49.0645,222.34,52.86
1500,8,144.081,48.8221,222.34,52.86
1600,8,150.458,49.0587,222.34,52.86
1700,8,156.663,49.9199,222.34,52.86
1800,8,163.281,49.9256,222.34,52.86
1900,8,169.933,50.6737,222.34,52.86
2000,8,176.244,51.7801,222.34,52.86
2100,8,181.97,51.875,222.34,52.86
2200,8,188.304,50.9461,222.34,52.86
2300,8,194.823,50.7763,222.34,52.86
2400,8,201.714,50.4002,222.34,52.86
2500,8,208.132,50.8659,222.34,52.86
2600,8,214.852,50.528,222.34,52.86
2700,8,220.899,49.8035,222.34,52.86
2800,8,227.668,48.6317,222.34,52.86
2900,8,233.984,49.0079,222.34,52.86
3000,8,240.534,49.9146,222.34,52.86
3100,8,247.182,49.1918,222.34,52.86
3200,8,254.234,48.7311,222.34,52.86
3300,8,259.814,47.7388,222.34,52.86
3400,8,266.645,47.6918,222.34,52.86
3500,8,272.393,48.2056,222.34,52.86
3600,8,278.511,49.0507,222.34,52.86
3700,8,284.896,48.0893,222.34,52.86
3800,8,291.125,48.112,222.34,52.86
3900,8,297.581,48.219,222.34,52.86
4000,8,303.655,48.0046,222.34,52.86
4100,8,309.903,48.3681,222.34,52.86
4200,8,316.296,48.0183,222.34,52.86
4300,8,322.549,47.429,222.34,52.86
4400,8,328.915,48.3799,222.34,52.86
4500,8,335.155,47.7364,222.34,52.86
4600,8,342.16,48.6184,222.34,52.86
4700,8,349.003,47.4451,222.34,52.86
4800,8,355.446,47.7399,222.34,52.86
4900,8,361.473,47.5132,222.34,52.86
5000,8,367.295,48.4331,222.34,52.86
5100,8,373.145,47.7667,222.34,52.86
5200,8,379.638,47.6179,222.34,52.86
5300,8,386.013,49.0663,222.34,52.86
5400,8,392.916,48.7054,222.34,52.86
5500,8,398.982,48.7184,222.34,52.86
5600,8,405.217,48.8145,222.34,52.86
5700,8,411.413,48.9275,222.34,52.86
5800,8,417.616,49.9567,222.34,52.86
5900,8,423.896,49.8669,222.34,52.86
6000,8,430.697,49.5004,222.34,52.86
6100,8,437.038,49.791,222.34,52.86
6200,8,443.153,51.0661,222.34,52.86
6300,8,449.171,50.8296,222.34,52.86
6400,8,455.401,51.0288,222.34,52.86
6500,8,462.128,50.2179,222.34,52.86
6600,8,468.516,51.3267,222.34,52.86
6700,8,475.398,51.5755,222.34,52.86
6800,8,481.841,51.8264,222.34,52.86
6900,8,488.272,52.572,222.34,52.86
7000,8,494.838,51.6964,222.34,52.86
7100,8,500.963,51.6231,222.34,52.86
7200,8,507.049,51.3996,222.34,52.86
7300,8,513.105,50.7101,222.34,52.86
7400,8,519.668,49.6954,222.34,52.86
7500,8,526.097,48.812,222.34,52.86
7600,8,532.994,48.568,222.34,52.86
7700,8,539.589,49.3021,222.34,52.86
7800,8,545.958,49.145,222.34,52.86
7900,8,552.752,49.4077,222.34,52.86
8000,8,559.412,49.6583,222.34,52.86
8100,8,565.994,50.5327,222.34,52.86
8200,8,572.421,50.8233,222.34,52.86
8300,8,578.613,50.2253,222.34,52.86
8400,8,584.538,50.0677,222.34,52.86
8500,8,590.567,49.7827,222.34,52.86
8600,8,596.641,49.5066,222.34,52.86
8700,8,603.215,50.2943,222.34,52.86
8800,8,609.401,50.3481,222.34,52.86
8900,8,616.017,50.6339,222.34,52.86
9000,8,622.177,50.8884,222.34,52.86
9100,8,628.719,50.9488,222.34,52.86
9200,8,635.176,49.8691,222.34,52.86
9300,8,641.136,49.7943,222.34,52.86
9400,8,647.392,49.2135,222.34,52.86
9500,8,653.774,48.696,222.34,52.86
9600,8,660.458,48.0912,222.34,52.86
9700,8,666.851,48.2731,222.34,52.86
9800,8,673.23,48.9246,222.34,52.86
9900,8,679.223,48.8577,222.34,52.86
10000,8,685.288,49.0601,222.34,52.86
100,9,56.6324,49.2883,222.34,52.86
200,9,62.6193,50.2466,222.34,52.86
300,9,68.9371,48.1052,222.34,52.86
400,9,75.5484,47.9662,222.34,52.86
500,9,81.7619,48.6556,222.34,52.86
600,9,88.2299,49.2171,222.34,52.86
700,9,94.8335,49.1337,222.34,52.86
800,9,101.618,49.5331,222.34,52.86
900,9,107.804,49.4653,222.34,52.86
1000,9,114.722,48.0188,222.34,52.86
1100,9,121.291,48.3348,222.34,52.86
1200,9,127.459,47.061,222.34,52.86
1300,9,133.639,46.5164,222.34,52.86
1400,9,140.359,46.7641,222.34,52.86
1500,9,147.12,46.7367,222.34,52.86
1600,9,153.391,46.9046,222.34,52.86
1700,9,159.256,46.886,222.34,52.86
1800,9,165.609,48.0022,222.34,52.86
1900,9,172.174,48.1437,222.34,52.86
2000,9,178.387,48.0043,222.34,52.86
2100,9,184.961,47.3936,222.34,52.86
2200,9,191.505,46.7583,222.34,52.86
2300,9,197.963,47.3816,222.34,52.86
2400,9,204.687,46.7369,222.34,52.86
2500,9,211.566,45.1376,222.34,52.86
2600,9,217.804,44.8704,222.34,52.86
2700,9,224.243,44.8416,222.34,52.86
2800,9,230.572,46.1417,222.34,52.86
2900,9,237.112,46.5923,222.34,52.86
3000,9,243.708,47.4918,222.34,52.86
3100,9,249.923,47.6926,222.34,52.86
3200,9,256.58,45.5939,222.34,52.86
3300,9,263.019,44.8633,222.34,52.86
3400,9,269.623,44.5439,222.34,52.86
3500,9,275.741,43.3982,222.34,52.86
3600,9,281.634,43.8345,222.34,52.86
3700,9,287.96,43.0357,222.34,52.86
3800,9,293.828,42.417,222.34,52.86
3900,9,300.805,43.0516,222.34,52.86
4000,9,307.202,43.3092,222.34,52.86
4100,9,313.088,44.3102,222.34,52.86
4200,9,319.603,42.9392,222.34,52.86
4300,9,325.973,43.755,222.34,52.86
4400,9,332.349,43.3558,222.34,52.86
4500,9,338.946,43.7571,222.34,52.86
4600,9,345.385,42.6902,222.34,52.86
4700,9,351.648,43.6597,222.34,52.86
4800,9,358.053,43.676,222.34,52.86
4900,9,364.141,44.1622,222.34,52.86
5000,9,370.162,44.7269,222.34,52.86
5100,9,376.473,44.8099,222.34,52.86
5200,9,382.759,44.7802,222.34,52.86
5300,9,389.501,44.8383,222.34,52.86
5400,9,396.512,45.168,222.34,52.86
5500,9,402.749,44.7921,222.34,52.86
5600,9,408.908,43.9396,222.34,52.86
5700,9,415.05,44.2424,222.34,52.86
5800,9,421.029,43.376,222.34,52.86
5900,9,428.011,42.9771,222.34,52.86
6000,9,434.323,42.4149,222.34,52.86
6100,9,439.671,42.4248,222.34,52.86
6200,9,445.873,40.8545,222.34,52.86
6300,9,452.428,40.8137,222.34,52.86
6400,9,458.845,42.5119,222.34,52.86
6500,9,464.831,42.3994,222.34,52.86
6600,9,471.115,41.7559,222.34,52.86
6700,9,478.013,41.7806,222.34,52.86
6800,9,484.426,41.5573,222.34,52.86
6900,9,490.59,41.2018,222.34,52.86
7000,9,497.506,41.0809,222.34,52.86
7100,9,504.36,42.3578,222.34,52.86
7200,9,510.31,42.6249,222.34,52.86
7300,9,515.81,42.7258,222.34,52.86
7400,9,522.22,42.3883,222.34,52.86
7500,9,528.448,42.9719,222.34,52.86
7600,9,535.034,43.2802,222.34,52.86
7700,9,541.634,44.2101,222.34,52.86
7800,9,547.784,44.3684,222.34,52.86
7900,9,554.464,43.3214,222.34,52.86
8000,9,560.646,44.5072,222.34,52.86
8100,9,567.209,44.6264,222.34,52.86
8200,9,573.847,43.6562,222.34,52.86
8300,9,579.936,43.7901,222.34,52.86
8400,9,586.244,43.9517,222.34,52.86
8500,9,593.525,44.314,222.34,52.86
8600,9,599.87,43.108,222.34,52.86
8700,9,606.656,42.9561,222.34,52.86
8800,9,612.946,42.6014,222.34,52.86
8900,9,619.014,43.6184,222.34,52.86
9000,9,625.153,43.8019,222.34,52.86
9100,9,631.8,43.602,222.34,52.86
9200,9,638.393,41.2816,222.34,52.86
9300,9,645.156,41.5259,222.34,52.86
9400,9,651.312,40.56,222.34,52.86
9500,9,657.401,41.8606,222.34,52.86
9600,9,663.533,42.6961,222.34,52.86
9700,9,670.241,43.1328,222.34,52.86
9800,9,676.115,44.0733,222.34,52.86
9900,9,682.273,43.3414,222.34,52.86
10000,9,688.828,43.7789,222.34,52.86
100,10,56.5538,49.3432,222.34,52.86
200,10,63.2974,49.3476,222.34,52.86
300,10,70.2007,50.7964,222.34,52.86
400,10,76.6216,50.1741,222.34,52.86
500,10,83.3105,50.1714,222.34,52.86
600,10,89.3628,50.363,222.34,52.86
700,10,95.4384,48.7976,222.34,52.86
800,10,101.793,48.8587,222.34,52.86
900,10,108.044,49.5546,222.34,52.86
1000,10,114.608,49.4545,222.34,52.86
1100,10,121.4,49.4147,222.34,52.86
1200,10,127.651,49.29,222.34,52.86
1300,10,133.95,49.8724,222.34,52.86
1400,10,140.292,50.2663,222.34,52.86
1500,10,146.985,49.3355,222.34,52.86
1600,10,153.303,49.8568,222.34,52.86
1700,10,160.074,50.1065,222.34,52.86
1800,10,166.461,50.1598,222.34,52.86
1900,10,173.334,50.745,222.34,52.86
2000,10,179.625,50.9626,222.34,52.86
2100,10,186.53,49.2538,222.34,52.86
2200,10,192.85,49.1715,222.34,52.86
2300,10,198.839,48.8497,222.34,52.86
2400,10,204.683,49.9619,222.34,52.86
2500,10,211.037,49.3555,222.34,52.86
2600,10,217.518,48.911,222.34,52.86
2700,10,224.142,48.8133,222.34,52.86
2800,10,230.685,49.7015,222.34,52.86
2900,10,237.317,49.6009,222.34,52.86
3000,10,243.798,48.5736,222.34,52.86
3100,10,249.708,48.3428,222.34,52.86
3200,10,255.885,47.885,222.34,52.86
3300,10,262.36,46.9535,222.34,52.86
3400,10,268.594,45.9874,222.34,52.86
3500,10,274.58,45.8485,222.34,52.86
3600,10,280.923,46.1316,222.34,52.86
3700,10,286.84,47.2252,222.34,52.86
3800,10,293.356,47.1029,222.34,52.86
3900,10,299.895,46.7251,222.34,52.86
4000,10,306.228,47.2768,222.34,52.86
4100,10,312.591,47.8966,222.34,52.86
4200,10,319.242,48.6447,222.34,52.86
4300,10,325.558,48.9217,222.34,52.86
4400,10,331.913,47.7662,222.34,52.86
4500,10,338.22,47.3888,222.34,52.86
4600,10,345.004,47.7834,222.34,52.86
4700,10,351.536,47.9213,222.34,52.86
4800,10,357.701,48.0154,222.34,52.86
4900,10,364.2,48.4967,222.34,52.86
5000,10,370.76,49.1928,222.34,52.86
5100,10,377.459,48.5389,222.34,52.86
5200,10,383.837,47.8236,222.34,52.86
5300,10,390.517,46.9537,222.34,52.86
5400,10,396.779,46.603,222.34,52.86
5500,10,402.522,46.9641,222.34,52.86
5600,10,408.445,47.1225,222.34,52.86
5700,10,414.66,46.5765,222.34,52.86
5800,10,420.788,46.6806,222.34,52.86
5900,10,426.962,45.8749,222.34,52.86
6000,10,433.03,46.0035,222.34,52.86
6100,10,438.682,45.2054,222.34,52.86
6200,10,445.168,45.0998,222.34,52.86
6300,10,451.657,46.0184,222.34,52.86
6400,10,457.618,47.4251,222.34,52.86
6500,10,464.277,47.3595,222.34,52.86
6600,10,469.938,46.7489,222.34,52.86
6700,10,476.429,47.3139,222.34,52.86
6800,10,483.019,48.0113,222.34,52.86
6900,10,489.344,49.606,222.34,52.86
7000,10,496.132,49.3984,222.34,52.86
7100,10,502.16,49.8746,222.34,52.86
7200,10,508.686,49.1318,222.34,52.86
7300,10,514.988,50.5025,222.34,52.86
7400,10,521.428,50.0677,222.34,52.86
7500,10,528.248,50.2442,222.34,52.86
7600,10,535.009,49.3024,222.34,52.86
7700,10,541.409,48.8257,222.34,52.86
7800,10,547.879,47.9283,222.34,52.86
7900,10,553.895,48.3356,222.34,52.86
8000,10,560.122,48.1914,222.34,52.86
8100,10,566.24,47.5326,222.34,52.86
8200,10,572.478,48.2049,222.34,52.86
8300,10,579.222,47.8812,222.34,52.86
8400,10,585.789,48.1347,222.34,52.86
8500,10,592.153,47.867,222.34,52.86
8600,10,597.59,47.4611,222.34,52.86
8700,10,604.094,48.4388,222.34,52.86
8800,10,610.353,47.6413,222.34,52.86
8900,10,616.516,46.4085,222.34,52.86
9000,10,622.974,46.2303,222.34,52.86
9100,10,630.035,45.5519,222.34,52.86
9200,10,636.846,45.46,222.34,52.86
9300,10,643.277,45.6767,222.34,52.86
9400,10,649.622,46.4741,222.34,52.86
9500,10,656.432,46.4889,222.34,52.86
9600,10,662.918,45.8472,222.34,52.86
9700,10,669.734,45.3024,222.34,52.86
9800,10,675.526,46.1217,222.34,52.86
9900,10,681.867,44.9636,222.34,52.86
10000,10,688.333,43.9347,222.34,52.86
100,11,57.1073,51.25,222.34,52.86
200,11,62.9852,50.8283,222.34,52.86
300,11,69.6276,51.7434,222.34,52.86
400,11,76.379,51.122,222.34,52.86
500,11,82.6651,50.8093,222.34,52.86
600,11,88.752,51.3059,222.34,52.86
700,11,95.1805,50.7453,222.34,52.86
800,11,101.602,49.6746,222.34,52.86
900,11,107.794,49.4719,222.34,52.86
1000,11,114.455,50.0487,222.34,52.86
1100,11,120.959,49.5847,222.34,52.86
1200,11,127.304,48.9148,222.34,52.86
1300,11,133.801,49.036,222.34,52.86
1400,11,139.967,48.3697,222.34,52.86
1500,11,146.703,48.0139,222.34,52.86
1600,11,153.228,47.6651,222.34,52.86
1700,11,159.849,46.7037,222.34,52.86
1800,11,166.247,47.2769,222.34,52.86
1900,11,172.194,46.2622,222.34,52.86
2000,11,179.121,46.184,222.34,52.86
2100,11,185.021,45.5971,222.34,52.86
2200,11,191.5,45.057,222.34,52.86
2300,11,198.146,45.1615,222.34,52.86
2400,11,204.411,44.4643,222.34,52.86
2500,11,210.916,44.099,222.34,52.86
2600,11,217.584,43.6798,222.34,52.86
2700,11,223.485,44.6514,222.34,52.86
2800,11,229.988,43.4778,222.34,52.86
2900,11,235.939,43.0594,222.34,52.86
3000,11,242.861,42.4566,222.34,52.86
3100,11,249.868,42.4391,222.34,52.86
3200,11,255.844,42.6909,222.34,52.86
3300,11,261.852,43.0754,222.34,52.86
3400,11,268.499,43.9866,222.34,52.86
3500,11,275.308,44.7787,222.34,52.86
3600,11,281.616,45.2879,222.34,52.86
3700,11,288.475,45.8471,222.34,52.86
3800,11,294.707,46.0537,222.34,52.86
3900,11,301.564,45.8536,222.34,52.86
4000,11,307.41,45.5743,222.34,52.86
4100,11,313.493,44.9131,222.34,52.86
4200,11,319.709,43.8222,222.34,52.86
4300,11,325.69,42.3974,222.34,52.86
4400,11,332.332,41.9505,222.34,52.86
4500,11,338.572,42.758,222.34,52.86
4600,11,345.126,42.8307,222.34,52.86
4700,11,351.491,42.6069,222.34,52.86
4800,11,357.953,43.8872,222.34,52.86
4900,11,364.384,44.1496,222.34,52.86
5000,11,370.501,44.6437,222.34,52.86
5100,11,376.493,44.8892,222.34,52.86
5200,11,383.352,44.9335,222.34,52.86
5300,11,390.317,45.2175,222.34,52.86
5400,11,396.348,45.1469,222.34,52.86
5500,11,403.192,44.9147,222.34,52.86
5600,11,409.932,45.2627,222.34,52.86
5700,11,416.242,46.69,222.34,52.86
5800,11,422.221,48.5997,222.34,52.86
5900,11,429.216,49.1222,222.34,52.86
6000,11,435.085,48.0669,222.34,52.86
6100,11,442.067,47.923,222.34,52.86
6200,11,448.048,48.6191,222.34,52.86
6300,11,454.051,48.4286,222.34,52.86
6400,11,460.79,47.4881,222.34,52.86
6500,11,467.33,48.1965,222.34,52.86
6600,11,473.697,48.5347,222.34,52.86
6700,11,480.638,47.0244,222.34,52.86
6800,11,487.028,46.0742,222.34,52.86
6900,11,493.468,45.3775,222.34,52.86
7000,11,499.983,45.3817,222.34,52.86
7100,11,505.724,45.9023,222.34,52.86
7200,11,511.551,45.2368,222.34,52.86
7300,11,517.483,44.568,222.34,52.86
7400,11,523.728,45.0221,222.34,52.86
7500,11,530.96,45.0511,222.34,52.86
7600,11,537.068,44.3776,222.34,52.86
7700,11,543.679,44.1596,222.34,52.86
7800,11,549.921,45.0328,222.34,52.86
7900,11,556.273,43.8663,222.34,52.86
8000,11,563.04,44.1284,222.34,52.86
8100,11,569.57,44.5254,222.34,52.86
8200,11,576.103,44.0799,222.34,52.86
8300,11,582.06,44.8506,222.34,52.86
8400,11,588.804,44.8546,222.34,52.86
8500,11,595.168,44.9838,222.34,52.86
8600,11,601.423,44.4507,222.34,52.86
8700,11,608.038,43.5863,222.34,52.86
8800,11,614.386,43.3592,222.34,52.86
8900,11,620.906,41.6285,222.34,52.86
9000,11,627.04,41.0965,222.34,52.86
9100,11,633.429,42.4054,222.34,52.86
9200,11,639.765,41.9149,222.34,52.86
9300,11,646.481,42.0087,222.34,52.86
9400,11,652.988,42.0303,222.34,52.86
9500,11,659.245,43.2869,222.34,52.86
9600,11,665.032,44.3817,222.34,52.86
9700,11,672.365,44.5156,222.34,52.86
9800,11,678.48,45.3055,222.34,52.86
9900,11,684.414,44.6139,222.34,52.86
10000,11,690.736,44.5935,222.34,52.86
100,12,56.202,50.0076,222.34,52.86
200,12,62.4705,50.1638,222.34,52.86
300,12,69.1216,50.3654,222.34,52.86
400,12,74.9191,49.9747,222.34,52.86
500,12,81.1155,50.9737,222.34,52.86
600,12,87.3367,50.8618,222.34,52.86
700,12,93.5248,52.3265,222.34,52.86
800,12,99.8957,52.4773,222.34,52.86
900,12,106.295,52.4877,222.34,52.86
1000,12,112.757,51.249,222.34,52.86
1100,12,119.402,51.0024,222.34,52.86
1200,12,125.477,50.1177,222.34,52.86
1300,12,132.066,50.4643,222.34,52.86
1400,12,138.564,50.4105,222.34,52.86
1500,12,144.646,51.408,222.34,52.86
1600,12,150.653,51.7777,222.34,52.86
1700,12,156.209,51.6758,222.34,52.86
1800,12,162.534,52.1877,222.34,52.86
1900,12,168.604,52.7887,222.34,52.86
2000,12,174.728,53.0995,222.34,52.86
2100,12,181.747,54.0097,222.34,52.86
2200,12,188.269,53.1698,222.34,52.86
2300,12,194.996,52.886,222.34,52.86
2400,12,201.547,53.2137,222.34,52.86
2500,12,207.984,53.1136,222.34,52.86
2600,12,214.189,52.3998,222.34,52.86
2700,12,220.654,53.4193,222.34,52.86
2800,12,227.028,53.1843,222.34,52.86
2900,12,233.435,53.2045,222.34,52.86
3000,12,240.105,53.8613,222.34,52.86
3100,12,246.411,54.0025,222.34,52.86
3200,12,252.411,53.7177,222.34,52.86
3300,12,258.663,53.3526,222.34,52.86
3400,12,264.999,53.6687,222.34,52.86
3500,12,271.112,54.1903,222.34,52.86
3600,12,277.524,53.7811,222.34,52.86
3700,12,283.666,54.3351,222.34,52.86
3800,12,290.261,54.2862,222.34,52.86
3900,12,296.253,54.2556,222.34,52.86
4000,12,302.408,54.4808,222.34,52.86
4100,12,308.795,53.9906,222.34,52.86
4200,12,315.171,54.8414,222.34,52.86
4300,12,321.824,55.0595,222.34,52.86
4400,12,327.909,55.422,222.34,52.86
4500,12,334.489,55.7495,222.34,52.86
4600,12,340.783,54.5888,222.34,52.86
4700,12,347.636,55.0937,222.34,52.86
4800,12,354.415,55.8254,222.34,52.86
4900,12,360.756,55.4068,222.34,52.86
5000,12,366.833,56.3149,222.34,52.86
5100,12,372.877,56.194,222.34,52.86
5200,12,379.136,54.8406,222.34,52.86
5300,12,385.35,53.7915,222.34,52.86
5400,12,391.576,53.7591,222.34,52.86
5500,12,397.546,53.5196,222.34,52.86
5600,12,404.253,53.3603,222.34,52.86
5700,12,410.768,52.4985,222.34,52.86
5800,12,417.249,53.4188,222.34,52.86
5900,12,423.903,53.3568,222.34,52.86
6000,12,430.07,54.198,222.34,52.86
6100,12,436.639,53.4197,222.34,52.86
6200,12,442.469,53.3659,222.34,52.86
6300,12,448.834,53.4025,222.34,52.86
6400,12,455.077,54.0576,222.34,52.86
6500,12,461.683,53.8135,222.34,52.86
6600,12,468.33,54.297,222.34,52.86
6700,12,474.987,54.9629,222.34,52.86
6800,12,481.623,54.7442,222.34,52.86
6900,12,488.224,54.7384,222.34,52.86
7000,12,494.298,54.5157,222.34,52.86
7100,12,500.549,54.2861,222.34,52.86
7200,12,507.093,53.1296,222.34,52.86
7300,12,513.455,54.2473,222.34,52.86
7400,12,519.858,54.6925,222.34,52.86
7500,12,526.367,54.8012,222.34,52.86
7600,12,531.996,54.5467,222.34,52.86
7700,12,538.326,54.3463,222.34,52.86
7800,12,544.789,55.5269,222.34,52.86
7900,12,550.803,55.0364,222.34,52.86
8000,12,557.439,54.9175,222.34,52.86
8100,12,563.977,54.2403,222.34,52.86
8200,12,570.3,55.1132,222.34,52.86
8300,12,576.377,54.7682,222.34,52.86
8400,12,582.736,54.6856,222.34,52.86
8500,12,589.206,54.7446,222.34,52.86
8600,12,595.748,54.2076,222.34,52.86
8700,12,602.743,52.8855,222.34,52.86
8800,12,609.028,53.72,222.34,52.86
8900,12,615.51,52.7267,222.34,52.86
9000,12,621.991,52.2482,222.34,52.86
9100,12,628.608,52.3127,222.34,52.86
9200,12,635.496,52.7249,222.34,52.86
9300,12,641.611,52.2875,222.34,52.86
9400,12,648.084,52.9651,222.34,52.86
9500,12,654.506,51.8414,222.34,52.86
9600,12,661.209,51.3297,222.34,52.86
9700,12,668.104,52.0303,222.34,52.86
9800,12,674.219,53.1551,222.34,52.86
9900,12,680.433,52.9562,222.34,52.86
10000,12,687.027,52.0993,222.34,52.86
100,13,56.2703,49.8446,222.34,52.86
200,13,62.9872,49.7288,222.34,52.86
300,13,69.3753,50.8074,222.34,52.86
400,13,75.7453,51.5686,222.34,52.86
500,13,82.2314,51.7179,222.34,52.86
600,13,89.1801,51.3229,222.34,52.86
700,13,95.5194,51.0464,222.34,52.86
800,13,102.047,51.9447,222.34,52.86
900,13,108.621,51.4127,222.34,52.86
1000,13,114.294,50.3556,222.34,52.86
1100,13,120.703,49.8232,222.34,52.86
1200,13,127.352,50.6066,222.34,52.86
1300,13,133.869,50.5373,222.34,52.86
1400,13,140.573,49.9929,222.34,52.86
1500,13,146.631,49.9275,222.34,52.86
1600,13,153.154,49.9529,222.34,52.86
1700,13,159.636,49.7959,222.34,52.86
1800,13,166.116,48.2599,222.34,52.86
1900,13,172.54,49.6154,222.34,52.86
2000,13,179.115,48.7825,222.34,52.86
2100,13,185.072,46.9107,222.34,52.86
2200,13,191.096,46.775,222.34,52.86
2300,13,198.181,46.7307,222.34,52.86
2400,13,204.423,46.8247,222.34,52.86
2500,13,210.964,46.0776,222.34,52.86
2600,13,217.152,47.1419,222.34,52.86
2700,13,223.646,47.631,222.34,52.86
2800,13,230.256,47.6485,222.34,52.86
2900,13,237.362,47.8327,222.34,52.86
3000,13,243.546,47.7035,222.34,52.86
3100,13,250.179,48.1634,222.34,52.86
3200,13,256.593,46.8952,222.34,52.86
3300,13,262.75,48.0865,222.34,52.86
3400,13,269.616,48.7444,222.34,52.86
3500,13,275.935,50.5879,222.34,52.86
3600,13,282.45,49.857,222.34,52.86
3700,13,289.001,49.7304,222.34,52.86
3800,13,295.71,48.879,222.34,52.86
3900,13,302.098,49.527,222.34,52.86
4000,13,308.552,49.0546,222.34,52.86
4100,13,314.631,49.1166,222.34,52.86
4200,13,320.961,49.6031,222.34,52.86
4300,13,327.715,49.9786,222.34,52.86
4400,13,333.903,49.8458,222.34,52.86
4500,13,340.564,50.3426,222.34,52.86
4600,13,346.874,49.0579,222.34,52.86
4700,13,353.229,49.0417,222.34,52.86
4800,13,359.629,48.905,222.34,52.86
4900,13,366.57,47.8431,222.34,52.86
5000,13,372.839,48.1154,222.34,52.86
5100,13,379.092,48.6732,222.34,52.86
5200,13,385.459,48.6506,222.34,52.86
5300,13,391.841,48.4613,222.34,52.86
5400,13,398.328,49.0759,222.34,52.86
5500,13,404.931,50.024,222.34,52.86
5600,13,411.668,52.0283,222.34,52.86
5700,13,417.74,52.4984,222.34,52.86
5800,13,424.288,52.9989,222.34,52.86
5900,13,431.267,52.5603,222.34,52.86
6000,13,438.027,52.7202,222.34,52.86
6100,13,443.918,50.9861,222.34,52.86
6200,13,450.188,49.547,222.34,52.86
6300,13,456.73,49.339,222.34,52.86
6400,13,463.08,49.7464,222.34,52.86
6500,13,468.872,50.271,222.34,52.86
6600,13,475.246,49.8877,222.34,52.86
6700,13,482.074,49.8508,222.34,52.86
6800,13,489.179,49.519,222.34,52.86
6900,13,495.351,48.9963,222.34,52.86
7000,13,501.199,49.0158,222.34,52.86
7100,13,507.841,48.8781,222.34,52.86
7200,13,513.901,49.3134,222.34,52.86
7300,13,520.287,50.9876,222.34,52.86
7400,13,526.569,51.6326,222.34,52.86
7500,13,533.436,51.8042,222.34,52.86
7600,13,539.799,51.7204,222.34,52.86
7700,13,545.983,52.567,222.34,52.86
7800,13,552.297,52.308,222.34,52.86
7900,13,558.752,52.333,222.34,52.86
8000,13,564.78,51.6548,222.34,52.86
8100,13,571.206,52.4159,222.34,52.86
8200,13,577.651,53.1256,222.34,52.86
8300,13,583.772,53.1545,222.34,52.86
8400,13,589.974,53.2895,222.34,52.86
8500,13,596.408,54.1211,222.34,52.86
8600,13,602.246,53.6191,222.34,52.86
8700,13,608.745,54.1187,222.34,52.86
8800,13,615.663,52.8028,222.34,52.86
8900,13,621.877,53.1864,222.34,52.86
9000,13,628.181,53.7714,222.34,52.86
9100,13,634.73,52.7291,222.34,52.86
9200,13,641.031,51.8903,222.34,52.86
9300,13,647.815,51.4025,222.34,52.86
9400,13,653.821,52.192,222.34,52.86
9500,13,659.783,52.0522,222.34,52.86
9600,13,666.165,52.284,222.34,52.86
9700,13,672.565,50.876,222.34,52.86
9800,13,678.367,50.892,222.34,52.86
9900,13,684.599,52.3501,222.34,52.86
10000,13,691.227,52.5798,222.34,52.86
100,14,56.443,49.7024,222.34,52.86
200,14,62.7502,50.0734,222.34,52.86
300,14,69.6577,48.8547,222.34,52.86
400,14,76.6086,48.7039,222.34,52.86
500,14,82.4467,48.3783,222.34,52.86
600,14,88.8257,47.9795,222.34,52.86
700,14,95.476,47.2576,222.34,52.86
800,14,101.709,47.669,222.34,52.86
900,14,107.932,47.4114,222.34,52.86
1000,14,113.975,46.2122,222.34,52.86
1100,14,120.274,46.3209,222.34,52.86
1200,14,127.087,48.2167,222.34,52.86
1300,14,133.466,47.9868,222.34,52.86
1400,14,139.729,48.0786,222.34,52.86
1500,14,146.592,48.5278,222.34,52.86
1600,14,152.988,48.4344,222.34,52.86
1700,14,159.711,48.3294,222.34,52.86
1800,14,166.149,49.4943,222.34,52.86
1900,14,172.859,49.384,222.34,52.86
2000,14,179.333,48.6752,222.34,52.86
2100,14,185.374,49.3449,222.34,52.86
2200,14,191.979,49.6949,222.34,52.86
2300,14,198.379,48.6611,222.34,52.86
2400,14,204.486,49.9053,222.34,52.86
2500,14,210.525,51.0863,222.34,52.86
2600,14,216.951,50.8705,222.34,52.86
2700,14,223.541,49.48,222.34,52.86
2800,14,230.029,48.5748,222.34,52.86
2900,14,236.571,48.3259,222.34,52.86
3000,14,242.733,47.5847,222.34,52.86
3100,14,249.559,47.9767,222.34,52.86
3200,14,255.654,47.6935,222.34,52.86
3300,14,261.899,48.6079,222.34,52.86
3400,14,268.544,49.185,222.34,52.86
3500,14,274.517,49.3694,222.34,52.86
3600,14,280.877,49.6325,222.34,52.86
3700,14,287.128,50.0445,222.34,52.86
3800,14,293.406,50.2116,222.34,52.86
3900,14,299.431,50.4531,222.34,52.86
4000,14,305.355,50.4243,222.34,52.86
4100,14,312.114,50.6224,222.34,52.86
4200,14,318.58,48.3777,222.34,52.86
4300,14,325.797,48.0477,222.34,52.86
4400,14,332.146,47.3402,222.34,52.86
4500,14,339.268,47.7559,222.34,52.86
4600,14,345.128,48.5222,222.34,52.86
4700,14,351.857,48.9141,222.34,52.86
4800,14,358.22,50.4469,222.34,52.86
4900,14,364.572,49.0131,222.34,52.86
5000,14,371.014,48.7594,222.34,52.86
5100,14,378.503,48.87,222.34,52.86
5200,14,385.296,48.673,222.34,52.86
5300,14,391.739,48.564,222.34,52.86
5400,14,397.554,48.5099,222.34,52.86
5500,14,404.06,48.6506,222.34,52.86
5600,14,410.693,49.8217,222.34,52.86
5700,14,417.292,49.0062,222.34,52.86
5800,14,423.409,50.1717,222.34,52.86
5900,14,429.907,49.3677,222.34,52.86
6000,14,436.069,50.6104,222.34,52.86
6100,14,442.279,50.324,222.34,52.86
6200,14,448.545,50.5012,222.34,52.86
6300,14,455.288,50.8318,222.34,52.86
6400,14,461.478,50.827,222.34,52.86
6500,14,467.882,51.7476,222.34,52.86
6600,14,473.786,51.3468,222.34,52.86
6700,14,480.139,50.6686,222.34,52.86
6800,14,486.819,50.9686,222.34,52.86
6900,14,493.569,51.3634,222.34,52.86
7000,14,499.915,50.9277,222.34,52.86
7100,14,506.023,49.7834,222.34,52.86
7200,14,512.457,49.8622,222.34,52.86
7300,14,518.752,49.1275,222.34,52.86
7400,14,525.397,48.4322,222.34,52.86
7500,14,531.232,47.1827,222.34,52.86
7600,14,538.073,46.487,222.34,52.86
7700,14,544.913,46.4717,222.34,52.86
7800,14,550.842,47.0002,222.34,52.86
7900,14,556.822,47.8728,222.34,52.86
8000,14,563.044,47.7851,222.34,52.86
8100,14,569.269,48.1143,222.34,52.86
8200,14,575.766,47.3893,222.34,52.86
8300,14,581.805,48.7454,222.34,52.86
8400,14,588.073,48.313,222.34,52.86
8500,14,594.567,49.0015,222.34,52.86
8600,14,601.435,47.5772,222.34,52.86
8700,14,607.729,48.1347,222.34,52.86
8800,14,614.093,47.8025,222.34,52.86
8900,14,620.499,48.2213,222.34,52.86
9000,14,626.709,47.4442,222.34,52.86
9100,14,632.667,47.1948,222.34,52.86
9200,14,638.548,47.6306,222.34,52.86
9300,14,644.849,48.7746,222.34,52.86
9400,14,651.354,49.7371,222.34,52.86
9500,14,657.837,50.2027,222.34,52.86
9600,14,663.853,48.6211,222.34,52.86
9700,14,670.286,48.7735,222.34,52.86
9800,14,676.41,48.8244,222.34,52.86
9900,14,683.035,48.2678,222.34,52.86
10000,14,689.976,47.9531,222.34,52.86
100,15,56.7395,50.9045,222.34,52.86
200,15,62.8847,51.4659,222.34,52.86
300,15,69.3146,50.635,222.34,52.86
400,15,75.3535,49.7524,222.34,52.86
500,15,82.0965,49.841,222.34,52.86
600,15,88.6462,49.5089,222.34,52.86
700,15,94.7881,49.6082,222.34,52.86
800,15,101.37,49.7885,222.34,52.86
900,15,107.454,50.4078,222.34,52.86
1000,15,114.424,49.0656,222.34,52.86
1100,15,120.851,48.9466,222.34,52.86
1200,15,126.807,49.2905,222.34,52.86
1300,15,133.597,49.9247,222.34,52.86
1400,15,139.784,49.9984,222.34,52.86
1500,15,145.777,49.5962,222.34,52.86
1600,15,152.025,49.1877,222.34,52.86
1700,15,157.993,48.9067,222.34,52.86
1800,15,163.723,48.3995,222.34,52.86
1900,15,170.272,47.8459,222.34,52.86
2000,15,176.57,47.9006,222.34,52.86
2100,15,182.973,49.0803,222.34,52.86
2200,15,189.487,50.1654,222.34,52.86
2300,15,195.589,51.2294,222.34,52.86
2400,15,201.961,50.167,222.34,52.86
2500,15,208.505,49.6406,222.34,52.86
2600,15,215.052,50.3871,222.34,52.86
2700,15,221.498,49.9132,222.34,52.86
2800,15,227.824,49.8882,222.34,52.86
2900,15,234.596,49.9525,222.34,52.86
3000,15,241.043,48.8529,222.34,52.86
3100,15,247.363,48.5525,222.34,52.86
3200,15,253.851,49.1171,222.34,52.86
3300,15,260.225,49.3386,222.34,52.86
3400,15,266.529,49.4251,222.34,52.86
3500,15,272.739,50.1329,222.34,52.86
3600,15,279.343,49.2709,222.34,52.86
3700,15,285.671,49.1586,222.34,52.86
3800,15,292.005,49.2158,222.34,52.86
3900,15,298.051,48.3828,222.34,52.86
4000,15,304.417,47.9096,222.34,52.86
4100,15,310.792,48.4129,222.34,52.86
4200,15,316.871,47.6989,222.34,52.86
4300,15,323.396,47.7097,222.34,52.86
4400,15,329.471,48.8908,222.34,52.86
4500,15,335.74,49.7955,222.34,52.86
4600,15,342.46,50.2264,222.34,52.86
4700,15,348.697,49.9464,222.34,52.86
4800,15,355.004,50.4176,222.34,52.86
4900,15,361.794,50.2819,222.34,52.86
5000,15,367.964,50.0835,222.34,52.86
5100,15,375.01,49.4574,222.34,52.86
5200,15,381.02,50.301,222.34,52.86
5300,15,387.22,50.0334,222.34,52.86
5400,15,394.067,50.5302,222.34,52.86
5500,15,401.167,50.5451,222.34,52.86
5600,15,407.694,51.3067,222.34,52.86
5700,15,413.664,51.1711,222.34,52.86
5800,15,420.476,49.9264,222.34,52.86
5900,15,426.253,50.7105,222.34,52.86
6000,15,432.566,52.0698,222.34,52.86
6100,15,438.945,51.3628,222.34,52.86
6200,15,445.343,50.9884,222.34,52.86
6300,15,451.686,50.8452,222.34,52.86
6400,15,457.737,51.6119,222.34,52.86
6500,15,463.585,52.5488,222.34,52.86
6600,15,469.739,51.7226,222.34,52.86
6700,15,476.048,51.8976,222.34,52.86
6800,15,482.599,51.0882,222.34,52.86
6900,15,488.734,50.7932,222.34,52.86
7000,15,495.099,50.764,222.34,52.86
7100,15,502.113,51.0812,222.34,52.86
7200,15,508.15,51.8509,222.34,52.86
7300,15,514.052,53.3661,222.34,52.86
7400,15,520.336,54.1321,222.34,52.86
7500,15,526.233,54.0953,222.34,52.86
7600,15,531.994,53.7135,222.34,52.86
7700,15,538.615,52.973,222.34,52.86
7800,15,544.667,53.2849,222.34,52.86
7900,15,551.316,53.42,222.34,52.86
8000,15,558.093,52.6972,222.34,52.86
8100,15,564.787,52.5077,222.34,52.86
8200,15,570.969,52.6182,222.34,52.86
8300,15,577.316,52.4085,222.34,52.86
8400,15,583.979,53.5396,222.34,52.86
8500,15,590.451,53.4525,222.34,52.86
8600,15,596.644,54.7481,222.34,52.86
8700,15,603.2,54.2825,222.34,52.86
8800,15,609.353,54.8927,222.34,52.86
8900,15,616.168,54.608,222.34,52.86
9000,15,622.278,55.3709,222.34,52.86
9100,15,628.037,55.8634,222.34,52.86
9200,15,634.057,56.4484,222.34,52.86
9300,15,640.752,57.4107,222.34,52.86
9400,15,647.097,57.4867,222.34,52.86
9500,15,653.551,57.4165,222.34,52.86
9600,15,659.992,57.2694,222.34,52.86
9700,15,666.101,57.7345,222.34,52.86
9800,15,672.451,57.2113,222.34,52.86
9900,15,678.936,57.3299,222.34,52.86
10000,15,685.421,57.0607,222.34,52.86
100,16,56.5323,50.6048,222.34,52.86
200,16,62.7776,49.8532,222.34,52.86
300,16,69.3365,50.6465,222.34,52.86
400,16,76.0846,48.5659,222.34,52.86
500,16,82.3306,47.6916,222.34,52.86
600,16,89.0209,47.3317,222.34,52.86
700,16,95.5736,47.0089,222.34,52.86
800,16,101.927,46.2113,222.34,52.86
900,16,108.604,45.659,222.34,52.86
1000,16,114.925,45.0959,222.34,52.86
1100,16,121.382,45.0424,222.34,52.86
1200,16,127.83,45.5003,222.34,52.86
1300,16,134.345,44.9712,222.34,52.86
1400,16,140.94,45.9348,222.34,52.86
1500,16,146.845,44.6801,222.34,52.86
1600,16,152.554,44.4665,222.34,52.86
1700,16,159.382,44.4417,222.34,52.86
1800,16,164.726,43.2323,222.34,52.86
1900,16,171.16,43.887,222.34,52.86
2000,16,177.319,42.4737,222.34,52.86
2100,16,183.343,41.405,222.34,52.86
2200,16,189.906,40.815,222.34,52.86
2300,16,196.018,40.6164,222.34,52.86
2400,16,202.359,41.2402,222.34,52.86
2500,16,208.55,41.8888,222.34,52.86
2600,16,214.927,42.5791,222.34,52.86
2700,16,220.95,42.4127,222.34,52.86
2800,16,227.462,41.9297,222.34,52.86
2900,16,233.172,43.6418,222.34,52.86
3000,16,240.055,42.8566,222.34,52.86
3100,16,246.569,42.535,222.34,52.86
3200,16,253.016,42.2998,222.34,52.86
3300,16,259.714,41.554,222.34,52.86
3400,16,265.645,40.1439,222.34,52.86
3500,16,271.802,41.1599,222.34,52.86
3600,16,277.843,41.4749,222.34,52.86
3700,16,283.999,39.9314,222.34,52.86
3800,16,290.088,40.8647,222.34,52.86
3900,16,296.56,41.2514,222.34,52.86
4000,16,302.759,41.2575,222.34,52.86
4100,16,309.525,42.0036,222.34,52.86
4200,16,315.468,41.7943,222.34,52.86
4300,16,322.333,41.0265,222.34,52.86
4400,16,328.92,41.1729,222.34,52.86
4500,16,335.315,41.0395,222.34,52.86
4600,16,341.944,41.1084,222.34,52.86
4700,16,348.062,41.6293,222.34,52.86
4800,16,354.347,41.6099,222.34,52.86
4900,16,360.859,42.641,222.34,52.86
5000,16,366.962,42.5306,222.34,52.86
5100,16,373.545,40.9563,222.34,52.86
5200,16,379.866,41.2889,222.34,52.86
5300,16,386.568,41.9483,222.34,52.86
5400,16,392.623,43.1181,222.34,52.86
5500,16,398.541,42.0866,222.34,52.86
5600,16,404.399,42.4749,222.34,52.86
5700,16,410.882,41.8998,222.34,52.86
5800,16,417.352,41.9228,222.34,52.86
5900,16,423.56,41.4663,222.34,52.86
6000,16,429.772,40.1234,222.34,52.86
6100,16,436.493,40.0463,222.34,52.86
6200,16,443.113,39.2978,222.34,52.86
6300,16,449.91,40.2059,222.34,52.86
6400,16,456.341,39.2382,222.34,52.86
6500,16,462.473,39.3087,222.34,52.86
6600,16,468.363,38.8123,222.34,52.86
6700,16,474.861,38.443,222.34,52.86
6800,16,480.916,39.3019,222.34,52.86
6900,16,487.214,39.9312,222.34,52.86
7000,16,493.667,38.2095,222.34,52.86
7100,16,500.273,37.2835,222.34,52.86
7200,16,506.395,37.1025,222.34,52.86
7300,16,512.878,36.2504,222.34,52.86
7400,16,519.074,35.6434,222.34,52.86
7500,16,525.514,35.2358,222.34,52.86
7600,16,532.147,35.6609,222.34,52.86
7700,16,538.209,35.5082,222.34,52.86
7800,16,544.207,35.1113,222.34,52.86
7900,16,550.643,34.0295,222.34,52.86
8000,16,556.884,33.4004,222.34,52.86
8100,16,562.652,33.3822,222.34,52.86
8200,16,569.118,33.509,222.34,52.86
8300,16,575.34,33.1978,222.34,52.86
8400,16,581.868,33.4402,222.34,52.86
8500,16,588.345,34.5389,222.34,52.86
8600,16,594.156,33.9069,222.34,52.86
8700,16,600.052,33.1678,222.34,52.86
8800,16,606.856,33.631,222.34,52.86
8900,16,613.002,34.0914,222.34,52.86
9000,16,618.992,33.062,222.34,52.86
9100,16,625.182,33.2132,222.34,52.86
9200,16,631.445,32.1237,222.34,52.86
9300,16,637.19,31.4808,222.34,52.86
9400,16,643.507,30.2151,222.34,52.86
9500,16,650.158,31.1843,222.34,52.86
9600,16,656.04,29.5309,222.34,52.86
9700,16,662.071,28.457,222.34,52.86
9800,16,668.649,28.5803,222.34,52.86
9900,16,675.092,29.6067,222.34,52.86
10000,16,682.174,28.4223,222.34,52.86
100,17,56.9882,50.3215,222.34,52.86
200,17,63.5224,50.2065,222.34,52.86
300,17,69.9571,49.1499,222.34,52.86
400,17,76.0916,50.0409,222.34,52.86
500,17,82.115,50.1748,222.34,52.86
600,17,88.2373,51.4741,222.34,52.86
700,17,94.0171,50.692,222.34,52.86
800,17,100.653,51.9052,222.34,52.86
900,17,107.126,52.4137,222.34,52.86
1000,17,113.21,52.1903,222.34,52.86
1100,17,120.105,51.7885,222.34,52.86
1200,17,126.396,51.2119,222.34,52.86
1300,17,133,51.4773,222.34,52.86
1400,17,139.56,51.0841,222.34,52.86
1500,17,146.138,50.4437,222.34,52.86
1600,17,152.762,50.7628,222.34,52.86
1700,17,158.963,50.6716,222.34,52.86
1800,17,164.596,51.7934,222.34,52.86
1900,17,170.856,51.9104,222.34,52.86
2000,17,177.152,50.924,222.34,52.86
2100,17,183.478,51.929,222.34,52.86
2200,17,189.548,51.7622,222.34,52.86
2300,17,196.058,51.4493,222.34,52.86
2400,17,202.544,52.1994,222.34,52.86
2500,17,209.124,51.0197,222.34,52.86
2600,17,215.49,50.1206,222.34,52.86
2700,17,221.815,50.2807,222.34,52.86
2800,17,228.756,50.6875,222.34,52.86
2900,17,235.337,50.8132,222.34,52.86
3000,17,241.847,50.7554,222.34,52.86
3100,17,247.776,50.3555,222.34,52.86
3200,17,253.856,50.0947,222.34,52.86
3300,17,260.302,50.5483,222.34,52.86
3400,17,266.628,50.4075,222.34,52.86
3500,17,273.205,50.2829,222.34,52.86
3600,17,279.282,50.2217,222.34,52.86
3700,17,286.301,49.9824,222.34,52.86
3800,17,292.204,49.8767,222.34,52.86
3900,17,298.948,50.0506,222.34,52.86
4000,17,305.123,51.1582,222.34,52.86
4100,17,311.683,51.6266,222.34,52.86
4200,17,318.317,51.1273,222.34,52.86
4300,17,324.58,51.6735,222.34,52.86
4400,17,331.108,51.337,222.34,52.86
4500,17,336.814,51.641,222.34,52.86
4600,17,343.137,52.1663,222.34,52.86
4700,17,349.083,53.0517,222.34,52.86
4800,17,355.563,54.0945,222.34,52.86
4900,17,362.499,53.1688,222.34,52.86
5000,17,369.315,53.3246,222.34,52.86
5100,17,375.841,54.094,222.34,52.86
5200,17,382.404,53.8408,222.34,52.86
5300,17,388.986,55.0242,222.34,52.86
5400,17,395.372,53.1073,222.34,52.86
5500,17,401.877,53.9115,222.34,52.86
5600,17,408.078,55.6689,222.34,52.86
5700,17,414.572,56.0965,222.34,52.86
5800,17,421.259,56.0591,222.34,52.86
5900,17,427.494,56.757,222.34,52.86
6000,17,434.205,56.1322,222.34,52.86
6100,17,440.818,56.9525,222.34,52.86
6200,17,447.309,56.6742,222.34,52.86
6300,17,454.341,57.1534,222.34,52.86
6400,17,460.786,57.5445,222.34,52.86
6500,17,467.137,56.6034,222.34,52.86
6600,17,473.093,55.797,222.34,52.86
6700,17,480.012,54.7113,222.34,52.86
6800,17,486.375,55.6343,222.34,52.86
6900,17,492.542,56.3569,222.34,52.86
7000,17,499.012,55.0244,222.34,52.86
7100,17,504.917,56.1025,222.34,52.86
7200,17,511.272,56.4276,222.34,52.86
7300,17,517.719,56.1185,222.34,52.86
7400,17,523.622,55.8985,222.34,52.86
7500,17,530.116,55.8967,222.34,52.86
7600,17,536.961,56.651,222.34,52.86
7700,17,542.999,57.2847,222.34,52.86
7800,17,548.976,58.4166,222.34,52.86
7900,17,555.029,58.4021,222.34,52.86
8000,17,561.03,56.3064,222.34,52.86
8100,17,567.326,56.5518,222.34,52.86
8200,17,573.867,56.0776,222.34,52.86
8300,17,580.699,56.2206,222.34,52.86
8400,17,587.202,54.4408,222.34,52.86
8500,17,593.514,54.1253,222.34,52.86
8600,17,600.255,53.7792,222.34,52.86
8700,17,606.211,53.7282,222.34,52.86
8800,17,612.217,53.1041,222.34,52.86
8900,17,618.595,52.8648,222.34,52.86
9000,17,624.95,53.5592,222.34,52.86
9100,17,630.692,53.6674,222.34,52.86
9200,17,637.231,54.1675,222.34,52.86
9300,17,643.808,54.2852,222.34,52.86
9400,17,650.482,54.9096,222.34,52.86
9500,17,656.842,54.1428,222.34,52.86
9600,17,662.736,55.2783,222.34,52.86
9700,17,669.135,54.0859,222.34,52.86
9800,17,675.852,54.02,222.34,52.86
9900,17,682.278,54.5499,222.34,52.86
10000,17,688.503,53.8491,222.34,52.86
100,18,56.2496,50.3828,222.34,52.86
200,18,63.0361,50.7105,222.34,52.86
300,18,69.8661,50.8955,222.34,52.86
400,18,76.2341,49.9483,222.34,52.86
500,18,82.8635,48.3089,222.34,52.86
600,18,89.1142,47.2974,222.34,52.86
700,18,95.3494,45.8234,222.34,52.86
800,18,101.82,46.484,222.34,52.86
900,18,108.157,47.2953,222.34,52.86
1000,18,114.529,46.6866,222.34,52.86
1100,18,120.842,47.953,222.34,52.86
1200,18,127.622,48.235,222.34,52.86
1300,18,134.194,47.8741,222.34,52.86
1400,18,140.874,47.6423,222.34,52.86
1500,18,147.57,48.091,222.34,52.86
1600,18,153.811,48.4756,222.34,52.86
1700,18,160.336,49.655,222.34,52.86
1800,18,166.928,50.0901,222.34,52.86
1900,18,173.563,49.242,222.34,52.86
2000,18,180.354,49.3007,222.34,52.86
2100,18,186.668,49.1061,222.34,52.86
2200,18,193.201,49.7246,222.34,52.86
2300,18,199.916,50.2488,222.34,52.86
2400,18,206.283,50.3687,222.34,52.86
2500,18,212.395,49.1413,222.34,52.86
2600,18,218.636,49.9777,222.34,52.86
2700,18,224.57,50.4011,222.34,52.86
2800,18,231.069,50.8185,222.34,52.86
2900,18,237.682,50.8084,222.34,52.86
3000,18,244.026,49.3548,222.34,52.86
3100,18,250.101,49.6823,222.34,52.86
3200,18,256.384,50.2139,222.34,52.86
3300,18,263.083,49.9089,222.34,52.86
3400,18,269.66,49.9013,222.34,52.86
3500,18,276.167,50.1632,222.34,52.86
3600,18,282.703,50.6917,222.34,52.86
3700,18,288.805,51.4569,222.34,52.86
3800,18,295.455,51.3886,222.34,52.86
3900,18,302.25,51.7729,222.34,52.86
4000,18,308.934,52.6665,222.34,52.86
4100,18,315.554,53.0854,222.34,52.86
4200,18,321.994,52.8731,222.34,52.86
4300,18,328.515,53.1377,222.34,52.86
4400,18,334.882,52.9669,222.34,52.86
4500,18,341.484,52.7376,222.34,52.86
4600,18,348.036,52.494,222.34,52.86
4700,18,354.405,51.4212,222.34,52.86
4800,18,360.426,51.8556,222.34,52.86
4900,18,366.915,51.6938,222.34,52.86
5000,18,373.109,51.6503,222.34,52.86
5100,18,379.612,51.8215,222.34,52.86
5200,18,385.706,50.3563,222.34,52.86
5300,18,391.561,50.4415,222.34,52.86
5400,18,397.723,49.5879,222.34,52.86
5500,18,403.376,51.0753,222.34,52.86
5600,18,409.715,51.322,222.34,52.86
5700,18,415.397,52.7177,222.34,52.86
5800,18,421.539,51.8464,222.34,52.86
5900,18,428.119,52.9905,222.34,52.86
6000,18,434.296,52.0473,222.34,52.86
6100,18,440.864,51.5299,222.34,52.86
6200,18,447.358,52.9913,222.34,52.86
6300,18,453.643,52.6398,222.34,52.86
6400,18,459.87,53.6328,222.34,52.86
6500,18,466.884,52.827,222.34,52.86
6600,18,472.604,53.7367,222.34,52.86
6700,18,479.191,54.3014,222.34,52.86
6800,18,485.931,53.986,222.34,52.86
6900,18,492.236,54.7445,222.34,52.86
7000,18,498.644,54.2406,222.34,52.86
7100,18,504.713,54.1457,222.34,52.86
7200,18,510.707,54.579,222.34,52.86
7300,18,517.406,53.9785,222.34,52.86
7400,18,523.606,54.0691,222.34,52.86
7500,18,530.553,54.3245,222.34,52.86
7600,18,537.025,54.7221,222.34,52.86
7700,18,543.441,54.6395,222.34,52.86
7800,18,550.043,55.732,222.34,52.86
7900,18,556.352,54.2064,222.34,52.86
8000,18,562.598,54.3269,222.34,52.86
8100,18,569.162,54.5977,222.34,52.86
8200,18,575.327,55.2151,222.34,52.86
8300,18,581.965,55.9363,222.34,52.86
8400,18,588.515,55.9905,222.34,52.86
8500,18,594.61,54.8207,222.34,52.86
8600,18,601.267,54.8773,222.34,52.86
8700,18,607.285,55.3874,222.34,52.86
8800,18,613.27,55.596,222.34,52.86
8900,18,619.322,54.8185,222.34,52.86
9000,18,625.831,54.5421,222.34,52.86
9100,18,632.377,55.8666,222.34,52.86
9200,18,638.867,54.6062,222.34,52.86
9300,18,645.763,53.2209,222.34,52.86
9400,18,652.601,53.8584,222.34,52.86
9500,18,658.76,53.9584,222.34,52.86
9600,18,665.22,53.7968,222.34,52.86
9700,18,671.087,54.6673,222.34,52.86
9800,18,676.915,54.282,222.34,52.86
9900,18,682.905,54.8755,222.34,52.86
10000,18,689.368,53.9117,222.34,52.86
100,19,56.1871,50.1425,222.34,52.86
200,19,62.5324,51.0967,222.34,52.86
300,19,69.7268,52.7217,222.34,52.86
400,19,76.0258,52.9819,222.34,52.86
500,19,81.8313,52.3456,222.34,52.86
600,19,88.304,52.9173,222.34,52.86
700,19,93.9881,52.1922,222.34,52.86
800,19,100.375,52.0981,222.34,52.86
900,19,106.564,52.3554,222.34,52.86
1000,19,112.781,50.5959,222.34,52.86
1100,19,119.616,50.7738,222.34,52.86
1200,19,126.134,50.4296,222.34,52.86
1300,19,133.166,49.4728,222.34,52.86
1400,19,139.589,49.92,222.34,52.86
1500,19,146.178,50.7848,222.34,52.86
1600,19,152.947,51.1974,222.34,52.86
1700,19,159.439,51.642,222.34,52.86
1800,19,165.847,51.746,222.34,52.86
1900,19,172.087,52.5232,222.34,52.86
2000,19,178.937,52.4655,222.34,52.86
2100,19,184.965,52.4414,222.34,52.86
2200,19,191.525,51.4941,222.34,52.86
2300,19,198.112,52.6053,222.34,52.86
2400,19,204.328,53.8092,222.34,52.86
2500,19,210.415,53.8963,222.34,52.86
2600,19,216.562,53.098,222.34,52.86
2700,19,222.892,54.2164,222.34,52.86
2800,19,229.228,53.8956,222.34,52.86
2900,19,235.967,53.7372,222.34,52.86
3000,19,242.538,53.1359,222.34,52.86
3100,19,248.907,51.3617,222.34,52.86
3200,19,255.502,51.4226,222.34,52.86
3300,19,261.811,51.0775,222.34,52.86
3400,19,268.442,51.6575,222.34,52.86
3500,19,275.353,52.5162,222.34,52.86
3600,19,281.93,51.5925,222.34,52.86
3700,19,287.8,51.7481,222.34,52.86
3800,19,294.877,51.799,222.34,52.86
3900,19,301.539,51.8623,222.34,52.86
4000,19,307.852,51.8878,222.34,52.86
4100,19,314.219,50.8589,222.34,52.86
4200,19,320.603,50.6863,222.34,52.86
4300,19,326.374,50.2679,222.34,52.86
4400,19,332.577,49.8133,222.34,52.86
4500,19,339.074,49.9944,222.34,52.86
4600,19,345.321,50.1287,222.34,52.86
4700,19,352.221,50.4947,222.34,52.86
4800,19,358.772,51.3981,222.34,52.86
4900,19,365.323,50.3496,222.34,52.86
5000,19,371.293,50.873,222.34,52.86
5100,19,377.446,49.9727,222.34,52.86
5200,19,384.007,50.1092,222.34,52.86
5300,19,390.501,50.2592,222.34,52.86
5400,19,397.178,50.3978,222.34,52.86
5500,19,403.21,49.0819,222.34,52.86
5600,19,410.008,48.218,222.34,52.86
5700,19,416.547,47.5471,222.34,52.86
5800,19,422.319,46.4897,222.34,52.86
5900,19,428.781,46.634,222.34,52.86
6000,19,435.228,46.3287,222.34,52.86
6100,19,441.614,45.002,222.34,52.86
6200,19,447.777,43.9833,222.34,52.86
6300,19,454.724,43.2497,222.34,52.86
6400,19,461.425,43.5427,222.34,52.86
6500,19,468.236,44.1709,222.34,52.86
6600,19,474.345,44.1376,222.34,52.86
6700,19,480.787,44.21,222.34,52.86
6800,19,487.057,44.4447,222.34,52.86
6900,19,493.547,45.1509,222.34,52.86
7000,19,500.148,45.3929,222.34,52.86
7100,19,505.818,45.4674,222.34,52.86
7200,19,512.189,45.2885,222.34,52.86
7300,19,518.712,45.4602,222.34,52.86
7400,19,525.334,46.2891,222.34,52.86
7500,19,531.188,46.2449,222.34,52.86
7600,19,537.787,46.0673,222.34,52.86
7700,19,543.642,46.1807,222.34,52.86
7800,19,550.215,46.783,222.34,52.86
7900,19,556.402,46.2493,222.34,52.86
8000,19,562.911,46.1422,222.34,52.86
8100,19,569.135,46.7338,222.34,52.86
8200,19,575.221,47.0027,222.34,52.86
8300,19,581.955,47.5195,222.34,52.86
8400,19,587.992,47.5481,222.34,52.86
8500,19,594.456,46.6754,222.34,52.86
8600,19,601.128,47.2801,222.34,52.86
8700,19,607.773,47.2857,222.34,52.86
8800,19,614.188,48.1849,222.34,52.86
8900,19,621.241,47.3727,222.34,52.86
9000,19,627.496,47.3887,222.34,52.86
9100,19,633.351,47.4506,222.34,52.86
9200,19,639.494,47.5302,222.34,52.86
9300,19,645.811,47.2361,222.34,52.86
9400,19,652.511,48.3572,222.34,52.86
9500,19,659.302,48.2756,222.34,52.86
9600,19,665.814,48.393,222.34,52.86
9700,19,672.196,48.7955,222.34,52.86
9800,19,678.731,48.841,222.34,52.86
9900,19,684.676,49.0607,222.34,52.86
10000,19,691.337,49.8865,222.34,52.86
100,20,56.529,50.0404,222.34,52.86
200,20,62.5687,50.1859,222.34,52.86
300,20,68.8665,49.1319,222.34,52.86
400,20,74.8609,49.5511,222.34,52.86
500,20,81.1825,49.9616,222.34,52.86
600,20,87.5223,48.8975,222.34,52.86
700,20,93.8376,49.8225,222.34,52.86
800,20,100.094,48.0332,222.34,52.86
900,20,106.674,47.6734,222.34,52.86
1000,20,113.129,46.805,222.34,52.86
1100,20,119.79,46.744,222.34,52.86
1200,20,126.656,46.3918,222.34,52.86
1300,20,133.031,45.9948,222.34,52.86
1400,20,139.174,47.1437,222.34,52.86
1500,20,145.486,46.3976,222.34,52.86
1600,20,151.601,46.5456,222.34,52.86
1700,20,158.465,45.8465,222.34,52.86
1800,20,165.159,46.4381,222.34,52.86
1900,20,171.732,46.5988,222.34,52.86
2000,20,177.888,46.6617,222.34,52.86
2100,20,183.131,47.3528,222.34,52.86
2200,20,189.942,47.8217,222.34,52.86
2300,20,196.626,47.4574,222.34,52.86
2400,20,202.257,46.8789,222.34,52.86
2500,20,208.088,47.1135,222.34,52.86
2600,20,214.578,47.1872,222.34,52.86
2700,20,220.476,47.6364,222.34,52.86
2800,20,226.43,47.1243,222.34,52.86
2900,20,232.752,47.9084,222.34,52.86
3000,20,239.266,47.7585,222.34,52.86
3100,20,245.674,47.0354,222.34,52.86
3200,20,251.558,47.4355,222.34,52.86
3300,20,257.839,47.1777,222.34,52.86
3400,20,264.204,46.4141,222.34,52.86
3500,20,270.273,47.3425,222.34,52.86
3600,20,276.492,46.6248,222.34,52.86
3700,20,282.817,47.4183,222.34,52.86
3800,20,289.61,47.2131,222.34,52.86
3900,20,295.98,47.7648,222.34,52.86
4000,20,302.179,48.3891,222.34,52.86
4100,20,308.358,48.8427,222.34,52.86
4200,20,314.795,50.9934,222.34,52.86
4300,20,320.961,50.7289,222.34,52.86
4400,20,327.634,50.5731,222.34,52.86
4500,20,333.907,49.5234,222.34,52.86
4600,20,340.408,49.683,222.34,52.86
4700,20,346.365,49.1418,222.34,52.86
4800,20,352.786,50.1446,222.34,52.86
4900,20,359.396,51.0473,222.34,52.86
5000,20,365.916,50.9453,222.34,52.86
5100,20,372.285,50.7245,222.34,52.86
5200,20,378.371,50.4439,222.34,52.86
5300,20,384.927,50.8301,222.34,52.86
5400,20,391.273,50.5528,222.34,52.86
5500,20,397.765,50.5314,222.34,52.86
5600,20,404.576,50.0109,222.34,52.86
5700,20,410.734,48.7847,222.34,52.86
5800,20,416.661,48.4819,222.34,52.86
5900,20,423.291,50.1227,222.34,52.86
6000,20,429.794,49.9011,222.34,52.86
6100,20,435.886,50.6521,222.34,52.86
6200,20,442.259,49.459,222.34,52.86
6300,20,448.685,49.7696,222.34,52.86
6400,20,455.227,50.2328,222.34,52.86
6500,20,461.683,50.9892,222.34,52.86
6600,20,467.768,52.083,222.34,52.86
6700,20,473.679,51.8093,222.34,52.86
6800,20,479.962,51.187,222.34,52.86
6900,20,486.11,50.379,222.34,52.86
7000,20,492.311,50.2743,222.34,52.86
7100,20,498.939,50.3883,222.34,52.86
7200,20,504.664,50.7323,222.34,52.86
7300,20,511.261,51.6602,222.34,52.86
7400,20,517.109,52.6791,222.34,52.86
7500,20,522.848,52.011,222.34,52.86
7600,20,529.354,52.005,222.34,52.86
7700,20,535.861,51.4223,222.34,52.86
7800,20,542.428,51.1449,222.34,52.86
7900,20,548.894,51.5547,222.34,52.86
8000,20,555.376,51.1146,222.34,52.86
8100,20,561.917,51.148,222.34,52.86
8200,20,567.54,51.835,222.34,52.86
8300,20,573.916,51.6036,222.34,52.86
8400,20,580.077,50.8921,222.34,52.86
8500,20,586.117,50.6959,222.34,52.86
8600,20,592.357,50.1089,222.34,52.86
8700,20,598.548,49.1111,222.34,52.86
8800,20,605.604,48.93,222.34,52.86
8900,20,611.602,48.7911,222.34,52.86
9000,20,617.58,48.6197,222.34,52.86
9100,20,623.504,49.6331,222.34,52.86
9200,20,629.351,50.5298,222.34,52.86
9300,20,635.575,50.5941,222.34,52.86
9400,20,642.02,50.839,222.34,52.86
9500,20,648.114,51.4521,222.34,52.86
9600,20,654.434,52.1705,222.34,52.86
9700,20,660.717,52.3174,222.34,52.86
9800,20,667.156,51.5446,222.34,52.86
9900,20,673.208,52.6669,222.34,52.86
10000,20,679.985,53.1852,222.34,52.86
100,21,57.0969,50.2458,222.34,52.86
200,21,63.6489,51.1707,222.34,52.86
300,21,70.0218,50.5375,222.34,52.86
400,21,76.3833,50.8123,222.34,52.86
500,21,83.0642,50.5513,222.34,52.86
600,21,89.4723,51.0141,222.34,52.86
700,21,95.9942,50.5789,222.34,52.86
800,21,103.035,51.8255,222.34,52.86
900,21,109.749,51.1506,222.34,52.86
1000,21,115.815,51.4449,222.34,52.86
1100,21,122.112,51.7631,222.34,52.86
1200,21,128.422,52.6933,222.34,52.86
1300,21,135.388,52.7044,222.34,52.86
1400,21,142.355,52.3186,222.34,52.86
1500,21,148.836,52.7844,222.34,52.86
1600,21,155.024,52.9674,222.34,52.86
1700,21,161.419,53.8714,222.34,52.86
1800,21,168.073,54.2546,222.34,52.86
1900,21,174.17,55.0524,222.34,52.86
2000,21,180.534,55.8608,222.34,52.86
2100,21,186.822,57.1632,222.34,52.86
2200,21,193.249,57.3268,222.34,52.86
2300,21,199.986,57.8593,222.34,52.86
2400,21,206.233,57.9465,222.34,52.86
2500,21,212.105,57.0636,222.34,52.86
2600,21,218.538,57.0431,222.34,52.86
2700,21,225.172,56.741,222.34,52.86
2800,21,231.649,56.1969,222.34,52.86
2900,21,237.834,56.3566,222.34,52.86
3000,21,244.741,55.8274,222.34,52.86
3100,21,250.705,55.2692,222.34,52.86
3200,21,257.44,55.1341,222.34,52.86
3300,21,263.411,55.2821,222.34,52.86
3400,21,269.826,55.1218,222.34,52.86
3500,21,275.986,54.4973,222.34,52.86
3600,21,282.691,53.2943,222.34,52.86
3700,21,288.438,53.4577,222.34,52.86
3800,21,294.862,53.0553,222.34,52.86
3900,21,301.547,54.0129,222.34,52.86
4000,21,307.821,54.6894,222.34,52.86
4100,21,314.076,54.7496,222.34,52.86
4200,21,319.839,54.5355,222.34,52.86
4300,21,326.053,54.8098,222.34,52.86
4400,21,332.697,54.2514,222.34,52.86
4500,21,338.649,54.3375,222.34,52.86
4600,21,344.482,54.1312,222.34,52.86
4700,21,351.296,53.6489,222.34,52.86
4800,21,357.647,53.9839,222.34,52.86
4900,21,364.069,55.7722,222.34,52.86
5000,21,370.307,55.4009,222.34,52.86
5100,21,376.208,55.8354,222.34,52.86
5200,21,383.058,55.8028,222.34,52.86
5300,21,389.393,55.9521,222.34,52.86
5400,21,395.87,55.8084,222.34,52.86
5500,21,402.631,55.3094,222.34,52.86
5600,21,409.518,55.5892,222.34,52.86
5700,21,415.4,56.7158,222.34,52.86
5800,21,421.848,56.2868,222.34,52.86
5900,21,428.566,56.2585,222.34,52.86
6000,21,434.577,55.8597,222.34,52.86
6100,21,441.044,55.5512,222.34,52.86
6200,21,447.05,56.1824,222.34,52.86
6300,21,452.722,55.8725,222.34,52.86
6400,21,459.185,57.242,222.34,52.86
6500,21,465.973,58.2176,222.34,52.86
6600,21,472.186,57.8308,222.34,52.86
6700,21,477.885,56.7762,222.34,52.86
6800,21,483.864,57.0652,222.34,52.86
6900,21,490.936,56.0327,222.34,52.86
7000,21,497.142,55.5481,222.34,52.86
7100,21,503.409,54.6841,222.34,52.86
7200,21,509.921,54.3151,222.34,52.86
7300,21,516.001,55.0922,222.34,52.86
7400,21,522.131,55.3325,222.34,52.86
7500,21,528.776,55.9425,222.34,52.86
7600,21,535.714,57.411,222.34,52.86
7700,21,542.251,57.8346,222.34,52.86
7800,21,548.221,58.0558,222.34,52.86
7900,21,554.347,58.1559,222.34,52.86
8000,21,560.93,57.5424,222.34,52.86
8100,21,567.001,57.7141,222.34,52.86
8200,21,573.048,58.8295,222.34,52.86
8300,21,579.188,59.0132,222.34,52.86
8400,21,586.078,59.3231,222.34,52.86
8500,21,592.717,59.4492,222.34,52.86
8600,21,598.688,59.5095,222.34,52.86
8700,21,605.05,60.0091,222.34,52.86
8800,21,611.441,60.264,222.34,52.86
8900,21,617.3,60.1155,222.34,52.86
9000,21,623.655,59.7746,222.34,52.86
9100,21,629.702,59.9281,222.34,52.86
9200,21,635.718,60.7477,222.34,52.86
9300,21,642.029,60.6129,222.34,52.86
9400,21,648.345,59.147,222.34,52.86
9500,21,654.466,59.18,222.34,52.86
9600,21,660.845,59.9852,222.34,52.86
9700,21,667.415,61.3985,222.34,52.86
9800,21,673.634,60.6955,222.34,52.86
9900,21,679.585,61.5993,222.34,52.86
10000,21,686.053,61.2731,222.34,52.86
100,22,56.5877,49.0645,222.34,52.86
200,22,62.5909,49.2449,222.34,52.86
300,22,68.987,48.9625,222.34,52.86
400,22,75.495,49.5691,222.34,52.86
500,22,81.6504,49.6623,222.34,52.86
600,22,88.0666,48.8394,222.34,52.86
700,22,94.9235,48.3387,222.34,52.86
800,22,101.352,47.9296,222.34,52.86
900,22,107.61,48.1026,222.34,52.86
1000,22,113.964,48.3924,222.34,52.86
1100,22,120.358,47.8862,222.34,52.86
1200,22,126.645,48.4955,222.34,52.86
1300,22,133.19,47.8382,222.34,52.86
1400,22,139.311,47.0657,222.34,52.86
1500,22,146.234,47.0967,222.34,52.86
1600,22,152.569,47.7478,222.34,52.86
1700,22,159.351,47.2169,222.34,52.86
1800,22,165.556,46.0295,222.34,52.86
1900,22,171.964,46.0073,222.34,52.86
2000,22,178.033,45.8678,222.34,52.86
2100,22,184.045,47.1331,222.34,52.86
2200,22,190.871,46.9907,222.34,52.86
2300,22,197.447,46.2526,222.34,52.86
2400,22,203.88,46.8787,222.34,52.86
2500,22,210.266,48.3143,222.34,52.86
2600,22,216.889,48.0844,222.34,52.86
2700,22,223.252,48.5092,222.34,52.86
2800,22,229.661,48.8855,222.34,52.86
2900,22,236.611,48.8922,222.34,52.86
3000,22,242.7,48.1382,222.34,52.86
3100,22,249.071,47.7788,222.34,52.86
3200,22,255.602,47.2747,222.34,52.86
3300,22,261.679,46.8858,222.34,52.86
3400,22,267.996,48.231,222.34,52.86
3500,22,274.167,48.7087,222.34,52.86
3600,22,280.249,47.7859,222.34,52.86
3700,22,286.812,48.7362,222.34,52.86
3800,22,293.066,48.7341,222.34,52.86
3900,22,299.68,49.0577,222.34,52.86
4000,22,306.6,48.4725,222.34,52.86
4100,22,312.416,48.2279,222.34,52.86
4200,22,318.685,48.6896,222.34,52.86
4300,22,325.136,48.1832,222.34,52.86
4400,22,331.666,47.0171,222.34,52.86
4500,22,337.716,46.7206,222.34,52.86
4600,22,343.85,46.239,222.34,52.86
4700,22,350.992,45.0653,222.34,52.86
4800,22,357.596,45.2751,222.34,52.86
4900,22,363.676,44.4541,222.34,52.86
5000,22,370.164,43.8721,222.34,52.86
5100,22,376.219,44.1592,222.34,52.86
5200,22,382.409,44.7709,222.34,52.86
5300,22,389.084,44.1365,222.34,52.86
5400,22,395.47,44.0453,222.34,52.86
5500,22,401.625,44.4044,222.34,52.86
5600,22,408.603,44.9393,222.34,52.86
5700,22,414.492,44.961,222.34,52.86
5800,22,420.822,45.774,222.34,52.86
5900,22,426.747,44.908,222.34,52.86
6000,22,433.221,45.0725,222.34,52.86
6100,22,439.525,45.8045,222.34,52.86
6200,22,446.249,45.4942,222.34,52.86
6300,22,452.043,44.7507,222.34,52.86
6400,22,457.86,44.6017,222.34,52.86
6500,22,464.594,44.6367,222.34,52.86
6600,22,470.908,44.8055,222.34,52.86
6700,22,476.814,46.5848,222.34,52.86
6800,22,483.34,47.6481,222.34,52.86
6900,22,488.895,47.3232,222.34,52.86
7000,22,495.432,47.9086,222.34,52.86
7100,22,501.401,47.5772,222.34,52.86
7200,22,507.473,46.9709,222.34,52.86
7300,22,514.163,46.9104,222.34,52.86
7400,22,520.122,46.4196,222.34,52.86
7500,22,526.682,46.118,222.34,52.86
7600,22,533.002,46.69,222.34,52.86
7700,22,539.258,44.9077,222.34,52.86
7800,22,545.51,44.6358,222.34,52.86
7900,22,551.95,44.4773,222.34,52.86
8000,22,558.891,44.3882,222.34,52.86
8100,22,565.18,44.0942,222.34,52.86
8200,22,571.765,43.3947,222.34,52.86
8300,22,578.3,44.2293,222.34,52.86
8400,22,585.089,43.7857,222.34,52.86
8500,22,591.738,45.2586,222.34,52.86
8600,22,598.008,44.1795,222.34,52.86
8700,22,604.275,45.0175,222.34,52.86
8800,22,610.536,44.0628,222.34,52.86
8900,22,616.817,43.9472,222.34,52.86
9000,22,623.084,45.2125,222.34,52.86
9100,22,629.372,44.6567,222.34,52.86
9200,22,635.264,45.1243,222.34,52.86
9300,22,640.97,44.9728,222.34,52.86
9400,22,647.323,44.4151,222.34,52.86
9500,22,653.445,44.9045,222.34,52.86
9600,22,659.637,45.5779,222.34,52.86
9700,22,666.17,45.1403,222.34,52.86
9800,22,673.174,44.7082,222.34,52.86
9900,22,680.027,44.4762,222.34,52.86
10000,22,686.502,45.4395,222.34,52.86
100,23,55.9197,50.4673,222.34,52.86
200,23,62.446,49.7895,222.34,52.86
300,23,68.2722,49.292,222.34,52.86
400,23,74.8565,49.859,222.34,52.86
500,23,81.5112,50.4367,222.34,52.86
600,23,88.0852,50.9891,222.34,52.86
700,23,94.8147,49.9236,222.34,52.86
800,23,101.03,49.3349,222.34,52.86
900,23,107.085,48.9428,222.34,52.86
1000,23,113.82,49.7476,222.34,52.86
1100,23,120.554,49.7348,222.34,52.86
1200,23,127.118,48.3458,222.34,52.86
1300,23,133.372,48.1887,222.34,52.86
1400,23,140.042,48.5975,222.34,52.86
1500,23,146.379,48.4409,222.34,52.86
1600,23,152.229,48.038,222.34,52.86
1700,23,158.626,48.1586,222.34,52.86
1800,23,164.918,48.1828,222.34,52.86
1900,23,170.775,48.0197,222.34,52.86
2000,23,177.456,48.1788,222.34,52.86
2100,23,184.076,49.1741,222.34,52.86
2200,23,190.876,49.802,222.34,52.86
2300,23,197.288,49.6128,222.34,52.86
2400,23,203.922,49.8977,222.34,52.86
2500,23,209.891,49.5485,222.34,52.86
2600,23,215.587,50.9959,222.34,52.86
2700,23,221.572,50.7295,222.34,52.86
2800,23,228.659,49.3316,222.34,52.86
2900,23,235.06,48.3922,222.34,52.86
3000,23,240.948,48.7295,222.34,52.86
3100,23,247.444,48.7228,222.34,52.86
3200,23,253.642,48.365,222.34,52.86
3300,23,260.147,47.5796,222.34,52.86
3400,23,266.722,48.571,222.34,52.86
3500,23,273.122,48.8419,222.34,52.86
3600,23,279.584,48.6775,222.34,52.86
3700,23,286.058,49.2346,222.34,52.86
3800,23,292.75,49.5057,222.34,52.86
3900,23,299.429,50.6368,222.34,52.86
4000,23,305.558,51.975,222.34,52.86
4100,23,312.003,51.7229,222.34,52.86
4200,23,318.783,51.3185,222.34,52.86
4300,23,324.603,51.213,222.34,52.86
4400,23,330.68,50.8612,222.34,52.86
4500,23,336.859,50.0426,222.34,52.86
4600,23,343.235,48.6766,222.34,52.86
4700,23,349.678,48.7228,222.34,52.86
4800,23,356.031,49.8853,222.34,52.86
4900,23,362.914,49.3023,222.34,52.86
5000,23,369.082,49.1583,222.34,52.86
5100,23,375.549,48.3948,222.34,52.86
5200,23,382.012,47.3002,222.34,52.86
5300,23,388.765,47.877,222.34,52.86
5400,23,394.866,46.9449,222.34,52.86
5500,23,401.079,45.7076,222.34,52.86
5600,23,407.222,45.9883,222.34,52.86
5700,23,413.202,45.6342,222.34,52.86
5800,23,419.752,46.5407,222.34,52.86
5900,23,426.33,46.6128,222.34,52.86
6000,23,432.036,47.8789,222.34,52.86
6100,23,438.323,47.4563,222.34,52.86
6200,23,444.465,48.7084,222.34,52.86
6300,23,451.363,47.3989,222.34,52.86
6400,23,457.9,46.839,222.34,52.86
6500,23,464.602,46.0623,222.34,52.86
6600,23,471.294,46.2462,222.34,52.86
6700,23,477.227,45.546,222.34,52.86
6800,23,483.545,45.4587,222.34,52.86
6900,23,490.32,45.6857,222.34,52.86
7000,23,496.883,44.0987,222.34,52.86
7100,23,502.969,44.2213,222.34,52.86
7200,23,509.586,43.068,222.34,52.86
7300,23,516.723,43.555,222.34,52.86
7400,23,522.966,43.6773,222.34,52.86
7500,23,529.387,44.3847,222.34,52.86
7600,23,535.844,43.3553,222.34,52.86
7700,23,542.899,43.6177,222.34,52.86
7800,23,549.197,43.8819,222.34,52.86
7900,23,555.706,44.2429,222.34,52.86
8000,23,561.876,44.8253,222.34,52.86
8100,23,568.539,44.9384,222.34,52.86
8200,23,574.971,45.6641,222.34,52.86
8300,23,580.948,44.8882,222.34,52.86
8400,23,587.254,46.214,222.34,52.86
8500,23,593.607,46.9777,222.34,52.86
8600,23,599.9,47.1529,222.34,52.86
8700,23,606.467,47.354,222.34,52.86
8800,23,613.138,47.9459,222.34,52.86
8900,23,619.493,47.3264,222.34,52.86
9000,23,626.411,47.3041,222.34,52.86
9100,23,632.755,47.4278,222.34,52.86
9200,23,639.306,46.9664,222.34,52.86
9300,23,645.209,46.5322,222.34,52.86
9400,23,651.915,46.7412,222.34,52.86
9500,23,657.668,45.8983,222.34,52.86
9600,23,664.214,45.941,222.34,52.86
9700,23,669.946,47.4534,222.34,52.86
9800,23,676.44,45.8375,222.34,52.86
9900,23,682.623,46.6848,222.34,52.86
10000,23,688.847,46.8772,222.34,52.86
100,24,56.8666,50.8642,222.34,52.86
200,24,63.4309,50.5316,222.34,52.86
300,24,70.1046,50.6241,222.34,52.86
400,24,76.2181,50.2652,222.34,52.86
500,24,82.4441,51.9856,222.34,52.86
600,24,88.455,53.5815,222.34,52.86
700,24,94.4818,53.2833,222.34,52.86
800,24,101.062,53.3583,222.34,52.86
900,24,107.25,53.6399,222.34,52.86
1000,24,112.937,52.5891,222.34,52.86
1100,24,119.563,53.7365,222.34,52.86
1200,24,125.873,53.6055,222.34,52.86
1300,24,132.166,53.573,222.34,52.86
1400,24,138.674,53.6378,222.34,52.86
1500,24,144.938,54.2317,222.34,52.86
1600,24,151.488,53.7464,222.34,52.86
1700,24,158.384,53.7117,222.34,52.86
1800,24,165.088,52.8877,222.34,52.86
1900,24,171.427,52.2412,222.34,52.86
2000,24,177.594,52.4939,222.34,52.86
2100,24,184.273,52.9845,222.34,52.86
2200,24,190.478,53.7893,222.34,52.86
2300,24,196.926,54.204,222.34,52.86
2400,24,202.687,54.1996,222.34,52.86
2500,24,209.109,54.7231,222.34,52.86
2600,24,215.273,54.5901,222.34,52.86
2700,24,221.801,54.5386,222.34,52.86
2800,24,228.1,54.155,222.34,52.86
2900,24,234.619,55.0409,222.34,52.86
3000,24,240.966,55.459,222.34,52.86
3100,24,247.393,56.0226,222.34,52.86
3200,24,253.943,56.7127,222.34,52.86
3300,24,260.519,57.9281,222.34,52.86
3400,24,266.706,58.2762,222.34,52.86
3500,24,272.748,57.2145,222.34,52.86
3600,24,279.154,57.3113,222.34,52.86
3700,24,285.154,56.6672,222.34,52.86
3800,24,291.006,58.6846,222.34,52.86
3900,24,297.353,57.4296,222.34,52.86
4000,24,303.554,58.7351,222.34,52.86
4100,24,310.158,59.1566,222.34,52.86
4200,24,316.368,58.8753,222.34,52.86
4300,24,322.198,58.9766,222.34,52.86
4400,24,328.382,59.8129,222.34,52.86
4500,24,334.456,59.5775,222.34,52.86
4600,24,340.738,59.7003,222.34,52.86
4700,24,347.061,58.9794,222.34,52.86
4800,24,353.756,59.8617,222.34,52.86
4900,24,359.882,59.7392,222.34,52.86
5000,24,366.663,60.219,222.34,52.86
5100,24,373.113,60.0446,222.34,52.86
5200,24,379.736,59.205,222.34,52.86
5300,24,386.161,59.425,222.34,52.86
5400,24,392.318,59.0402,222.34,52.86
5500,24,399.01,58.1205,222.34,52.86
5600,24,405.527,57.7535,222.34,52.86
5700,24,411.513,57.5221,222.34,52.86
5800,24,417.97,56.194,222.34,52.86
5900,24,424.629,55.1533,222.34,52.86
6000,24,430.775,54.8732,222.34,52.86
6100,24,437.203,53.9529,222.34,52.86
6200,24,443.33,53.5863,222.34,52.86
6300,24,449.864,52.5134,222.34,52.86
6400,24,456.799,52.7029,222.34,52.86
6500,24,463.464,52.5349,222.34,52.86
6600,24,469.588,51.5961,222.34,52.86
6700,24,476.062,51.1273,222.34,52.86
6800,24,482.275,50.5908,222.34,52.86
6900,24,488.933,50.4275,222.34,52.86
7000,24,495.484,50.8841,222.34,52.86
7100,24,501.749,50.1686,222.34,52.86
7200,24,508.135,48.891,222.34,52.86
7300,24,514.532,48.7639,222.34,52.86
7400,24,521.13,49.6386,222.34,52.86
7500,24,526.946,48.8038,222.34,52.86
7600,24,532.88,48.4774,222.34,52.86
7700,24,538.898,49.1189,222.34,52.86
7800,24,545.213,48.7633,222.34,52.86
7900,24,551.578,49.4299,222.34,52.86
8000,24,558.052,49.0227,222.34,52.86
8100,24,564.647,48.4736,222.34,52.86
8200,24,571.076,48.7995,222.34,52.86
8300,24,577.427,48.4322,222.34,52.86
8400,24,583.942,48.0222,222.34,52.86
8500,24,590.117,47.0863,222.34,52.86
8600,24,595.971,47.8056,222.34,52.86
8700,24,601.922,47.6532,222.34,52.86
8800,24,607.917,47.7965,222.34,52.86
8900,24,614.499,47.6544,222.34,52.86
9000,24,620.767,46.5691,222.34,52.86
9100,24,627.042,46.9597,222.34,52.86
9200,24,633.558,47.0558,222.34,52.86
9300,24,639.96,46.2394,222.34,52.86
9400,24,646.199,46.3081,222.34,52.86
9500,24,652.495,46.4764,222.34,52.86
9600,24,658.718,45.672,222.34,52.86
9700,24,665.091,45.7439,222.34,52.86
9800,24,671.356,46.2483,222.34,52.86
9900,24,678.122,45.5427,222.34,52.86
10000,24,684.581,46.7171,222.34,52.86
100,25,56.3031,49.9797,222.34,52.86
200,25,62.5189,49.7094,222.34,52.86
300,25,68.7872,49.4392,222.34,52.86
400,25,75.6297,49.465,222.34,52.86
500,25,81.7376,48.8501,222.34,52.86
600,25,88.1568,49.2002,222.34,52.86
700,25,93.908,47.9355,222.34,52.86
800,25,100.622,47.9597,222.34,52.86
900,25,107.098,46.7558,222.34,52.86
1000,25,113.593,47.2023,222.34,52.86
1100,25,119.587,47.2803,222.34,52.86
1200,25,125.981,48.0133,222.34,52.86
1300,25,132.028,48.9813,222.34,52.86
1400,25,138.523,48.6968,222.34,52.86
1500,25,144.888,48.5894,222.34,52.86
1600,25,152.083,48.8682,222.34,52.86
1700,25,158.518,48.0512,222.34,52.86
1800,25,164.875,48.4356,222.34,52.86
1900,25,171.265,48.5021,222.34,52.86
2000,25,177.173,47.8739,222.34,52.86
2100,25,183.555,46.3815,222.34,52.86
2200,25,189.62,45.41,222.34,52.86
2300,25,196.043,45.7367,222.34,52.86
2400,25,202.269,45.1945,222.34,52.86
2500,25,208.434,44.9226,222.34,52.86
2600,25,214.65,43.9974,222.34,52.86
2700,25,221.028,44.6426,222.34,52.86
2800,25,227.534,44.4418,222.34,52.86
2900,25,233.74,44.8497,222.34,52.86
3000,25,239.75,43.4549,222.34,52.86
3100,25,246.393,42.8949,222.34,52.86
3200,25,252.925,42.6165,222.34,52.86
3300,25,258.956,42.8017,222.34,52.86
3400,25,264.832,43.9959,222.34,52.86
3500,25,271.792,42.8231,222.34,52.86
3600,25,278.289,42.5224,222.34,52.86
3700,25,284.805,41.0598,222.34,52.86
3800,25,291.603,39.5263,222.34,52.86
3900,25,297.367,39.16,222.34,52.86
4000,25,303.413,37.8851,222.34,52.86
4100,25,310.134,37.0596,222.34,52.86
4200,25,316.564,35.4987,222.34,52.86
4300,25,323.154,36.3091,222.34,52.86
4400,25,329.387,35.5803,222.34,52.86
4500,25,335.561,35.3184,222.34,52.86
4600,25,341.744,35.2667,222.34,52.86
4700,25,348.379,35.3341,222.34,52.86
4800,25,355.236,34.6537,222.34,52.86
4900,25,362.162,33.7843,222.34,52.86
5000,25,368.384,34.4875,222.34,52.86
5100,25,374.268,34.2684,222.34,52.86
5200,25,380.562,34.3083,222.34,52.86
5300,25,387.194,34.2948,222.34,52.86
5400,25,393.634,33.6158,222.34,52.86
5500,25,400.055,34.307,222.34,52.86
5600,25,406.087,35.1579,222.34,52.86
5700,25,412.698,34.4686,222.34,52.86
5800,25,418.802,34.7529,222.34,52.86
5900,25,425.288,34.6681,222.34,52.86
6000,25,431.815,34.2897,222.34,52.86
6100,25,437.747,35.6975,222.34,52.86
6200,25,443.355,36.1411,222.34,52.86
6300,25,449.375,36.0334,222.34,52.86
6400,25,455.483,35.2526,222.34,52.86
6500,25,461.938,35.343,222.34,52.86
6600,25,468.964,34.7267,222.34,52.86
6700,25,475.219,34.6727,222.34,52.86
6800,25,481.553,35.8823,222.34,52.86
6900,25,488.071,36.0073,222.34,52.86
7000,25,494.037,35.978,222.34,52.86
7100,25,500.414,35.6061,222.34,52.86
7200,25,507.115,35.4281,222.34,52.86
7300,25,513.611,34.7116,222.34,52.86
7400,25,520.238,34.5073,222.34,52.86
7500,25,526.634,33.5564,222.34,52.86
7600,25,532.887,32.0014,222.34,52.86
7700,25,538.935,33.205,222.34,52.86
7800,25,545.63,31.8352,222.34,52.86
7900,25,552.121,32.5608,222.34,52.86
8000,25,558.295,33.0871,222.34,52.86
8100,25,565.03,32.8816,222.34,52.86
8200,25,570.906,32.2844,222.34,52.86
8300,25,576.712,32.2176,222.34,52.86
8400,25,583.085,32.6601,222.34,52.86
8500,25,589.753,33.5699,222.34,52.86
8600,25,596.711,33.8217,222.34,52.86
8700,25,602.777,34.6798,222.34,52.86
8800,25,609.54,34.3138,222.34,52.86
8900,25,615.87,34.4744,222.34,52.86
9000,25,622.521,34.6207,222.34,52.86
9100,25,629.396,35.1095,222.34,52.86
9200,25,635.674,34.0526,222.34,52.86
9300,25,642.214,33.2632,222.34,52.86
9400,25,648.217,33.9987,222.34,52.86
9500,25,654.613,31.8457,222.34,52.86
9600,25,660.836,32.8799,222.34,52.86
9700,25,666.524,32.4415,222.34,52.86
9800,25,672.241,32.4979,222.34,52.86
9900,25,678.688,32.99,222.34,52.86
10000,25,685.227,33.4593,222.34,52.86
100,26,56.232,49.9366,222.34,52.86
200,26,63.5959,50.1096,222.34,52.86
300,26,69.8864,49.7936,222.34,52.86
400,26,76.4567,50.0504,222.34,52.86
500,26,82.738,50.7362,222.34,52.86
600,26,89.0523,50.6554,222.34,52.86
700,26,95.4995,51.0726,222.34,52.86
800,26,101.9,52.192,222.34,52.86
900,26,108.091,51.9357,222.34,52.86
1000,26,114.415,52.3729,222.34,52.86
1100,26,120.868,53.014,222.34,52.86
1200,26,126.94,54.0554,222.34,52.86
1300,26,133.055,54.4785,222.34,52.86
1400,26,139.739,54.8529,222.34,52.86
1500,26,146.367,54.3231,222.34,52.86
1600,26,152.603,54.5253,222.34,52.86
1700,26,159.484,54.7073,222.34,52.86
1800,26,165.831,55.2142,222.34,52.86
1900,26,172.009,55.2674,222.34,52.86
2000,26,179.01,54.4565,222.34,52.86
2100,26,185.42,54.029,222.34,52.86
2200,26,191.686,53.2905,222.34,52.86
2300,26,197.84,52.1375,222.34,52.86
2400,26,204.308,52.2309,222.34,52.86
2500,26,210.661,52.4214,222.34,52.86
2600,26,217.313,52.3812,222.34,52.86
2700,26,223.68,51.914,222.34,52.86
2800,26,229.915,52.1582,222.34,52.86
2900,26,236.407,52.6773,222.34,52.86
3000,26,242.572,52.1337,222.34,52.86
3100,26,249.345,51.4127,222.34,52.86
3200,26,255.651,51.5736,222.34,52.86
3300,26,262.258,52.0578,222.34,52.86
3400,26,268.232,52.8806,222.34,52.86
3500,26,275.142,52.1182,222.34,52.86
3600,26,281.516,50.8868,222.34,52.86
3700,26,287.755,51.3474,222.34,52.86
3800,26,294.18,52.096,222.34,52.86
3900,26,300.444,51.3922,222.34,52.86
4000,26,306.967,51.7309,222.34,52.86
4100,26,313.399,50.4833,222.34,52.86
4200,26,319.896,51.1388,222.34,52.86
4300,26,326.077,50.5408,222.34,52.86
4400,26,332.62,50.8101,222.34,52.86
4500,26,339.089,51.2989,222.34,52.86
4600,26,345.276,51.4268,222.34,52.86
4700,26,351.788,51.7975,222.34,52.86
4800,26,357.662,52.413,222.34,52.86
4900,26,363.598,51.3267,222.34,52.86
5000,26,370.222,51.863,222.34,52.86
5100,26,376.427,50.1919,222.34,52.86
5200,26,383.019,50.1264,222.34,52.86
5300,26,389.078,50.1319,222.34,52.86
5400,26,395.608,50.2276,222.34,52.86
5500,26,401.758,50.189,222.34,52.86
5600,26,408.058,50.7221,222.34,52.86
5700,26,414.736,50.8948,222.34,52.86
5800,26,421.034,51.4713,222.34,52.86
5900,26,427.336,50.7922,222.34,52.86
6000,26,433.251,50.8002,222.34,52.86
6100,26,439.466,51.5748,222.34,52.86
6200,26,445.975,52.022,222.34,52.86
6300,26,452.137,51.2718,222.34,52.86
6400,26,458.489,51.5571,222.34,52.86
6500,26,464.932,51.3935,222.34,52.86
6600,26,471.492,51.3398,222.34,52.86
6700,26,478.149,51.9339,222.34,52.86
6800,26,484.435,52.2153,222.34,52.86
6900,26,490.587,51.9592,222.34,52.86
7000,26,496.813,51.6605,222.34,52.86
7100,26,503.324,52.2516,222.34,52.86
7200,26,510.232,52.9937,222.34,52.86
7300,26,516.611,53.2989,222.34,52.86
7400,26,522.685,52.9905,222.34,52.86
7500,26,529.025,52.8681,222.34,52.86
7600,26,535.351,52.45,222.34,52.86
7700,26,541.639,52.3726,222.34,52.86
7800,26,547.844,52.5254,222.34,52.86
7900,26,554.19,52.368,222.34,52.86
8000,26,560.764,51.9179,222.34,52.86
8100,26,567.034,51.7505,222.34,52.86
8200,26,573.358,52.7482,222.34,52.86
8300,26,580.157,53.3613,222.34,52.86
8400,26,585.791,51.9244,222.34,52.86
8500,26,591.986,51.6324,222.34,52.86
8600,26,597.785,51.2841,222.34,52.86
8700,26,604.537,50.4616,222.34,52.86
8800,26,610.752,49.0693,222.34,52.86
8900,26,617.09,49.3578,222.34,52.86
9000,26,623.528,49.0935,222.34,52.86
9100,26,630.275,49.6058,222.34,52.86
9200,26,636.963,49.3394,222.34,52.86
9300,26,643.17,50.2025,222.34,52.86
9400,26,649.672,50.6621,222.34,52.86
9500,26,656.173,50.6326,222.34,52.86
9600,26,662.243,49.728,222.34,52.86
9700,26,668.988,49.3093,222.34,52.86
9800,26,675.258,48.7163,222.34,52.86
9900,26,681.832,48.5503,222.34,52.86
10000,26,688.29,48.6391,222.34,52.86
100,27,55.9982,50.3023,222.34,52.86
200,27,62.8889,50.6701,222.34,52.86
300,27,69.7828,50.1948,222.34,52.86
400,27,76.0252,49.9597,222.34,52.86
500,27,82.9467,49.4384,222.34,52.86
600,27,89.4795,50.256,222.34,52.86
700,27,96.1666,50.5761,222.34,52.86
800,27,102.554,50.1548,222.34,52.86
900,27,109.115,49.3478,222.34,52.86
1000,27,115.215,48.1615,222.34,52.86
1100,27,121.622,49.3915,222.34,52.86
1200,27,127.8,49.5618,222.34,52.86
1300,27,133.911,49.2723,222.34,52.86
1400,27,140.396,49.3703,222.34,52.86
1500,27,147.114,49.3068,222.34,52.86
1600,27,154.197,49.3216,222.34,52.86
1700,27,160.063,49.8235,222.34,52.86
1800,27,166.799,48.8877,222.34,52.86
1900,27,173.555,47.5329,222.34,52.86
2000,27,179.61,48.1426,222.34,52.86
2100,27,186.112,47.4333,222.34,52.86
2200,27,192.897,47.3195,222.34,52.86
2300,27,199.345,47.3956,222.34,52.86
2400,27,205.025,47.3891,222.34,52.86
2500,27,211.572,48.2931,222.34,52.86
2600,27,218.248,46.8281,222.34,52.86
2700,27,224.211,48.174,222.34,52.86
2800,27,230.331,48.9949,222.34,52.86
2900,27,236.835,48.7069,222.34,52.86
3000,27,242.62,47.8727,222.34,52.86
3100,27,249.298,47.7521,222.34,52.86
3200,27,255.79,47.7802,222.34,52.86
3300,27,261.911,48.3596,222.34,52.86
3400,27,268.117,48.8355,222.34,52.86
3500,27,274.348,48.7417,222.34,52.86
3600,27,280.911,49.4312,222.34,52.86
3700,27,287.054,48.6989,222.34,52.86
3800,27,293.725,48.2708,222.34,52.86
3900,27,300.404,48.6748,222.34,52.86
4000,27,306.509,50.3458,222.34,52.86
4100,27,313.17,51.0809,222.34,52.86
4200,27,319.5,49.9896,222.34,52.86
4300,27,325.949,51.2692,222.34,52.86
4400,27,332.949,51.3516,222.34,52.86
4500,27,339.645,50.2032,222.34,52.86
4600,27,346.699,49.716,222.34,52.86
4700,27,352.695,49.9586,222.34,52.86
4800,27,359.112,50.9366,222.34,52.86
4900,27,365.608,51.0615,222.34,52.86
5000,27,372.146,49.9984,222.34,52.86
5100,27,378.389,48.8492,222.34,52.86
5200,27,385.323,49.1685,222.34,52.86
5300,27,391.501,48.5427,222.34,52.86
5400,27,398.007,48.7139,222.34,52.86
5500,27,404.662,48.4261,222.34,52.86
5600,27,411.222,49.0277,222.34,52.86
5700,27,417.877,48.2451,222.34,52.86
5800,27,424.021,47.831,222.34,52.86
5900,27,430.35,47.6604,222.34,52.86
6000,27,436.148,48.2423,222.34,52.86
6100,27,443.101,47.9466,222.34,52.86
6200,27,449.677,46.9828,222.34,52.86
6300,27,456.087,47.0822,222.34,52.86
6400,27,462.18,46.634,222.34,52.86
6500,27,468.737,47.868,222.34,52.86
6600,27,475.104,47.9046,222.34,52.86
6700,27,481.469,47.2251,222.34,52.86
6800,27,488.406,47.7599,222.34,52.86
6900,27,494.382,47.6799,222.34,52.86
7000,27,501.138,47.5454,222.34,52.86
7100,27,507.077,48.6107,222.34,52.86
7200,27,513.049,49.3345,222.34,52.86
7300,27,519.729,49.4107,222.34,52.86
7400,27,525.774,49.7607,222.34,52.86
7500,27,532.066,49.4913,222.34,52.86
7600,27,538.165,48.8138,222.34,52.86
7700,27,544.836,47.4982,222.34,52.86
7800,27,551.847,47.3898,222.34,52.86
7900,27,558.821,46.7552,222.34,52.86
8000,27,565.489,46.538,222.34,52.86
8100,27,571.308,45.6621,222.34,52.86
8200,27,577.327,44.6238,222.34,52.86
8300,27,583.77,43.6681,222.34,52.86
8400,27,590.31,42.9549,222.34,52.86
8500,27,596.563,44.0447,222.34,52.86
8600,27,602.201,43.046,222.34,52.86
8700,27,608.579,42.7493,222.34,52.86
8800,27,614.791,42.843,222.34,52.86
8900,27,621.338,42.7509,222.34,52.86
9000,27,627.744,42.7606,222.34,52.86
9100,27,634.257,43.3119,222.34,52.86
9200,27,640.535,42.6738,222.34,52.86
9300,27,647.18,43.4722,222.34,52.86
9400,27,653.057,43.4078,222.34,52.86
9500,27,659.478,43.6883,222.34,52.86
9600,27,665.782,44.4869,222.34,52.86
9700,27,672.283,43.33,222.34,52.86
9800,27,678.593,43.1846,222.34,52.86
9900,27,685.082,43.6353,222.34,52.86
10000,27,691.923,42.9333,222.34,52.86
100,28,56.3461,49.8515,222.34,52.86
200,28,62.6217,49.8364,222.34,52.86
300,28,69.4034,50.3049,222.34,52.86
400,28,75.9242,50.4239,222.34,52.86
500,28,82.7223,50.4533,222.34,52.86
600,28,88.8786,49.7798,222.34,52.86
700,28,95.1927,48.4389,222.34,52.86
800,28,101.519,49.4817,222.34,52.86
900,28,108.033,49.3862,222.34,52.86
1000,28,114.348,49.8507,222.34,52.86
1100,28,120.37,49.3485,222.34,52.86
1200,28,126.869,48.341,222.34,52.86
1300,28,133.405,49.7232,222.34,52.86
1400,28,139.78,49.5193,222.34,52.86
1500,28,145.711,50.2832,222.34,52.86
1600,28,152.188,49.7412,222.34,52.86
1700,28,158.763,48.3027,222.34,52.86
1800,28,164.952,49.2644,222.34,52.86
1900,28,171.053,49.8428,222.34,52.86
2000,28,176.822,49.5789,222.34,52.86
2100,28,183.013,51.855,222.34,52.86
2200,28,188.933,52.051,222.34,52.86
2300,28,195.621,51.4289,222.34,52.86
2400,28,202.197,52.0449,222.34,52.86
2500,28,208.619,52.5758,222.34,52.86
2600,28,214.993,52.7333,222.34,52.86
2700,28,221.833,52.8441,222.34,52.86
2800,28,228.384,52.5218,222.34,52.86
2900,28,234.496,53.2169,222.34,52.86
3000,28,241.125,53.587,222.34,52.86
3100,28,248.112,53.3743,222.34,52.86
3200,28,254.601,53.1498,222.34,52.86
3300,28,261.267,53.6995,222.34,52.86
3400,28,268.006,54.1913,222.34,52.86
3500,28,274.584,53.6136,222.34,52.86
3600,28,280.667,52.6153,222.34,52.86
3700,28,286.686,52.6899,222.34,52.86
3800,28,293.124,53.2835,222.34,52.86
3900,28,299.832,53.3166,222.34,52.86
4000,28,306.007,53.8696,222.34,52.86
4100,28,312.661,53.119,222.34,52.86
4200,28,318.846,52.7049,222.34,52.86
4300,28,324.605,51.906,222.34,52.86
4400,28,330.819,51.6134,222.34,52.86
4500,28,337.212,50.9509,222.34,52.86
4600,28,344.387,50.2279,222.34,52.86
4700,28,350.538,49.677,222.34,52.86
4800,28,356.735,49.5581,222.34,52.86
4900,28,363.12,49.1163,222.34,52.86
5000,28,369.049,48.726,222.34,52.86
5100,28,375.532,49.5896,222.34,52.86
5200,28,381.971,48.6057,222.34,52.86
5300,28,388.58,49.5455,222.34,52.86
5400,28,394.64,49.6388,222.34,52.86
5500,28,400.95,49.8909,222.34,52.86
5600,28,407.525,51.0793,222.34,52.86
5700,28,413.976,52.3037,222.34,52.86
5800,28,420.529,51.9669,222.34,52.86
5900,28,426.885,51.9311,222.34,52.86
6000,28,433.352,50.3291,222.34,52.86
6100,28,439.658,49.4338,222.34,52.86
6200,28,446.425,49.0125,222.34,52.86
6300,28,452.703,48.9735,222.34,52.86
6400,28,458.695,49.7453,222.34,52.86
6500,28,464.976,50.0927,222.34,52.86
6600,28,471.113,50.736,222.34,52.86
6700,28,477.651,51.4574,222.34,52.86
6800,28,483.854,52.0038,222.34,52.86
6900,28,490.101,52.78,222.34,52.86
7000,28,496.57,53.0647,222.34,52.86
7100,28,502.756,51.8993,222.34,52.86
7200,28,508.979,51.8261,222.34,52.86
7300,28,515.29,52.2973,222.34,52.86
7400,28,521.471,53.0788,222.34,52.86
7500,28,527.746,53.4322,222.34,52.86
7600,28,533.903,54.9194,222.34,52.86
7700,28,540.07,56.1807,222.34,52.86
7800,28,546.131,55.8516,222.34,52.86
7900,28,552.129,55.5385,222.34,52.86
8000,28,558.556,55.5417,222.34,52.86
8100,28,564.967,56.2437,222.34,52.86
8200,28,571.547,56.0692,222.34,52.86
8300,28,577.884,55.9816,222.34,52.86
8400,28,584.235,54.8703,222.34,52.86
8500,28,590.699,55.079,222.34,52.86
8600,28,596.833,54.9954,222.34,52.86
8700,28,603.132,54.7401,222.34,52.86
8800,28,609.307,54.5303,222.34,52.86
8900,28,615.125,53.6213,222.34,52.86
9000,28,621.819,52.7117,222.34,52.86
9100,28,628.014,53.5669,222.34,52.86
9200,28,634.598,52.8417,222.34,52.86
9300,28,641.25,53.3868,222.34,52.86
9400,28,647.281,52.8466,222.34,52.86
9500,28,653.939,52.8723,222.34,52.86
9600,28,660.311,52.7659,222.34,52.86
9700,28,666.705,52.7287,222.34,52.86
9800,28,673.414,50.7012,222.34,52.86
9900,28,679.428,49.8868,222.34,52.86
10000,28,685.807,50.6753,222.34,52.86
100,29,55.8499,48.473,222.34,52.86
200,29,62.0737,49.079,222.34,52.86
300,29,68.1594,50.6368,222.34,52.86
400,29,74.1091,50.9989,222.34,52.86
500,29,80.2604,51.6427,222.34,52.86
600,29,86.3371,51.6532,222.34,52.86
700,29,92.8688,51.1148,222.34,52.86
800,29,98.5287,50.2308,222.34,52.86
900,29,104.726,49.9772,222.34,52.86
1000,29,111.384,50.0881,222.34,52.86
1100,29,117.149,49.63,222.34,52.86
1200,29,123.92,50.0434,222.34,52.86
1300,29,130.492,50.1598,222.34,52.86
1400,29,136.903,49.7339,222.34,52.86
1500,29,143.556,51.0756,222.34,52.86
1600,29,149.249,51.1127,222.34,52.86
1700,29,155.43,51.2262,222.34,52.86
1800,29,161.808,50.2692,222.34,52.86
1900,29,167.981,49.0357,222.34,52.86
2000,29,173.933,49.264,222.34,52.86
2100,29,180.93,48.7192,222.34,52.86
2200,29,187.893,49.0272,222.34,52.86
2300,29,194.164,48.9315,222.34,52.86
2400,29,200.711,47.9716,222.34,52.86
2500,29,207.317,48.7605,222.34,52.86
2600,29,213.304,50.1687,222.34,52.86
2700,29,219.699,50.5799,222.34,52.86
2800,29,225.642,51.4531,222.34,52.86
2900,29,231.838,50.9833,222.34,52.86
3000,29,238.025,51.2879,222.34,52.86
3100,29,244.299,51.5324,222.34,52.86
3200,29,250.874,51.0519,222.34,52.86
3300,29,257.742,51.4327,222.34,52.86
3400,29,263.2,51.4831,222.34,52.86
3500,29,269.647,50.9135,222.34,52.86
3600,29,276.358,48.9962,222.34,52.86
3700,29,283.032,48.2698,222.34,52.86
3800,29,289.301,47.2474,222.34,52.86
3900,29,295.332,47.9032,222.34,52.86
4000,29,301.188,47.9887,222.34,52.86
4100,29,306.882,47.8726,222.34,52.86
4200,29,313.328,47.2106,222.34,52.86
4300,29,319.891,47.8079,222.34,52.86
4400,29,326.827,48.9985,222.34,52.86
4500,29,332.966,49.8417,222.34,52.86
4600,29,339.017,49.378,222.34,52.86
4700,29,345.151,49.0631,222.34,52.86
4800,29,351.184,50.2062,222.34,52.86
4900,29,357.787,50.5387,222.34,52.86
5000,29,363.906,49.9774,222.34,52.86
5100,29,370.595,49.4385,222.34,52.86
5200,29,376.964,49.8563,222.34,52.86
5300,29,383.27,50.8584,222.34,52.86
5400,29,389.479,50.2338,222.34,52.86
5500,29,395.49,49.6196,222.34,52.86
5600,29,402.233,49.9016,222.34,52.86
5700,29,408.936,49.67,222.34,52.86
5800,29,415.277,49.1513,222.34,52.86
5900,29,421.319,50.2812,222.34,52.86
6000,29,428.081,51.8901,222.34,52.86
6100,29,434.316,51.8623,222.34,52.86
6200,29,440.743,51.6863,222.34,52.86
6300,29,446.638,51.6132,222.34,52.86
6400,29,452.962,51.442,222.34,52.86
6500,29,459.476,50.359,222.34,52.86
6600,29,466.086,50.8449,222.34,52.86
6700,29,473.128,50.3836,222.34,52.86
6800,29,479.41,49.4667,222.34,52.86
6900,29,486.037,50.3679,222.34,52.86
7000,29,492.044,51.1129,222.34,52.86
7100,29,498.671,51.3661,222.34,52.86
7200,29,505.208,51.7782,222.34,52.86
7300,29,511.92,51.6787,222.34,52.86
7400,29,518.133,52.1535,222.34,52.86
7500,29,524.689,52.0064,222.34,52.86
7600,29,530.85,52.9955,222.34,52.86
7700,29,537.42,53.4374,222.34,52.86
7800,29,544.161,52.7612,222.34,52.86
7900,29,550.567,52.5991,222.34,52.86
8000,29,556.921,52.6937,222.34,52.86
8100,29,562.973,52.2144,222.34,52.86
8200,29,569.03,51.063,222.34,52.86
8300,29,575.107,52.2491,222.34,52.86
8400,29,581.128,53.2946,222.34,52.86
8500,29,587.634,53.838,222.34,52.86
8600,29,594.074,54.6926,222.34,52.86
8700,29,599.766,55.9487,222.34,52.86
8800,29,606.249,55.7665,222.34,52.86
8900,29,612.845,54.896,222.34,52.86
9000,29,619.521,54.1268,222.34,52.86
9100,29,625.392,53.7968,222.34,52.86
9200,29,631.902,52.947,222.34,52.86
9300,29,638.318,52.4407,222.34,52.86
9400,29,644.75,51.358,222.34,52.86
9500,29,651.242,53.0749,222.34,52.86
9600,29,657.393,52.133,222.34,52.86
9700,29,663.291,52.0429,222.34,52.86
9800,29,670.047,52.7674,222.34,52.86
9900,29,676.323,53.3795,222.34,52.86
10000,29,682.557,54.0991,222.34,52.86
100,30,56.3676,50.2836,222.34,52.86
200,30,62.2972,51.0606,222.34,52.86
300,30,68.7233,49.9909,222.34,52.86
400,30,74.7958,49.657,222.34,52.86
500,30,80.8927,49.6058,222.34,52.86
600,30,87.2339,48.167,222.34,52.86
700,30,93.093,49.2838,222.34,52.86
800,30,99.4324,50.3252,222.34,52.86
900,30,105.323,51.0656,222.34,52.86
1000,30,111.855,50.4617,222.34,52.86
1100,30,118.71,50.3796,222.34,52.86
1200,30,124.963,50.7924,222.34,52.86
1300,30,130.866,50.9126,222.34,52.86
1400,30,137.12,50.7662,222.34,52.86
1500,30,143.298,51.042,222.34,52.86
1600,30,149.976,51.1362,222.34,52.86
1700,30,156.577,52.8473,222.34,52.86
1800,30,162.932,52.6103,222.34,52.86
1900,30,169.792,51.6078,222.34,52.86
2000,30,175.634,51.3809,222.34,52.86
2100,30,181.863,51.0438,222.34,52.86
2200,30,188.515,50.6352,222.34,52.86
2300,30,194.975,50.0954,222.34,52.86
2400,30,201.621,50.4248,222.34,52.86
2500,30,207.428,50.7517,222.34,52.86
2600,30,213.727,49.3371,222.34,52.86
2700,30,220.26,48.7925,222.34,52.86
2800,30,226.873,48.0124,222.34,52.86
2900,30,233.326,48.9629,222.34,52.86
3000,30,239.944,48.471,222.34,52.86
3100,30,245.943,48.9435,222.34,52.86
3200,30,252.447,49.6156,222.34,52.86
3300,30,259.425,50.4138,222.34,52.86
3400,30,265.692,50.3904,222.34,52.86
3500,30,272.574,50.9337,222.34,52.86
3600,30,278.861,51.5488,222.34,52.86
3700,30,285.555,51.5893,222.34,52.86
3800,30,291.24,50.6795,222.34,52.86
3900,30,297.439,50.9674,222.34,52.86
4000,30,303.611,51.2184,222.34,52.86
4100,30,310.123,52.1077,222.34,52.86
4200,30,316.877,51.5054,222.34,52.86
4300,30,323.741,51.2111,222.34,52.86
4400,30,330.176,50.3827,222.34,52.86
4500,30,336.483,50.4553,222.34,52.86
4600,30,342.519,50.5719,222.34,52.86
4700,30,348.448,50.4588,222.34,52.86
4800,30,355.186,49.4665,222.34,52.86
4900,30,362.346,49.3816,222.34,52.86
5000,30,368.892,49.5181,222.34,52.86
5100,30,375.338,49.5071,222.34,52.86
5200,30,381.55,49.9203,222.34,52.86
5300,30,387.887,50.3392,222.34,52.86
5400,30,394.585,48.962,222.34,52.86
5500,30,401.261,48.9466,222.34,52.86
5600,30,407.272,49.5666,222.34,52.86
5700,30,413.359,50.3882,222.34,52.86
5800,30,419.428,51.4078,222.34,52.86
5900,30,425.43,51.087,222.34,52.86
6000,30,431.915,50.3003,222.34,52.86
6100,30,438.458,49.7343,222.34,52.86
6200,30,444.527,49.3648,222.34,52.86
6300,30,451.198,49.6048,222.34,52.86
6400,30,457.098,48.0033,222.34,52.86
6500,30,462.878,47.6772,222.34,52.86
6600,30,468.814,47.223,222.34,52.86
6700,30,475.099,47.2147,222.34,52.86
6800,30,481.684,48.0994,222.34,52.86
6900,30,488.367,47.945,222.34,52.86
7000,30,494.82,47.3829,222.34,52.86
7100,30,501.339,46.961,222.34,52.86
7200,30,507.898,46.083,222.34,52.86
7300,30,513.816,45.8522,222.34,52.86
7400,30,519.985,45.7689,222.34,52.86
7500,30,525.851,46.2086,222.34,52.86
7600,30,531.654,46.2745,222.34,52.86
7700,30,538.272,46.907,222.34,52.86
7800,30,544.255,46.7979,222.34,52.86
7900,30,550.454,46.9031,222.34,52.86
8000,30,556.84,46.7799,222.34,52.86
8100,30,563.282,46.4481,222.34,52.86
8200,30,569.697,46.375,222.34,52.86
8300,30,575.994,45.9348,222.34,52.86
8400,30,582.969,46.7381,222.34,52.86
8500,30,589.49,48.0176,222.34,52.86
8600,30,595.595,47.1879,222.34,52.86
8700,30,602.008,47.1003,222.34,52.86
8800,30,608.607,47.0224,222.34,52.86
8900,30,614.902,48.0223,222.34,52.86
9000,30,621.237,48.0934,222.34,52.86
9100,30,627.007,48.142,222.34,52.86
9200,30,632.9,48.8222,222.34,52.86
9300,30,639.59,48.8651,222.34,52.86
9400,30,645.729,48.3214,222.34,52.86
9500,30,651.274,49.7113,222.34,52.86
9600,30,658.427,50.5903,222.34,52.86
9700,30,665.093,51.0373,222.34,52.86
9800,30,671.465,50.5157,222.34,52.86
9900,30,677.971,50.7623,222.34,52.86
10000,30,683.751,50.1746,222.34,52.86
100,31,56.8566,50.7266,222.34,52.86
200,31,63.9084,50.8346,222.34,52.86
300,31,70.0788,50.6666,222.34,52.86
400,31,76.2899,51.2286,222.34,52.86
500,31,82.7685,50.4129,222.34,52.86
600,31,89.3004,50.084,222.34,52.86
700,31,95.7373,50.7736,222.34,52.86
800,31,102.185,50.3477,222.34,52.86
900,31,108.969,50.9153,222.34,52.86
1000,31,115.121,50.7369,222.34,52.86
1100,31,121.779,49.8913,222.34,52.86
1200,31,127.821,49.1756,222.34,52.86
1300,31,133.827,50.5709,222.34,52.86
1400,31,139.274,51.0297,222.34,52.86
1500,31,146.066,51.767,222.34,52.86
1600,31,152.742,51.9082,222.34,52.86
1700,31,159.403,51.6558,222.34,52.86
1800,31,165.897,51.2811,222.34,52.86
1900,31,172.303,51.0439,222.34,52.86
2000,31,178.653,50.3144,222.34,52.86
2100,31,184.755,49.1345,222.34,52.86
2200,31,191.461,49.6473,222.34,52.86
2300,31,197.859,49.5328,222.34,52.86
2400,31,203.617,50.4847,222.34,52.86
2500,31,209.872,51.0181,222.34,52.86
2600,31,216.51,51.0501,222.34,52.86
2700,31,222.906,50.774,222.34,52.86
2800,31,228.953,49.5282,222.34,52.86
2900,31,235.805,49.2477,222.34,52.86
3000,31,241.832,49.4702,222.34,52.86
3100,31,247.814,49.2901,222.34,52.86
3200,31,253.795,49.6975,222.34,52.86
3300,31,260.12,49.1862,222.34,52.86
3400,31,266.014,50.1598,222.34,52.86
3500,31,272.227,51.0042,222.34,52.86
3600,31,278.611,50.1559,222.34,52.86
3700,31,284.774,49.7081,222.34,52.86
3800,31,290.964,50.4165,222.34,52.86
3900,31,297.447,49.212,222.34,52.86
4000,31,303.478,49.1805,222.34,52.86
4100,31,309.645,49.2525,222.34,52.86
4200,31,315.965,49.8193,222.34,52.86
4300,31,322.867,49.6153,222.34,52.86
4400,31,328.819,50.9317,222.34,52.86
4500,31,334.642,51.5766,222.34,52.86
4600,31,340.586,50.2267,222.34,52.86
4700,31,346.864,49.6592,222.34,52.86
4800,31,352.433,50.6703,222.34,52.86
4900,31,358.792,51.5502,222.34,52.86
5000,31,365.685,51.9585,222.34,52.86
5100,31,371.841,51.4425,222.34,52.86
5200,31,378.34,50.9888,222.34,52.86
5300,31,384.874,52.2513,222.34,52.86
5400,31,391.189,51.6047,222.34,52.86
5500,31,397.698,51.5193,222.34,52.86
5600,31,404.15,51.3499,222.34,52.86
5700,31,410.716,52.1691,222.34,52.86
5800,31,416.938,52.7599,222.34,52.86
5900,31,423.43,53.4035,222.34,52.86
6000,31,429.385,52.8869,222.34,52.86
6100,31,435.608,52.3687,222.34,52.86
6200,31,441.837,52.583,222.34,52.86
6300,31,447.817,52.2003,222.34,52.86
6400,31,454.413,52.1187,222.34,52.86
6500,31,461.08,51.5361,222.34,52.86
6600,31,467.517,51.4352,222.34,52.86
6700,31,473.48,51.0782,222.34,52.86
6800,31,479.803,51.4571,222.34,52.86
6900,31,485.843,51.2612,222.34,52.86
7000,31,492.443,51.686,222.34,52.86
7100,31,498.912,52.2539,222.34,52.86
7200,31,504.975,51.7819,222.34,52.86
7300,31,511.221,51.8468,222.34,52.86
7400,31,517.888,52.4377,222.34,52.86
7500,31,523.982,52.1158,222.34,52.86
7600,31,530.143,52.1256,222.34,52.86
7700,31,536.893,52.4368,222.34,52.86
7800,31,542.741,52.4873,222.34,52.86
7900,31,549.012,52.0297,222.34,52.86
8000,31,555.184,50.7931,222.34,52.86
8100,31,561.4,51.2997,222.34,52.86
8200,31,567.792,50.3891,222.34,52.86
8300,31,574.227,49.3991,222.34,52.86
8400,31,581.288,51.1697,222.34,52.86
8500,31,587.327,51.0807,222.34,52.86
8600,31,593.71,50.8853,222.34,52.86
8700,31,599.89,50.5008,222.34,52.86
8800,31,606.043,48.8958,222.34,52.86
8900,31,611.947,48.5551,222.34,52.86
9000,31,618.63,48.9149,222.34,52.86
9100,31,624.801,48.78,222.34,52.86
9200,31,631.299,48.7951,222.34,52.86
9300,31,637.596,49.7118,222.34,52.86
9400,31,644.14,49.7696,222.34,52.86
9500,31,651.007,49.0848,222.34,52.86
9600,31,657.456,49.9584,222.34,52.86
9700,31,663.844,49.8699,222.34,52.86
9800,31,670.173,49.4402,222.34,52.86
9900,31,676.445,48.7826,222.34,52.86
10000,31,682.275,48.496,222.34,52.86
100,32,56.0336,50.6681,222.34,52.86
200,32,62.4605,50.0282,222.34,52.86
300,32,68.3388,49.9998,222.34,52.86
400,32,74.5604,50.3018,222.34,52.86
500,32,80.8932,50.4617,222.34,52.86
600,32,87.5014,49.818,222.34,52.86
700,32,94.2325,49.9131,222.34,52.86
800,32,100.255,50.6706,222.34,52.86
900,32,106.114,51.4338,222.34,52.86
1000,32,111.914,50.9135,222.34,52.86
1100,32,117.943,51.1691,222.34,52.86
1200,32,124.429,50.8257,222.34,52.86
1300,32,130.897,51.7009,222.34,52.86
1400,32,137.311,53.8618,222.34,52.86
1500,32,143.524,52.9859,222.34,52.86
1600,32,150.115,53.0014,222.34,52.86
1700,32,156.394,52.9102,222.34,52.86
1800,32,162.978,52.9511,222.34,52.86
1900,32,169.48,51.4077,222.34,52.86
2000,32,175.775,52.5207,222.34,52.86
2100,32,182.128,51.1318,222.34,52.86
2200,32,188.629,52.5997,222.34,52.86
2300,32,194.803,53.4857,222.34,52.86
2400,32,200.918,53.5956,222.34,52.86
2500,32,207.187,53.5604,222.34,52.86
2600,32,213.244,53.6034,222.34,52.86
2700,32,219.581,53.1524,222.34,52.86
2800,32,225.404,52.7463,222.34,52.86
2900,32,231.563,53.2525,222.34,52.86
3000,32,238.414,53.0419,222.34,52.86
3100,32,244.749,53.7805,222.34,52.86
3200,32,251.159,54.773,222.34,52.86
3300,32,256.751,55.2072,222.34,52.86
3400,32,263.44,54.85,222.34,52.86
3500,32,270.418,55.0775,222.34,52.86
3600,32,277.076,55.0355,222.34,52.86
3700,32,283.376,54.5535,222.34,52.86
3800,32,290.037,55.9073,222.34,52.86
3900,32,296.218,56.2936,222.34,52.86
4000,32,302.459,56.3838,222.34,52.86
4100,32,308.843,56.8166,222.34,52.86
4200,32,315.382,57.513,222.34,52.86
4300,32,321.172,56.8304,222.34,52.86
4400,32,327.5,57.7513,222.34,52.86
4500,32,333.565,57.8957,222.34,52.86
4600,32,339.744,58.7771,222.34,52.86
4700,32,345.597,58.7647,222.34,52.86
4800,32,352.195,59.7,222.34,52.86
4900,32,358.356,59.8799,222.34,52.86
5000,32,364.947,59.3354,222.34,52.86
5100,32,371.354,59.2624,222.34,52.86
5200,32,377.542,59.9592,222.34,52.86
5300,32,383.808,59.4397,222.34,52.86
5400,32,390.844,60.3291,222.34,52.86
5500,32,397.41,59.4847,222.34,52.86
5600,32,403.957,60.1755,222.34,52.86
5700,32,410.53,61.2773,222.34,52.86
5800,32,417.251,60.6666,222.34,52.86
5900,32,423.515,59.6927,222.34,52.86
6000,32,429.493,61.044,222.34,52.86
6100,32,435.822,61.5774,222.34,52.86
6200,32,441.939,61.3712,222.34,52.86
6300,32,447.992,60.5836,222.34,52.86
6400,32,454.517,61.0153,222.34,52.86
6500,32,460.829,61.5935,222.34,52.86
6600,32,467.54,61.714,222.34,52.86
6700,32,473.325,61.5063,222.34,52.86
6800,32,480.211,62.0811,222.34,52.86
6900,32,486.744,61.9195,222.34,52.86
7000,32,493.101,62.1245,222.34,52.86
7100,32,499.33,61.1666,222.34,52.86
7200,32,505.271,61.5667,222.34,52.86
7300,32,512.035,62.277,222.34,52.86
7400,32,518.332,61.5996,222.34,52.86
7500,32,524.729,61.9973,222.34,52.86
7600,32,531.454,62.9274,222.34,52.86
7700,32,537.925,62.1741,222.34,52.86
7800,32,543.877,60.4596,222.34,52.86
7900,32,549.643,60.8786,222.34,52.86
8000,32,556.446,60.7649,222.34,52.86
8100,32,562.503,60.7585,222.34,52.86
8200,32,568.715,61.1541,222.34,52.86
8300,32,575.072,61.2438,222.34,52.86
8400,32,581.131,60.5885,222.34,52.86
8500,32,587.579,60.782,222.34,52.86
8600,32,593.834,60.8824,222.34,52.86
8700,32,600.075,60.4671,222.34,52.86
8800,32,606.333,60.6929,222.34,52.86
8900,32,612.392,60.971,222.34,52.86
9000,32,618.732,60.6596,222.34,52.86
9100,32,624.521,61.2199,222.34,52.86
9200,32,630.983,61.9462,222.34,52.86
9300,32,637.208,63.008,222.34,52.86
9400,32,643.497,62.606,222.34,52.86
9500,32,649.969,63.3596,222.34,52.86
9600,32,656.343,62.386,222.34,52.86
9700,32,662.536,62.3804,222.34,52.86
9800,32,668.631,62.6919,222.34,52.86
9900,32,675.132,61.7085,222.34,52.86
10000,32,681.838,62.1005,222.34,52.86
100,33,56.1367,49.8091,222.34,52.86
200,33,62.303,48.9687,222.34,52.86
300,33,68.92,48.1456,222.34,52.86
400,33,75.7858,48.2965,222.34,52.86
500,33,82.3498,49.3208,222.34,52.86
600,33,88.3403,48.1174,222.34,52.86
700,33,94.2949,48.0829,222.34,52.86
800,33,101.018,47.7469,222.34,52.86
900,33,106.783,47.8027,222.34,52.86
1000,33,113.45,49.3324,222.34,52.86
1100,33,119.698,50.5381,222.34,52.86
1200,33,125.831,50.2843,222.34,52.86
1300,33,132.178,49.8089,222.34,52.86
1400,33,138.332,49.201,222.34,52.86
1500,33,144.63,49.5689,222.34,52.86
1600,33,150.69,50.2949,222.34,52.86
1700,33,156.819,51.2623,222.34,52.86
1800,33,163.921,50.0282,222.34,52.86
1900,33,169.906,49.6626,222.34,52.86
2000,33,175.975,48.7138,222.34,52.86
2100,33,182.975,48.232,222.34,52.86
2200,33,188.938,49.0268,222.34,52.86
2300,33,195.305,48.856,222.34,52.86
2400,33,202.251,48.7617,222.34,52.86
2500,33,208.185,48.6864,222.34,52.86
2600,33,214.566,49.1718,222.34,52.86
2700,33,221.046,49.1218,222.34,52.86
2800,33,226.781,48.4601,222.34,52.86
2900,33,233.164,47.6899,222.34,52.86
3000,33,239.646,47.6849,222.34,52.86
3100,33,246.116,48.6987,222.34,52.86
3200,33,252.643,48.9422,222.34,52.86
3300,33,259.477,48.8631,222.34,52.86
3400,33,265.626,49.303,222.34,52.86
3500,33,272.106,48.9442,222.34,52.86
3600,33,278.274,48.3932,222.34,52.86
3700,33,285.005,48.0154,222.34,52.86
3800,33,291.209,48.4458,222.34,52.86
3900,33,298.35,47.0003,222.34,52.86
4000,33,304.963,47.0171,222.34,52.86
4100,33,311.389,47.9261,222.34,52.86
4200,33,316.985,49.2519,222.34,52.86
4300,33,322.9,49.7233,222.34,52.86
4400,33,329.281,48.758,222.34,52.86
4500,33,335.778,48.916,222.34,52.86
4600,33,341.831,49.9427,222.34,52.86
4700,33,347.963,49.0589,222.34,52.86
4800,33,353.642,49.4843,222.34,52.86
4900,33,360.55,48.5703,222.34,52.86
5000,33,366.812,50.2999,222.34,52.86
5100,33,373.289,49.6991,222.34,52.86
5200,33,378.941,48.8243,222.34,52.86
5300,33,384.671,49.112,222.34,52.86
5400,33,391.112,47.9447,222.34,52.86
5500,33,397.328,46.9275,222.34,52.86
5600,33,403.561,46.5009,222.34,52.86
5700,33,410.625,47.2676,222.34,52.86
5800,33,416.509,48.153,222.34,52.86
5900,33,422.788,48.5465,222.34,52.86
6000,33,428.962,47.5357,222.34,52.86
6100,33,435.564,46.4264,222.34,52.86
6200,33,442.037,46.7342,222.34,52.86
6300,33,449.004,46.1039,222.34,52.86
6400,33,455.328,46.3219,222.34,52.86
6500,33,461.882,46.8421,222.34,52.86
6600,33,467.971,46.9355,222.34,52.86
6700,33,474.267,46.2759,222.34,52.86
6800,33,480.979,47.4095,222.34,52.86
6900,33,486.948,47.3645,222.34,52.86
7000,33,493.469,47.9361,222.34,52.86
7100,33,499.619,48.2035,222.34,52.86
7200,33,505.599,48.3343,222.34,52.86
7300,33,512.168,47.5529,222.34,52.86
7400,33,518.743,47.8761,222.34,52.86
7500,33,525.179,48.3886,222.34,52.86
7600,33,531.45,48.6759,222.34,52.86
7700,33,538.175,48.5815,222.34,52.86
7800,33,545.001,47.8381,222.34,52.86
7900,33,551.217,46.9495,222.34,52.86
8000,33,557.218,46.0724,222.34,52.86
8100,33,562.947,44.7107,222.34,52.86
8200,33,569.698,45.4253,222.34,52.86
8300,33,575.727,45.3339,222.34,52.86
8400,33,582.157,45.0433,222.34,52.86
8500,33,588.541,45.6911,222.34,52.86
8600,33,594.593,44.6913,222.34,52.86
8700,33,600.803,44.5744,222.34,52.86
8800,33,607.174,45.6848,222.34,52.86
8900,33,613.468,44.5178,222.34,52.86
9000,33,619.768,43.8116,222.34,52.86
9100,33,626.589,42.5072,222.34,52.86
9200,33,633.001,42.2383,222.34,52.86
9300,33,639.408,41.7192,222.34,52.86
9400,33,645.492,41.6279,222.34,52.86
9500,33,652.055,41.9098,222.34,52.86
9600,33,658.213,42.1889,222.34,52.86
9700,33,664.602,41.6964,222.34,52.86
9800,33,670.763,41.459,222.34,52.86
9900,33,676.624,41.7754,222.34,52.86
10000,33,682.529,42.1902,222.34,52.86
100,34,56.5685,49.7843,222.34,52.86
200,34,62.9704,49.823,222.34,52.86
300,34,69.0283,48.7691,222.34,52.86
400,34,75.9239,49.5144,222.34,52.86
500,34,82.394,50.3718,222.34,52.86
600,34,89.1406,49.3024,222.34,52.86
700,34,95.6227,50.4622,222.34,52.86
800,34,101.597,49.2721,222.34,52.86
900,34,107.66,49.9946,222.34,52.86
1000,34,114.141,49.562,222.34,52.86
1100,34,120.417,50.3272,222.34,52.86
1200,34,126.783,50.7412,222.34,52.86
1300,34,133.175,49.2474,222.34,52.86
1400,34,139.115,49.6273,222.34,52.86
1500,34,145.379,49.4082,222.34,52.86
1600,34,151.433,49.4744,222.34,52.86
1700,34,157.736,48.0588,222.34,52.86
1800,34,164.393,47.4268,222.34,52.86
1900,34,170.594,48.4096,222.34,52.86
2000,34,177.108,48.4236,222.34,52.86
2100,34,183.299,48.8299,222.34,52.86
2200,34,189.112,49.2096,222.34,52.86
2300,34,194.622,50.1668,222.34,52.86
2400,34,200.894,49.6849,222.34,52.86
2500,34,207.364,49.2611,222.34,52.86
2600,34,213.297,47.8962,222.34,52.86
2700,34,219.354,47.6051,222.34,52.86
2800,34,225.678,46.4651,222.34,52.86
2900,34,231.613,46.5097,222.34,52.86
3000,34,238.386,46.6684,222.34,52.86
3100,34,244.804,45.8376,222.34,52.86
3200,34,251.219,46.7359,222.34,52.86
3300,34,257.879,45.765,222.34,52.86
3400,34,264.367,45.6291,222.34,52.86
3500,34,270.48,47.508,222.34,52.86
3600,34,277.214,47.7145,222.34,52.86
3700,34,283.424,49.039,222.34,52.86
3800,34,290.032,49.106,222.34,52.86
3900,34,296.535,49.1978,222.34,52.86
4000,34,303.526,49.5984,222.34,52.86
4100,34,310.307,48.8097,222.34,52.86
4200,34,316.704,49.0846,222.34,52.86
4300,34,324.004,48.7983,222.34,52.86
4400,34,329.905,49.1053,222.34,52.86
4500,34,336.309,48.5569,222.34,52.86
4600,34,342.308,48.7766,222.34,52.86
4700,34,348.743,48.3729,222.34,52.86
4800,34,355.282,48.504,222.34,52.86
4900,34,361.23,49.1394,222.34,52.86
5000,34,367.328,49.2594,222.34,52.86
5100,34,373.171,48.6973,222.34,52.86
5200,34,379.399,47.8963,222.34,52.86
5300,34,385.558,48.7727,222.34,52.86
5400,34,391.952,49.4075,222.34,52.86
5500,34,398.198,49.853,222.34,52.86
5600,34,405.013,50.6829,222.34,52.86
5700,34,411.555,51.2625,222.34,52.86
5800,34,418.428,50.9553,222.34,52.86
5900,34,424.534,50.8477,222.34,52.86
6000,34,430.197,49.5588,222.34,52.86
6100,34,437.16,49.9872,222.34,52.86
6200,34,443.83,48.9774,222.34,52.86
6300,34,450.52,49.3346,222.34,52.86
6400,34,456.94,50.3502,222.34,52.86
6500,34,463.54,50.7303,222.34,52.86
6600,34,469.818,49.847,222.34,52.86
6700,34,476.41,49.5711,222.34,52.86
6800,34,482.58,49.0319,222.34,52.86
6900,34,488.891,49.0822,222.34,52.86
7000,34,494.693,49.2542,222.34,52.86
7100,34,501.003,49.0673,222.34,52.86
7200,34,507.565,50.1326,222.34,52.86
7300,34,514.129,50.901,222.34,52.86
7400,34,520.384,51.9559,222.34,52.86
7500,34,526.845,51.4746,222.34,52.86
7600,34,533.415,52.4468,222.34,52.86
7700,34,539.859,53.7595,222.34,52.86
7800,34,546.165,53.7267,222.34,52.86
7900,34,551.995,54.4212,222.34,52.86
8000,34,558.688,54.5399,222.34,52.86
8100,34,564.888,54.1327,222.34,52.86
8200,34,571.301,54.4738,222.34,52.86
8300,34,577.522,54.7264,222.34,52.86
8400,34,583.542,55.0352,222.34,52.86
8500,34,590.133,54.2179,222.34,52.86
8600,34,596.869,54.2495,222.34,52.86
8700,34,603.317,54.1022,222.34,52.86
8800,34,609.886,53.4269,222.34,52.86
8900,34,616.576,53.1437,222.34,52.86
9000,34,623.012,53.4308,222.34,52.86
9100,34,628.906,52.198,222.34,52.86
9200,34,635.749,52.2729,222.34,52.86
9300,34,642,52.3709,222.34,52.86
9400,34,648.124,52.4788,222.34,52.86
9500,34,654.65,52.2978,222.34,52.86
9600,34,660.557,51.6836,222.34,52.86
9700,34,666.89,51.0065,222.34,52.86
9800,34,672.755,50.317,222.34,52.86
9900,34,679.289,49.552,222.34,52.86
10000,34,685.914,49.0328,222.34,52.86
100,35,56.7193,50.3964,222.34,52.86
200,35,62.8257,50.3628,222.34,52.86
300,35,69.9875,50.1721,222.34,52.86
400,35,77.2899,50.3021,222.34,52.86
500,35,83.1402,50.1245,222.34,52.86
600,35,89.8177,51.5846,222.34,52.86
700,35,96.3318,50.9489,222.34,52.86
800,35,102.734,51.1795,222.34,52.86
900,35,108.939,50.2696,222.34,52.86
1000,35,115.349,49.6914,222.34,52.86
1100,35,121.863,50.0908,222.34,52.86
1200,35,127.753,49.8019,222.34,52.86
1300,35,134.102,49.8284,222.34,52.86
1400,35,140.368,48.8888,222.34,52.86
1500,35,147.186,48.9219,222.34,52.86
1600,35,153.962,49.4474,222.34,52.86
1700,35,160.165,48.979,222.34,52.86
1800,35,166.841,48.6513,222.34,52.86
1900,35,173.222,49.1392,222.34,52.86
2000,35,179.639,49.9984,222.34,52.86
2100,35,185.464,50.2401,222.34,52.86
2200,35,192.145,50.4059,222.34,52.86
2300,35,198.299,50.4735,222.34,52.86
2400,35,205.328,49.5647,222.34,52.86
2500,35,211.653,49.1361,222.34,52.86
2600,35,217.827,48.7901,222.34,52.86
2700,35,224.212,49.2993,222.34,52.86
2800,35,230.93,49.2029,222.34,52.86
2900,35,237.65,49.9233,222.34,52.86
3000,35,243.511,49.275,222.34,52.86
3100,35,250.073,49.8701,222.34,52.86
3200,35,256.834,49.1696,222.34,52.86
3300,35,263.29,48.2461,222.34,52.86
3400,35,269.797,48.016,222.34,52.86
3500,35,275.691,48.0808,222.34,52.86
3600,35,282.14,46.7945,222.34,52.86
3700,35,288.965,47.8139,222.34,52.86
3800,35,295.408,46.9736,222.34,52.86
3900,35,301.958,47.3648,222.34,52.86
4000,35,308.41,48.1594,222.34,52.86
4100,35,314.989,48.6398,222.34,52.86
4200,35,321.38,47.716,222.34,52.86
4300,35,327.678,48.2902,222.34,52.86
4400,35,333.716,48.5892,222.34,52.86
4500,35,340.185,48.0807,222.34,52.86
4600,35,345.897,48.3356,222.34,52.86
4700,35,351.799,47.7324,222.34,52.86
4800,35,358.368,47.3792,222.34,52.86
4900,35,365.199,47.2248,222.34,52.86
5000,35,371.638,47.2908,222.34,52.86
5100,35,377.97,48.4833,222.34,52.86
5200,35,384.361,47.5231,222.34,52.86
5300,35,390.651,47.4566,222.34,52.86
5400,35,396.668,48.3106,222.34,52.86
5500,35,403.165,48.2679,222.34,52.86
5600,35,409.842,46.86,222.34,52.86
5700,35,416.288,47.9873,222.34,52.86
5800,35,422.601,47.7298,222.34,52.86
5900,35,428.764,48.3076,222.34,52.86
6000,35,435.318,48.2741,222.34,52.86
6100,35,441.315,47.5511,222.34,52.86
6200,35,448.499,48.8917,222.34,52.86
6300,35,454.843,49.616,222.34,52.86
6400,35,460.87,49.7199,222.34,52.86
6500,35,467.158,49.904,222.34,52.86
6600,35,473.26,50.8443,222.34,52.86
6700,35,479.959,49.3523,222.34,52.86
6800,35,485.985,50.6052,222.34,52.86
6900,35,492.244,51.0952,222.34,52.86
7000,35,498.655,51.7317,222.34,52.86
7100,35,505.402,51.2154,222.34,52.86
7200,35,512.264,50.7682,222.34,52.86
7300,35,518.923,50.3188,222.34,52.86
7400,35,525.486,49.563,222.34,52.86
7500,35,531.774,49.5044,222.34,52.86
7600,35,538.342,49.0941,222.34,52.86
7700,35,544.449,49.3796,222.34,52.86
7800,35,550.735,49.7345,222.34,52.86
7900,35,556.978,50.1778,222.34,52.86
8000,35,563.539,49.9362,222.34,52.86
8100,35,569.806,50.0181,222.34,52.86
8200,35,576.263,49.8274,222.34,52.86
8300,35,582.753,49.6939,222.34,52.86
8400,35,589.111,50.1661,222.34,52.86
8500,35,595.759,49.819,222.34,52.86
8600,35,602.272,49.3231,222.34,52.86
8700,35,608.439,47.7786,222.34,52.86
8800,35,614.722,47.8473,222.34,52.86
8900,35,620.714,47.6574,222.34,52.86
9000,35,626.925,47.6566,222.34,52.86
9100,35,633.096,47.0394,222.34,52.86
9200,35,639.552,45.8844,222.34,52.86
9300,35,645.703,44.7727,222.34,52.86
9400,35,652.175,45.6518,222.34,52.86
9500,35,657.922,46.1792,222.34,52.86
9600,35,664.314,46.2537,222.34,52.86
9700,35,670.89,46.1049,222.34,52.86
9800,35,677.212,46.6222,222.34,52.86
9900,35,683.346,47.045,222.34,52.86
10000,35,689.904,47.0825,222.34,52.86
100,36,56.6679,50.0311,222.34,52.86
200,36,63.2804,50.3375,222.34,52.86
300,36,69.981,50.6571,222.34,52.86
400,36,75.9119,50.7891,222.34,52.86
500,36,82.1822,49.55,222.34,52.86
600,36,88.0274,48.3659,222.34,52.86
700,36,94.8259,47.3595,222.34,52.86
800,36,100.802,46.3204,222.34,52.86
900,36,107.5,46.8519,222.34,52.86
1000,36,113.966,49.1723,222.34,52.86
1100,36,120.113,48.3238,222.34,52.86
1200,36,126.31,49.4134,222.34,52.86
1300,36,132.659,48.4832,222.34,52.86
1400,36,138.727,48.9157,222.34,52.86
1500,36,144.773,47.6906,222.34,52.86
1600,36,151.377,47.806,222.34,52.86
1700,36,157.283,47.7903,222.34,52.86
1800,36,163.681,48.6132,222.34,52.86
1900,36,170.13,48.4231,222.34,52.86
2000,36,175.759,48.5023,222.34,52.86
2100,36,182.139,49.2035,222.34,52.86
2200,36,188.769,49.5506,222.34,52.86
2300,36,194.929,49.6756,222.34,52.86
2400,36,201.412,47.7523,222.34,52.86
2500,36,207.487,48.4641,222.34,52.86
2600,36,213.722,48.2917,222.34,52.86
2700,36,220.516,47.412,222.34,52.86
2800,36,226.786,49.0707,222.34,52.86
2900,36,233.442,51.3742,222.34,52.86
3000,36,239.927,50.5521,222.34,52.86
3100,36,246.778,51.015,222.34,52.86
3200,36,253.241,51.6398,222.34,52.86
3300,36,259.688,52.3921,222.34,52.86
3400,36,265.712,51.8342,222.34,52.86
3500,36,271.987,53.5844,222.34,52.86
3600,36,278.128,53.144,222.34,52.86
3700,36,284.543,53.1568,222.34,52.86
3800,36,290.933,52.5369,222.34,52.86
3900,36,297.461,51.5515,222.34,52.86
4000,36,303.886,51.9295,222.34,52.86
4100,36,309.901,51.9925,222.34,52.86
4200,36,316.32,53.0629,222.34,52.86
4300,36,322.758,54.5998,222.34,52.86
4400,36,329.242,53.6445,222.34,52.86
4500,36,335.613,54.4695,222.34,52.86
4600,36,342.071,53.1643,222.34,52.86
4700,36,348.997,53.5793,222.34,52.86
4800,36,355.251,52.7159,222.34,52.86
4900,36,361.04,51.9808,222.34,52.86
5000,36,366.937,51.1777,222.34,52.86
5100,36,373.005,53.1952,222.34,52.86
5200,36,379.507,53.5396,222.34,52.86
5300,36,385.653,54.4525,222.34,52.86
5400,36,392.26,53.8639,222.34,52.86
5500,36,398.579,52.5661,222.34,52.86
5600,36,405.388,52.2551,222.34,52.86
5700,36,411.908,52.0701,222.34,52.86
5800,36,418.016,51.5135,222.34,52.86
5900,36,424.028,51.0864,222.34,52.86
6000,36,430.442,51.3292,222.34,52.86
6100,36,436.566,50.0873,222.34,52.86
6200,36,443.369,49.7514,222.34,52.86
6300,36,449.698,49.6986,222.34,52.86
6400,36,456.1,50.3013,222.34,52.86
6500,36,462.112,49.2033,222.34,52.86
6600,36,468.047,48.5873,222.34,52.86
6700,36,474.516,48.6405,222.34,52.86
6800,36,481.012,50.1511,222.34,52.86
6900,36,487.321,49.7247,222.34,52.86
7000,36,493.97,49.0092,222.34,52.86
7100,36,500.494,49.4848,222.34,52.86
7200,36,506.974,49.8785,222.34,52.86
7300,36,513.118,49.2981,222.34,52.86
7400,36,519.195,48.8431,222.34,52.86
7500,36,525.151,48.9603,222.34,52.86
7600,36,531.171,48.3138,222.34,52.86
7700,36,537.804,48.1537,222.34,52.86
7800,36,544.323,48.9985,222.34,52.86
7900,36,551.214,50.6184,222.34,52.86
8000,36,557.866,50.3432,222.34,52.86
8100,36,564.239,49.754,222.34,52.86
8200,36,570.682,49.1652,222.34,52.86
8300,36,577.624,49.5033,222.34,52.86
8400,36,584.196,48.9793,222.34,52.86
8500,36,590.985,49.4558,222.34,52.86
8600,36,597.669,49.9201,222.34,52.86
8700,36,603.677,50.8017,222.34,52.86
8800,36,610.095,51.7339,222.34,52.86
8900,36,616.478,50.0149,222.34,52.86
9000,36,622.548,50.9178,222.34,52.86
9100,36,629.275,51.4133,222.34,52.86
9200,36,635.126,52.3996,222.34,52.86
9300,36,641.262,53.5491,222.34,52.86
9400,36,647.735,53.6248,222.34,52.86
9500,36,654.192,53.6542,222.34,52.86
9600,36,660.775,53.2742,222.34,52.86
9700,36,667.388,52.3601,222.34,52.86
9800,36,673.816,52.3422,222.34,52.86
9900,36,680.285,51.2383,222.34,52.86
10000,36,686.358,50.9543,222.34,52.86
100,37,56.2456,48.9045,222.34,52.86
200,37,62.6582,48.8017,222.34,52.86
300,37,69.2509,49.897,222.34,52.86
400,37,76.1701,49.6818,222.34,52.86
500,37,82.535,50.4038,222.34,52.86
600,37,88.5786,50.7442,222.34,52.86
700,37,94.9099,51.8947,222.34,52.86
800,37,101.15,52.2055,222.34,52.86
900,37,107.448,51.9347,222.34,52.86
1000,37,113.913,51.8427,222.34,52.86
1100,37,120.891,51.5074,222.34,52.86
1200,37,127.215,50.886,222.34,52.86
1300,37,133.933,50.8866,222.34,52.86
1400,37,140.066,51.1502,222.34,52.86
1500,37,146.484,51.8561,222.34,52.86
1600,37,152.897,52.2188,222.34,52.86
1700,37,159.254,51.5205,222.34,52.86
1800,37,165.334,51.3296,222.34,52.86
1900,37,171.906,51.2094,222.34,52.86
2000,37,178.4,50.683,222.34,52.86
2100,37,184.613,49.2127,222.34,52.86
2200,37,190.858,49.5517,222.34,52.86
2300,37,197.386,49.0761,222.34,52.86
2400,37,203.457,48.3325,222.34,52.86
2500,37,210.145,48.8909,222.34,52.86
2600,37,215.991,48.6822,222.34,52.86
2700,37,222.022,49.037,222.34,52.86
2800,37,228.552,49.502,222.34,52.86
2900,37,234.555,49.2558,222.34,52.86
3000,37,240.984,49.5071,222.34,52.86
3100,37,247.722,49.6156,222.34,52.86
3200,37,254.135,50.0954,222.34,52.86
3300,37,260.633,50.3576,222.34,52.86
3400,37,266.968,48.5197,222.34,52.86
3500,37,273.187,48.7758,222.34,52.86
3600,37,279.024,49.3443,222.34,52.86
3700,37,285.349,48.7068,222.34,52.86
3800,37,291.818,49.6289,222.34,52.86
3900,37,298.375,49.8715,222.34,52.86
4000,37,304.357,48.9346,222.34,52.86
4100,37,310.369,49.6743,222.34,52.86
4200,37,316.86,50.0416,222.34,52.86
4300,37,323.894,50.1046,222.34,52.86
4400,37,330.209,49.4033,222.34,52.86
4500,37,336.473,49.5297,222.34,52.86
4600,37,343.37,48.6841,222.34,52.86
4700,37,350.229,48.8171,222.34,52.86
4800,37,356.526,48.2731,222.34,52.86
4900,37,363.226,46.6378,222.34,52.86
5000,37,369.649,46.9355,222.34,52.86
5100,37,376.068,45.4766,222.34,52.86
5200,37,382.903,45.3516,222.34,52.86
5300,37,389.739,45.1536,222.34,52.86
5400,37,396.381,44.6102,222.34,52.86
5500,37,402.804,44.2529,222.34,52.86
5600,37,409.598,45.3373,222.34,52.86
5700,37,416.094,44.8166,222.34,52.86
5800,37,422.312,43.7994,222.34,52.86
5900,37,428.888,44.7335,222.34,52.86
6000,37,435.102,44.159,222.34,52.86
6100,37,441.043,46.5188,222.34,52.86
6200,37,447.459,46.4759,222.34,52.86
6300,37,453.968,46.2401,222.34,52.86
6400,37,460.302,46.2032,222.34,52.86
6500,37,467.032,46.0297,222.34,52.86
6600,37,473.328,47.1355,222.34,52.86
6700,37,479.41,48.8932,222.34,52.86
6800,37,485.704,49.3027,222.34,52.86
6900,37,492.301,49.5522,222.34,52.86
7000,37,498.879,48.5865,222.34,52.86
7100,37,505.808,48.5209,222.34,52.86
7200,37,511.671,49.5527,222.34,52.86
7300,37,518.413,48.556,222.34,52.86
7400,37,525.212,48.0383,222.34,52.86
7500,37,531.144,47.6078,222.34,52.86
7600,37,537.894,47.6783,222.34,52.86
7700,37,544.889,47.1431,222.34,52.86
7800,37,551.092,47.7826,222.34,52.86
7900,37,557.765,47.6449,222.34,52.86
8000,37,564.205,48.0364,222.34,52.86
8100,37,569.946,49.4766,222.34,52.86
8200,37,576.331,48.0558,222.34,52.86
8300,37,582.996,48.2343,222.34,52.86
8400,37,589.28,47.384,222.34,52.86
8500,37,595.878,47.888,222.34,52.86
8600,37,602.508,47.3732,222.34,52.86
8700,37,608.263,48.009,222.34,52.86
8800,37,614.729,47.8179,222.34,52.86
8900,37,620.953,47.0028,222.34,52.86
9000,37,627.218,47.2121,222.34,52.86
9100,37,633.514,46.5148,222.34,52.86
9200,37,639.079,45.1866,222.34,52.86
9300,37,645.608,44.8206,222.34,52.86
9400,37,652.443,44.9349,222.34,52.86
9500,37,659.088,44.9454,222.34,52.86
9600,37,664.956,44.9191,222.34,52.86
9700,37,671.608,44.3805,222.34,52.86
9800,37,677.87,43.9981,222.34,52.86
9900,37,683.795,44.1197,222.34,52.86
10000,37,689.878,44.4432,222.34,52.86
100,38,56.3415,49.4457,222.34,52.86
200,38,63.0817,51.0101,222.34,52.86
300,38,69.7706,51.4384,222.34,52.86
400,38,76.0969,50.9656,222.34,52.86
500,38,82.945,51.51,222.34,52.86
600,38,89.1005,50.8002,222.34,52.86
700,38,95.6697,51.23,222.34,52.86
800,38,102.058,51.4381,222.34,52.86
900,38,107.871,51.0001,222.34,52.86
1000,38,113.612,49.9069,222.34,52.86
1100,38,119.289,49.5173,222.34,52.86
1200,38,125.306,50.1889,222.34,52.86
1300,38,132.042,50.2511,222.34,52.86
1400,38,138.538,50.1825,222.34,52.86
1500,38,144.616,50.2797,222.34,52.86
1600,38,150.228,50.2537,222.34,52.86
1700,38,157.23,50.2823,222.34,52.86
1800,38,163.713,50.5008,222.34,52.86
1900,38,169.905,49.9505,222.34,52.86
2000,38,176.244,49.5881,222.34,52.86
2100,38,182.386,50.3766,222.34,52.86
2200,38,188.641,50.4365,222.34,52.86
2300,38,194.863,50.8991,222.34,52.86
2400,38,200.587,50.7099,222.34,52.86
2500,38,206.955,52.318,222.34,52.86
2600,38,212.716,52.5377,222.34,52.86
2700,38,219.169,52.2177,222.34,52.86
2800,38,225.734,51.9852,222.34,52.86
2900,38,231.877,52.4206,222.34,52.86
3000,38,238.471,51.6147,222.34,52.86
3100,38,245.316,51.2577,222.34,52.86
3200,38,252.279,51.8593,222.34,52.86
3300,38,258.429,50.8907,222.34,52.86
3400,38,264.628,51.9654,222.34,52.86
3500,38,271.22,52.1612,222.34,52.86
3600,38,277.75,51.2392,222.34,52.86
3700,38,283.973,51.166,222.34,52.86
3800,38,290.43,51.1257,222.34,52.86
3900,38,296.818,51.3465,222.34,52.86
4000,38,303.196,51.764,222.34,52.86
4100,38,309.224,52.7741,222.34,52.86
4200,38,315.606,53.5089,222.34,52.86
4300,38,322.029,54.3319,222.34,52.86
4400,38,328.394,54.3139,222.34,52.86
4500,38,335.162,55.0304,222.34,52.86
4600,38,341.472,55.3469,222.34,52.86
4700,38,348.398,54.8529,222.34,52.86
4800,38,354.948,54.7867,222.34,52.86
4900,38,361.264,54.6551,222.34,52.86
5000,38,367.579,54.3539,222.34,52.86
5100,38,374.095,55.0593,222.34,52.86
5200,38,381.183,55.0846,222.34,52.86
5300,38,387.977,54.8756,222.34,52.86
5400,38,394.42,53.5982,222.34,52.86
5500,38,400.502,54.4352,222.34,52.86
5600,38,406.633,55.6375,222.34,52.86
5700,38,413.418,54.977,222.34,52.86
5800,38,420.304,53.6123,222.34,52.86
5900,38,426.563,53.566,222.34,52.86
6000,38,432.291,55.3109,222.34,52.86
6100,38,438.548,54.9407,222.34,52.86
6200,38,444.971,54.977,222.34,52.86
6300,38,452.042,53.459,222.34,52.86
6400,38,458.482,53.4447,222.34,52.86
6500,38,464.648,54.41,222.34,52.86
6600,38,470.814,54.2807,222.34,52.86
6700,38,477.034,53.9129,222.34,52.86
6800,38,482.968,53.9768,222.34,52.86
6900,38,489.054,54.1506,222.34,52.86
7000,38,495.616,54.8123,222.34,52.86
7100,38,501.887,55.5395,222.34,52.86
7200,38,508.455,56.0097,222.34,52.86
7300,38,514.847,56.1377,222.34,52.86
7400,38,520.76,56.7099,222.34,52.86
7500,38,527.543,56.3777,222.34,52.86
7600,38,534.148,56.1322,222.34,52.86
7700,38,540.684,56.1079,222.34,52.86
7800,38,546.822,55.9388,222.34,52.86
7900,38,553.362,56.5383,222.34,52.86
8000,38,559.515,55.2119,222.34,52.86
8100,38,566.423,55.4565,222.34,52.86
8200,38,572.564,55.1944,222.34,52.86
8300,38,578.372,56.4391,222.34,52.86
8400,38,584.479,57.4656,222.34,52.86
8500,38,590.618,57.6669,222.34,52.86
8600,38,596.723,56.8125,222.34,52.86
8700,38,603.126,56.8795,222.34,52.86
8800,38,609.854,57.1488,222.34,52.86
8900,38,616.038,58.1765,222.34,52.86
9000,38,622.238,57.8859,222.34,52.86
9100,38,628.554,58.5529,222.34,52.86
9200,38,635.211,59.958,222.34,52.86
9300,38,641.482,59.8131,222.34,52.86
9400,38,647.645,60.3186,222.34,52.86
9500,38,653.7,60.8629,222.34,52.86
9600,38,659.88,60.8613,222.34,52.86
9700,38,666.114,58.762,222.34,52.86
9800,38,672.786,58.6702,222.34,52.86
9900,38,679.289,58.0105,222.34,52.86
10000,38,685.491,57.201,222.34,52.86
100,39,55.5606,49.479,222.34,52.86
200,39,62.0142,48.2578,222.34,52.86
300,39,68.0178,49.3188,222.34,52.86
400,39,74.1264,49.7022,222.34,52.86
500,39,80.3646,49.9532,222.34,52.86
600,39,86.5686,50.6217,222.34,52.86
700,39,93.4804,50.0975,222.34,52.86
800,39,99.4568,50.8161,222.34,52.86
900,39,105.996,50.9078,222.34,52.86
1000,39,113.126,51.2075,222.34,52.86
1100,39,120.121,52.5292,222.34,52.86
1200,39,126.133,52.4814,222.34,52.86
1300,39,132.479,52.6387,222.34,52.86
1400,39,138.552,51.7496,222.34,52.86
1500,39,145.1,52.4514,222.34,52.86
1600,39,151.083,53.4583,222.34,52.86
1700,39,157.793,53.3443,222.34,52.86
1800,39,164.119,54.4651,222.34,52.86
1900,39,170.746,54.0808,222.34,52.86
2000,39,176.511,54.9389,222.34,52.86
2100,39,182.932,54.8893,222.34,52.86
2200,39,189.578,55.3867,222.34,52.86
2300,39,195.856,55.9274,222.34,52.86
2400,39,202.496,55.3001,222.34,52.86
2500,39,208.462,55.9026,222.34,52.86
2600,39,214.764,55.9246,222.34,52.86
2700,39,220.969,55.7763,222.34,52.86
2800,39,227.725,55.7655,222.34,52.86
2900,39,234.247,56.2367,222.34,52.86
3000,39,240.707,55.4612,222.34,52.86
3100,39,247.153,55.3791,222.34,52.86
3200,39,253.143,53.8961,222.34,52.86
3300,39,259.617,55.1589,222.34,52.86
3400,39,266.344,54.3836,222.34,52.86
3500,39,272.747,54.1218,222.34,52.86
3600,39,278.371,54.419,222.34,52.86
3700,39,285.225,55.2098,222.34,52.86
3800,39,291.812,54.7721,222.34,52.86
3900,39,298.111,54.9929,222.34,52.86
4000,39,305.243,55.5298,222.34,52.86
4100,39,312.226,55.2616,222.34,52.86
4200,39,318.705,54.9854,222.34,52.86
4300,39,325.608,55.1194,222.34,52.86
4400,39,331.963,54.8675,222.34,52.86
4500,39,338.015,54.5935,222.34,52.86
4600,39,344.787,54.7103,222.34,52.86
4700,39,350.877,56.0859,222.34,52.86
4800,39,356.912,55.8848,222.34,52.86
4900,39,362.835,55.9523,222.34,52.86
5000,39,369.486,55.9899,222.34,52.86
5100,39,375.981,54.8233,222.34,52.86
5200,39,382.286,54.298,222.34,52.86
5300,39,389.166,54.7065,222.34,52.86
5400,39,395.396,53.5046,222.34,52.86
5500,39,401.912,53.217,222.34,52.86
5600,39,408.454,53.8088,222.34,52.86
5700,39,415.268,52.9122,222.34,52.86
5800,39,421.915,53.1501,222.34,52.86
5900,39,428.529,52.7581,222.34,52.86
6000,39,434.961,52.647,222.34,52.86
6100,39,441.671,52.502,222.34,52.86
6200,39,447.058,51.8299,222.34,52.86
6300,39,453.3,51.8396,222.34,52.86
6400,39,459.933,51.0195,222.34,52.86
6500,39,466.146,52.3118,222.34,52.86
6600,39,472.362,52.4016,222.34,52.86
6700,39,478.955,53.356,222.34,52.86
6800,39,485.587,53.1985,222.34,52.86
6900,39,491.971,52.5899,222.34,52.86
7000,39,498.437,51.795,222.34,52.86
7100,39,504.977,51.53,222.34,52.86
7200,39,511.044,52.2951,222.34,52.86
7300,39,517.533,52.1084,222.34,52.86
7400,39,523.743,52.1881,222.34,52.86
7500,39,530.226,52.8182,222.34,52.86
7600,39,536.925,53.0255,222.34,52.86
7700,39,543.17,53.1015,222.34,52.86
7800,39,549.311,53.3297,222.34,52.86
7900,39,555.331,52.5649,222.34,52.86
8000,39,561.586,52.5428,222.34,52.86
8100,39,568.286,52.1829,222.34,52.86
8200,39,574.482,52.5023,222.34,52.86
8300,39,580.44,54.2029,222.34,52.86
8400,39,586.988,55.4187,222.34,52.86
8500,39,593.251,56.1604,222.34,52.86
8600,39,599.625,56.0942,222.34,52.86
8700,39,605.809,56.3798,222.34,52.86
8800,39,612.018,56.5005,222.34,52.86
8900,39,618.539,56.9357,222.34,52.86
9000,39,624.791,57.1377,222.34,52.86
9100,39,630.953,55.4925,222.34,52.86
9200,39,637.156,57.0774,222.34,52.86
9300,39,643.72,55.9787,222.34,52.86
9400,39,650.356,55.0943,222.34,52.86
9500,39,656.876,54.4918,222.34,52.86
9600,39,663.596,54.445,222.34,52.86
9700,39,669.707,55.0301,222.34,52.86
9800,39,675.828,55.3871,222.34,52.86
9900,39,681.954,55.5942,222.34,52.86
10000,39,687.773,54.8755,222.34,52.86
100,40,56.3584,50.9124,222.34,52.86
200,40,63.097,51.3525,222.34,52.86
300,40,69.122,51.3759,222.34,52.86
400,40,75.3673,51.5292,222.34,52.86
500,40,81.1302,52.6443,222.34,52.86
600,40,87.2613,53.3231,222.34,52.86
700,40,93.4536,53.6833,222.34,52.86
800,40,99.9354,53.3607,222.34,52.86
900,40,106.973,53.9362,222.34,52.86
1000,40,113.355,53.5328,222.34,52.86
1100,40,119.991,53.419,222.34,52.86
1200,40,126.37,52.3557,222.34,52.86
1300,40,132.984,52.0358,222.34,52.86
1400,40,139.512,53.0298,222.34,52.86
1500,40,145.702,51.5985,222.34,52.86
1600,40,151.942,52.726,222.34,52.86
1700,40,157.947,53.4782,222.34,52.86
1800,40,164.476,55.6294,222.34,52.86
1900,40,170.705,55.3676,222.34,52.86
2000,40,176.752,54.9936,222.34,52.86
2100,40,183.01,54.7826,222.34,52.86
2200,40,189.096,55.0911,222.34,52.86
2300,40,195.316,55.2357,222.34,52.86
2400,40,202.161,54.2823,222.34,52.86
2500,40,208.805,54.8946,222.34,52.86
2600,40,215.565,53.6364,222.34,52.86
2700,40,221.938,52.4595,222.34,52.86
2800,40,227.96,52.2218,222.34,52.86
2900,40,234.199,52.3168,222.34,52.86
3000,40,240.776,53.0213,222.34,52.86
3100,40,247.332,53.6945,222.34,52.86
3200,40,253.688,52.842,222.34,52.86
3300,40,259.865,52.5163,222.34,52.86
3400,40,266.397,52.7718,222.34,52.86
3500,40,272.991,53.9275,222.34,52.86
3600,40,279.262,53.5092,222.34,52.86
3700,40,286.012,53.3189,222.34,52.86
3800,40,292.727,52.5557,222.34,52.86
3900,40,298.389,53.5983,222.34,52.86
4000,40,304.472,54.0039,222.34,52.86
4100,40,310.812,53.8184,222.34,52.86
4200,40,317.07,53.4388,222.34,52.86
4300,40,323.6,52.5706,222.34,52.86
4400,40,330.19,51.7184,222.34,52.86
4500,40,336.543,52.0766,222.34,52.86
4600,40,342.992,52.5697,222.34,52.86
4700,40,348.911,52.5456,222.34,52.86
4800,40,355.449,51.3848,222.34,52.86
4900,40,361.867,51.1097,222.34,52.86
5000,40,368.856,51.2893,222.34,52.86
5100,40,375.604,50.7688,222.34,52.86
5200,40,382.229,50.335,222.34,52.86
5300,40,388.481,49.9866,222.34,52.86
5400,40,394.931,50.4781,222.34,52.86
5500,40,401.536,50.6155,222.34,52.86
5600,40,407.391,50.8477,222.34,52.86
5700,40,414.184,50.8825,222.34,52.86
5800,40,420.732,51.3742,222.34,52.86
5900,40,427.326,51.8933,222.34,52.86
6000,40,433.899,51.5033,222.34,52.86
6100,40,440.523,52.117,222.34,52.86
6200,40,446.941,51.915,222.34,52.86
6300,40,453.311,50.8896,222.34,52.86
6400,40,459.529,53.0853,222.34,52.86
6500,40,465.614,53.1092,222.34,52.86
6600,40,472.275,52.6333,222.34,52.86
6700,40,478.774,53.3324,222.34,52.86
6800,40,484.624,54.3529,222.34,52.86
6900,40,490.73,54.7244,222.34,52.86
7000,40,497.05,53.636,222.34,52.86
7100,40,504.013,54.1623,222.34,52.86
7200,40,510.197,53.3077,222.34,52.86
7300,40,515.908,52.9881,222.34,52.86
7400,40,522.592,52.9635,222.34,52.86
7500,40,529.199,52.4711,222.34,52.86
7600,40,535.149,52.1753,222.34,52.86
7700,40,541.646,53.5345,222.34,52.86
7800,40,548.137,54.274,222.34,52.86
7900,40,554.915,53.3927,222.34,52.86
8000,40,561.467,53.7813,222.34,52.86
8100,40,567.89,53.7597,222.34,52.86
8200,40,574.895,54.1864,222.34,52.86
8300,40,581.504,54.3932,222.34,52.86
8400,40,587.382,55.4554,222.34,52.86
8500,40,593.882,54.4514,222.34,52.86
8600,40,600.237,53.2825,222.34,52.86
8700,40,606.657,53.0625,222.34,52.86
8800,40,612.554,53.9866,222.34,52.86
8900,40,618.65,55.2544,222.34,52.86
9000,40,625.078,55.5462,222.34,52.86
9100,40,632.104,56.3937,222.34,52.86
9200,40,638.762,55.6791,222.34,52.86
9300,40,645.148,55.6239,222.34,52.86
9400,40,651.932,55.4691,222.34,52.86
9500,40,658.229,55.5385,222.34,52.86
9600,40,664.729,55.3615,222.34,52.86
9700,40,671.033,55.3123,222.34,52.86
9800,40,677.55,54.9836,222.34,52.86
9900,40,683.712,55.0486,222.34,52.86
10000,40,689.784,55.9099,222.34,52.86
100,41,56.4791,49.5949,222.34,52.86
200,41,62.1843,49.3888,222.34,52.86
300,41,68.5269,48.1845,222.34,52.86
400,41,74.8224,47.6764,222.34,52.86
500,41,80.7847,47.0854,222.34,52.86
600,41,87.1577,48.1779,222.34,52.86
700,41,93.9697,47.7622,222.34,52.86
800,41,100.188,49.0764,222.34,52.86
900,41,106.547,49.9056,222.34,52.86
1000,41,112.72,49.999,222.34,52.86
1100,41,118.525,49.9623,222.34,52.86
1200,41,125.106,49.4017,222.34,52.86
1300,41,131.534,50.6545,222.34,52.86
1400,41,138.132,51.9307,222.34,52.86
1500,41,143.972,52.7572,222.34,52.86
1600,41,150.736,51.4873,222.34,52.86
1700,41,156.665,51.1985,222.34,52.86
1800,41,162.83,51.1176,222.34,52.86
1900,41,169.183,49.8426,222.34,52.86
2000,41,175.246,49.3376,222.34,52.86
2100,41,181.847,48.3466,222.34,52.86
2200,41,187.828,48.5254,222.34,52.86
2300,41,194.412,48.4053,222.34,52.86
2400,41,201.015,48.1823,222.34,52.86
2500,41,207.462,48.519,222.34,52.86
2600,41,213.852,49.8294,222.34,52.86
2700,41,220.51,48.8151,222.34,52.86
2800,41,227.001,48.9797,222.34,52.86
2900,41,232.674,49.2573,222.34,52.86
3000,41,239.534,48.6951,222.34,52.86
3100,41,245.501,47.5836,222.34,52.86
3200,41,251.802,47.8775,222.34,52.86
3300,41,258.161,48.2496,222.34,52.86
3400,41,263.9,48.7552,222.34,52.86
3500,41,270.313,49.0725,222.34,52.86
3600,41,276.299,46.8516,222.34,52.86
3700,41,282.829,46.6998,222.34,52.86
3800,41,289.872,45.8751,222.34,52.86
3900,41,296.23,45.1126,222.34,52.86
4000,41,302.039,44.5126,222.34,52.86
4100,41,308.224,45.285,222.34,52.86
4200,41,314.786,46.2328,222.34,52.86
4300,41,321.381,45.642,222.34,52.86
4400,41,327.913,45.9381,222.34,52.86
4500,41,334.645,46.5258,222.34,52.86
4600,41,341.258,46.0839,222.34,52.86
4700,41,347.546,46.0188,222.34,52.86
4800,41,353.814,46.4523,222.34,52.86
4900,41,360.583,47.7535,222.34,52.86
5000,41,367.076,48.833,222.34,52.86
5100,41,373.158,49.236,222.34,52.86
5200,41,379.333,48.9953,222.34,52.86
5300,41,386.023,49.9551,222.34,52.86
5400,41,392.156,51.3305,222.34,52.86
5500,41,398.628,52.2091,222.34,52.86
5600,41,404.54,52.0018,222.34,52.86
5700,41,410.808,52.5368,222.34,52.86
5800,41,417.301,52.0673,222.34,52.86
5900,41,423.988,51.2861,222.34,52.86
6000,41,430.143,51.6174,222.34,52.86
6100,41,436.378,51.2995,222.34,52.86
6200,41,442.657,52.6997,222.34,52.86
6300,41,449.447,52.5594,222.34,52.86
6400,41,455.822,53.1943,222.34,52.86
6500,41,462.344,53.8046,222.34,52.86
6600,41,468.585,55.7247,222.34,52.86
6700,41,475.103,56.5431,222.34,52.86
6800,41,481.147,57.1153,222.34,52.86
6900,41,487.933,57.4369,222.34,52.86
7000,41,494.413,57.6839,222.34,52.86
7100,41,500.846,58.2678,222.34,52.86
7200,41,508.082,58.7803,222.34,52.86
7300,41,514.072,58.0895,222.34,52.86
7400,41,520.322,56.1943,222.34,52.86
7500,41,526.658,55.7502,222.34,52.86
7600,41,533.143,55.2433,222.34,52.86
7700,41,539.891,55.6095,222.34,52.86
7800,41,546.722,55.9066,222.34,52.86
7900,41,552.849,56.935,222.34,52.86
8000,41,559.305,57.7017,222.34,52.86
8100,41,565.779,58.5058,222.34,52.86
8200,41,572.365,58.89,222.34,52.86
8300,41,578.599,59.2744,222.34,52.86
8400,41,584.553,58.6758,222.34,52.86
8500,41,590.902,57.6836,222.34,52.86
8600,41,597.322,57.2134,222.34,52.86
8700,41,603.709,57.2927,222.34,52.86
8800,41,610.239,56.987,222.34,52.86
8900,41,616.667,55.9156,222.34,52.86
9000,41,622.427,56.9812,222.34,52.86
9100,41,629.441,55.6793,222.34,52.86
9200,41,635.521,55.1321,222.34,52.86
9300,41,642.332,55.727,222.34,52.86
9400,41,648.83,55.5753,222.34,52.86
9500,41,654.922,56.3835,222.34,52.86
9600,41,661.206,56.3985,222.34,52.86
9700,41,667.574,55.9597,222.34,52.86
9800,41,673.968,55.918,222.34,52.86
9900,41,680.382,54.8141,222.34,52.86
10000,41,686.96,54.6154,222.34,52.86
100,42,56.1851,48.7646,222.34,52.86
200,42,62.4393,49.3279,222.34,52.86
300,42,68.9375,50.1054,222.34,52.86
400,42,75.5752,49.3571,222.34,52.86
500,42,82.2524,50.024,222.34,52.86
600,42,88.5561,51.187,222.34,52.86
700,42,94.9764,50.2115,222.34,52.86
800,42,101.171,50.1635,222.34,52.86
900,42,107.46,51.1988,222.34,52.86
1000,42,114.173,51.6566,222.34,52.86
1100,42,120.889,52.225,222.34,52.86
1200,42,127.271,53.0815,222.34,52.86
1300,42,133.268,53.0297,222.34,52.86
1400,42,139.437,52.9456,222.34,52.86
1500,42,146.241,52.4157,222.34,52.86
1600,42,152.865,51.9647,222.34,52.86
1700,42,158.928,51.4735,222.34,52.86
1800,42,165.891,52.6189,222.34,52.86
1900,42,171.69,53.1919,222.34,52.86
2000,42,178.223,53.6044,222.34,52.86
2100,42,184.452,53.6815,222.34,52.86
2200,42,190.576,53.7683,222.34,52.86
2300,42,197.76,52.6982,222.34,52.86
2400,42,203.781,53.9315,222.34,52.86
2500,42,210.447,53.6491,222.34,52.86
2600,42,216.727,54.043,222.34,52.86
2700,42,223.299,53.6649,222.34,52.86
2800,42,229.746,52.6535,222.34,52.86
2900,42,236.057,53.3618,222.34,52.86
3000,42,241.902,54.0301,222.34,52.86
3100,42,247.406,54.3181,222.34,52.86
3200,42,254.104,54.7293,222.34,52.86
3300,42,260.122,54.1419,222.34,52.86
3400,42,266.89,54.6496,222.34,52.86
3500,42,273.549,54.0921,222.34,52.86
3600,42,279.392,52.7739,222.34,52.86
3700,42,285.806,51.9731,222.34,52.86
3800,42,292.207,50.9605,222.34,52.86
3900,42,298.688,52.1376,222.34,52.86
4000,42,305.368,53.2411,222.34,52.86
4100,42,311.743,53.2263,222.34,52.86
4200,42,317.86,52.9322,222.34,52.86
4300,42,324.426,52.3884,222.34,52.86
4400,42,330.957,52.3998,222.34,52.86
4500,42,337.111,52.6092,222.34,52.86
4600,42,342.754,53.615,222.34,52.86
4700,42,349.046,53.6686,222.34,52.86
4800,42,355.516,53.3555,222.34,52.86
4900,42,362.577,53.3902,222.34,52.86
5000,42,368.951,53.137,222.34,52.86
5100,42,375.18,53.1723,222.34,52.86
5200,42,381.377,54.8291,222.34,52.86
5300,42,386.83,54.3251,222.34,52.86
5400,42,393.167,54.4646,222.34,52.86
5500,42,399.243,54.659,222.34,52.86
5600,42,405.698,54.7483,222.34,52.86
5700,42,412.197,54.0628,222.34,52.86
5800,42,418.23,54.6224,222.34,52.86
5900,42,424.497,55.8652,222.34,52.86
6000,42,430.235,55.3656,222.34,52.86
6100,42,436.308,55.2569,222.34,52.86
6200,42,442.552,55.3648,222.34,52.86
6300,42,449.274,55.5197,222.34,52.86
6400,42,456.049,55.9621,222.34,52.86
6500,42,462.531,57.6099,222.34,52.86
6600,42,469.059,57.8841,222.34,52.86
6700,42,475.176,58.1955,222.34,52.86
6800,42,481.882,58.9525,222.34,52.86
6900,42,488.468,60.7057,222.34,52.86
7000,42,494.447,60.24,222.34,52.86
7100,42,500.11,59.0296,222.34,52.86
7200,42,506.993,59.7321,222.34,52.86
7300,42,513.088,60.3311,222.34,52.86
7400,42,519.076,61.301,222.34,52.86
7500,42,525.175,63.1004,222.34,52.86
7600,42,531.725,62.6421,222.34,52.86
7700,42,538.298,63.0009,222.34,52.86
7800,42,544.672,62.8549,222.34,52.86
7900,42,550.841,63.0144,222.34,52.86
8000,42,557.188,63.8991,222.34,52.86
8100,42,563.144,64.4468,222.34,52.86
8200,42,569.665,64.8126,222.34,52.86
8300,42,575.234,63.4421,222.34,52.86
8400,42,580.932,63.8251,222.34,52.86
8500,42,587.209,63.2905,222.34,52.86
8600,42,593.551,63.9528,222.34,52.86
8700,42,600.158,64.9268,222.34,52.86
8800,42,606.658,65.0197,222.34,52.86
8900,42,613.325,65.1952,222.34,52.86
9000,42,620.085,65.5396,222.34,52.86
9100,42,626.395,65.5424,222.34,52.86
9200,42,632.659,67.1766,222.34,52.86
9300,42,639.108,67.1229,222.34,52.86
9400,42,645.842,66.2131,222.34,52.86
9500,42,652.092,66.2824,222.34,52.86
9600,42,658.223,65.5553,222.34,52.86
9700,42,664.074,65.5236,222.34,52.86
9800,42,670.361,65.9089,222.34,52.86
9900,42,676.772,66.5722,222.34,52.86
10000,42,683.136,67.1837,222.34,52.86
100,43,56.1948,50.8882,222.34,52.86
200,43,62.859,50.953,222.34,52.86
300,43,69.1583,50.8951,222.34,52.86
400,43,75.7335,50.1199,222.34,52.86
500,43,82.2057,51.1577,222.34,52.86
600,43,88.6841,51.6198,222.34,52.86
700,43,95.1247,52.5021,222.34,52.86
800,43,101.6,52.6035,222.34,52.86
900,43,108.572,52.4035,222.34,52.86
1000,43,114.571,52.273,222.34,52.86
1100,43,120.305,51.1171,222.34,52.86
1200,43,127.227,52.756,222.34,52.86
1300,43,133.221,52.2327,222.34,52.86
1400,43,139.975,52.219,222.34,52.86
1500,43,146.384,53.328,222.34,52.86
1600,43,153.525,53.7583,222.34,52.86
1700,43,159.526,53.1885,222.34,52.86
1800,43,165.621,53.2819,222.34,52.86
1900,43,171.994,53.3776,222.34,52.86
2000,43,178.689,53.5006,222.34,52.86
2100,43,185.458,52.9747,222.34,52.86
2200,43,191.809,53.6362,222.34,52.86
2300,43,198.349,53.2125,222.34,52.86
2400,43,205.089,53.0593,222.34,52.86
2500,43,211.079,53.5426,222.34,52.86
2600,43,217.46,54.1045,222.34,52.86
2700,43,223.848,53.5163,222.34,52.86
2800,43,230.556,53.8448,222.34,52.86
2900,43,236.84,53.3795,222.34,52.86
3000,43,243.073,53.705,222.34,52.86
3100,43,250.063,53.5524,222.34,52.86
3200,43,255.836,53.9968,222.34,52.86
3300,43,262.439,52.9158,222.34,52.86
3400,43,268.935,52.1572,222.34,52.86
3500,43,275.372,52.4078,222.34,52.86
3600,43,281.682,52.315,222.34,52.86
3700,43,287.24,52.9697,222.34,52.86
3800,43,293.915,53.0758,222.34,52.86
3900,43,300.092,53.2614,222.34,52.86
4000,43,306.287,53.5364,222.34,52.86
4100,43,312.797,52.5794,222.34,52.86
4200,43,319.048,52.6956,222.34,52.86
4300,43,325.323,51.5558,222.34,52.86
4400,43,332.318,51.2557,222.34,52.86
4500,43,338.771,49.8248,222.34,52.86
4600,43,345.611,48.9209,222.34,52.86
4700,43,352.194,49.3489,222.34,52.86
4800,43,358.635,49.2986,222.34,52.86
4900,43,364.617,49.6666,222.34,52.86
5000,43,371.346,49.4839,222.34,52.86
5100,43,377.681,49.2173,222.34,52.86
5200,43,384.065,47.7598,222.34,52.86
5300,43,390.385,47.7819,222.34,52.86
5400,43,396.297,47.8,222.34,52.86
5500,43,402.342,47.9299,222.34,52.86
5600,43,409.07,47.7499,222.34,52.86
5700,43,415.687,47.6018,222.34,52.86
5800,43,422.163,48.0289,222.34,52.86
5900,43,428.41,49.5189,222.34,52.86
6000,43,434.316,48.3994,222.34,52.86
6100,43,440.42,47.293,222.34,52.86
6200,43,446.963,47.4104,222.34,52.86
6300,43,452.959,48.2396,222.34,52.86
6400,43,459.298,48.711,222.34,52.86
6500,43,465.829,48.7859,222.34,52.86
6600,43,471.839,48.6272,222.34,52.86
6700,43,478.51,47.8642,222.34,52.86
6800,43,485.25,48.5647,222.34,52.86
6900,43,491.673,48.0627,222.34,52.86
7000,43,497.82,48.3661,222.34,52.86
7100,43,504.593,48.0928,222.34,52.86
7200,43,511.08,48.2912,222.34,52.86
7300,43,517.44,48.75,222.34,52.86
7400,43,523.949,48.0314,222.34,52.86
7500,43,530.467,47.9668,222.34,52.86
7600,43,537.049,48.2841,222.34,52.86
7700,43,543.499,49.0115,222.34,52.86
7800,43,549.728,49.8931,222.34,52.86
7900,43,555.999,50.007,222.34,52.86
8000,43,562.534,51.0773,222.34,52.86
8100,43,569.467,50.6988,222.34,52.86
8200,43,575.682,50.3376,222.34,52.86
8300,43,582.051,51.3403,222.34,52.86
8400,43,588.268,51.2507,222.34,52.86
8500,43,594.394,52.025,222.34,52.86
8600,43,600.566,53.0737,222.34,52.86
8700,43,607.116,52.4531,222.34,52.86
8800,43,613.546,52.3771,222.34,52.86
8900,43,620.029,52.1571,222.34,52.86
9000,43,626.454,51.4887,222.34,52.86
9100,43,632.852,51.4461,222.34,52.86
9200,43,639.432,52.5917,222.34,52.86
9300,43,645.63,52.0676,222.34,52.86
9400,43,652.092,52.1671,222.34,52.86
9500,43,657.945,51.3313,222.34,52.86
9600,43,664.293,51.7778,222.34,52.86
9700,43,670.618,51.324,222.34,52.86
9800,43,677.153,50.8015,222.34,52.86
9900,43,684.122,51.2618,222.34,52.86
10000,43,690.279,51.6865,222.34,52.86
100,44,56.3838,50.5672,222.34,52.86
200,44,62.6941,50.8116,222.34,52.86
300,44,69.533,50.1201,222.34,52.86
400,44,76.4254,50.2421,222.34,52.86
500,44,82.382,50.6842,222.34,52.86
600,44,89.639,49.5671,222.34,52.86
700,44,95.5777,50.3752,222.34,52.86
800,44,101.383,51.3548,222.34,52.86
900,44,107.786,50.3424,222.34,52.86
1000,44,114.627,50.7339,222.34,52.86
1100,44,121.411,48.9152,222.34,52.86
1200,44,127.732,49.0519,222.34,52.86
1300,44,133.706,49.5494,222.34,52.86
1400,44,140.412,49.6385,222.34,52.86
1500,44,146.607,48.5144,222.34,52.86
1600,44,153.246,46.8393,222.34,52.86
1700,44,159.412,46.7269,222.34,52.86
1800,44,165.68,46.0718,222.34,52.86
1900,44,172.428,45.8997,222.34,52.86
2000,44,179.073,46.4403,222.34,52.86
2100,44,185.728,45.8917,222.34,52.86
2200,44,191.932,46.6717,222.34,52.86
2300,44,198.243,47.1453,222.34,52.86
2400,44,203.834,46.8017,222.34,52.86
2500,44,210.36,46.0651,222.34,52.86
2600,44,216.669,45.918,222.34,52.86
2700,44,223.313,45.4106,222.34,52.86
2800,44,230.081,45.3053,222.34,52.86
2900,44,236.484,45.8188,222.34,52.86
3000,44,242.911,44.7415,222.34,52.86
3100,44,248.796,44.8873,222.34,52.86
3200,44,255.68,44.4839,222.34,52.86
3300,44,261.592,44.0019,222.34,52.86
3400,44,268.082,43.6093,222.34,52.86
3500,44,274.154,43.9041,222.34,52.86
3600,44,280.979,44.3834,222.34,52.86
3700,44,287.529,44.5867,222.34,52.86
3800,44,293.84,45.3543,222.34,52.86
3900,44,300.546,45.4738,222.34,52.86
4000,44,306.859,45.0796,222.34,52.86
4100,44,313.269,44.6007,222.34,52.86
4200,44,319.638,44.5886,222.34,52.86
4300,44,326.15,44.7983,222.34,52.86
4400,44,332.556,44.9912,222.34,52.86
4500,44,338.876,46.3752,222.34,52.86
4600,44,345.35,45.5711,222.34,52.86
4700,44,351.46,45.4807,222.34,52.86
4800,44,357.792,45.4453,222.34,52.86
4900,44,364.11,45.4231,222.34,52.86
5000,44,370.486,45.5551,222.34,52.86
5100,44,376.399,45.751,222.34,52.86
5200,44,382.568,45.6525,222.34,52.86
5300,44,388.849,45.198,222.34,52.86
5400,44,394.805,45.1266,222.34,52.86
5500,44,401.667,44.2407,222.34,52.86
5600,44,407.737,45.2397,222.34,52.86
5700,44,414.234,44.209,222.34,52.86
5800,44,420.672,43.9141,222.34,52.86
5900,44,426.886,44.7154,222.34,52.86
6000,44,433.606,43.6436,222.34,52.86
6100,44,440.148,42.9905,222.34,52.86
6200,44,446.35,42.853,222.34,52.86
6300,44,452.478,43.7345,222.34,52.86
6400,44,458.768,42.7742,222.34,52.86
6500,44,464.814,43.1027,222.34,52.86
6600,44,471.158,42.4221,222.34,52.86
6700,44,477.478,42.1367,222.34,52.86
6800,44,484.193,40.9474,222.34,52.86
6900,44,490.538,40.9911,222.34,52.86
7000,44,496.729,40.8732,222.34,52.86
7100,44,503.205,41.0763,222.34,52.86
7200,44,509.725,42.1905,222.34,52.86
7300,44,516.845,41.9819,222.34,52.86
7400,44,522.718,42.0736,222.34,52.86
7500,44,529.327,42.1971,222.34,52.86
7600,44,535.429,41.4852,222.34,52.86
7700,44,541.531,42.71,222.34,52.86
7800,44,547.874,42.9425,222.34,52.86
7900,44,554.235,42.9159,222.34,52.86
8000,44,560.271,42.372,222.34,52.86
8100,44,566.133,41.9836,222.34,52.86
8200,44,572.628,41.6093,222.34,52.86
8300,44,578.692,42.4782,222.34,52.86
8400,44,585.143,44.6268,222.34,52.86
8500,44,591.627,45.5587,222.34,52.86
8600,44,598.778,46.0609,222.34,52.86
8700,44,605.13,45.2453,222.34,52.86
8800,44,611.106,45.7031,222.34,52.86
8900,44,617.328,45.4119,222.34,52.86
9000,44,623.637,45.1722,222.34,52.86
9100,44,629.843,45.0088,222.34,52.86
9200,44,635.883,44.129,222.34,52.86
9300,44,642.082,44.2406,222.34,52.86
9400,44,648.206,44.5473,222.34,52.86
9500,44,654.026,46.4215,222.34,52.86
9600,44,660.221,45.9729,222.34,52.86
9700,44,666.233,46.2112,222.34,52.86
9800,44,672.902,47.0067,222.34,52.86
9900,44,678.864,48.2142,222.34,52.86
10000,44,685.392,47.2865,222.34,52.86
100,45,56.8767,49.9689,222.34,52.86
200,45,63.6228,49.4456,222.34,52.86
300,45,70.3686,48.997,222.34,52.86
400,45,76.5335,48.3116,222.34,52.86
500,45,83.5072,46.651,222.34,52.86
600,45,89.4816,47.2369,222.34,52.86
700,45,96.3566,48.4712,222.34,52.86
800,45,102.976,48.9362,222.34,52.86
900,45,109.179,48.5905,222.34,52.86
1000,45,115.037,48.4185,222.34,52.86
1100,45,121.629,47.882,222.34,52.86
1200,45,127.944,47.9155,222.34,52.86
1300,45,134.774,48.2156,222.34,52.86
1400,45,141.779,48.4316,222.34,52.86
1500,45,148.706,48.1308,222.34,52.86
1600,45,154.813,47.7505,222.34,52.86
1700,45,161.111,48.2574,222.34,52.86
1800,45,167.988,48.6936,222.34,52.86
1900,45,174.207,49.4953,222.34,52.86
2000,45,180.497,49.7214,222.34,52.86
2100,45,186.609,49.5673,222.34,52.86
2200,45,192.52,49.1191,222.34,52.86
2300,45,199.018,48.208,222.34,52.86
2400,45,205.308,48.5745,222.34,52.86
2500,45,211.196,48.3559,222.34,52.86
2600,45,217.657,47.9925,222.34,52.86
2700,45,224.128,47.524,222.34,52.86
2800,45,230.962,47.9605,222.34,52.86
2900,45,237.643,47.804,222.34,52.86
3000,45,244.125,48.5398,222.34,52.86
3100,45,250.224,48.0499,222.34,52.86
3200,45,257.429,48.0611,222.34,52.86
3300,45,263.81,47.4407,222.34,52.86
3400,45,270.256,47.5135,222.34,52.86
3500,45,276.744,48.2701,222.34,52.86
3600,45,283.648,49.0007,222.34,52.86
3700,45,290.084,49.6073,222.34,52.86
3800,45,296.648,49.6187,222.34,52.86
3900,45,302.899,49.2632,222.34,52.86
4000,45,309.156,50.068,222.34,52.86
4100,45,315.228,49.9838,222.34,52.86
4200,45,321.814,50.4021,222.34,52.86
4300,45,328.709,51.6095,222.34,52.86
4400,45,335.335,51.2242,222.34,52.86
4500,45,342.211,50.6677,222.34,52.86
4600,45,348.205,51.4227,222.34,52.86
4700,45,354.062,50.4348,222.34,52.86
4800,45,360.596,50.491,222.34,52.86
4900,45,367.283,49.9645,222.34,52.86
5000,45,373.46,49.6743,222.34,52.86
5100,45,380.206,50.4424,222.34,52.86
5200,45,386.759,50.2989,222.34,52.86
5300,45,392.929,50.0742,222.34,52.86
5400,45,399.537,49.0395,222.34,52.86
5500,45,406.301,48.9895,222.34,52.86
5600,45,412.228,49.8119,222.34,52.86
5700,45,418.785,50.2691,222.34,52.86
5800,45,425.006,48.9416,222.34,52.86
5900,45,431.347,48.3306,222.34,52.86
6000,45,437.452,48.3368,222.34,52.86
6100,45,444.166,48.8744,222.34,52.86
6200,45,450.634,49.901,222.34,52.86
6300,45,457.31,49.4741,222.34,52.86
6400,45,463.36,49.1624,222.34,52.86
6500,45,469.443,49.6328,222.34,52.86
6600,45,475.915,49.0766,222.34,52.86
6700,45,482.862,48.5543,222.34,52.86
6800,45,489.253,47.4237,222.34,52.86
6900,45,495.249,47.4557,222.34,52.86
7000,45,502.06,47.3962,222.34,52.86
7100,45,508.49,48.1525,222.34,52.86
7200,45,515.028,48.5051,222.34,52.86
7300,45,521.608,49.1735,222.34,52.86
7400,45,527.821,50.4852,222.34,52.86
7500,45,534.677,49.6055,222.34,52.86
7600,45,541.087,50.0965,222.34,52.86
7700,45,547.656,49.7986,222.34,52.86
7800,45,553.686,48.8592,222.34,52.86
7900,45,560.411,48.2247,222.34,52.86
8000,45,567.121,48.11,222.34,52.86
8100,45,573.274,46.9447,222.34,52.86
8200,45,579.364,46.678,222.34,52.86
8300,45,585.765,44.9833,222.34,52.86
8400,45,592.43,44.3817,222.34,52.86
8500,45,598.783,44.4077,222.34,52.86
8600,45,605.383,43.4233,222.34,52.86
8700,45,612.008,43.7823,222.34,52.86
8800,45,618.309,43.5584,222.34,52.86
8900,45,624.465,43.8166,222.34,52.86
9000,45,630.571,44.1475,222.34,52.86
9100,45,636.194,44.6222,222.34,52.86
9200,45,642.713,45.0838,222.34,52.86
9300,45,649.512,45.7731,222.34,52.86
9400,45,655.598,46.2013,222.34,52.86
9500,45,662.177,46.9395,222.34,52.86
9600,45,668.288,46.646,222.34,52.86
9700,45,674.089,46.6506,222.34,52.86
9800,45,680.666,46.453,222.34,52.86
9900,45,687.235,46.8351,222.34,52.86
10000,45,694.218,46.6156,222.34,52.86
100,46,56.5715,50.0096,222.34,52.86
200,46,62.8579,48.7545,222.34,52.86
300,46,69.4268,47.536,222.34,52.86
400,46,75.4896,46.652,222.34,52.86
500,46,81.3674,45.9748,222.34,52.86
600,46,87.6696,46.4169,222.34,52.86
700,46,94.2976,44.7311,222.34,52.86
800,46,99.9419,45.4832,222.34,52.86
900,46,106.522,45.315,222.34,52.86
1000,46,112.617,45.8579,222.34,52.86
1100,46,119.105,45.351,222.34,52.86
1200,46,124.901,44.3673,222.34,52.86
1300,46,131.601,44.4261,222.34,52.86
1400,46,138.398,44.0194,222.34,52.86
1500,46,144.551,43.4386,222.34,52.86
1600,46,151.492,43.2258,222.34,52.86
1700,46,157.624,42.7553,222.34,52.86
1800,46,164.473,42.6126,222.34,52.86
1900,46,170.115,41.8561,222.34,52.86
2000,46,176.596,41.1241,222.34,52.86
2100,46,182.989,41.4894,222.34,52.86
2200,46,190.071,41.486,222.34,52.86
2300,46,196.251,41.073,222.34,52.86
2400,46,202.46,41.2092,222.34,52.86
2500,46,208.952,41.1411,222.34,52.86
2600,46,215.192,40.961,222.34,52.86
2700,46,221.637,40.4536,222.34,52.86
2800,46,228.034,38.9619,222.34,52.86
2900,46,234.156,39.0131,222.34,52.86
3000,46,240.394,40.1509,222.34,52.86
3100,46,246.812,39.4206,222.34,52.86
3200,46,253.386,38.5828,222.34,52.86
3300,46,259.878,37.0162,222.34,52.86
3400,46,265.902,36.5994,222.34,52.86
3500,46,271.502,36.1759,222.34,52.86
3600,46,277.746,36.2,222.34,52.86
3700,46,284.018,35.7308,222.34,52.86
3800,46,290.032,36.1592,222.34,52.86
3900,46,297.108,36.5237,222.34,52.86
4000,46,303.967,36.3037,222.34,52.86
4100,46,310.589,36.7253,222.34,52.86
4200,46,316.697,35.5972,222.34,52.86
4300,46,322.844,34.5406,222.34,52.86
4400,46,329.22,33.8808,222.34,52.86
4500,46,335.816,34.7907,222.34,52.86
4600,46,342.55,35.5278,222.34,52.86
4700,46,348.587,36.0336,222.34,52.86
4800,46,354.789,36.24,222.34,52.86
4900,46,361.131,36.4398,222.34,52.86
5000,46,367.978,36.7619,222.34,52.86
5100,46,374.249,35.8682,222.34,52.86
5200,46,380.561,35.2153,222.34,52.86
5300,46,387.361,35.7062,222.34,52.86
5400,46,393.4,34.9887,222.34,52.86
5500,46,399.361,33.5374,222.34,52.86
5600,46,405.683,33.0317,222.34,52.86
5700,46,411.966,33.9867,222.34,52.86
5800,46,418.102,34.2551,222.34,52.86
5900,46,423.922,34.4209,222.34,52.86
6000,46,429.73,35.7816,222.34,52.86
6100,46,436.436,36.2955,222.34,52.86
6200,46,443.126,37.0145,222.34,52.86
6300,46,449.237,37.2682,222.34,52.86
6400,46,455.737,36.8723,222.34,52.86
6500,46,461.506,36.7054,222.34,52.86
6600,46,467.773,37.173,222.34,52.86
6700,46,474.098,36.4145,222.34,52.86
6800,46,480.599,36.8331,222.34,52.86
6900,46,487.196,35.62,222.34,52.86
7000,46,493.549,35.5982,222.34,52.86
7100,46,500.1,34.9268,222.34,52.86
7200,46,506.425,34.0442,222.34,52.86
7300,46,512.838,32.9093,222.34,52.86
7400,46,519.433,32.5125,222.34,52.86
7500,46,525.87,32.8674,222.34,52.86
7600,46,531.671,32.6534,222.34,52.86
7700,46,538.059,32.7952,222.34,52.86
7800,46,545.093,32.7561,222.34,52.86
7900,46,551.488,33.9203,222.34,52.86
8000,46,557.798,33.2824,222.34,52.86
8100,46,564.22,33.2909,222.34,52.86
8200,46,570.045,32.7641,222.34,52.86
8300,46,576.648,32.2376,222.34,52.86
8400,46,582.91,32.0462,222.34,52.86
8500,46,588.967,33.4385,222.34,52.86
8600,46,596.044,33.4741,222.34,52.86
8700,46,602.35,33.8006,222.34,52.86
8800,46,608.146,33.6261,222.34,52.86
8900,46,614.63,34.0674,222.34,52.86
9000,46,621.01,33.4991,222.34,52.86
9100,46,627.68,35.1091,222.34,52.86
9200,46,634.115,35.4956,222.34,52.86
9300,46,640.573,36.0775,222.34,52.86
9400,46,646.716,36.3482,222.34,52.86
9500,46,652.583,35.9677,222.34,52.86
9600,46,658.825,36.2055,222.34,52.86
9700,46,665.416,34.9472,222.34,52.86
9800,46,671.841,35.206,222.34,52.86
9900,46,678.264,34.0425,222.34,52.86
10000,46,684.654,33.2997,222.34,52.86
100,47,55.9111,48.9893,222.34,52.86
200,47,62.221,49.6732,222.34,52.86
300,47,68.9438,49.412,222.34,52.86
400,47,75.5414,50.4591,222.34,52.86
500,47,82.1677,50.7823,222.34,52.86
600,47,88.6342,51.7367,222.34,52.86
700,47,95.4683,51.8901,222.34,52.86
800,47,102.372,51.464,222.34,52.86
900,47,109.135,50.9153,222.34,52.86
1000,47,115.628,51.8395,222.34,52.86
1100,47,121.882,50.2921,222.34,52.86
1200,47,128.462,50.3508,222.34,52.86
1300,47,134.847,49.7722,222.34,52.86
1400,47,141.371,48.8562,222.34,52.86
1500,47,147.609,48.4254,222.34,52.86
1600,47,154.349,48.1552,222.34,52.86
1700,47,160.998,48.4706,222.34,52.86
1800,47,166.933,48.7792,222.34,52.86
1900,47,173.106,48.9766,222.34,52.86
2000,47,179.132,50.0229,222.34,52.86
2100,47,185.597,49.3236,222.34,52.86
2200,47,191.649,49.565,222.34,52.86
2300,47,197.817,49.2405,222.34,52.86
2400,47,204.19,49.982,222.34,52.86
2500,47,210.75,50.2679,222.34,52.86
2600,47,217.151,49.4684,222.34,52.86
2700,47,223.582,49.0813,222.34,52.86
2800,47,230.045,49.0082,222.34,52.86
2900,47,236.647,48.9849,222.34,52.86
3000,47,243.071,49.6483,222.34,52.86
3100,47,249.986,49.4184,222.34,52.86
3200,47,256.652,49.4357,222.34,52.86
3300,47,262.891,49.5222,222.34,52.86
3400,47,268.829,49.2772,222.34,52.86
3500,47,275.345,48.1922,222.34,52.86
3600,47,281.762,48.0188,222.34,52.86
3700,47,288.533,48.0769,222.34,52.86
3800,47,294.749,47.8091,222.34,52.86
3900,47,301.655,47.3854,222.34,52.86
4000,47,308.45,46.589,222.34,52.86
4100,47,315.152,46.2095,222.34,52.86
4200,47,321.871,45.9171,222.34,52.86
4300,47,328.523,45.716,222.34,52.86
4400,47,334.705,44.9118,222.34,52.86
4500,47,341.235,44.2,222.34,52.86
4600,47,347.436,43.3492,222.34,52.86
4700,47,353.773,43.0754,222.34,52.86
4800,47,359.336,44.0146,222.34,52.86
4900,47,365.14,44.9226,222.34,52.86
5000,47,371.662,43.9085,222.34,52.86
5100,47,377.957,44.2662,222.34,52.86
5200,47,384.428,44.0232,222.34,52.86
5300,47,390.816,43.2536,222.34,52.86
5400,47,397.235,42.8143,222.34,52.86
5500,47,403.947,42.652,222.34,52.86
5600,47,410.139,42.9331,222.34,52.86
5700,47,416.932,43.1398,222.34,52.86
5800,47,423.497,42.5692,222.34,52.86
5900,47,429.659,42.5488,222.34,52.86
6000,47,436.097,43.3267,222.34,52.86
6100,47,442.559,43.6277,222.34,52.86
6200,47,448.471,43.4368,222.34,52.86
6300,47,454.449,44.9813,222.34,52.86
6400,47,460.403,43.7649,222.34,52.86
6500,47,467.312,44.0312,222.34,52.86
6600,47,473.816,44.3962,222.34,52.86
6700,47,480.222,45.1415,222.34,52.86
6800,47,487.2,45.2782,222.34,52.86
6900,47,493.43,45.6181,222.34,52.86
7000,47,500.32,46.1043,222.34,52.86
7100,47,507.088,45.4923,222.34,52.86
7200,47,513.192,45.4016,222.34,52.86
7300,47,519.715,45.905,222.34,52.86
7400,47,526.271,45.9849,222.34,52.86
7500,47,532.582,46.4093,222.34,52.86
7600,47,538.691,47.4578,222.34,52.86
7700,47,544.791,46.8882,222.34,52.86
7800,47,550.784,47.0811,222.34,52.86
7900,47,556.956,47.7513,222.34,52.86
8000,47,564.007,47.028,222.34,52.86
8100,47,570.635,47.2354,222.34,52.86
8200,47,577.631,46.32,222.34,52.86
8300,47,584.001,45.8323,222.34,52.86
8400,47,590.835,46.0682,222.34,52.86
8500,47,596.85,45.4437,222.34,52.86
8600,47,603.292,45.4083,222.34,52.86
8700,47,609.484,44.8788,222.34,52.86
8800,47,615.784,43.9807,222.34,52.86
8900,47,621.816,42.5377,222.34,52.86
9000,47,628.318,42.31,222.34,52.86
9100,47,635.006,42.8936,222.34,52.86
9200,47,641.073,42.4008,222.34,52.86
9300,47,647.133,41.9528,222.34,52.86
9400,47,653.443,42.399,222.34,52.86
9500,47,659.931,41.8204,222.34,52.86
9600,47,666.757,41.4523,222.34,52.86
9700,47,673.686,42.3173,222.34,52.86
9800,47,680.482,43.0888,222.34,52.86
9900,47,687.13,43.4311,222.34,52.86
10000,47,693.686,42.2311,222.34,52.86
100,48,56.3805,50.0192,222.34,52.86
200,48,62.83,49.9965,222.34,52.86
300,48,69.579,49.3501,222.34,52.86
400,48,75.7401,50.2267,222.34,52.86
500,48,82.5631,49.8246,222.34,52.86
600,48,88.7856,49.8373,222.34,52.86
700,48,95.7002,49.9112,222.34,52.86
800,48,102.086,50.8308,222.34,52.86
900,48,108.608,49.9351,222.34,52.86
1000,48,115.023,49.5321,222.34,52.86
1100,48,121.595,50.11,222.34,52.86
1200,48,127.869,51.0339,222.34,52.86
1300,48,133.708,51.3378,222.34,52.86
1400,48,139.934,50.2939,222.34,52.86
1500,48,146.284,50.4705,222.34,52.86
1600,48,152.603,51.0537,222.34,52.86
1700,48,159.362,51.5424,222.34,52.86
1800,48,165.566,50.8119,222.34,52.86
1900,48,172.056,50.7198,222.34,52.86
2000,48,178.551,51.3828,222.34,52.86
2100,48,184.649,51.2506,222.34,52.86
2200,48,191.11,51.784,222.34,52.86
2300,48,197.474,52.0791,222.34,52.86
2400,48,203.619,51.3849,222.34,52.86
2500,48,209.769,50.0617,222.34,52.86
2600,48,216.549,49.3732,222.34,52.86
2700,48,222.862,49.0552,222.34,52.86
2800,48,229.39,49.1637,222.34,52.86
2900,48,235.432,49.8529,222.34,52.86
3000,48,241.836,49.7687,222.34,52.86
3100,48,248.649,50.1749,222.34,52.86
3200,48,255.057,49.8568,222.34,52.86
3300,48,261.437,48.5557,222.34,52.86
3400,48,267.863,48.4119,222.34,52.86
3500,48,274.136,48.9831,222.34,52.86
3600,48,280.806,49.7759,222.34,52.86
3700,48,287.022,49.4623,222.34,52.86
3800,48,293.305,50.1637,222.34,52.86
3900,48,299.495,50.5599,222.34,52.86
4000,48,305.382,50.0595,222.34,52.86
4100,48,311.355,50.0132,222.34,52.86
4200,48,318.006,49.5276,222.34,52.86
4300,48,324.315,48.6527,222.34,52.86
4400,48,330.819,49.7588,222.34,52.86
4500,48,337.269,50.1244,222.34,52.86
4600,48,343.994,49.7275,222.34,52.86
4700,48,351.072,48.9363,222.34,52.86
4800,48,358.093,49.2525,222.34,52.86
4900,48,363.999,49.7263,222.34,52.86
5000,48,370.923,48.8167,222.34,52.86
5100,48,377.109,49.2758,222.34,52.86
5200,48,383.325,50.6307,222.34,52.86
5300,48,389.731,50.1341,222.34,52.86
5400,48,396.302,50.109,222.34,52.86
5500,48,402.53,51.0471,222.34,52.86
5600,48,409.102,51.6559,222.34,52.86
5700,48,415.383,51.9786,222.34,52.86
5800,48,421.802,51.9756,222.34,52.86
5900,48,428.189,51.6033,222.34,52.86
6000,48,434.069,50.5126,222.34,52.86
6100,48,440.361,50.0846,222.34,52.86
6200,48,446.905,49.4434,222.34,52.86
6300,48,453.376,49.1437,222.34,52.86
6400,48,459.635,49.3026,222.34,52.86
6500,48,465.932,51.3482,222.34,52.86
6600,48,472.142,51.5312,222.34,52.86
6700,48,477.775,51.4064,222.34,52.86
6800,48,484.411,50.83,222.34,52.86
6900,48,490.737,51.4888,222.34,52.86
7000,48,497.397,52.2494,222.34,52.86
7100,48,503.333,51.4299,222.34,52.86
7200,48,509.658,51.445,222.34,52.86
7300,48,516.028,51.5221,222.34,52.86
7400,48,522.604,52.9808,222.34,52.86
7500,48,528.728,51.0464,222.34,52.86
7600,48,535.221,49.6436,222.34,52.86
7700,48,541.68,50.0403,222.34,52.86
7800,48,547.638,50.2982,222.34,52.86
7900,48,553.805,51.2324,222.34,52.86
8000,48,560.387,50.1789,222.34,52.86
8100,48,566.868,50.399,222.34,52.86
8200,48,572.843,50.425,222.34,52.86
8300,48,579.191,50.2843,222.34,52.86
8400,48,585.277,49.8666,222.34,52.86
8500,48,591.642,50.7125,222.34,52.86
8600,48,598.301,50.878,222.34,52.86
8700,48,604.704,51.9044,222.34,52.86
8800,48,611.413,51.4589,222.34,52.86
8900,48,617.823,51.3945,222.34,52.86
9000,48,624.154,51.0135,222.34,52.86
9100,48,630.5,50.5,222.34,52.86
9200,48,636.802,49.698,222.34,52.86
9300,48,643.715,49.6288,222.34,52.86
9400,48,649.661,49.857,222.34,52.86
9500,48,655.644,50.2312,222.34,52.86
9600,48,662.275,49.4595,222.34,52.86
9700,48,668.403,49.3838,222.34,52.86
9800,48,674.29,49.0316,222.34,52.86
9900,48,680.542,48.3061,222.34,52.86
10000,48,687.228,48.3782,222.34,52.86
100,49,56.9581,50.4706,222.34,52.86
200,49,63.7958,50.3043,222.34,52.86
300,49,69.6773,51.0692,222.34,52.86
400,49,76.1871,51.6576,222.34,52.86
500,49,82.6434,51.4051,222.34,52.86
600,49,88.6132,52.0604,222.34,52.86
700,49,94.8378,51.3619,222.34,52.86
800,49,101.482,51.5124,222.34,52.86
900,49,107.827,51.937,222.34,52.86
1000,49,114.176,52.5464,222.34,52.86
1100,49,120.928,52.9691,222.34,52.86
1200,49,127.423,52.3496,222.34,52.86
1300,49,133.443,52.7538,222.34,52.86
1400,49,139.965,52.9313,222.34,52.86
1500,49,146.448,52.3842,222.34,52.86
1600,49,152.5,50.7239,222.34,52.86
1700,49,158.547,51.078,222.34,52.86
1800,49,164.926,50.8786,222.34,52.86
1900,49,171.867,51.4501,222.34,52.86
2000,49,177.792,49.9552,222.34,52.86
2100,49,184.532,48.3115,222.34,52.86
2200,49,190.77,46.8623,222.34,52.86
2300,49,196.971,46.8535,222.34,52.86
2400,49,203.175,46.4423,222.34,52.86
2500,49,209.72,46.6802,222.34,52.86
2600,49,216.285,44.7938,222.34,52.86
2700,49,222.645,44.4374,222.34,52.86
2800,49,228.739,44.3895,222.34,52.86
2900,49,235.271,44.562,222.34,52.86
3000,49,241.744,44.4984,222.34,52.86
3100,49,248.162,44.6942,222.34,52.86
3200,49,254.663,45.5884,222.34,52.86
3300,49,261.263,45.9865,222.34,52.86
3400,49,267.441,46.0189,222.34,52.86
3500,49,273.879,47.1084,222.34,52.86
3600,49,280.029,46.7395,222.34,52.86
3700,49,286.273,47.2584,222.34,52.86
3800,49,292.708,46.8585,222.34,52.86
3900,49,298.647,46.7947,222.34,52.86
4000,49,305.022,46.922,222.34,52.86
4100,49,311.416,46.3302,222.34,52.86
4200,49,317.708,47.1519,222.34,52.86
4300,49,324.707,46.9445,222.34,52.86
4400,49,330.383,46.4486,222.34,52.86
4500,49,336.472,47.2968,222.34,52.86
4600,49,342.804,47.5112,222.34,52.86
4700,49,349.103,46.9055,222.34,52.86
4800,49,355.679,48.0432,222.34,52.86
4900,49,361.636,48.4229,222.34,52.86
5000,49,368.176,47.6108,222.34,52.86
5100,49,374.062,46.9555,222.34,52.86
5200,49,380.614,47.2087,222.34,52.86
5300,49,387.514,46.0968,222.34,52.86
5400,49,393.796,46.3585,222.34,52.86
5500,49,400.395,47.0224,222.34,52.86
5600,49,406.437,47.0823,222.34,52.86
5700,49,412.797,48.8153,222.34,52.86
5800,49,418.586,47.8603,222.34,52.86
5900,49,425.743,47.7818,222.34,52.86
6000,49,431.921,47.3026,222.34,52.86
6100,49,438.154,48.1148,222.34,52.86
6200,49,444.826,46.7612,222.34,52.86
6300,49,451.084,48.2258,222.34,52.86
6400,49,457.732,48.1207,222.34,52.86
6500,49,464.267,48.276,222.34,52.86
6600,49,470.196,49.443,222.34,52.86
6700,49,477.096,50.4611,222.34,52.86
6800,49,483.297,50.3326,222.34,52.86
6900,49,489.58,50.1509,222.34,52.86
7000,49,496.161,50.1231,222.34,52.86
7100,49,502.9,49.803,222.34,52.86
7200,49,509.358,50.2647,222.34,52.86
7300,49,515.775,51.0723,222.34,52.86
7400,49,521.529,52.3773,222.34,52.86
7500,49,527.496,52.3404,222.34,52.86
7600,49,533.952,51.893,222.34,52.86
7700,49,539.992,50.8211,222.34,52.86
7800,49,546.16,51.8012,222.34,52.86
7900,49,552.518,52.3396,222.34,52.86
8000,49,558.476,53.0723,222.34,52.86
8100,49,565.254,53.0079,222.34,52.86
8200,49,571.991,52.6296,222.34,52.86
8300,49,578.259,54.2397,222.34,52.86
8400,49,584.608,54.7798,222.34,52.86
8500,49,591.179,54.3566,222.34,52.86
8600,49,597.966,54.6241,222.34,52.86
8700,49,604.161,55.8861,222.34,52.86
8800,49,610.881,56.0007,222.34,52.86
8900,49,617.324,55.8099,222.34,52.86
9000,49,623.988,56.2357,222.34,52.86
9100,49,630.172,56.6049,222.34,52.86
9200,49,636.608,56.3818,222.34,52.86
9300,49,643.278,56.4239,222.34,52.86
9400,49,649.378,56.7796,222.34,52.86
9500,49,655.516,56.9316,222.34,52.86
9600,49,662.115,57.5178,222.34,52.86
9700,49,669.403,56.7433,222.34,52.86
9800,49,675.402,56.0993,222.34,52.86
9900,49,681.534,56.6982,222.34,52.86
10000,49,687.586,56.5035,222.34,52.86
100,50,55.9778,48.4011,222.34,52.86
200,50,62.4373,48.3229,222.34,52.86
300,50,69.3373,49.5927,222.34,52.86
400,50,75.6924,47.6901,222.34,52.86
500,50,82.5198,47.1915,222.34,52.86
600,50,88.8245,46.3661,222.34,52.86
700,50,95.2222,47.4827,222.34,52.86
800,50,100.988,47.8652,222.34,52.86
900,50,107.541,47.4347,222.34,52.86
1000,50,114.013,47.9616,222.34,52.86
1100,50,120.445,47.0532,222.34,52.86
1200,50,126.89,47.2692,222.34,52.86
1300,50,133.331,46.0985,222.34,52.86
1400,50,139.081,45.4901,222.34,52.86
1500,50,145.124,45.382,222.34,52.86
1600,50,151.187,45.6791,222.34,52.86
1700,50,157.437,46.4401,222.34,52.86
1800,50,163.792,46.548,222.34,52.86
1900,50,169.954,46.0655,222.34,52.86
2000,50,176.626,46.4624,222.34,52.86
2100,50,182.873,44.9371,222.34,52.86
2200,50,189.107,44.5236,222.34,52.86
2300,50,195.292,45.1666,222.34,52.86
2400,50,201.715,46.7418,222.34,52.86
2500,50,208.827,46.5122,222.34,52.86
2600,50,215.439,46.5419,222.34,52.86
2700,50,221.987,47.2463,222.34,52.86
2800,50,228.508,46.0236,222.34,52.86
2900,50,234.988,45.4403,222.34,52.86
3000,50,241.026,46.2483,222.34,52.86
3100,50,246.856,46.1246,222.34,52.86
3200,50,253.374,46.5795,222.34,52.86
3300,50,259.744,48.0086,222.34,52.86
3400,50,266.236,48.1406,222.34,52.86
3500,50,272.219,48.3557,222.34,52.86
3600,50,278.484,48.3047,222.34,52.86
3700,50,284.861,47.5033,222.34,52.86
3800,50,291.103,48.6622,222.34,52.86
3900,50,297.306,47.7928,222.34,52.86
4000,50,304.348,46.9618,222.34,52.86
4100,50,310.766,46.4262,222.34,52.86
4200,50,316.892,46.7158,222.34,52.86
4300,50,323.158,47.8017,222.34,52.86
4400,50,329.344,47.7693,222.34,52.86
4500,50,335.445,49.2681,222.34,52.86
4600,50,341.679,49.2268,222.34,52.86
4700,50,348.017,49.6563,222.34,52.86
4800,50,354.666,49.7555,222.34,52.86
4900,50,361.36,50.3401,222.34,52.86
5000,50,367.437,50.4709,222.34,52.86
5100,50,373.804,51.1609,222.34,52.86
5200,50,380.664,50.3634,222.34,52.86
5300,50,386.613,49.7922,222.34,52.86
5400,50,393.238,49.2769,222.34,52.86
5500,50,399.836,49.5504,222.34,52.86
5600,50,406.196,49.7843,222.34,52.86
5700,50,412.34,49.632,222.34,52.86
5800,50,418.816,48.9323,222.34,52.86
5900,50,425.004,46.5328,222.34,52.86
6000,50,431.085,46.5784,222.34,52.86
6100,50,437.909,46.5524,222.34,52.86
6200,50,444.203,46.5977,222.34,52.86
6300,50,450.539,47.5557,222.34,52.86
6400,50,456.719,47.4456,222.34,52.86
6500,50,463.635,47.986,222.34,52.86
6600,50,470.345,49.7948,222.34,52.86
6700,50,476.773,49.1154,222.34,52.86
6800,50,483.379,50.051,222.34,52.86
6900,50,489.796,49.9227,222.34,52.86
7000,50,496.341,49.8491,222.34,52.86
7100,50,502.93,49.8973,222.34,52.86
7200,50,508.85,49.3929,222.34,52.86
7300,50,515.24,49.5059,222.34,52.86
7400,50,521.775,49.0149,222.34,52.86
7500,50,528.114,49.2614,222.34,52.86
7600,50,534.351,49.1403,222.34,52.86
7700,50,540.248,48.9037,222.34,52.86
7800,50,547.082,48.5979,222.34,52.86
7900,50,553.108,48.7937,222.34,52.86
8000,50,559.938,48.9495,222.34,52.86
8100,50,566.035,49.2888,222.34,52.86
8200,50,572.715,49.3785,222.34,52.86
8300,50,578.536,49.8606,222.34,52.86
8400,50,585.097,48.4782,222.34,52.86
8500,50,591.192,49.3645,222.34,52.86
8600,50,597.314,49.5423,222.34,52.86
8700,50,603.703,50.5198,222.34,52.86
8800,50,609.871,50.9764,222.34,52.86
8900,50,616.861,51.1196,222.34,52.86
9000,50,623.138,50.8588,222.34,52.86
9100,50,629.663,50.5783,222.34,52.86
9200,50,635.666,49.9826,222.34,52.86
9300,50,642.078,50.5283,222.34,52.86
9400,50,648.212,51.1706,222.34,52.86
9500,50,654.255,50.3164,222.34,52.86
9600,50,661.116,50.5787,222.34,52.86
9700,50,667.115,50.4176,222.34,52.86
9800,50,673.968,50.3037,222.34,52.86
9900,50,680.42,50.2891,222.34,52.86
10000,50,687.029,49.9227,222.34,52.86
100,51,56.2987,50.5013,222.34,52.86
200,51,62.7908,51.4476,222.34,52.86
300,51,68.3903,51.4654,222.34,52.86
400,51,75.0407,52.1661,222.34,52.86
500,51,81.5032,50.8347,222.34,52.86
600,51,87.6857,51.7209,222.34,52.86
700,51,93.689,50.706,222.34,52.86
800,51,100.256,51.5037,222.34,52.86
900,51,106.924,51.7294,222.34,52.86
1000,51,112.797,51.7808,222.34,52.86
1100,51,118.655,51.795,222.34,52.86
1200,51,125.238,52.1638,222.34,52.86
1300,51,131.845,52.4499,222.34,52.86
1400,51,138.88,52.1728,222.34,52.86
1500,51,145.074,52.625,222.34,52.86
1600,51,151.692,52.9126,222.34,52.86
1700,51,158.507,54.0748,222.34,52.86
1800,51,164.492,54.1096,222.34,52.86
1900,51,170.508,55.5093,222.34,52.86
2000,51,176.578,55.6751,222.34,52.86
2100,51,183.276,55.9383,222.34,52.86
2200,51,190.201,56.932,222.34,52.86
2300,51,196.338,57.3754,222.34,52.86
2400,51,203.112,57.8298,222.34,52.86
2500,51,209.682,56.458,222.34,52.86
2600,51,215.839,56.535,222.34,52.86
2700,51,221.82,57.2025,222.34,52.86
2800,51,228.571,58.014,222.34,52.86
2900,51,234.846,58.3563,222.34,52.86
3000,51,241.471,57.4962,222.34,52.86
3100,51,247.899,58.1084,222.34,52.86
3200,51,254.032,58.2178,222.34,52.86
3300,51,260.741,57.5487,222.34,52.86
3400,51,267.334,57.6416,222.34,52.86
3500,51,273.21,56.7961,222.34,52.86
3600,51,278.985,56.4336,222.34,52.86
3700,51,285.719,56.6139,222.34,52.86
3800,51,291.751,56.6912,222.34,52.86
3900,51,298.422,56.5242,222.34,52.86
4000,51,304.79,57.7194,222.34,52.86
4100,51,311.633,58.7806,222.34,52.86
4200,51,318.241,59.4034,222.34,52.86
4300,51,324.283,58.3227,222.34,52.86
4400,51,330.862,57.5497,222.34,52.86
4500,51,337.364,57.5432,222.34,52.86
4600,51,343.737,57.2098,222.34,52.86
4700,51,350.243,57.3096,222.34,52.86
4800,51,356.159,58.0363,222.34,52.86
4900,51,362.739,58.3926,222.34,52.86
5000,51,368.749,59.2746,222.34,52.86
5100,51,375.082,59.4115,222.34,52.86
5200,51,381.003,59.5051,222.34,52.86
5300,51,387.295,59.9042,222.34,52.86
5400,51,394.053,59.6359,222.34,52.86
5500,51,400.366,60.1595,222.34,52.86
5600,51,406.567,61.145,222.34,52.86
5700,51,412.763,61.3049,222.34,52.86
5800,51,418.682,61.0097,222.34,52.86
5900,51,424.956,60.5294,222.34,52.86
6000,51,431.02,60.4599,222.34,52.86
6100,51,437.758,61.3671,222.34,52.86
6200,51,444.38,61.6421,222.34,52.86
6300,51,450.565,63.5457,222.34,52.86
6400,51,456.901,63.3396,222.34,52.86
6500,51,463.673,63.6731,222.34,52.86
6600,51,470.024,64.2466,222.34,52.86
6700,51,476.344,63.8616,222.34,52.86
6800,51,482.803,63.3733,222.34,52.86
6900,51,488.491,62.1375,222.34,52.86
7000,51,494.599,62.9677,222.34,52.86
7100,51,501.289,62.5611,222.34,52.86
7200,51,508.061,63.1532,222.34,52.86
7300,51,514.468,63.0106,222.34,52.86
7400,51,521.054,62.8256,222.34,52.86
7500,51,527.059,63.2015,222.34,52.86
7600,51,533.129,63.4824,222.34,52.86
7700,51,539.351,62.5246,222.34,52.86
7800,51,545.957,60.3019,222.34,52.86
7900,51,551.955,59.8607,222.34,52.86
8000,51,558.636,60.1829,222.34,52.86
8100,51,564.681,59.0775,222.34,52.86
8200,51,571.028,59.2255,222.34,52.86
8300,51,577.282,58.6337,222.34,52.86
8400,51,584.091,58.5086,222.34,52.86
8500,51,590.445,57.6999,222.34,52.86
8600,51,597.331,57.7298,222.34,52.86
8700,51,603.789,57.4899,222.34,52.86
8800,51,610.077,57.2099,222.34,52.86
8900,51,616.222,57.6059,222.34,52.86
9000,51,622.113,57.1886,222.34,52.86
9100,51,628.736,57.1252,222.34,52.86
9200,51,635.341,57.5276,222.34,52.86
9300,51,641.592,56.3038,222.34,52.86
9400,51,648.224,55.3718,222.34,52.86
9500,51,654.018,55.3777,222.34,52.86
9600,51,660.228,55.6439,222.34,52.86
9700,51,666.098,55.9954,222.34,52.86
9800,51,672.999,55.0945,222.34,52.86
9900,51,679.596,55.3854,222.34,52.86
10000,51,686.124,54.3156,222.34,52.86
100,52,56.1713,49.5262,222.34,52.86
200,52,62.7231,49.0701,222.34,52.86
300,52,68.805,49.5777,222.34,52.86
400,52,75.1694,49.3305,222.34,52.86
500,52,82.1851,49.4169,222.34,52.86
600,52,88.4496,50.2073,222.34,52.86
700,52,95.2948,50.1676,222.34,52.86
800,52,101.84,49.8935,222.34,52.86
900,52,108.198,50.098,222.34,52.86
1000,52,114.969,50.8578,222.34,52.86
1100,52,121.354,49.7577,222.34,52.86
1200,52,127.793,49.3003,222.34,52.86
1300,52,134.382,48.6568,222.34,52.86
1400,52,140.742,48.7475,222.34,52.86
1500,52,146.64,49.7107,222.34,52.86
1600,52,152.851,50.3083,222.34,52.86
1700,52,159.315,51.11,222.34,52.86
1800,52,166.489,50.795,222.34,52.86
1900,52,172.692,51.38,222.34,52.86
2000,52,179.329,53.3396,222.34,52.86
2100,52,185.143,53.3951,222.34,52.86
2200,52,191.741,53.6348,222.34,52.86
2300,52,198.257,53.9621,222.34,52.86
2400,52,204.964,52.7412,222.34,52.86
2500,52,211.443,52.8502,222.34,52.86
2600,52,218.156,52.8632,222.34,52.86
2700,52,224.635,53.8613,222.34,52.86
2800,52,230.481,52.243,222.34,52.86
2900,52,237.001,52.5861,222.34,52.86
3000,52,243.629,51.5117,222.34,52.86
3100,52,249.982,50.5056,222.34,52.86
3200,52,256.204,52.4393,222.34,52.86
3300,52,262.175,53.631,222.34,52.86
3400,52,268.439,53.4922,222.34,52.86
3500,52,274.476,53.7844,222.34,52.86
3600,52,280.659,54.4301,222.34,52.86
3700,52,287.427,53.5571,222.34,52.86
3800,52,293.734,54.6714,222.34,52.86
3900,52,300.398,53.7269,222.34,52.86
4000,52,306.41,54.1427,222.34,52.86
4100,52,312.495,54.1284,222.34,52.86
4200,52,319.108,53.2414,222.34,52.86
4300,52,325.031,53.6556,222.34,52.86
4400,52,331.172,53.7674,222.34,52.86
4500,52,337.696,53.7016,222.34,52.86
4600,52,344.748,52.5386,222.34,52.86
4700,52,351.752,52.6036,222.34,52.86
4800,52,357.206,50.8594,222.34,52.86
4900,52,363.712,51.0707,222.34,52.86
5000,52,370.396,51.4257,222.34,52.86
5100,52,376.612,50.809,222.34,52.86
5200,52,382.878,50.2892,222.34,52.86
5300,52,389.063,50.6909,222.34,52.86
5400,52,395.66,51.7105,222.34,52.86
5500,52,402,52.4054,222.34,52.86
5600,52,408.07,52.0247,222.34,52.86
5700,52,414.387,53.1294,222.34,52.86
5800,52,420.769,52.6476,222.34,52.86
5900,52,427.307,52.2231,222.34,52.86
6000,52,433.852,52.3931,222.34,52.86
6100,52,439.547,52.4054,222.34,52.86
6200,52,446.371,52.9148,222.34,52.86
6300,52,452.641,53.0592,222.34,52.86
6400,52,458.887,53.5295,222.34,52.86
6500,52,465.52,53.5344,222.34,52.86
6600,52,471.589,54.0892,222.34,52.86
6700,52,477.707,52.7834,222.34,52.86
6800,52,483.877,52.0887,222.34,52.86
6900,52,490.758,52.4311,222.34,52.86
7000,52,496.686,51.3931,222.34,52.86
7100,52,503.259,51.1752,222.34,52.86
7200,52,509.824,51.4404,222.34,52.86
7300,52,515.805,50.8007,222.34,52.86
7400,52,522.437,50.8569,222.34,52.86
7500,52,528.273,49.4964,222.34,52.86
7600,52,534.918,50.1217,222.34,52.86
7700,52,541.443,50.9231,222.34,52.86
7800,52,548.18,52.0915,222.34,52.86
7900,52,554.606,52.3706,222.34,52.86
8000,52,561.273,53.6714,222.34,52.86
8100,52,567.605,54.2932,222.34,52.86
8200,52,573.802,55.2407,222.34,52.86
8300,52,580.266,55.0998,222.34,52.86
8400,52,586.865,54.9596,222.34,52.86
8500,52,593.467,55.5456,222.34,52.86
8600,52,600.044,55.3132,222.34,52.86
8700,52,606.72,55.6327,222.34,52.86
8800,52,613.492,56.0626,222.34,52.86
8900,52,620.063,56.326,222.34,52.86
9000,52,626.711,56.9292,222.34,52.86
9100,52,632.871,57.4429,222.34,52.86
9200,52,639.147,57.1187,222.34,52.86
9300,52,645.382,56.6114,222.34,52.86
9400,52,651.716,55.8938,222.34,52.86
9500,52,658.291,56.179,222.34,52.86
9600,52,664.918,56.0252,222.34,52.86
9700,52,671.557,55.8191,222.34,52.86
9800,52,677.855,56.1123,222.34,52.86
9900,52,684.068,54.7696,222.34,52.86
10000,52,690.876,55.0787,222.34,52.86
100,53,56.8254,51.4201,222.34,52.86
200,53,63.5207,51.1784,222.34,52.86
300,53,69.9158,50.7476,222.34,52.86
400,53,76.4943,51.5161,222.34,52.86
500,53,83.261,51.428,222.34,52.86
600,53,89.1659,51.2817,222.34,52.86
700,53,95.4487,52.021,222.34,52.86
800,53,102.22,52.2026,222.34,52.86
900,53,108.13,52.6284,222.34,52.86
1000,53,114.326,52.9175,222.34,52.86
1100,53,120.882,52.7276,222.34,52.86
1200,53,126.961,53.7576,222.34,52.86
1300,53,133.491,52.5539,222.34,52.86
1400,53,139.387,52.4894,222.34,52.86
1500,53,146.165,52.3875,222.34,52.86
1600,53,152.847,51.172,222.34,52.86
1700,53,159.453,50.4108,222.34,52.86
1800,53,165.952,49.8754,222.34,52.86
1900,53,172.809,50.2648,222.34,52.86
2000,53,179.44,49.4611,222.34,52.86
2100,53,185.165,49.612,222.34,52.86
2200,53,191.02,48.5838,222.34,52.86
2300,53,196.747,47.9221,222.34,52.86
2400,53,203.176,48.8564,222.34,52.86
2500,53,209.187,48.3482,222.34,52.86
2600,53,216.107,45.9233,222.34,52.86
2700,53,222.624,46.7214,222.34,52.86
2800,53,229.423,46.9745,222.34,52.86
2900,53,235.921,47.2671,222.34,52.86
3000,53,241.957,48.2987,222.34,52.86
3100,53,248.372,48.1973,222.34,52.86
3200,53,254.42,48.4237,222.34,52.86
3300,53,261.047,48.6069,222.34,52.86
3400,53,267.631,47.5186,222.34,52.86
3500,53,274.024,47.0973,222.34,52.86
3600,53,280.598,46.7913,222.34,52.86
3700,53,287.154,47.8884,222.34,52.86
3800,53,293.624,47.343,222.34,52.86
3900,53,299.666,45.4386,222.34,52.86
4000,53,305.853,45.8882,222.34,52.86
4100,53,312.252,44.8712,222.34,52.86
4200,53,318.627,45.3525,222.34,52.86
4300,53,325.237,44.7667,222.34,52.86
4400,53,331.431,44.5008,222.34,52.86
4500,53,337.906,43.3534,222.34,52.86
4600,53,344.199,42.8505,222.34,52.86
4700,53,350.64,44.4615,222.34,52.86
4800,53,356.924,44.7405,222.34,52.86
4900,53,363.064,44.2524,222.34,52.86
5000,53,369.36,45.0503,222.34,52.86
5100,53,375.316,45.8414,222.34,52.86
5200,53,381.433,45.9045,222.34,52.86
5300,53,388.18,46.9786,222.34,52.86
5400,53,394.51,47.3687,222.34,52.86
5500,53,400.395,48.2047,222.34,52.86
5600,53,407.159,48.8634,222.34,52.86
5700,53,413.479,48.9306,222.34,52.86
5800,53,419.418,48.7283,222.34,52.86
5900,53,425.424,48.5683,222.34,52.86
6000,53,431.666,47.5967,222.34,52.86
6100,53,437.746,47.369,222.34,52.86
6200,53,444.299,47.1977,222.34,52.86
6300,53,450.953,47.3803,222.34,52.86
6400,53,457.209,48.3343,222.34,52.86
6500,53,463.823,47.1192,222.34,52.86
6600,53,470.403,47.6682,222.34,52.86
6700,53,476.736,47.3644,222.34,52.86
6800,53,482.786,47.6525,222.34,52.86
6900,53,488.741,48.9063,222.34,52.86
7000,53,495.172,48.3741,222.34,52.86
7100,53,501.346,47.6107,222.34,52.86
7200,53,507.38,47.7236,222.34,52.86
7300,53,513.809,47.9893,222.34,52.86
7400,53,519.913,48.5545,222.34,52.86
7500,53,525.663,48.9848,222.34,52.86
7600,53,531.909,48.4494,222.34,52.86
7700,53,538.187,46.8579,222.34,52.86
7800,53,544.382,45.8509,222.34,52.86
7900,53,550.538,46.3262,222.34,52.86
8000,53,557.02,45.4171,222.34,52.86
8100,53,563.568,44.9459,222.34,52.86
8200,53,569.381,46.589,222.34,52.86
8300,53,575.379,46.8511,222.34,52.86
8400,53,581.369,46.9639,222.34,52.86
8500,53,587.696,47.0736,222.34,52.86
8600,53,593.772,46.3702,222.34,52.86
8700,53,600.116,45.9099,222.34,52.86
8800,53,606.897,46.6545,222.34,52.86
8900,53,613.149,47.4485,222.34,52.86
9000,53,619.415,48.5115,222.34,52.86
9100,53,626.217,48.7931,222.34,52.86
9200,53,632.424,48.2682,222.34,52.86
9300,53,639.13,47.3528,222.34,52.86
9400,53,645.426,47.2185,222.34,52.86
9500,53,651.979,46.9039,222.34,52.86
9600,53,657.738,47.0289,222.34,52.86
9700,53,664.197,46.7635,222.34,52.86
9800,53,671.334,46.9767,222.34,52.86
9900,53,677.322,45.9855,222.34,52.86
10000,53,683.628,45.6023,222.34,52.86
100,54,56.8126,49.7005,222.34,52.86
200,54,63.255,49.4267,222.34,52.86
300,54,69.4125,48.5053,222.34,52.86
400,54,75.8087,48.495,222.34,52.86
500,54,82.4879,47.9628,222.34,52.86
600,54,89.148,47.2198,222.34,52.86
700,54,95.4559,48.0398,222.34,52.86
800,54,101.862,48.8422,222.34,52.86
900,54,107.735,48.3395,222.34,52.86
1000,54,113.995,47.736,222.34,52.86
1100,54,120.121,47.5311,222.34,52.86
1200,54,125.617,45.817,222.34,52.86
1300,54,131.807,45.8476,222.34,52.86
1400,54,138.182,45.3572,222.34,52.86
1500,54,144.486,46.3792,222.34,52.86
1600,54,150.62,45.5273,222.34,52.86
1700,54,157.014,45.0931,222.34,52.86
1800,54,163.418,46.3031,222.34,52.86
1900,54,169.907,47.1451,222.34,52.86
2000,54,175.905,48.4953,222.34,52.86
2100,54,181.817,48.2161,222.34,52.86
2200,54,188.414,48.0954,222.34,52.86
2300,54,194.72,47.9031,222.34,52.86
2400,54,200.892,47.9399,222.34,52.86
2500,54,207.552,47.8961,222.34,52.86
2600,54,214.823,48.2752,222.34,52.86
2700,54,221.496,47.5616,222.34,52.86
2800,54,227.419,47.0599,222.34,52.86
2900,54,234.374,46.731,222.34,52.86
3000,54,241.196,46.6834,222.34,52.86
3100,54,247.355,46.1469,222.34,52.86
3200,54,253.695,46.1662,222.34,52.86
3300,54,260.374,46.1189,222.34,52.86
3400,54,266.449,46.6592,222.34,52.86
3500,54,273.317,47.0538,222.34,52.86
3600,54,280.116,46.4081,222.34,52.86
3700,54,286.921,47.0004,222.34,52.86
3800,54,293.188,48.0133,222.34,52.86
3900,54,299.385,47.6135,222.34,52.86
4000,54,305.837,47.7478,222.34,52.86
4100,54,312.973,48.1171,222.34,52.86
4200,54,319.425,47.3866,222.34,52.86
4300,54,325.789,47.0928,222.34,52.86
4400,54,332.38,48.1633,222.34,52.86
4500,54,339.105,48.436,222.34,52.86
4600,54,345.193,48.8447,222.34,52.86
4700,54,352.142,48.5951,222.34,52.86
4800,54,358.548,48.3923,222.34,52.86
4900,54,364.966,48.0504,222.34,52.86
5000,54,371.175,47.8469,222.34,52.86
5100,54,377.364,48.8755,222.34,52.86
5200,54,383.332,48.8076,222.34,52.86
5300,54,389.832,48.5884,222.34,52.86
5400,54,396.434,47.3867,222.34,52.86
5500,54,402.997,46.908,222.34,52.86
5600,54,409.301,47.3535,222.34,52.86
5700,54,414.927,46.1959,222.34,52.86
5800,54,421.396,45.9762,222.34,52.86
5900,54,428.178,45.8916,222.34,52.86
6000,54,434.375,46.5258,222.34,52.86
6100,54,440.684,46.4163,222.34,52.86
6200,54,447.282,45.6328,222.34,52.86
6300,54,453.426,44.0469,222.34,52.86
6400,54,460.151,43.2217,222.34,52.86
6500,54,466.287,43.3578,222.34,52.86
6600,54,472.523,43.5284,222.34,52.86
6700,54,478.927,44.12,222.34,52.86
6800,54,485.016,44.5703,222.34,52.86
6900,54,491.565,44.4383,222.34,52.86
7000,54,498.258,45,222.34,52.86
7100,54,504.055,45.4933,222.34,52.86
7200,54,510.77,46.3956,222.34,52.86
7300,54,517.339,46.1792,222.34,52.86
7400,54,523.28,47.3914,222.34,52.86
7500,54,529.338,47.9899,222.34,52.86
7600,54,535.989,47.6578,222.34,52.86
7700,54,542.282,46.8579,222.34,52.86
7800,54,548.753,47.1391,222.34,52.86
7900,54,555.335,46.2234,222.34,52.86
8000,54,561.221,47.3527,222.34,52.86
8100,54,567.994,48.0338,222.34,52.86
8200,54,574.218,46.5645,222.34,52.86
8300,54,580.775,45.0928,222.34,52.86
8400,54,587.144,44.8955,222.34,52.86
8500,54,594.029,44.362,222.34,52.86
8600,54,600.066,44.5339,222.34,52.86
8700,54,606.761,43.3659,222.34,52.86
8800,54,613.295,44.2955,222.34,52.86
8900,54,619.431,45.2119,222.34,52.86
9000,54,625.814,44.5608,222.34,52.86
9100,54,632.322,44.8437,222.34,52.86
9200,54,639.011,44.1688,222.34,52.86
9300,54,645.458,44.7353,222.34,52.86
9400,54,652.065,43.4768,222.34,52.86
9500,54,658.445,43.1951,222.34,52.86
9600,54,664.599,43.3357,222.34,52.86
9700,54,671.183,43.6507,222.34,52.86
9800,54,677.78,43.9159,222.34,52.86
9900,54,684.105,44.1077,222.34,52.86
10000,54,691.018,44.2633,222.34,52.86
100,55,56.041,49.6393,222.34,52.86
200,55,62.1843,51.4063,222.34,52.86
300,55,68.9195,50.9443,222.34,52.86
400,55,75.1813,50.3715,222.34,52.86
500,55,81.9912,50.2748,222.34,52.86
600,55,88.2733,50.4147,222.34,52.86
700,55,94.3578,49.8569,222.34,52.86
800,55,100.984,49.2497,222.34,52.86
900,55,107.281,49.3294,222.34,52.86
1000,55,113.884,48.7569,222.34,52.86
1100,55,120.223,48.4287,222.34,52.86
1200,55,126.608,48.4567,222.34,52.86
1300,55,133,49.1453,222.34,52.86
1400,55,139.095,48.8427,222.34,52.86
1500,55,145.338,47.6324,222.34,52.86
1600,55,151.462,46.1784,222.34,52.86
1700,55,158.223,46.2753,222.34,52.86
1800,55,164.3,45.7307,222.34,52.86
1900,55,170.657,46.0843,222.34,52.86
2000,55,177.124,45.5647,222.34,52.86
2100,55,183.483,45.4816,222.34,52.86
2200,55,189.883,45.3307,222.34,52.86
2300,55,197.019,44.9711,222.34,52.86
2400,55,203.002,44.7803,222.34,52.86
2500,55,208.965,45.37,222.34,52.86
2600,55,216.024,45.8454,222.34,52.86
2700,55,222.658,45.2254,222.34,52.86
2800,55,229.015,45.0465,222.34,52.86
2900,55,234.874,45.0258,222.34,52.86
3000,55,241.465,45.8862,222.34,52.86
3100,55,247.59,45.8118,222.34,52.86
3200,55,254.131,44.5953,222.34,52.86
3300,55,260.005,44.3365,222.34,52.86
3400,55,266.293,44.6022,222.34,52.86
3500,55,272.158,44.8617,222.34,52.86
3600,55,278.837,44.5198,222.34,52.86
3700,55,284.888,44.7603,222.34,52.86
3800,55,291.156,44.2059,222.34,52.86
3900,55,297.438,43.7864,222.34,52.86
4000,55,304.051,43.7816,222.34,52.86
4100,55,310.266,42.6908,222.34,52.86
4200,55,316.483,43.4139,222.34,52.86
4300,55,323.186,42.7557,222.34,52.86
4400,55,328.921,42.1383,222.34,52.86
4500,55,334.984,41.5074,222.34,52.86
4600,55,341.23,41.5551,222.34,52.86
4700,55,347.4,41.2363,222.34,52.86
4800,55,353.594,39.9603,222.34,52.86
4900,55,360.116,41.3407,222.34,52.86
5000,55,367.18,40.4791,222.34,52.86
5100,55,373.749,40.7206,222.34,52.86
5200,55,380.015,40.0177,222.34,52.86
5300,55,386.425,40.2583,222.34,52.86
5400,55,392.522,39.4996,222.34,52.86
5500,55,398.456,38.9083,222.34,52.86
5600,55,405.112,38.058,222.34,52.86
5700,55,411.259,37.657,222.34,52.86
5800,55,417.843,36.9248,222.34,52.86
5900,55,424.461,38.2069,222.34,52.86
6000,55,430.958,38.0245,222.34,52.86
6100,55,437.377,37.1357,222.34,52.86
6200,55,443.515,36.6744,222.34,52.86
6300,55,450.465,36.5797,222.34,52.86
6400,55,456.586,35.2518,222.34,52.86
6500,55,462.454,35.4079,222.34,52.86
6600,55,468.662,35.5294,222.34,52.86
6700,55,475.166,35.7667,222.34,52.86
6800,55,481.469,36.8233,222.34,52.86
6900,55,488.179,37.4611,222.34,52.86
7000,55,494.777,36.8493,222.34,52.86
7100,55,501.079,37.788,222.34,52.86
7200,55,507.896,36.9435,222.34,52.86
7300,55,514.016,35.849,222.34,52.86
7400,55,520.582,36.0886,222.34,52.86
7500,55,527.098,37.8325,222.34,52.86
7600,55,533.405,38.4895,222.34,52.86
7700,55,539.74,39.1173,222.34,52.86
7800,55,546.371,39.8475,222.34,52.86
7900,55,552.588,39.6286,222.34,52.86
8000,55,559.018,39.8792,222.34,52.86
8100,55,565.441,38.4659,222.34,52.86
8200,55,571.819,38.325,222.34,52.86
8300,55,578.066,38.9316,222.34,52.86
8400,55,583.728,40.0646,222.34,52.86
8500,55,590.22,39.9951,222.34,52.86
8600,55,597.109,40.5588,222.34,52.86
8700,55,603.153,40.3238,222.34,52.86
8800,55,609.869,39.8235,222.34,52.86
8900,55,616.154,38.5412,222.34,52.86
9000,55,621.816,38.3447,222.34,52.86
9100,55,628.926,39.0138,222.34,52.86
9200,55,635.295,37.8726,222.34,52.86
9300,55,641.745,37.7298,222.34,52.86
9400,55,648.361,36.5667,222.34,52.86
9500,55,654.112,35.9912,222.34,52.86
9600,55,660.64,36.8163,222.34,52.86
9700,55,667.182,36.1216,222.34,52.86
9800,55,673.668,36.4915,222.34,52.86
9900,55,680.644,35.5676,222.34,52.86
10000,55,686.942,35.9995,222.34,52.86
100,56,56.4313,49.9042,222.34,52.86
200,56,62.5872,51.0734,222.34,52.86
300,56,69.2284,51.6056,222.34,52.86
400,56,75.5723,49.9686,222.34,52.86
500,56,82.1606,49.5015,222.34,52.86
600,56,88.372,48.3238,222.34,52.86
700,56,94.3313,47.2573,222.34,52.86
800,56,100.686,47.866,222.34,52.86
900,56,107.089,47.2937,222.34,52.86
1000,56,113.154,46.5214,222.34,52.86
1100,56,119.674,46.3459,222.34,52.86
1200,56,126.225,45.3148,222.34,52.86
1300,56,133.047,44.8358,222.34,52.86
1400,56,139.189,45.5054,222.34,52.86
1500,56,145.624,44.7379,222.34,52.86
1600,56,152.235,44.6988,222.34,52.86
1700,56,159.233,46.2027,222.34,52.86
1800,56,165.751,46.6552,222.34,52.86
1900,56,172.318,44.6642,222.34,52.86
2000,56,178.583,44.8544,222.34,52.86
2100,56,185.444,45.3426,222.34,52.86
2200,56,191.598,45.3321,222.34,52.86
2300,56,197.768,45.2012,222.34,52.86
2400,56,204.588,44.9818,222.34,52.86
2500,56,210.983,45.7539,222.34,52.86
2600,56,217.904,45.5115,222.34,52.86
2700,56,224.29,45.9545,222.34,52.86
2800,56,230.724,47.0037,222.34,52.86
2900,56,237.502,47.3638,222.34,52.86
3000,56,243.951,46.7905,222.34,52.86
3100,56,250.78,45.6223,222.34,52.86
3200,56,257.033,47.2628,222.34,52.86
3300,56,263.601,46.2584,222.34,52.86
3400,56,270.018,45.8445,222.34,52.86
3500,56,276.043,45.3254,222.34,52.86
3600,56,282.201,44.5537,222.34,52.86
3700,56,288.561,44.7753,222.34,52.86
3800,56,294.408,46.4475,222.34,52.86
3900,56,300.568,45.4415,222.34,52.86
4000,56,307.033,44.1352,222.34,52.86
4100,56,313.753,44.1923,222.34,52.86
4200,56,319.907,44.6541,222.34,52.86
4300,56,326.624,44.9174,222.34,52.86
4400,56,332.623,44.3738,222.34,52.86
4500,56,339.222,43.6133,222.34,52.86
4600,56,345.458,43.8632,222.34,52.86
4700,56,351.457,42.8367,222.34,52.86
4800,56,357.98,44.9783,222.34,52.86
4900,56,364.507,45.8308,222.34,52.86
5000,56,370.366,46.3781,222.34,52.86
5100,56,376.185,44.83,222.34,52.86
5200,56,382.632,44.155,222.34,52.86
5300,56,389.4,43.6686,222.34,52.86
5400,56,395.813,44.7174,222.34,52.86
5500,56,402.003,45.5152,222.34,52.86
5600,56,407.622,45.1851,222.34,52.86
5700,56,413.618,45.9424,222.34,52.86
5800,56,419.657,46.9293,222.34,52.86
5900,56,425.908,46.8458,222.34,52.86
6000,56,432.62,46.4724,222.34,52.86
6100,56,439.163,46.6643,222.34,52.86
6200,56,445.768,47.5603,222.34,52.86
6300,56,452.422,46.9313,222.34,52.86
6400,56,458.353,46.9038,222.34,52.86
6500,56,465.14,46.5428,222.34,52.86
6600,56,471.644,45.8375,222.34,52.86
6700,56,477.722,47.1634,222.34,52.86
6800,56,484.162,46.9119,222.34,52.86
6900,56,490.293,46.3614,222.34,52.86
7000,56,497.024,46.5651,222.34,52.86
7100,56,503.136,46.7065,222.34,52.86
7200,56,510.079,47.7058,222.34,52.86
7300,56,517.193,47.0271,222.34,52.86
7400,56,523.734,45.1027,222.34,52.86
7500,56,530.606,45.3944,222.34,52.86
7600,56,537.063,44.8028,222.34,52.86
7700,56,543.407,45.2195,222.34,52.86
7800,56,549.451,44.888,222.34,52.86
7900,56,555.821,45.6607,222.34,52.86
8000,56,562.561,45.1455,222.34,52.86
8100,56,568.419,45.2512,222.34,52.86
8200,56,574.991,46.0389,222.34,52.86
8300,56,581.689,46.6169,222.34,52.86
8400,56,588.246,46.7603,222.34,52.86
8500,56,594.52,46.43,222.34,52.86
8600,56,600.793,47.8679,222.34,52.86
8700,56,606.958,48.1988,222.34,52.86
8800,56,613.141,47.3391,222.34,52.86
8900,56,619.365,47.5748,222.34,52.86
9000,56,625.619,46.2529,222.34,52.86
9100,56,631.963,46.2476,222.34,52.86
9200,56,638.053,46.1111,222.34,52.86
9300,56,644.816,45.2325,222.34,52.86
9400,56,651.338,43.778,222.34,52.86
9500,56,657.343,44.2042,222.34,52.86
9600,56,663.707,43.8756,222.34,52.86
9700,56,669.432,44.2543,222.34,52.86
9800,56,675.544,45.3808,222.34,52.86
9900,56,681.465,45.7395,222.34,52.86
10000,56,688.169,46.0189,222.34,52.86
100,57,56.8524,50.3266,222.34,52.86
200,57,63.1734,50.9753,222.34,52.86
300,57,69.4311,50.71,222.34,52.86
400,57,76.1601,50.5103,222.34,52.86
500,57,82.5064,51.323,222.34,52.86
600,57,89.0219,49.9475,222.34,52.86
700,57,94.8895,50.0916,222.34,52.86
800,57,101.662,49.934,222.34,52.86
900,57,107.584,49.8299,222.34,52.86
1000,57,113.839,52.452,222.34,52.86
1100,57,120.809,53.0594,222.34,52.86
1200,57,126.957,54.1956,222.34,52.86
1300,57,133.155,53.7766,222.34,52.86
1400,57,139.312,53.2936,222.34,52.86
1500,57,145.654,53.8484,222.34,52.86
1600,57,152.214,53.6227,222.34,52.86
1700,57,158.643,53.9461,222.34,52.86
1800,57,164.613,52.6956,222.34,52.86
1900,57,170.427,53.2141,222.34,52.86
2000,57,176.32,54.0963,222.34,52.86
2100,57,182.924,52.5998,222.34,52.86
2200,57,189.83,52.7953,222.34,52.86
2300,57,196.451,51.4134,222.34,52.86
2400,57,202.709,51.9042,222.34,52.86
2500,57,209.169,51.5866,222.34,52.86
2600,57,215.541,51.4434,222.34,52.86
2700,57,221.995,51.211,222.34,52.86
2800,57,228.111,51.8648,222.34,52.86
2900,57,234.198,51.0197,222.34,52.86
3000,57,240.801,51.0361,222.34,52.86
3100,57,247.189,49.9322,222.34,52.86
3200,57,253.882,49.8946,222.34,52.86
3300,57,260.194,49.1613,222.34,52.86
3400,57,266.538,49.1803,222.34,52.86
3500,57,272.273,48.8744,222.34,52.86
3600,57,278.504,48.9345,222.34,52.86
3700,57,285.437,49.325,222.34,52.86
3800,57,291.834,49.0837,222.34,52.86
3900,57,297.388,50.2209,222.34,52.86
4000,57,303.146,50.8136,222.34,52.86
4100,57,308.93,51.1789,222.34,52.86
4200,57,315.072,50.7841,222.34,52.86
4300,57,321.619,49.4854,222.34,52.86
4400,57,327.872,49.6669,222.34,52.86
4500,57,334.516,49.0408,222.34,52.86
4600,57,340.723,48.6289,222.34,52.86
4700,57,347.3,47.9672,222.34,52.86
4800,57,353.506,48.7288,222.34,52.86
4900,57,360.054,48.5043,222.34,52.86
5000,57,366.623,48.9721,222.34,52.86
5100,57,373.422,47.691,222.34,52.86
5200,57,379.613,47.43,222.34,52.86
5300,57,386.42,47.6474,222.34,52.86
5400,57,392.932,48.0829,222.34,52.86
5500,57,399.016,49.6299,222.34,52.86
5600,57,405.246,48.9757,222.34,52.86
5700,57,411.728,49.3167,222.34,52.86
5800,57,417.758,48.4442,222.34,52.86
5900,57,424.028,51.6408,222.34,52.86
6000,57,430.222,53.1939,222.34,52.86
6100,57,436.557,52.9777,222.34,52.86
6200,57,442.687,52.7813,222.34,52.86
6300,57,448.697,51.7188,222.34,52.86
6400,57,455.262,50.8142,222.34,52.86
6500,57,461.235,51.6347,222.34,52.86
6600,57,467.931,51.3039,222.34,52.86
6700,57,474.419,51.1077,222.34,52.86
6800,57,480.036,52.1108,222.34,52.86
6900,57,486.275,51.6873,222.34,52.86
7000,57,492.805,51.4879,222.34,52.86
7100,57,498.674,52.1343,222.34,52.86
7200,57,504.853,52.2127,222.34,52.86
7300,57,511.287,53.1546,222.34,52.86
7400,57,517.332,53.1463,222.34,52.86
7500,57,523.51,53.6989,222.34,52.86
7600,57,530.29,51.9142,222.34,52.86
7700,57,536.724,51.9844,222.34,52.86
7800,57,543.271,51.8224,222.34,52.86
7900,57,548.935,51.4396,222.34,52.86
8000,57,555.304,50.6329,222.34,52.86
8100,57,561.625,52.3298,222.34,52.86
8200,57,567.745,52.2797,222.34,52.86
8300,57,573.698,52.9407,222.34,52.86
8400,57,580.1,52.9964,222.34,52.86
8500,57,586.018,53.8918,222.34,52.86
8600,57,592.273,52.8304,222.34,52.86
8700,57,598.256,52.2137,222.34,52.86
8800,57,604.471,51.998,222.34,52.86
8900,57,610.707,52.2668,222.34,52.86
9000,57,616.824,52.9207,222.34,52.86
9100,57,623.348,52.5586,222.34,52.86
9200,57,629.332,51.4124,222.34,52.86
9300,57,635.308,51.0759,222.34,52.86
9400,57,642.064,51.6446,222.34,52.86
9500,57,648.362,50.5149,222.34,52.86
9600,57,654.53,51.105,222.34,52.86
9700,57,660.608,51.6624,222.34,52.86
9800,57,667.343,50.9971,222.34,52.86
9900,57,673.334,50.7061,222.34,52.86
10000,57,679.705,50.6825,222.34,52.86
100,58,56.6279,49.4923,222.34,52.86
200,58,62.9432,48.5479,222.34,52.86
300,58,69.0044,47.8376,222.34,52.86
400,58,74.963,48.0521,222.34,52.86
500,58,81.1696,49.8473,222.34,52.86
600,58,87.0819,49.421,222.34,52.86
700,58,93.8329,49.2673,222.34,52.86
800,58,99.9605,49.4068,222.34,52.86
900,58,106.219,49.382,222.34,52.86
1000,58,112.19,48.7959,222.34,52.86
1100,58,118.537,49.6722,222.34,52.86
1200,58,124.636,49.6536,222.34,52.86
1300,58,131.017,49.014,222.34,52.86
1400,58,137.726,49.1087,222.34,52.86
1500,58,144.298,48.7176,222.34,52.86
1600,58,150.753,48.5111,222.34,52.86
1700,58,156.974,49.1591,222.34,52.86
1800,58,163.349,49.274,222.34,52.86
1900,58,169.705,49.3743,222.34,52.86
2000,58,176.112,48.6067,222.34,52.86
2100,58,182.414,49.1424,222.34,52.86
2200,58,188.109,48.0197,222.34,52.86
2300,58,194.823,48.0982,222.34,52.86
2400,58,201.226,47.5022,222.34,52.86
2500,58,208.059,47.6327,222.34,52.86
2600,58,213.841,47.5462,222.34,52.86
2700,58,219.712,47.1253,222.34,52.86
2800,58,226.143,46.9936,222.34,52.86
2900,58,232.877,46.0012,222.34,52.86
3000,58,238.614,46.2145,222.34,52.86
3100,58,244.729,45.4823,222.34,52.86
3200,58,251.03,45.0641,222.34,52.86
3300,58,257.481,45.7239,222.34,52.86
3400,58,263.708,45.9919,222.34,52.86
3500,58,270.701,45.7422,222.34,52.86
3600,58,276.595,46.7425,222.34,52.86
3700,58,282.571,46.9419,222.34,52.86
3800,58,288.808,46.7743,222.34,52.86
3900,58,295.216,46.1054,222.34,52.86
4000,58,301.248,46.1956,222.34,52.86
4100,58,307.08,48.0659,222.34,52.86
4200,58,313.804,47.7983,222.34,52.86
4300,58,320.571,49.0118,222.34,52.86
4400,58,326.955,49.1813,222.34,52.86
4500,58,333.235,48.67,222.34,52.86
4600,58,340.06,48.8654,222.34,52.86
4700,58,346.233,48.9593,222.34,52.86
4800,58,352.891,48.5798,222.34,52.86
4900,58,359.037,49.336,222.34,52.86
5000,58,364.876,49.6598,222.34,52.86
5100,58,371.498,49.3147,222.34,52.86
5200,58,377.741,48.5082,222.34,52.86
5300,58,384.614,49.6052,222.34,52.86
5400,58,390.861,48.7088,222.34,52.86
5500,58,396.738,49.017,222.34,52.86
5600,58,403.19,48.6792,222.34,52.86
5700,58,409.06,47.9773,222.34,52.86
5800,58,415.253,47.3095,222.34,52.86
5900,58,421.681,47.5306,222.34,52.86
6000,58,428.369,47.698,222.34,52.86
6100,58,433.677,48.1577,222.34,52.86
6200,58,439.592,47.7254,222.34,52.86
6300,58,446.326,48.5138,222.34,52.86
6400,58,452.431,47.9707,222.34,52.86
6500,58,458.822,48.3064,222.34,52.86
6600,58,465.274,48.3199,222.34,52.86
6700,58,471.564,48.0102,222.34,52.86
6800,58,477.775,47.0238,222.34,52.86
6900,58,483.23,46.3587,222.34,52.86
7000,58,489.099,46.2115,222.34,52.86
7100,58,495.879,45.2711,222.34,52.86
7200,58,502.363,45.749,222.34,52.86
7300,58,508.523,45.7086,222.34,52.86
7400,58,514.814,46.214,222.34,52.86
7500,58,521.63,46.0207,222.34,52.86
7600,58,527.539,46.6854,222.34,52.86
7700,58,534.229,46.0077,222.34,52.86
7800,58,540.928,46.3734,222.34,52.86
7900,58,546.898,45.9123,222.34,52.86
8000,58,553.233,47.0067,222.34,52.86
8100,58,559.86,47.4137,222.34,52.86
8200,58,566.335,48.1302,222.34,52.86
8300,58,572.806,48.8696,222.34,52.86
8400,58,578.949,48.1555,222.34,52.86
8500,58,584.798,48.0447,222.34,52.86
8600,58,590.549,47.5921,222.34,52.86
8700,58,597.669,47.5644,222.34,52.86
8800,58,604.012,48.0343,222.34,52.86
8900,58,610.466,46.595,222.34,52.86
9000,58,617.257,47.084,222.34,52.86
9100,58,623.774,45.8437,222.34,52.86
9200,58,629.666,45.9613,222.34,52.86
9300,58,635.74,46.2039,222.34,52.86
9400,58,641.926,45.3992,222.34,52.86
9500,58,648.412,44.8929,222.34,52.86
9600,58,654.713,44.5985,222.34,52.86
9700,58,660.626,43.7588,222.34,52.86
9800,58,666.226,44.165,222.34,52.86
9900,58,672.085,43.3021,222.34,52.86
10000,58,678.976,43.8084,222.34,52.86
100,59,56.407,50.2845,222.34,52.86
200,59,62.9839,50.6624,222.34,52.86
300,59,69.4643,51.1032,222.34,52.86
400,59,76.2454,50.6249,222.34,52.86
500,59,82.4998,50.0961,222.34,52.86
600,59,89.2675,49.2826,222.34,52.86
700,59,95.4427,48.5472,222.34,52.86
800,59,101.443,49.0083,222.34,52.86
900,59,108.142,49.5151,222.34,52.86
1000,59,114.656,48.5485,222.34,52.86
1100,59,121.471,48.3787,222.34,52.86
1200,59,127.603,47.7185,222.34,52.86
1300,59,133.965,48.9632,222.34,52.86
1400,59,140.201,48.975,222.34,52.86
1500,59,145.914,47.8601,222.34,52.86
1600,59,152.771,47.237,222.34,52.86
1700,59,159.27,46.9662,222.34,52.86
1800,59,165.413,46.0744,222.34,52.86
1900,59,171.776,46.4317,222.34,52.86
2000,59,177.949,47.6901,222.34,52.86
2100,59,184.191,47.7026,222.34,52.86
2200,59,190.463,49.5724,222.34,52.86
2300,59,196.635,49.0059,222.34,52.86
2400,59,203.077,47.2269,222.34,52.86
2500,59,210.142,47.514,222.34,52.86
2600,59,216.328,46.683,222.34,52.86
2700,59,222.751,46.6146,222.34,52.86
2800,59,229.225,45.305,222.34,52.86
2900,59,235.378,45.4849,222.34,52.86
3000,59,241.95,46.2172,222.34,52.86
3100,59,248.438,45.4842,222.34,52.86
3200,59,254.485,45.2496,222.34,52.86
3300,59,260.607,44.9469,222.34,52.86
3400,59,266.876,44.7266,222.34,52.86
3500,59,273.276,43.8516,222.34,52.86
3600,59,279.191,42.9926,222.34,52.86
3700,59,285.452,43.682,222.34,52.86
3800,59,292.39,42.8859,222.34,52.86
3900,59,298.464,43.2936,222.34,52.86
4000,59,305.809,42.54,222.34,52.86
4100,59,312.318,43.0854,222.34,52.86
4200,59,318.819,43.5663,222.34,52.86
4300,59,325.439,43.8342,222.34,52.86
4400,59,332.561,45.0859,222.34,52.86
4500,59,339.408,45.352,222.34,52.86
4600,59,345.581,44.0097,222.34,52.86
4700,59,351.913,42.4543,222.34,52.86
4800,59,358.28,41.9795,222.34,52.86
4900,59,364.251,42.6877,222.34,52.86
5000,59,370.739,42.7876,222.34,52.86
5100,59,377.162,43.4596,222.34,52.86
5200,59,383.269,42.7622,222.34,52.86
5300,59,389.906,43.5039,222.34,52.86
5400,59,396.526,43.7003,222.34,52.86
5500,59,403.127,43.5293,222.34,52.86
5600,59,409.763,43.0746,222.34,52.86
5700,59,416.125,42.8159,222.34,52.86
5800,59,421.826,41.8204,222.34,52.86
5900,59,427.814,42.5096,222.34,52.86
6000,59,433.71,41.6613,222.34,52.86
6100,59,439.988,42.6272,222.34,52.86
6200,59,445.755,42.8042,222.34,52.86
6300,59,451.827,42.3329,222.34,52.86
6400,59,458.238,42.3007,222.34,52.86
6500,59,464.379,43.2569,222.34,52.86
6600,59,470.879,42.9269,222.34,52.86
6700,59,477.55,42.145,222.34,52.86
6800,59,484.009,42.4196,222.34,52.86
6900,59,490.735,42.639,222.34,52.86
7000,59,496.994,42.2564,222.34,52.86
7100,59,503.177,42.3072,222.34,52.86
7200,59,509.943,43.1267,222.34,52.86
7300,59,516.224,43.1891,222.34,52.86
7400,59,522.751,41.5878,222.34,52.86
7500,59,528.852,40.6538,222.34,52.86
7600,59,535.421,39.6439,222.34,52.86
7700,59,541.854,40.5845,222.34,52.86
7800,59,548.504,40.5826,222.34,52.86
7900,59,554.552,40.6004,222.34,52.86
8000,59,560.971,41.1037,222.34,52.86
8100,59,567.344,42.0612,222.34,52.86
8200,59,573.922,40.8919,222.34,52.86
8300,59,580.613,40.3304,222.34,52.86
8400,59,587.175,40.5427,222.34,52.86
8500,59,593.11,40.7169,222.34,52.86
8600,59,599.236,39.8376,222.34,52.86
8700,59,606.345,39.4154,222.34,52.86
8800,59,612.602,39.6715,222.34,52.86
8900,59,618.961,40.3026,222.34,52.86
9000,59,625.451,39.0462,222.34,52.86
9100,59,631.571,38.6632,222.34,52.86
9200,59,637.881,38.5898,222.34,52.86
9300,59,644.753,38.9795,222.34,52.86
9400,59,650.613,37.9504,222.34,52.86
9500,59,657.001,38.8136,222.34,52.86
9600,59,662.694,38.6494,222.34,52.86
9700,59,669.556,38.6495,222.34,52.86
9800,59,675.45,39.0049,222.34,52.86
9900,59,681.674,39.1512,222.34,52.86
10000,59,688.528,39.1184,222.34,52.86
100,60,56.2141,50.1816,222.34,52.86
200,60,62.7337,52.0107,222.34,52.86
300,60,68.3757,51.7474,222.34,52.86
400,60,74.7681,52.0524,222.34,52.86
500,60,81.4044,51.564,222.34,52.86
600,60,87.6551,52.235,222.34,52.86
700,60,93.7236,51.2274,222.34,52.86
800,60,100.183,50.359,222.34,52.86
900,60,106.786,50.6907,222.34,52.86
1000,60,112.786,50.9785,222.34,52.86
1100,60,118.703,49.8175,222.34,52.86
1200,60,124.37,48.5609,222.34,52.86
1300,60,130.556,48.8518,222.34,52.86
1400,60,136.827,49.1151,222.34,52.86
1500,60,143.25,50.5522,222.34,52.86
1600,60,149.479,49.9163,222.34,52.86
1700,60,155.837,50.1031,222.34,52.86
1800,60,162.513,48.6972,222.34,52.86
1900,60,169.056,48.6784,222.34,52.86
2000,60,175.249,48.7462,222.34,52.86
2100,60,181.011,48.5535,222.34,52.86
2200,60,188.36,48.5955,222.34,52.86
2300,60,194.836,47.7097,222.34,52.86
2400,60,200.89,46.5273,222.34,52.86
2500,60,207.306,46.859,222.34,52.86
2600,60,214.272,47.7873,222.34,52.86
2700,60,220.357,48.3663,222.34,52.86
2800,60,226.633,49.1296,222.34,52.86
2900,60,233.404,50.1505,222.34,52.86
3000,60,239.598,50.3437,222.34,52.86
3100,60,245.242,49.9981,222.34,52.86
3200,60,251.465,48.4931,222.34,52.86
3300,60,257.593,48.5675,222.34,52.86
3400,60,264.144,48.2601,222.34,52.86
3500,60,270.836,48.6922,222.34,52.86
3600,60,277.124,49.2681,222.34,52.86
3700,60,283.465,49.8188,222.34,52.86
3800,60,289.832,49.3874,222.34,52.86
3900,60,295.915,49.5382,222.34,52.86
4000,60,302.386,50.4845,222.34,52.86
4100,60,308.588,50.6393,222.34,52.86
4200,60,314.853,51.0655,222.34,52.86
4300,60,321.107,52.8955,222.34,52.86
4400,60,326.985,52.2257,222.34,52.86
4500,60,333.006,52.0902,222.34,52.86
4600,60,338.813,52.6973,222.34,52.86
4700,60,345.166,53.5689,222.34,52.86
4800,60,351.679,54.5733,222.34,52.86
4900,60,358.401,54.8836,222.34,52.86
5000,60,364.782,54.5876,222.34,52.86
5100,60,371.012,54.8894,222.34,52.86
5200,60,377.395,55.1695,222.34,52.86
5300,60,383.621,54.8026,222.34,52.86
5400,60,389.607,54.6786,222.34,52.86
5500,60,396.394,55.2381,222.34,52.86
5600,60,402.691,54.6531,222.34,52.86
5700,60,409.499,54.6339,222.34,52.86
5800,60,415.758,54.9097,222.34,52.86
5900,60,421.831,54.4852,222.34,52.86
6000,60,428.509,53.7508,222.34,52.86
6100,60,435.075,53.7587,222.34,52.86
6200,60,441.254,53.7515,222.34,52.86
6300,60,447.857,55.1617,222.34,52.86
6400,60,454.882,55.5374,222.34,52.86
6500,60,461.166,55.592,222.34,52.86
6600,60,467.643,56.2503,222.34,52.86
6700,60,474.003,56.3898,222.34,52.86
6800,60,480.872,56.0251,222.34,52.86
6900,60,486.977,55.9471,222.34,52.86
7000,60,493.621,55.2511,222.34,52.86
7100,60,500.149,55.8028,222.34,52.86
7200,60,506.421,56.3677,222.34,52.86
7300,60,512.518,55.6886,222.34,52.86
7400,60,518.845,56.3263,222.34,52.86
7500,60,525.731,56.2746,222.34,52.86
7600,60,531.592,55.7679,222.34,52.86
7700,60,538.252,56.9375,222.34,52.86
7800,60,544.331,57.3519,222.34,52.86
7900,60,550.695,57.5821,222.34,52.86
8000,60,557.649,57.809,222.34,52.86
8100,60,564.541,57.1512,222.34,52.86
8200,60,570.798,58.1624,222.34,52.86
8300,60,577.021,60.5362,222.34,52.86
8400,60,583.372,60.6635,222.34,52.86
8500,60,589.874,60.7661,222.34,52.86
8600,60,595.876,61.0376,222.34,52.86
8700,60,602.614,60.2614,222.34,52.86
8800,60,609.235,61.1843,222.34,52.86
8900,60,615.819,61.6221,222.34,52.86
9000,60,621.932,61.394,222.34,52.86
9100,60,628.373,61.869,222.34,52.86
9200,60,634.725,60.1395,222.34,52.86
9300,60,641.426,60.1382,222.34,52.86
9400,60,647.502,59.6967,222.34,52.86
9500,60,653.823,59.6401,222.34,52.86
9600,60,660.208,60.51,222.34,52.86
9700,60,666.303,59.504,222.34,52.86
9800,60,672.644,60.6254,222.34,52.86
9900,60,678.513,60.9602,222.34,52.86
10000,60,685.329,59.3811,222.34,52.86
100,61,56.4597,51.0721,222.34,52.86
200,61,63.1849,50.7629,222.34,52.86
300,61,70.0409,49.953,222.34,52.86
400,61,76.4696,50.1172,222.34,52.86
500,61,82.5658,50.3475,222.34,52.86
600,61,88.7938,49.6435,222.34,52.86
700,61,95.3178,49.2623,222.34,52.86
800,61,101.81,49.8348,222.34,52.86
900,61,108.583,50.7508,222.34,52.86
1000,61,114.138,51.5657,222.34,52.86
1100,61,121.061,51.2629,222.34,52.86
1200,61,127.473,51.1701,222.34,52.86
1300,61,134.51,50.2964,222.34,52.86
1400,61,140.735,49.681,222.34,52.86
1500,61,146.487,50.1537,222.34,52.86
1600,61,153.211,50.0649,222.34,52.86
1700,61,159.457,50.5207,222.34,52.86
1800,61,165.565,51.2613,222.34,52.86
1900,61,172.137,50.7006,222.34,52.86
2000,61,178.812,50.2341,222.34,52.86
2100,61,184.753,50.6853,222.34,52.86
2200,61,191.291,51.0526,222.34,52.86
2300,61,197.623,50.5507,222.34,52.86
2400,61,204.329,50.4159,222.34,52.86
2500,61,210.226,50.0856,222.34,52.86
2600,61,216.956,48.6522,222.34,52.86
2700,61,223.641,49.484,222.34,52.86
2800,61,230.324,50.2077,222.34,52.86
2900,61,237.094,50.9365,222.34,52.86
3000,61,243.012,50.2242,222.34,52.86
3100,61,249.543,49.7334,222.34,52.86
3200,61,256.142,49.0192,222.34,52.86
3300,61,261.869,48.9184,222.34,52.86
3400,61,268.274,49.1325,222.34,52.86
3500,61,274.625,47.418,222.34,52.86
3600,61,280.719,47.6007,222.34,52.86
3700,61,287.243,47.1828,222.34,52.86
3800,61,292.736,47.381,222.34,52.86
3900,61,298.732,47.3377,222.34,52.86
4000,61,305.629,46.8877,222.34,52.86
4100,61,311.986,46.2691,222.34,52.86
4200,61,318.267,46.4414,222.34,52.86
4300,61,324.757,46.7368,222.34,52.86
4400,61,330.684,45.0576,222.34,52.86
4500,61,336.926,43.8302,222.34,52.86
4600,61,343.09,42.8616,222.34,52.86
4700,61,349.934,42.6701,222.34,52.86
4800,61,355.946,44.0277,222.34,52.86
4900,61,362.195,44.0623,222.34,52.86
5000,61,368.129,43.5792,222.34,52.86
5100,61,374.348,43.0118,222.34,52.86
5200,61,381.017,42.9169,222.34,52.86
5300,61,387.42,41.8466,222.34,52.86
5400,61,393.215,41.3198,222.34,52.86
5500,61,399.653,40.9119,222.34,52.86
5600,61,406.384,41.8377,222.34,52.86
5700,61,412.277,42.324,222.34,52.86
5800,61,418.477,42.3214,222.34,52.86
5900,61,424.689,41.0952,222.34,52.86
6000,61,431.634,40.9698,222.34,52.86
6100,61,437.983,41.2958,222.34,52.86
6200,61,443.676,41.8874,222.34,52.86
6300,61,450.546,42.2305,222.34,52.86
6400,61,456.831,42.2466,222.34,52.86
6500,61,463.071,43.0511,222.34,52.86
6600,61,469.632,42.6247,222.34,52.86
6700,61,476.02,43.8808,222.34,52.86
6800,61,482.592,44.3915,222.34,52.86
6900,61,489.34,44.0181,222.34,52.86
7000,61,495.524,42.7659,222.34,52.86
7100,61,501.942,44.425,222.34,52.86
7200,61,507.938,44.2735,222.34,52.86
7300,61,514.907,44.9308,222.34,52.86
7400,61,521.759,45.157,222.34,52.86
7500,61,527.838,45.2672,222.34,52.86
7600,61,534.021,45.6822,222.34,52.86
7700,61,540.587,44.5098,222.34,52.86
7800,61,547.455,44.7017,222.34,52.86
7900,61,554.103,45.4361,222.34,52.86
8000,61,560.331,45.7431,222.34,52.86
8100,61,566.26,46.0769,222.34,52.86
8200,61,572.439,46.8799,222.34,52.86
8300,61,578.885,46.6507,222.34,52.86
8400,61,585.531,45.6802,222.34,52.86
8500,61,592.385,46.0783,222.34,52.86
8600,61,598.866,46.0334,222.34,52.86
8700,61,605.629,45.9343,222.34,52.86
8800,61,611.654,45.994,222.34,52.86
8900,61,617.928,44.7644,222.34,52.86
9000,61,624.54,43.9002,222.34,52.86
9100,61,630.814,44.3118,222.34,52.86
9200,61,636.618,45.2627,222.34,52.86
9300,61,642.981,45.5721,222.34,52.86
9400,61,649.745,45.7255,222.34,52.86
9500,61,655.779,46.8419,222.34,52.86
9600,61,662.151,47.0996,222.34,52.86
9700,61,668.388,46.23,222.34,52.86
9800,61,674.625,46.9406,222.34,52.86
9900,61,680.883,47.213,222.34,52.86
10000,61,687.645,48.3121,222.34,52.86
100,62,56.3937,50.503,222.34,52.86
200,62,63.4113,52.3905,222.34,52.86
300,62,69.6954,52.9917,222.34,52.86
400,62,76.1857,52.3702,222.34,52.86
500,62,82.124,53.2195,222.34,52.86
600,62,89.0634,54.519,222.34,52.86
700,62,95.6617,54.515,222.34,52.86
800,62,101.972,52.9658,222.34,52.86
900,62,108.782,53.4389,222.34,52.86
1000,62,115.662,52.3078,222.34,52.86
1100,62,121.65,53.0021,222.34,52.86
1200,62,127.838,52.2602,222.34,52.86
1300,62,134.404,52.9591,222.34,52.86
1400,62,140.405,53.7184,222.34,52.86
1500,62,146.183,53.9739,222.34,52.86
1600,62,152.205,52.9473,222.34,52.86
1700,62,157.944,52.2834,222.34,52.86
1800,62,164.452,52.4207,222.34,52.86
1900,62,170.915,53.8891,222.34,52.86
2000,62,177.511,53.5279,222.34,52.86
2100,62,184.104,54.6851,222.34,52.86
2200,62,190.519,55.1364,222.34,52.86
2300,62,196.915,54.6266,222.34,52.86
2400,62,203.931,54.7747,222.34,52.86
2500,62,210.373,56.0121,222.34,52.86
2600,62,216.589,55.7946,222.34,52.86
2700,62,222.87,55.5359,222.34,52.86
2800,62,228.884,54.7165,222.34,52.86
2900,62,234.536,53.9854,222.34,52.86
3000,62,240.848,55.0916,222.34,52.86
3100,62,247.49,56.1956,222.34,52.86
3200,62,253.928,57.4925,222.34,52.86
3300,62,260.25,58.0387,222.34,52.86
3400,62,266.481,58.1982,222.34,52.86
3500,62,272.638,59.2466,222.34,52.86
3600,62,279.183,58.304,222.34,52.86
3700,62,285.717,58.1075,222.34,52.86
3800,62,291.795,58.7771,222.34,52.86
3900,62,298.176,58.413,222.34,52.86
4000,62,304.324,57.5945,222.34,52.86
4100,62,311.264,58.1957,222.34,52.86
4200,62,317.392,58.2145,222.34,52.86
4300,62,323.697,56.8631,222.34,52.86
4400,62,330,57.2222,222.34,52.86
4500,62,336.295,57.7907,222.34,52.86
4600,62,342.769,58.4967,222.34,52.86
4700,62,349.098,59.0255,222.34,52.86
4800,62,355.925,58.2851,222.34,52.86
4900,62,362.081,57.054,222.34,52.86
5000,62,368.844,57.8834,222.34,52.86
5100,62,374.906,58.6256,222.34,52.86
5200,62,380.954,57.6735,222.34,52.86
5300,62,386.998,58.6359,222.34,52.86
5400,62,393.135,58.9665,222.34,52.86
5500,62,399.14,58.4418,222.34,52.86
5600,62,405.27,59.2337,222.34,52.86
5700,62,411.544,59.65,222.34,52.86
5800,62,417.945,60.1604,222.34,52.86
5900,62,423.831,59.8478,222.34,52.86
6000,62,430.365,59.9871,222.34,52.86
6100,62,436.847,60.2808,222.34,52.86
6200,62,443.798,61.0297,222.34,52.86
6300,62,449.995,61.3892,222.34,52.86
6400,62,456.946,61.6288,222.34,52.86
6500,62,463.083,60.3562,222.34,52.86
6600,62,469.917,61.3234,222.34,52.86
6700,62,476.514,60.8993,222.34,52.86
6800,62,482.731,61.0881,222.34,52.86
6900,62,489.25,62.0833,222.34,52.86
7000,62,495.557,62.0882,222.34,52.86
7100,62,501.747,62.7076,222.34,52.86
7200,62,508.005,62.5125,222.34,52.86
7300,62,514.319,64.5107,222.34,52.86
7400,62,520.075,64.1166,222.34,52.86
7500,62,526.255,64.2445,222.34,52.86
7600,62,532.189,65.6888,222.34,52.86
7700,62,538.595,65.7056,222.34,52.86
7800,62,544.489,66.9117,222.34,52.86
7900,62,551.326,65.2524,222.34,52.86
8000,62,557.146,64.2902,222.34,52.86
8100,62,563.599,64.6554,222.34,52.86
8200,62,569.847,63.5968,222.34,52.86
8300,62,576.132,63.2416,222.34,52.86
8400,62,582.728,63.4364,222.34,52.86
8500,62,589.129,63.0755,222.34,52.86
8600,62,595.762,62.2336,222.34,52.86
8700,62,601.707,61.9719,222.34,52.86
8800,62,607.453,62.9623,222.34,52.86
8900,62,613.825,62.402,222.34,52.86
9000,62,619.817,62.01,222.34,52.86
9100,62,626.47,61.9677,222.34,52.86
9200,62,632.875,61.5273,222.34,52.86
9300,62,639.806,60.6512,222.34,52.86
9400,62,646.101,60.4492,222.34,52.86
9500,62,652.565,60.2683,222.34,52.86
9600,62,659.169,60.4298,222.34,52.86
9700,62,664.861,60.387,222.34,52.86
9800,62,671.313,59.5517,222.34,52.86
9900,62,677.617,58.8431,222.34,52.86
10000,62,683.906,58.1403,222.34,52.86
100,63,56.3224,49.8545,222.34,52.86
200,63,62.3499,49.2341,222.34,52.86
300,63,68.4704,49.596,222.34,52.86
400,63,74.251,49.8336,222.34,52.86
500,63,80.7172,49.8736,222.34,52.86
600,63,86.9953,51.5042,222.34,52.86
700,63,93.2909,51.824,222.34,52.86
800,63,99.0747,51.4162,222.34,52.86
900,63,106.003,50.7223,222.34,52.86
1000,63,112.889,50.5356,222.34,52.86
1100,63,118.683,50.2291,222.34,52.86
1200,63,124.642,51.0681,222.34,52.86
1300,63,131.792,51.5426,222.34,52.86
1400,63,138.456,51.7854,222.34,52.86
1500,63,144.771,51.3559,222.34,52.86
1600,63,150.912,51.368,222.34,52.86
1700,63,157.475,51.647,222.34,52.86
1800,63,163.551,52.2859,222.34,52.86
1900,63,170.141,51.8776,222.34,52.86
2000,63,176.264,52.951,222.34,52.86
2100,63,183.067,53.6691,222.34,52.86
2200,63,189.518,54.691,222.34,52.86
2300,63,196.246,54.0291,222.34,52.86
2400,63,202.543,54.4083,222.34,52.86
2500,63,209.365,54.7046,222.34,52.86
2600,63,215.825,55.7279,222.34,52.86
2700,63,222.24,56.2223,222.34,52.86
2800,63,228.75,56.0457,222.34,52.86
2900,63,234.766,57.309,222.34,52.86
3000,63,240.954,57.6837,222.34,52.86
3100,63,247.39,58.8682,222.34,52.86
3200,63,253.967,58.4381,222.34,52.86
3300,63,260.336,58.6067,222.34,52.86
3400,63,266.38,57.8046,222.34,52.86
3500,63,272.669,59.2497,222.34,52.86
3600,63,279.135,58.9046,222.34,52.86
3700,63,285.545,58.7023,222.34,52.86
3800,63,291.997,58.7586,222.34,52.86
3900,63,298.521,59.578,222.34,52.86
4000,63,305.372,57.5789,222.34,52.86
4100,63,311.293,56.6564,222.34,52.86
4200,63,317.95,56.6382,222.34,52.86
4300,63,324.344,55.1363,222.34,52.86
4400,63,330.366,54.8627,222.34,52.86
4500,63,336.863,55.1271,222.34,52.86
4600,63,342.628,54.6642,222.34,52.86
4700,63,348.692,54.8401,222.34,52.86
4800,63,355.09,55.3217,222.34,52.86
4900,63,361.161,55.1527,222.34,52.86
5000,63,366.99,54.7445,222.34,52.86
5100,63,373.192,55.2308,222.34,52.86
5200,63,379.812,55.4649,222.34,52.86
5300,63,386.305,54.9867,222.34,52.86
5400,63,392.733,55.3479,222.34,52.86
5500,63,399.397,56.9327,222.34,52.86
5600,63,405.777,57.0938,222.34,52.86
5700,63,411.899,57.0242,222.34,52.86
5800,63,418.08,58.409,222.34,52.86
5900,63,424.952,58.7719,222.34,52.86
6000,63,431.124,59.6864,222.34,52.86
6100,63,438.096,60.4269,222.34,52.86
6200,63,444.571,59.9238,222.34,52.86
6300,63,450.797,59.0159,222.34,52.86
6400,63,457.239,59.8699,222.34,52.86
6500,63,464.011,59.3134,222.34,52.86
6600,63,470.304,58.4549,222.34,52.86
6700,63,476.405,59.0293,222.34,52.86
6800,63,482.555,59.809,222.34,52.86
6900,63,489.065,59.5082,222.34,52.86
7000,63,496.159,58.8174,222.34,52.86
7100,63,502.312,58.4095,222.34,52.86
7200,63,508.189,60.284,222.34,52.86
7300,63,514.891,60.8085,222.34,52.86
7400,63,521.219,60.6126,222.34,52.86
7500,63,527.297,62.3157,222.34,52.86
7600,63,533.739,62.397,222.34,52.86
7700,63,539.938,62.1555,222.34,52.86
7800,63,546.01,61.635,222.34,52.86
7900,63,552.907,60.3443,222.34,52.86
8000,63,558.974,60.8093,222.34,52.86
8100,63,565.509,59.8403,222.34,52.86
8200,63,571.571,59.9538,222.34,52.86
8300,63,577.755,60.4288,222.34,52.86
8400,63,584.18,60.7862,222.34,52.86
8500,63,590.355,61.359,222.34,52.86
8600,63,596.675,61.0667,222.34,52.86
8700,63,602.992,60.3785,222.34,52.86
8800,63,609.667,60.8323,222.34,52.86
8900,63,615.795,60.07,222.34,52.86
9000,63,621.946,61.1917,222.34,52.86
9100,63,628.135,61.3171,222.34,52.86
9200,63,634.588,62.5292,222.34,52.86
9300,63,640.877,62.1576,222.34,52.86
9400,63,647.343,60.984,222.34,52.86
9500,63,653.512,61.1841,222.34,52.86
9600,63,659.91,61.8965,222.34,52.86
9700,63,666.202,62.2814,222.34,52.86
9800,63,672.451,62.1296,222.34,52.86
9900,63,679.484,62.4994,222.34,52.86
10000,63,685.668,61.6898,222.34,52.86
100,64,55.9415,49.5969,222.34,52.86
200,64,62.6164,49.3848,222.34,52.86
300,64,69.1422,48.815,222.34,52.86
400,64,75.3427,49.5433,222.34,52.86
500,64,82.0842,49.5166,222.34,52.86
600,64,87.7878,51.0555,222.34,52.86
700,64,93.8264,49.8214,222.34,52.86
800,64,100.142,49.0391,222.34,52.86
900,64,106.346,49.6534,222.34,52.86
1000,64,113.098,49.6685,222.34,52.86
1100,64,119.861,49.3246,222.34,52.86
1200,64,126.053,50.6131,222.34,52.86
1300,64,132.746,51.5913,222.34,52.86
1400,64,138.992,51.2585,222.34,52.86
1500,64,145.464,50.644,222.34,52.86
1600,64,151.739,50.5584,222.34,52.86
1700,64,157.795,50.555,222.34,52.86
1800,64,164.433,50.8542,222.34,52.86
1900,64,170.525,50.6434,222.34,52.86
2000,64,176.893,50.0927,222.34,52.86
2100,64,183.345,49.3757,222.34,52.86
2200,64,189.823,48.4308,222.34,52.86
2300,64,196.113,48.458,222.34,52.86
2400,64,202.632,47.0112,222.34,52.86
2500,64,208.556,47.7426,222.34,52.86
2600,64,214.817,48.6371,222.34,52.86
2700,64,220.944,48.6218,222.34,52.86
2800,64,226.905,48.9613,222.34,52.86
2900,64,233.582,49.0401,222.34,52.86
3000,64,239.15,48.2033,222.34,52.86
3100,64,245.605,48.1772,222.34,52.86
3200,64,252.381,48.5635,222.34,52.86
3300,64,258.828,48.5604,222.34,52.86
3400,64,264.867,48.5017,222.34,52.86
3500,64,270.645,48.6231,222.34,52.86
3600,64,276.736,49.7552,222.34,52.86
3700,64,283.181,49.6228,222.34,52.86
3800,64,289.322,48.7802,222.34,52.86
3900,64,295.705,47.6068,222.34,52.86
4000,64,302.616,46.8183,222.34,52.86
4100,64,309.38,46.6331,222.34,52.86
4200,64,316.079,46.6758,222.34,52.86
4300,64,323.1,47.1282,222.34,52.86
4400,64,329.28,46.8836,222.34,52.86
4500,64,335.647,46.7741,222.34,52.86
4600,64,342.611,46.4174,222.34,52.86
4700,64,348.917,47.2203,222.34,52.86
4800,64,355.306,46.9106,222.34,52.86
4900,64,361.318,46.4043,222.34,52.86
5000,64,366.823,46.9554,222.34,52.86
5100,64,372.962,46.9728,222.34,52.86
5200,64,379.571,46.9718,222.34,52.86
5300,64,385.664,45.9647,222.34,52.86
5400,64,392.106,46.0408,222.34,52.86
5500,64,398.446,45.4466,222.34,52.86
5600,64,404.963,44.9663,222.34,52.86
5700,64,411.558,45.0522,222.34,52.86
5800,64,417.176,46.5682,222.34,52.86
5900,64,423.579,46.4696,222.34,52.86
6000,64,430.107,46.1124,222.34,52.86
6100,64,436.695,46.9173,222.34,52.86
6200,64,443.218,47.2034,222.34,52.86
6300,64,449.593,47.2591,222.34,52.86
6400,64,456.294,46.5108,222.34,52.86
6500,64,462.263,46.3295,222.34,52.86
6600,64,468.588,47.2732,222.34,52.86
6700,64,474.672,46.8052,222.34,52.86
6800,64,481.312,47.273,222.34,52.86
6900,64,487.554,47.8376,222.34,52.86
7000,64,494.336,47.3868,222.34,52.86
7100,64,500.991,47.9343,222.34,52.86
7200,64,507.535,47.6366,222.34,52.86
7300,64,513.69,46.5498,222.34,52.86
7400,64,520.119,46.8998,222.34,52.86
7500,64,526.626,45.7864,222.34,52.86
7600,64,532.679,45.708,222.34,52.86
7700,64,538.459,45.9097,222.34,52.86
7800,64,545.051,45.9594,222.34,52.86
7900,64,550.976,45.7423,222.34,52.86
8000,64,556.62,45.881,222.34,52.86
8100,64,563.647,46.0618,222.34,52.86
8200,64,569.848,47.9941,222.34,52.86
8300,64,576.315,48.0754,222.34,52.86
8400,64,582.874,48.2143,222.34,52.86
8500,64,589.429,49.075,222.34,52.86
8600,64,595.153,48.0536,222.34,52.86
8700,64,601.998,48.5896,222.34,52.86
8800,64,608.608,47.891,222.34,52.86
8900,64,615.272,48.4519,222.34,52.86
9000,64,621.401,48.2235,222.34,52.86
9100,64,627.833,47.5589,222.34,52.86
9200,64,634.026,48.3098,222.34,52.86
9300,64,640.527,48.834,222.34,52.86
9400,64,646.796,49.1145,222.34,52.86
9500,64,653.065,48.5202,222.34,52.86
9600,64,659.68,48.4713,222.34,52.86
9700,64,665.442,49.7533,222.34,52.86
9800,64,671.62,50.8947,222.34,52.86
9900,64,678.357,50.6707,222.34,52.86
10000,64,684.79,51.5263,222.34,52.86
100,65,56.3077,49.8537,222.34,52.86
200,65,62.8402,48.6237,222.34,52.86
300,65,69.1876,48.8727,222.34,52.86
400,65,75.5259,49.4448,222.34,52.86
500,65,82.3828,48.9961,222.34,52.86
600,65,88.8885,50.4149,222.34,52.86
700,65,95.4164,50.5877,222.34,52.86
800,65,101.653,48.8182,222.34,52.86
900,65,108.123,49.1285,222.34,52.86
1000,65,114.118,50.0017,222.34,52.86
1100,65,120.282,50.058,222.34,52.86
1200,65,126.682,50.9074,222.34,52.86
1300,65,133.294,52.0674,222.34,52.86
1400,65,140.144,51.4187,222.34,52.86
1500,65,146.629,52.0617,222.34,52.86
1600,65,153.011,51.1744,222.34,52.86
1700,65,159.089,51.6101,222.34,52.86
1800,65,165.828,52.5895,222.34,52.86
1900,65,171.713,53.043,222.34,52.86
2000,65,177.833,53.5996,222.34,52.86
2100,65,183.81,52.3596,222.34,52.86
2200,65,190.731,52.0614,222.34,52.86
2300,65,197.469,52.2305,222.34,52.86
2400,65,203.971,52.9232,222.34,52.86
2500,65,210.797,51.6711,222.34,52.86
2600,65,217.081,52.9039,222.34,52.86
2700,65,223.904,53.221,222.34,52.86
2800,65,229.81,53.0333,222.34,52.86
2900,65,236.376,52.7623,222.34,52.86
3000,65,242.566,51.5081,222.34,52.86
3100,65,248.981,50.1476,222.34,52.86
3200,65,255.418,49.3206,222.34,52.86
3300,65,261.293,49.3876,222.34,52.86
3400,65,267.873,48.4763,222.34,52.86
3500,65,274.195,48.8303,222.34,52.86
3600,65,280.998,48.2084,222.34,52.86
3700,65,287.438,49.2822,222.34,52.86
3800,65,294.029,49.0654,222.34,52.86
3900,65,300.713,48.7845,222.34,52.86
4000,65,307.361,48.8769,222.34,52.86
4100,65,313.549,50.6123,222.34,52.86
4200,65,320.136,52.0339,222.34,52.86
4300,65,326.735,51.9201,222.34,52.86
4400,65,332.909,52.0079,222.34,52.86
4500,65,340.066,52.5495,222.34,52.86
4600,65,346.968,52.341,222.34,52.86
4700,65,353.156,52.5678,222.34,52.86
4800,65,359.022,53.2661,222.34,52.86
4900,65,365.487,53.3215,222.34,52.86
5000,65,371.4,53.9139,222.34,52.86
5100,65,377.489,54.4671,222.34,52.86
5200,65,383.88,55.5394,222.34,52.86
5300,65,390.096,55.5407,222.34,52.86
5400,65,396.531,56.5691,222.34,52.86
5500,65,402.764,55.3635,222.34,52.86
5600,65,409.555,54.9571,222.34,52.86
5700,65,415.77,54.9795,222.34,52.86
5800,65,422.21,54.6928,222.34,52.86
5900,65,428.73,54.2562,222.34,52.86
6000,65,434.627,54.3026,222.34,52.86
6100,65,440.941,54.1483,222.34,52.86
6200,65,447.376,53.7151,222.34,52.86
6300,65,453.629,53.9349,222.34,52.86
6400,65,460.156,53.2469,222.34,52.86
6500,65,466.332,52.8886,222.34,52.86
6600,65,473.082,51.4522,222.34,52.86
6700,65,479.986,51.5218,222.34,52.86
6800,65,487.176,51.0968,222.34,52.86
6900,65,493.894,51.4495,222.34,52.86
7000,65,500.295,51.2535,222.34,52.86
7100,65,506.642,51.3605,222.34,52.86
7200,65,513.33,51.5717,222.34,52.86
7300,65,519.837,51.878,222.34,52.86
7400,65,526.169,52.1685,222.34,52.86
7500,65,532.3,52.9802,222.34,52.86
7600,65,538.988,52.3184,222.34,52.86
7700,65,545.555,51.8404,222.34,52.86
7800,65,551.649,52.5997,222.34,52.86
7900,65,558.195,53.2472,222.34,52.86
8000,65,564.506,53.5232,222.34,52.86
8100,65,571.56,54.4058,222.34,52.86
8200,65,577.575,54.8153,222.34,52.86
8300,65,583.84,54.6941,222.34,52.86
8400,65,590.193,55.4949,222.34,52.86
8500,65,596.686,55.3354,222.34,52.86
8600,65,603.029,55.2432,222.34,52.86
8700,65,609.17,55.7828,222.34,52.86
8800,65,615.784,55.672,222.34,52.86
8900,65,621.517,55.3744,222.34,52.86
9000,65,627.898,55.0339,222.34,52.86
9100,65,634.632,55.0625,222.34,52.86
9200,65,641.652,54.6376,222.34,52.86
9300,65,648.045,54.2774,222.34,52.86
9400,65,654.588,54.0087,222.34,52.86
9500,65,661.311,52.2467,222.34,52.86
9600,65,667.817,52.0789,222.34,52.86
9700,65,673.879,52.6602,222.34,52.86
9800,65,680.39,51.6334,222.34,52.86
9900,65,685.981,50.9652,222.34,52.86
10000,65,692.259,49.4016,222.34,52.86
100,66,56.2401,49.371,222.34,52.86
200,66,62.7298,49.0805,222.34,52.86
300,66,68.9859,48.3253,222.34,52.86
400,66,75.3402,48.0884,222.34,52.86
500,66,81.4982,48.7093,222.34,52.86
600,66,88.048,49.1006,222.34,52.86
700,66,94.0957,49.7589,222.34,52.86
800,66,100.163,48.666,222.34,52.86
900,66,106.427,49.1366,222.34,52.86
1000,66,113.19,50.1141,222.34,52.86
1100,66,119.775,49.9786,222.34,52.86
1200,66,125.875,50.7506,222.34,52.86
1300,66,132.16,49.109,222.34,52.86
1400,66,138.305,48.6072,222.34,52.86
1500,66,144.571,49.2009,222.34,52.86
1600,66,150.297,47.7726,222.34,52.86
1700,66,156.764,46.9405,222.34,52.86
1800,66,163.735,46.4505,222.34,52.86
1900,66,170.517,46.4193,222.34,52.86
2000,66,177.108,46.3863,222.34,52.86
2100,66,183.172,47.7747,222.34,52.86
2200,66,189.483,48.9714,222.34,52.86
2300,66,195.522,49.425,222.34,52.86
2400,66,201.645,49.7329,222.34,52.86
2500,66,208.325,50.578,222.34,52.86
2600,66,214.866,50.246,222.34,52.86
2700,66,220.983,50.6184,222.34,52.86
2800,66,227.479,50.6538,222.34,52.86
2900,66,234.019,51.612,222.34,52.86
3000,66,240.442,51.0067,222.34,52.86
3100,66,246.825,51.5159,222.34,52.86
3200,66,253.543,51.8902,222.34,52.86
3300,66,259.613,50.288,222.34,52.86
3400,66,266.157,50.7416,222.34,52.86
3500,66,272.391,50.3288,222.34,52.86
3600,66,278.723,50.2791,222.34,52.86
3700,66,285.031,51.0649,222.34,52.86
3800,66,291.077,50.3734,222.34,52.86
3900,66,297.227,50.8347,222.34,52.86
4000,66,303.938,50.6968,222.34,52.86
4100,66,310.565,50.3631,222.34,52.86
4200,66,317.144,49.9509,222.34,52.86
4300,66,323.578,50.963,222.34,52.86
4400,66,329.605,51.4145,222.34,52.86
4500,66,336.409,51.4739,222.34,52.86
4600,66,342.643,51.9271,222.34,52.86
4700,66,349.215,52.4553,222.34,52.86
4800,66,355.65,51.5029,222.34,52.86
4900,66,362.099,51.2812,222.34,52.86
5000,66,368.261,51.2998,222.34,52.86
5100,66,375.022,51.0484,222.34,52.86
5200,66,381.595,51.594,222.34,52.86
5300,66,387.747,52.023,222.34,52.86
5400,66,393.715,51.1697,222.34,52.86
5500,66,400.802,51.6341,222.34,52.86
5600,66,407.003,51.766,222.34,52.86
5700,66,413.757,52.4943,222.34,52.86
5800,66,419.8,52.4323,222.34,52.86
5900,66,425.884,51.8875,222.34,52.86
6000,66,432.178,52.3636,222.34,52.86
6100,66,439.134,53.0978,222.34,52.86
6200,66,445.759,54.5301,222.34,52.86
6300,66,452.425,54.3437,222.34,52.86
6400,66,458.602,54.124,222.34,52.86
6500,66,464.938,53.0807,222.34,52.86
6600,66,470.774,52.467,222.34,52.86
6700,66,476.876,52.2364,222.34,52.86
6800,66,483.318,52.527,222.34,52.86
6900,66,489.519,53.9442,222.34,52.86
7000,66,496.046,53.3213,222.34,52.86
7100,66,502.524,53.6061,222.34,52.86
7200,66,508.735,53.5679,222.34,52.86
7300,66,514.838,52.8777,222.34,52.86
7400,66,521.364,53.7271,222.34,52.86
7500,66,528.36,53.925,222.34,52.86
7600,66,534.994,54.4731,222.34,52.86
7700,66,541.087,54.6964,222.34,52.86
7800,66,547.404,55.0327,222.34,52.86
7900,66,553.523,56.1468,222.34,52.86
8000,66,559.615,57.209,222.34,52.86
8100,66,566.145,57.6746,222.34,52.86
8200,66,573.088,57.4775,222.34,52.86
8300,66,579.356,57.2099,222.34,52.86
8400,66,585.46,58.1154,222.34,52.86
8500,66,591.427,57.8164,222.34,52.86
8600,66,597.557,58.0605,222.34,52.86
8700,66,604.365,58.8522,222.34,52.86
8800,66,610.999,58.5276,222.34,52.86
8900,66,617.438,58.629,222.34,52.86
9000,66,624.063,58.7586,222.34,52.86
9100,66,630.657,58.5154,222.34,52.86
9200,66,637.216,59.1281,222.34,52.86
9300,66,643.853,58.8944,222.34,52.86
9400,66,650.268,58.8753,222.34,52.86
9500,66,656.489,59.5987,222.34,52.86
9600,66,663.124,60.555,222.34,52.86
9700,66,669.961,59.2459,222.34,52.86
9800,66,676.332,58.5178,222.34,52.86
9900,66,682.844,59.9871,222.34,52.86
10000,66,689.333,60.442,222.34,52.86
100,67,56.119,49.2366,222.34,52.86
200,67,62.542,48.0594,222.34,52.86
300,67,68.4103,47.968,222.34,52.86
400,67,74.7878,47.3472,222.34,52.86
500,67,80.9199,47.5118,222.34,52.86
600,67,87.4789,46.9523,222.34,52.86
700,67,93.4857,46.5805,222.34,52.86
800,67,100.017,47.1403,222.34,52.86
900,67,106.314,47.551,222.34,52.86
1000,67,112.608,47.2803,222.34,52.86
1100,67,118.291,48.6077,222.34,52.86
1200,67,124.81,47.862,222.34,52.86
1300,67,131.626,47.106,222.34,52.86
1400,67,138.422,46.3467,222.34,52.86
1500,67,145.236,47.1894,222.34,52.86
1600,67,151.74,47.4201,222.34,52.86
1700,67,158.014,46.8667,222.34,52.86
1800,67,164.232,47.6551,222.34,52.86
1900,67,170.568,48.3617,222.34,52.86
2000,67,177.076,47.4658,222.34,52.86
2100,67,183.269,47.8235,222.34,52.86
2200,67,190.207,48.8236,222.34,52.86
2300,67,196.636,48.824,222.34,52.86
2400,67,202.695,48.8334,222.34,52.86
2500,67,209.224,48.7325,222.34,52.86
2600,67,215.813,49.0329,222.34,52.86
2700,67,222.245,48.2013,222.34,52.86
2800,67,229.303,48.5719,222.34,52.86
2900,67,235.517,49.0386,222.34,52.86
3000,67,242.243,48.8204,222.34,52.86
3100,67,248.569,48.5686,222.34,52.86
3200,67,254.679,48.7076,222.34,52.86
3300,67,260.945,48.6786,222.34,52.86
3400,67,266.657,47.9113,222.34,52.86
3500,67,272.519,49.4404,222.34,52.86
3600,67,278.56,50.7744,222.34,52.86
3700,67,284.735,50.5526,222.34,52.86
3800,67,291.453,50.1991,222.34,52.86
3900,67,297.551,50.079,222.34,52.86
4000,67,303.889,50.4323,222.34,52.86
4100,67,310.442,50.8594,222.34,52.86
4200,67,316.65,51.0159,222.34,52.86
4300,67,322.746,51.3818,222.34,52.86
4400,67,329.501,50.1488,222.34,52.86
4500,67,335.807,49.7658,222.34,52.86
4600,67,342.39,49.7505,222.34,52.86
4700,67,348.985,50.3763,222.34,52.86
4800,67,355.389,50.0652,222.34,52.86
4900,67,361.349,48.6699,222.34,52.86
5000,67,368.1,48.7253,222.34,52.86
5100,67,374.343,48.5784,222.34,52.86
5200,67,380.931,49.0274,222.34,52.86
5300,67,387.82,49.479,222.34,52.86
5400,67,394.564,50.7825,222.34,52.86
5500,67,400.366,51.9,222.34,52.86
5600,67,406.6,52.2475,222.34,52.86
5700,67,413.184,51.9915,222.34,52.86
5800,67,419.772,51.3533,222.34,52.86
5900,67,426.938,51.9742,222.34,52.86
6000,67,432.864,52.1167,222.34,52.86
6100,67,439.18,52.431,222.34,52.86
6200,67,445.729,51.8829,222.34,52.86
6300,67,452.109,51.642,222.34,52.86
6400,67,458.665,52.3256,222.34,52.86
6500,67,465.029,51.9642,222.34,52.86
6600,67,471.812,51.2174,222.34,52.86
6700,67,478.725,50.8105,222.34,52.86
6800,67,484.762,50.2362,222.34,52.86
6900,67,490.735,48.7944,222.34,52.86
7000,67,496.92,49.1257,222.34,52.86
7100,67,503.624,47.4673,222.34,52.86
7200,67,510.102,46.7822,222.34,52.86
7300,67,516.662,46.1828,222.34,52.86
7400,67,522.682,47.7926,222.34,52.86
7500,67,529.283,48.0929,222.34,52.86
7600,67,535.21,48.249,222.34,52.86
7700,67,541.377,47.3049,222.34,52.86
7800,67,547.929,46.6089,222.34,52.86
7900,67,554.086,46.2944,222.34,52.86
8000,67,560.293,45.1411,222.34,52.86
8100,67,566.553,45.9293,222.34,52.86
8200,67,572.925,46.3926,222.34,52.86
8300,67,579.25,46.4001,222.34,52.86
8400,67,585.799,46.5877,222.34,52.86
8500,67,591.561,45.9846,222.34,52.86
8600,67,597.946,45.3353,222.34,52.86
8700,67,604.627,46.1228,222.34,52.86
8800,67,611.313,45.9245,222.34,52.86
8900,67,617.444,45.7278,222.34,52.86
9000,67,623.676,47.7602,222.34,52.86
9100,67,630.341,48.3841,222.34,52.86
9200,67,636.423,48.8404,222.34,52.86
9300,67,643.185,48.7028,222.34,52.86
9400,67,649.106,48.3279,222.34,52.86
9500,67,655.223,47.7426,222.34,52.86
9600,67,661.362,46.2825,222.34,52.86
9700,67,667.62,46.3694,222.34,52.86
9800,67,673.865,45.8506,222.34,52.86
9900,67,680.578,45.4867,222.34,52.86
10000,67,686.858,46.9633,222.34,52.86
100,68,56.1516,49.7244,222.34,52.86
200,68,62.9292,50.3181,222.34,52.86
300,68,68.8437,51.6789,222.34,52.86
400,68,75.1776,51.5748,222.34,52.86
500,68,81.383,50.2873,222.34,52.86
600,68,87.3929,50.977,222.34,52.86
700,68,93.7759,52.0638,222.34,52.86
800,68,100.09,52.5467,222.34,52.86
900,68,106.886,53.2507,222.34,52.86
1000,68,113.735,54.033,222.34,52.86
1100,68,120.203,53.6286,222.34,52.86
1200,68,126.454,53.9632,222.34,52.86
1300,68,132.904,53.5699,222.34,52.86
1400,68,138.783,53.4856,222.34,52.86
1500,68,145.05,54.083,222.34,52.86
1600,68,151.1,53.6601,222.34,52.86
1700,68,156.883,53.7015,222.34,52.86
1800,68,162.991,52.577,222.34,52.86
1900,68,169.804,51.5639,222.34,52.86
2000,68,176.304,51.99,222.34,52.86
2100,68,182.827,52.359,222.34,52.86
2200,68,188.593,51.8642,222.34,52.86
2300,68,194.921,51.5433,222.34,52.86
2400,68,201.475,51.5126,222.34,52.86
2500,68,208.015,51.0597,222.34,52.86
2600,68,213.965,51.1736,222.34,52.86
2700,68,220.258,50.526,222.34,52.86
2800,68,226.697,50.9498,222.34,52.86
2900,68,233.383,49.9688,222.34,52.86
3000,68,238.876,48.9463,222.34,52.86
3100,68,245.449,48.7221,222.34,52.86
3200,68,252.031,49.3349,222.34,52.86
3300,68,258.372,48.7559,222.34,52.86
3400,68,264.592,49.0215,222.34,52.86
3500,68,270.873,48.5331,222.34,52.86
3600,68,277.21,48.2568,222.34,52.86
3700,68,283.138,48.122,222.34,52.86
3800,68,289.959,47.8279,222.34,52.86
3900,68,296.582,47.9956,222.34,52.86
4000,68,302.711,49.2919,222.34,52.86
4100,68,308.945,49.3845,222.34,52.86
4200,68,314.956,50.8918,222.34,52.86
4300,68,321.295,50.1511,222.34,52.86
4400,68,327.745,48.7335,222.34,52.86
4500,68,334.07,49.6392,222.34,52.86
4600,68,340.655,49.8069,222.34,52.86
4700,68,346.574,49.8275,222.34,52.86
4800,68,352.471,49.3852,222.34,52.86
4900,68,358.786,49.3774,222.34,52.86
5000,68,365.151,49.0855,222.34,52.86
5100,68,371.59,48.5881,222.34,52.86
5200,68,378.112,49.072,222.34,52.86
5300,68,384.28,49.084,222.34,52.86
5400,68,390.291,49.102,222.34,52.86
5500,68,396.549,49.0695,222.34,52.86
5600,68,402.643,50.7129,222.34,52.86
5700,68,408.829,52.0048,222.34,52.86
5800,68,415.232,51.4266,222.34,52.86
5900,68,421.667,50.7301,222.34,52.86
6000,68,428.039,50.4289,222.34,52.86
6100,68,434.464,50.2171,222.34,52.86
6200,68,440.931,48.3008,222.34,52.86
6300,68,447.051,49.1687,222.34,52.86
6400,68,453.092,48.5935,222.34,52.86
6500,68,459.717,48.693,222.34,52.86
6600,68,465.726,48.9014,222.34,52.86
6700,68,472.708,49.193,222.34,52.86
6800,68,478.778,47.9875,222.34,52.86
6900,68,484.654,48.6983,222.34,52.86
7000,68,491.235,49.7023,222.34,52.86
7100,68,498.094,49.3822,222.34,52.86
7200,68,503.972,49.084,222.34,52.86
7300,68,510.54,48.2816,222.34,52.86
7400,68,516.532,47.3415,222.34,52.86
7500,68,522.92,47.0584,222.34,52.86
7600,68,529.567,47.2097,222.34,52.86
7700,68,535.606,47.9062,222.34,52.86
7800,68,541.736,48.767,222.34,52.86
7900,68,547.94,48.9803,222.34,52.86
8000,68,554.05,49.016,222.34,52.86
8100,68,560.601,49.2299,222.34,52.86
8200,68,567.171,49.6312,222.34,52.86
8300,68,573.317,49.5987,222.34,52.86
8400,68,579.827,50.4405,222.34,52.86
8500,68,586.622,49.3196,222.34,52.86
8600,68,592.731,50.3458,222.34,52.86
8700,68,599.313,50.5982,222.34,52.86
8800,68,606.024,51.0125,222.34,52.86
8900,68,612.417,51.7409,222.34,52.86
9000,68,618.947,51.6205,222.34,52.86
9100,68,625.495,51.4211,222.34,52.86
9200,68,632.538,50.6702,222.34,52.86
9300,68,638.912,50.9488,222.34,52.86
9400,68,645.287,50.8849,222.34,52.86
9500,68,651.474,50.3635,222.34,52.86
9600,68,657.86,50.4985,222.34,52.86
9700,68,663.711,51.1461,222.34,52.86
9800,68,669.806,51.5357,222.34,52.86
9900,68,676.442,51.8826,222.34,52.86
10000,68,682.657,52.8679,222.34,52.86
100,69,56.0252,49.8584,222.34,52.86
200,69,63.0865,50.598,222.34,52.86
300,69,69.7609,49.6191,222.34,52.86
400,69,75.4441,49.2992,222.34,52.86
500,69,81.8892,49.9737,222.34,52.86
600,69,88.0853,48.7234,222.34,52.86
700,69,94.5835,48.1041,222.34,52.86
800,69,100.909,48.7764,222.34,52.86
900,69,107.802,47.4361,222.34,52.86
1000,69,113.991,47.6284,222.34,52.86
1100,69,120.483,48.455,222.34,52.86
1200,69,126.591,49.1316,222.34,52.86
1300,69,133.029,49.1644,222.34,52.86
1400,69,139.244,48.945,222.34,52.86
1500,69,145.138,49.2479,222.34,52.86
1600,69,151.521,49.0648,222.34,52.86
1700,69,157.521,49.5298,222.34,52.86
1800,69,163.843,51.0398,222.34,52.86
1900,69,169.946,51.2047,222.34,52.86
2000,69,176.397,50.2657,222.34,52.86
2100,69,182.648,49.9547,222.34,52.86
2200,69,188.821,49.6505,222.34,52.86
2300,69,195.4,48.9607,222.34,52.86
2400,69,201.424,48.504,222.34,52.86
2500,69,207.568,47.7501,222.34,52.86
2600,69,214.005,49.0831,222.34,52.86
2700,69,220.376,49.7944,222.34,52.86
2800,69,226.583,49.4762,222.34,52.86
2900,69,232.683,49.912,222.34,52.86
3000,69,239.102,49.802,222.34,52.86
3100,69,245.679,49.2325,222.34,52.86
3200,69,252.462,49.4459,222.34,52.86
3300,69,258.807,49.4022,222.34,52.86
3400,69,265.338,49.6114,222.34,52.86
3500,69,271.748,50.1876,222.34,52.86
3600,69,277.602,49.5678,222.34,52.86
3700,69,284.538,49.6436,222.34,52.86
3800,69,290.847,48.5962,222.34,52.86
3900,69,297.432,48.7906,222.34,52.86
4000,69,303.204,49.1171,222.34,52.86
4100,69,309.561,47.9204,222.34,52.86
4200,69,315.704,47.6192,222.34,52.86
4300,69,322.514,47.8691,222.34,52.86
4400,69,329.364,47.1663,222.34,52.86
4500,69,335.607,45.6976,222.34,52.86
4600,69,341.847,45.2287,222.34,52.86
4700,69,348.338,44.3234,222.34,52.86
4800,69,354.537,45.0465,222.34,52.86
4900,69,360.339,45.2326,222.34,52.86
5000,69,366.777,45.0784,222.34,52.86
5100,69,373.118,45.1877,222.34,52.86
5200,69,379.469,44.1241,222.34,52.86
5300,69,386.166,44.3468,222.34,52.86
5400,69,392.685,44.3897,222.34,52.86
5500,69,399.482,42.9944,222.34,52.86
5600,69,406.303,43.0118,222.34,52.86
5700,69,412.985,42.2808,222.34,52.86
5800,69,419.61,41.8666,222.34,52.86
5900,69,425.726,42.0002,222.34,52.86
6000,69,432.424,42.0697,222.34,52.86
6100,69,439.01,43.369,222.34,52.86
6200,69,445.704,43.6264,222.34,52.86
6300,69,452.28,43.0706,222.34,52.86
6400,69,458.971,44.2177,222.34,52.86
6500,69,465.185,45.3526,222.34,52.86
6600,69,471.652,45.7863,222.34,52.86
6700,69,478.259,47.2924,222.34,52.86
6800,69,484.543,46.569,222.34,52.86
6900,69,490.915,46.6066,222.34,52.86
7000,69,497.186,46.2286,222.34,52.86
7100,69,503.153,46.1802,222.34,52.86
7200,69,509.508,45.5964,222.34,52.86
7300,69,515.774,46.3913,222.34,52.86
7400,69,521.487,46.0686,222.34,52.86
7500,69,527.925,46.2253,222.34,52.86
7600,69,534.426,46.3851,222.34,52.86
7700,69,540.621,45.8263,222.34,52.86
7800,69,547.342,45.6081,222.34,52.86
7900,69,553.778,46.0144,222.34,52.86
8000,69,559.663,47.3144,222.34,52.86
8100,69,565.93,46.9538,222.34,52.86
8200,69,572.309,48.0922,222.34,52.86
8300,69,579.171,47.4183,222.34,52.86
8400,69,585.489,47.6426,222.34,52.86
8500,69,592.067,48.1895,222.34,52.86
8600,69,598.509,47.4547,222.34,52.86
8700,69,604.831,47.2023,222.34,52.86
8800,69,611.71,47.4118,222.34,52.86
8900,69,617.874,47.2898,222.34,52.86
9000,69,623.788,48.1358,222.34,52.86
9100,69,630.178,48.2824,222.34,52.86
9200,69,636.423,48.9389,222.34,52.86
9300,69,642.475,48.1306,222.34,52.86
9400,69,648.901,47.7065,222.34,52.86
9500,69,655.892,48.028,222.34,52.86
9600,69,662.329,46.6714,222.34,52.86
9700,69,668.574,48.5432,222.34,52.86
9800,69,674.465,49.3353,222.34,52.86
9900,69,680.693,49.8079,222.34,52.86
10000,69,687.445,48.6284,222.34,52.86
100,70,56.5368,50.8463,222.34,52.86
200,70,63.1555,50.4412,222.34,52.86
300,70,69.5425,50.1842,222.34,52.86
400,70,76.248,49.6306,222.34,52.86
500,70,82.881,49.1504,222.34,52.86
600,70,89.3909,48.2494,222.34,52.86
700,70,96.0309,47.5839,222.34,52.86
800,70,101.986,47.4914,222.34,52.86
900,70,108.634,45.9093,222.34,52.86
1000,70,115.121,45.7096,222.34,52.86
1100,70,121.75,45.6703,222.34,52.86
1200,70,128.298,45.6837,222.34,52.86
1300,70,133.796,47.273,222.34,52.86
1400,70,140.111,45.805,222.34,52.86
1500,70,146.558,45.7954,222.34,52.86
1600,70,153.259,44.2407,222.34,52.86
1700,70,159.851,43.0518,222.34,52.86
1800,70,166.222,44.2444,222.34,52.86
1900,70,172.119,43.0553,222.34,52.86
2000,70,178.634,42.5856,222.34,52.86
2100,70,184.963,42.4529,222.34,52.86
2200,70,190.974,44.0663,222.34,52.86
2300,70,198.088,43.7012,222.34,52.86
2400,70,204.023,44.5262,222.34,52.86
2500,70,210.744,44.9866,222.34,52.86
2600,70,216.8,45.5823,222.34,52.86
2700,70,223.52,46.3066,222.34,52.86
2800,70,230.381,47.1842,222.34,52.86
2900,70,237.15,46.9955,222.34,52.86
3000,70,243.159,48.7004,222.34,52.86
3100,70,249.493,48.8061,222.34,52.86
3200,70,255.281,50.3643,222.34,52.86
3300,70,261.266,50.8641,222.34,52.86
3400,70,267.577,50.2915,222.34,52.86
3500,70,274.163,50.2882,222.34,52.86
3600,70,280.598,49.4649,222.34,52.86
3700,70,286.858,48.8537,222.34,52.86
3800,70,293.015,49.0147,222.34,52.86
3900,70,299.766,48.1889,222.34,52.86
4000,70,306.517,47.809,222.34,52.86
4100,70,312.353,47.3125,222.34,52.86
4200,70,318.289,48.4382,222.34,52.86
4300,70,324.468,47.3554,222.34,52.86
4400,70,330.888,46.3812,222.34,52.86
4500,70,337.041,46.718,222.34,52.86
4600,70,343.161,46.9079,222.34,52.86
4700,70,348.996,47.486,222.34,52.86
4800,70,355.843,47.2314,222.34,52.86
4900,70,361.925,46.9003,222.34,52.86
5000,70,368.018,47.126,222.34,52.86
5100,70,374.06,46.735,222.34,52.86
5200,70,380.685,46.5802,222.34,52.86
5300,70,387.619,46.1789,222.34,52.86
5400,70,394.03,44.5163,222.34,52.86
5500,70,400.121,45.187,222.34,52.86
5600,70,406.534,44.8857,222.34,52.86
5700,70,412.894,45.0056,222.34,52.86
5800,70,418.581,45.768,222.34,52.86
5900,70,425.227,45.4885,222.34,52.86
6000,70,432.551,45.5582,222.34,52.86
6100,70,438.741,47.0465,222.34,52.86
6200,70,445.669,47.4033,222.34,52.86
6300,70,451.753,47.2529,222.34,52.86
6400,70,458.029,46.4338,222.34,52.86
6500,70,464.699,46.8639,222.34,52.86
6600,70,470.793,47.8855,222.34,52.86
6700,70,477.261,47.9015,222.34,52.86
6800,70,483.876,47.6559,222.34,52.86
6900,70,490.354,47.8381,222.34,52.86
7000,70,496.823,48.6187,222.34,52.86
7100,70,502.823,47.6851,222.34,52.86
7200,70,508.953,46.6812,222.34,52.86
7300,70,515.21,48.2363,222.34,52.86
7400,70,521.545,47.8017,222.34,52.86
7500,70,527.936,47.2933,222.34,52.86
7600,70,533.851,46.8582,222.34,52.86
7700,70,540.551,47.0747,222.34,52.86
7800,70,546.724,46.6998,222.34,52.86
7900,70,553.229,47.2117,222.34,52.86
8000,70,559.472,46.2773,222.34,52.86
8100,70,565.455,47.671,222.34,52.86
8200,70,571.686,47.1873,222.34,52.86
8300,70,577.622,46.6934,222.34,52.86
8400,70,584.028,46.3537,222.34,52.86
8500,70,590.297,46.1256,222.34,52.86
8600,70,596.954,45.9634,222.34,52.86
8700,70,603.564,45.8604,222.34,52.86
8800,70,610.165,46.9229,222.34,52.86
8900,70,616.538,45.6707,222.34,52.86
9000,70,622.158,44.7368,222.34,52.86
9100,70,628.478,44.7861,222.34,52.86
9200,70,634.967,44.6454,222.34,52.86
9300,70,641.135,44.9547,222.34,52.86
9400,70,647.891,46.6128,222.34,52.86
9500,70,654.427,47.3843,222.34,52.86
9600,70,660.887,47.9742,222.34,52.86
9700,70,666.903,48.9359,222.34,52.86
9800,70,672.781,47.6737,222.34,52.86
9900,70,678.993,48.1912,222.34,52.86
10000,70,685.799,48.0554,222.34,52.86
100,71,55.8829,51.07,222.34,52.86
200,71,62.9909,51.0192,222.34,52.86
300,71,69.7802,51.2209,222.34,52.86
400,71,76.1123,50.7313,222.34,52.86
500,71,82.2661,49.4683,222.34,52.86
600,71,88.6898,49.7268,222.34,52.86
700,71,95.0058,49.5007,222.34,52.86
800,71,101.248,49.2392,222.34,52.86
900,71,107.623,49.0893,222.34,52.86
1000,71,113.74,48.3993,222.34,52.86
1100,71,120.619,48.2427,222.34,52.86
1200,71,126.15,47.2552,222.34,52.86
1300,71,132.628,48.0234,222.34,52.86
1400,71,138.974,47.2851,222.34,52.86
1500,71,145.365,47.6175,222.34,52.86
1600,71,151.641,48.3062,222.34,52.86
1700,71,158.02,47.5845,222.34,52.86
1800,71,164.887,47.1467,222.34,52.86
1900,71,171.524,47.1383,222.34,52.86
2000,71,178.17,47.3445,222.34,52.86
2100,71,184.971,48.0978,222.34,52.86
2200,71,191.683,48.6962,222.34,52.86
2300,71,197.59,47.8105,222.34,52.86
2400,71,204.032,47.8038,222.34,52.86
2500,71,210.197,45.9386,222.34,52.86
2600,71,216.183,45.7495,222.34,52.86
2700,71,222.487,45.3978,222.34,52.86
2800,71,228.913,44.0464,222.34,52.86
2900,71,235.427,44.1575,222.34,52.86
3000,71,241.589,45.0957,222.34,52.86
3100,71,247.302,44.2139,222.34,52.86
3200,71,253.08,44.4408,222.34,52.86
3300,71,259.597,44.3307,222.34,52.86
3400,71,265.652,45.4278,222.34,52.86
3500,71,272.303,44.7807,222.34,52.86
3600,71,278.714,43.9829,222.34,52.86
3700,71,285.085,43.8401,222.34,52.86
3800,71,291.602,43.5382,222.34,52.86
3900,71,298.171,42.8547,222.34,52.86
4000,71,304.602,41.7752,222.34,52.86
4100,71,310.924,40.6288,222.34,52.86
4200,71,317.384,40.236,222.34,52.86
4300,71,323.772,39.669,222.34,52.86
4400,71,329.85,39.3371,222.34,52.86
4500,71,336.942,39.9688,222.34,52.86
4600,71,343.747,39.5296,222.34,52.86
4700,71,349.737,40.3038,222.34,52.86
4800,71,356.646,40.4748,222.34,52.86
4900,71,362.777,39.8269,222.34,52.86
5000,71,369.098,39.9066,222.34,52.86
5100,71,375.389,39.638,222.34,52.86
5200,71,381.73,40.4941,222.34,52.86
5300,71,388.291,40.4143,222.34,52.86
5400,71,395.128,40.8295,222.34,52.86
5500,71,402.075,40.4089,222.34,52.86
5600,71,408.207,41.6372,222.34,52.86
5700,71,414.446,41.2006,222.34,52.86
5800,71,420.938,40.6598,222.34,52.86
5900,71,427.054,41.6303,222.34,52.86
6000,71,433.37,41.7671,222.34,52.86
6100,71,439.412,42.6791,222.34,52.86
6200,71,445.863,43.0306,222.34,52.86
6300,71,451.99,43.0559,222.34,52.86
6400,71,458.549,41.976,222.34,52.86
6500,71,464.769,42.2951,222.34,52.86
6600,71,471.337,41.7626,222.34,52.86
6700,71,477.808,42.6548,222.34,52.86
6800,71,484.454,43.5941,222.34,52.86
6900,71,490.426,43.8574,222.34,52.86
7000,71,496.914,43.9105,222.34,52.86
7100,71,503.111,44.8665,222.34,52.86
7200,71,509.485,44.7608,222.34,52.86
7300,71,516.301,44.4654,222.34,52.86
7400,71,523.261,44.361,222.34,52.86
7500,71,529.493,43.8666,222.34,52.86
7600,71,535.685,43.1049,222.34,52.86
7700,71,542.103,42.7078,222.34,52.86
7800,71,548.286,41.2154,222.34,52.86
7900,71,554.704,40.4081,222.34,52.86
8000,71,560.656,39.2754,222.34,52.86
8100,71,566.901,39.5348,222.34,52.86
8200,71,573.386,39.8027,222.34,52.86
8300,71,579.619,40.3789,222.34,52.86
8400,71,586.155,40.3026,222.34,52.86
8500,71,592.555,39.8257,222.34,52.86
8600,71,598.5,39.3337,222.34,52.86
8700,71,604.939,37.717,222.34,52.86
8800,71,611.11,37.1323,222.34,52.86
8900,71,617.55,37.8353,222.34,52.86
9000,71,623.954,36.508,222.34,52.86
9100,71,630.47,36.412,222.34,52.86
9200,71,637.22,37.1641,222.34,52.86
9300,71,643.166,36.6378,222.34,52.86
9400,71,649.8,34.7545,222.34,52.86
9500,71,656.311,34.8542,222.34,52.86
9600,71,663.225,34.9885,222.34,52.86
9700,71,669.725,35.9477,222.34,52.86
9800,71,675.598,37.0603,222.34,52.86
9900,71,681.945,37.375,222.34,52.86
10000,71,688.461,39.125,222.34,52.86
100,72,56.7839,50.301,222.34,52.86
200,72,62.8025,50.1594,222.34,52.86
300,72,69.47,50.9055,222.34,52.86
400,72,76.1924,50.9452,222.34,52.86
500,72,82.5696,50.2428,222.34,52.86
600,72,89.2738,49.4248,222.34,52.86
700,72,95.5307,49.9147,222.34,52.86
800,72,102.076,49.7928,222.34,52.86
900,72,108.884,51.4016,222.34,52.86
1000,72,115.245,50.3752,222.34,52.86
1100,72,121.777,50.7289,222.34,52.86
1200,72,128.21,49.2249,222.34,52.86
1300,72,134.675,48.6988,222.34,52.86
1400,72,141.408,48.5889,222.34,52.86
1500,72,147.374,48.148,222.34,52.86
1600,72,153.669,48.554,222.34,52.86
1700,72,159.523,48.2896,222.34,52.86
1800,72,165.968,49.642,222.34,52.86
1900,72,172.037,49.5895,222.34,52.86
2000,72,177.995,49.3333,222.34,52.86
2100,72,184.012,50.7652,222.34,52.86
2200,72,190.267,50.766,222.34,52.86
2300,72,196.598,50.1925,222.34,52.86
2400,72,202.619,49.5837,222.34,52.86
2500,72,209.191,50.4836,222.34,52.86
2600,72,215.085,50.2598,222.34,52.86
2700,72,220.773,49.8579,222.34,52.86
2800,72,227.233,49.892,222.34,52.86
2900,72,233.312,49.3468,222.34,52.86
3000,72,239.599,48.9326,222.34,52.86
3100,72,246.088,49.0869,222.34,52.86
3200,72,252.14,48.6454,222.34,52.86
3300,72,258.241,48.5626,222.34,52.86
3400,72,264.235,48.0417,222.34,52.86
3500,72,271.029,48.812,222.34,52.86
3600,72,277.54,48.7495,222.34,52.86
3700,72,284.195,48.1697,222.34,52.86
3800,72,290.817,48.7244,222.34,52.86
3900,72,296.868,49.6765,222.34,52.86
4000,72,303.103,50.036,222.34,52.86
4100,72,309.468,49.618,222.34,52.86
4200,72,315.685,49.6716,222.34,52.86
4300,72,322.391,50.0202,222.34,52.86
4400,72,328.68,50.8024,222.34,52.86
4500,72,334.636,51.7833,222.34,52.86
4600,72,341.541,50.7329,222.34,52.86
4700,72,347.256,51.0835,222.34,52.86
4800,72,353.583,51.2812,222.34,52.86
4900,72,359.907,51.6565,222.34,52.86
5000,72,366.078,51.452,222.34,52.86
5100,72,372.664,52.1039,222.34,52.86
5200,72,379.289,51.9641,222.34,52.86
5300,72,385.878,52.4483,222.34,52.86
5400,72,392.452,51.5329,222.34,52.86
5500,72,399.56,50.7652,222.34,52.86
5600,72,405.57,50.5787,222.34,52.86
5700,72,411.486,50.8187,222.34,52.86
5800,72,417.487,51.4815,222.34,52.86
5900,72,423.388,51.4502,222.34,52.86
6000,72,430.084,51.3709,222.34,52.86
6100,72,436.276,50.2494,222.34,52.86
6200,72,442.502,50.5386,222.34,52.86
6300,72,448.643,50.4476,222.34,52.86
6400,72,455.083,51.1774,222.34,52.86
6500,72,461.133,51.0946,222.34,52.86
6600,72,467.571,51.1403,222.34,52.86
6700,72,473.72,51.5653,222.34,52.86
6800,72,480.342,51.8117,222.34,52.86
6900,72,486.907,51.5789,222.34,52.86
7000,72,493.462,51.1257,222.34,52.86
7100,72,499.782,51.2434,222.34,52.86
7200,72,506.254,51.5922,222.34,52.86
7300,72,512.983,52.5014,222.34,52.86
7400,72,519.206,52.4395,222.34,52.86
7500,72,525.36,52.7312,222.34,52.86
7600,72,531.463,53.0177,222.34,52.86
7700,72,538.194,53.1818,222.34,52.86
7800,72,544.795,52.7231,222.34,52.86
7900,72,551.03,52.9116,222.34,52.86
8000,72,558.088,53.3552,222.34,52.86
8100,72,564.245,52.9187,222.34,52.86
8200,72,569.88,52.3031,222.34,52.86
8300,72,576.417,51.4918,222.34,52.86
8400,72,582.679,49.9298,222.34,52.86
8500,72,588.912,48.927,222.34,52.86
8600,72,595.591,49.862,222.34,52.86
8700,72,602.049,49.2061,222.34,52.86
8800,72,608.108,48.9463,222.34,52.86
8900,72,614.328,48.5422,222.34,52.86
9000,72,621.095,48.5559,222.34,52.86
9100,72,627.409,50.1572,222.34,52.86
9200,72,633.24,50.153,222.34,52.86
9300,72,640.267,49.4847,222.34,52.86
9400,72,646.713,50.4818,222.34,52.86
9500,72,653.443,49.8149,222.34,52.86
9600,72,659.616,49.5598,222.34,52.86
9700,72,666.062,50.3565,222.34,52.86
9800,72,672.481,50.2162,222.34,52.86
9900,72,678.655,49.8994,222.34,52.86
10000,72,685.18,49.8781,222.34,52.86
100,73,56.4739,49.9882,222.34,52.86
200,73,62.5148,48.7335,222.34,52.86
300,73,69.5288,48.6978,222.34,52.86
400,73,75.7853,49.1565,222.34,52.86
500,73,82.3276,48.8597,222.34,52.86
600,73,88.525,49.9065,222.34,52.86
700,73,95.0045,50.2205,222.34,52.86
800,73,101.067,50.1823,222.34,52.86
900,73,107.383,49.3955,222.34,52.86
1000,73,114.069,48.1417,222.34,52.86
1100,73,120.694,47.6044,222.34,52.86
1200,73,126.943,47.9041,222.34,52.86
1300,73,133.371,48.4755,222.34,52.86
1400,73,140.153,48.9682,222.34,52.86
1500,73,146.586,49.7358,222.34,52.86
1600,73,153.091,50.4802,222.34,52.86
1700,73,159.656,50.7617,222.34,52.86
1800,73,165.994,50.5343,222.34,52.86
1900,73,172.033,50.9521,222.34,52.86
2000,73,178.203,50.0428,222.34,52.86
2100,73,184.465,50.3911,222.34,52.86
2200,73,191.169,49.2724,222.34,52.86
2300,73,197.749,50.2159,222.34,52.86
2400,73,203.73,50.875,222.34,52.86
2500,73,210.249,50.1901,222.34,52.86
2600,73,217.221,50.7117,222.34,52.86
2700,73,223.789,51.4727,222.34,52.86
2800,73,230.272,51.807,222.34,52.86
2900,73,236.814,50.8476,222.34,52.86
3000,73,243.18,50.6099,222.34,52.86
3100,73,249.442,50.221,222.34,52.86
3200,73,255.808,50.8175,222.34,52.86
3300,73,262.663,50.9271,222.34,52.86
3400,73,268.357,51.2616,222.34,52.86
3500,73,274.96,51.2266,222.34,52.86
3600,73,281.34,50.9827,222.34,52.86
3700,73,287.751,51.4833,222.34,52.86
3800,73,294.111,51.1606,222.34,52.86
3900,73,300.126,51.2237,222.34,52.86
4000,73,307.047,51.0132,222.34,52.86
4100,73,313.08,49.288,222.34,52.86
4200,73,318.65,50.5357,222.34,52.86
4300,73,325.096,50.2602,222.34,52.86
4400,73,331.521,50.3998,222.34,52.86
4500,73,337.379,49.5861,222.34,52.86
4600,73,343.489,49.4058,222.34,52.86
4700,73,349.539,49.5998,222.34,52.86
4800,73,355.883,49.7349,222.34,52.86
4900,73,362.203,49.7378,222.34,52.86
5000,73,368.068,49.8713,222.34,52.86
5100,73,374.363,49.1993,222.34,52.86
5200,73,380.688,49.8357,222.34,52.86
5300,73,387.214,49.3699,222.34,52.86
5400,73,393.481,49.4075,222.34,52.86
5500,73,399.792,49.7812,222.34,52.86
5600,73,405.533,49.0444,222.34,52.86
5700,73,411.403,48.8293,222.34,52.86
5800,73,417.798,48.209,222.34,52.86
5900,73,424.24,47.3645,222.34,52.86
6000,73,430.907,47.4643,222.34,52.86
6100,73,437.358,46.6128,222.34,52.86
6200,73,443.615,45.0188,222.34,52.86
6300,73,450.255,45.4262,222.34,52.86
6400,73,456.465,45.714,222.34,52.86
6500,73,462.468,44.5665,222.34,52.86
6600,73,468.749,44.3127,222.34,52.86
6700,73,474.83,43.775,222.34,52.86
6800,73,480.921,43.8339,222.34,52.86
6900,73,487.925,43.3399,222.34,52.86
7000,73,494.138,43.0859,222.34,52.86
7100,73,500.778,44.2337,222.34,52.86
7200,73,507.103,44.1744,222.34,52.86
7300,73,513.223,45.1442,222.34,52.86
7400,73,519.599,44.2756,222.34,52.86
7500,73,525.889,44.0539,222.34,52.86
7600,73,532.567,42.8116,222.34,52.86
7700,73,538.817,42.5214,222.34,52.86
7800,73,544.581,42.6167,222.34,52.86
7900,73,551.154,42.5584,222.34,52.86
8000,73,556.843,43.8749,222.34,52.86
8100,73,562.749,44.2561,222.34,52.86
8200,73,569.124,43.0785,222.34,52.86
8300,73,575.638,42.2576,222.34,52.86
8400,73,581.121,41.6526,222.34,52.86
8500,73,587.216,41.2701,222.34,52.86
8600,73,593.789,41.0225,222.34,52.86
8700,73,600.524,40.073,222.34,52.86
8800,73,606.74,40.5756,222.34,52.86
8900,73,613.408,40.8734,222.34,52.86
9000,73,619.898,41.706,222.34,52.86
9100,73,626.643,41.6786,222.34,52.86
9200,73,633.022,41.17,222.34,52.86
9300,73,638.436,39.7526,222.34,52.86
9400,73,644.799,38.5695,222.34,52.86
9500,73,651.168,37.5175,222.34,52.86
9600,73,657.987,37.4385,222.34,52.86
9700,73,664.057,38.3446,222.34,52.86
9800,73,670.263,38.4057,222.34,52.86
9900,73,676.763,38.3035,222.34,52.86
10000,73,683.345,37.2338,222.34,52.86
100,74,56.8055,49.9972,222.34,52.86
200,74,63.2407,50.3418,222.34,52.86
300,74,69.1167,49.0343,222.34,52.86
400,74,75.3104,49.2217,222.34,52.86
500,74,82.1703,48.8176,222.34,52.86
600,74,88.7787,48.919,222.34,52.86
700,74,95.2775,48.5524,222.34,52.86
800,74,101.622,48.49,222.34,52.86
900,74,108.098,48.4171,222.34,52.86
1000,74,114.346,48.1361,222.34,52.86
1100,74,120.614,48.0799,222.34,52.86
1200,74,126.755,48.0272,222.34,52.86
1300,74,132.963,48.931,222.34,52.86
1400,74,139.137,49.2025,222.34,52.86
1500,74,144.853,49.8318,222.34,52.86
1600,74,151.236,49.1504,222.34,52.86
1700,74,157.443,50.8344,222.34,52.86
1800,74,163.788,52.0328,222.34,52.86
1900,74,170.655,52.5805,222.34,52.86
2000,74,176.758,51.9157,222.34,52.86
2100,74,183.361,51.4332,222.34,52.86
2200,74,189.641,52.8122,222.34,52.86
2300,74,195.927,53.2603,222.34,52.86
2400,74,202.629,52.7147,222.34,52.86
2500,74,208.982,50.8502,222.34,52.86
2600,74,215.817,50.7367,222.34,52.86
2700,74,222.484,51.0338,222.34,52.86
2800,74,228.406,51.1596,222.34,52.86
2900,74,234.695,50.2174,222.34,52.86
3000,74,241.027,50.6511,222.34,52.86
3100,74,247.291,52.1979,222.34,52.86
3200,74,253.266,52.9881,222.34,52.86
3300,74,259.595,53.6829,222.34,52.86
3400,74,266.238,53.7686,222.34,52.86
3500,74,272.929,53.1839,222.34,52.86
3600,74,279.872,52.4686,222.34,52.86
3700,74,286.509,53.1153,222.34,52.86
3800,74,292.622,53.7209,222.34,52.86
3900,74,299.193,54.0227,222.34,52.86
4000,74,305.82,54.8012,222.34,52.86
4100,74,312.135,54.0941,222.34,52.86
4200,74,318.34,53.7828,222.34,52.86
4300,74,324.546,52.4961,222.34,52.86
4400,74,330.239,53.6014,222.34,52.86
4500,74,336.069,54.1308,222.34,52.86
4600,74,342.444,52.6692,222.34,52.86
4700,74,349.204,51.6226,222.34,52.86
4800,74,355.582,52.0274,222.34,52.86
4900,74,362.354,52.9613,222.34,52.86
5000,74,368.82,53.7769,222.34,52.86
5100,74,375.766,55.0503,222.34,52.86
5200,74,382.031,55.5362,222.34,52.86
5300,74,387.792,54.6845,222.34,52.86
5400,74,394.679,54.5723,222.34,52.86
5500,74,401.801,54.9392,222.34,52.86
5600,74,408.294,55.7516,222.34,52.86
5700,74,415.024,55.7222,222.34,52.86
5800,74,421.343,55.1313,222.34,52.86
5900,74,428.002,55.1814,222.34,52.86
6000,74,434.406,55.9041,222.34,52.86
6100,74,440.504,56.0173,222.34,52.86
6200,74,447.154,56.3681,222.34,52.86
6300,74,453.107,55.3271,222.34,52.86
6400,74,460.234,54.8985,222.34,52.86
6500,74,466.587,55.2585,222.34,52.86
6600,74,472.326,55.1404,222.34,52.86
6700,74,478.352,54.9458,222.34,52.86
6800,74,484.601,52.7199,222.34,52.86
6900,74,491.081,52.9159,222.34,52.86
7000,74,497.801,53.4995,222.34,52.86
7100,74,504.204,53.4677,222.34,52.86
7200,74,510.424,53.4239,222.34,52.86
7300,74,517.231,53.1286,222.34,52.86
7400,74,523.296,54.4279,222.34,52.86
7500,74,530.245,55.2897,222.34,52.86
7600,74,536.368,54.6947,222.34,52.86
7700,74,542.79,54.7762,222.34,52.86
7800,74,549.308,54.0122,222.34,52.86
7900,74,555.43,53.3004,222.34,52.86
8000,74,561.868,53.0079,222.34,52.86
8100,74,568.347,53.8571,222.34,52.86
8200,74,574.64,52.7683,222.34,52.86
8300,74,581.263,52.9652,222.34,52.86
8400,74,587.657,53.5425,222.34,52.86
8500,74,594.068,53.7149,222.34,52.86
8600,74,600.182,52.8606,222.34,52.86
8700,74,606.832,52.9238,222.34,52.86
8800,74,612.579,52.5682,222.34,52.86
8900,74,618.533,52.427,222.34,52.86
9000,74,624.447,52.6113,222.34,52.86
9100,74,630.849,52.8918,222.34,52.86
9200,74,636.975,51.2666,222.34,52.86
9300,74,643.178,51.4818,222.34,52.86
9400,74,649.125,50.9552,222.34,52.86
9500,74,655.412,50.3006,222.34,52.86
9600,74,661.791,50.1836,222.34,52.86
9700,74,668.977,49.1599,222.34,52.86
9800,74,675.634,49.0575,222.34,52.86
9900,74,682.677,49.2858,222.34,52.86
10000,74,688.786,49.3348,222.34,52.86
100,75,56.6809,51.3576,222.34,52.86
200,75,63.0903,51.3702,222.34,52.86
300,75,69.7204,51.7066,222.34,52.86
400,75,75.6868,51.7117,222.34,52.86
500,75,82.1253,51.6,222.34,52.86
600,75,88.189,50.6566,222.34,52.86
700,75,94.4348,51.0312,222.34,52.86
800,75,101.522,50.4172,222.34,52.86
900,75,107.551,49.1345,222.34,52.86
1000,75,113.928,49.3105,222.34,52.86
1100,75,120.014,50.6729,222.34,52.86
1200,75,126.81,51.1629,222.34,52.86
1300,75,133.081,52.314,222.34,52.86
1400,75,138.945,51.409,222.34,52.86
1500,75,145.211,51.6147,222.34,52.86
1600,75,151.375,52.0378,222.34,52.86
1700,75,158.043,53.1103,222.34,52.86
1800,75,164.785,53.1727,222.34,52.86
1900,75,171.689,54.2866,222.34,52.86
2000,75,177.908,54.2464,222.34,52.86
2100,75,184.199,53.4395,222.34,52.86
2200,75,190.461,54.5695,222.34,52.86
2300,75,197.116,53.7991,222.34,52.86
2400,75,203.238,53.4792,222.34,52.86
2500,75,209.994,53.8635,222.34,52.86
2600,75,216.202,54.0222,222.34,52.86
2700,75,221.769,53.3406,222.34,52.86
2800,75,227.757,52.041,222.34,52.86
2900,75,234.3,52.075,222.34,52.86
3000,75,239.821,51.7244,222.34,52.86
3100,75,246.249,51.9343,222.34,52.86
3200,75,252.764,50.2184,222.34,52.86
3300,75,259.604,49.3403,222.34,52.86
3400,75,265.769,49.0626,222.34,52.86
3500,75,272.804,48.8961,222.34,52.86
3600,75,279.42,49.4207,222.34,52.86
3700,75,285.566,48.5312,222.34,52.86
3800,75,291.696,49.8854,222.34,52.86
3900,75,298.276,50.3126,222.34,52.86
4000,75,304.884,50.8607,222.34,52.86
4100,75,311.21,51.2477,222.34,52.86
4200,75,317.979,52.8022,222.34,52.86
4300,75,324.634,52.1221,222.34,52.86
4400,75,330.369,52.3326,222.34,52.86
4500,75,336.503,53.5448,222.34,52.86
4600,75,342.505,53.7978,222.34,52.86
4700,75,349.409,53.9398,222.34,52.86
4800,75,355.398,53.7804,222.34,52.86
4900,75,361.588,53.6274,222.34,52.86
5000,75,368.165,53.0711,222.34,52.86
5100,75,374.05,52.2908,222.34,52.86
5200,75,380.663,51.4328,222.34,52.86
5300,75,386.733,49.4562,222.34,52.86
5400,75,392.809,48.9189,222.34,52.86
5500,75,399.23,49.2856,222.34,52.86
5600,75,405.838,48.8609,222.34,52.86
5700,75,411.964,49.3673,222.34,52.86
5800,75,418.503,48.9033,222.34,52.86
5900,75,424.875,48.5559,222.34,52.86
6000,75,431.149,48.2579,222.34,52.86
6100,75,437.945,49.5866,222.34,52.86
6200,75,444.198,48.8261,222.34,52.86
6300,75,450.406,48.845,222.34,52.86
6400,75,455.952,48.5848,222.34,52.86
6500,75,462.267,48.424,222.34,52.86
6600,75,468.817,48.9472,222.34,52.86
6700,75,475.336,48.6993,222.34,52.86
6800,75,481.63,49.4801,222.34,52.86
6900,75,487.263,49.2826,222.34,52.86
7000,75,493.91,49.1013,222.34,52.86
7100,75,500.024,49.7375,222.34,52.86
7200,75,506.702,49.7019,222.34,52.86
7300,75,512.971,50.5969,222.34,52.86
7400,75,518.87,51.1535,222.34,52.86
7500,75,524.367,50.675,222.34,52.86
7600,75,530.705,52.1818,222.34,52.86
7700,75,536.622,52.6707,222.34,52.86
7800,75,543.289,52.5128,222.34,52.86
7900,75,549.627,52.1009,222.34,52.86
8000,75,555.739,53.1786,222.34,52.86
8100,75,561.994,53.0838,222.34,52.86
8200,75,568.062,52.2764,222.34,52.86
8300,75,574.737,51.1309,222.34,52.86
8400,75,581.004,50.7363,222.34,52.86
8500,75,587.227,51.233,222.34,52.86
8600,75,593.305,50.7547,222.34,52.86
8700,75,599.417,51.341,222.34,52.86
8800,75,605.645,51.1746,222.34,52.86
8900,75,611.813,50.19,222.34,52.86
9000,75,618.422,50.1579,222.34,52.86
9100,75,624.647,50.3255,222.34,52.86
9200,75,630.536,51.1753,222.34,52.86
9300,75,636.261,50.4866,222.34,52.86
9400,75,642.772,50.1366,222.34,52.86
9500,75,649.229,50.6095,222.34,52.86
9600,75,655.337,51.4538,222.34,52.86
9700,75,662.008,50.7808,222.34,52.86
9800,75,668.266,50.8743,222.34,52.86
9900,75,674.292,50.5166,222.34,52.86
10000,75,680.514,49.2754,222.34,52.86
100,76,55.9898,51.0438,222.34,52.86
200,76,62.4025,50.5344,222.34,52.86
300,76,68.7516,50.3212,222.34,52.86
400,76,74.9973,50.4396,222.34,52.86
500,76,81.4644,50.1848,222.34,52.86
600,76,87.2246,50.0256,222.34,52.86
700,76,93.3835,51.2975,222.34,52.86
800,76,99.3471,49.991,222.34,52.86
900,76,105.716,50.1246,222.34,52.86
1000,76,112.38,48.7498,222.34,52.86
1100,76,118.918,49.4801,222.34,52.86
1200,76,125.208,50.0029,222.34,52.86
1300,76,131.743,50.4383,222.34,52.86
1400,76,137.821,51.3568,222.34,52.86
1500,76,144.059,51.7918,222.34,52.86
1600,76,150.846,50.4519,222.34,52.86
1700,76,157.057,50.4702,222.34,52.86
1800,76,163.593,51.7753,222.34,52.86
1900,76,169.822,51.2246,222.34,52.86
2000,76,176.381,50.3071,222.34,52.86
2100,76,183.087,50.5818,222.34,52.86
2200,76,189.704,50.4672,222.34,52.86
2300,76,196.152,50.9565,222.34,52.86
2400,76,202.842,52.1927,222.34,52.86
2500,76,209.474,51.7683,222.34,52.86
2600,76,215.97,51.0892,222.34,52.86
2700,76,222.222,51.2864,222.34,52.86
2800,76,228.594,50.3819,222.34,52.86
2900,76,235.397,51.1646,222.34,52.86
3000,76,241.106,52.4985,222.34,52.86
3100,76,248.164,51.5758,222.34,52.86
3200,76,254.613,52.8334,222.34,52.86
3300,76,260.766,53.4058,222.34,52.86
3400,76,267.461,54.6627,222.34,52.86
3500,76,273.702,54.2274,222.34,52.86
3600,76,279.564,54.9068,222.34,52.86
3700,76,286.016,54.1645,222.34,52.86
3800,76,292.243,54.3769,222.34,52.86
3900,76,298.623,53.9166,222.34,52.86
4000,76,305.622,54.6711,222.34,52.86
4100,76,311.914,54.3745,222.34,52.86
4200,76,318.579,52.9766,222.34,52.86
4300,76,324.796,52.5579,222.34,52.86
4400,76,331.372,51.8036,222.34,52.86
4500,76,337.372,52.3673,222.34,52.86
4600,76,343.882,52.6726,222.34,52.86
4700,76,350.617,52.4181,222.34,52.86
4800,76,356.89,51.7572,222.34,52.86
4900,76,363.672,51.727,222.34,52.86
5000,76,369.867,52.7769,222.34,52.86
5100,76,376.277,52.838,222.34,52.86
5200,76,382.855,52.7676,222.34,52.86
5300,76,389.033,53.5183,222.34,52.86
5400,76,394.863,52.5926,222.34,52.86
5500,76,400.712,54.106,222.34,52.86
5600,76,407.219,53.4172,222.34,52.86
5700,76,413.642,53.7449,222.34,52.86
5800,76,420.414,54.0418,222.34,52.86
5900,76,427.015,53.7929,222.34,52.86
6000,76,433.505,54.0158,222.34,52.86
6100,76,439.915,54.3114,222.34,52.86
6200,76,446.41,54.0302,222.34,52.86
6300,76,452.935,54.5875,222.34,52.86
6400,76,458.951,54.0036,222.34,52.86
6500,76,465.158,53.9523,222.34,52.86
6600,76,471.631,53.773,222.34,52.86
6700,76,477.309,53.8433,222.34,52.86
6800,76,483.841,53.4964,222.34,52.86
6900,76,489.546,54.0892,222.34,52.86
7000,76,495.751,54.7739,222.34,52.86
7100,76,501.656,55.7642,222.34,52.86
7200,76,508.217,55.7492,222.34,52.86
7300,76,515.041,55.6678,222.34,52.86
7400,76,521.423,55.6891,222.34,52.86
7500,76,527.692,55.6013,222.34,52.86
7600,76,533.98,57.4323,222.34,52.86
7700,76,540.734,57.3786,222.34,52.86
7800,76,546.908,57.5057,222.34,52.86
7900,76,553.382,57.7353,222.34,52.86
8000,76,559.81,56.798,222.34,52.86
8100,76,566.045,56.8113,222.34,52.86
8200,76,572.347,57.2455,222.34,52.86
8300,76,579.042,57.281,222.34,52.86
8400,76,585.329,57.4419,222.34,52.86
8500,76,591.544,57.2935,222.34,52.86
8600,76,597.822,57.2673,222.34,52.86
8700,76,603.612,57.8803,222.34,52.86
8800,76,610.313,57.7379,222.34,52.86
8900,76,616.363,56.1494,222.34,52.86
9000,76,622.483,56.4758,222.34,52.86
9100,76,628.691,57.5518,222.34,52.86
9200,76,634.426,57.3039,222.34,52.86
9300,76,640.664,57.5712,222.34,52.86
9400,76,647.56,57.2929,222.34,52.86
9500,76,653.493,56.5749,222.34,52.86
9600,76,659.767,57.0689,222.34,52.86
9700,76,665.784,57.0759,222.34,52.86
9800,76,672.346,57.7178,222.34,52.86
9900,76,678.113,57.5866,222.34,52.86
10000,76,684.801,57.2804,222.34,52.86
100,77,56.2352,49.7452,222.34,52.86
200,77,62.4136,50.6809,222.34,52.86
300,77,68.3708,52.0029,222.34,52.86
400,77,75.0157,52.5898,222.34,52.86
500,77,81.4738,51.4263,222.34,52.86
600,77,87.9479,51.6971,222.34,52.86
700,77,94.7369,51.7884,222.34,52.86
800,77,100.629,53.2012,222.34,52.86
900,77,107.068,53.6608,222.34,52.86
1000,77,112.954,54.5688,222.34,52.86
1100,77,119.457,53.8527,222.34,52.86
1200,77,126.59,53.5995,222.34,52.86
1300,77,132.749,53.1799,222.34,52.86
1400,77,139.139,54.1115,222.34,52.86
1500,77,145.302,53.9498,222.34,52.86
1600,77,151.849,53.9624,222.34,52.86
1700,77,158.004,54.4339,222.34,52.86
1800,77,164.644,54.4892,222.34,52.86
1900,77,170.74,54.8783,222.34,52.86
2000,77,177.148,55.375,222.34,52.86
2100,77,183.627,55.5653,222.34,52.86
2200,77,190.17,54.7632,222.34,52.86
2300,77,196.259,55.6495,222.34,52.86
2400,77,202.561,56.1135,222.34,52.86
2500,77,208.725,56.3141,222.34,52.86
2600,77,214.758,55.7243,222.34,52.86
2700,77,221.133,56.3905,222.34,52.86
2800,77,227.287,56.0854,222.34,52.86
2900,77,233.281,55.0227,222.34,52.86
3000,77,239.806,54.7842,222.34,52.86
3100,77,245.944,54.5751,222.34,52.86
3200,77,251.943,54.964,222.34,52.86
3300,77,257.89,54.9693,222.34,52.86
3400,77,263.539,55.5691,222.34,52.86
3500,77,270.381,54.8486,222.34,52.86
3600,77,276.458,55.55,222.34,52.86
3700,77,283.441,54.5082,222.34,52.86
3800,77,289.406,54.2001,222.34,52.86
3900,77,295.836,53.8401,222.34,52.86
4000,77,302.341,53.5856,222.34,52.86
4100,77,309.225,54.2706,222.34,52.86
4200,77,315.996,54.7854,222.34,52.86
4300,77,322.491,55.9419,222.34,52.86
4400,77,328.71,56.1217,222.34,52.86
4500,77,335.252,56.1795,222.34,52.86
4600,77,341.542,56.8713,222.34,52.86
4700,77,347.748,56.0205,222.34,52.86
4800,77,354.695,55.9496,222.34,52.86
4900,77,361.037,55.8369,222.34,52.86
5000,77,367.656,57.5171,222.34,52.86
5100,77,374.175,56.5717,222.34,52.86
5200,77,380.228,57.2259,222.34,52.86
5300,77,386.678,57.9024,222.34,52.86
5400,77,393.217,57.91,222.34,52.86
5500,77,399.603,57.8297,222.34,52.86
5600,77,406.767,57.5005,222.34,52.86
5700,77,413.168,58.5408,222.34,52.86
5800,77,419.844,58.4915,222.34,52.86
5900,77,426.516,58.7462,222.34,52.86
6000,77,432.97,57.586,222.34,52.86
6100,77,439.683,58.2907,222.34,52.86
6200,77,445.781,57.9324,222.34,52.86
6300,77,452.083,58.658,222.34,52.86
6400,77,458.644,58.2008,222.34,52.86
6500,77,465.398,58.128,222.34,52.86
6600,77,472.445,58.0316,222.34,52.86
6700,77,478.533,58.5325,222.34,52.86
6800,77,484.978,59.32,222.34,52.86
6900,77,491.588,60.2971,222.34,52.86
7000,77,498.126,61.2238,222.34,52.86
7100,77,504.839,61.6543,222.34,52.86
7200,77,511.769,61.8017,222.34,52.86
7300,77,517.553,61.7093,222.34,52.86
7400,77,523.762,59.7498,222.34,52.86
7500,77,530.268,59.2498,222.34,52.86
7600,77,536.622,59.5684,222.34,52.86
7700,77,543.147,59.4767,222.34,52.86
7800,77,549.61,59.5079,222.34,52.86
7900,77,555.428,58.8498,222.34,52.86
8000,77,561.552,59.7481,222.34,52.86
8100,77,567.658,59.76,222.34,52.86
8200,77,573.837,59.8975,222.34,52.86
8300,77,580.333,59.2452,222.34,52.86
8400,77,586.972,59.2859,222.34,52.86
8500,77,593.71,58.9357,222.34,52.86
8600,77,600.237,58.7803,222.34,52.86
8700,77,606.227,58.2053,222.34,52.86
8800,77,612.314,56.4521,222.34,52.86
8900,77,618.393,56.9742,222.34,52.86
9000,77,624.956,56.6117,222.34,52.86
9100,77,631.495,56.5585,222.34,52.86
9200,77,637.978,56.4168,222.34,52.86
9300,77,644.077,56.4487,222.34,52.86
9400,77,650.038,55.6765,222.34,52.86
9500,77,656.567,54.1407,222.34,52.86
9600,77,662.932,53.3402,222.34,52.86
9700,77,669.596,52.6569,222.34,52.86
9800,77,676.189,52.4314,222.34,52.86
9900,77,682.799,52.6303,222.34,52.86
10000,77,689.883,51.894,222.34,52.86
100,78,56.7817,49.839,222.34,52.86
200,78,63.2938,50.2461,222.34,52.86
300,78,69.4888,49.7297,222.34,52.86
400,78,75.7711,49.615,222.34,52.86
500,78,81.4542,49.7032,222.34,52.86
600,78,88.1299,49.5719,222.34,52.86
700,78,94.6095,49.717,222.34,52.86
800,78,100.6,49.381,222.34,52.86
900,78,106.861,49.9665,222.34,52.86
1000,78,113.6,49.2777,222.34,52.86
1100,78,119.57,49.275,222.34,52.86
1200,78,126.399,48.4329,222.34,52.86
1300,78,132.937,47.6281,222.34,52.86
1400,78,139.624,48.1567,222.34,52.86
1500,78,146.005,47.8479,222.34,52.86
1600,78,151.563,48.4261,222.34,52.86
1700,78,157.278,49.4906,222.34,52.86
1800,78,164.08,48.6979,222.34,52.86
1900,78,169.928,48.4831,222.34,52.86
2000,78,175.557,48.6989,222.34,52.86
2100,78,181.511,48.1605,222.34,52.86
2200,78,188.151,47.767,222.34,52.86
2300,78,194.516,48.3962,222.34,52.86
2400,78,200.799,48.9004,222.34,52.86
2500,78,207.624,47.8808,222.34,52.86
2600,78,213.931,47.817,222.34,52.86
2700,78,219.864,47.6393,222.34,52.86
2800,78,226.561,48.4183,222.34,52.86
2900,78,232.64,47.9384,222.34,52.86
3000,78,238.615,47.6832,222.34,52.86
3100,78,244.936,46.5032,222.34,52.86
3200,78,251.738,46.9417,222.34,52.86
3300,78,257.93,47.0914,222.34,52.86
3400,78,264.291,46.6949,222.34,52.86
3500,78,269.734,47.3501,222.34,52.86
3600,78,276.349,46.7733,222.34,52.86
3700,78,281.899,46.7758,222.34,52.86
3800,78,288.256,47.6175,222.34,52.86
3900,78,294.773,47.1619,222.34,52.86
4000,78,300.854,46.4886,222.34,52.86
4100,78,307.652,47.1435,222.34,52.86
4200,78,314.205,46.4646,222.34,52.86
4300,78,320.572,48.5049,222.34,52.86
4400,78,326.534,48.6691,222.34,52.86
4500,78,332.388,49.3806,222.34,52.86
4600,78,338.755,48.9094,222.34,52.86
4700,78,344.952,48.5423,222.34,52.86
4800,78,351.161,48.1456,222.34,52.86
4900,78,357.727,47.9542,222.34,52.86
5000,78,364.06,47.5656,222.34,52.86
5100,78,371.094,47.5357,222.34,52.86
5200,78,377.701,47.8509,222.34,52.86
5300,78,383.763,48.2207,222.34,52.86
5400,78,390.421,47.9731,222.34,52.86
5500,78,397.096,48.6251,222.34,52.86
5600,78,403.395,49.57,222.34,52.86
5700,78,410.196,49.8821,222.34,52.86
5800,78,416.391,49.4219,222.34,52.86
5900,78,422.286,48.8995,222.34,52.86
6000,78,428.524,49.1627,222.34,52.86
6100,78,434.112,47.7601,222.34,52.86
6200,78,440.983,47.5843,222.34,52.86
6300,78,447.321,48.1726,222.34,52.86
6400,78,453.447,47.7817,222.34,52.86
6500,78,459.816,47.4078,222.34,52.86
6600,78,466.153,48.2869,222.34,52.86
6700,78,472.477,47.3644,222.34,52.86
6800,78,478.521,47.6055,222.34,52.86
6900,78,484.82,47.0418,222.34,52.86
7000,78,491.366,48.0331,222.34,52.86
7100,78,497.579,47.9566,222.34,52.86
7200,78,504.076,47.3675,222.34,52.86
7300,78,510.277,47.3643,222.34,52.86
7400,78,516.441,47.4004,222.34,52.86
7500,78,523.023,47.6049,222.34,52.86
7600,78,529.062,48.0218,222.34,52.86
7700,78,535.383,47.6976,222.34,52.86
7800,78,541.422,47.0505,222.34,52.86
7900,78,547.913,47.0497,222.34,52.86
8000,78,554.562,47.6186,222.34,52.86
8100,78,561.401,48.6769,222.34,52.86
8200,78,567.438,49.2552,222.34,52.86
8300,78,573.417,51.3818,222.34,52.86
8400,78,579.655,50.6192,222.34,52.86
8500,78,586.315,50.6191,222.34,52.86
8600,78,592.428,50.4649,222.34,52.86
8700,78,598.462,50.2261,222.34,52.86
8800,78,604.753,49.9968,222.34,52.86
8900,78,610.947,50.4841,222.34,52.86
9000,78,617.078,49.3757,222.34,52.86
9100,78,623.221,48.7422,222.34,52.86
9200,78,629.597,49.4103,222.34,52.86
9300,78,635.839,48.2315,222.34,52.86
9400,78,642.616,48.4155,222.34,52.86
9500,78,649.177,47.3463,222.34,52.86
9600,78,655.889,47.1652,222.34,52.86
9700,78,661.887,46.7063,222.34,52.86
9800,78,668.124,45.4218,222.34,52.86
9900,78,674.721,45.7668,222.34,52.86
10000,78,680.984,46.2587,222.34,52.86
100,79,56.815,50.5407,222.34,52.86
200,79,63.3178,50.5863,222.34,52.86
300,79,70.0353,50.1499,222.34,52.86
400,79,76.857,50.6411,222.34,52.86
500,79,83.2573,51.224,222.34,52.86
600,79,89.2108,51.8176,222.34,52.86
700,79,95.4427,51.9607,222.34,52.86
800,79,101.903,51.7048,222.34,52.86
900,79,108.375,52.07,222.34,52.86
1000,79,114.568,51.8241,222.34,52.86
1100,79,121.658,52.196,222.34,52.86
1200,79,128.132,52.943,222.34,52.86
1300,79,133.948,53.1104,222.34,52.86
1400,79,140.302,53.5362,222.34,52.86
1500,79,146.52,54.1098,222.34,52.86
1600,79,152.936,52.5363,222.34,52.86
1700,79,158.867,52.7094,222.34,52.86
1800,79,165.053,52.4592,222.34,52.86
1900,79,171.603,53.6938,222.34,52.86
2000,79,177.591,53.118,222.34,52.86
2100,79,184.16,54.2748,222.34,52.86
2200,79,189.981,53.71,222.34,52.86
2300,79,196.221,53.0382,222.34,52.86
2400,79,202.878,53.2943,222.34,52.86
2500,79,209.64,53.5243,222.34,52.86
2600,79,216.07,54.2232,222.34,52.86
2700,79,222.598,54.4438,222.34,52.86
2800,79,228.589,53.9816,222.34,52.86
2900,79,235.166,53.5928,222.34,52.86
3000,79,241.202,53.9827,222.34,52.86
3100,79,247.766,53.8891,222.34,52.86
3200,79,254.528,53.6873,222.34,52.86
3300,79,260.667,54.726,222.34,52.86
3400,79,266.758,54.0584,222.34,52.86
3500,79,272.629,53.648,222.34,52.86
3600,79,278.637,53.8289,222.34,52.86
3700,79,285.327,55.1563,222.34,52.86
3800,79,291.33,55.5801,222.34,52.86
3900,79,297.513,55.5991,222.34,52.86
4000,79,303.686,55.2242,222.34,52.86
4100,79,310.243,56.5436,222.34,52.86
4200,79,316.722,57.1486,222.34,52.86
4300,79,322.951,57.7981,222.34,52.86
4400,79,329.836,57.7015,222.34,52.86
4500,79,336.321,58.4672,222.34,52.86
4600,79,342.695,58.6544,222.34,52.86
4700,79,348.534,57.5947,222.34,52.86
4800,79,354.856,58.1091,222.34,52.86
4900,79,360.938,57.8688,222.34,52.86
5000,79,367.453,57.5632,222.34,52.86
5100,79,373.862,57.7255,222.34,52.86
5200,79,379.68,57.3631,222.34,52.86
5300,79,385.349,57.5118,222.34,52.86
5400,79,391.59,57.1118,222.34,52.86
5500,79,397.87,57.8545,222.34,52.86
5600,79,404.335,57.6108,222.34,52.86
5700,79,410.453,57.6149,222.34,52.86
5800,79,416.732,58.0425,222.34,52.86
5900,79,423.423,58.0275,222.34,52.86
6000,79,429.569,57.1815,222.34,52.86
6100,79,436.061,56.1896,222.34,52.86
6200,79,442.425,56.8452,222.34,52.86
6300,79,448.879,57.1719,222.34,52.86
6400,79,455.892,58.3773,222.34,52.86
6500,79,462.667,58.2755,222.34,52.86
6600,79,469.187,57.7186,222.34,52.86
6700,79,475.884,58.7112,222.34,52.86
6800,79,482.135,59.4071,222.34,52.86
6900,79,488.25,58.6876,222.34,52.86
7000,79,494.428,59.6954,222.34,52.86
7100,79,501.038,58.6553,222.34,52.86
7200,79,507.174,59.2299,222.34,52.86
7300,79,513.185,59.4079,222.34,52.86
7400,79,519.498,60.1878,222.34,52.86
7500,79,526.018,59.8467,222.34,52.86
7600,79,532.265,58.972,222.34,52.86
7700,79,538.575,59.5164,222.34,52.86
7800,79,545.042,61.0018,222.34,52.86
7900,79,552.186,61.6105,222.34,52.86
8000,79,558.488,60.8239,222.34,52.86
8100,79,564.679,60.2541,222.34,52.86
8200,79,571.746,59.6223,222.34,52.86
8300,79,577.899,59.3729,222.34,52.86
8400,79,584.229,59.1104,222.34,52.86
8500,79,590.76,59.9201,222.34,52.86
8600,79,596.941,58.3324,222.34,52.86
8700,79,603.339,58.2073,222.34,52.86
8800,79,610.204,56.3756,222.34,52.86
8900,79,616.833,55.1058,222.34,52.86
9000,79,623.065,56.2534,222.34,52.86
9100,79,629.661,55.7699,222.34,52.86
9200,79,636.264,55.17,222.34,52.86
9300,79,642.5,54.6533,222.34,52.86
9400,79,648.927,54.1149,222.34,52.86
9500,79,655.069,53.4733,222.34,52.86
9600,79,661.659,52.6823,222.34,52.86
9700,79,667.903,53.0914,222.34,52.86
9800,79,674.433,53.7234,222.34,52.86
9900,79,680.565,53.8058,222.34,52.86
10000,79,686.954,53.1475,222.34,52.86
100,80,56.8102,48.7155,222.34,52.86
200,80,63.7157,48.5898,222.34,52.86
300,80,70.0305,47.6503,222.34,52.86
400,80,76.3726,48.3424,222.34,52.86
500,80,82.5306,46.9568,222.34,52.86
600,80,89.0066,45.4822,222.34,52.86
700,80,95.3299,45.2712,222.34,52.86
800,80,100.908,44.5153,222.34,52.86
900,80,107.658,43.4017,222.34,52.86
1000,80,114.02,43.1602,222.34,52.86
1100,80,119.883,42.5674,222.34,52.86
1200,80,126.455,43.9493,222.34,52.86
1300,80,133.32,44.1061,222.34,52.86
1400,80,140.359,45.4802,222.34,52.86
1500,80,147.036,44.7866,222.34,52.86
1600,80,153.03,44.0517,222.34,52.86
1700,80,159.288,44.6972,222.34,52.86
1800,80,165.801,43.9338,222.34,52.86
1900,80,172.17,44.2567,222.34,52.86
2000,80,178.863,43.7868,222.34,52.86
2100,80,185.228,43.3347,222.34,52.86
2200,80,191.844,43.6006,222.34,52.86
2300,80,197.624,43.5597,222.34,52.86
2400,80,204.378,44.4662,222.34,52.86
2500,80,210.837,44.3369,222.34,52.86
2600,80,217.028,43.9984,222.34,52.86
2700,80,223.542,43.486,222.34,52.86
2800,80,229.451,43.3076,222.34,52.86
2900,80,235.501,42.5507,222.34,52.86
3000,80,241.969,43.5913,222.34,52.86
3100,80,248.141,42.5927,222.34,52.86
3200,80,254.818,42.051,222.34,52.86
3300,80,260.875,41.4204,222.34,52.86
3400,80,267.758,41.0918,222.34,52.86
3500,80,274.543,43.273,222.34,52.86
3600,80,281.033,43.7659,222.34,52.86
3700,80,287.627,43.4382,222.34,52.86
3800,80,294.576,43.7251,222.34,52.86
3900,80,301.116,44.4701,222.34,52.86
4000,80,307.228,44.8129,222.34,52.86
4100,80,313.715,45.6427,222.34,52.86
4200,80,319.735,45.5233,222.34,52.86
4300,80,326.497,44.9104,222.34,52.86
4400,80,332.469,44.1322,222.34,52.86
4500,80,339.102,44.1705,222.34,52.86
4600,80,345.144,45.1785,222.34,52.86
4700,80,352.206,45.4194,222.34,52.86
4800,80,358.314,45.8529,222.34,52.86
4900,80,365.148,46.5881,222.34,52.86
5000,80,371.383,46.1546,222.34,52.86
5100,80,377.039,47.5853,222.34,52.86
5200,80,383.259,47.126,222.34,52.86
5300,80,389.061,48.5297,222.34,52.86
5400,80,395.493,50.4441,222.34,52.86
5500,80,402.191,50.9467,222.34,52.86
5600,80,408.477,49.9934,222.34,52.86
5700,80,415.654,50.298,222.34,52.86
5800,80,422.223,50.1419,222.34,52.86
5900,80,428.762,50.3066,222.34,52.86
6000,80,435.175,49.0065,222.34,52.86
6100,80,441.417,49.7995,222.34,52.86
6200,80,447.963,48.6,222.34,52.86
6300,80,454.21,49.7109,222.34,52.86
6400,80,460.978,50.1148,222.34,52.86
6500,80,467.216,50.2789,222.34,52.86
6600,80,473.603,49.9341,222.34,52.86
6700,80,480.043,50.8503,222.34,52.86
6800,80,486.496,51.2028,222.34,52.86
6900,80,492.768,52.1921,222.34,52.86
7000,80,498.792,52.4204,222.34,52.86
7100,80,504.866,52.4961,222.34,52.86
7200,80,511.077,51.8874,222.34,52.86
7300,80,517.473,51.9723,222.34,52.86
7400,80,523.664,54.1033,222.34,52.86
7500,80,530.229,54.3951,222.34,52.86
7600,80,536.658,55.8416,222.34,52.86
7700,80,543.115,54.7002,222.34,52.86
7800,80,549.239,54.6281,222.34,52.86
7900,80,555.656,54.194,222.34,52.86
8000,80,561.92,53.6333,222.34,52.86
8100,80,568.15,52.7991,222.34,52.86
8200,80,574.37,53.9873,222.34,52.86
8300,80,581.117,53.6438,222.34,52.86
8400,80,587.953,54.7014,222.34,52.86
8500,80,594.854,54.9482,222.34,52.86
8600,80,601.024,54.8511,222.34,52.86
8700,80,606.951,55.0839,222.34,52.86
8800,80,613.788,56.0092,222.34,52.86
8900,80,619.829,55.0784,222.34,52.86
9000,80,626.546,54.9017,222.34,52.86
9100,80,633.164,54.5588,222.34,52.86
9200,80,639.858,54.4101,222.34,52.86
9300,80,645.931,54.9548,222.34,52.86
9400,80,651.956,54.4683,222.34,52.86
9500,80,658.279,55.8279,222.34,52.86
9600,80,664.361,55.5497,222.34,52.86
9700,80,670.761,55.29,222.34,52.86
9800,80,676.789,56.5847,222.34,52.86
9900,80,683.154,57.5547,222.34,52.86
10000,80,690.026,57.9868,222.34,52.86
100,81,56.6149,50.4054,222.34,52.86
200,81,62.9519,50.8621,222.34,52.86
300,81,69.4769,50.8527,222.34,52.86
400,81,75.6208,51.9078,222.34,52.86
500,81,81.851,52.242,222.34,52.86
600,81,88.4852,52.6685,222.34,52.86
700,81,94.1699,51.9768,222.34,52.86
800,81,100.075,51.3837,222.34,52.86
900,81,106.373,50.7364,222.34,52.86
1000,81,113.153,50.3253,222.34,52.86
1100,81,119.466,51.0411,222.34,52.86
1200,81,125.818,51.6487,222.34,52.86
1300,81,132.089,51.5558,222.34,52.86
1400,81,139.084,53.1386,222.34,52.86
1500,81,145.849,53.3671,222.34,52.86
1600,81,152.291,54.5631,222.34,52.86
1700,81,158.773,55.3179,222.34,52.86
1800,81,165.4,54.7689,222.34,52.86
1900,81,171.633,54.903,222.34,52.86
2000,81,177.894,56.1465,222.34,52.86
2100,81,184.32,56.2488,222.34,52.86
2200,81,190.43,55.1853,222.34,52.86
2300,81,196.749,56.3096,222.34,52.86
2400,81,202.838,55.2764,222.34,52.86
2500,81,208.896,54.5652,222.34,52.86
2600,81,215.615,54.8367,222.34,52.86
2700,81,221.913,54.9568,222.34,52.86
2800,81,227.967,54.0579,222.34,52.86
2900,81,234.314,53.3914,222.34,52.86
3000,81,240.613,53.1069,222.34,52.86
3100,81,247.63,53.4303,222.34,52.86
3200,81,254.076,54.5161,222.34,52.86
3300,81,260.302,54.493,222.34,52.86
3400,81,267.152,55.3483,222.34,52.86
3500,81,273.806,54.8823,222.34,52.86
3600,81,280.3,54.9327,222.34,52.86
3700,81,286.606,54.6866,222.34,52.86
3800,81,292.989,55.1891,222.34,52.86
3900,81,299.406,54.4141,222.34,52.86
4000,81,305.881,53.6396,222.34,52.86
4100,81,312.527,52.5015,222.34,52.86
4200,81,319.096,52.3859,222.34,52.86
4300,81,325.427,52.8239,222.34,52.86
4400,81,331.64,52.9797,222.34,52.86
4500,81,338.084,53.1699,222.34,52.86
4600,81,344.312,52.3522,222.34,52.86
4700,81,350.476,52.8232,222.34,52.86
4800,81,357.048,53.0281,222.34,52.86
4900,81,363.465,52.8039,222.34,52.86
5000,81,370.294,50.7375,222.34,52.86
5100,81,376.372,51.7265,222.34,52.86
5200,81,382.602,52.3306,222.34,52.86
5300,81,388.837,52.3952,222.34,52.86
5400,81,395.015,52.6773,222.34,52.86
5500,81,401.329,53.3223,222.34,52.86
5600,81,407.265,53.7021,222.34,52.86
5700,81,413.851,53.5273,222.34,52.86
5800,81,420.324,52.5784,222.34,52.86
5900,81,426.774,52.6356,222.34,52.86
6000,81,432.529,53.0505,222.34,52.86
6100,81,438.738,53.459,222.34,52.86
6200,81,445.317,53.7407,222.34,52.86
6300,81,451.918,53.2209,222.34,52.86
6400,81,458.323,53.3185,222.34,52.86
6500,81,464.858,51.6515,222.34,52.86
6600,81,471.132,51.2372,222.34,52.86
6700,81,477.759,50.497,222.34,52.86
6800,81,484.039,50.7439,222.34,52.86
6900,81,490.709,50.6223,222.34,52.86
7000,81,496.946,50.1865,222.34,52.86
7100,81,503.062,50.9034,222.34,52.86
7200,81,509.578,50.1503,222.34,52.86
7300,81,515.981,49.7639,222.34,52.86
7400,81,522.27,49.1158,222.34,52.86
7500,81,528.632,48.3853,222.34,52.86
7600,81,534.747,47.6178,222.34,52.86
7700,81,541.089,47.8811,222.34,52.86
7800,81,547.308,47.3512,222.34,52.86
7900,81,553.822,48.4146,222.34,52.86
8000,81,559.484,49.0478,222.34,52.86
8100,81,565.662,50.148,222.34,52.86
8200,81,572.108,49.6844,222.34,52.86
8300,81,579.218,49.9081,222.34,52.86
8400,81,586.159,49.8345,222.34,52.86
8500,81,592.397,49.6946,222.34,52.86
8600,81,597.922,50.4829,222.34,52.86
8700,81,604.709,50.1767,222.34,52.86
8800,81,611.249,50.6581,222.34,52.86
8900,81,617.113,49.9527,222.34,52.86
9000,81,623.757,50.5567,222.34,52.86
9100,81,630.2,50.0075,222.34,52.86
9200,81,636.155,50.8365,222.34,52.86
9300,81,642.262,51.1921,222.34,52.86
9400,81,648.912,51.1452,222.34,52.86
9500,81,655.31,51.5343,222.34,52.86
9600,81,661.735,51.2076,222.34,52.86
9700,81,668.444,51.5912,222.34,52.86
9800,81,674.987,52.8636,222.34,52.86
9900,81,681.336,52.5425,222.34,52.86
10000,81,687.829,51.5099,222.34,52.86
100,82,56.1233,50.0404,222.34,52.86
200,82,62.4138,50.642,222.34,52.86
300,82,68.708,50.1259,222.34,52.86
400,82,75.417,50.774,222.34,52.86
500,82,81.7939,50.7707,222.34,52.86
600,82,88.1987,51.3594,222.34,52.86
700,82,94.6406,51.8621,222.34,52.86
800,82,100.685,53.2064,222.34,52.86
900,82,107.185,54.2311,222.34,52.86
1000,82,113.081,53.5163,222.34,52.86
1100,82,118.981,52.3989,222.34,52.86
1200,82,124.822,52.8307,222.34,52.86
1300,82,131.103,53.7123,222.34,52.86
1400,82,137.359,53.3348,222.34,52.86
1500,82,143.651,54.1077,222.34,52.86
1600,82,149.999,54.5287,222.34,52.86
1700,82,156.506,54.6486,222.34,52.86
1800,82,162.88,56.3276,222.34,52.86
1900,82,169.522,55.9108,222.34,52.86
2000,82,176.088,56.0134,222.34,52.86
2100,82,182.398,56.0911,222.34,52.86
2200,82,188.97,55.6622,222.34,52.86
2300,82,195.548,54.723,222.34,52.86
2400,82,202.161,54.5081,222.34,52.86
2500,82,208.347,55.9914,222.34,52.86
2600,82,214.774,55.4193,222.34,52.86
2700,82,220.833,56.6805,222.34,52.86
2800,82,227.519,58.2016,222.34,52.86
2900,82,234.463,58.2371,222.34,52.86
3000,82,240.04,57.3752,222.34,52.86
3100,82,246.616,55.8002,222.34,52.86
3200,82,252.963,54.0544,222.34,52.86
3300,82,259.697,53.398,222.34,52.86
3400,82,266.268,53.1337,222.34,52.86
3500,82,272.86,52.1355,222.34,52.86
3600,82,279.107,51.748,222.34,52.86
3700,82,285.324,51.3551,222.34,52.86
3800,82,291.764,50.3321,222.34,52.86
3900,82,298.382,50.0178,222.34,52.86
4000,82,304.641,50.7174,222.34,52.86
4100,82,310.84,50.5863,222.34,52.86
4200,82,316.841,51.2782,222.34,52.86
4300,82,323.58,51.5721,222.34,52.86
4400,82,329.889,51.9191,222.34,52.86
4500,82,336.282,51.42,222.34,52.86
4600,82,342.721,51.7212,222.34,52.86
4700,82,349.799,52.2615,222.34,52.86
4800,82,356.334,52.809,222.34,52.86
4900,82,362.668,52.3182,222.34,52.86
5000,82,368.863,53.5613,222.34,52.86
5100,82,375.362,52.8181,222.34,52.86
5200,82,381.823,53.2643,222.34,52.86
5300,82,388.178,52.8529,222.34,52.86
5400,82,394.029,52.0924,222.34,52.86
5500,82,400.256,52.4702,222.34,52.86
5600,82,406.365,52.0025,222.34,52.86
5700,82,412.423,52.7042,222.34,52.86
5800,82,419.048,52.7848,222.34,52.86
5900,82,425.243,51.5975,222.34,52.86
6000,82,431.431,52.5134,222.34,52.86
6100,82,438.03,52.0292,222.34,52.86
6200,82,444.447,51.4867,222.34,52.86
6300,82,450.495,51.5486,222.34,52.86
6400,82,456.661,50.582,222.34,52.86
6500,82,462.746,50.0293,222.34,52.86
6600,82,469.225,49.0381,222.34,52.86
6700,82,476.149,48.6044,222.34,52.86
6800,82,481.566,48.3075,222.34,52.86
6900,82,487.727,48.1181,222.34,52.86
7000,82,494.081,48.7485,222.34,52.86
7100,82,500.564,48.9428,222.34,52.86
7200,82,506.994,49.4106,222.34,52.86
7300,82,513.608,50.0114,222.34,52.86
7400,82,519.631,49.2763,222.34,52.86
7500,82,525.992,49.1696,222.34,52.86
7600,82,532.221,49.6121,222.34,52.86
7700,82,539.029,49.5443,222.34,52.86
7800,82,545.397,49.6758,222.34,52.86
7900,82,551.968,49.8924,222.34,52.86
8000,82,558.67,50.429,222.34,52.86
8100,82,564.669,50.6574,222.34,52.86
8200,82,570.726,50.8805,222.34,52.86
8300,82,576.582,51.2595,222.34,52.86
8400,82,582.808,51.2622,222.34,52.86
8500,82,589.224,52.305,222.34,52.86
8600,82,595.773,52.0671,222.34,52.86
8700,82,602.534,51.977,222.34,52.86
8800,82,609.272,49.3791,222.34,52.86
8900,82,615.626,47.738,222.34,52.86
9000,82,621.965,48.6357,222.34,52.86
9100,82,628.424,48.2804,222.34,52.86
9200,82,635.177,48.7354,222.34,52.86
9300,82,641.665,48.6056,222.34,52.86
9400,82,647.586,49.7969,222.34,52.86
9500,82,654.041,50.0547,222.34,52.86
9600,82,660.265,50.3979,222.34,52.86
9700,82,667.219,50.1388,222.34,52.86
9800,82,673.927,49.5934,222.34,52.86
9900,82,680.294,49.3814,222.34,52.86
10000,82,686.482,50.6721,222.34,52.86
100,83,55.9397,50.4782,222.34,52.86
200,83,62.2832,50.1397,222.34,52.86
300,83,68.8802,49.5288,222.34,52.86
400,83,74.7922,48.9809,222.34,52.86
500,83,81.604,48.9752,222.34,52.86
600,83,88.0692,49.5973,222.34,52.86
700,83,94.9278,49.1266,222.34,52.86
800,83,101.181,49.2173,222.34,52.86
900,83,107.297,48.3857,222.34,52.86
1000,83,113.978,49.1342,222.34,52.86
1100,83,119.973,47.7558,222.34,52.86
1200,83,126.644,47.4188,222.34,52.86
1300,83,132.936,47.748,222.34,52.86
1400,83,139.261,47.6813,222.34,52.86
1500,83,145.902,47.6697,222.34,52.86
1600,83,152.233,47.9152,222.34,52.86
1700,83,158.29,47.3713,222.34,52.86
1800,83,163.76,48.4416,222.34,52.86
1900,83,170.082,47.8802,222.34,52.86
2000,83,177.089,48.2894,222.34,52.86
2100,83,183.141,48.1863,222.34,52.86
2200,83,190.225,49.1239,222.34,52.86
2300,83,196.22,50.0619,222.34,52.86
2400,83,202.819,50.1752,222.34,52.86
2500,83,209.107,50.9253,222.34,52.86
2600,83,215.004,50.3599,222.34,52.86
2700,83,221.57,50.4142,222.34,52.86
2800,83,228.46,50.94,222.34,52.86
2900,83,234.646,50.8394,222.34,52.86
3000,83,241.266,50.4187,222.34,52.86
3100,83,247.358,50.2872,222.34,52.86
3200,83,254.037,49.9829,222.34,52.86
3300,83,260.777,50.1617,222.34,52.86
3400,83,267.105,49.8384,222.34,52.86
3500,83,273.744,49.2586,222.34,52.86
3600,83,280.347,48.9678,222.34,52.86
3700,83,286.973,48.6668,222.34,52.86
3800,83,292.887,48.789,222.34,52.86
3900,83,299.111,50.0247,222.34,52.86
4000,83,305.254,51.5466,222.34,52.86
4100,83,311.142,51.7023,222.34,52.86
4200,83,317.351,51.6197,222.34,52.86
4300,83,323.306,51.2889,222.34,52.86
4400,83,329.903,51.2749,222.34,52.86
4500,83,336.036,51.5948,222.34,52.86
4600,83,342.316,51.5506,222.34,52.86
4700,83,348.838,51.5265,222.34,52.86
4800,83,354.936,51.9381,222.34,52.86
4900,83,361.416,52.0244,222.34,52.86
5000,83,367.716,52.5716,222.34,52.86
5100,83,374.468,53.287,222.34,52.86
5200,83,380.464,52.3513,222.34,52.86
5300,83,387.295,51.1927,222.34,52.86
5400,83,393.634,50.7133,222.34,52.86
5500,83,399.837,51.6444,222.34,52.86
5600,83,406.382,50.85,222.34,52.86
5700,83,412.815,50.2955,222.34,52.86
5800,83,419.42,50.9875,222.34,52.86
5900,83,426.235,51.29,222.34,52.86
6000,83,432.649,52.2937,222.34,52.86
6100,83,439.498,52.7792,222.34,52.86
6200,83,446.166,53.9231,222.34,52.86
6300,83,452.874,53.2165,222.34,52.86
6400,83,459.405,53.6656,222.34,52.86
6500,83,465.566,52.8088,222.34,52.86
6600,83,471.721,52.9531,222.34,52.86
6700,83,478.178,53.7361,222.34,52.86
6800,83,484.39,53.1227,222.34,52.86
6900,83,490.975,53.0172,222.34,52.86
7000,83,497.711,53.4859,222.34,52.86
7100,83,504.114,54.5085,222.34,52.86
7200,83,510.411,54.8314,222.34,52.86
7300,83,516.461,53.8027,222.34,52.86
7400,83,522.775,53.2675,222.34,52.86
7500,83,529.133,52.5772,222.34,52.86
7600,83,534.717,52.7881,222.34,52.86
7700,83,541.179,53.3674,222.34,52.86
7800,83,547.604,52.6862,222.34,52.86
7900,83,553.387,52.4969,222.34,52.86
8000,83,559.908,52.1649,222.34,52.86
8100,83,567.061,52.3489,222.34,52.86
8200,83,572.873,52.2719,222.34,52.86
8300,83,578.97,53.4746,222.34,52.86
8400,83,585.289,53.7849,222.34,52.86
8500,83,591.459,55.0395,222.34,52.86
8600,83,597.843,55.7501,222.34,52.86
8700,83,603.905,56.3322,222.34,52.86
8800,83,609.763,56.2644,222.34,52.86
8900,83,616.326,55.0491,222.34,52.86
9000,83,622.772,55.5425,222.34,52.86
9100,83,629.436,54.2539,222.34,52.86
9200,83,635.352,54.3454,222.34,52.86
9300,83,642.078,55.2263,222.34,52.86
9400,83,648.765,55.4531,222.34,52.86
9500,83,655.126,55.835,222.34,52.86
9600,83,661.548,55.5372,222.34,52.86
9700,83,667.501,54.9422,222.34,52.86
9800,83,674.154,54.7811,222.34,52.86
9900,83,680.522,54.5108,222.34,52.86
10000,83,686.829,54.9937,222.34,52.86
100,84,56.4343,49.4184,222.34,52.86
200,84,63.247,49.1748,222.34,52.86
300,84,69.5689,48.9005,222.34,52.86
400,84,75.8995,48.7942,222.34,52.86
500,84,82.1456,49.5376,222.34,52.86
600,84,88.5451,49.0115,222.34,52.86
700,84,95.3918,48.0132,222.34,52.86
800,84,101.232,46.1439,222.34,52.86
900,84,107.17,45.2615,222.34,52.86
1000,84,113.539,45.2403,222.34,52.86
1100,84,120.128,45.7911,222.34,52.86
1200,84,126.872,45.4575,222.34,52.86
1300,84,132.999,44.7757,222.34,52.86
1400,84,139.275,44.1568,222.34,52.86
1500,84,145.737,43.6895,222.34,52.86
1600,84,151.992,44.3118,222.34,52.86
1700,84,158.202,43.8843,222.34,52.86
1800,84,164.848,43.8444,222.34,52.86
1900,84,171.524,45.1324,222.34,52.86
2000,84,178.347,44.7185,222.34,52.86
2100,84,184.017,44.8792,222.34,52.86
2200,84,190.994,45.4091,222.34,52.86
2300,84,197.417,45.6446,222.34,52.86
2400,84,203.908,45.5629,222.34,52.86
2500,84,209.965,43.5251,222.34,52.86
2600,84,216.375,43.7968,222.34,52.86
2700,84,222.543,43.61,222.34,52.86
2800,84,228.813,44.6373,222.34,52.86
2900,84,235.075,44.7772,222.34,52.86
3000,84,241.521,46.331,222.34,52.86
3100,84,248.11,48.073,222.34,52.86
3200,84,254.803,48.2027,222.34,52.86
3300,84,261.447,47.6201,222.34,52.86
3400,84,267.585,47.09,222.34,52.86
3500,84,274.011,46.7964,222.34,52.86
3600,84,280.074,46.8684,222.34,52.86
3700,84,286.54,46.1935,222.34,52.86
3800,84,293.852,46.9791,222.34,52.86
3900,84,300.427,46.8055,222.34,52.86
4000,84,306.611,46.8403,222.34,52.86
4100,84,312.933,47.7642,222.34,52.86
4200,84,318.967,47.3609,222.34,52.86
4300,84,325.209,46.8526,222.34,52.86
4400,84,331.592,47.0942,222.34,52.86
4500,84,337.95,47.0391,222.34,52.86
4600,84,344.43,46.467,222.34,52.86
4700,84,351.066,46.1769,222.34,52.86
4800,84,357.435,45.3807,222.34,52.86
4900,84,364.141,45.4415,222.34,52.86
5000,84,370.424,45.2889,222.34,52.86
5100,84,376.541,45.1647,222.34,52.86
5200,84,382.398,45.647,222.34,52.86
5300,84,388.504,45.658,222.34,52.86
5400,84,394.769,45.5084,222.34,52.86
5500,84,401.671,46.4687,222.34,52.86
5600,84,407.397,46.4147,222.34,52.86
5700,84,414.229,46.06,222.34,52.86
5800,84,420.494,45.1611,222.34,52.86
5900,84,427.494,46.0371,222.34,52.86
6000,84,434.042,47.8888,222.34,52.86
6100,84,440.634,48.1523,222.34,52.86
6200,84,446.471,49.2016,222.34,52.86
6300,84,452.712,49.3508,222.34,52.86
6400,84,459.486,49.2132,222.34,52.86
6500,84,465.742,49.5412,222.34,52.86
6600,84,472.088,50.3111,222.34,52.86
6700,84,478.399,51.5329,222.34,52.86
6800,84,484.631,51.4348,222.34,52.86
6900,84,491.075,50.8579,222.34,52.86
7000,84,497.583,51.8962,222.34,52.86
7100,84,504.563,52.7113,222.34,52.86
7200,84,511.131,53.0544,222.34,52.86
7300,84,517.459,53.2516,222.34,52.86
7400,84,523.774,53.872,222.34,52.86
7500,84,530.269,54.5537,222.34,52.86
7600,84,536.127,54.3789,222.34,52.86
7700,84,542.442,55.421,222.34,52.86
7800,84,548.815,55.4431,222.34,52.86
7900,84,555.216,54.2677,222.34,52.86
8000,84,561.958,53.9,222.34,52.86
8100,84,568.626,54.2913,222.34,52.86
8200,84,574.734,53.8247,222.34,52.86
8300,84,581.209,53.7352,222.34,52.86
8400,84,587.752,53.8125,222.34,52.86
8500,84,594.498,53.6705,222.34,52.86
8600,84,601.255,53.3737,222.34,52.86
8700,84,607.174,53.7936,222.34,52.86
8800,84,613.2,54.7905,222.34,52.86
8900,84,619.662,54.7152,222.34,52.86
9000,84,626.02,55.2414,222.34,52.86
9100,84,632.106,55.2328,222.34,52.86
9200,84,638.165,55.3782,222.34,52.86
9300,84,644.059,55.586,222.34,52.86
9400,84,650.011,56.0446,222.34,52.86
9500,84,655.414,55.4097,222.34,52.86
9600,84,661.217,54.8217,222.34,52.86
9700,84,668.022,54.6761,222.34,52.86
9800,84,674.326,53.0984,222.34,52.86
9900,84,681.04,52.7698,222.34,52.86
10000,84,688.049,53.47,222.34,52.86
100,85,56.8383,50.0068,222.34,52.86
200,85,63.4344,50.1544,222.34,52.86
300,85,69.3739,49.7743,222.34,52.86
400,85,75.8273,48.7442,222.34,52.86
500,85,82.3966,49.1701,222.34,52.86
600,85,88.2983,48.837,222.34,52.86
700,85,94.9933,48.3032,222.34,52.86
800,85,101.064,48.0875,222.34,52.86
900,85,107.635,47.8908,222.34,52.86
1000,85,113.883,48.5985,222.34,52.86
1100,85,119.833,47.9501,222.34,52.86
1200,85,126.186,49.4437,222.34,52.86
1300,85,132.773,50.1664,222.34,52.86
1400,85,139.691,49.4907,222.34,52.86
1500,85,145.712,50.2377,222.34,52.86
1600,85,151.574,51.1133,222.34,52.86
1700,85,158.381,50.8148,222.34,52.86
1800,85,164.97,49.571,222.34,52.86
1900,85,171.807,49.3029,222.34,52.86
2000,85,178.375,48.8778,222.34,52.86
2100,85,184.986,48.9281,222.34,52.86
2200,85,191.458,48.606,222.34,52.86
2300,85,198.296,49.2382,222.34,52.86
2400,85,204.756,49.2627,222.34,52.86
2500,85,211.251,49.2903,222.34,52.86
2600,85,217.822,50.2063,222.34,52.86
2700,85,224.131,50.2151,222.34,52.86
2800,85,230.577,48.7037,222.34,52.86
2900,85,237.117,49.2406,222.34,52.86
3000,85,243.617,50.5533,222.34,52.86
3100,85,249.685,50.2181,222.34,52.86
3200,85,255.917,49.7567,222.34,52.86
3300,85,262.144,50.4641,222.34,52.86
3400,85,268.716,51.7045,222.34,52.86
3500,85,275.324,51.1688,222.34,52.86
3600,85,281.312,51.383,222.34,52.86
3700,85,287.641,51.3561,222.34,52.86
3800,85,294.126,51.8033,222.34,52.86
3900,85,300.221,52.0342,222.34,52.86
4000,85,306.795,52.4498,222.34,52.86
4100,85,313.595,51.0527,222.34,52.86
4200,85,319.646,50.2332,222.34,52.86
4300,85,325.757,51.5178,222.34,52.86
4400,85,332.202,51.5553,222.34,52.86
4500,85,338.579,51.2973,222.34,52.86
4600,85,344.858,50.3439,222.34,52.86
4700,85,351.308,50.8122,222.34,52.86
4800,85,357.383,51.183,222.34,52.86
4900,85,363.606,52.5492,222.34,52.86
5000,85,369.964,51.9088,222.34,52.86
5100,85,376.569,52.5397,222.34,52.86
5200,85,383.071,52.5392,222.34,52.86
5300,85,389.694,53.1357,222.34,52.86
5400,85,396.14,53.0667,222.34,52.86
5500,85,402.4,53.8953,222.34,52.86
5600,85,408.844,53.9967,222.34,52.86
5700,85,414.679,54.9613,222.34,52.86
5800,85,420.999,55.4721,222.34,52.86
5900,85,427.294,55.8675,222.34,52.86
6000,85,433.633,55.2042,222.34,52.86
6100,85,440.066,54.1061,222.34,52.86
6200,85,446.694,54.7366,222.34,52.86
6300,85,453.226,55.0763,222.34,52.86
6400,85,460.031,53.6722,222.34,52.86
6500,85,466.131,52.885,222.34,52.86
6600,85,472.8,53.0941,222.34,52.86
6700,85,479.242,53.1365,222.34,52.86
6800,85,486.035,53.0631,222.34,52.86
6900,85,492.433,52.4467,222.34,52.86
7000,85,497.977,51.0833,222.34,52.86
7100,85,504.234,51.2932,222.34,52.86
7200,85,510.266,50.9274,222.34,52.86
7300,85,516.506,52.4849,222.34,52.86
7400,85,523.414,51.9513,222.34,52.86
7500,85,529.331,52.9113,222.34,52.86
7600,85,535.639,52.4672,222.34,52.86
7700,85,541.756,52.6382,222.34,52.86
7800,85,547.607,52.2561,222.34,52.86
7900,85,553.547,53.1995,222.34,52.86
8000,85,559.456,51.4155,222.34,52.86
8100,85,565.691,51.247,222.34,52.86
8200,85,572.205,51.1635,222.34,52.86
8300,85,578.801,51.5536,222.34,52.86
8400,85,584.731,50.5201,222.34,52.86
8500,85,591.014,52.1082,222.34,52.86
8600,85,597.245,52.7801,222.34,52.86
8700,85,603.705,51.8822,222.34,52.86
8800,85,610.123,51.4773,222.34,52.86
8900,85,616.705,51.6343,222.34,52.86
9000,85,622.96,51.5857,222.34,52.86
9100,85,629.372,50.7258,222.34,52.86
9200,85,635.954,51.3062,222.34,52.86
9300,85,642.384,51.3042,222.34,52.86
9400,85,648.874,51.0453,222.34,52.86
9500,85,654.83,50.7743,222.34,52.86
9600,85,661.294,50.955,222.34,52.86
9700,85,668.006,50.8553,222.34,52.86
9800,85,674.499,50.2209,222.34,52.86
9900,85,680.398,50.6261,222.34,52.86
10000,85,686.638,51.8033,222.34,52.86
100,86,56.3466,49.3236,222.34,52.86
200,86,62.8159,49.2597,222.34,52.86
300,86,69.3825,49.453,222.34,52.86
400,86,75.9992,49.0521,222.34,52.86
500,86,81.9547,48.1832,222.34,52.86
600,86,88.1871,47.6041,222.34,52.86
700,86,94.5047,47.2357,222.34,52.86
800,86,101.232,47.2994,222.34,52.86
900,86,107.519,47.5219,222.34,52.86
1000,86,113.919,48.8024,222.34,52.86
1100,86,120.442,48.6875,222.34,52.86
1200,86,126.926,48.7944,222.34,52.86
1300,86,132.969,49.8128,222.34,52.86
1400,86,139.433,48.3946,222.34,52.86
1500,86,145.616,48.8585,222.34,52.86
1600,86,152.013,49.3641,222.34,52.86
1700,86,158.056,48.4663,222.34,52.86
1800,86,164.661,48.228,222.34,52.86
1900,86,170.75,48.1475,222.34,52.86
2000,86,177.38,48.4211,222.34,52.86
2100,86,183.915,48.8313,222.34,52.86
2200,86,190.583,49.2843,222.34,52.86
2300,86,197.188,48.9904,222.34,52.86
2400,86,203.286,48.894,222.34,52.86
2500,86,210.088,49.5031,222.34,52.86
2600,86,216.172,49.7401,222.34,52.86
2700,86,222.652,50.8283,222.34,52.86
2800,86,228.646,50.3914,222.34,52.86
2900,86,235.283,50.1918,222.34,52.86
3000,86,241.501,50.9757,222.34,52.86
3100,86,247.594,51.6077,222.34,52.86
3200,86,253.735,51.0171,222.34,52.86
3300,86,259.957,51.559,222.34,52.86
3400,86,266.503,51.0473,222.34,52.86
3500,86,272.837,51.5432,222.34,52.86
3600,86,279.261,51.3526,222.34,52.86
3700,86,285.444,51.256,222.34,52.86
3800,86,291.945,51.5884,222.34,52.86
3900,86,298.616,50.4844,222.34,52.86
4000,86,305.259,51.593,222.34,52.86
4100,86,311.583,51.0109,222.34,52.86
4200,86,317.827,51.6664,222.34,52.86
4300,86,324.533,52.5259,222.34,52.86
4400,86,331.113,52.4245,222.34,52.86
4500,86,337.228,52.2994,222.34,52.86
4600,86,343.753,52.1499,222.34,52.86
4700,86,350.602,52.8641,222.34,52.86
4800,86,356.575,53.3039,222.34,52.86
4900,86,362.962,53.3873,222.34,52.86
5000,86,369.808,52.7593,222.34,52.86
5100,86,376.88,51.2471,222.34,52.86
5200,86,382.66,51.1698,222.34,52.86
5300,86,389.708,50.2176,222.34,52.86
5400,86,396.026,50.5719,222.34,52.86
5500,86,401.816,51.1631,222.34,52.86
5600,86,408.18,50.1049,222.34,52.86
5700,86,414.007,49.0329,222.34,52.86
5800,86,420.095,49.7929,222.34,52.86
5900,86,426.601,51.6527,222.34,52.86
6000,86,433.269,51.0484,222.34,52.86
6100,86,439.821,51.7174,222.34,52.86
6200,86,446.263,51.3904,222.34,52.86
6300,86,452.712,50.6876,222.34,52.86
6400,86,459.406,51.1704,222.34,52.86
6500,86,465.371,52.0344,222.34,52.86
6600,86,471.455,51.8062,222.34,52.86
6700,86,477.691,52.6379,222.34,52.86
6800,86,483.708,53.73,222.34,52.86
6900,86,489.812,55.1772,222.34,52.86
7000,86,496.302,54.8188,222.34,52.86
7100,86,502.864,53.6707,222.34,52.86
7200,86,509.552,54.2329,222.34,52.86
7300,86,515.616,54.2141,222.34,52.86
7400,86,522.009,55.2117,222.34,52.86
7500,86,528.485,54.786,222.34,52.86
7600,86,535.033,55.2401,222.34,52.86
7700,86,540.945,54.8105,222.34,52.86
7800,86,547.162,54.88,222.34,52.86
7900,86,554.016,55.1484,222.34,52.86
8000,86,560.767,54.0437,222.34,52.86
8100,86,567.046,54.0762,222.34,52.86
8200,86,573.529,54.5174,222.34,52.86
8300,86,579.995,54.6963,222.34,52.86
8400,86,586.381,55.4952,222.34,52.86
8500,86,592.047,54.6596,222.34,52.86
8600,86,598.55,55.8952,222.34,52.86
8700,86,604.458,55.5835,222.34,52.86
8800,86,611.365,54.7811,222.34,52.86
8900,86,618.087,54.9974,222.34,52.86
9000,86,624.634,55.0515,222.34,52.86
9100,86,630.754,55.4734,222.34,52.86
9200,86,637.311,54.6411,222.34,52.86
9300,86,643.687,54.306,222.34,52.86
9400,86,650.086,53.2576,222.34,52.86
9500,86,656.411,54.7273,222.34,52.86
9600,86,662.013,54.5953,222.34,52.86
9700,86,668.797,54.3936,222.34,52.86
9800,86,675.511,53.5901,222.34,52.86
9900,86,681.607,53.3243,222.34,52.86
10000,86,687.586,51.4695,222.34,52.86
100,87,56.1002,49.7996,222.34,52.86
200,87,62.432,51.2573,222.34,52.86
300,87,68.7122,51.1974,222.34,52.86
400,87,74.7277,50.0888,222.34,52.86
500,87,80.9798,49.8088,222.34,52.86
600,87,87.3054,49.3884,222.34,52.86
700,87,93.3739,49.509,222.34,52.86
800,87,99.7214,50.2534,222.34,52.86
900,87,105.814,50.9717,222.34,52.86
1000,87,112.619,51.7994,222.34,52.86
1100,87,118.701,53.162,222.34,52.86
1200,87,125.234,52.8434,222.34,52.86
1300,87,131.684,52.73,222.34,52.86
1400,87,138.209,52.0593,222.34,52.86
1500,87,144.828,52.8927,222.34,52.86
1600,87,151.139,52.7256,222.34,52.86
1700,87,157.24,53.1012,222.34,52.86
1800,87,163.291,51.9768,222.34,52.86
1900,87,169.425,51.8625,222.34,52.86
2000,87,176.11,52.3204,222.34,52.86
2100,87,182.229,53.2185,222.34,52.86
2200,87,188.146,53.976,222.34,52.86
2300,87,194.537,52.9959,222.34,52.86
2400,87,200.982,52.3073,222.34,52.86
2500,87,207.687,51.84,222.34,52.86
2600,87,214.779,52.6306,222.34,52.86
2700,87,221.51,53.366,222.34,52.86
2800,87,228.292,52.8674,222.34,52.86
2900,87,234.192,53.6965,222.34,52.86
3000,87,239.784,55.4267,222.34,52.86
3100,87,246.04,54.8491,222.34,52.86
3200,87,252.047,54.896,222.34,52.86
3300,87,258.812,55.8082,222.34,52.86
3400,87,265.125,55.6046,222.34,52.86
3500,87,272.004,54.2982,222.34,52.86
3600,87,278.35,54.026,222.34,52.86
3700,87,284.681,54.4229,222.34,52.86
3800,87,291.164,54.5532,222.34,52.86
3900,87,297.602,55.598,222.34,52.86
4000,87,303.779,55.6933,222.34,52.86
4100,87,310.214,56.5796,222.34,52.86
4200,87,316.914,56.2479,222.34,52.86
4300,87,323.297,57.5696,222.34,52.86
4400,87,329.894,57.8801,222.34,52.86
4500,87,335.755,58.1596,222.34,52.86
4600,87,342.046,58.878,222.34,52.86
4700,87,348.512,59.0806,222.34,52.86
4800,87,354.645,59.1689,222.34,52.86
4900,87,361.318,60.0443,222.34,52.86
5000,87,368.09,60.9525,222.34,52.86
5100,87,374.768,61.1367,222.34,52.86
5200,87,381.62,62.6231,222.34,52.86
5300,87,387.991,63.9677,222.34,52.86
5400,87,394.619,63.5283,222.34,52.86
5500,87,400.993,62.8583,222.34,52.86
5600,87,407.639,62.7849,222.34,52.86
5700,87,414.006,62.694,222.34,52.86
5800,87,420.13,63.3345,222.34,52.86
5900,87,426.418,62.4073,222.34,52.86
6000,87,432.651,62.4812,222.34,52.86
6100,87,438.96,62.7687,222.34,52.86
6200,87,445.094,63.5455,222.34,52.86
6300,87,452.167,63.2711,222.34,52.86
6400,87,458.179,64.1298,222.34,52.86
6500,87,465.212,64.1321,222.34,52.86
6600,87,471.445,63.7646,222.34,52.86
6700,87,477.676,63.7393,222.34,52.86
6800,87,483.917,64.6203,222.34,52.86
6900,87,490.456,64.3075,222.34,52.86
7000,87,497.027,62.9733,222.34,52.86
7100,87,502.898,63.0857,222.34,52.86
7200,87,509.397,62.5805,222.34,52.86
7300,87,516.208,62.0781,222.34,52.86
7400,87,522.754,62.9461,222.34,52.86
7500,87,528.808,63.5619,222.34,52.86
7600,87,535.117,62.6126,222.34,52.86
7700,87,542.039,64.0565,222.34,52.86
7800,87,548.585,63.244,222.34,52.86
7900,87,555.004,63.7627,222.34,52.86
8000,87,561.204,65.2478,222.34,52.86
8100,87,567.796,65.2769,222.34,52.86
8200,87,574.075,65.1991,222.34,52.86
8300,87,580.715,65.8099,222.34,52.86
8400,87,587.592,66.2663,222.34,52.86
8500,87,594.171,65.4182,222.34,52.86
8600,87,600.362,65.6729,222.34,52.86
8700,87,606.092,64.8952,222.34,52.86
8800,87,612.424,64.8044,222.34,52.86
8900,87,618.842,64.8955,222.34,52.86
9000,87,625.274,64.0658,222.34,52.86
9100,87,632.051,64.0017,222.34,52.86
9200,87,638.004,63.553,222.34,52.86
9300,87,644.25,63.1669,222.34,52.86
9400,87,650.259,63.8978,222.34,52.86
9500,87,656.698,63.3591,222.34,52.86
9600,87,662.955,62.957,222.34,52.86
9700,87,669.817,63.1126,222.34,52.86
9800,87,676.579,62.5413,222.34,52.86
9900,87,682.927,62.8146,222.34,52.86
10000,87,689.266,62.1275,222.34,52.86
100,88,56.6016,50.7632,222.34,52.86
200,88,63.0292,50.3843,222.34,52.86
300,88,69.2678,50.0791,222.34,52.86
400,88,75.7753,50.9362,222.34,52.86
500,88,81.6308,49.6956,222.34,52.86
600,88,87.9794,50.5098,222.34,52.86
700,88,94.2801,49.6492,222.34,52.86
800,88,100.296,49.1691,222.34,52.86
900,88,106.824,49.7992,222.34,52.86
1000,88,113.462,50.1925,222.34,52.86
1100,88,119.851,50.3569,222.34,52.86
1200,88,125.965,49.4653,222.34,52.86
1300,88,132.666,49.4735,222.34,52.86
1400,88,139.173,49.0174,222.34,52.86
1500,88,145.689,48.9039,222.34,52.86
1600,88,151.921,48.8276,222.34,52.86
1700,88,158.474,49.7366,222.34,52.86
1800,88,164.96,49.6897,222.34,52.86
1900,88,171.181,49.3199,222.34,52.86
2000,88,178.312,49.3328,222.34,52.86
2100,88,184.405,49.0562,222.34,52.86
2200,88,190.471,47.9093,222.34,52.86
2300,88,196.777,48.6539,222.34,52.86
2400,88,203.012,47.5288,222.34,52.86
2500,88,209.485,47.5559,222.34,52.86
2600,88,216.078,46.8718,222.34,52.86
2700,88,222.454,46.6308,222.34,52.86
2800,88,229.095,45.6261,222.34,52.86
2900,88,235.757,44.858,222.34,52.86
3000,88,242.4,46.3946,222.34,52.86
3100,88,248.823,46.423,222.34,52.86
3200,88,255.14,47.5404,222.34,52.86
3300,88,261.729,47.2498,222.34,52.86
3400,88,267.698,46.7154,222.34,52.86
3500,88,274.11,46.597,222.34,52.86
3600,88,280.587,47.1917,222.34,52.86
3700,88,287.15,48.0297,222.34,52.86
3800,88,293.42,48.6666,222.34,52.86
3900,88,299.288,48.601,222.34,52.86
4000,88,305.87,48.7002,222.34,52.86
4100,88,312.2,48.0258,222.34,52.86
4200,88,318.764,47.1996,222.34,52.86
4300,88,325.284,47.1613,222.34,52.86
4400,88,332.185,48.6198,222.34,52.86
4500,88,338.573,49.1835,222.34,52.86
4600,88,344.864,48.2396,222.34,52.86
4700,88,351.03,49.148,222.34,52.86
4800,88,357.797,49.2798,222.34,52.86
4900,88,363.791,49.7258,222.34,52.86
5000,88,370.221,50.13,222.34,52.86
5100,88,376.549,49.858,222.34,52.86
5200,88,382.904,49.5408,222.34,52.86
5300,88,388.58,49.8187,222.34,52.86
5400,88,394.447,50.2037,222.34,52.86
5500,88,401.043,50.4546,222.34,52.86
5600,88,407.47,50.5349,222.34,52.86
5700,88,413.517,50.451,222.34,52.86
5800,88,420.25,49.7189,222.34,52.86
5900,88,426.918,49.3462,222.34,52.86
6000,88,433.393,49.4768,222.34,52.86
6100,88,439.873,50.4293,222.34,52.86
6200,88,446.61,51.8736,222.34,52.86
6300,88,453.453,51.6802,222.34,52.86
6400,88,459.524,51.0089,222.34,52.86
6500,88,465.797,52.6434,222.34,52.86
6600,88,472.249,52.9232,222.34,52.86
6700,88,479.094,51.4916,222.34,52.86
6800,88,485.305,53.7832,222.34,52.86
6900,88,491.346,53.6653,222.34,52.86
7000,88,497.502,52.6998,222.34,52.86
7100,88,503.771,53.2412,222.34,52.86
7200,88,510.133,52.3646,222.34,52.86
7300,88,516.56,52.3293,222.34,52.86
7400,88,522.962,50.081,222.34,52.86
7500,88,528.83,48.7975,222.34,52.86
7600,88,535.132,47.8411,222.34,52.86
7700,88,541.467,46.6723,222.34,52.86
7800,88,547.709,46.2846,222.34,52.86
7900,88,553.967,47.3628,222.34,52.86
8000,88,560.252,48.1778,222.34,52.86
8100,88,567.01,48.413,222.34,52.86
8200,88,573.65,49.0369,222.34,52.86
8300,88,579.78,49.2601,222.34,52.86
8400,88,585.38,49.2569,222.34,52.86
8500,88,591.216,50.2019,222.34,52.86
8600,88,597.219,50.4038,222.34,52.86
8700,88,603.507,51.4728,222.34,52.86
8800,88,609.67,50.6904,222.34,52.86
8900,88,615.842,50.1486,222.34,52.86
9000,88,622.298,50.1598,222.34,52.86
9100,88,628.401,50.5352,222.34,52.86
9200,88,634.86,50.1442,222.34,52.86
9300,88,641.623,51.0086,222.34,52.86
9400,88,648.468,50.0506,222.34,52.86
9500,88,654.875,51.8339,222.34,52.86
9600,88,660.93,51.3884,222.34,52.86
9700,88,667.502,50.1797,222.34,52.86
9800,88,673.912,51.7733,222.34,52.86
9900,88,680.51,51.873,222.34,52.86
10000,88,686.98,51.8483,222.34,52.86
100,89,56.5812,50.078,222.34,52.86
200,89,62.9727,50.8395,222.34,52.86
300,89,69.6589,50.2959,222.34,52.86
400,89,75.5771,49.5254,222.34,52.86
500,89,81.8839,48.7341,222.34,52.86
600,89,88.1657,49.4823,222.34,52.86
700,89,94.0678,49.1466,222.34,52.86
800,89,100.589,49.5613,222.34,52.86
900,89,106.936,51.1075,222.34,52.86
1000,89,113.238,49.7562,222.34,52.86
1100,89,119.573,49.6029,222.34,52.86
1200,89,126.05,50.0368,222.34,52.86
1300,89,132.013,50.7838,222.34,52.86
1400,89,138.996,50.386,222.34,52.86
1500,89,144.967,50.2126,222.34,52.86
1600,89,151.177,50.0628,222.34,52.86
1700,89,157.748,50.3272,222.34,52.86
1800,89,163.191,50.3826,222.34,52.86
1900,89,169.251,50.5093,222.34,52.86
2000,89,175.572,51.7264,222.34,52.86
2100,89,182.083,51.916,222.34,52.86
2200,89,188.506,51.4777,222.34,52.86
2300,89,194.672,51.5433,222.34,52.86
2400,89,200.917,51.241,222.34,52.86
2500,89,207.326,51.6457,222.34,52.86
2600,89,213.949,51.0758,222.34,52.86
2700,89,220.76,50.8315,222.34,52.86
2800,89,227.513,49.9821,222.34,52.86
2900,89,234.284,49.032,222.34,52.86
3000,89,240.914,48.5318,222.34,52.86
3100,89,246.97,48.6541,222.34,52.86
3200,89,253.375,48.8741,222.34,52.86
3300,89,259.823,48.6932,222.34,52.86
3400,89,265.749,48.0421,222.34,52.86
3500,89,272.126,48.7335,222.34,52.86
3600,89,278.463,48.4333,222.34,52.86
3700,89,284.691,48.3953,222.34,52.86
3800,89,291.442,48.1886,222.34,52.86
3900,89,298.019,48.2197,222.34,52.86
4000,89,304.052,47.9406,222.34,52.86
4100,89,310.323,48.0288,222.34,52.86
4200,89,316.962,47.0104,222.34,52.86
4300,89,323.607,47.6421,222.34,52.86
4400,89,330.008,46.1676,222.34,52.86
4500,89,336.488,47.5486,222.34,52.86
4600,89,343.191,47.2747,222.34,52.86
4700,89,349.981,48.5527,222.34,52.86
4800,89,356.62,49.5058,222.34,52.86
4900,89,362.936,49.5378,222.34,52.86
5000,89,369.603,49.5587,222.34,52.86
5100,89,376.149,50.1016,222.34,52.86
5200,89,382.528,50.1799,222.34,52.86
5300,89,388.693,50.636,222.34,52.86
5400,89,394.749,51.0649,222.34,52.86
5500,89,401.663,51.7676,222.34,52.86
5600,89,407.686,53.0798,222.34,52.86
5700,89,413.841,53.7522,222.34,52.86
5800,89,420.759,53.0421,222.34,52.86
5900,89,427.918,52.9488,222.34,52.86
6000,89,434.293,53.2887,222.34,52.86
6100,89,441.162,54.2005,222.34,52.86
6200,89,447.383,55.0808,222.34,52.86
6300,89,453.673,53.2303,222.34,52.86
6400,89,460.398,52.6285,222.34,52.86
6500,89,466.295,51.9178,222.34,52.86
6600,89,472.259,52.9351,222.34,52.86
6700,89,478.497,53.5379,222.34,52.86
6800,89,485.178,54.0989,222.34,52.86
6900,89,492.143,53.7991,222.34,52.86
7000,89,498.76,54.3535,222.34,52.86
7100,89,505.215,53.2808,222.34,52.86
7200,89,511.761,53.245,222.34,52.86
7300,89,518.481,54.2114,222.34,52.86
7400,89,525.096,54.427,222.34,52.86
7500,89,532.016,54.3498,222.34,52.86
7600,89,538.141,55.5095,222.34,52.86
7700,89,544.252,55.7302,222.34,52.86
7800,89,550.719,56.5608,222.34,52.86
7900,89,557.626,56.3803,222.34,52.86
8000,89,564.533,55.9565,222.34,52.86
8100,89,571.027,56.1559,222.34,52.86
8200,89,576.94,55.5159,222.34,52.86
8300,89,582.971,56.3817,222.34,52.86
8400,89,588.907,57.8642,222.34,52.86
8500,89,595.175,57.587,222.34,52.86
8600,89,601.935,57.2256,222.34,52.86
8700,89,608.237,57.644,222.34,52.86
8800,89,614.327,59.4849,222.34,52.86
8900,89,620.821,59.1848,222.34,52.86
9000,89,627.167,59.2799,222.34,52.86
9100,89,633.085,59.0055,222.34,52.86
9200,89,639.507,58.8761,222.34,52.86
9300,89,646.051,58.0007,222.34,52.86
9400,89,651.889,57.778,222.34,52.86
9500,89,658.115,56.8888,222.34,52.86
9600,89,664.824,57.247,222.34,52.86
9700,89,670.95,58.0712,222.34,52.86
9800,89,677.724,58.4681,222.34,52.86
9900,89,683.992,58.8882,222.34,52.86
10000,89,690.698,59.6736,222.34,52.86
100,90,56.6243,50.4484,222.34,52.86
200,90,62.7484,48.8281,222.34,52.86
300,90,69.409,48.7027,222.34,52.86
400,90,75.89,48.7711,222.34,52.86
500,90,82.0857,48.5782,222.34,52.86
600,90,88.0585,48.8191,222.34,52.86
700,90,94.4037,48.7553,222.34,52.86
800,90,100.957,48.7108,222.34,52.86
900,90,108.06,49.4152,222.34,52.86
1000,90,113.924,50.3673,222.34,52.86
1100,90,120.111,52.067,222.34,52.86
1200,90,126.563,51.989,222.34,52.86
1300,90,132.774,52.4376,222.34,52.86
1400,90,138.759,52.41,222.34,52.86
1500,90,145.514,52.7768,222.34,52.86
1600,90,151.495,53.3663,222.34,52.86
1700,90,157.826,52.4927,222.34,52.86
1800,90,164.227,52.7722,222.34,52.86
1900,90,170.758,53.7005,222.34,52.86
2000,90,177.085,53.3162,222.34,52.86
2100,90,183.819,53.6984,222.34,52.86
2200,90,190.213,54.4242,222.34,52.86
2300,90,196.775,53.8568,222.34,52.86
2400,90,203.138,53.8498,222.34,52.86
2500,90,209.402,55.658,222.34,52.86
2600,90,216.146,54.8893,222.34,52.86
2700,90,222.515,54.9383,222.34,52.86
2800,90,228.861,56.2821,222.34,52.86
2900,90,234.826,56.1226,222.34,52.86
3000,90,241.41,55.6924,222.34,52.86
3100,90,247.924,55.5318,222.34,52.86
3200,90,254.363,54.3266,222.34,52.86
3300,90,260.915,54.5634,222.34,52.86
3400,90,267.866,55.1839,222.34,52.86
3500,90,274.554,54.2497,222.34,52.86
3600,90,281.342,53.3925,222.34,52.86
3700,90,287.686,53.5704,222.34,52.86
3800,90,293.772,54.1838,222.34,52.86
3900,90,299.995,54.0951,222.34,52.86
4000,90,306.541,55.205,222.34,52.86
4100,90,313.024,54.6412,222.34,52.86
4200,90,319.327,54.4633,222.34,52.86
4300,90,325.874,53.3768,222.34,52.86
4400,90,332.086,54.5282,222.34,52.86
4500,90,338.908,54.2079,222.34,52.86
4600,90,345.443,54.2021,222.34,52.86
4700,90,352.061,54.7779,222.34,52.86
4800,90,358.317,55.1606,222.34,52.86
4900,90,364.994,54.2372,222.34,52.86
5000,90,371.604,54.0858,222.34,52.86
5100,90,378.018,53.2665,222.34,52.86
5200,90,384.834,52.3278,222.34,52.86
5300,90,390.705,52.2748,222.34,52.86
5400,90,397.584,51.9995,222.34,52.86
5500,90,404.311,51.7488,222.34,52.86
5600,90,410.915,53.4865,222.34,52.86
5700,90,417.033,54.6827,222.34,52.86
5800,90,423.273,55.2061,222.34,52.86
5900,90,430.192,53.9395,222.34,52.86
6000,90,436.509,52.9331,222.34,52.86
6100,90,443.085,52.6179,222.34,52.86
6200,90,449.867,53.052,222.34,52.86
6300,90,456.193,52.8519,222.34,52.86
6400,90,462.698,52.2812,222.34,52.86
6500,90,469.459,52.4947,222.34,52.86
6600,90,475.75,53.0193,222.34,52.86
6700,90,481.776,52.277,222.34,52.86
6800,90,488.419,51.9235,222.34,52.86
6900,90,494.981,51.4305,222.34,52.86
7000,90,502.137,51.7012,222.34,52.86
7100,90,507.921,52.258,222.34,52.86
7200,90,514.127,52.3096,222.34,52.86
7300,90,520.117,53.0302,222.34,52.86
7400,90,526.752,53.3269,222.34,52.86
7500,90,533.144,52.2267,222.34,52.86
7600,90,539.206,52.8932,222.34,52.86
7700,90,545.194,52.2923,222.34,52.86
7800,90,551.772,53.2306,222.34,52.86
7900,90,558.666,53.4512,222.34,52.86
8000,90,564.968,51.9719,222.34,52.86
8100,90,570.903,52.2208,222.34,52.86
8200,90,576.933,51.6222,222.34,52.86
8300,90,583.028,51.3906,222.34,52.86
8400,90,589.402,50.3784,222.34,52.86
8500,90,595.718,51.0566,222.34,52.86
8600,90,602.595,51.69,222.34,52.86
8700,90,608.984,50.761,222.34,52.86
8800,90,615.736,50.1886,222.34,52.86
8900,90,622.033,50.4028,222.34,52.86
9000,90,628.415,51.6696,222.34,52.86
9100,90,635.276,51.981,222.34,52.86
9200,90,641.838,50.9208,222.34,52.86
9300,90,648.158,51.766,222.34,52.86
9400,90,654.404,52.1886,222.34,52.86
9500,90,660.642,52.2347,222.34,52.86
9600,90,667.057,51.767,222.34,52.86
9700,90,673.037,51.1562,222.34,52.86
9800,90,679.215,50.3463,222.34,52.86
9900,90,684.741,50.0421,222.34,52.86
10000,90,691.223,49.4391,222.34,52.86
100,91,56.1766,50.5812,222.34,52.86
200,91,62.7207,50.2947,222.34,52.86
300,91,69.1736,51.4804,222.34,52.86
400,91,74.9842,51.6292,222.34,52.86
500,91,81.9114,52.0826,222.34,52.86
600,91,87.7913,51.7859,222.34,52.86
700,91,94.4367,51.3376,222.34,52.86
800,91,100.686,51.9363,222.34,52.86
900,91,107.225,51.9583,222.34,52.86
1000,91,113.513,50.5955,222.34,52.86
1100,91,119.559,50.5614,222.34,52.86
1200,91,126.252,50.5708,222.34,52.86
1300,91,132.527,49.8843,222.34,52.86
1400,91,139.168,49.3628,222.34,52.86
1500,91,145.718,50.0409,222.34,52.86
1600,91,152.289,50.8012,222.34,52.86
1700,91,158.763,50.3574,222.34,52.86
1800,91,165.203,50.7899,222.34,52.86
1900,91,171.657,52.512,222.34,52.86
2000,91,178.377,52.0771,222.34,52.86
2100,91,184.634,51.8863,222.34,52.86
2200,91,190.674,51.5324,222.34,52.86
2300,91,197.736,53.1122,222.34,52.86
2400,91,204.32,53.0942,222.34,52.86
2500,91,210.595,52.9349,222.34,52.86
2600,91,216.938,53.4428,222.34,52.86
2700,91,223.57,53.288,222.34,52.86
2800,91,229.484,53.1203,222.34,52.86
2900,91,235.724,54.7637,222.34,52.86
3000,91,242.557,55.3834,222.34,52.86
3100,91,249.576,54.5328,222.34,52.86
3200,91,256.431,55.4752,222.34,52.86
3300,91,262.684,55.8564,222.34,52.86
3400,91,269.21,55.4552,222.34,52.86
3500,91,275.687,55.3362,222.34,52.86
3600,91,282.262,55.9284,222.34,52.86
3700,91,288.68,55.8455,222.34,52.86
3800,91,295.254,55.2558,222.34,52.86
3900,91,301.601,56.0923,222.34,52.86
4000,91,308.033,55.8978,222.34,52.86
4100,91,314.593,55.0716,222.34,52.86
4200,91,321.44,55.1317,222.34,52.86
4300,91,327.961,54.8623,222.34,52.86
4400,91,334.9,54.935,222.34,52.86
4500,91,341.478,55.2895,222.34,52.86
4600,91,347.921,55.4672,222.34,52.86
4700,91,354.343,54.3716,222.34,52.86
4800,91,360.814,54.7372,222.34,52.86
4900,91,367.201,55.3656,222.34,52.86
5000,91,373.972,55.5821,222.34,52.86
5100,91,380.363,54.3741,222.34,52.86
5200,91,386.629,54.4606,222.34,52.86
5300,91,392.674,54.3574,222.34,52.86
5400,91,398.719,54.1994,222.34,52.86
5500,91,405.18,54.3746,222.34,52.86
5600,91,411.338,53.4733,222.34,52.86
5700,91,417.452,52.1969,222.34,52.86
5800,91,423.692,52.9951,222.34,52.86
5900,91,429.661,53.802,222.34,52.86
6000,91,436.105,54.2451,222.34,52.86
6100,91,442.276,54.1187,222.34,52.86
6200,91,448.533,54.816,222.34,52.86
6300,91,454.77,54.2991,222.34,52.86
6400,91,460.689,54.7453,222.34,52.86
6500,91,466.677,55.7609,222.34,52.86
6600,91,473.167,54.7303,222.34,52.86
6700,91,479.922,53.5609,222.34,52.86
6800,91,486.407,54.0544,222.34,52.86
6900,91,492.84,55.1773,222.34,52.86
7000,91,498.995,55.9794,222.34,52.86
7100,91,505.494,55.1702,222.34,52.86
7200,91,511.643,54.1853,222.34,52.86
7300,91,517.641,54.8223,222.34,52.86
7400,91,523.865,55.2672,222.34,52.86
7500,91,530.391,55.801,222.34,52.86
7600,91,536.648,55.2563,222.34,52.86
7700,91,543.05,53.9361,222.34,52.86
7800,91,549.631,52.7977,222.34,52.86
7900,91,556.008,53.086,222.34,52.86
8000,91,562.535,52.5571,222.34,52.86
8100,91,568.944,53.2896,222.34,52.86
8200,91,575.29,52.5277,222.34,52.86
8300,91,581.463,51.4761,222.34,52.86
8400,91,587.9,51.6883,222.34,52.86
8500,91,593.695,52.4014,222.34,52.86
8600,91,600.532,52.0484,222.34,52.86
8700,91,606.925,50.5361,222.34,52.86
8800,91,612.406,49.652,222.34,52.86
8900,91,618.878,50.1466,222.34,52.86
9000,91,624.963,49.4142,222.34,52.86
9100,91,631.199,48.8705,222.34,52.86
9200,91,637.404,48.931,222.34,52.86
9300,91,644.302,49.7425,222.34,52.86
9400,91,650.997,49.2994,222.34,52.86
9500,91,656.961,49.2003,222.34,52.86
9600,91,663.134,50.0084,222.34,52.86
9700,91,669.158,50.0811,222.34,52.86
9800,91,675.514,49.3628,222.34,52.86
9900,91,681.665,50.4999,222.34,52.86
10000,91,687.823,50.0022,222.34,52.86
100,92,56.3828,50.0748,222.34,52.86
200,92,62.7456,49.9133,222.34,52.86
300,92,68.6651,49.0691,222.34,52.86
400,92,74.6364,49.6421,222.34,52.86
500,92,81.0374,49.108,222.34,52.86
600,92,87.5643,49.796,222.34,52.86
700,92,93.7346,50.1528,222.34,52.86
800,92,99.8474,50.9293,222.34,52.86
900,92,106.219,50.303,222.34,52.86
1000,92,112.93,50.5247,222.34,52.86
1100,92,119.331,51.0318,222.34,52.86
1200,92,125.1,50.7635,222.34,52.86
1300,92,131.64,48.3598,222.34,52.86
1400,92,137.515,47.796,222.34,52.86
1500,92,144.139,47.8836,222.34,52.86
1600,92,150.267,48.145,222.34,52.86
1700,92,156.389,50.2409,222.34,52.86
1800,92,162.604,49.0667,222.34,52.86
1900,92,169.639,50.1246,222.34,52.86
2000,92,176.416,50.7695,222.34,52.86
2100,92,182.511,50.508,222.34,52.86
2200,92,188.5,50.1303,222.34,52.86
2300,92,195.053,49.0635,222.34,52.86
2400,92,201.736,49.3148,222.34,52.86
2500,92,208.406,49.8468,222.34,52.86
2600,92,214.711,50.0734,222.34,52.86
2700,92,220.825,50.236,222.34,52.86
2800,92,227.262,50.6992,222.34,52.86
2900,92,234.078,51.5204,222.34,52.86
3000,92,240.859,51.5713,222.34,52.86
3100,92,247.133,50.9072,222.34,52.86
3200,92,254.166,48.8014,222.34,52.86
3300,92,261.046,48.8638,222.34,52.86
3400,92,267.141,48.9924,222.34,52.86
3500,92,273.569,49.3899,222.34,52.86
3600,92,279.645,49.8652,222.34,52.86
3700,92,286.296,48.9572,222.34,52.86
3800,92,292.633,47.956,222.34,52.86
3900,92,299.011,47.3802,222.34,52.86
4000,92,305.425,46.6631,222.34,52.86
4100,92,311.792,46.3224,222.34,52.86
4200,92,317.874,45.8171,222.34,52.86
4300,92,323.721,47.5818,222.34,52.86
4400,92,330.113,47.661,222.34,52.86
4500,92,336.742,46.9795,222.34,52.86
4600,92,342.945,46.7977,222.34,52.86
4700,92,349.675,46.6815,222.34,52.86
4800,92,355.655,46.1706,222.34,52.86
4900,92,361.966,45.0226,222.34,52.86
5000,92,368.471,44.6507,222.34,52.86
5100,92,375.033,45.498,222.34,52.86
5200,92,381.7,45.3451,222.34,52.86
5300,92,387.964,45.1777,222.34,52.86
5400,92,394.146,45.3252,222.34,52.86
5500,92,400.28,44.3102,222.34,52.86
5600,92,406.378,45.7095,222.34,52.86
5700,92,413.07,45.8341,222.34,52.86
5800,92,419.773,47.0773,222.34,52.86
5900,92,426.332,47.2483,222.34,52.86
6000,92,432.307,46.6285,222.34,52.86
6100,92,439.163,47.0689,222.34,52.86
6200,92,445.542,47.6711,222.34,52.86
6300,92,451.722,46.9034,222.34,52.86
6400,92,458.011,46.0433,222.34,52.86
6500,92,463.887,46.5255,222.34,52.86
6600,92,470.056,46.1665,222.34,52.86
6700,92,476.099,46.6072,222.34,52.86
6800,92,482.643,47.1438,222.34,52.86
6900,92,488.314,46.2594,222.34,52.86
7000,92,494.622,46.7256,222.34,52.86
7100,92,501.171,46.9586,222.34,52.86
7200,92,506.937,46.3911,222.34,52.86
7300,92,513.349,46.1921,222.34,52.86
7400,92,519.925,46.0493,222.34,52.86
7500,92,526.268,46.74,222.34,52.86
7600,92,532.951,46.8308,222.34,52.86
7700,92,539.176,46.647,222.34,52.86
7800,92,545.954,46.3872,222.34,52.86
7900,92,551.906,46.042,222.34,52.86
8000,92,558.462,46.1539,222.34,52.86
8100,92,565.595,47.2241,222.34,52.86
8200,92,571.72,47.873,222.34,52.86
8300,92,578.016,47.5442,222.34,52.86
8400,92,583.79,47.8912,222.34,52.86
8500,92,590.391,48.1774,222.34,52.86
8600,92,596.818,47.6843,222.34,52.86
8700,92,602.931,46.1109,222.34,52.86
8800,92,609.124,46.0972,222.34,52.86
8900,92,616.006,45.4086,222.34,52.86
9000,92,622.407,45.1665,222.34,52.86
9100,92,628.286,44.246,222.34,52.86
9200,92,634.835,43.8089,222.34,52.86
9300,92,641.271,43.3047,222.34,52.86
9400,92,648.443,43.8073,222.34,52.86
9500,92,654.234,43.0149,222.34,52.86
9600,92,660.983,43.5639,222.34,52.86
9700,92,667.332,44.5592,222.34,52.86
9800,92,673.403,44.3358,222.34,52.86
9900,92,679.76,43.4425,222.34,52.86
10000,92,686.353,43.8919,222.34,52.86
100,93,56.4087,50.6933,222.34,52.86
200,93,62.5609,50.9198,222.34,52.86
300,93,69.2738,50.7904,222.34,52.86
400,93,75.2783,51.7099,222.34,52.86
500,93,81.8974,50.5537,222.34,52.86
600,93,88.5356,50.7547,222.34,52.86
700,93,94.7227,50.5351,222.34,52.86
800,93,100.895,50.2708,222.34,52.86
900,93,107.335,50.0714,222.34,52.86
1000,93,113.88,49.497,222.34,52.86
1100,93,120.203,49.2719,222.34,52.86
1200,93,126.249,49.8771,222.34,52.86
1300,93,132.102,49.8989,222.34,52.86
1400,93,138.258,50.1671,222.34,52.86
1500,93,144.275,50.8224,222.34,52.86
1600,93,150.775,49.7891,222.34,52.86
1700,93,157.909,50.5335,222.34,52.86
1800,93,163.758,49.5192,222.34,52.86
1900,93,169.726,49.4788,222.34,52.86
2000,93,175.466,49.3663,222.34,52.86
2100,93,181.376,49.4712,222.34,52.86
2200,93,187.681,50.4495,222.34,52.86
2300,93,194.797,51.6986,222.34,52.86
2400,93,200.881,51.5449,222.34,52.86
2500,93,207.8,51.0917,222.34,52.86
2600,93,214.262,51.5256,222.34,52.86
2700,93,220.277,50.6713,222.34,52.86
2800,93,227.172,50.3705,222.34,52.86
2900,93,233.541,50.8517,222.34,52.86
3000,93,240.73,51.373,222.34,52.86
3100,93,246.93,51.364,222.34,52.86
3200,93,252.959,52.1166,222.34,52.86
3300,93,259.328,52.9638,222.34,52.86
3400,93,265.721,52.7183,222.34,52.86
3500,93,271.798,52.9655,222.34,52.86
3600,93,278.143,53.779,222.34,52.86
3700,93,284.959,54.3457,222.34,52.86
3800,93,290.82,55.6048,222.34,52.86
3900,93,297.907,55.0143,222.34,52.86
4000,93,304.599,55.356,222.34,52.86
4100,93,311.509,55.3734,222.34,52.86
4200,93,317.587,55.3788,222.34,52.86
4300,93,324.176,55.3343,222.34,52.86
4400,93,330.289,55.6407,222.34,52.86
4500,93,336.782,55.7886,222.34,52.86
4600,93,343.724,56.5739,222.34,52.86
4700,93,350.414,55.8278,222.34,52.86
4800,93,356.859,56.7835,222.34,52.86
4900,93,363.288,58.1903,222.34,52.86
5000,93,369.528,57.9043,222.34,52.86
5100,93,375.888,59.0623,222.34,52.86
5200,93,382.232,58.9429,222.34,52.86
5300,93,388.884,58.8895,222.34,52.86
5400,93,395.014,59.3399,222.34,52.86
5500,93,401.349,58.5402,222.34,52.86
5600,93,407.173,58.1112,222.34,52.86
5700,93,413.627,58.5735,222.34,52.86
5800,93,420.016,58.7771,222.34,52.86
5900,93,426.22,59.1053,222.34,52.86
6000,93,432.46,58.7273,222.34,52.86
6100,93,439.083,57.9453,222.34,52.86
6200,93,445.56,59.6143,222.34,52.86
6300,93,452.594,58.8289,222.34,52.86
6400,93,459.464,59.4135,222.34,52.86
6500,93,466.304,59.7203,222.34,52.86
6600,93,472.829,60.0263,222.34,52.86
6700,93,479.524,59.5804,222.34,52.86
6800,93,485.851,59.0897,222.34,52.86
6900,93,492.417,59.4877,222.34,52.86
7000,93,498.827,59.8876,222.34,52.86
7100,93,505.357,58.7767,222.34,52.86
7200,93,511.52,58.514,222.34,52.86
7300,93,517.962,59.4895,222.34,52.86
7400,93,524.026,59.0178,222.34,52.86
7500,93,529.889,58.6921,222.34,52.86
7600,93,536.493,58.3286,222.34,52.86
7700,93,543.19,57.0496,222.34,52.86
7800,93,549.775,56.5863,222.34,52.86
7900,93,556.255,56.8416,222.34,52.86
8000,93,562.839,57.6417,222.34,52.86
8100,93,568.873,56.315,222.34,52.86
8200,93,575.21,56.7013,222.34,52.86
8300,93,582.16,56.6313,222.34,52.86
8400,93,588.748,56.231,222.34,52.86
8500,93,595.227,57.5293,222.34,52.86
8600,93,601.748,57.7372,222.34,52.86
8700,93,607.87,58.7764,222.34,52.86
8800,93,614.017,59.5174,222.34,52.86
8900,93,621.02,60.106,222.34,52.86
9000,93,627.042,60.119,222.34,52.86
9100,93,633.444,59.9284,222.34,52.86
9200,93,639.763,59.8157,222.34,52.86
9300,93,646.434,61.8477,222.34,52.86
9400,93,652.246,62.5226,222.34,52.86
9500,93,658.732,63.6653,222.34,52.86
9600,93,664.934,63.6444,222.34,52.86
9700,93,671.271,63.6585,222.34,52.86
9800,93,677.702,64.1648,222.34,52.86
9900,93,684.247,63.2293,222.34,52.86
10000,93,690.426,63.8187,222.34,52.86
100,94,56.1494,50.141,222.34,52.86
200,94,63.167,49.7268,222.34,52.86
300,94,69.3694,49.2356,222.34,52.86
400,94,75.8209,49.8585,222.34,52.86
500,94,81.7602,48.6813,222.34,52.86
600,94,88.2138,49.9284,222.34,52.86
700,94,94.3827,50.9183,222.34,52.86
800,94,100.947,50.3381,222.34,52.86
900,94,107.545,50.2481,222.34,52.86
1000,94,114.067,50.6237,222.34,52.86
1100,94,120.855,49.9897,222.34,52.86
1200,94,126.845,49.9637,222.34,52.86
1300,94,133.016,49.5961,222.34,52.86
1400,94,139.764,49.6145,222.34,52.86
1500,94,146.127,50.0346,222.34,52.86
1600,94,152.682,49.5896,222.34,52.86
1700,94,159.186,50.0965,222.34,52.86
1800,94,165.315,50.9871,222.34,52.86
1900,94,171.55,51.8766,222.34,52.86
2000,94,177.926,50.9257,222.34,52.86
2100,94,184.375,51.6849,222.34,52.86
2200,94,190.566,52.2762,222.34,52.86
2300,94,196.971,51.3505,222.34,52.86
2400,94,202.994,51.1709,222.34,52.86
2500,94,209.37,51.1374,222.34,52.86
2600,94,215.852,49.363,222.34,52.86
2700,94,221.755,49.1469,222.34,52.86
2800,94,227.893,49.2427,222.34,52.86
2900,94,234.644,49.2663,222.34,52.86
3000,94,240.834,50.0236,222.34,52.86
3100,94,247.162,49.9593,222.34,52.86
3200,94,253.826,49.8739,222.34,52.86
3300,94,260.292,48.4717,222.34,52.86
3400,94,266.964,47.1392,222.34,52.86
3500,94,273.281,46.4427,222.34,52.86
3600,94,279.884,46.2792,222.34,52.86
3700,94,285.982,46.2359,222.34,52.86
3800,94,292.116,46.6143,222.34,52.86
3900,94,298.313,47.4614,222.34,52.86
4000,94,305.276,47.044,222.34,52.86
4100,94,311.611,47.6824,222.34,52.86
4200,94,318.478,48.1892,222.34,52.86
4300,94,324.881,47.9611,222.34,52.86
4400,94,331.404,48.114,222.34,52.86
4500,94,338.056,47.0707,222.34,52.86
4600,94,344.507,46.2645,222.34,52.86
4700,94,350.425,45.0587,222.34,52.86
4800,94,356.973,44.0113,222.34,52.86
4900,94,362.832,43.9835,222.34,52.86
5000,94,369.899,43.5452,222.34,52.86
5100,94,376.206,43.4692,222.34,52.86
5200,94,382.41,43.5016,222.34,52.86
5300,94,388.634,43.6431,222.34,52.86
5400,94,394.931,44.1979,222.34,52.86
5500,94,401.199,44.8714,222.34,52.86
5600,94,407.552,44.2832,222.34,52.86
5700,94,413.557,43.3627,222.34,52.86
5800,94,419.955,43.2329,222.34,52.86
5900,94,426.547,44.0356,222.34,52.86
6000,94,432.602,44.7726,222.34,52.86
6100,94,438.975,43.9003,222.34,52.86
6200,94,445.418,44.4531,222.34,52.86
6300,94,452.191,45.3967,222.34,52.86
6400,94,458.615,46.9173,222.34,52.86
6500,94,465.38,47.8979,222.34,52.86
6600,94,471.799,47.2611,222.34,52.86
6700,94,478.005,46.6206,222.34,52.86
6800,94,484.109,46.7713,222.34,52.86
6900,94,490.863,46.1806,222.34,52.86
7000,94,496.856,46.1075,222.34,52.86
7100,94,503.225,45.25,222.34,52.86
7200,94,510.107,45.4147,222.34,52.86
7300,94,516.257,44.7845,222.34,52.86
7400,94,522.792,44.2597,222.34,52.86
7500,94,528.998,44.6352,222.34,52.86
7600,94,535.355,43.7821,222.34,52.86
7700,94,541.588,43.412,222.34,52.86
7800,94,548.3,44.1049,222.34,52.86
7900,94,555.001,45.0596,222.34,52.86
8000,94,561.134,45.5694,222.34,52.86
8100,94,567.757,45.8154,222.34,52.86
8200,94,574.073,46.1918,222.34,52.86
8300,94,580.94,46.6951,222.34,52.86
8400,94,587.28,47.4899,222.34,52.86
8500,94,593.11,46.5869,222.34,52.86
8600,94,599.612,47.3359,222.34,52.86
8700,94,605.13,47.0657,222.34,52.86
8800,94,611.327,47.7564,222.34,52.86
8900,94,617.686,47.7102,222.34,52.86
9000,94,623.816,47.6847,222.34,52.86
9100,94,629.989,48.9526,222.34,52.86
9200,94,635.434,49.6426,222.34,52.86
9300,94,642.105,50.1237,222.34,52.86
9400,94,648.754,49.7513,222.34,52.86
9500,94,655.442,50.1858,222.34,52.86
9600,94,662.284,49.5767,222.34,52.86
9700,94,668.989,49.8078,222.34,52.86
9800,94,675.319,48.8663,222.34,52.86
9900,94,681.357,48.8517,222.34,52.86
10000,94,687.448,49.6199,222.34,52.86
100,95,56.4623,49.7076,222.34,52.86
200,95,62.4995,49.536,222.34,52.86
300,95,68.6996,49.9416,222.34,52.86
400,95,75.0199,50.6407,222.34,52.86
500,95,81.1634,50.4372,222.34,52.86
600,95,87.852,50.9641,222.34,52.86
700,95,94.1481,50.2743,222.34,52.86
800,95,100.206,51.5284,222.34,52.86
900,95,106.111,51.802,222.34,52.86
1000,95,112.284,52.093,222.34,52.86
1100,95,119.253,52.3658,222.34,52.86
1200,95,125.627,51.3244,222.34,52.86
1300,95,131.816,52.0703,222.34,52.86
1400,95,137.949,53.2173,222.34,52.86
1500,95,144.003,52.9486,222.34,52.86
1600,95,150.634,52.8068,222.34,52.86
1700,95,157.064,51.2281,222.34,52.86
1800,95,163.722,49.7429,222.34,52.86
1900,95,169.828,48.849,222.34,52.86
2000,95,176.404,48.2458,222.34,52.86
2100,95,182.353,49.0393,222.34,52.86
2200,95,189.153,48.171,222.34,52.86
2300,95,195.766,48.8536,222.34,52.86
2400,95,202.264,49.3611,222.34,52.86
2500,95,208.778,49.196,222.34,52.86
2600,95,215.357,48.6406,222.34,52.86
2700,95,221.627,48.3949,222.34,52.86
2800,95,227.824,48.3795,222.34,52.86
2900,95,234.423,48.6905,222.34,52.86
3000,95,240.788,48.3015,222.34,52.86
3100,95,246.949,49.5502,222.34,52.86
3200,95,253.931,49.0225,222.34,52.86
3300,95,259.998,49.7859,222.34,52.86
3400,95,266.394,49.4121,222.34,52.86
3500,95,272.826,49.9165,222.34,52.86
3600,95,279.723,50.1026,222.34,52.86
3700,95,286.13,50.2789,222.34,52.86
3800,95,292.817,51.2628,222.34,52.86
3900,95,299.039,50.9906,222.34,52.86
4000,95,304.97,51.0955,222.34,52.86
4100,95,311.375,50.6072,222.34,52.86
4200,95,317.731,50.4304,222.34,52.86
4300,95,323.919,49.9276,222.34,52.86
4400,95,330.396,50.283,222.34,52.86
4500,95,337.126,51.4402,222.34,52.86
4600,95,343.307,50.5884,222.34,52.86
4700,95,349.85,51.4494,222.34,52.86
4800,95,356.699,51.73,222.34,52.86
4900,95,363.147,51.7735,222.34,52.86
5000,95,369.465,51.2294,222.34,52.86
5100,95,375.93,50.044,222.34,52.86
5200,95,382.053,49.9311,222.34,52.86
5300,95,388.462,49.5244,222.34,52.86
5400,95,394.962,49.4418,222.34,52.86
5500,95,400.897,48.1214,222.34,52.86
5600,95,407.574,47.2592,222.34,52.86
5700,95,414.12,46.769,222.34,52.86
5800,95,420.552,46.0936,222.34,52.86
5900,95,426.731,45.5439,222.34,52.86
6000,95,432.919,46.2437,222.34,52.86
6100,95,439.248,45.3146,222.34,52.86
6200,95,445.281,45.0596,222.34,52.86
6300,95,451.489,44.9453,222.34,52.86
6400,95,457.922,44.2358,222.34,52.86
6500,95,464.589,43.5094,222.34,52.86
6600,95,471.076,43.2166,222.34,52.86
6700,95,477.032,43.1639,222.34,52.86
6800,95,484.037,44.2733,222.34,52.86
6900,95,490.994,44.4179,222.34,52.86
7000,95,496.99,44.1399,222.34,52.86
7100,95,502.477,43.7179,222.34,52.86
7200,95,508.44,43.5561,222.34,52.86
7300,95,514.71,44.4924,222.34,52.86
7400,95,521.33,44.487,222.34,52.86
7500,95,527.79,44.5102,222.34,52.86
7600,95,534.571,44.2383,222.34,52.86
7700,95,540.974,43.2065,222.34,52.86
7800,95,547.27,44.7589,222.34,52.86
7900,95,553.945,45.9733,222.34,52.86
8000,95,560.034,46.0529,222.34,52.86
8100,95,566.468,45.8203,222.34,52.86
8200,95,572.523,45.951,222.34,52.86
8300,95,578.885,44.91,222.34,52.86
8400,95,584.974,46.5503,222.34,52.86
8500,95,591.006,45.1764,222.34,52.86
8600,95,597.343,45.476,222.34,52.86
8700,95,603.563,44.6918,222.34,52.86
8800,95,609.993,44.2105,222.34,52.86
8900,95,616.28,44.6457,222.34,52.86
9000,95,623.138,44.0031,222.34,52.86
9100,95,629.466,44.2812,222.34,52.86
9200,95,635.801,44.1729,222.34,52.86
9300,95,642.185,43.233,222.34,52.86
9400,95,648.492,43.3761,222.34,52.86
9500,95,655.151,44.3799,222.34,52.86
9600,95,661.495,44.0282,222.34,52.86
9700,95,668.041,44.2358,222.34,52.86
9800,95,673.841,43.4418,222.34,52.86
9900,95,680.329,43.4002,222.34,52.86
10000,95,685.98,43.5628,222.34,52.86
100,96,56.2712,49.4365,222.34,52.86
200,96,62.4641,48.4484,222.34,52.86
300,96,68.7881,48.1948,222.34,52.86
400,96,74.788,47.261,222.34,52.86
500,96,81.2816,47.7714,222.34,52.86
600,96,87.9166,48.3884,222.34,52.86
700,96,94.5356,48.4752,222.34,52.86
800,96,100.672,46.7314,222.34,52.86
900,96,107.008,46.8309,222.34,52.86
1000,96,113.201,46.624,222.34,52.86
1100,96,119.653,47.1211,222.34,52.86
1200,96,125.828,47.3331,222.34,52.86
1300,96,132.096,48.2048,222.34,52.86
1400,96,138.978,48.5547,222.34,52.86
1500,96,145.555,48.8169,222.34,52.86
1600,96,152.187,49.3461,222.34,52.86
1700,96,158.316,48.998,222.34,52.86
1800,96,164.809,47.859,222.34,52.86
1900,96,171.362,48.9991,222.34,52.86
2000,96,177.439,49.441,222.34,52.86
2100,96,183.892,49.1059,222.34,52.86
2200,96,190.091,48.9401,222.34,52.86
2300,96,195.971,49.0461,222.34,52.86
2400,96,202.578,48.2727,222.34,52.86
2500,96,208.933,47.8404,222.34,52.86
2600,96,215.174,48.4216,222.34,52.86
2700,96,221.521,47.8351,222.34,52.86
2800,96,228.498,49.3196,222.34,52.86
2900,96,234.373,49.3701,222.34,52.86
3000,96,240.675,50.0746,222.34,52.86
3100,96,247.173,49.201,222.34,52.86
3200,96,253.685,49.632,222.34,52.86
3300,96,260.241,49.6851,222.34,52.86
3400,96,266.616,50.538,222.34,52.86
3500,96,273.371,49.9496,222.34,52.86
3600,96,279.73,48.4435,222.34,52.86
3700,96,285.758,48.3088,222.34,52.86
3800,96,292.054,48.2412,222.34,52.86
3900,96,298.191,48.3095,222.34,52.86
4000,96,304.308,48.3276,222.34,52.86
4100,96,311.351,48.5157,222.34,52.86
4200,96,317.411,49.2325,222.34,52.86
4300,96,323.135,50.0707,222.34,52.86
4400,96,329.673,50.6591,222.34,52.86
4500,96,336.021,49.0679,222.34,52.86
4600,96,342.531,48.9237,222.34,52.86
4700,96,348.9,48.1604,222.34,52.86
4800,96,355.235,48.49,222.34,52.86
4900,96,360.98,48.6693,222.34,52.86
5000,96,367.248,48.6024,222.34,52.86
5100,96,373.554,48.4341,222.34,52.86
5200,96,380.179,48.9162,222.34,52.86
5300,96,386.622,49.3289,222.34,52.86
5400,96,392.712,49.7984,222.34,52.86
5500,96,398.782,49.5334,222.34,52.86
5600,96,405.701,49.8132,222.34,52.86
5700,96,412.111,50.131,222.34,52.86
5800,96,418.592,50.039,222.34,52.86
5900,96,425.42,49.4067,222.34,52.86
6000,96,431.342,49.0337,222.34,52.86
6100,96,437.524,48.3063,222.34,52.86
6200,96,443.902,48.9569,222.34,52.86
6300,96,449.814,48.2174,222.34,52.86
6400,96,456.652,49.0364,222.34,52.86
6500,96,463.383,49.0994,222.34,52.86
6600,96,469.952,49.5522,222.34,52.86
6700,96,476.028,48.6996,222.34,52.86
6800,96,482.739,49.416,222.34,52.86
6900,96,488.853,47.9538,222.34,52.86
7000,96,495.596,47.4302,222.34,52.86
7100,96,502.602,47.2454,222.34,52.86
7200,96,508.476,46.4754,222.34,52.86
7300,96,514.45,46.5821,222.34,52.86
7400,96,520.92,46.1188,222.34,52.86
7500,96,526.862,45.3676,222.34,52.86
7600,96,532.935,44.3271,222.34,52.86
7700,96,539.333,44.4953,222.34,52.86
7800,96,545.536,44.4446,222.34,52.86
7900,96,551.846,42.8732,222.34,52.86
8000,96,558.411,42.4821,222.34,52.86
8100,96,564.887,42.8418,222.34,52.86
8200,96,570.85,42.4246,222.34,52.86
8300,96,577.006,42.323,222.34,52.86
8400,96,583.876,41.6433,222.34,52.86
8500,96,590.211,41.3814,222.34,52.86
8600,96,596.658,41.5514,222.34,52.86
8700,96,603.241,40.7042,222.34,52.86
8800,96,609.218,39.8067,222.34,52.86
8900,96,615.769,40.1039,222.34,52.86
9000,96,621.984,40.7114,222.34,52.86
9100,96,628.086,41.6563,222.34,52.86
9200,96,634.683,40.7307,222.34,52.86
9300,96,640.425,41.0913,222.34,52.86
9400,96,647.108,41.1028,222.34,52.86
9500,96,653.087,42.025,222.34,52.86
9600,96,658.876,42.1162,222.34,52.86
9700,96,665.67,42.133,222.34,52.86
9800,96,671.988,42.6106,222.34,52.86
9900,96,678.433,42.8822,222.34,52.86
10000,96,684.946,43.6416,222.34,52.86
100,97,56.5046,50.3397,222.34,52.86
200,97,63.2267,50.6915,222.34,52.86
300,97,68.9809,51.586,222.34,52.86
400,97,75.4081,52.1689,222.34,52.86
500,97,81.9676,52.7423,222.34,52.86
600,97,88.726,52.493,222.34,52.86
700,97,95.1216,51.9914,222.34,52.86
800,97,101.702,51.1629,222.34,52.86
900,97,108.424,51.2641,222.34,52.86
1000,97,114.516,51.9654,222.34,52.86
1100,97,121.001,51.1471,222.34,52.86
1200,97,126.967,51.601,222.34,52.86
1300,97,133.542,50.6017,222.34,52.86
1400,97,139.987,51.5155,222.34,52.86
1500,97,145.772,50.7624,222.34,52.86
1600,97,151.646,51.5071,222.34,52.86
1700,97,157.723,51.38,222.34,52.86
1800,97,163.928,50.2546,222.34,52.86
1900,97,170.269,48.9555,222.34,52.86
2000,97,176.602,49.8723,222.34,52.86
2100,97,183.168,49.1594,222.34,52.86
2200,97,189.303,49.5897,222.34,52.86
2300,97,195.82,49.8087,222.34,52.86
2400,97,201.841,49.5725,222.34,52.86
2500,97,207.627,48.5388,222.34,52.86
2600,97,213.861,47.5975,222.34,52.86
2700,97,220.633,47.272,222.34,52.86
2800,97,227.034,46.8925,222.34,52.86
2900,97,233.644,47.3386,222.34,52.86
3000,97,239.826,47.7897,222.34,52.86
3100,97,246.167,46.2326,222.34,52.86
3200,97,252.654,45.9944,222.34,52.86
3300,97,259.103,45.7389,222.34,52.86
3400,97,265.334,45.9972,222.34,52.86
3500,97,271.471,46.5488,222.34,52.86
3600,97,278.344,45.7983,222.34,52.86
3700,97,285.151,46.5971,222.34,52.86
3800,97,291.695,44.9184,222.34,52.86
3900,97,297.923,44.357,222.34,52.86
4000,97,304.248,45.5233,222.34,52.86
4100,97,310.828,45.1658,222.34,52.86
4200,97,316.522,43.7173,222.34,52.86
4300,97,323.433,43.0548,222.34,52.86
4400,97,330.078,44.4445,222.34,52.86
4500,97,336.6,44.0315,222.34,52.86
4600,97,343.441,44.2639,222.34,52.86
4700,97,349.906,44.5386,222.34,52.86
4800,97,356.382,44.6726,222.34,52.86
4900,97,362.581,45.0091,222.34,52.86
5000,97,368.867,45.2514,222.34,52.86
5100,97,375.339,44.6686,222.34,52.86
5200,97,382.199,44.9786,222.34,52.86
5300,97,388.682,44.6705,222.34,52.86
5400,97,394.937,44.2434,222.34,52.86
5500,97,401.937,44.8834,222.34,52.86
5600,97,407.645,45.8938,222.34,52.86
5700,97,414.11,44.8159,222.34,52.86
5800,97,420.546,45.6993,222.34,52.86
5900,97,426.673,46.5063,222.34,52.86
6000,97,433.277,46.6493,222.34,52.86
6100,97,440.059,47.4764,222.34,52.86
6200,97,446.83,46.8531,222.34,52.86
6300,97,453.707,47.5001,222.34,52.86
6400,97,460.196,47.5622,222.34,52.86
6500,97,466.653,46.9536,222.34,52.86
6600,97,472.806,47.5324,222.34,52.86
6700,97,479.338,46.9909,222.34,52.86
6800,97,485.809,46.3159,222.34,52.86
6900,97,492.56,46.2397,222.34,52.86
7000,97,498.534,46.9728,222.34,52.86
7100,97,504.985,46.2861,222.34,52.86
7200,97,511.186,46.0792,222.34,52.86
7300,97,517.45,46.8687,222.34,52.86
7400,97,523.938,48.2491,222.34,52.86
7500,97,530.336,48.9528,222.34,52.86
7600,97,537.246,49.0656,222.34,52.86
7700,97,543.681,50.2426,222.34,52.86
7800,97,549.937,48.5878,222.34,52.86
7900,97,556.062,50.1873,222.34,52.86
8000,97,562.814,50.6202,222.34,52.86
8100,97,570,50.2011,222.34,52.86
8200,97,576.961,50.3366,222.34,52.86
8300,97,582.986,50.4843,222.34,52.86
8400,97,589.131,51.7573,222.34,52.86
8500,97,595.839,51.0617,222.34,52.86
8600,97,602.253,52.2889,222.34,52.86
8700,97,608.586,53.1601,222.34,52.86
8800,97,614.796,52.1805,222.34,52.86
8900,97,621.743,51.6265,222.34,52.86
9000,97,627.945,52.3079,222.34,52.86
9100,97,634.188,51.5509,222.34,52.86
9200,97,640.356,51.9588,222.34,52.86
9300,97,646.862,51.1479,222.34,52.86
9400,97,652.727,49.2501,222.34,52.86
9500,97,658.84,48.694,222.34,52.86
9600,97,665.413,48.9818,222.34,52.86
9700,97,671.896,49.5549,222.34,52.86
9800,97,677.964,49.4317,222.34,52.86
9900,97,684.171,48.3483,222.34,52.86
10000,97,690.288,48.794,222.34,52.86
100,98,56.1307,49.7919,222.34,52.86
200,98,62.1155,50.4651,222.34,52.86
300,98,68.0298,50.7126,222.34,52.86
400,98,73.8118,50.4789,222.34,52.86
500,98,80.0887,50.6187,222.34,52.86
600,98,85.9266,49.5818,222.34,52.86
700,98,92.388,49.6413,222.34,52.86
800,98,99.3115,48.9928,222.34,52.86
900,98,105.218,50.1403,222.34,52.86
1000,98,111.016,49.7606,222.34,52.86
1100,98,118.169,50.6539,222.34,52.86
1200,98,124.756,50.0872,222.34,52.86
1300,98,131.292,48.6502,222.34,52.86
1400,98,137.478,48.7553,222.34,52.86
1500,98,143.953,49.8991,222.34,52.86
1600,98,150.654,49.882,222.34,52.86
1700,98,156.979,50.9567,222.34,52.86
1800,98,163.605,50.2715,222.34,52.86
1900,98,170.116,50.2814,222.34,52.86
2000,98,176.949,49.9127,222.34,52.86
2100,98,183.275,49.9318,222.34,52.86
2200,98,189.838,49.6977,222.34,52.86
2300,98,196.499,50.939,222.34,52.86
2400,98,201.985,52.343,222.34,52.86
2500,98,208.624,51.4499,222.34,52.86
2600,98,214.974,50.3489,222.34,52.86
2700,98,221.17,50.2272,222.34,52.86
2800,98,228.399,50.9983,222.34,52.86
2900,98,235.606,51.2205,222.34,52.86
3000,98,242.284,51.7749,222.34,52.86
3100,98,248.462,52.9513,222.34,52.86
3200,98,255.225,51.8228,222.34,52.86
3300,98,261.753,51.0649,222.34,52.86
3400,98,267.97,50.7268,222.34,52.86
3500,98,274.034,52.1587,222.34,52.86
3600,98,280.433,52.2253,222.34,52.86
3700,98,286.733,51.6274,222.34,52.86
3800,98,292.931,51.803,222.34,52.86
3900,98,299.782,52.718,222.34,52.86
4000,98,306.521,51.6703,222.34,52.86
4100,98,313.211,51.3145,222.34,52.86
4200,98,319.103,50.829,222.34,52.86
4300,98,325.871,50.7553,222.34,52.86
4400,98,331.887,50.3141,222.34,52.86
4500,98,338.439,50.235,222.34,52.86
4600,98,344.553,49.3295,222.34,52.86
4700,98,350.777,50.089,222.34,52.86
4800,98,357.645,49.0464,222.34,52.86
4900,98,364.027,49.6523,222.34,52.86
5000,98,370.402,48.8845,222.34,52.86
5100,98,377.155,49.396,222.34,52.86
5200,98,384.392,49.8267,222.34,52.86
5300,98,391.039,49.169,222.34,52.86
5400,98,397.54,50.0374,222.34,52.86
5500,98,403.895,49.7261,222.34,52.86
5600,98,410.382,49.8863,222.34,52.86
5700,98,417.059,50.276,222.34,52.86
5800,98,423.67,49.4872,222.34,52.86
5900,98,430.422,49.9014,222.34,52.86
6000,98,437.483,49.5185,222.34,52.86
6100,98,443.679,51.404,222.34,52.86
6200,98,450.161,51.653,222.34,52.86
6300,98,456.879,51.7381,222.34,52.86
6400,98,463.119,50.1268,222.34,52.86
6500,98,469.551,51.3951,222.34,52.86
6600,98,476.592,51.4565,222.34,52.86
6700,98,483.324,52.0696,222.34,52.86
6800,98,489.262,52.4854,222.34,52.86
6900,98,495.836,52.2661,222.34,52.86
7000,98,502.595,52.4752,222.34,52.86
7100,98,508.906,53.0679,222.34,52.86
7200,98,515.431,53.352,222.34,52.86
7300,98,521.842,53.5041,222.34,52.86
7400,98,528.594,54.1177,222.34,52.86
7500,98,535.685,54.4044,222.34,52.86
7600,98,542.065,54.6377,222.34,52.86
7700,98,548.887,53.6055,222.34,52.86
7800,98,555.163,53.3609,222.34,52.86
7900,98,561.357,52.8179,222.34,52.86
8000,98,568.176,53.5121,222.34,52.86
8100,98,574.435,53.4926,222.34,52.86
8200,98,580.474,52.273,222.34,52.86
8300,98,587.561,52.0481,222.34,52.86
8400,98,594.255,52.9762,222.34,52.86
8500,98,600.805,51.51,222.34,52.86
8600,98,606.968,51.6802,222.34,52.86
8700,98,613.13,53.6694,222.34,52.86
8800,98,619.995,52.9665,222.34,52.86
8900,98,626.041,52.3071,222.34,52.86
9000,98,632.65,52.6025,222.34,52.86
9100,98,639.14,53.1395,222.34,52.86
9200,98,645.892,52.5247,222.34,52.86
9300,98,652.308,52.1254,222.34,52.86
9400,98,658.115,52.465,222.34,52.86
9500,98,664.835,53.2532,222.34,52.86
9600,98,670.814,55.0236,222.34,52.86
9700,98,676.923,55.0036,222.34,52.86
9800,98,683.391,55.8248,222.34,52.86
9900,98,689.495,55.3189,222.34,52.86
10000,98,695.883,56.0201,222.34,52.86
100,99,56.4428,50.4253,222.34,52.86
200,99,63.3946,51.0408,222.34,52.86
300,99,69.1426,51.2311,222.34,52.86
400,99,75.2674,50.9791,222.34,52.86
500,99,81.7019,51.0477,222.34,52.86
600,99,88.0758,51.1098,222.34,52.86
700,99,94.3815,50.5927,222.34,52.86
800,99,100.918,51.2292,222.34,52.86
900,99,107.069,51.9605,222.34,52.86
1000,99,113.694,51.6281,222.34,52.86
1100,99,119.652,52.1086,222.34,52.86
1200,99,125.905,51.7158,222.34,52.86
1300,99,132.458,52.4194,222.34,52.86
1400,99,139.159,51.6316,222.34,52.86
1500,99,145.452,52.147,222.34,52.86
1600,99,151.623,52.2169,222.34,52.86
1700,99,158.304,53.1853,222.34,52.86
1800,99,164.715,52.0147,222.34,52.86
1900,99,170.583,52.4509,222.34,52.86
2000,99,177.659,52.6212,222.34,52.86
2100,99,184.412,51.6768,222.34,52.86
2200,99,190.804,51.27,222.34,52.86
2300,99,197.132,51.5268,222.34,52.86
2400,99,203.868,51.789,222.34,52.86
2500,99,210.87,52.3139,222.34,52.86
2600,99,217.304,51.6212,222.34,52.86
2700,99,223.848,51.1036,222.34,52.86
2800,99,230.081,51.3035,222.34,52.86
2900,99,235.751,51.1413,222.34,52.86
3000,99,242.164,51.5746,222.34,52.86
3100,99,248.515,51.9849,222.34,52.86
3200,99,254.79,51.0774,222.34,52.86
3300,99,261.363,51.6755,222.34,52.86
3400,99,267.86,51.7653,222.34,52.86
3500,99,274.118,52.1539,222.34,52.86
3600,99,280.383,53.8093,222.34,52.86
3700,99,287.195,55.3641,222.34,52.86
3800,99,293.542,55.8656,222.34,52.86
3900,99,299.932,55.9686,222.34,52.86
4000,99,306.478,55.17,222.34,52.86
4100,99,312.287,55.7119,222.34,52.86
4200,99,318.326,55.0287,222.34,52.86
4300,99,324.593,56.1322,222.34,52.86
4400,99,331.391,56.8275,222.34,52.86
4500,99,337.585,56.4414,222.34,52.86
4600,99,344.548,56.656,222.34,52.86
4700,99,351.262,56.2849,222.34,52.86
4800,99,357.588,56.8623,222.34,52.86
4900,99,363.891,57.7752,222.34,52.86
5000,99,370.657,57.0886,222.34,52.86
5100,99,377.016,56.8994,222.34,52.86
5200,99,383.633,56.539,222.34,52.86
5300,99,390.051,54.7961,222.34,52.86
5400,99,396.22,54.8986,222.34,52.86
5500,99,402.672,55.1486,222.34,52.86
5600,99,408.928,54.8462,222.34,52.86
5700,99,415.681,53.3137,222.34,52.86
5800,99,421.692,53.7257,222.34,52.86
5900,99,428.459,52.4658,222.34,52.86
6000,99,434.977,52.1717,222.34,52.86
6100,99,440.789,52.6794,222.34,52.86
6200,99,447.183,53.7757,222.34,52.86
6300,99,453.694,55.0373,222.34,52.86
6400,99,459.927,54.0805,222.34,52.86
6500,99,465.947,53.4339,222.34,52.86
6600,99,472.328,53.5274,222.34,52.86
6700,99,479.287,53.3731,222.34,52.86
6800,99,486.708,52.7408,222.34,52.86
6900,99,492.878,52.6379,222.34,52.86
7000,99,499.117,52.6439,222.34,52.86
7100,99,505.964,52.8735,222.34,52.86
7200,99,512.39,53.0394,222.34,52.86
7300,99,518.55,52.376,222.34,52.86
7400,99,525.049,52.0711,222.34,52.86
7500,99,531.567,52.6325,222.34,52.86
7600,99,538.263,53.0859,222.34,52.86
7700,99,544.119,52.4794,222.34,52.86
7800,99,550.771,53.1438,222.34,52.86
7900,99,557.075,53.2624,222.34,52.86
8000,99,562.799,52.7031,222.34,52.86
8100,99,569.373,51.9557,222.34,52.86
8200,99,575.649,52.4634,222.34,52.86
8300,99,581.539,52.6097,222.34,52.86
8400,99,587.778,52.6715,222.34,52.86
8500,99,594.531,52.2597,222.34,52.86
8600,99,601.472,51.3503,222.34,52.86
8700,99,607.616,50.9357,222.34,52.86
8800,99,613.264,51.8599,222.34,52.86
8900,99,619.586,52.2697,222.34,52.86
9000,99,625.797,51.0922,222.34,52.86
9100,99,632.223,50.5279,222.34,52.86
9200,99,638.622,51.2112,222.34,52.86
9300,99,644.623,51.621,222.34,52.86
9400,99,650.959,52.5477,222.34,52.86
9500,99,657.316,53.5916,222.34,52.86
9600,99,663.919,53.8321,222.34,52.86
9700,99,670.342,54.8371,222.34,52.86
9800,99,677.015,53.6476,222.34,52.86
9900,99,682.887,53.4101,222.34,52.86
10000,99,689.073,52.6108,222.34,52.86
