time,id,com_1,com_2,area,surface
0.0,0,4.0,4.0,37.0,64.0
100.0,0,2.483870968,3.096774194,31.0,62.0
200.0,0,2.310344828,4.103448276,29.0,60.0
300.0,0,5.333333333,3.757575758,33.0,62.0
400.0,0,4.088235294,4.0,34.0,64.0
500.0,0,5.114285714,4.257142857,35.0,64.0
600.0,0,5.96875,4.03125,32.0,64.0
700.0,0,6.448275862,4.034482759,29.0,62.0
800.0,0,6.375,4.28125,32.0,64.0
900.0,0,8.21875,4.125,32.0,64.0
1000.0,0,9.393939394,3.636363636,33.0,64.0
1100.0,0,8.806451613,4.806451613,31.0,62.0
1200.0,0,8.333333333,2.424242424,33.0,62.0
1300.0,0,8.545454545,2.090909091,33.0,62.0
1400.0,0,5.516129032,1.322580645,31.0,64.0
1500.0,0,5.787878788,1.151515152,33.0,64.0
1600.0,0,6.441176471,1.0,34.0,66.0
1700.0,0,7.545454545,2.151515152,33.0,64.0
1800.0,0,8.096774194,0.8709677419,31.0,62.0
1900.0,0,8.6,2.9,30.0,62.0
2000.0,0,8.852941176,3.0,34.0,64.0
2100.0,0,7.941176471,3.852941176,34.0,64.0
2200.0,0,7.363636364,6.272727273,33.0,62.0
2300.0,0,7.138888889,5.611111111,36.0,64.0
2400.0,0,4.366666667,5.933333333,30.0,62.0
2500.0,0,4.242424242,5.696969697,33.0,64.0
2600.0,0,5.0625,4.84375,32.0,62.0
2700.0,0,5.9375,3.4375,32.0,62.0
2800.0,0,6.176470588,3.823529412,34.0,62.0
2900.0,0,6.151515152,2.212121212,33.0,64.0
3000.0,0,4.71875,3.375,32.0,62.0
3100.0,0,4.264705882,4.0,34.0,62.0
3200.0,0,2.727272727,4.363636364,33.0,62.0
3300.0,0,3.78125,4.5625,32.0,64.0
3400.0,0,4.545454545,3.212121212,33.0,62.0
3500.0,0,5.03125,5.34375,32.0,62.0
3600.0,0,7.84375,4.46875,32.0,62.0
3700.0,0,7.0625,3.78125,32.0,64.0
3800.0,0,7.15625,4.28125,32.0,62.0
3900.0,0,7.272727273,5.121212121,33.0,64.0
4000.0,0,7.393939394,4.272727273,33.0,64.0
4100.0,0,5.548387097,4.064516129,31.0,62.0
4200.0,0,6.225806452,1.870967742,31.0,64.0
4300.0,0,4.5,1.8125,32.0,62.0
4400.0,0,5.393939394,1.272727273,33.0,64.0
4500.0,0,3.8125,1.25,32.0,62.0
4600.0,0,4.0,2.5,34.0,62.0
4700.0,0,6.727272727,2.181818182,33.0,64.0
4800.0,0,3.75,2.09375,32.0,62.0
4900.0,0,1.0,2.4375,32.0,62.0
5000.0,0,1.787878788,2.242424242,33.0,64.0
5100.0,0,1.818181818,1.212121212,33.0,64.0
5200.0,0,-0.3428571429,2.228571429,35.0,64.0
5300.0,0,-1.294117647,2.558823529,34.0,64.0
5400.0,0,-2.617647059,2.970588235,34.0,64.0
5500.0,0,-2.6875,2.84375,32.0,62.0
5600.0,0,-1.322580645,3.870967742,31.0,62.0
5700.0,0,-1.575757576,4.757575758,33.0,62.0
5800.0,0,-2.46875,6.25,32.0,62.0
5900.0,0,-2.65625,3.65625,32.0,62.0
6000.0,0,-6.161290323,3.870967742,31.0,62.0
6100.0,0,-5.909090909,4.212121212,33.0,64.0
6200.0,0,-5.09375,5.25,32.0,62.0
6300.0,0,-6.1875,5.46875,32.0,62.0
6400.0,0,-5.71875,6.0,32.0,64.0
6500.0,0,-5.483870968,7.935483871,31.0,66.0
6600.0,0,-4.823529412,7.5,34.0,66.0
6700.0,0,-5.558823529,7.235294118,34.0,66.0
6800.0,0,-8.033333333,8.233333333,30.0,62.0
6900.0,0,-5.193548387,8.387096774,31.0,64.0
7000.0,0,-3.96969697,9.757575758,33.0,64.0
7100.0,0,-3.71875,8.5,32.0,62.0
7200.0,0,-3.138888889,8.611111111,36.0,64.0
7300.0,0,-3.575757576,8.060606061,33.0,62.0
7400.0,0,-4.516129032,6.870967742,31.0,62.0
7500.0,0,-6.515151515,5.96969697,33.0,64.0
7600.0,0,-5.875,6.21875,32.0,62.0
7700.0,0,-8.181818182,6.545454545,33.0,64.0
7800.0,0,-6.1875,4.78125,32.0,62.0
7900.0,0,-3.96875,2.90625,32.0,62.0
8000.0,0,-5.181818182,1.666666667,33.0,64.0
8100.0,0,-5.90625,2.03125,32.0,64.0
8200.0,0,-7.25,1.90625,32.0,62.0
8300.0,0,-6.40625,1.71875,32.0,62.0
8400.0,0,-5.484848485,1.878787879,33.0,64.0
8500.0,0,-5.290322581,0.2903225806,31.0,64.0
8600.0,0,-5.5,0.0,32.0,62.0
8700.0,0,-5.8125,0.0,32.0,62.0
8800.0,0,-8.939393939,1.060606061,33.0,64.0
8900.0,0,-7.90625,1.625,32.0,64.0
9000.0,0,-7.0,1.264705882,34.0,62.0
9100.0,0,-9.53125,1.78125,32.0,62.0
9200.0,0,-9.558823529,0.7941176471,34.0,64.0
9300.0,0,-8.060606061,1.333333333,33.0,62.0
9400.0,0,-8.612903226,1.193548387,31.0,62.0
9500.0,0,-8.575757576,1.96969697,33.0,62.0
9600.0,0,-7.212121212,-0.6666666667,33.0,64.0
9700.0,0,-6.064516129,0.7741935484,31.0,62.0
9800.0,0,-6.8125,-1.3125,32.0,62.0
9900.0,0,-8.757575758,-1.666666667,33.0,64.0
10000.0,0,-10.91428571,0.3714285714,35.0,66.0
0.0,1,4.0,4.0,37.0,64.0
100.0,1,5.903225806,6.096774194,31.0,64.0
200.0,1,6.0,8.71875,32.0,62.0
300.0,1,4.625,8.78125,32.0,64.0
400.0,1,6.647058824,8.823529412,34.0,64.0
500.0,1,6.34375,10.4375,32.0,62.0
600.0,1,7.03030303,10.18181818,33.0,64.0
700.0,1,7.333333333,11.42424242,33.0,62.0
800.0,1,7.771428571,12.42857143,35.0,64.0
900.0,1,8.03125,11.75,32.0,62.0
1000.0,1,8.666666667,12.2,30.0,60.0
1100.0,1,7.03030303,12.12121212,33.0,64.0
1200.0,1,8.352941176,12.73529412,34.0,64.0
1300.0,1,8.787878788,11.09090909,33.0,64.0
1400.0,1,8.484848485,11.90909091,33.0,64.0
1500.0,1,8.375,13.90625,32.0,66.0
1600.0,1,8.935483871,12.80645161,31.0,64.0
1700.0,1,7.433333333,13.13333333,30.0,62.0
1800.0,1,8.606060606,12.84848485,33.0,64.0
1900.0,1,8.939393939,15.03030303,33.0,66.0
2000.0,1,10.17647059,15.23529412,34.0,64.0
2100.0,1,10.96875,15.90625,32.0,64.0
2200.0,1,10.53125,15.84375,32.0,62.0
2300.0,1,12.40625,14.90625,32.0,62.0
2400.0,1,11.21875,15.78125,32.0,64.0
2500.0,1,11.20689655,16.82758621,29.0,62.0
2600.0,1,10.25714286,15.77142857,35.0,64.0
2700.0,1,11.11764706,15.23529412,34.0,64.0
2800.0,1,11.75757576,14.63636364,33.0,64.0
2900.0,1,12.61290323,13.74193548,31.0,60.0
3000.0,1,12.0,11.6969697,33.0,64.0
3100.0,1,10.57142857,11.08571429,35.0,66.0
3200.0,1,10.94117647,12.47058824,34.0,64.0
3300.0,1,10.87878788,11.60606061,33.0,64.0
3400.0,1,11.6969697,12.0,33.0,64.0
3500.0,1,10.64705882,11.79411765,34.0,66.0
3600.0,1,11.51612903,11.90322581,31.0,62.0
3700.0,1,10.8125,10.5,32.0,62.0
3800.0,1,10.60606061,10.21212121,33.0,64.0
3900.0,1,11.61764706,9.705882353,34.0,64.0
4000.0,1,9.612903226,8.0,31.0,60.0
4100.0,1,8.852941176,11.64705882,34.0,64.0
4200.0,1,8.411764706,13.88235294,34.0,64.0
4300.0,1,5.941176471,14.44117647,34.0,64.0
4400.0,1,8.029411765,14.97058824,34.0,64.0
4500.0,1,7.794117647,14.32352941,34.0,66.0
4600.0,1,7.8,14.08571429,35.0,64.0
4700.0,1,7.612903226,15.96774194,31.0,62.0
4800.0,1,7.225806452,15.83870968,31.0,62.0
4900.0,1,7.46875,15.84375,32.0,62.0
5000.0,1,7.935483871,15.5483871,31.0,64.0
5100.0,1,6.566666667,16.76666667,30.0,62.0
5200.0,1,7.852941176,18.23529412,34.0,66.0
5300.0,1,8.28125,17.75,32.0,62.0
5400.0,1,8.903225806,19.22580645,31.0,64.0
5500.0,1,7.15625,17.875,32.0,64.0
5600.0,1,6.878787879,20.48484848,33.0,64.0
5700.0,1,6.678571429,19.82142857,28.0,62.0
5800.0,1,8.060606061,19.66666667,33.0,62.0
5900.0,1,8.612903226,18.0,31.0,62.0
6000.0,1,7.625,20.28125,32.0,62.0
6100.0,1,7.424242424,19.6969697,33.0,64.0
6200.0,1,9.848484848,20.90909091,33.0,62.0
6300.0,1,11.90322581,20.77419355,31.0,64.0
6400.0,1,10.78125,21.0,32.0,64.0
6500.0,1,11.42424242,22.96969697,33.0,62.0
6600.0,1,12.85294118,22.52941176,34.0,66.0
6700.0,1,12.8125,21.0625,32.0,64.0
6800.0,1,13.23529412,22.11764706,34.0,66.0
6900.0,1,12.94117647,20.47058824,34.0,64.0
7000.0,1,12.375,20.03125,32.0,62.0
7100.0,1,13.19354839,20.16129032,31.0,64.0
7200.0,1,11.15625,19.125,32.0,64.0
7300.0,1,11.8,19.8,30.0,62.0
7400.0,1,10.18181818,17.03030303,33.0,62.0
7500.0,1,9.233333333,17.53333333,30.0,64.0
7600.0,1,9.333333333,19.87878788,33.0,64.0
7700.0,1,9.875,18.59375,32.0,62.0
7800.0,1,10.24242424,17.6969697,33.0,62.0
7900.0,1,9.8,16.13333333,30.0,64.0
8000.0,1,10.28125,15.6875,32.0,62.0
8100.0,1,9.171428571,16.68571429,35.0,64.0
8200.0,1,7.96969697,17.72727273,33.0,64.0
8300.0,1,7.903225806,20.70967742,31.0,62.0
8400.0,1,7.709677419,19.87096774,31.0,62.0
8500.0,1,8.5,19.29411765,34.0,62.0
8600.0,1,9.419354839,18.25806452,31.0,62.0
8700.0,1,10.03030303,18.09090909,33.0,64.0
8800.0,1,9.25,18.0,32.0,64.0
8900.0,1,10.0,17.5,32.0,62.0
9000.0,1,9.352941176,17.5,34.0,64.0
9100.0,1,6.636363636,17.12121212,33.0,64.0
9200.0,1,3.59375,19.5625,32.0,62.0
9300.0,1,3.033333333,20.96666667,30.0,62.0
9400.0,1,1.176470588,20.58823529,34.0,64.0
9500.0,1,2.727272727,20.66666667,33.0,64.0
9600.0,1,2.441176471,21.79411765,34.0,64.0
9700.0,1,2.085714286,22.8,35.0,64.0
9800.0,1,2.3125,24.46875,32.0,64.0
9900.0,1,3.34375,23.21875,32.0,64.0
10000.0,1,3.027777778,23.30555556,36.0,64.0
0.0,2,4.0,4.0,37.0,64.0
100.0,2,4.64516129,4.935483871,31.0,60.0
200.0,2,3.794117647,4.352941176,34.0,64.0
300.0,2,4.15625,3.125,32.0,62.0
400.0,2,4.9375,2.90625,32.0,62.0
500.0,2,6.5625,2.625,32.0,64.0
600.0,2,6.59375,2.28125,32.0,64.0
700.0,2,6.696969697,1.909090909,33.0,62.0
800.0,2,6.484848485,1.454545455,33.0,64.0
900.0,2,5.59375,1.4375,32.0,62.0
1000.0,2,5.090909091,2.545454545,33.0,62.0
1100.0,2,5.28125,2.84375,32.0,62.0
1200.0,2,3.290322581,2.161290323,31.0,64.0
1300.0,2,4.84375,3.875,32.0,64.0
1400.0,2,4.848484848,2.575757576,33.0,64.0
1500.0,2,4.066666667,0.3,30.0,62.0
1600.0,2,4.363636364,1.333333333,33.0,64.0
1700.0,2,3.3125,2.46875,32.0,62.0
1800.0,2,0.78125,4.0625,32.0,62.0
1900.0,2,1.375,5.625,32.0,62.0
2000.0,2,1.545454545,4.545454545,33.0,66.0
2100.0,2,0.34375,4.40625,32.0,64.0
2200.0,2,-2.205882353,3.911764706,34.0,64.0
2300.0,2,-1.0,3.735294118,34.0,62.0
2400.0,2,-3.225806452,4.258064516,31.0,62.0
2500.0,2,-3.1,5.333333333,30.0,62.0
2600.0,2,-4.484848485,5.606060606,33.0,64.0
2700.0,2,-4.909090909,4.454545455,33.0,62.0
2800.0,2,-5.53125,6.09375,32.0,64.0
2900.0,2,-6.3,5.0,30.0,62.0
3000.0,2,-7.242424242,5.878787879,33.0,64.0
3100.0,2,-4.709677419,4.709677419,31.0,60.0
3200.0,2,-1.96875,5.09375,32.0,62.0
3300.0,2,-1.225806452,5.064516129,31.0,64.0
3400.0,2,-1.483870968,6.290322581,31.0,64.0
3500.0,2,-4.727272727,4.939393939,33.0,64.0
3600.0,2,-5.228571429,4.171428571,35.0,66.0
3700.0,2,-6.212121212,6.454545455,33.0,62.0
3800.0,2,-8.40625,5.96875,32.0,62.0
3900.0,2,-9.5625,5.53125,32.0,64.0
4000.0,2,-8.366666667,6.266666667,30.0,64.0
4100.0,2,-7.685714286,7.4,35.0,64.0
4200.0,2,-6.870967742,7.096774194,31.0,64.0
4300.0,2,-5.419354839,6.258064516,31.0,64.0
4400.0,2,-5.103448276,3.862068966,29.0,62.0
4500.0,2,-5.53125,2.3125,32.0,64.0
4600.0,2,-4.909090909,2.515151515,33.0,62.0
4700.0,2,-5.03125,2.3125,32.0,62.0
4800.0,2,-4.676470588,3.235294118,34.0,64.0
4900.0,2,-5.757575758,0.7575757576,33.0,64.0
5000.0,2,-4.838709677,0.06451612903,31.0,62.0
5100.0,2,-6.848484848,0.09090909091,33.0,62.0
5200.0,2,-6.424242424,0.2424242424,33.0,62.0
5300.0,2,-5.515151515,0.6363636364,33.0,64.0
5400.0,2,-7.333333333,-0.2424242424,33.0,62.0
5500.0,2,-6.114285714,-1.742857143,35.0,64.0
5600.0,2,-6.1875,-0.4375,32.0,64.0
5700.0,2,-5.25,-0.78125,32.0,64.0
5800.0,2,-5.970588235,0.9117647059,34.0,64.0
5900.0,2,-5.0,1.4375,32.0,64.0
6000.0,2,-3.53125,1.4375,32.0,62.0
6100.0,2,-3.387096774,2.483870968,31.0,62.0
6200.0,2,-4.5,0.7058823529,34.0,62.0
6300.0,2,-2.575757576,1.121212121,33.0,64.0
6400.0,2,-0.6060606061,0.8787878788,33.0,64.0
6500.0,2,-1.46875,-0.65625,32.0,62.0
6600.0,2,-1.03030303,-1.575757576,33.0,62.0
6700.0,2,-0.25,-3.6875,32.0,64.0
6800.0,2,0.7272727273,-5.818181818,33.0,62.0
6900.0,2,1.15625,-4.71875,32.0,64.0
7000.0,2,-0.4516129032,-3.774193548,31.0,62.0
7100.0,2,0.06896551724,-2.689655172,29.0,60.0
7200.0,2,-0.4848484848,-2.96969697,33.0,64.0
7300.0,2,0.1176470588,-2.647058824,34.0,66.0
7400.0,2,0.8484848485,-2.272727273,33.0,62.0
7500.0,2,0.6285714286,-2.428571429,35.0,64.0
7600.0,2,-0.3823529412,-4.294117647,34.0,64.0
7700.0,2,-2.1875,-5.1875,32.0,64.0
7800.0,2,-2.352941176,-6.117647059,34.0,66.0
7900.0,2,-0.84375,-5.59375,32.0,64.0
8000.0,2,-2.419354839,-1.580645161,31.0,62.0
8100.0,2,-2.147058824,-1.294117647,34.0,64.0
8200.0,2,-3.794117647,-0.2058823529,34.0,66.0
8300.0,2,-4.838709677,0.4193548387,31.0,64.0
8400.0,2,-4.151515152,2.272727273,33.0,62.0
8500.0,2,-1.75862069,2.965517241,29.0,64.0
8600.0,2,-2.15625,2.0625,32.0,62.0
8700.0,2,-4.419354839,2.548387097,31.0,62.0
8800.0,2,-4.088235294,4.764705882,34.0,64.0
8900.0,2,-6.5,5.0,32.0,62.0
9000.0,2,-6.966666667,4.733333333,30.0,62.0
9100.0,2,-8.939393939,4.333333333,33.0,62.0
9200.0,2,-9.090909091,2.787878788,33.0,62.0
9300.0,2,-7.6875,2.71875,32.0,62.0
9400.0,2,-7.848484848,2.272727273,33.0,62.0
9500.0,2,-6.34375,1.03125,32.0,62.0
9600.0,2,-4.967741935,1.419354839,31.0,62.0
9700.0,2,-4.303030303,-0.2424242424,33.0,62.0
9800.0,2,-4.1,-1.866666667,30.0,62.0
9900.0,2,-4.424242424,0.2424242424,33.0,62.0
10000.0,2,-4.142857143,-1.085714286,35.0,64.0
0.0,3,4.0,4.0,37.0,64.0
100.0,3,3.65625,3.0,32.0,62.0
200.0,3,2.5,2.625,32.0,62.0
300.0,3,1.6875,4.09375,32.0,62.0
400.0,3,-0.2424242424,2.909090909,33.0,62.0
500.0,3,-0.9375,1.84375,32.0,64.0
600.0,3,-1.393939394,2.484848485,33.0,62.0
700.0,3,-1.25,2.1875,32.0,62.0
800.0,3,0.53125,0.75,32.0,64.0
900.0,3,-0.3636363636,2.121212121,33.0,64.0
1000.0,3,1.5,-0.3235294118,34.0,64.0
1100.0,3,0.0,-2.264705882,34.0,62.0
1200.0,3,2.058823529,-0.3235294118,34.0,64.0
1300.0,3,0.303030303,-0.9393939394,33.0,64.0
1400.0,3,-1.0625,0.375,32.0,64.0
1500.0,3,-1.575757576,0.3939393939,33.0,64.0
1600.0,3,-0.6764705882,2.352941176,34.0,64.0
1700.0,3,1.242424242,4.696969697,33.0,62.0
1800.0,3,0.8787878788,5.606060606,33.0,64.0
1900.0,3,1.733333333,6.333333333,30.0,64.0
2000.0,3,1.545454545,5.909090909,33.0,62.0
2100.0,3,1.545454545,5.666666667,33.0,64.0
2200.0,3,2.303030303,5.242424242,33.0,62.0
2300.0,3,0.84375,3.53125,32.0,64.0
2400.0,3,2.333333333,4.060606061,33.0,64.0
2500.0,3,2.151515152,5.575757576,33.0,64.0
2600.0,3,2.212121212,5.060606061,33.0,64.0
2700.0,3,3.6875,4.28125,32.0,64.0
2800.0,3,3.741935484,4.741935484,31.0,64.0
2900.0,3,3.457142857,4.914285714,35.0,64.0
3000.0,3,3.857142857,3.914285714,35.0,64.0
3100.0,3,1.129032258,4.580645161,31.0,64.0
3200.0,3,-0.9117647059,4.264705882,34.0,64.0
3300.0,3,-3.575757576,3.666666667,33.0,64.0
3400.0,3,-4.794117647,3.794117647,34.0,66.0
3500.0,3,-3.967741935,3.548387097,31.0,64.0
3600.0,3,-3.1875,3.15625,32.0,64.0
3700.0,3,-1.971428571,2.828571429,35.0,66.0
3800.0,3,-3.058823529,2.088235294,34.0,64.0
3900.0,3,-3.3125,2.46875,32.0,66.0
4000.0,3,-3.303030303,5.272727273,33.0,66.0
4100.0,3,-2.75,8.4375,32.0,64.0
4200.0,3,-1.4375,6.1875,32.0,62.0
4300.0,3,-0.03333333333,5.866666667,30.0,62.0
4400.0,3,-0.08333333333,5.555555556,36.0,66.0
4500.0,3,-2.151515152,3.090909091,33.0,64.0
4600.0,3,-2.709677419,3.741935484,31.0,64.0
4700.0,3,-1.64516129,4.322580645,31.0,62.0
4800.0,3,-1.882352941,2.794117647,34.0,64.0
4900.0,3,-1.757575758,1.909090909,33.0,62.0
5000.0,3,-3.633333333,1.866666667,30.0,60.0
5100.0,3,-4.46875,1.21875,32.0,62.0
5200.0,3,-6.787878788,1.151515152,33.0,64.0
5300.0,3,-6.454545455,2.272727273,33.0,64.0
5400.0,3,-6.464285714,2.464285714,28.0,64.0
5500.0,3,-5.606060606,0.9090909091,33.0,66.0
5600.0,3,-5.8125,-0.09375,32.0,64.0
5700.0,3,-6.8,0.08571428571,35.0,64.0
5800.0,3,-8.290322581,-0.935483871,31.0,64.0
5900.0,3,-9.228571429,-1.257142857,35.0,64.0
6000.0,3,-10.6875,-1.28125,32.0,64.0
6100.0,3,-12.77419355,-0.7741935484,31.0,62.0
6200.0,3,-11.85294118,1.441176471,34.0,64.0
6300.0,3,-10.6,1.933333333,30.0,64.0
6400.0,3,-9.2,2.933333333,30.0,62.0
6500.0,3,-10.34375,0.78125,32.0,62.0
6600.0,3,-11.21212121,1.151515152,33.0,64.0
6700.0,3,-12.80645161,0.3870967742,31.0,62.0
6800.0,3,-13.09090909,-0.6363636364,33.0,64.0
6900.0,3,-14.90909091,-1.787878788,33.0,66.0
7000.0,3,-15.06060606,-0.6666666667,33.0,62.0
7100.0,3,-15.03125,-2.53125,32.0,64.0
7200.0,3,-14.78125,-0.40625,32.0,64.0
7300.0,3,-15.27272727,-0.3939393939,33.0,64.0
7400.0,3,-15.94285714,-3.114285714,35.0,64.0
7500.0,3,-15.94285714,-3.942857143,35.0,64.0
7600.0,3,-15.32258065,-2.935483871,31.0,64.0
7700.0,3,-16.93939394,-2.424242424,33.0,64.0
7800.0,3,-16.06060606,-1.424242424,33.0,64.0
7900.0,3,-17.41176471,-2.323529412,34.0,64.0
8000.0,3,-16.5,-2.9375,32.0,64.0
8100.0,3,-15.875,-3.5,32.0,64.0
8200.0,3,-17.19354839,-4.387096774,31.0,62.0
8300.0,3,-19.14705882,-4.882352941,34.0,64.0
8400.0,3,-19.71875,-3.0,32.0,62.0
8500.0,3,-20.24242424,-2.909090909,33.0,64.0
8600.0,3,-19.34285714,-2.771428571,35.0,64.0
8700.0,3,-20.27272727,-0.1818181818,33.0,64.0
8800.0,3,-22.0,-1.696969697,33.0,64.0
8900.0,3,-22.82352941,-2.235294118,34.0,64.0
9000.0,3,-22.64516129,-1.612903226,31.0,62.0
9100.0,3,-21.78125,-2.78125,32.0,62.0
9200.0,3,-21.38709677,-2.935483871,31.0,62.0
9300.0,3,-22.58064516,-1.451612903,31.0,64.0
9400.0,3,-23.93548387,-2.290322581,31.0,62.0
9500.0,3,-23.90909091,-2.545454545,33.0,66.0
9600.0,3,-25.41176471,-0.9411764706,34.0,66.0
9700.0,3,-24.36363636,-0.7575757576,33.0,64.0
9800.0,3,-25.53333333,-1.166666667,30.0,64.0
9900.0,3,-24.03125,-2.25,32.0,62.0
10000.0,3,-24.53333333,-3.8,30.0,64.0
0.0,4,4.0,4.0,37.0,64.0
100.0,4,3.193548387,4.032258065,31.0,62.0
200.0,4,4.545454545,5.212121212,33.0,62.0
300.0,4,4.545454545,4.848484848,33.0,64.0
400.0,4,5.575757576,5.818181818,33.0,64.0
500.0,4,5.71875,6.28125,32.0,64.0
600.0,4,6.264705882,5.0,34.0,62.0
700.0,4,5.90625,4.5625,32.0,62.0
800.0,4,4.709677419,3.064516129,31.0,64.0
900.0,4,6.696969697,4.242424242,33.0,62.0
1000.0,4,6.382352941,2.117647059,34.0,64.0
1100.0,4,8.666666667,3.848484848,33.0,64.0
1200.0,4,8.939393939,3.757575758,33.0,64.0
1300.0,4,9.90625,3.84375,32.0,64.0
1400.0,4,9.0,2.176470588,34.0,64.0
1500.0,4,8.842105263,3.210526316,38.0,66.0
1600.0,4,9.727272727,3.121212121,33.0,64.0
1700.0,4,8.617647059,2.823529412,34.0,64.0
1800.0,4,9.806451613,4.451612903,31.0,60.0
1900.0,4,9.393939394,5.727272727,33.0,64.0
2000.0,4,8.193548387,7.322580645,31.0,64.0
2100.0,4,7.852941176,7.823529412,34.0,64.0
2200.0,4,8.848484848,9.121212121,33.0,64.0
2300.0,4,9.470588235,9.441176471,34.0,64.0
2400.0,4,7.612903226,8.870967742,31.0,62.0
2500.0,4,9.151515152,9.333333333,33.0,66.0
2600.0,4,9.516129032,8.35483871,31.0,60.0
2700.0,4,8.606060606,7.151515152,33.0,64.0
2800.0,4,9.741935484,8.193548387,31.0,64.0
2900.0,4,10.87878788,8.727272727,33.0,64.0
3000.0,4,14.0,7.5,34.0,64.0
3100.0,4,13.2,7.266666667,30.0,62.0
3200.0,4,12.80645161,5.774193548,31.0,62.0
3300.0,4,11.67647059,7.088235294,34.0,64.0
3400.0,4,12.8125,8.75,32.0,66.0
3500.0,4,12.20588235,9.294117647,34.0,64.0
3600.0,4,12.5,9.34375,32.0,64.0
3700.0,4,13.125,8.0,32.0,66.0
3800.0,4,12.1875,9.25,32.0,62.0
3900.0,4,13.48387097,9.903225806,31.0,62.0
4000.0,4,12.84848485,9.212121212,33.0,64.0
4100.0,4,12.90322581,7.451612903,31.0,62.0
4200.0,4,13.60606061,9.484848485,33.0,62.0
4300.0,4,13.625,7.84375,32.0,60.0
4400.0,4,14.91428571,6.457142857,35.0,64.0
4500.0,4,16.21212121,6.848484848,33.0,64.0
4600.0,4,17.0,9.794117647,34.0,64.0
4700.0,4,17.03030303,9.424242424,33.0,62.0
4800.0,4,15.58064516,11.41935484,31.0,62.0
4900.0,4,15.0,12.33333333,33.0,64.0
5000.0,4,15.27272727,13.84848485,33.0,62.0
5100.0,4,12.9375,14.125,32.0,62.0
5200.0,4,15.75757576,13.3030303,33.0,62.0
5300.0,4,19.84848485,12.33333333,33.0,64.0
5400.0,4,19.96875,11.90625,32.0,62.0
5500.0,4,19.3030303,11.72727273,33.0,64.0
5600.0,4,16.83870968,10.58064516,31.0,64.0
5700.0,4,16.41176471,10.5,34.0,64.0
5800.0,4,19.15625,13.1875,32.0,62.0
5900.0,4,18.65625,13.21875,32.0,62.0
6000.0,4,17.96875,14.1875,32.0,64.0
6100.0,4,16.35294118,12.41176471,34.0,64.0
6200.0,4,16.70588235,13.5,34.0,62.0
6300.0,4,15.35483871,13.16129032,31.0,64.0
6400.0,4,16.25714286,12.54285714,35.0,64.0
6500.0,4,18.9375,11.5625,32.0,62.0
6600.0,4,21.0,10.48387097,31.0,62.0
6700.0,4,20.15151515,11.03030303,33.0,64.0
6800.0,4,20.05882353,9.323529412,34.0,64.0
6900.0,4,20.96774194,7.516129032,31.0,64.0
7000.0,4,21.55882353,8.823529412,34.0,64.0
7100.0,4,20.12121212,9.878787879,33.0,64.0
7200.0,4,21.86111111,7.611111111,36.0,64.0
7300.0,4,23.72727273,5.818181818,33.0,62.0
7400.0,4,24.51612903,5.322580645,31.0,62.0
7500.0,4,23.14705882,5.058823529,34.0,64.0
7600.0,4,23.22857143,4.371428571,35.0,64.0
7700.0,4,23.86111111,4.388888889,36.0,64.0
7800.0,4,25.0,4.303030303,33.0,64.0
7900.0,4,23.24242424,4.909090909,33.0,62.0
8000.0,4,23.76470588,5.823529412,34.0,64.0
8100.0,4,21.61290323,4.806451613,31.0,64.0
8200.0,4,19.84848485,2.393939394,33.0,64.0
8300.0,4,19.59375,3.3125,32.0,62.0
8400.0,4,18.125,3.21875,32.0,62.0
8500.0,4,19.73333333,1.733333333,30.0,66.0
8600.0,4,18.38709677,3.032258065,31.0,62.0
8700.0,4,19.32352941,4.058823529,34.0,64.0
8800.0,4,21.21875,4.21875,32.0,62.0
8900.0,4,21.96969697,2.090909091,33.0,64.0
9000.0,4,22.38709677,5.516129032,31.0,66.0
9100.0,4,20.3125,5.90625,32.0,62.0
9200.0,4,19.72727273,6.0,33.0,66.0
9300.0,4,18.24242424,4.666666667,33.0,62.0
9400.0,4,17.54545455,2.909090909,33.0,62.0
9500.0,4,17.90909091,0.696969697,33.0,62.0
9600.0,4,18.0,1.0,35.0,64.0
9700.0,4,16.27272727,2.151515152,33.0,64.0
9800.0,4,17.75,3.09375,32.0,64.0
9900.0,4,19.91176471,2.264705882,34.0,64.0
10000.0,4,19.6875,1.96875,32.0,62.0
0.0,5,4.0,4.0,37.0,64.0
100.0,5,2.78125,6.0625,32.0,62.0
200.0,5,1.3125,5.5625,32.0,66.0
300.0,5,2.5,5.90625,32.0,62.0
400.0,5,4.225806452,4.451612903,31.0,62.0
500.0,5,2.71875,5.03125,32.0,62.0
600.0,5,2.387096774,1.483870968,31.0,62.0
700.0,5,2.588235294,2.911764706,34.0,64.0
800.0,5,3.0625,2.9375,32.0,64.0
900.0,5,5.35483871,3.032258065,31.0,62.0
1000.0,5,4.9375,3.0625,32.0,62.0
1100.0,5,3.625,1.375,32.0,62.0
1200.0,5,3.909090909,0.4545454545,33.0,62.0
1300.0,5,2.205882353,-0.6470588235,34.0,64.0
1400.0,5,2.96969697,-0.8181818182,33.0,62.0
1500.0,5,4.617647059,0.3823529412,34.0,64.0
1600.0,5,3.5625,0.15625,32.0,64.0
1700.0,5,4.21875,-0.875,32.0,62.0
1800.0,5,5.935483871,-0.6451612903,31.0,60.0
1900.0,5,7.03030303,-0.6060606061,33.0,64.0
2000.0,5,7.757575758,0.6666666667,33.0,62.0
2100.0,5,8.852941176,-0.6176470588,34.0,64.0
2200.0,5,9.727272727,-1.181818182,33.0,64.0
2300.0,5,6.272727273,-1.818181818,33.0,62.0
2400.0,5,5.342857143,-3.571428571,35.0,66.0
2500.0,5,7.294117647,-2.117647059,34.0,66.0
2600.0,5,6.176470588,-3.176470588,34.0,62.0
2700.0,5,5.428571429,-2.771428571,35.0,64.0
2800.0,5,5.0,-3.0,33.0,64.0
2900.0,5,5.8125,-2.28125,32.0,62.0
3000.0,5,6.0,-2.677419355,31.0,62.0
3100.0,5,4.28125,-1.25,32.0,62.0
3200.0,5,2.647058824,-2.941176471,34.0,66.0
3300.0,5,2.939393939,-3.696969697,33.0,64.0
3400.0,5,3.125,-1.09375,32.0,62.0
3500.0,5,2.848484848,-0.2727272727,33.0,64.0
3600.0,5,3.258064516,-0.5483870968,31.0,62.0
3700.0,5,2.294117647,-1.5,34.0,62.0
3800.0,5,0.28125,-0.75,32.0,62.0
3900.0,5,2.857142857,0.9142857143,35.0,64.0
4000.0,5,2.78125,-1.9375,32.0,64.0
4100.0,5,4.3125,-1.375,32.0,62.0
4200.0,5,4.935483871,-1.258064516,31.0,62.0
4300.0,5,5.4375,0.78125,32.0,62.0
4400.0,5,3.225806452,1.483870968,31.0,62.0
4500.0,5,4.571428571,-0.9428571429,35.0,66.0
4600.0,5,5.59375,0.34375,32.0,64.0
4700.0,5,4.787878788,-0.6363636364,33.0,64.0
4800.0,5,3.176470588,-1.0,34.0,64.0
4900.0,5,5.1875,0.125,32.0,64.0
5000.0,5,8.65625,2.03125,32.0,62.0
5100.0,5,11.09090909,0.7575757576,33.0,62.0
5200.0,5,10.74193548,-1.161290323,31.0,64.0
5300.0,5,10.09375,1.0625,32.0,64.0
5400.0,5,8.393939394,-1.0,33.0,64.0
5500.0,5,7.454545455,0.0,33.0,64.0
5600.0,5,6.848484848,0.5151515152,33.0,62.0
5700.0,5,6.787878788,-0.0303030303,33.0,66.0
5800.0,5,6.375,-1.0625,32.0,64.0
5900.0,5,7.566666667,-1.666666667,30.0,62.0
6000.0,5,7.8125,-0.46875,32.0,64.0
6100.0,5,7.636363636,-0.1818181818,33.0,64.0
6200.0,5,8.129032258,-1.096774194,31.0,62.0
6300.0,5,8.878787879,-2.424242424,33.0,64.0
6400.0,5,7.823529412,-3.088235294,34.0,64.0
6500.0,5,8.65625,-2.96875,32.0,64.0
6600.0,5,7.84375,-3.75,32.0,64.0
6700.0,5,6.0,-3.303030303,33.0,64.0
6800.0,5,7.53125,-6.03125,32.0,62.0
6900.0,5,4.617647059,-6.882352941,34.0,64.0
7000.0,5,6.911764706,-5.970588235,34.0,64.0
7100.0,5,6.058823529,-7.470588235,34.0,64.0
7200.0,5,4.5,-9.875,32.0,62.0
7300.0,5,6.838709677,-9.903225806,31.0,62.0
7400.0,5,7.46875,-8.53125,32.0,64.0
7500.0,5,5.709677419,-9.290322581,31.0,64.0
7600.0,5,4.896551724,-9.275862069,29.0,62.0
7700.0,5,3.575757576,-8.666666667,33.0,62.0
7800.0,5,4.35483871,-7.290322581,31.0,62.0
7900.0,5,6.142857143,-10.08571429,35.0,64.0
8000.0,5,5.909090909,-11.75757576,33.0,62.0
8100.0,5,4.677419355,-11.41935484,31.0,64.0
8200.0,5,3.59375,-11.0,32.0,64.0
8300.0,5,5.764705882,-11.17647059,34.0,64.0
8400.0,5,3.727272727,-11.15151515,33.0,62.0
8500.0,5,3.823529412,-12.17647059,34.0,62.0
8600.0,5,4.625,-12.0625,32.0,62.0
8700.0,5,2.09375,-10.5625,32.0,64.0
8800.0,5,2.5625,-8.21875,32.0,64.0
8900.0,5,3.03125,-7.34375,32.0,62.0
9000.0,5,4.787878788,-6.818181818,33.0,64.0
9100.0,5,3.8125,-5.5,32.0,62.0
9200.0,5,3.823529412,-5.823529412,34.0,62.0
9300.0,5,3.46875,-4.6875,32.0,64.0
9400.0,5,3.823529412,-3.882352941,34.0,64.0
9500.0,5,3.258064516,-4.870967742,31.0,62.0
9600.0,5,1.085714286,-3.314285714,35.0,64.0
9700.0,5,1.28125,-3.75,32.0,62.0
9800.0,5,4.606060606,-3.484848485,33.0,62.0
9900.0,5,4.147058824,-3.294117647,34.0,64.0
10000.0,5,2.558823529,-3.647058824,34.0,64.0
0.0,6,4.0,4.0,37.0,64.0
100.0,6,3.085714286,5.142857143,35.0,64.0
200.0,6,4.65625,4.34375,32.0,62.0
300.0,6,1.428571429,4.371428571,35.0,64.0
400.0,6,2.823529412,5.705882353,34.0,64.0
500.0,6,2.029411765,6.029411765,34.0,64.0
600.0,6,-0.96875,3.71875,32.0,62.0
700.0,6,-2.0,3.176470588,34.0,64.0
800.0,6,-0.7419354839,2.096774194,31.0,62.0
900.0,6,0.2903225806,5.258064516,31.0,64.0
1000.0,6,0.1764705882,4.176470588,34.0,62.0
1100.0,6,1.058823529,3.852941176,34.0,64.0
1200.0,6,1.428571429,4.057142857,35.0,66.0
1300.0,6,2.0,4.939393939,33.0,64.0
1400.0,6,1.84375,8.25,32.0,62.0
1500.0,6,2.548387097,7.0,31.0,62.0
1600.0,6,1.34375,6.65625,32.0,64.0
1700.0,6,2.6,5.514285714,35.0,64.0
1800.0,6,0.2727272727,6.363636364,33.0,62.0
1900.0,6,-1.575757576,6.272727273,33.0,64.0
2000.0,6,-0.8125,2.84375,32.0,62.0
2100.0,6,0.3714285714,3.228571429,35.0,64.0
2200.0,6,-0.34375,3.40625,32.0,64.0
2300.0,6,-2.333333333,3.909090909,33.0,64.0
2400.0,6,-1.852941176,5.470588235,34.0,64.0
2500.0,6,-2.032258065,5.935483871,31.0,62.0
2600.0,6,-1.833333333,4.533333333,30.0,62.0
2700.0,6,-1.515151515,5.151515152,33.0,64.0
2800.0,6,-2.424242424,5.363636364,33.0,64.0
2900.0,6,-2.677419355,5.516129032,31.0,62.0
3000.0,6,-1.709677419,4.838709677,31.0,62.0
3100.0,6,-0.8235294118,5.0,34.0,64.0
3200.0,6,-0.7352941176,4.0,34.0,62.0
3300.0,6,1.060606061,5.151515152,33.0,64.0
3400.0,6,0.6363636364,3.696969697,33.0,64.0
3500.0,6,-0.7647058824,5.117647059,34.0,66.0
3600.0,6,-1.205882353,3.294117647,34.0,64.0
3700.0,6,-3.121212121,4.424242424,33.0,68.0
3800.0,6,-3.147058824,3.088235294,34.0,66.0
3900.0,6,-0.9117647059,3.794117647,34.0,64.0
4000.0,6,-1.666666667,4.242424242,33.0,64.0
4100.0,6,-0.25,4.4375,32.0,64.0
4200.0,6,-1.848484848,4.272727273,33.0,62.0
4300.0,6,-3.548387097,2.161290323,31.0,62.0
4400.0,6,-3.9375,1.9375,32.0,62.0
4500.0,6,-5.242424242,0.696969697,33.0,62.0
4600.0,6,-6.818181818,1.909090909,33.0,64.0
4700.0,6,-3.96969697,4.181818182,33.0,64.0
4800.0,6,-5.21875,4.625,32.0,62.0
4900.0,6,-5.575757576,5.212121212,33.0,64.0
5000.0,6,-6.875,5.21875,32.0,62.0
5100.0,6,-6.75,6.375,32.0,62.0
5200.0,6,-4.75,5.1875,32.0,62.0
5300.0,6,-3.366666667,3.866666667,30.0,62.0
5400.0,6,-1.852941176,5.382352941,34.0,64.0
5500.0,6,-1.352941176,5.794117647,34.0,66.0
5600.0,6,-1.125,3.59375,32.0,62.0
5700.0,6,-0.3235294118,4.176470588,34.0,64.0
5800.0,6,1.0,3.5,32.0,62.0
5900.0,6,1.774193548,4.032258065,31.0,64.0
6000.0,6,3.575757576,4.939393939,33.0,62.0
6100.0,6,6.058823529,4.470588235,34.0,64.0
6200.0,6,5.3125,4.0,32.0,64.0
6300.0,6,4.939393939,3.575757576,33.0,62.0
6400.0,6,5.46875,3.625,32.0,64.0
6500.0,6,6.625,4.0625,32.0,62.0
6600.0,6,6.375,4.5,32.0,62.0
6700.0,6,7.151515152,2.666666667,33.0,64.0
6800.0,6,6.242424242,2.303030303,33.0,62.0
6900.0,6,5.484848485,1.96969697,33.0,64.0
7000.0,6,5.941176471,0.3235294118,34.0,64.0
7100.0,6,7.580645161,-1.258064516,31.0,62.0
7200.0,6,8.314285714,-1.114285714,35.0,64.0
7300.0,6,6.5,-2.294117647,34.0,62.0
7400.0,6,4.060606061,-1.060606061,33.0,64.0
7500.0,6,3.84375,-1.625,32.0,64.0
7600.0,6,3.0,-0.2647058824,34.0,62.0
7700.0,6,4.0,0.0,35.0,64.0
7800.0,6,3.878787879,-0.3939393939,33.0,64.0
7900.0,6,2.34375,1.21875,32.0,62.0
8000.0,6,2.875,-0.3125,32.0,64.0
8100.0,6,1.676470588,-0.08823529412,34.0,64.0
8200.0,6,0.4193548387,0.4193548387,31.0,64.0
8300.0,6,2.0,2.290322581,31.0,62.0
8400.0,6,1.060606061,1.303030303,33.0,66.0
8500.0,6,-0.08823529412,0.3529411765,34.0,64.0
8600.0,6,-0.46875,-0.9375,32.0,62.0
8700.0,6,-1.588235294,-0.8823529412,34.0,64.0
8800.0,6,-2.0625,-1.09375,32.0,62.0
8900.0,6,-3.5,2.8,30.0,60.0
9000.0,6,-5.129032258,4.483870968,31.0,62.0
9100.0,6,-8.225806452,3.548387097,31.0,64.0
9200.0,6,-8.764705882,4.235294118,34.0,64.0
9300.0,6,-10.44117647,6.176470588,34.0,64.0
9400.0,6,-9.794117647,5.441176471,34.0,64.0
9500.0,6,-8.181818182,5.212121212,33.0,64.0
9600.0,6,-8.333333333,3.939393939,33.0,62.0
9700.0,6,-9.548387097,3.35483871,31.0,64.0
9800.0,6,-9.147058824,3.441176471,34.0,64.0
9900.0,6,-7.903225806,3.258064516,31.0,62.0
10000.0,6,-9.114285714,3.885714286,35.0,64.0
0.0,7,4.0,4.0,37.0,64.0
100.0,7,2.125,2.625,32.0,64.0
200.0,7,2.212121212,4.090909091,33.0,62.0
300.0,7,1.371428571,3.0,35.0,64.0
400.0,7,1.40625,4.5625,32.0,62.0
500.0,7,1.625,5.15625,32.0,60.0
600.0,7,4.088235294,6.323529412,34.0,64.0
700.0,7,3.5625,7.53125,32.0,64.0
800.0,7,4.939393939,7.575757576,33.0,64.0
900.0,7,5.147058824,8.647058824,34.0,64.0
1000.0,7,4.787878788,10.09090909,33.0,62.0
1100.0,7,2.090909091,11.45454545,33.0,62.0
1200.0,7,0.53125,12.0625,32.0,62.0
1300.0,7,1.705882353,14.5,34.0,62.0
1400.0,7,0.1818181818,12.75757576,33.0,64.0
1500.0,7,-0.71875,12.4375,32.0,64.0
1600.0,7,-2.294117647,11.26470588,34.0,64.0
1700.0,7,-3.647058824,12.11764706,34.0,64.0
1800.0,7,-3.2,11.93333333,30.0,64.0
1900.0,7,-3.764705882,10.58823529,34.0,64.0
2000.0,7,-5.125,9.625,32.0,64.0
2100.0,7,-5.0,8.727272727,33.0,64.0
2200.0,7,-3.852941176,10.05882353,34.0,64.0
2300.0,7,-1.575757576,10.75757576,33.0,62.0
2400.0,7,-2.96875,11.28125,32.0,62.0
2500.0,7,-2.548387097,10.70967742,31.0,64.0
2600.0,7,-2.766666667,9.433333333,30.0,62.0
2700.0,7,-3.911764706,9.588235294,34.0,64.0
2800.0,7,-4.571428571,9.971428571,35.0,66.0
2900.0,7,-3.454545455,10.63636364,33.0,64.0
3000.0,7,-4.181818182,10.78787879,33.0,64.0
3100.0,7,-5.15625,9.8125,32.0,62.0
3200.0,7,-6.484848485,9.303030303,33.0,64.0
3300.0,7,-6.35483871,10.25806452,31.0,62.0
3400.0,7,-6.0,11.0,35.0,64.0
3500.0,7,-5.882352941,15.11764706,34.0,64.0
3600.0,7,-6.818181818,14.63636364,33.0,64.0
3700.0,7,-4.685714286,12.17142857,35.0,64.0
3800.0,7,-4.696969697,9.272727273,33.0,64.0
3900.0,7,-6.181818182,7.272727273,33.0,62.0
4000.0,7,-6.0,8.363636364,33.0,64.0
4100.0,7,-6.575757576,8.757575758,33.0,62.0
4200.0,7,-7.741935484,8.548387097,31.0,62.0
4300.0,7,-7.833333333,7.8,30.0,62.0
4400.0,7,-8.411764706,8.117647059,34.0,64.0
4500.0,7,-8.666666667,6.636363636,33.0,64.0
4600.0,7,-6.5,10.0,32.0,62.0
4700.0,7,-5.625,7.78125,32.0,64.0
4800.0,7,-5.870967742,6.903225806,31.0,64.0
4900.0,7,-5.454545455,6.272727273,33.0,64.0
5000.0,7,-6.342857143,7.371428571,35.0,66.0
5100.0,7,-7.21875,9.1875,32.0,62.0
5200.0,7,-7.363636364,9.606060606,33.0,64.0
5300.0,7,-7.090909091,10.27272727,33.0,64.0
5400.0,7,-5.64516129,10.61290323,31.0,62.0
5500.0,7,-4.727272727,10.81818182,33.0,62.0
5600.0,7,-5.147058824,9.882352941,34.0,64.0
5700.0,7,-4.09375,10.25,32.0,62.0
5800.0,7,-3.709677419,9.161290323,31.0,62.0
5900.0,7,-4.545454545,7.0,33.0,64.0
6000.0,7,-3.8125,7.21875,32.0,62.0
6100.0,7,-3.161290323,8.612903226,31.0,62.0
6200.0,7,-4.272727273,8.636363636,33.0,62.0
6300.0,7,-5.5,7.0,34.0,62.0
6400.0,7,-4.441176471,6.205882353,34.0,64.0
6500.0,7,-5.34375,6.375,32.0,62.0
6600.0,7,-6.151515152,5.151515152,33.0,62.0
6700.0,7,-5.625,4.96875,32.0,62.0
6800.0,7,-6.741935484,5.741935484,31.0,62.0
6900.0,7,-5.96969697,5.0,33.0,64.0
7000.0,7,-8.4375,5.65625,32.0,62.0
7100.0,7,-6.727272727,4.333333333,33.0,64.0
7200.0,7,-6.258064516,4.193548387,31.0,64.0
7300.0,7,-5.764705882,3.941176471,34.0,64.0
7400.0,7,-5.9,2.666666667,30.0,62.0
7500.0,7,-7.151515152,1.727272727,33.0,62.0
7600.0,7,-7.59375,0.40625,32.0,64.0
7700.0,7,-8.393939394,-1.0,33.0,64.0
7800.0,7,-9.6,-1.028571429,35.0,64.0
7900.0,7,-9.387096774,-0.935483871,31.0,64.0
8000.0,7,-10.5,0.0,34.0,62.0
8100.0,7,-10.21875,0.21875,32.0,62.0
8200.0,7,-9.666666667,1.848484848,33.0,64.0
8300.0,7,-7.911764706,0.3235294118,34.0,64.0
8400.0,7,-9.548387097,-0.1935483871,31.0,64.0
8500.0,7,-9.46875,0.3125,32.0,62.0
8600.0,7,-9.5,0.7058823529,34.0,62.0
8700.0,7,-7.612903226,1.032258065,31.0,62.0
8800.0,7,-7.709677419,-0.5483870968,31.0,60.0
8900.0,7,-8.727272727,2.060606061,33.0,64.0
9000.0,7,-8.375,2.59375,32.0,62.0
9100.0,7,-8.15625,4.0625,32.0,62.0
9200.0,7,-7.606060606,4.0,33.0,64.0
9300.0,7,-8.451612903,3.612903226,31.0,64.0
9400.0,7,-8.5,3.125,32.0,62.0
9500.0,7,-9.032258065,4.806451613,31.0,64.0
9600.0,7,-8.40625,4.9375,32.0,64.0
9700.0,7,-8.060606061,5.0,33.0,64.0
9800.0,7,-7.757575758,6.0,33.0,64.0
9900.0,7,-7.909090909,5.696969697,33.0,62.0
10000.0,7,-7.806451613,6.225806452,31.0,64.0
0.0,8,4.0,4.0,37.0,64.0
100.0,8,2.606060606,2.545454545,33.0,64.0
200.0,8,3.484848485,1.121212121,33.0,64.0
300.0,8,3.903225806,1.677419355,31.0,62.0
400.0,8,5.35483871,2.516129032,31.0,60.0
500.0,8,4.514285714,3.885714286,35.0,64.0
600.0,8,4.3125,4.8125,32.0,64.0
700.0,8,4.411764706,6.117647059,34.0,64.0
800.0,8,4.363636364,6.333333333,33.0,64.0
900.0,8,2.9375,4.0,32.0,64.0
1000.0,8,3.323529412,2.970588235,34.0,64.0
1100.0,8,0.5588235294,3.794117647,34.0,64.0
1200.0,8,0.5483870968,5.935483871,31.0,62.0
1300.0,8,-1.612903226,6.516129032,31.0,62.0
1400.0,8,-2.852941176,6.882352941,34.0,66.0
1500.0,8,-3.848484848,7.484848485,33.0,62.0
1600.0,8,-4.428571429,10.62857143,35.0,64.0
1700.0,8,-6.4375,9.375,32.0,64.0
1800.0,8,-6.515151515,10.15151515,33.0,62.0
1900.0,8,-6.176470588,12.23529412,34.0,64.0
2000.0,8,-5.741935484,13.35483871,31.0,60.0
2100.0,8,-5.757575758,12.96969697,33.0,64.0
2200.0,8,-2.457142857,11.17142857,35.0,66.0
2300.0,8,-1.5,12.0,32.0,62.0
2400.0,8,-0.6129032258,12.19354839,31.0,62.0
2500.0,8,0.3235294118,12.91176471,34.0,64.0
2600.0,8,0.09375,15.34375,32.0,64.0
2700.0,8,-1.735294118,14.20588235,34.0,64.0
2800.0,8,-1.677419355,14.03225806,31.0,66.0
2900.0,8,-1.5,14.0,34.0,62.0
3000.0,8,-2.057142857,14.65714286,35.0,64.0
3100.0,8,-0.84375,13.125,32.0,64.0
3200.0,8,-2.78125,12.1875,32.0,64.0
3300.0,8,-3.181818182,13.03030303,33.0,64.0
3400.0,8,-1.588235294,11.91176471,34.0,64.0
3500.0,8,-0.2941176471,12.5,34.0,62.0
3600.0,8,0.4411764706,15.23529412,34.0,64.0
3700.0,8,0.6129032258,15.96774194,31.0,64.0
3800.0,8,0.875,17.75,32.0,64.0
3900.0,8,2.272727273,16.84848485,33.0,62.0
4000.0,8,1.96969697,17.57575758,33.0,62.0
4100.0,8,1.352941176,17.08823529,34.0,64.0
4200.0,8,1.818181818,17.0,33.0,64.0
4300.0,8,0.5757575758,15.06060606,33.0,64.0
4400.0,8,1.633333333,18.33333333,30.0,62.0
4500.0,8,1.352941176,17.94117647,34.0,64.0
4600.0,8,0.1818181818,19.63636364,33.0,64.0
4700.0,8,1.96875,20.90625,32.0,62.0
4800.0,8,3.161290323,20.87096774,31.0,64.0
4900.0,8,0.1818181818,21.6969697,33.0,64.0
5000.0,8,1.5,21.1,30.0,62.0
5100.0,8,0.5625,19.59375,32.0,62.0
5200.0,8,-0.90625,19.28125,32.0,62.0
5300.0,8,-1.352941176,18.76470588,34.0,66.0
5400.0,8,-4.171428571,19.71428571,35.0,64.0
5500.0,8,-1.514285714,19.88571429,35.0,64.0
5600.0,8,0.06666666667,19.73333333,30.0,62.0
5700.0,8,0.0,19.72727273,33.0,64.0
5800.0,8,0.4285714286,18.94285714,35.0,64.0
5900.0,8,0.9393939394,18.42424242,33.0,62.0
6000.0,8,0.6764705882,18.5,34.0,64.0
6100.0,8,-0.5,18.70588235,34.0,62.0
6200.0,8,-1.03030303,20.39393939,33.0,64.0
6300.0,8,-0.3529411765,22.08823529,34.0,64.0
6400.0,8,-0.3,20.53333333,30.0,60.0
6500.0,8,0.0,19.78787879,33.0,64.0
6600.0,8,0.6363636364,20.54545455,33.0,64.0
6700.0,8,-1.875,21.4375,32.0,64.0
6800.0,8,-0.5,22.29411765,34.0,62.0
6900.0,8,-2.25,20.38888889,36.0,66.0
7000.0,8,-3.6,19.05714286,35.0,66.0
7100.0,8,-0.90625,19.75,32.0,64.0
7200.0,8,-2.967741935,21.90322581,31.0,64.0
7300.0,8,-3.161290323,21.96774194,31.0,64.0
7400.0,8,-1.771428571,22.42857143,35.0,64.0
7500.0,8,-0.375,22.21875,32.0,62.0
7600.0,8,1.794117647,21.44117647,34.0,64.0
7700.0,8,2.34375,20.84375,32.0,62.0
7800.0,8,3.176470588,19.23529412,34.0,64.0
7900.0,8,2.294117647,18.17647059,34.0,64.0
8000.0,8,4.875,17.5,32.0,62.0
8100.0,8,5.382352941,17.82352941,34.0,64.0
8200.0,8,3.647058824,18.11764706,34.0,64.0
8300.0,8,4.090909091,18.24242424,33.0,64.0
8400.0,8,3.59375,18.21875,32.0,64.0
8500.0,8,5.35483871,18.16129032,31.0,62.0
8600.0,8,7.40625,16.375,32.0,62.0
8700.0,8,7.533333333,15.26666667,30.0,64.0
8800.0,8,7.636363636,12.96969697,33.0,64.0
8900.0,8,8.363636364,12.21212121,33.0,64.0
9000.0,8,8.78125,11.625,32.0,62.0
9100.0,8,7.848484848,12.66666667,33.0,64.0
9200.0,8,6.454545455,11.21212121,33.0,62.0
9300.0,8,6.875,11.5,32.0,64.0
9400.0,8,8.193548387,12.25806452,31.0,62.0
9500.0,8,8.64516129,14.38709677,31.0,62.0
9600.0,8,8.96875,13.65625,32.0,62.0
9700.0,8,10.5,13.0,32.0,62.0
9800.0,8,11.25806452,10.74193548,31.0,62.0
9900.0,8,10.97058824,8.911764706,34.0,64.0
10000.0,8,8.848484848,9.0,33.0,64.0
0.0,9,4.0,4.0,37.0,64.0
100.0,9,3.419354839,4.548387097,31.0,60.0
200.0,9,2.121212121,3.242424242,33.0,64.0
300.0,9,1.696969697,2.545454545,33.0,64.0
400.0,9,1.5625,3.3125,32.0,62.0
500.0,9,-0.9032258065,3.741935484,31.0,62.0
600.0,9,0.1764705882,4.823529412,34.0,62.0
700.0,9,1.636363636,1.727272727,33.0,64.0
800.0,9,1.545454545,2.484848485,33.0,64.0
900.0,9,1.828571429,1.971428571,35.0,64.0
1000.0,9,3.242424242,3.303030303,33.0,62.0
1100.0,9,2.3125,2.84375,32.0,62.0
1200.0,9,3.5,1.411764706,34.0,64.0
1300.0,9,6.15625,1.4375,32.0,62.0
1400.0,9,4.424242424,-0.3333333333,33.0,62.0
1500.0,9,4.909090909,-3.515151515,33.0,62.0
1600.0,9,4.558823529,-5.647058824,34.0,64.0
1700.0,9,4.424242424,-6.757575758,33.0,62.0
1800.0,9,4.0625,-7.75,32.0,64.0
1900.0,9,2.03030303,-8.181818182,33.0,62.0
2000.0,9,1.057142857,-7.0,35.0,64.0
2100.0,9,0.3823529412,-7.852941176,34.0,64.0
2200.0,9,-0.4193548387,-6.387096774,31.0,62.0
2300.0,9,-1.9375,-6.875,32.0,64.0
2400.0,9,-1.911764706,-6.205882353,34.0,64.0
2500.0,9,-0.4193548387,-6.0,31.0,62.0
2600.0,9,-1.606060606,-5.606060606,33.0,64.0
2700.0,9,-0.96875,-3.75,32.0,64.0
2800.0,9,-2.40625,-5.5625,32.0,62.0
2900.0,9,-0.1515151515,-5.575757576,33.0,64.0
3000.0,9,0.2903225806,-3.161290323,31.0,64.0
3100.0,9,-0.02857142857,-5.171428571,35.0,64.0
3200.0,9,0.1176470588,-3.176470588,34.0,66.0
3300.0,9,-0.7714285714,-4.085714286,35.0,64.0
3400.0,9,-1.1875,-2.6875,32.0,62.0
3500.0,9,-2.147058824,-4.705882353,34.0,64.0
3600.0,9,-2.970588235,-4.382352941,34.0,64.0
3700.0,9,-2.515151515,-5.787878788,33.0,64.0
3800.0,9,-1.657142857,-6.228571429,35.0,64.0
3900.0,9,-3.235294118,-5.970588235,34.0,64.0
4000.0,9,-0.3939393939,-6.484848485,33.0,64.0
4100.0,9,-1.242424242,-6.939393939,33.0,64.0
4200.0,9,-0.9117647059,-7.323529412,34.0,64.0
4300.0,9,-0.6470588235,-7.558823529,34.0,64.0
4400.0,9,-0.25,-4.03125,32.0,62.0
4500.0,9,1.666666667,-4.090909091,33.0,64.0
4600.0,9,2.181818182,-1.96969697,33.0,62.0
4700.0,9,1.90625,-1.5625,32.0,62.0
4800.0,9,1.064516129,-1.774193548,31.0,62.0
4900.0,9,2.15625,-1.84375,32.0,64.0
5000.0,9,1.0,-2.580645161,31.0,62.0
5100.0,9,1.424242424,-2.909090909,33.0,64.0
5200.0,9,0.9428571429,-2.342857143,35.0,64.0
5300.0,9,-0.21875,-2.28125,32.0,62.0
5400.0,9,1.181818182,-2.96969697,33.0,62.0
5500.0,9,1.575757576,-4.333333333,33.0,62.0
5600.0,9,1.741935484,-4.612903226,31.0,60.0
5700.0,9,1.588235294,-3.882352941,34.0,64.0
5800.0,9,1.1875,-4.25,32.0,62.0
5900.0,9,-0.5,-4.5625,32.0,66.0
6000.0,9,2.090909091,-2.96969697,33.0,64.0
6100.0,9,2.03125,-4.46875,32.0,64.0
6200.0,9,1.515151515,-7.090909091,33.0,62.0
6300.0,9,3.34375,-6.625,32.0,62.0
6400.0,9,4.088235294,-7.852941176,34.0,64.0
6500.0,9,2.34375,-9.40625,32.0,64.0
6600.0,9,2.303030303,-10.48484848,33.0,64.0
6700.0,9,2.090909091,-8.636363636,33.0,64.0
6800.0,9,0.75,-8.71875,32.0,62.0
6900.0,9,1.032258065,-10.58064516,31.0,62.0
7000.0,9,2.0625,-10.28125,32.0,64.0
7100.0,9,3.617647059,-10.02941176,34.0,64.0
7200.0,9,3.28125,-7.625,32.0,64.0
7300.0,9,3.588235294,-8.176470588,34.0,64.0
7400.0,9,1.771428571,-8.514285714,35.0,66.0
7500.0,9,3.545454545,-7.818181818,33.0,64.0
7600.0,9,5.212121212,-8.545454545,33.0,64.0
7700.0,9,3.0,-6.8,35.0,66.0
7800.0,9,1.6875,-8.3125,32.0,64.0
7900.0,9,2.212121212,-6.454545455,33.0,64.0
8000.0,9,3.35483871,-5.516129032,31.0,62.0
8100.0,9,3.0,-5.0,32.0,64.0
8200.0,9,3.057142857,-5.171428571,35.0,66.0
8300.0,9,6.46875,-4.9375,32.0,62.0
8400.0,9,4.470588235,-3.852941176,34.0,64.0
8500.0,9,6.84375,-5.375,32.0,60.0
8600.0,9,7.058823529,-1.352941176,34.0,64.0
8700.0,9,7.15625,-2.625,32.0,60.0
8800.0,9,7.0625,-2.6875,32.0,64.0
8900.0,9,7.235294118,-5.823529412,34.0,64.0
9000.0,9,8.428571429,-6.057142857,35.0,64.0
9100.0,9,7.193548387,-3.903225806,31.0,62.0
9200.0,9,7.606060606,-5.151515152,33.0,64.0
9300.0,9,6.823529412,-7.088235294,34.0,64.0
9400.0,9,7.575757576,-5.757575758,33.0,62.0
9500.0,9,7.71875,-5.5,32.0,62.0
9600.0,9,7.64516129,-6.258064516,31.0,60.0
9700.0,9,8.696969697,-7.909090909,33.0,62.0
9800.0,9,9.235294118,-8.647058824,34.0,66.0
9900.0,9,10.8125,-9.25,32.0,64.0
10000.0,9,10.90909091,-10.24242424,33.0,62.0
0.0,10,4.0,4.0,37.0,64.0
100.0,10,1.303030303,2.727272727,33.0,64.0
200.0,10,1.705882353,1.5,34.0,62.0
300.0,10,1.903225806,2.451612903,31.0,62.0
400.0,10,2.71875,2.15625,32.0,62.0
500.0,10,4.258064516,1.64516129,31.0,64.0
600.0,10,3.548387097,-0.6774193548,31.0,64.0
700.0,10,2.193548387,0.3548387097,31.0,60.0
800.0,10,4.151515152,0.8484848485,33.0,62.0
900.0,10,3.28125,2.03125,32.0,62.0
1000.0,10,2.181818182,3.03030303,33.0,62.0
1100.0,10,1.5,1.1875,32.0,62.0
1200.0,10,-0.125,2.5,32.0,64.0
1300.0,10,0.7352941176,2.117647059,34.0,66.0
1400.0,10,1.64516129,3.419354839,31.0,64.0
1500.0,10,0.5,2.0,34.0,62.0
1600.0,10,1.823529412,1.911764706,34.0,64.0
1700.0,10,2.176470588,1.5,34.0,64.0
1800.0,10,0.96875,2.65625,32.0,64.0
1900.0,10,1.333333333,5.424242424,33.0,62.0
2000.0,10,-0.06451612903,6.032258065,31.0,64.0
2100.0,10,-0.3636363636,6.515151515,33.0,64.0
2200.0,10,-1.15625,7.6875,32.0,66.0
2300.0,10,-1.264705882,7.294117647,34.0,64.0
2400.0,10,0.8484848485,5.727272727,33.0,62.0
2500.0,10,2.2,4.966666667,30.0,62.0
2600.0,10,4.617647059,1.911764706,34.0,64.0
2700.0,10,5.53125,2.75,32.0,62.0
2800.0,10,6.483870968,4.387096774,31.0,62.0
2900.0,10,7.484848485,5.060606061,33.0,64.0
3000.0,10,8.454545455,5.090909091,33.0,62.0
3100.0,10,8.9375,4.09375,32.0,62.0
3200.0,10,8.96969697,2.757575758,33.0,64.0
3300.0,10,9.212121212,3.363636364,33.0,64.0
3400.0,10,7.935483871,3.064516129,31.0,62.0
3500.0,10,9.970588235,2.970588235,34.0,64.0
3600.0,10,10.94117647,0.5588235294,34.0,64.0
3700.0,10,11.06451613,-0.6451612903,31.0,62.0
3800.0,10,10.12121212,0.0303030303,33.0,64.0
3900.0,10,8.727272727,2.181818182,33.0,62.0
4000.0,10,7.387096774,3.064516129,31.0,62.0
4100.0,10,9.53125,0.875,32.0,64.0
4200.0,10,13.36363636,0.4242424242,33.0,66.0
4300.0,10,15.0,0.4666666667,30.0,62.0
4400.0,10,15.03030303,-1.818181818,33.0,66.0
4500.0,10,14.06451613,-1.032258065,31.0,62.0
4600.0,10,12.61290323,-2.064516129,31.0,64.0
4700.0,10,12.1,-1.4,30.0,66.0
4800.0,10,12.90625,-1.28125,32.0,62.0
4900.0,10,13.55882353,-0.6764705882,34.0,64.0
5000.0,10,12.90625,1.65625,32.0,62.0
5100.0,10,15.31428571,0.1142857143,35.0,64.0
5200.0,10,15.5625,0.28125,32.0,62.0
5300.0,10,14.65625,0.625,32.0,62.0
5400.0,10,15.77142857,-1.0,35.0,64.0
5500.0,10,16.05714286,-1.057142857,35.0,64.0
5600.0,10,15.83870968,-4.096774194,31.0,62.0
5700.0,10,15.0,-2.5,34.0,62.0
5800.0,10,14.65625,-2.25,32.0,64.0
5900.0,10,16.36666667,-2.7,30.0,62.0
6000.0,10,15.72727273,-3.393939394,33.0,64.0
6100.0,10,16.0,-5.628571429,35.0,64.0
6200.0,10,17.27272727,-4.848484848,33.0,62.0
6300.0,10,17.54285714,-5.742857143,35.0,64.0
6400.0,10,18.06451613,-6.419354839,31.0,60.0
6500.0,10,17.96875,-5.25,32.0,62.0
6600.0,10,16.27272727,-4.303030303,33.0,64.0
6700.0,10,18.93939394,-4.96969697,33.0,64.0
6800.0,10,21.0,-3.838709677,31.0,64.0
6900.0,10,20.81818182,-2.03030303,33.0,62.0
7000.0,10,21.20689655,-1.103448276,29.0,60.0
7100.0,10,20.53125,-1.125,32.0,64.0
7200.0,10,19.0,-0.5,34.0,62.0
7300.0,10,20.8125,1.0,32.0,64.0
7400.0,10,21.3030303,1.272727273,33.0,64.0
7500.0,10,20.91176471,-0.7941176471,34.0,64.0
7600.0,10,19.1875,0.03125,32.0,64.0
7700.0,10,19.16129032,-1.387096774,31.0,64.0
7800.0,10,21.625,-1.875,32.0,64.0
7900.0,10,21.21212121,-2.909090909,33.0,64.0
8000.0,10,20.23529412,-2.676470588,34.0,64.0
8100.0,10,22.15625,-1.28125,32.0,62.0
8200.0,10,23.0,-1.264705882,34.0,62.0
8300.0,10,22.85294118,-1.117647059,34.0,66.0
8400.0,10,20.87878788,-0.4848484848,33.0,64.0
8500.0,10,22.11764706,-2.0,34.0,64.0
8600.0,10,23.08823529,-1.794117647,34.0,64.0
8700.0,10,21.81818182,-2.272727273,33.0,64.0
8800.0,10,21.82857143,-2.714285714,35.0,64.0
8900.0,10,23.0,-4.5,36.0,66.0
9000.0,10,22.44117647,-5.176470588,34.0,64.0
9100.0,10,22.94117647,-6.323529412,34.0,64.0
9200.0,10,23.84848485,-6.090909091,33.0,62.0
9300.0,10,25.4375,-5.59375,32.0,62.0
9400.0,10,24.6875,-4.84375,32.0,64.0
9500.0,10,25.87096774,-5.935483871,31.0,62.0
9600.0,10,26.4,-4.714285714,35.0,64.0
9700.0,10,24.64705882,-3.411764706,34.0,64.0
9800.0,10,24.05882353,-3.235294118,34.0,64.0
9900.0,10,22.52941176,-5.764705882,34.0,64.0
10000.0,10,21.32258065,-4.870967742,31.0,62.0
0.0,11,4.0,4.0,37.0,64.0
100.0,11,2.909090909,4.909090909,33.0,64.0
200.0,11,1.757575758,4.303030303,33.0,62.0
300.0,11,3.03030303,5.333333333,33.0,64.0
400.0,11,2.5,5.1875,32.0,62.0
500.0,11,1.322580645,5.516129032,31.0,62.0
600.0,11,1.64516129,6.903225806,31.0,62.0
700.0,11,-2.387096774,5.903225806,31.0,64.0
800.0,11,-2.515151515,6.909090909,33.0,62.0
900.0,11,-1.666666667,6.878787879,33.0,66.0
1000.0,11,-1.6,6.028571429,35.0,64.0
1100.0,11,-2.71875,6.65625,32.0,62.0
1200.0,11,-3.088235294,4.676470588,34.0,64.0
1300.0,11,-3.181818182,6.363636364,33.0,64.0
1400.0,11,-2.333333333,8.454545455,33.0,64.0
1500.0,11,-4.0,8.088235294,34.0,64.0
1600.0,11,-4.866666667,7.8,30.0,62.0
1700.0,11,-4.774193548,7.387096774,31.0,62.0
1800.0,11,-4.060606061,7.0,33.0,64.0
1900.0,11,-3.029411765,6.382352941,34.0,64.0
2000.0,11,-2.096774194,6.129032258,31.0,64.0
2100.0,11,-0.7096774194,4.516129032,31.0,62.0
2200.0,11,-0.3125,4.65625,32.0,62.0
2300.0,11,0.6060606061,4.484848485,33.0,64.0
2400.0,11,0.9032258065,3.451612903,31.0,60.0
2500.0,11,1.0625,3.46875,32.0,62.0
2600.0,11,3.212121212,3.151515152,33.0,64.0
2700.0,11,2.606060606,4.515151515,33.0,64.0
2800.0,11,1.258064516,5.258064516,31.0,64.0
2900.0,11,-1.545454545,7.848484848,33.0,64.0
3000.0,11,-1.029411765,8.294117647,34.0,64.0
3100.0,11,1.78125,7.34375,32.0,62.0
3200.0,11,2.771428571,6.657142857,35.0,64.0
3300.0,11,3.060606061,6.333333333,33.0,64.0
3400.0,11,1.848484848,5.151515152,33.0,64.0
3500.0,11,-0.2121212121,5.03030303,33.0,64.0
3600.0,11,-0.3333333333,4.606060606,33.0,64.0
3700.0,11,0.15625,3.21875,32.0,64.0
3800.0,11,-0.1212121212,3.696969697,33.0,64.0
3900.0,11,-1.060606061,3.424242424,33.0,66.0
4000.0,11,-0.7142857143,4.171428571,35.0,64.0
4100.0,11,-2.09375,4.96875,32.0,64.0
4200.0,11,-3.647058824,6.0,34.0,64.0
4300.0,11,-4.272727273,6.666666667,33.0,64.0
4400.0,11,-6.375,6.9375,32.0,62.0
4500.0,11,-6.53125,6.25,32.0,62.0
4600.0,11,-7.515151515,8.060606061,33.0,66.0
4700.0,11,-5.65625,10.25,32.0,64.0
4800.0,11,-6.242424242,10.0,33.0,64.0
4900.0,11,-7.060606061,10.42424242,33.0,64.0
5000.0,11,-11.78787879,10.60606061,33.0,64.0
5100.0,11,-12.19354839,8.741935484,31.0,62.0
5200.0,11,-12.52941176,9.588235294,34.0,64.0
5300.0,11,-13.34375,8.1875,32.0,64.0
5400.0,11,-13.11428571,8.514285714,35.0,66.0
5500.0,11,-13.0,6.735294118,34.0,62.0
5600.0,11,-14.21212121,5.272727273,33.0,64.0
5700.0,11,-13.51515152,3.909090909,33.0,62.0
5800.0,11,-15.53125,2.15625,32.0,62.0
5900.0,11,-15.44117647,2.735294118,34.0,64.0
6000.0,11,-13.88235294,3.411764706,34.0,64.0
6100.0,11,-14.21212121,2.666666667,33.0,64.0
6200.0,11,-15.44117647,4.735294118,34.0,66.0
6300.0,11,-13.66666667,6.787878788,33.0,64.0
6400.0,11,-11.96551724,8.137931034,29.0,62.0
6500.0,11,-11.25,7.1875,32.0,62.0
6600.0,11,-9.848484848,7.515151515,33.0,62.0
6700.0,11,-8.909090909,7.787878788,33.0,64.0
6800.0,11,-9.8,9.542857143,35.0,64.0
6900.0,11,-12.1875,8.96875,32.0,64.0
7000.0,11,-10.15151515,10.24242424,33.0,64.0
7100.0,11,-10.08571429,8.571428571,35.0,64.0
7200.0,11,-11.09677419,9.35483871,31.0,62.0
7300.0,11,-10.8,7.133333333,30.0,60.0
7400.0,11,-10.84375,6.28125,32.0,62.0
7500.0,11,-11.03030303,6.363636364,33.0,64.0
7600.0,11,-11.52941176,8.764705882,34.0,64.0
7700.0,11,-15.0,7.78125,32.0,62.0
7800.0,11,-14.39393939,7.96969697,33.0,64.0
7900.0,11,-11.75757576,7.666666667,33.0,64.0
8000.0,11,-13.41176471,8.5,34.0,64.0
8100.0,11,-12.24242424,9.666666667,33.0,62.0
8200.0,11,-12.41176471,9.882352941,34.0,64.0
8300.0,11,-12.15625,9.6875,32.0,64.0
8400.0,11,-11.1875,10.78125,32.0,62.0
8500.0,11,-12.6969697,11.0,33.0,64.0
8600.0,11,-12.6969697,12.27272727,33.0,64.0
8700.0,11,-14.23333333,13.23333333,30.0,62.0
8800.0,11,-14.27272727,11.21212121,33.0,64.0
8900.0,11,-11.77419355,10.93548387,31.0,64.0
9000.0,11,-10.42424242,10.66666667,33.0,62.0
9100.0,11,-12.6875,10.5,32.0,64.0
9200.0,11,-14.06666667,10.06666667,30.0,64.0
9300.0,11,-14.70588235,10.79411765,34.0,64.0
9400.0,11,-15.90625,11.15625,32.0,64.0
9500.0,11,-15.90625,11.65625,32.0,64.0
9600.0,11,-17.76666667,14.13333333,30.0,62.0
9700.0,11,-18.46875,14.59375,32.0,66.0
9800.0,11,-19.65625,15.34375,32.0,64.0
9900.0,11,-17.70967742,14.12903226,31.0,62.0
10000.0,11,-19.32352941,12.5,34.0,64.0
0.0,12,4.0,4.0,37.0,64.0
100.0,12,5.28125,3.15625,32.0,62.0
200.0,12,5.515151515,2.696969697,33.0,66.0
300.0,12,6.5,4.705882353,34.0,62.0
400.0,12,7.647058824,7.911764706,34.0,64.0
500.0,12,7.205882353,8.911764706,34.0,64.0
600.0,12,5.903225806,10.58064516,31.0,62.0
700.0,12,7.457142857,9.571428571,35.0,64.0
800.0,12,7.8125,9.875,32.0,62.0
900.0,12,8.264705882,9.0,34.0,64.0
1000.0,12,8.5,8.5,32.0,64.0
1100.0,12,8.636363636,8.818181818,33.0,64.0
1200.0,12,8.6875,7.53125,32.0,62.0
1300.0,12,7.818181818,7.363636364,33.0,64.0
1400.0,12,6.909090909,8.484848485,33.0,62.0
1500.0,12,7.3125,9.125,32.0,64.0
1600.0,12,6.333333333,10.54545455,33.0,64.0
1700.0,12,4.3,11.96666667,30.0,64.0
1800.0,12,4.4375,11.875,32.0,64.0
1900.0,12,7.0625,9.46875,32.0,62.0
2000.0,12,5.647058824,13.0,34.0,64.0
2100.0,12,5.575757576,14.63636364,33.0,66.0
2200.0,12,5.34375,13.21875,32.0,64.0
2300.0,12,4.53125,13.6875,32.0,62.0
2400.0,12,4.59375,13.03125,32.0,64.0
2500.0,12,5.647058824,12.38235294,34.0,66.0
2600.0,12,6.571428571,11.77142857,35.0,64.0
2700.0,12,7.677419355,10.77419355,31.0,64.0
2800.0,12,9.090909091,11.63636364,33.0,64.0
2900.0,12,9.533333333,12.5,30.0,64.0
3000.0,12,9.147058824,12.58823529,34.0,64.0
3100.0,12,8.53125,13.9375,32.0,62.0
3200.0,12,9.441176471,14.41176471,34.0,66.0
3300.0,12,9.0,12.6,35.0,64.0
3400.0,12,11.9375,12.59375,32.0,64.0
3500.0,12,12.38235294,11.97058824,34.0,64.0
3600.0,12,9.266666667,13.56666667,30.0,60.0
3700.0,12,7.441176471,10.58823529,34.0,64.0
3800.0,12,6.8,11.1,30.0,62.0
3900.0,12,6.129032258,12.41935484,31.0,62.0
4000.0,12,7.516129032,11.90322581,31.0,62.0
4100.0,12,4.176470588,12.82352941,34.0,62.0
4200.0,12,3.852941176,13.61764706,34.0,64.0
4300.0,12,3.90625,14.96875,32.0,62.0
4400.0,12,3.636363636,14.3030303,33.0,64.0
4500.0,12,3.303030303,10.75757576,33.0,62.0
4600.0,12,4.151515152,11.21212121,33.0,64.0
4700.0,12,3.65625,12.5625,32.0,62.0
4800.0,12,3.676470588,13.14705882,34.0,64.0
4900.0,12,2.65625,12.5625,32.0,64.0
5000.0,12,4.294117647,11.73529412,34.0,64.0
5100.0,12,4.375,9.84375,32.0,60.0
5200.0,12,4.806451613,7.709677419,31.0,62.0
5300.0,12,5.03125,7.3125,32.0,64.0
5400.0,12,5.181818182,7.848484848,33.0,64.0
5500.0,12,4.0,6.71875,32.0,62.0
5600.0,12,5.727272727,6.606060606,33.0,64.0
5700.0,12,4.64516129,6.677419355,31.0,62.0
5800.0,12,3.702702703,6.891891892,37.0,66.0
5900.0,12,4.272727273,7.636363636,33.0,64.0
6000.0,12,4.966666667,6.0,30.0,62.0
6100.0,12,4.580645161,7.451612903,31.0,60.0
6200.0,12,6.258064516,8.580645161,31.0,62.0
6300.0,12,6.757575758,8.575757576,33.0,62.0
6400.0,12,7.258064516,9.709677419,31.0,62.0
6500.0,12,8.117647059,9.764705882,34.0,64.0
6600.0,12,8.064516129,9.322580645,31.0,62.0
6700.0,12,8.428571429,8.542857143,35.0,64.0
6800.0,12,7.870967742,9.935483871,31.0,64.0
6900.0,12,5.909090909,8.787878788,33.0,64.0
7000.0,12,5.96875,7.15625,32.0,64.0
7100.0,12,6.375,6.1875,32.0,64.0
7200.0,12,6.242424242,6.606060606,33.0,64.0
7300.0,12,6.424242424,7.242424242,33.0,62.0
7400.0,12,6.571428571,5.942857143,35.0,66.0
7500.0,12,5.40625,4.875,32.0,64.0
7600.0,12,4.90625,5.28125,32.0,62.0
7700.0,12,3.818181818,5.454545455,33.0,64.0
7800.0,12,1.757575758,4.96969697,33.0,66.0
7900.0,12,1.666666667,5.242424242,33.0,62.0
8000.0,12,1.090909091,5.393939394,33.0,64.0
8100.0,12,-0.1612903226,4.193548387,31.0,64.0
8200.0,12,-2.257142857,2.457142857,35.0,64.0
8300.0,12,-2.151515152,1.484848485,33.0,62.0
8400.0,12,-2.64516129,-0.2580645161,31.0,60.0
8500.0,12,-2.878787879,1.363636364,33.0,64.0
8600.0,12,-3.0,1.09375,32.0,62.0
8700.0,12,-1.15625,-0.625,32.0,64.0
8800.0,12,-1.96969697,-1.484848485,33.0,64.0
8900.0,12,-2.303030303,-1.757575758,33.0,62.0
9000.0,12,-2.5,-2.294117647,34.0,62.0
9100.0,12,-2.580645161,-0.7741935484,31.0,62.0
9200.0,12,-1.371428571,-1.857142857,35.0,66.0
9300.0,12,-0.8484848485,-0.9090909091,33.0,66.0
9400.0,12,-2.59375,-0.8125,32.0,64.0
9500.0,12,-1.916666667,0.9722222222,36.0,64.0
9600.0,12,-2.060606061,1.090909091,33.0,64.0
9700.0,12,-1.848484848,0.9696969697,33.0,64.0
9800.0,12,-2.09375,1.875,32.0,66.0
9900.0,12,-2.8125,0.34375,32.0,64.0
10000.0,12,-1.666666667,-2.060606061,33.0,62.0
0.0,13,4.0,4.0,37.0,64.0
100.0,13,3.090909091,6.484848485,33.0,62.0
200.0,13,1.818181818,5.96969697,33.0,62.0
300.0,13,-0.5151515152,6.606060606,33.0,62.0
400.0,13,-1.235294118,6.911764706,34.0,68.0
500.0,13,-1.696969697,6.393939394,33.0,64.0
600.0,13,-2.454545455,7.818181818,33.0,66.0
700.0,13,-2.393939394,7.787878788,33.0,64.0
800.0,13,-1.6875,4.65625,32.0,64.0
900.0,13,-2.625,3.96875,32.0,64.0
1000.0,13,-5.606060606,5.96969697,33.0,64.0
1100.0,13,-6.0625,5.9375,32.0,62.0
1200.0,13,-6.428571429,7.4,35.0,66.0
1300.0,13,-9.411764706,8.558823529,34.0,64.0
1400.0,13,-8.5,9.294117647,34.0,62.0
1500.0,13,-10.66666667,7.424242424,33.0,62.0
1600.0,13,-9.344827586,4.24137931,29.0,62.0
1700.0,13,-9.0,2.15625,32.0,62.0
1800.0,13,-10.0625,2.9375,32.0,62.0
1900.0,13,-10.09375,2.4375,32.0,62.0
2000.0,13,-9.771428571,5.085714286,35.0,64.0
2100.0,13,-10.72727273,6.393939394,33.0,66.0
2200.0,13,-11.5,5.882352941,34.0,64.0
2300.0,13,-11.82352941,6.558823529,34.0,64.0
2400.0,13,-11.0,5.771428571,35.0,64.0
2500.0,13,-10.03225806,5.612903226,31.0,64.0
2600.0,13,-9.15625,6.28125,32.0,64.0
2700.0,13,-9.28125,5.1875,32.0,62.0
2800.0,13,-8.580645161,6.064516129,31.0,62.0
2900.0,13,-6.878787879,5.515151515,33.0,64.0
3000.0,13,-7.558823529,3.647058824,34.0,64.0
3100.0,13,-7.5,3.5,30.0,60.0
3200.0,13,-7.333333333,5.090909091,33.0,64.0
3300.0,13,-8.393939394,4.515151515,33.0,62.0
3400.0,13,-8.21875,4.625,32.0,64.0
3500.0,13,-10.03030303,6.333333333,33.0,64.0
3600.0,13,-10.77142857,6.914285714,35.0,64.0
3700.0,13,-11.19444444,8.055555556,36.0,66.0
3800.0,13,-11.15625,8.3125,32.0,62.0
3900.0,13,-9.727272727,8.090909091,33.0,64.0
4000.0,13,-9.59375,7.53125,32.0,64.0
4100.0,13,-10.38709677,9.0,31.0,62.0
4200.0,13,-10.76470588,9.647058824,34.0,64.0
4300.0,13,-12.03125,10.15625,32.0,64.0
4400.0,13,-11.90909091,11.24242424,33.0,62.0
4500.0,13,-12.25,10.28125,32.0,62.0
4600.0,13,-12.21212121,8.606060606,33.0,64.0
4700.0,13,-12.8,10.05714286,35.0,66.0
4800.0,13,-13.58823529,9.823529412,34.0,64.0
4900.0,13,-14.40625,9.96875,32.0,64.0
5000.0,13,-13.24242424,8.424242424,33.0,64.0
5100.0,13,-12.76470588,5.529411765,34.0,64.0
5200.0,13,-15.18181818,5.181818182,33.0,64.0
5300.0,13,-14.26666667,5.5,30.0,64.0
5400.0,13,-14.81818182,3.272727273,33.0,62.0
5500.0,13,-16.42424242,3.03030303,33.0,62.0
5600.0,13,-18.4375,1.1875,32.0,62.0
5700.0,13,-17.74285714,2.114285714,35.0,64.0
5800.0,13,-18.48571429,3.085714286,35.0,66.0
5900.0,13,-17.375,4.65625,32.0,62.0
6000.0,13,-17.60606061,3.393939394,33.0,64.0
6100.0,13,-18.51612903,4.741935484,31.0,62.0
6200.0,13,-20.7027027,3.891891892,37.0,66.0
6300.0,13,-22.15625,3.90625,32.0,64.0
6400.0,13,-22.6969697,2.242424242,33.0,62.0
6500.0,13,-22.5,2.411764706,34.0,64.0
6600.0,13,-22.96969697,0.7272727273,33.0,66.0
6700.0,13,-22.74193548,-1.129032258,31.0,62.0
6800.0,13,-21.91428571,-2.685714286,35.0,64.0
6900.0,13,-22.71428571,-3.828571429,35.0,64.0
7000.0,13,-22.84848485,-2.636363636,33.0,64.0
7100.0,13,-22.65625,-1.90625,32.0,62.0
7200.0,13,-25.09090909,-1.151515152,33.0,62.0
7300.0,13,-23.21875,-2.0625,32.0,62.0
7400.0,13,-24.0,-2.454545455,33.0,66.0
7500.0,13,-25.23529412,-2.029411765,34.0,64.0
7600.0,13,-24.26470588,-3.0,34.0,62.0
7700.0,13,-25.05882353,-1.470588235,34.0,64.0
7800.0,13,-23.88235294,-3.0,34.0,64.0
7900.0,13,-24.24242424,-3.303030303,33.0,64.0
8000.0,13,-23.32258065,-4.838709677,31.0,62.0
8100.0,13,-24.0625,-3.28125,32.0,64.0
8200.0,13,-22.67741935,-4.129032258,31.0,62.0
8300.0,13,-22.97058824,-6.764705882,34.0,64.0
8400.0,13,-24.25,-7.90625,32.0,62.0
8500.0,13,-23.80645161,-6.741935484,31.0,62.0
8600.0,13,-22.97058824,-8.147058824,34.0,64.0
8700.0,13,-24.625,-6.75,32.0,62.0
8800.0,13,-24.39393939,-6.484848485,33.0,62.0
8900.0,13,-22.96875,-7.34375,32.0,62.0
9000.0,13,-23.90909091,-7.454545455,33.0,62.0
9100.0,13,-23.0,-9.057142857,35.0,64.0
9200.0,13,-22.41935484,-9.935483871,31.0,62.0
9300.0,13,-23.5625,-10.125,32.0,62.0
9400.0,13,-25.75,-9.5625,32.0,66.0
9500.0,13,-23.67741935,-10.35483871,31.0,64.0
9600.0,13,-24.46875,-11.125,32.0,64.0
9700.0,13,-24.08823529,-11.26470588,34.0,64.0
9800.0,13,-23.64516129,-9.096774194,31.0,62.0
9900.0,13,-22.32352941,-9.088235294,34.0,64.0
10000.0,13,-23.93939394,-8.666666667,33.0,62.0
0.0,14,4.0,4.0,37.0,64.0
100.0,14,4.0625,4.28125,32.0,64.0
200.0,14,4.575757576,5.636363636,33.0,64.0
300.0,14,5.2,5.542857143,35.0,66.0
400.0,14,6.878787879,6.03030303,33.0,64.0
500.0,14,5.939393939,6.242424242,33.0,64.0
600.0,14,6.7,4.466666667,30.0,62.0
700.0,14,9.46875,7.4375,32.0,64.0
800.0,14,8.575757576,7.03030303,33.0,62.0
900.0,14,9.657142857,6.942857143,35.0,64.0
1000.0,14,12.09090909,7.545454545,33.0,62.0
1100.0,14,11.57575758,8.424242424,33.0,62.0
1200.0,14,11.06060606,10.42424242,33.0,62.0
1300.0,14,11.53125,10.8125,32.0,62.0
1400.0,14,10.42857143,10.08571429,35.0,64.0
1500.0,14,10.85294118,9.617647059,34.0,64.0
1600.0,14,12.80645161,8.806451613,31.0,62.0
1700.0,14,13.83333333,8.533333333,30.0,62.0
1800.0,14,12.21875,6.15625,32.0,64.0
1900.0,14,11.93939394,6.757575758,33.0,64.0
2000.0,14,13.0,7.303030303,33.0,64.0
2100.0,14,12.96551724,7.068965517,29.0,62.0
2200.0,14,11.59375,6.125,32.0,62.0
2300.0,14,12.875,5.625,32.0,64.0
2400.0,14,12.52941176,3.764705882,34.0,64.0
2500.0,14,10.625,5.5,32.0,62.0
2600.0,14,9.696969697,6.939393939,33.0,64.0
2700.0,14,8.827586207,7.206896552,29.0,62.0
2800.0,14,10.11764706,5.5,34.0,64.0
2900.0,14,11.18181818,4.393939394,33.0,64.0
3000.0,14,9.935483871,6.096774194,31.0,64.0
3100.0,14,9.64516129,5.774193548,31.0,62.0
3200.0,14,9.636363636,6.727272727,33.0,62.0
3300.0,14,8.085714286,7.142857143,35.0,64.0
3400.0,14,8.25,7.28125,32.0,62.0
3500.0,14,7.647058824,5.823529412,34.0,64.0
3600.0,14,7.75,7.28125,32.0,62.0
3700.0,14,4.6875,7.53125,32.0,64.0
3800.0,14,4.243243243,4.567567568,37.0,66.0
3900.0,14,3.942857143,4.342857143,35.0,64.0
4000.0,14,3.5,3.323529412,34.0,64.0
4100.0,14,3.787878788,5.181818182,33.0,64.0
4200.0,14,3.757575758,4.515151515,33.0,64.0
4300.0,14,3.5625,5.0,32.0,62.0
4400.0,14,3.90625,7.0625,32.0,62.0
4500.0,14,4.060606061,6.696969697,33.0,64.0
4600.0,14,4.64516129,6.709677419,31.0,62.0
4700.0,14,3.823529412,8.0,34.0,64.0
4800.0,14,2.484848485,8.090909091,33.0,64.0
4900.0,14,4.0,7.628571429,35.0,64.0
5000.0,14,4.0,6.875,32.0,64.0
5100.0,14,4.705882353,5.323529412,34.0,66.0
5200.0,14,4.5625,5.59375,32.0,64.0
5300.0,14,5.71875,5.375,32.0,64.0
5400.0,14,6.212121212,3.848484848,33.0,64.0
5500.0,14,8.848484848,2.545454545,33.0,66.0
5600.0,14,10.15151515,1.909090909,33.0,62.0
5700.0,14,11.35294118,2.441176471,34.0,64.0
5800.0,14,10.59375,0.71875,32.0,64.0
5900.0,14,10.06451613,2.032258065,31.0,62.0
6000.0,14,10.35483871,1.096774194,31.0,62.0
6100.0,14,9.058823529,0.7941176471,34.0,64.0
6200.0,14,7.666666667,0.9393939394,33.0,62.0
6300.0,14,8.0,-0.5,34.0,62.0
6400.0,14,7.625,-2.5,32.0,62.0
6500.0,14,8.225806452,-4.0,31.0,62.0
6600.0,14,8.085714286,-5.142857143,35.0,64.0
6700.0,14,7.5,-4.266666667,30.0,60.0
6800.0,14,7.066666667,-4.866666667,30.0,62.0
6900.0,14,6.090909091,-6.242424242,33.0,62.0
7000.0,14,6.323529412,-5.911764706,34.0,64.0
7100.0,14,8.060606061,-5.515151515,33.0,64.0
7200.0,14,8.393939394,-4.151515152,33.0,64.0
7300.0,14,9.53125,-3.65625,32.0,62.0
7400.0,14,9.5625,-2.0625,32.0,62.0
7500.0,14,11.65625,-2.15625,32.0,64.0
7600.0,14,11.84375,-0.53125,32.0,62.0
7700.0,14,12.19354839,-1.64516129,31.0,60.0
7800.0,14,12.25,-0.875,32.0,66.0
7900.0,14,11.96969697,-0.8181818182,33.0,62.0
8000.0,14,12.5,-0.375,32.0,64.0
8100.0,14,12.90909091,-0.303030303,33.0,64.0
8200.0,14,11.0625,0.3125,32.0,62.0
8300.0,14,12.03225806,0.1935483871,31.0,62.0
8400.0,14,11.11428571,0.05714285714,35.0,64.0
8500.0,14,11.90909091,-1.151515152,33.0,64.0
8600.0,14,14.5,-2.0,32.0,62.0
8700.0,14,13.2,-0.8,30.0,64.0
8800.0,14,14.64516129,-0.7419354839,31.0,62.0
8900.0,14,14.88235294,-2.147058824,34.0,64.0
9000.0,14,14.96875,-2.375,32.0,62.0
9100.0,14,17.28571429,-3.057142857,35.0,64.0
9200.0,14,16.93548387,-3.741935484,31.0,62.0
9300.0,14,16.5,-5.0,32.0,62.0
9400.0,14,14.29032258,-4.548387097,31.0,62.0
9500.0,14,14.91176471,-4.941176471,34.0,64.0
9600.0,14,16.48275862,-6.586206897,29.0,64.0
9700.0,14,16.48484848,-6.393939394,33.0,64.0
9800.0,14,16.73529412,-6.088235294,34.0,64.0
9900.0,14,15.54545455,-6.303030303,33.0,64.0
10000.0,14,14.7,-6.5,30.0,62.0
0.0,15,4.0,4.0,37.0,64.0
100.0,15,4.1875,3.5,32.0,62.0
200.0,15,4.971428571,3.6,35.0,64.0
300.0,15,4.441176471,4.823529412,34.0,64.0
400.0,15,5.060606061,5.878787879,33.0,64.0
500.0,15,6.181818182,4.03030303,33.0,62.0
600.0,15,6.125,2.9375,32.0,64.0
700.0,15,6.25,2.53125,32.0,64.0
800.0,15,4.65625,6.03125,32.0,64.0
900.0,15,4.882352941,7.205882353,34.0,64.0
1000.0,15,3.90625,7.34375,32.0,62.0
1100.0,15,3.787878788,5.909090909,33.0,64.0
1200.0,15,2.454545455,6.909090909,33.0,62.0
1300.0,15,1.6,7.485714286,35.0,64.0
1400.0,15,2.757575758,7.454545455,33.0,64.0
1500.0,15,3.484848485,6.151515152,33.0,62.0
1600.0,15,5.057142857,6.114285714,35.0,64.0
1700.0,15,5.848484848,7.272727273,33.0,62.0
1800.0,15,7.5,8.529411765,34.0,66.0
1900.0,15,8.03125,8.96875,32.0,64.0
2000.0,15,10.63636364,10.24242424,33.0,66.0
2100.0,15,12.1875,10.3125,32.0,64.0
2200.0,15,13.06666667,11.1,30.0,62.0
2300.0,15,14.42424242,10.45454545,33.0,64.0
2400.0,15,15.0,11.26470588,34.0,62.0
2500.0,15,14.88235294,12.85294118,34.0,64.0
2600.0,15,14.23529412,13.52941176,34.0,66.0
2700.0,15,13.57575758,11.24242424,33.0,62.0
2800.0,15,13.125,11.1875,32.0,64.0
2900.0,15,10.19354839,13.19354839,31.0,62.0
3000.0,15,12.26470588,11.70588235,34.0,64.0
3100.0,15,11.29411765,10.91176471,34.0,66.0
3200.0,15,11.06451613,13.83870968,31.0,64.0
3300.0,15,10.25806452,16.35483871,31.0,60.0
3400.0,15,11.4,16.02857143,35.0,66.0
3500.0,15,12.5,13.0,34.0,62.0
3600.0,15,13.90909091,13.42424242,33.0,64.0
3700.0,15,15.0,16.5,34.0,62.0
3800.0,15,12.1875,16.5625,32.0,62.0
3900.0,15,13.90909091,16.3030303,33.0,62.0
4000.0,15,13.25806452,17.06451613,31.0,62.0
4100.0,15,13.34375,18.71875,32.0,64.0
4200.0,15,12.63636364,19.51515152,33.0,66.0
4300.0,15,14.77419355,18.67741935,31.0,64.0
4400.0,15,13.19354839,19.64516129,31.0,60.0
4500.0,15,14.82352941,19.85294118,34.0,64.0
4600.0,15,14.81818182,17.0,33.0,64.0
4700.0,15,17.35483871,16.83870968,31.0,64.0
4800.0,15,16.75757576,17.42424242,33.0,64.0
4900.0,15,16.90909091,18.72727273,33.0,66.0
5000.0,15,16.81818182,17.72727273,33.0,64.0
5100.0,15,16.5,17.5,32.0,60.0
5200.0,15,19.09090909,15.84848485,33.0,62.0
5300.0,15,20.03225806,15.32258065,31.0,62.0
5400.0,15,19.875,15.40625,32.0,64.0
5500.0,15,20.70588235,13.97058824,34.0,64.0
5600.0,15,21.22580645,15.90322581,31.0,62.0
5700.0,15,20.9375,15.3125,32.0,62.0
5800.0,15,20.5,14.65625,32.0,64.0
5900.0,15,21.21212121,12.84848485,33.0,64.0
6000.0,15,23.27272727,14.63636364,33.0,62.0
6100.0,15,21.53125,13.78125,32.0,64.0
6200.0,15,22.09375,13.40625,32.0,64.0
6300.0,15,21.88235294,14.58823529,34.0,64.0
6400.0,15,21.25806452,12.58064516,31.0,62.0
6500.0,15,20.84848485,13.21212121,33.0,64.0
6600.0,15,20.72727273,10.90909091,33.0,64.0
6700.0,15,21.125,9.84375,32.0,62.0
6800.0,15,21.93939394,8.424242424,33.0,62.0
6900.0,15,21.05882353,8.647058824,34.0,66.0
7000.0,15,20.48484848,9.363636364,33.0,64.0
7100.0,15,18.93939394,8.575757576,33.0,64.0
7200.0,15,20.375,10.71875,32.0,62.0
7300.0,15,20.05882353,10.44117647,34.0,64.0
7400.0,15,18.67741935,11.41935484,31.0,62.0
7500.0,15,19.75757576,11.63636364,33.0,64.0
7600.0,15,21.48484848,11.39393939,33.0,62.0
7700.0,15,21.08823529,11.0,34.0,64.0
7800.0,15,20.17647059,11.82352941,34.0,64.0
7900.0,15,19.58064516,10.4516129,31.0,62.0
8000.0,15,19.53125,10.09375,32.0,64.0
8100.0,15,18.55882353,10.32352941,34.0,64.0
8200.0,15,19.5,9.46875,32.0,64.0
8300.0,15,20.93548387,8.709677419,31.0,62.0
8400.0,15,20.27272727,7.454545455,33.0,64.0
8500.0,15,21.42424242,8.333333333,33.0,64.0
8600.0,15,21.32352941,10.73529412,34.0,64.0
8700.0,15,22.22580645,12.58064516,31.0,62.0
8800.0,15,21.5,10.82352941,34.0,64.0
8900.0,15,22.48387097,11.09677419,31.0,62.0
9000.0,15,24.18181818,9.272727273,33.0,62.0
9100.0,15,23.15625,9.9375,32.0,62.0
9200.0,15,23.19354839,9.35483871,31.0,62.0
9300.0,15,24.71875,11.65625,32.0,62.0
9400.0,15,24.18181818,12.03030303,33.0,62.0
9500.0,15,24.27272727,12.81818182,33.0,62.0
9600.0,15,24.08571429,15.2,35.0,64.0
9700.0,15,27.15151515,16.51515152,33.0,62.0
9800.0,15,25.5,16.0,34.0,62.0
9900.0,15,25.88235294,15.17647059,34.0,64.0
10000.0,15,23.94285714,15.34285714,35.0,64.0
0.0,16,4.0,4.0,37.0,64.0
100.0,16,5.454545455,5.575757576,33.0,64.0
200.0,16,5.575757576,5.96969697,33.0,62.0
300.0,16,3.323529412,6.882352941,34.0,66.0
400.0,16,3.838709677,7.870967742,31.0,64.0
500.0,16,4.9375,7.65625,32.0,64.0
600.0,16,5.588235294,9.764705882,34.0,64.0
700.0,16,7.75,10.53125,32.0,62.0
800.0,16,9.090909091,11.84848485,33.0,64.0
900.0,16,9.0,11.54545455,33.0,64.0
1000.0,16,11.40625,12.75,32.0,64.0
1100.0,16,10.42424242,13.45454545,33.0,64.0
1200.0,16,12.0,12.17647059,34.0,64.0
1300.0,16,11.63333333,13.23333333,30.0,62.0
1400.0,16,10.03030303,12.75757576,33.0,64.0
1500.0,16,11.125,13.8125,32.0,64.0
1600.0,16,12.94117647,14.67647059,34.0,64.0
1700.0,16,12.33333333,15.63636364,33.0,64.0
1800.0,16,11.33333333,15.06060606,33.0,62.0
1900.0,16,10.82352941,15.82352941,34.0,62.0
2000.0,16,8.823529412,16.73529412,34.0,66.0
2100.0,16,7.378378378,15.02702703,37.0,66.0
2200.0,16,6.0625,14.0625,32.0,64.0
2300.0,16,5.84375,16.28125,32.0,62.0
2400.0,16,6.516129032,17.80645161,31.0,62.0
2500.0,16,7.484848485,17.60606061,33.0,64.0
2600.0,16,7.935483871,17.48387097,31.0,62.0
2700.0,16,7.088235294,16.58823529,34.0,64.0
2800.0,16,9.375,18.03125,32.0,62.0
2900.0,16,9.235294118,17.11764706,34.0,66.0
3000.0,16,10.3125,18.03125,32.0,64.0
3100.0,16,9.454545455,18.33333333,33.0,64.0
3200.0,16,8.78125,19.78125,32.0,62.0
3300.0,16,8.411764706,18.47058824,34.0,64.0
3400.0,16,7.363636364,18.63636364,33.0,66.0
3500.0,16,9.514285714,22.11428571,35.0,64.0
3600.0,16,10.25,22.34375,32.0,64.0
3700.0,16,9.941176471,20.23529412,34.0,66.0
3800.0,16,9.060606061,19.12121212,33.0,64.0
3900.0,16,7.677419355,18.19354839,31.0,64.0
4000.0,16,7.205882353,18.88235294,34.0,64.0
4100.0,16,7.838709677,18.29032258,31.0,62.0
4200.0,16,6.441176471,19.05882353,34.0,64.0
4300.0,16,5.0,18.5,34.0,62.0
4400.0,16,3.939393939,20.66666667,33.0,62.0
4500.0,16,2.117647059,18.88235294,34.0,64.0
4600.0,16,0.9090909091,21.51515152,33.0,62.0
4700.0,16,1.205882353,21.29411765,34.0,64.0
4800.0,16,0.4242424242,24.18181818,33.0,64.0
4900.0,16,0.303030303,25.09090909,33.0,62.0
5000.0,16,0.3333333333,25.81818182,33.0,64.0
5100.0,16,-0.05882352941,26.82352941,34.0,64.0
5200.0,16,-0.2727272727,26.0,33.0,64.0
5300.0,16,0.96875,28.71875,32.0,62.0
5400.0,16,0.6666666667,28.3030303,33.0,64.0
5500.0,16,0.7575757576,26.96969697,33.0,66.0
5600.0,16,0.5454545455,26.21212121,33.0,62.0
5700.0,16,-1.545454545,25.90909091,33.0,64.0
5800.0,16,0.0,26.34375,32.0,64.0
5900.0,16,-1.090909091,28.12121212,33.0,64.0
6000.0,16,-0.09090909091,29.54545455,33.0,62.0
6100.0,16,2.125,29.21875,32.0,62.0
6200.0,16,-0.3,28.1,30.0,62.0
6300.0,16,1.34375,30.15625,32.0,64.0
6400.0,16,3.375,31.5,32.0,62.0
6500.0,16,1.46875,31.59375,32.0,64.0
6600.0,16,1.387096774,31.4516129,31.0,62.0
6700.0,16,1.903225806,29.87096774,31.0,62.0
6800.0,16,0.6060606061,29.87878788,33.0,64.0
6900.0,16,4.6,31.0,35.0,64.0
7000.0,16,4.967741935,30.87096774,31.0,64.0
7100.0,16,4.15625,28.9375,32.0,62.0
7200.0,16,7.64516129,29.64516129,31.0,64.0
7300.0,16,8.060606061,30.96969697,33.0,64.0
7400.0,16,6.8,30.05714286,35.0,66.0
7500.0,16,5.419354839,28.93548387,31.0,60.0
7600.0,16,4.6,30.0,35.0,64.0
7700.0,16,4.7,28.1,30.0,60.0
7800.0,16,4.9375,28.75,32.0,64.0
7900.0,16,3.941176471,25.94117647,34.0,64.0
8000.0,16,1.65625,25.28125,32.0,64.0
8100.0,16,0.5483870968,24.93548387,31.0,64.0
8200.0,16,-0.2941176471,26.20588235,34.0,64.0
8300.0,16,1.0,26.61290323,31.0,62.0
8400.0,16,0.7419354839,26.38709677,31.0,60.0
8500.0,16,0.5151515152,26.39393939,33.0,62.0
8600.0,16,1.6875,25.09375,32.0,64.0
8700.0,16,1.7,24.5,30.0,62.0
8800.0,16,1.161290323,21.22580645,31.0,64.0
8900.0,16,-2.529411765,21.29411765,34.0,66.0
9000.0,16,-2.424242424,23.39393939,33.0,64.0
9100.0,16,-2.666666667,22.66666667,30.0,62.0
9200.0,16,-2.515151515,21.24242424,33.0,64.0
9300.0,16,-4.34375,23.0625,32.0,64.0
9400.0,16,-3.909090909,22.66666667,33.0,64.0
9500.0,16,-4.151515152,21.27272727,33.0,62.0
9600.0,16,-3.848484848,20.42424242,33.0,64.0
9700.0,16,-2.941176471,17.91176471,34.0,64.0
9800.0,16,-1.125,18.5,32.0,62.0
9900.0,16,-1.28125,20.28125,32.0,64.0
10000.0,16,-2.848484848,18.81818182,33.0,64.0
0.0,17,4.0,4.0,37.0,64.0
100.0,17,5.206896552,4.413793103,29.0,62.0
200.0,17,2.878787879,3.727272727,33.0,64.0
300.0,17,3.46875,2.6875,32.0,62.0
400.0,17,1.529411765,3.352941176,34.0,64.0
500.0,17,-0.25,3.0625,32.0,62.0
600.0,17,-2.4,3.057142857,35.0,66.0
700.0,17,-4.580645161,3.129032258,31.0,62.0
800.0,17,-4.933333333,2.333333333,30.0,66.0
900.0,17,-4.647058824,1.352941176,34.0,64.0
1000.0,17,-4.794117647,1.294117647,34.0,64.0
1100.0,17,-5.375,0.96875,32.0,64.0
1200.0,17,-9.03125,2.0,32.0,64.0
1300.0,17,-7.909090909,1.515151515,33.0,62.0
1400.0,17,-6.696969697,2.090909091,33.0,62.0
1500.0,17,-8.303030303,0.7575757576,33.0,62.0
1600.0,17,-5.40625,0.65625,32.0,64.0
1700.0,17,-5.580645161,-0.4838709677,31.0,64.0
1800.0,17,-5.25,0.0625,32.0,64.0
1900.0,17,-5.617647059,-0.2352941176,34.0,64.0
2000.0,17,-4.090909091,-1.818181818,33.0,64.0
2100.0,17,-2.090909091,-2.303030303,33.0,62.0
2200.0,17,-4.0625,-1.90625,32.0,62.0
2300.0,17,-6.566666667,-2.833333333,30.0,64.0
2400.0,17,-6.848484848,-4.03030303,33.0,66.0
2500.0,17,-6.647058824,-5.676470588,34.0,64.0
2600.0,17,-7.676470588,-5.647058824,34.0,64.0
2700.0,17,-8.323529412,-6.176470588,34.0,66.0
2800.0,17,-6.970588235,-5.294117647,34.0,64.0
2900.0,17,-6.59375,-5.5,32.0,64.0
3000.0,17,-7.8125,-4.84375,32.0,62.0
3100.0,17,-7.828571429,-3.971428571,35.0,64.0
3200.0,17,-6.914285714,-1.771428571,35.0,64.0
3300.0,17,-6.625,-1.84375,32.0,60.0
3400.0,17,-5.75,-2.46875,32.0,62.0
3500.0,17,-5.096774194,-2.451612903,31.0,62.0
3600.0,17,-3.6875,-3.3125,32.0,64.0
3700.0,17,-3.28125,-2.5625,32.0,62.0
3800.0,17,-3.375,-3.1875,32.0,64.0
3900.0,17,-2.64516129,-4.290322581,31.0,64.0
4000.0,17,-0.7878787879,-4.090909091,33.0,62.0
4100.0,17,-1.527777778,-2.972222222,36.0,66.0
4200.0,17,-1.085714286,-4.542857143,35.0,64.0
4300.0,17,-0.4117647059,-2.823529412,34.0,64.0
4400.0,17,-1.34375,-2.28125,32.0,62.0
4500.0,17,-2.696969697,-2.909090909,33.0,62.0
4600.0,17,-1.885714286,-3.314285714,35.0,66.0
4700.0,17,-1.540540541,-2.918918919,37.0,66.0
4800.0,17,-1.5625,-1.0,32.0,62.0
4900.0,17,-1.942857143,-1.057142857,35.0,64.0
5000.0,17,0.06451612903,-1.774193548,31.0,62.0
5100.0,17,0.5666666667,-1.1,30.0,62.0
5200.0,17,0.7428571429,-1.771428571,35.0,64.0
5300.0,17,2.96969697,-0.7575757576,33.0,64.0
5400.0,17,2.677419355,-1.193548387,31.0,64.0
5500.0,17,1.058823529,-1.235294118,34.0,64.0
5600.0,17,0.9714285714,-1.885714286,35.0,66.0
5700.0,17,-0.6363636364,0.1212121212,33.0,64.0
5800.0,17,-1.205882353,-0.1470588235,34.0,66.0
5900.0,17,0.65625,-2.21875,32.0,62.0
6000.0,17,-1.757575758,-3.0,33.0,66.0
6100.0,17,1.35483871,-2.870967742,31.0,64.0
6200.0,17,2.787878788,-3.545454545,33.0,62.0
6300.0,17,0.6451612903,-1.64516129,31.0,62.0
6400.0,17,1.4375,-2.71875,32.0,62.0
6500.0,17,1.1875,-4.65625,32.0,64.0
6600.0,17,3.147058824,-6.235294118,34.0,66.0
6700.0,17,5.242424242,-6.303030303,33.0,64.0
6800.0,17,5.25,-7.71875,32.0,62.0
6900.0,17,6.0,-7.28125,32.0,62.0
7000.0,17,5.78125,-5.96875,32.0,64.0
7100.0,17,6.735294118,-3.264705882,34.0,64.0
7200.0,17,6.264705882,-5.0,34.0,62.0
7300.0,17,7.5,-5.15625,32.0,64.0
7400.0,17,7.454545455,-6.636363636,33.0,66.0
7500.0,17,4.064516129,-5.580645161,31.0,64.0
7600.0,17,2.121212121,-5.848484848,33.0,64.0
7700.0,17,-0.2727272727,-6.151515152,33.0,62.0
7800.0,17,0.7575757576,-5.696969697,33.0,64.0
7900.0,17,1.285714286,-8.171428571,35.0,64.0
8000.0,17,1.470588235,-7.852941176,34.0,64.0
8100.0,17,2.911764706,-9.941176471,34.0,64.0
8200.0,17,1.8125,-11.78125,32.0,64.0
8300.0,17,3.294117647,-14.38235294,34.0,64.0
8400.0,17,2.242424242,-16.09090909,33.0,62.0
8500.0,17,1.457142857,-17.57142857,35.0,64.0
8600.0,17,2.264705882,-16.0,34.0,64.0
8700.0,17,2.823529412,-16.82352941,34.0,62.0
8800.0,17,3.483870968,-18.64516129,31.0,64.0
8900.0,17,1.9375,-17.875,32.0,64.0
9000.0,17,2.5,-17.0,34.0,64.0
9100.0,17,2.909090909,-17.84848485,33.0,62.0
9200.0,17,3.03030303,-17.60606061,33.0,64.0
9300.0,17,2.0,-17.03225806,31.0,64.0
9400.0,17,3.709677419,-18.06451613,31.0,62.0
9500.0,17,2.727272727,-17.90909091,33.0,66.0
9600.0,17,0.78125,-18.625,32.0,62.0
9700.0,17,2.542857143,-17.74285714,35.0,64.0
9800.0,17,1.696969697,-17.75757576,33.0,64.0
9900.0,17,0.78125,-17.0,32.0,62.0
10000.0,17,0.9375,-17.0625,32.0,62.0
0.0,18,4.0,4.0,37.0,64.0
100.0,18,4.294117647,4.5,34.0,62.0
200.0,18,3.696969697,4.090909091,33.0,62.0
300.0,18,3.375,1.90625,32.0,64.0
400.0,18,2.75,4.0625,32.0,62.0
500.0,18,4.225806452,4.741935484,31.0,66.0
600.0,18,5.066666667,4.033333333,30.0,64.0
700.0,18,3.647058824,4.323529412,34.0,64.0
800.0,18,5.514285714,4.6,35.0,64.0
900.0,18,4.575757576,3.333333333,33.0,62.0
1000.0,18,5.441176471,5.029411765,34.0,64.0
1100.0,18,4.5625,2.65625,32.0,64.0
1200.0,18,4.606060606,2.818181818,33.0,64.0
1300.0,18,4.451612903,1.0,31.0,62.0
1400.0,18,4.333333333,0.7575757576,33.0,62.0
1500.0,18,4.242424242,-1.333333333,33.0,62.0
1600.0,18,3.342857143,-3.771428571,35.0,64.0
1700.0,18,1.571428571,-1.771428571,35.0,64.0
1800.0,18,-0.4516129032,-3.096774194,31.0,64.0
1900.0,18,-1.181818182,-2.96969697,33.0,62.0
2000.0,18,-2.258064516,-3.322580645,31.0,64.0
2100.0,18,-3.0625,-4.0625,32.0,62.0
2200.0,18,-4.064516129,-4.516129032,31.0,64.0
2300.0,18,-3.483870968,-4.548387097,31.0,62.0
2400.0,18,-0.6129032258,-5.967741935,31.0,62.0
2500.0,18,-0.34375,-8.78125,32.0,64.0
2600.0,18,2.516129032,-10.19354839,31.0,62.0
2700.0,18,0.4411764706,-9.941176471,34.0,64.0
2800.0,18,1.428571429,-9.371428571,35.0,64.0
2900.0,18,1.333333333,-9.060606061,33.0,62.0
3000.0,18,1.5,-9.0,34.0,62.0
3100.0,18,0.1034482759,-9.75862069,29.0,60.0
3200.0,18,0.96875,-9.03125,32.0,64.0
3300.0,18,1.25,-8.96875,32.0,64.0
3400.0,18,0.25,-9.75,32.0,64.0
3500.0,18,1.333333333,-8.939393939,33.0,62.0
3600.0,18,2.666666667,-9.424242424,33.0,62.0
3700.0,18,2.4375,-10.71875,32.0,62.0
3800.0,18,3.75,-12.8125,32.0,62.0
3900.0,18,5.068965517,-11.96551724,29.0,62.0
4000.0,18,6.0,-12.4,30.0,62.0
4100.0,18,3.571428571,-13.54285714,35.0,64.0
4200.0,18,2.129032258,-13.70967742,31.0,64.0
4300.0,18,2.757575758,-14.3030303,33.0,62.0
4400.0,18,0.5,-13.5,32.0,64.0
4500.0,18,0.0,-14.0,35.0,64.0
4600.0,18,1.225806452,-11.48387097,31.0,62.0
4700.0,18,1.5,-13.5,32.0,64.0
4800.0,18,1.419354839,-11.70967742,31.0,62.0
4900.0,18,0.3333333333,-11.93939394,33.0,64.0
5000.0,18,0.3636363636,-12.39393939,33.0,64.0
5100.0,18,1.828571429,-10.02857143,35.0,64.0
5200.0,18,0.3142857143,-9.114285714,35.0,64.0
5300.0,18,2.242424242,-8.0,33.0,66.0
5400.0,18,2.1875,-8.0,32.0,62.0
5500.0,18,2.454545455,-11.57575758,33.0,64.0
5600.0,18,3.794117647,-12.29411765,34.0,64.0
5700.0,18,3.322580645,-13.38709677,31.0,64.0
5800.0,18,3.272727273,-13.90909091,33.0,64.0
5900.0,18,0.7352941176,-15.0,34.0,62.0
6000.0,18,1.972222222,-15.08333333,36.0,64.0
6100.0,18,1.514285714,-14.11428571,35.0,64.0
6200.0,18,1.5625,-14.15625,32.0,64.0
6300.0,18,2.125,-12.90625,32.0,62.0
6400.0,18,2.75,-13.71875,32.0,62.0
6500.0,18,1.694444444,-14.30555556,36.0,64.0
6600.0,18,1.142857143,-14.65714286,35.0,66.0
6700.0,18,2.272727273,-15.36363636,33.0,62.0
6800.0,18,2.264705882,-14.35294118,34.0,66.0
6900.0,18,1.181818182,-12.84848485,33.0,64.0
7000.0,18,-0.40625,-13.46875,32.0,64.0
7100.0,18,0.6363636364,-14.54545455,33.0,64.0
7200.0,18,-1.5,-12.79411765,34.0,64.0
7300.0,18,-2.9,-13.43333333,30.0,62.0
7400.0,18,-3.53125,-14.25,32.0,62.0
7500.0,18,-4.15625,-16.90625,32.0,64.0
7600.0,18,-3.0,-19.25,32.0,64.0
7700.0,18,-1.454545455,-17.42424242,33.0,64.0
7800.0,18,-0.46875,-18.6875,32.0,64.0
7900.0,18,1.064516129,-19.06451613,31.0,62.0
8000.0,18,1.625,-18.75,32.0,62.0
8100.0,18,3.181818182,-18.27272727,33.0,62.0
8200.0,18,1.909090909,-17.18181818,33.0,64.0
8300.0,18,1.4375,-17.71875,32.0,64.0
8400.0,18,-0.3235294118,-17.82352941,34.0,64.0
8500.0,18,-1.0,-19.0,32.0,64.0
8600.0,18,-0.9411764706,-20.94117647,34.0,64.0
8700.0,18,0.4242424242,-21.21212121,33.0,64.0
8800.0,18,1.0625,-21.46875,32.0,64.0
8900.0,18,0.3235294118,-23.0,34.0,64.0
9000.0,18,-0.2727272727,-23.09090909,33.0,66.0
9100.0,18,-0.65625,-21.90625,32.0,64.0
9200.0,18,-0.2424242424,-21.6969697,33.0,62.0
9300.0,18,-0.5,-21.29411765,34.0,62.0
9400.0,18,2.257142857,-21.31428571,35.0,66.0
9500.0,18,2.625,-23.5,32.0,64.0
9600.0,18,3.774193548,-24.35483871,31.0,64.0
9700.0,18,3.0,-23.5,34.0,62.0
9800.0,18,2.09375,-23.65625,32.0,62.0
9900.0,18,-1.882352941,-24.17647059,34.0,64.0
10000.0,18,-1.375,-21.9375,32.0,64.0
0.0,19,4.0,4.0,37.0,64.0
100.0,19,1.1875,3.78125,32.0,64.0
200.0,19,2.34375,4.96875,32.0,62.0
300.0,19,1.0625,5.6875,32.0,62.0
400.0,19,1.057142857,3.428571429,35.0,64.0
500.0,19,0.5454545455,2.909090909,33.0,62.0
600.0,19,1.294117647,1.117647059,34.0,66.0
700.0,19,-0.0303030303,1.393939394,33.0,64.0
800.0,19,-1.75,1.46875,32.0,62.0
900.0,19,-2.382352941,1.147058824,34.0,64.0
1000.0,19,-2.161290323,1.580645161,31.0,62.0
1100.0,19,-2.696969697,2.424242424,33.0,64.0
1200.0,19,-1.242424242,2.090909091,33.0,62.0
1300.0,19,-0.6470588235,0.05882352941,34.0,66.0
1400.0,19,-1.705882353,1.323529412,34.0,64.0
1500.0,19,-3.580645161,1.64516129,31.0,62.0
1600.0,19,-1.375,0.40625,32.0,62.0
1700.0,19,-3.176470588,-0.2941176471,34.0,66.0
1800.0,19,-4.8125,-2.15625,32.0,64.0
1900.0,19,-6.363636364,-4.939393939,33.0,64.0
2000.0,19,-8.3,-5.2,30.0,62.0
2100.0,19,-8.636363636,-7.272727273,33.0,62.0
2200.0,19,-8.575757576,-6.424242424,33.0,62.0
2300.0,19,-7.1875,-5.28125,32.0,66.0
2400.0,19,-6.84375,-5.3125,32.0,64.0
2500.0,19,-8.03125,-6.6875,32.0,62.0
2600.0,19,-9.5,-8.205882353,34.0,64.0
2700.0,19,-8.787878788,-9.909090909,33.0,62.0
2800.0,19,-9.709677419,-9.451612903,31.0,62.0
2900.0,19,-10.4,-8.714285714,35.0,64.0
3000.0,19,-11.90625,-8.375,32.0,64.0
3100.0,19,-12.8125,-9.09375,32.0,64.0
3200.0,19,-11.82352941,-7.5,34.0,64.0
3300.0,19,-13.33333333,-9.424242424,33.0,62.0
3400.0,19,-14.81818182,-8.96969697,33.0,62.0
3500.0,19,-12.47058824,-8.764705882,34.0,64.0
3600.0,19,-12.35294118,-8.823529412,34.0,64.0
3700.0,19,-13.66666667,-8.424242424,33.0,62.0
3800.0,19,-13.15625,-9.0,32.0,64.0
3900.0,19,-14.65625,-9.46875,32.0,62.0
4000.0,19,-15.28125,-10.375,32.0,64.0
4100.0,19,-16.25,-10.0625,32.0,62.0
4200.0,19,-16.375,-10.625,32.0,62.0
4300.0,19,-14.28571429,-10.82857143,35.0,64.0
4400.0,19,-12.80645161,-12.38709677,31.0,62.0
4500.0,19,-11.93939394,-9.727272727,33.0,64.0
4600.0,19,-14.96969697,-7.909090909,33.0,64.0
4700.0,19,-15.26470588,-9.676470588,34.0,66.0
4800.0,19,-12.84375,-10.34375,32.0,62.0
4900.0,19,-13.625,-11.78125,32.0,62.0
5000.0,19,-14.60606061,-12.36363636,33.0,64.0
5100.0,19,-15.74193548,-11.19354839,31.0,64.0
5200.0,19,-13.67647059,-11.14705882,34.0,64.0
5300.0,19,-12.90625,-11.125,32.0,64.0
5400.0,19,-11.78787879,-11.72727273,33.0,66.0
5500.0,19,-13.5,-12.0625,32.0,64.0
5600.0,19,-15.15625,-13.28125,32.0,62.0
5700.0,19,-14.375,-13.65625,32.0,62.0
5800.0,19,-13.67741935,-15.12903226,31.0,62.0
5900.0,19,-12.84848485,-15.84848485,33.0,64.0
6000.0,19,-11.05882353,-14.23529412,34.0,64.0
6100.0,19,-11.55882353,-14.05882353,34.0,64.0
6200.0,19,-13.57575758,-14.54545455,33.0,66.0
6300.0,19,-13.05882353,-14.32352941,34.0,68.0
6400.0,19,-12.77419355,-13.90322581,31.0,64.0
6500.0,19,-12.77419355,-14.96774194,31.0,64.0
6600.0,19,-12.91176471,-15.23529412,34.0,64.0
6700.0,19,-12.78125,-14.71875,32.0,62.0
6800.0,19,-12.9,-15.36666667,30.0,62.0
6900.0,19,-13.03125,-14.09375,32.0,62.0
7000.0,19,-11.24242424,-14.60606061,33.0,64.0
7100.0,19,-11.24242424,-12.27272727,33.0,64.0
7200.0,19,-10.33333333,-11.75757576,33.0,62.0
7300.0,19,-10.87878788,-11.93939394,33.0,64.0
7400.0,19,-8.515151515,-10.90909091,33.0,62.0
7500.0,19,-6.84375,-12.4375,32.0,66.0
7600.0,19,-5.032258065,-15.4516129,31.0,62.0
7700.0,19,-5.352941176,-14.20588235,34.0,64.0
7800.0,19,-5.176470588,-13.44117647,34.0,64.0
7900.0,19,-5.03030303,-14.15151515,33.0,64.0
8000.0,19,-5.058823529,-14.97058824,34.0,66.0
8100.0,19,-4.212121212,-17.24242424,33.0,66.0
8200.0,19,-0.8064516129,-16.0,31.0,62.0
8300.0,19,-0.5454545455,-16.09090909,33.0,62.0
8400.0,19,2.516129032,-16.38709677,31.0,62.0
8500.0,19,1.84375,-17.53125,32.0,62.0
8600.0,19,2.46875,-17.25,32.0,62.0
8700.0,19,3.235294118,-18.88235294,34.0,64.0
8800.0,19,2.257142857,-16.88571429,35.0,64.0
8900.0,19,0.6129032258,-15.35483871,31.0,62.0
9000.0,19,2.939393939,-15.09090909,33.0,66.0
9100.0,19,2.764705882,-14.79411765,34.0,64.0
9200.0,19,4.4375,-14.8125,32.0,64.0
9300.0,19,4.852941176,-15.70588235,34.0,64.0
9400.0,19,5.705882353,-14.5,34.0,62.0
9500.0,19,6.64516129,-13.80645161,31.0,62.0
9600.0,19,4.393939394,-13.18181818,33.0,64.0
9700.0,19,2.7,-14.0,30.0,64.0
9800.0,19,2.363636364,-14.72727273,33.0,64.0
9900.0,19,1.75,-15.1875,32.0,64.0
10000.0,19,0.59375,-15.28125,32.0,62.0
0.0,20,4.0,4.0,37.0,64.0
100.0,20,3.3,6.3,30.0,64.0
200.0,20,2.0,6.068965517,29.0,62.0
300.0,20,2.617647059,2.970588235,34.0,64.0
400.0,20,4.647058824,2.176470588,34.0,64.0
500.0,20,3.03030303,0.3636363636,33.0,66.0
600.0,20,1.78125,0.0625,32.0,62.0
700.0,20,0.5806451613,1.806451613,31.0,62.0
800.0,20,1.666666667,0.0303030303,33.0,64.0
900.0,20,1.272727273,-1.0,33.0,64.0
1000.0,20,1.352941176,2.176470588,34.0,64.0
1100.0,20,-0.7272727273,-1.363636364,33.0,62.0
1200.0,20,-0.6875,-3.4375,32.0,62.0
1300.0,20,-2.0,-1.78125,32.0,62.0
1400.0,20,-3.0,-1.5,34.0,62.0
1500.0,20,-2.4375,-2.8125,32.0,62.0
1600.0,20,-2.294117647,-2.029411765,34.0,64.0
1700.0,20,-2.25,0.25,32.0,64.0
1800.0,20,-3.0,1.735294118,34.0,62.0
1900.0,20,-3.382352941,2.676470588,34.0,64.0
2000.0,20,-2.833333333,2.733333333,30.0,62.0
2100.0,20,-2.096774194,3.580645161,31.0,64.0
2200.0,20,-2.303030303,5.575757576,33.0,64.0
2300.0,20,-1.40625,1.90625,32.0,64.0
2400.0,20,-0.34375,3.375,32.0,62.0
2500.0,20,-1.9,2.633333333,30.0,62.0
2600.0,20,-2.628571429,4.228571429,35.0,64.0
2700.0,20,-3.9,3.7,30.0,62.0
2800.0,20,-6.090909091,2.787878788,33.0,64.0
2900.0,20,-9.258064516,3.193548387,31.0,62.0
3000.0,20,-9.264705882,2.852941176,34.0,66.0
3100.0,20,-8.705882353,3.852941176,34.0,64.0
3200.0,20,-11.10344828,4.517241379,29.0,60.0
3300.0,20,-12.06060606,6.666666667,33.0,62.0
3400.0,20,-12.28125,6.65625,32.0,62.0
3500.0,20,-11.1875,7.625,32.0,64.0
3600.0,20,-11.51515152,10.15151515,33.0,64.0
3700.0,20,-11.96666667,10.26666667,30.0,60.0
3800.0,20,-11.91176471,8.647058824,34.0,64.0
3900.0,20,-11.875,8.0,32.0,64.0
4000.0,20,-12.78125,3.84375,32.0,64.0
4100.0,20,-11.53125,5.96875,32.0,64.0
4200.0,20,-13.72413793,5.379310345,29.0,62.0
4300.0,20,-12.35294118,4.147058824,34.0,64.0
4400.0,20,-14.05882353,2.911764706,34.0,64.0
4500.0,20,-13.96969697,1.484848485,33.0,66.0
4600.0,20,-15.14705882,0.0,34.0,64.0
4700.0,20,-13.94117647,0.3823529412,34.0,64.0
4800.0,20,-15.0,1.0,31.0,60.0
4900.0,20,-13.75,-0.3125,32.0,64.0
5000.0,20,-15.06451613,-0.1935483871,31.0,62.0
5100.0,20,-15.59375,-2.96875,32.0,64.0
5200.0,20,-15.55882353,-3.058823529,34.0,66.0
5300.0,20,-14.83870968,-2.967741935,31.0,62.0
5400.0,20,-13.5,-3.1875,32.0,62.0
5500.0,20,-13.09677419,-4.258064516,31.0,62.0
5600.0,20,-13.0,-4.655172414,29.0,62.0
5700.0,20,-13.12121212,-4.393939394,33.0,64.0
5800.0,20,-13.64705882,-5.0,34.0,64.0
5900.0,20,-12.0,-5.147058824,34.0,64.0
6000.0,20,-9.617647059,-6.382352941,34.0,64.0
6100.0,20,-8.733333333,-7.533333333,30.0,62.0
6200.0,20,-9.545454545,-8.606060606,33.0,64.0
6300.0,20,-9.818181818,-8.727272727,33.0,64.0
6400.0,20,-8.424242424,-11.09090909,33.0,64.0
6500.0,20,-7.931034483,-13.72413793,29.0,62.0
6600.0,20,-9.424242424,-11.84848485,33.0,64.0
6700.0,20,-8.939393939,-12.06060606,33.0,64.0
6800.0,20,-9.59375,-12.9375,32.0,64.0
6900.0,20,-10.36666667,-13.96666667,30.0,62.0
7000.0,20,-9.903225806,-13.32258065,31.0,64.0
7100.0,20,-10.16666667,-14.63333333,30.0,64.0
7200.0,20,-9.909090909,-12.90909091,33.0,64.0
7300.0,20,-10.5,-12.3,30.0,62.0
7400.0,20,-8.34375,-14.03125,32.0,62.0
7500.0,20,-8.625,-15.40625,32.0,62.0
7600.0,20,-7.636363636,-16.39393939,33.0,64.0
7700.0,20,-7.484848485,-17.51515152,33.0,64.0
7800.0,20,-4.970588235,-16.38235294,34.0,64.0
7900.0,20,-4.757575758,-15.57575758,33.0,62.0
8000.0,20,-3.121212121,-15.39393939,33.0,64.0
8100.0,20,-1.696969697,-15.39393939,33.0,64.0
8200.0,20,-3.129032258,-15.70967742,31.0,62.0
8300.0,20,-3.8,-15.34285714,35.0,66.0
8400.0,20,-3.515151515,-14.39393939,33.0,62.0
8500.0,20,-3.28125,-16.5625,32.0,64.0
8600.0,20,-2.35483871,-16.22580645,31.0,64.0
8700.0,20,-0.8484848485,-18.84848485,33.0,62.0
8800.0,20,0.375,-19.6875,32.0,64.0
8900.0,20,-1.0,-18.0,37.0,64.0
9000.0,20,-0.1612903226,-18.83870968,31.0,62.0
9100.0,20,-0.3235294118,-16.35294118,34.0,64.0
9200.0,20,1.741935484,-14.61290323,31.0,62.0
9300.0,20,0.59375,-16.6875,32.0,64.0
9400.0,20,1.0,-16.77142857,35.0,64.0
9500.0,20,1.40625,-14.9375,32.0,64.0
9600.0,20,2.818181818,-14.03030303,33.0,64.0
9700.0,20,0.7575757576,-13.66666667,33.0,62.0
9800.0,20,0.5483870968,-14.32258065,31.0,62.0
9900.0,20,0.2647058824,-16.0,34.0,62.0
10000.0,20,-0.3939393939,-14.78787879,33.0,64.0
0.0,21,4.0,4.0,37.0,64.0
100.0,21,5.366666667,3.333333333,30.0,62.0
200.0,21,2.939393939,3.666666667,33.0,62.0
300.0,21,3.117647059,5.411764706,34.0,64.0
400.0,21,4.03030303,5.515151515,33.0,64.0
500.0,21,2.878787879,5.939393939,33.0,64.0
600.0,21,4.53125,2.46875,32.0,62.0
700.0,21,4.060606061,1.575757576,33.0,62.0
800.0,21,5.34375,0.8125,32.0,64.0
900.0,21,4.151515152,1.515151515,33.0,62.0
1000.0,21,3.8,0.8,30.0,60.0
1100.0,21,3.433333333,-1.566666667,30.0,62.0
1200.0,21,4.78125,-2.0,32.0,62.0
1300.0,21,5.757575758,-0.9090909091,33.0,62.0
1400.0,21,4.90625,-2.21875,32.0,64.0
1500.0,21,4.46875,-1.875,32.0,62.0
1600.0,21,3.866666667,-2.133333333,30.0,64.0
1700.0,21,4.129032258,-3.096774194,31.0,64.0
1800.0,21,5.114285714,-1.257142857,35.0,64.0
1900.0,21,3.0,-4.212121212,33.0,64.0
2000.0,21,6.121212121,-2.696969697,33.0,64.0
2100.0,21,7.34375,-2.46875,32.0,64.0
2200.0,21,6.322580645,-2.935483871,31.0,64.0
2300.0,21,9.333333333,-4.242424242,33.0,62.0
2400.0,21,9.193548387,-2.870967742,31.0,64.0
2500.0,21,8.612903226,-1.193548387,31.0,64.0
2600.0,21,4.03125,-4.65625,32.0,62.0
2700.0,21,2.322580645,-4.419354839,31.0,62.0
2800.0,21,2.090909091,-4.636363636,33.0,64.0
2900.0,21,2.8,-4.914285714,35.0,64.0
3000.0,21,1.5625,-7.46875,32.0,64.0
3100.0,21,1.3125,-8.375,32.0,62.0
3200.0,21,1.28125,-7.5,32.0,64.0
3300.0,21,2.806451613,-8.838709677,31.0,64.0
3400.0,21,-0.125,-8.65625,32.0,64.0
3500.0,21,0.7878787879,-8.666666667,33.0,64.0
3600.0,21,-0.1515151515,-11.51515152,33.0,64.0
3700.0,21,1.34375,-11.78125,32.0,62.0
3800.0,21,1.787878788,-12.48484848,33.0,64.0
3900.0,21,2.666666667,-12.93939394,33.0,62.0
4000.0,21,2.125,-13.59375,32.0,62.0
4100.0,21,2.433333333,-12.96666667,30.0,60.0
4200.0,21,3.147058824,-14.52941176,34.0,66.0
4300.0,21,2.580645161,-12.77419355,31.0,62.0
4400.0,21,0.9696969697,-14.18181818,33.0,62.0
4500.0,21,3.914285714,-14.85714286,35.0,66.0
4600.0,21,2.53125,-16.34375,32.0,64.0
4700.0,21,2.709677419,-16.19354839,31.0,60.0
4800.0,21,3.866666667,-14.7,30.0,60.0
4900.0,21,2.333333333,-12.78787879,33.0,64.0
5000.0,21,3.03030303,-12.51515152,33.0,64.0
5100.0,21,3.4375,-12.46875,32.0,62.0
5200.0,21,3.71875,-12.21875,32.0,64.0
5300.0,21,3.71875,-12.75,32.0,62.0
5400.0,21,4.366666667,-12.4,30.0,62.0
5500.0,21,3.424242424,-11.57575758,33.0,62.0
5600.0,21,3.264705882,-11.79411765,34.0,64.0
5700.0,21,2.0,-13.21875,32.0,62.0
5800.0,21,0.5757575758,-12.90909091,33.0,66.0
5900.0,21,0.09090909091,-12.12121212,33.0,64.0
6000.0,21,-0.6129032258,-11.5483871,31.0,62.0
6100.0,21,-0.7142857143,-10.77142857,35.0,66.0
6200.0,21,-1.515151515,-9.484848485,33.0,64.0
6300.0,21,0.5882352941,-10.41176471,34.0,64.0
6400.0,21,-1.757575758,-11.6969697,33.0,62.0
6500.0,21,-1.545454545,-13.03030303,33.0,64.0
6600.0,21,-1.0,-13.26470588,34.0,62.0
6700.0,21,-3.433333333,-13.8,30.0,64.0
6800.0,21,-3.088235294,-15.0,34.0,64.0
6900.0,21,-1.733333333,-16.26666667,30.0,62.0
7000.0,21,-1.65625,-16.78125,32.0,62.0
7100.0,21,-1.75,-16.71875,32.0,62.0
7200.0,21,-3.64516129,-17.5483871,31.0,64.0
7300.0,21,-1.5,-18.625,32.0,64.0
7400.0,21,-0.1935483871,-18.70967742,31.0,64.0
7500.0,21,-1.617647059,-20.85294118,34.0,66.0
7600.0,21,-2.657142857,-22.05714286,35.0,64.0
7700.0,21,-2.764705882,-23.97058824,34.0,64.0
7800.0,21,-2.515151515,-24.96969697,33.0,64.0
7900.0,21,-2.060606061,-23.33333333,33.0,62.0
8000.0,21,-3.696969697,-21.90909091,33.0,62.0
8100.0,21,-6.363636364,-22.93939394,33.0,64.0
8200.0,21,-6.757575758,-20.57575758,33.0,62.0
8300.0,21,-7.064516129,-23.5483871,31.0,64.0
8400.0,21,-7.151515152,-21.51515152,33.0,62.0
8500.0,21,-5.764705882,-23.55882353,34.0,66.0
8600.0,21,-9.161290323,-22.58064516,31.0,62.0
8700.0,21,-12.22580645,-25.41935484,31.0,62.0
8800.0,21,-10.67647059,-22.94117647,34.0,64.0
8900.0,21,-8.787878788,-23.18181818,33.0,64.0
9000.0,21,-10.4375,-21.09375,32.0,62.0
9100.0,21,-9.242424242,-20.78787879,33.0,64.0
9200.0,21,-7.794117647,-19.94117647,34.0,64.0
9300.0,21,-7.0,-18.59375,32.0,62.0
9400.0,21,-7.46875,-19.25,32.0,62.0
9500.0,21,-7.25,-19.53125,32.0,62.0
9600.0,21,-9.484848485,-18.66666667,33.0,64.0
9700.0,21,-10.94117647,-19.76470588,34.0,64.0
9800.0,21,-11.72727273,-20.81818182,33.0,62.0
9900.0,21,-12.28125,-20.4375,32.0,64.0
10000.0,21,-12.73529412,-21.85294118,34.0,64.0
0.0,22,4.0,4.0,37.0,64.0
100.0,22,3.342857143,4.942857143,35.0,64.0
200.0,22,1.147058824,5.470588235,34.0,64.0
300.0,22,0.4193548387,5.774193548,31.0,64.0
400.0,22,1.09375,6.21875,32.0,64.0
500.0,22,2.84375,5.625,32.0,60.0
600.0,22,3.696969697,4.909090909,33.0,62.0
700.0,22,3.0,7.272727273,33.0,66.0
800.0,22,3.764705882,7.176470588,34.0,64.0
900.0,22,5.151515152,7.848484848,33.0,62.0
1000.0,22,4.4375,7.4375,32.0,62.0
1100.0,22,3.647058824,7.264705882,34.0,64.0
1200.0,22,2.878787879,6.454545455,33.0,64.0
1300.0,22,6.483870968,6.387096774,31.0,62.0
1400.0,22,4.909090909,6.696969697,33.0,62.0
1500.0,22,4.484848485,7.212121212,33.0,64.0
1600.0,22,5.451612903,6.548387097,31.0,62.0
1700.0,22,3.8125,5.21875,32.0,66.0
1800.0,22,3.454545455,4.090909091,33.0,66.0
1900.0,22,2.411764706,4.529411765,34.0,64.0
2000.0,22,3.125,4.4375,32.0,62.0
2100.0,22,2.882352941,3.117647059,34.0,64.0
2200.0,22,3.333333333,1.545454545,33.0,64.0
2300.0,22,2.029411765,1.705882353,34.0,66.0
2400.0,22,3.545454545,0.9090909091,33.0,62.0
2500.0,22,3.96969697,0.0303030303,33.0,64.0
2600.0,22,2.875,0.0,32.0,64.0
2700.0,22,2.129032258,-0.7419354839,31.0,64.0
2800.0,22,1.090909091,-0.8484848485,33.0,62.0
2900.0,22,0.3333333333,-0.6666666667,33.0,64.0
3000.0,22,-0.9428571429,1.285714286,35.0,64.0
3100.0,22,-0.125,-1.53125,32.0,64.0
3200.0,22,0.25,0.07142857143,28.0,62.0
3300.0,22,0.0303030303,-0.3636363636,33.0,64.0
3400.0,22,2.454545455,-0.3333333333,33.0,64.0
3500.0,22,1.117647059,-0.7647058824,34.0,64.0
3600.0,22,3.25,0.53125,32.0,62.0
3700.0,22,1.454545455,2.090909091,33.0,64.0
3800.0,22,2.575757576,3.060606061,33.0,64.0
3900.0,22,1.419354839,3.903225806,31.0,68.0
4000.0,22,1.5,4.294117647,34.0,62.0
4100.0,22,2.46875,2.90625,32.0,64.0
4200.0,22,2.5625,2.5625,32.0,62.0
4300.0,22,0.6666666667,-0.1818181818,33.0,66.0
4400.0,22,-0.7272727273,0.7272727273,33.0,64.0
4500.0,22,0.1764705882,1.823529412,34.0,62.0
4600.0,22,0.3870967742,0.3870967742,31.0,62.0
4700.0,22,-0.2121212121,-0.6363636364,33.0,64.0
4800.0,22,1.75,-0.625,32.0,62.0
4900.0,22,1.1875,0.8125,32.0,64.0
5000.0,22,1.176470588,0.1764705882,34.0,62.0
5100.0,22,0.28125,0.40625,32.0,62.0
5200.0,22,-0.08823529412,-0.6470588235,34.0,64.0
5300.0,22,0.1212121212,-0.2727272727,33.0,64.0
5400.0,22,-0.28125,-1.125,32.0,64.0
5500.0,22,-2.060606061,0.06060606061,33.0,64.0
5600.0,22,-2.666666667,0.1515151515,33.0,64.0
5700.0,22,-3.78125,1.875,32.0,62.0
5800.0,22,-6.428571429,2.228571429,35.0,64.0
5900.0,22,-5.027777778,2.694444444,36.0,64.0
6000.0,22,-4.1875,2.0,32.0,64.0
6100.0,22,-4.870967742,-0.03225806452,31.0,64.0
6200.0,22,-4.161290323,0.1290322581,31.0,62.0
6300.0,22,-3.483870968,0.09677419355,31.0,62.0
6400.0,22,-3.764705882,-0.8823529412,34.0,66.0
6500.0,22,-3.212121212,-1.545454545,33.0,64.0
6600.0,22,-4.121212121,0.4545454545,33.0,64.0
6700.0,22,-2.46875,-0.25,32.0,62.0
6800.0,22,-2.71875,0.9375,32.0,64.0
6900.0,22,-1.8125,2.25,32.0,62.0
7000.0,22,-2.34375,2.71875,32.0,62.0
7100.0,22,-4.323529412,4.088235294,34.0,64.0
7200.0,22,-4.363636364,3.666666667,33.0,64.0
7300.0,22,-5.193548387,3.967741935,31.0,62.0
7400.0,22,-4.625,4.0,32.0,64.0
7500.0,22,-3.25,5.96875,32.0,62.0
7600.0,22,-2.575757576,6.242424242,33.0,62.0
7700.0,22,-3.586206897,7.655172414,29.0,62.0
7800.0,22,-4.058823529,7.058823529,34.0,64.0
7900.0,22,-3.625,6.78125,32.0,64.0
8000.0,22,-6.428571429,7.628571429,35.0,64.0
8100.0,22,-5.375,7.34375,32.0,62.0
8200.0,22,-5.242424242,7.090909091,33.0,62.0
8300.0,22,-5.838709677,8.387096774,31.0,64.0
8400.0,22,-4.514285714,5.171428571,35.0,66.0
8500.0,22,-4.066666667,5.233333333,30.0,62.0
8600.0,22,-2.40625,4.71875,32.0,62.0
8700.0,22,-2.517241379,4.862068966,29.0,62.0
8800.0,22,-2.027777778,4.305555556,36.0,64.0
8900.0,22,-1.96969697,2.575757576,33.0,62.0
9000.0,22,-3.290322581,2.806451613,31.0,60.0
9100.0,22,-2.029411765,3.970588235,34.0,64.0
9200.0,22,-3.40625,5.625,32.0,66.0
9300.0,22,-2.612903226,8.35483871,31.0,62.0
9400.0,22,-1.939393939,7.060606061,33.0,64.0
9500.0,22,-1.090909091,6.242424242,33.0,62.0
9600.0,22,-2.34375,5.53125,32.0,62.0
9700.0,22,-2.294117647,6.5,34.0,62.0
9800.0,22,-2.696969697,7.242424242,33.0,62.0
9900.0,22,-3.848484848,6.060606061,33.0,64.0
10000.0,22,-3.848484848,7.727272727,33.0,62.0
0.0,23,4.0,4.0,37.0,64.0
100.0,23,2.558823529,3.411764706,34.0,64.0
200.0,23,0.5,1.5625,32.0,64.0
300.0,23,1.333333333,1.575757576,33.0,62.0
400.0,23,2.575757576,2.424242424,33.0,62.0
500.0,23,1.774193548,2.129032258,31.0,62.0
600.0,23,3.181818182,0.1818181818,33.0,64.0
700.0,23,3.882352941,1.058823529,34.0,64.0
800.0,23,3.228571429,-0.3428571429,35.0,64.0
900.0,23,2.322580645,-1.516129032,31.0,62.0
1000.0,23,-1.303030303,-1.0,33.0,64.0
1100.0,23,-0.9375,-1.53125,32.0,62.0
1200.0,23,1.166666667,-2.9,30.0,62.0
1300.0,23,-0.696969697,-2.757575758,33.0,62.0
1400.0,23,1.172413793,-4.724137931,29.0,62.0
1500.0,23,1.942857143,-4.342857143,35.0,64.0
1600.0,23,0.4137931034,-4.517241379,29.0,62.0
1700.0,23,-1.129032258,-6.419354839,31.0,62.0
1800.0,23,-3.533333333,-6.5,30.0,62.0
1900.0,23,-4.135135135,-5.189189189,37.0,66.0
2000.0,23,-3.636363636,-7.121212121,33.0,64.0
2100.0,23,-4.193548387,-6.838709677,31.0,64.0
2200.0,23,-5.28125,-7.34375,32.0,62.0
2300.0,23,-6.1875,-6.125,32.0,64.0
2400.0,23,-4.0,-6.757575758,33.0,64.0
2500.0,23,-4.575757576,-5.484848485,33.0,64.0
2600.0,23,-5.125,-4.625,32.0,64.0
2700.0,23,-6.59375,-6.5625,32.0,62.0
2800.0,23,-9.419354839,-6.935483871,31.0,62.0
2900.0,23,-8.1875,-5.8125,32.0,64.0
3000.0,23,-8.6875,-3.40625,32.0,62.0
3100.0,23,-7.342857143,-3.942857143,35.0,64.0
3200.0,23,-5.96969697,-3.575757576,33.0,62.0
3300.0,23,-7.484848485,-3.909090909,33.0,62.0
3400.0,23,-6.212121212,-3.272727273,33.0,64.0
3500.0,23,-5.727272727,-3.272727273,33.0,64.0
3600.0,23,-6.0,-4.852941176,34.0,64.0
3700.0,23,-5.741935484,-5.161290323,31.0,62.0
3800.0,23,-4.636363636,-4.696969697,33.0,64.0
3900.0,23,-4.806451613,-4.419354839,31.0,64.0
4000.0,23,-3.4375,-1.125,32.0,64.0
4100.0,23,-4.352941176,-1.264705882,34.0,64.0
4200.0,23,-5.35483871,-0.6451612903,31.0,62.0
4300.0,23,-6.727272727,-1.121212121,33.0,64.0
4400.0,23,-7.935483871,-2.451612903,31.0,62.0
4500.0,23,-7.103448276,-2.689655172,29.0,62.0
4600.0,23,-6.21875,-2.21875,32.0,62.0
4700.0,23,-7.225806452,-2.774193548,31.0,62.0
4800.0,23,-7.733333333,-0.5666666667,30.0,64.0
4900.0,23,-7.606060606,-0.7575757576,33.0,64.0
5000.0,23,-7.84375,-1.71875,32.0,62.0
5100.0,23,-4.966666667,-0.6333333333,30.0,62.0
5200.0,23,-6.090909091,-0.1515151515,33.0,62.0
5300.0,23,-4.03125,0.25,32.0,62.0
5400.0,23,-4.6,1.0,35.0,64.0
5500.0,23,-6.64516129,1.806451613,31.0,64.0
5600.0,23,-6.1875,1.1875,32.0,62.0
5700.0,23,-6.774193548,1.0,31.0,64.0
5800.0,23,-8.5,-0.7,30.0,62.0
5900.0,23,-8.774193548,0.5806451613,31.0,64.0
6000.0,23,-9.060606061,1.333333333,33.0,62.0
6100.0,23,-8.625,2.28125,32.0,62.0
6200.0,23,-8.0,2.03125,32.0,64.0
6300.0,23,-6.181818182,1.272727273,33.0,62.0
6400.0,23,-5.757575758,-0.696969697,33.0,62.0
6500.0,23,-5.588235294,-2.823529412,34.0,64.0
6600.0,23,-4.4375,-2.15625,32.0,62.0
6700.0,23,-4.580645161,0.2580645161,31.0,62.0
6800.0,23,-3.78125,1.9375,32.0,64.0
6900.0,23,-2.941176471,0.6176470588,34.0,64.0
7000.0,23,-2.666666667,0.2727272727,33.0,64.0
7100.0,23,-3.322580645,-1.290322581,31.0,62.0
7200.0,23,-4.806451613,-3.967741935,31.0,62.0
7300.0,23,-4.818181818,-4.96969697,33.0,64.0
7400.0,23,-8.264705882,-4.0,34.0,62.0
7500.0,23,-6.088235294,-6.058823529,34.0,64.0
7600.0,23,-5.40625,-6.71875,32.0,66.0
7700.0,23,-5.612903226,-5.64516129,31.0,62.0
7800.0,23,-6.090909091,-6.242424242,33.0,62.0
7900.0,23,-8.0,-7.735294118,34.0,62.0
8000.0,23,-7.40625,-7.09375,32.0,64.0
8100.0,23,-8.272727273,-6.545454545,33.0,64.0
8200.0,23,-8.029411765,-5.970588235,34.0,64.0
8300.0,23,-8.176470588,-5.441176471,34.0,64.0
8400.0,23,-7.757575758,-3.575757576,33.0,62.0
8500.0,23,-6.833333333,-2.766666667,30.0,62.0
8600.0,23,-6.709677419,-3.064516129,31.0,62.0
8700.0,23,-7.727272727,-3.696969697,33.0,64.0
8800.0,23,-5.5,-6.0,34.0,62.0
8900.0,23,-3.161290323,-6.838709677,31.0,64.0
9000.0,23,-2.7,-8.6,30.0,64.0
9100.0,23,-3.272727273,-7.636363636,33.0,62.0
9200.0,23,-3.65625,-5.65625,32.0,62.0
9300.0,23,-2.677419355,-4.0,31.0,64.0
9400.0,23,-3.515151515,-5.848484848,33.0,62.0
9500.0,23,-3.382352941,-7.852941176,34.0,64.0
9600.0,23,-3.212121212,-8.757575758,33.0,64.0
9700.0,23,-2.233333333,-8.9,30.0,62.0
9800.0,23,-2.911764706,-10.58823529,34.0,64.0
9900.0,23,-2.875,-9.46875,32.0,64.0
10000.0,23,-4.090909091,-8.787878788,33.0,62.0
0.0,24,4.0,4.0,37.0,64.0
100.0,24,3.548387097,2.580645161,31.0,62.0
200.0,24,1.25,1.28125,32.0,62.0
300.0,24,-0.9333333333,-0.03333333333,30.0,64.0
400.0,24,-1.823529412,-0.2352941176,34.0,64.0
500.0,24,-0.8,-2.066666667,30.0,64.0
600.0,24,0.09090909091,-3.303030303,33.0,62.0
700.0,24,-0.9714285714,-1.857142857,35.0,66.0
800.0,24,0.5882352941,-2.323529412,34.0,64.0
900.0,24,0.5757575758,-3.242424242,33.0,62.0
1000.0,24,1.838709677,-0.5161290323,31.0,62.0
1100.0,24,1.875,-1.96875,32.0,64.0
1200.0,24,2.515151515,-0.09090909091,33.0,64.0
1300.0,24,3.5625,-0.34375,32.0,64.0
1400.0,24,3.5,0.0,34.0,62.0
1500.0,24,2.833333333,-0.5,30.0,64.0
1600.0,24,1.34375,-1.09375,32.0,62.0
1700.0,24,2.3125,-1.625,32.0,62.0
1800.0,24,2.6875,-0.4375,32.0,62.0
1900.0,24,2.967741935,-0.4193548387,31.0,64.0
2000.0,24,3.212121212,-1.757575758,33.0,64.0
2100.0,24,3.09375,-0.75,32.0,62.0
2200.0,24,1.65625,-0.15625,32.0,62.0
2300.0,24,2.3125,-0.4375,32.0,62.0
2400.0,24,1.272727273,1.363636364,33.0,64.0
2500.0,24,3.764705882,1.764705882,34.0,66.0
2600.0,24,3.181818182,-0.6363636364,33.0,64.0
2700.0,24,3.764705882,-0.6764705882,34.0,64.0
2800.0,24,5.0,0.696969697,33.0,64.0
2900.0,24,4.580645161,0.2580645161,31.0,64.0
3000.0,24,1.939393939,0.9393939394,33.0,64.0
3100.0,24,1.545454545,3.96969697,33.0,64.0
3200.0,24,3.4,5.166666667,30.0,64.0
3300.0,24,3.696969697,3.242424242,33.0,62.0
3400.0,24,4.657142857,5.285714286,35.0,66.0
3500.0,24,4.433333333,5.566666667,30.0,60.0
3600.0,24,3.310344828,5.344827586,29.0,62.0
3700.0,24,3.088235294,4.970588235,34.0,64.0
3800.0,24,2.757575758,6.303030303,33.0,62.0
3900.0,24,3.117647059,6.764705882,34.0,64.0
4000.0,24,3.90625,8.4375,32.0,64.0
4100.0,24,3.75,11.0625,32.0,62.0
4200.0,24,4.939393939,9.727272727,33.0,66.0
4300.0,24,5.676470588,9.705882353,34.0,64.0
4400.0,24,6.290322581,8.64516129,31.0,64.0
4500.0,24,6.8125,10.1875,32.0,64.0
4600.0,24,6.774193548,9.548387097,31.0,64.0
4700.0,24,4.121212121,8.484848485,33.0,64.0
4800.0,24,3.233333333,8.833333333,30.0,64.0
4900.0,24,0.9666666667,9.233333333,30.0,64.0
5000.0,24,1.515151515,7.848484848,33.0,62.0
5100.0,24,-0.05714285714,8.657142857,35.0,64.0
5200.0,24,0.4242424242,10.66666667,33.0,62.0
5300.0,24,1.485714286,10.4,35.0,64.0
5400.0,24,1.939393939,12.33333333,33.0,62.0
5500.0,24,2.548387097,10.70967742,31.0,60.0
5600.0,24,-0.375,13.3125,32.0,62.0
5700.0,24,0.2058823529,15.55882353,34.0,64.0
5800.0,24,1.294117647,15.08823529,34.0,66.0
5900.0,24,1.848484848,14.33333333,33.0,64.0
6000.0,24,0.6875,14.40625,32.0,64.0
6100.0,24,1.96875,15.375,32.0,64.0
6200.0,24,2.818181818,15.45454545,33.0,64.0
6300.0,24,2.060606061,16.42424242,33.0,64.0
6400.0,24,1.0,17.05714286,35.0,64.0
6500.0,24,1.484848485,14.84848485,33.0,62.0
6600.0,24,-0.6470588235,17.29411765,34.0,64.0
6700.0,24,0.3636363636,17.0,33.0,64.0
6800.0,24,1.0,17.32258065,31.0,62.0
6900.0,24,-0.9090909091,15.48484848,33.0,64.0
7000.0,24,-1.0,16.41176471,34.0,64.0
7100.0,24,-2.7,14.3,30.0,60.0
7200.0,24,-3.5625,14.1875,32.0,62.0
7300.0,24,-4.875,14.65625,32.0,64.0
7400.0,24,-2.5625,11.8125,32.0,62.0
7500.0,24,-4.575757576,8.575757576,33.0,62.0
7600.0,24,-3.90625,8.71875,32.0,64.0
7700.0,24,-3.771428571,7.457142857,35.0,66.0
7800.0,24,-4.441176471,6.117647059,34.0,66.0
7900.0,24,-3.484848485,4.606060606,33.0,64.0
8000.0,24,-1.970588235,4.970588235,34.0,64.0
8100.0,24,-1.090909091,3.121212121,33.0,64.0
8200.0,24,0.1612903226,0.8064516129,31.0,64.0
8300.0,24,-1.419354839,-2.548387097,31.0,60.0
8400.0,24,-1.242424242,-2.727272727,33.0,64.0
8500.0,24,-1.272727273,-2.363636364,33.0,62.0
8600.0,24,-1.28125,-3.0,32.0,62.0
8700.0,24,0.06060606061,-2.606060606,33.0,66.0
8800.0,24,1.606060606,-4.909090909,33.0,64.0
8900.0,24,1.264705882,-6.0,34.0,62.0
9000.0,24,-0.21875,-6.78125,32.0,62.0
9100.0,24,-0.2352941176,-9.205882353,34.0,64.0
9200.0,24,-2.413793103,-7.931034483,29.0,62.0
9300.0,24,-2.09375,-9.0625,32.0,62.0
9400.0,24,-0.75,-7.46875,32.0,62.0
9500.0,24,-1.387096774,-8.258064516,31.0,62.0
9600.0,24,0.25,-8.8125,32.0,62.0
9700.0,24,0.4411764706,-10.05882353,34.0,64.0
9800.0,24,1.909090909,-11.3030303,33.0,62.0
9900.0,24,-0.07142857143,-9.678571429,28.0,64.0
10000.0,24,-0.2424242424,-8.575757576,33.0,64.0
0.0,25,4.0,4.0,37.0,64.0
100.0,25,4.727272727,1.515151515,33.0,64.0
200.0,25,7.0,1.727272727,33.0,64.0
300.0,25,7.393939394,3.363636364,33.0,64.0
400.0,25,6.272727273,1.424242424,33.0,64.0
500.0,25,5.75,1.09375,32.0,66.0
600.0,25,4.84375,1.0625,32.0,62.0
700.0,25,8.363636364,0.2424242424,33.0,64.0
800.0,25,5.794117647,-1.088235294,34.0,64.0
900.0,25,6.28125,-0.34375,32.0,62.0
1000.0,25,8.545454545,0.6666666667,33.0,66.0
1100.0,25,7.333333333,-1.060606061,33.0,64.0
1200.0,25,8.272727273,-1.151515152,33.0,62.0
1300.0,25,9.057142857,-0.7714285714,35.0,66.0
1400.0,25,8.972222222,-1.305555556,36.0,64.0
1500.0,25,10.02941176,-1.382352941,34.0,64.0
1600.0,25,10.74193548,-0.8064516129,31.0,62.0
1700.0,25,10.72727273,-0.7272727273,33.0,64.0
1800.0,25,10.71875,0.6875,32.0,62.0
1900.0,25,11.5625,0.15625,32.0,62.0
2000.0,25,10.82352941,2.441176471,34.0,66.0
2100.0,25,10.90322581,0.4193548387,31.0,62.0
2200.0,25,11.27272727,1.757575758,33.0,64.0
2300.0,25,8.771428571,0.3714285714,35.0,64.0
2400.0,25,7.96875,1.65625,32.0,62.0
2500.0,25,7.46875,1.5625,32.0,64.0
2600.0,25,7.322580645,-0.5483870968,31.0,64.0
2700.0,25,6.235294118,-1.647058824,34.0,66.0
2800.0,25,4.8125,-1.1875,32.0,64.0
2900.0,25,3.9375,0.34375,32.0,64.0
3000.0,25,2.735294118,-1.0,34.0,62.0
3100.0,25,2.878787879,-4.0,33.0,64.0
3200.0,25,2.806451613,-5.64516129,31.0,62.0
3300.0,25,1.787878788,-3.454545455,33.0,62.0
3400.0,25,3.333333333,-4.133333333,30.0,62.0
3500.0,25,4.0,-5.322580645,31.0,64.0
3600.0,25,3.21875,-5.28125,32.0,62.0
3700.0,25,3.484848485,-6.787878788,33.0,64.0
3800.0,25,4.454545455,-8.666666667,33.0,64.0
3900.0,25,5.090909091,-8.787878788,33.0,62.0
4000.0,25,4.5,-9.0,34.0,62.0
4100.0,25,3.25,-7.5,32.0,62.0
4200.0,25,3.647058824,-6.5,34.0,64.0
4300.0,25,4.151515152,-4.181818182,33.0,64.0
4400.0,25,5.181818182,-4.909090909,33.0,64.0
4500.0,25,5.90625,-7.25,32.0,62.0
4600.0,25,7.636363636,-7.939393939,33.0,64.0
4700.0,25,8.058823529,-8.882352941,34.0,64.0
4800.0,25,6.882352941,-8.852941176,34.0,64.0
4900.0,25,7.0,-9.40625,32.0,64.0
5000.0,25,8.5,-8.84375,32.0,64.0
5100.0,25,8.878787879,-9.636363636,33.0,64.0
5200.0,25,9.5,-9.8125,32.0,62.0
5300.0,25,9.942857143,-11.65714286,35.0,64.0
5400.0,25,10.24137931,-13.31034483,29.0,62.0
5500.0,25,11.06060606,-11.63636364,33.0,64.0
5600.0,25,11.06060606,-12.24242424,33.0,66.0
5700.0,25,13.55882353,-11.79411765,34.0,64.0
5800.0,25,13.15151515,-11.27272727,33.0,62.0
5900.0,25,13.54545455,-9.848484848,33.0,64.0
6000.0,25,13.61290323,-9.548387097,31.0,64.0
6100.0,25,11.3030303,-8.848484848,33.0,64.0
6200.0,25,13.48571429,-9.4,35.0,64.0
6300.0,25,12.71875,-9.65625,32.0,64.0
6400.0,25,12.76470588,-11.41176471,34.0,64.0
6500.0,25,12.0625,-11.71875,32.0,64.0
6600.0,25,12.05882353,-11.14705882,34.0,64.0
6700.0,25,11.94117647,-9.147058824,34.0,64.0
6800.0,25,12.94117647,-8.323529412,34.0,64.0
6900.0,25,12.48484848,-10.39393939,33.0,62.0
7000.0,25,14.25,-10.78125,32.0,64.0
7100.0,25,15.33333333,-10.27777778,36.0,66.0
7200.0,25,15.875,-10.15625,32.0,64.0
7300.0,25,15.71428571,-12.4,35.0,64.0
7400.0,25,18.15625,-12.65625,32.0,62.0
7500.0,25,20.09090909,-14.3030303,33.0,62.0
7600.0,25,21.0,-11.14705882,34.0,64.0
7700.0,25,20.88235294,-11.85294118,34.0,64.0
7800.0,25,22.08571429,-12.22857143,35.0,64.0
7900.0,25,22.06060606,-12.57575758,33.0,62.0
8000.0,25,21.53125,-11.28125,32.0,64.0
8100.0,25,22.09375,-10.3125,32.0,64.0
8200.0,25,22.26666667,-12.6,30.0,64.0
8300.0,25,23.63636364,-14.24242424,33.0,64.0
8400.0,25,25.8125,-14.5,32.0,62.0
8500.0,25,26.38235294,-14.47058824,34.0,66.0
8600.0,25,28.4375,-15.40625,32.0,64.0
8700.0,25,28.12121212,-15.90909091,33.0,64.0
8800.0,25,28.6969697,-15.27272727,33.0,64.0
8900.0,25,25.87096774,-14.03225806,31.0,62.0
9000.0,25,24.81818182,-15.03030303,33.0,64.0
9100.0,25,26.53333333,-12.83333333,30.0,62.0
9200.0,25,27.35483871,-12.87096774,31.0,64.0
9300.0,25,30.32352941,-14.08823529,34.0,64.0
9400.0,25,29.91428571,-17.2,35.0,64.0
9500.0,25,31.64705882,-16.17647059,34.0,64.0
9600.0,25,32.84375,-17.4375,32.0,62.0
9700.0,25,33.88571429,-18.17142857,35.0,66.0
9800.0,25,31.45454545,-18.57575758,33.0,64.0
9900.0,25,31.48484848,-18.12121212,33.0,64.0
10000.0,25,29.5625,-16.6875,32.0,62.0
0.0,26,4.0,4.0,37.0,64.0
100.0,26,4.742857143,3.771428571,35.0,64.0
200.0,26,6.757575758,3.909090909,33.0,62.0
300.0,26,6.882352941,5.117647059,34.0,64.0
400.0,26,9.266666667,5.7,30.0,64.0
500.0,26,9.575757576,5.424242424,33.0,64.0
600.0,26,9.705882353,5.5,34.0,62.0
700.0,26,8.878787879,5.272727273,33.0,64.0
800.0,26,6.40625,5.90625,32.0,64.0
900.0,26,5.3125,5.5625,32.0,62.0
1000.0,26,6.909090909,5.303030303,33.0,62.0
1100.0,26,9.323529412,5.558823529,34.0,64.0
1200.0,26,9.290322581,3.451612903,31.0,64.0
1300.0,26,9.03125,4.59375,32.0,64.0
1400.0,26,8.78125,4.90625,32.0,64.0
1500.0,26,9.4375,4.8125,32.0,64.0
1600.0,26,8.363636364,5.272727273,33.0,62.0
1700.0,26,7.575757576,5.060606061,33.0,62.0
1800.0,26,8.419354839,5.322580645,31.0,62.0
1900.0,26,6.676470588,6.088235294,34.0,64.0
2000.0,26,5.84375,5.0,32.0,62.0
2100.0,26,4.65625,5.59375,32.0,64.0
2200.0,26,3.242424242,6.303030303,33.0,64.0
2300.0,26,1.71875,5.5,32.0,64.0
2400.0,26,2.515151515,4.909090909,33.0,62.0
2500.0,26,3.705882353,6.382352941,34.0,66.0
2600.0,26,6.59375,8.0625,32.0,64.0
2700.0,26,7.655172414,7.620689655,29.0,62.0
2800.0,26,6.28125,7.6875,32.0,62.0
2900.0,26,7.545454545,8.515151515,33.0,64.0
3000.0,26,7.181818182,8.848484848,33.0,64.0
3100.0,26,7.727272727,7.606060606,33.0,64.0
3200.0,26,7.058823529,8.088235294,34.0,64.0
3300.0,26,8.09375,9.375,32.0,64.0
3400.0,26,7.516129032,9.870967742,31.0,64.0
3500.0,26,8.742857143,11.22857143,35.0,64.0
3600.0,26,8.375,14.84375,32.0,60.0
3700.0,26,6.470588235,13.58823529,34.0,64.0
3800.0,26,7.75,13.9375,32.0,64.0
3900.0,26,7.548387097,13.83870968,31.0,64.0
4000.0,26,7.375,13.5,32.0,62.0
4100.0,26,8.939393939,14.42424242,33.0,62.0
4200.0,26,7.5,12.21875,32.0,64.0
4300.0,26,8.575757576,12.3030303,33.0,64.0
4400.0,26,9.242424242,11.03030303,33.0,64.0
4500.0,26,11.38709677,10.87096774,31.0,62.0
4600.0,26,9.967741935,12.41935484,31.0,64.0
4700.0,26,9.181818182,12.90909091,33.0,64.0
4800.0,26,9.735294118,12.55882353,34.0,64.0
4900.0,26,9.323529412,10.91176471,34.0,64.0
5000.0,26,10.15151515,11.57575758,33.0,64.0
5100.0,26,11.23333333,13.56666667,30.0,64.0
5200.0,26,12.17647059,14.82352941,34.0,62.0
5300.0,26,11.5,14.8125,32.0,62.0
5400.0,26,13.5,16.125,32.0,64.0
5500.0,26,14.48484848,16.63636364,33.0,64.0
5600.0,26,15.125,14.28125,32.0,64.0
5700.0,26,16.35483871,12.48387097,31.0,62.0
5800.0,26,16.17647059,11.29411765,34.0,64.0
5900.0,26,16.51515152,8.515151515,33.0,64.0
6000.0,26,15.6875,7.90625,32.0,64.0
6100.0,26,14.90625,8.53125,32.0,64.0
6200.0,26,16.71875,7.5625,32.0,62.0
6300.0,26,17.64516129,7.612903226,31.0,62.0
6400.0,26,16.4516129,9.64516129,31.0,62.0
6500.0,26,18.29032258,10.64516129,31.0,64.0
6600.0,26,21.53125,10.21875,32.0,62.0
6700.0,26,19.12903226,9.903225806,31.0,64.0
6800.0,26,20.25806452,10.19354839,31.0,62.0
6900.0,26,19.61290323,9.483870968,31.0,64.0
7000.0,26,17.5,12.0,34.0,62.0
7100.0,26,16.81818182,10.21212121,33.0,64.0
7200.0,26,15.87878788,11.93939394,33.0,64.0
7300.0,26,14.15151515,11.42424242,33.0,64.0
7400.0,26,14.90909091,10.24242424,33.0,62.0
7500.0,26,14.09375,9.75,32.0,64.0
7600.0,26,14.6875,8.46875,32.0,64.0
7700.0,26,12.59375,8.125,32.0,62.0
7800.0,26,14.48484848,8.151515152,33.0,62.0
7900.0,26,14.96774194,6.774193548,31.0,64.0
8000.0,26,16.33333333,6.757575758,33.0,62.0
8100.0,26,16.85714286,6.628571429,35.0,66.0
8200.0,26,17.51515152,9.272727273,33.0,64.0
8300.0,26,16.65625,10.625,32.0,66.0
8400.0,26,16.23529412,11.55882353,34.0,64.0
8500.0,26,15.0,9.78125,32.0,62.0
8600.0,26,15.60606061,9.848484848,33.0,64.0
8700.0,26,15.81818182,11.39393939,33.0,64.0
8800.0,26,14.96875,11.65625,32.0,64.0
8900.0,26,15.0,11.72727273,33.0,64.0
9000.0,26,11.51612903,12.51612903,31.0,64.0
9100.0,26,15.46875,13.21875,32.0,64.0
9200.0,26,14.20588235,12.55882353,34.0,64.0
9300.0,26,11.96969697,12.87878788,33.0,64.0
9400.0,26,10.05882353,13.44117647,34.0,64.0
9500.0,26,9.823529412,11.82352941,34.0,62.0
9600.0,26,9.176470588,12.17647059,34.0,62.0
9700.0,26,8.25,12.9375,32.0,62.0
9800.0,26,7.181818182,15.45454545,33.0,64.0
9900.0,26,6.84375,15.0625,32.0,62.0
10000.0,26,8.387096774,14.38709677,31.0,62.0
0.0,27,4.0,4.0,37.0,64.0
100.0,27,1.612903226,6.032258065,31.0,62.0
200.0,27,0.4193548387,4.774193548,31.0,62.0
300.0,27,0.71875,5.375,32.0,64.0
400.0,27,2.147058824,4.470588235,34.0,64.0
500.0,27,3.545454545,7.090909091,33.0,62.0
600.0,27,2.3125,7.5625,32.0,64.0
700.0,27,0.125,7.40625,32.0,62.0
800.0,27,-0.2580645161,6.903225806,31.0,62.0
900.0,27,1.0,6.8,30.0,60.0
1000.0,27,-0.4838709677,5.258064516,31.0,64.0
1100.0,27,-3.375,4.78125,32.0,62.0
1200.0,27,-2.909090909,4.272727273,33.0,64.0
1300.0,27,-1.823529412,3.235294118,34.0,64.0
1400.0,27,-2.696969697,2.121212121,33.0,64.0
1500.0,27,-3.4,1.466666667,30.0,62.0
1600.0,27,-2.636363636,1.272727273,33.0,62.0
1700.0,27,-1.483870968,1.032258065,31.0,62.0
1800.0,27,-0.9696969697,2.181818182,33.0,64.0
1900.0,27,-1.225806452,2.741935484,31.0,64.0
2000.0,27,-1.575757576,3.242424242,33.0,62.0
2100.0,27,-1.558823529,6.352941176,34.0,64.0
2200.0,27,-2.5625,6.6875,32.0,62.0
2300.0,27,-3.058823529,7.852941176,34.0,64.0
2400.0,27,-2.71875,8.40625,32.0,62.0
2500.0,27,-4.0,9.5625,32.0,62.0
2600.0,27,-3.882352941,9.588235294,34.0,64.0
2700.0,27,-3.818181818,9.242424242,33.0,64.0
2800.0,27,-3.594594595,8.756756757,37.0,66.0
2900.0,27,-3.466666667,8.833333333,30.0,62.0
3000.0,27,-4.28125,8.96875,32.0,62.0
3100.0,27,-5.515151515,7.151515152,33.0,62.0
3200.0,27,-6.258064516,6.290322581,31.0,62.0
3300.0,27,-7.3,4.233333333,30.0,62.0
3400.0,27,-8.545454545,5.272727273,33.0,64.0
3500.0,27,-8.424242424,3.575757576,33.0,62.0
3600.0,27,-6.774193548,3.483870968,31.0,62.0
3700.0,27,-3.314285714,3.114285714,35.0,64.0
3800.0,27,-3.09375,3.65625,32.0,62.0
3900.0,27,-0.96875,3.25,32.0,62.0
4000.0,27,-0.8484848485,3.545454545,33.0,64.0
4100.0,27,-1.4,3.314285714,35.0,64.0
4200.0,27,1.03125,2.09375,32.0,62.0
4300.0,27,1.387096774,2.516129032,31.0,62.0
4400.0,27,2.545454545,5.090909091,33.0,64.0
4500.0,27,3.970588235,3.735294118,34.0,66.0
4600.0,27,5.264705882,4.0,34.0,62.0
4700.0,27,5.242424242,4.181818182,33.0,64.0
4800.0,27,7.78125,4.625,32.0,64.0
4900.0,27,7.454545455,4.393939394,33.0,64.0
5000.0,27,8.870967742,4.258064516,31.0,64.0
5100.0,27,10.87878788,4.606060606,33.0,64.0
5200.0,27,9.64516129,4.0,31.0,64.0
5300.0,27,11.24242424,5.03030303,33.0,64.0
5400.0,27,9.741935484,5.387096774,31.0,62.0
5500.0,27,9.852941176,5.264705882,34.0,64.0
5600.0,27,9.4375,6.9375,32.0,64.0
5700.0,27,8.970588235,6.294117647,34.0,64.0
5800.0,27,8.5625,7.15625,32.0,62.0
5900.0,27,8.4,6.514285714,35.0,64.0
6000.0,27,9.709677419,5.580645161,31.0,62.0
6100.0,27,10.8125,7.1875,32.0,64.0
6200.0,27,9.242424242,8.090909091,33.0,62.0
6300.0,27,10.5,8.90625,32.0,62.0
6400.0,27,10.41176471,9.235294118,34.0,64.0
6500.0,27,9.533333333,6.766666667,30.0,62.0
6600.0,27,7.757575758,5.333333333,33.0,62.0
6700.0,27,9.5,7.0,32.0,62.0
6800.0,27,9.914285714,6.542857143,35.0,64.0
6900.0,27,8.580645161,5.451612903,31.0,66.0
7000.0,27,6.483870968,6.35483871,31.0,64.0
7100.0,27,8.657142857,5.228571429,35.0,64.0
7200.0,27,9.257142857,4.885714286,35.0,66.0
7300.0,27,8.65625,3.0,32.0,62.0
7400.0,27,7.636363636,5.03030303,33.0,64.0
7500.0,27,7.25,5.527777778,36.0,66.0
7600.0,27,7.625,4.53125,32.0,64.0
7700.0,27,8.870967742,4.935483871,31.0,62.0
7800.0,27,10.08823529,4.970588235,34.0,64.0
7900.0,27,8.212121212,6.909090909,33.0,62.0
8000.0,27,6.727272727,4.575757576,33.0,64.0
8100.0,27,7.264705882,4.0,34.0,62.0
8200.0,27,7.909090909,5.666666667,33.0,64.0
8300.0,27,7.424242424,5.848484848,33.0,64.0
8400.0,27,9.151515152,3.424242424,33.0,64.0
8500.0,27,9.03030303,2.939393939,33.0,64.0
8600.0,27,10.15151515,1.272727273,33.0,62.0
8700.0,27,7.885714286,2.742857143,35.0,64.0
8800.0,27,8.8125,3.71875,32.0,64.0
8900.0,27,9.029411765,2.235294118,34.0,64.0
9000.0,27,10.18181818,3.090909091,33.0,64.0
9100.0,27,6.5,2.823529412,34.0,64.0
9200.0,27,4.689655172,5.068965517,29.0,62.0
9300.0,27,4.96969697,6.090909091,33.0,64.0
9400.0,27,2.90625,7.1875,32.0,64.0
9500.0,27,4.588235294,5.088235294,34.0,64.0
9600.0,27,3.5,6.6875,32.0,64.0
9700.0,27,4.121212121,6.909090909,33.0,64.0
9800.0,27,4.848484848,5.696969697,33.0,64.0
9900.0,27,2.787878788,6.333333333,33.0,66.0
10000.0,27,2.125,7.0625,32.0,62.0
0.0,28,4.0,4.0,37.0,64.0
100.0,28,4.0625,4.53125,32.0,64.0
200.0,28,3.727272727,3.575757576,33.0,64.0
300.0,28,4.935483871,4.451612903,31.0,64.0
400.0,28,3.566666667,4.6,30.0,62.0
500.0,28,2.266666667,3.1,30.0,64.0
600.0,28,6.0,2.823529412,34.0,64.0
700.0,28,7.28125,2.96875,32.0,64.0
800.0,28,7.151515152,2.515151515,33.0,62.0
900.0,28,5.542857143,1.4,35.0,68.0
1000.0,28,5.419354839,0.7419354839,31.0,62.0
1100.0,28,7.0,0.28125,32.0,62.0
1200.0,28,5.09375,0.96875,32.0,62.0
1300.0,28,6.125,2.15625,32.0,64.0
1400.0,28,3.875,-0.59375,32.0,62.0
1500.0,28,3.34375,-0.96875,32.0,62.0
1600.0,28,2.967741935,1.451612903,31.0,62.0
1700.0,28,2.580645161,0.2903225806,31.0,62.0
1800.0,28,4.625,1.15625,32.0,60.0
1900.0,28,3.78125,-0.46875,32.0,62.0
2000.0,28,3.84375,-1.75,32.0,64.0
2100.0,28,2.272727273,-1.909090909,33.0,64.0
2200.0,28,1.5,0.4117647059,34.0,64.0
2300.0,28,0.7428571429,2.114285714,35.0,64.0
2400.0,28,2.666666667,1.454545455,33.0,66.0
2500.0,28,2.305555556,3.027777778,36.0,64.0
2600.0,28,2.242424242,2.757575758,33.0,64.0
2700.0,28,3.294117647,3.176470588,34.0,64.0
2800.0,28,2.375,2.5,32.0,62.0
2900.0,28,1.151515152,0.06060606061,33.0,64.0
3000.0,28,1.03030303,-0.4848484848,33.0,64.0
3100.0,28,0.1818181818,0.4242424242,33.0,64.0
3200.0,28,-0.0625,0.46875,32.0,62.0
3300.0,28,0.7878787879,2.0,33.0,64.0
3400.0,28,-0.08823529412,0.9705882353,34.0,64.0
3500.0,28,0.53125,0.65625,32.0,62.0
3600.0,28,0.125,0.0625,32.0,62.0
3700.0,28,-2.764705882,0.08823529412,34.0,64.0
3800.0,28,-4.875,2.0625,32.0,64.0
3900.0,28,-4.774193548,2.290322581,31.0,64.0
4000.0,28,-5.46875,3.6875,32.0,64.0
4100.0,28,-5.303030303,5.909090909,33.0,62.0
4200.0,28,-4.71875,6.96875,32.0,62.0
4300.0,28,-5.21875,7.28125,32.0,62.0
4400.0,28,-6.571428571,10.37142857,35.0,64.0
4500.0,28,-7.515151515,8.393939394,33.0,62.0
4600.0,28,-8.382352941,9.617647059,34.0,66.0
4700.0,28,-8.085714286,9.514285714,35.0,66.0
4800.0,28,-7.580645161,7.193548387,31.0,62.0
4900.0,28,-7.441176471,7.941176471,34.0,64.0
5000.0,28,-7.46875,9.375,32.0,64.0
5100.0,28,-6.533333333,8.833333333,30.0,64.0
5200.0,28,-5.333333333,10.90909091,33.0,64.0
5300.0,28,-4.483870968,12.03225806,31.0,62.0
5400.0,28,-6.09375,10.875,32.0,62.0
5500.0,28,-6.3125,9.90625,32.0,62.0
5600.0,28,-5.882352941,9.647058824,34.0,64.0
5700.0,28,-6.0,8.424242424,33.0,64.0
5800.0,28,-4.558823529,7.294117647,34.0,64.0
5900.0,28,-4.129032258,7.032258065,31.0,62.0
6000.0,28,-4.205882353,8.058823529,34.0,64.0
6100.0,28,-3.064516129,7.935483871,31.0,62.0
6200.0,28,-2.0,8.3,30.0,62.0
6300.0,28,-4.742857143,7.228571429,35.0,68.0
6400.0,28,-4.03125,7.09375,32.0,64.0
6500.0,28,-6.166666667,6.766666667,30.0,64.0
6600.0,28,-4.285714286,5.257142857,35.0,66.0
6700.0,28,-4.0,5.735294118,34.0,62.0
6800.0,28,-3.818181818,6.212121212,33.0,64.0
6900.0,28,-3.0,6.5,34.0,62.0
7000.0,28,-2.4375,7.0625,32.0,64.0
7100.0,28,-3.363636364,12.57575758,33.0,64.0
7200.0,28,-3.333333333,12.96969697,33.0,64.0
7300.0,28,-3.382352941,12.94117647,34.0,64.0
7400.0,28,-5.0,12.51724138,29.0,60.0
7500.0,28,-3.8125,13.3125,32.0,62.0
7600.0,28,-2.258064516,13.93548387,31.0,62.0
7700.0,28,-1.96969697,14.42424242,33.0,62.0
7800.0,28,-1.5625,13.15625,32.0,62.0
7900.0,28,-2.3125,16.25,32.0,64.0
8000.0,28,-1.676470588,17.41176471,34.0,64.0
8100.0,28,-2.9375,18.4375,32.0,64.0
8200.0,28,-4.40625,17.6875,32.0,64.0
8300.0,28,-5.677419355,16.87096774,31.0,64.0
8400.0,28,-4.515151515,19.09090909,33.0,62.0
8500.0,28,-3.225806452,19.09677419,31.0,62.0
8600.0,28,-2.529411765,19.94117647,34.0,64.0
8700.0,28,-0.935483871,21.77419355,31.0,64.0
8800.0,28,1.382352941,20.14705882,34.0,64.0
8900.0,28,1.272727273,20.12121212,33.0,64.0
9000.0,28,1.882352941,20.14705882,34.0,64.0
9100.0,28,2.441176471,19.82352941,34.0,66.0
9200.0,28,3.242424242,19.75757576,33.0,64.0
9300.0,28,3.8125,19.15625,32.0,62.0
9400.0,28,3.875,17.53125,32.0,64.0
9500.0,28,5.25,17.28125,32.0,62.0
9600.0,28,5.35483871,18.29032258,31.0,62.0
9700.0,28,6.147058824,19.32352941,34.0,64.0
9800.0,28,5.685714286,19.88571429,35.0,64.0
9900.0,28,6.9375,21.15625,32.0,64.0
10000.0,28,6.9,20.3,30.0,62.0
0.0,29,4.0,4.0,37.0,64.0
100.0,29,2.454545455,4.242424242,33.0,64.0
200.0,29,2.787878788,4.424242424,33.0,66.0
300.0,29,3.147058824,3.058823529,34.0,64.0
400.0,29,3.064516129,2.612903226,31.0,64.0
500.0,29,2.4,3.633333333,30.0,62.0
600.0,29,2.5,3.205882353,34.0,66.0
700.0,29,2.575757576,2.939393939,33.0,64.0
800.0,29,3.848484848,4.484848485,33.0,62.0
900.0,29,5.5,4.633333333,30.0,62.0
1000.0,29,3.774193548,4.838709677,31.0,64.0
1100.0,29,5.147058824,8.0,34.0,64.0
1200.0,29,4.515151515,10.48484848,33.0,64.0
1300.0,29,3.15625,9.34375,32.0,62.0
1400.0,29,2.78125,11.0625,32.0,64.0
1500.0,29,2.147058824,10.61764706,34.0,64.0
1600.0,29,1.424242424,10.57575758,33.0,64.0
1700.0,29,0.25,11.3125,32.0,64.0
1800.0,29,2.1875,10.0,32.0,64.0
1900.0,29,4.885714286,10.51428571,35.0,64.0
2000.0,29,6.064516129,11.16129032,31.0,62.0
2100.0,29,5.387096774,10.80645161,31.0,62.0
2200.0,29,3.705882353,12.5,34.0,62.0
2300.0,29,4.193548387,11.96774194,31.0,64.0
2400.0,29,5.387096774,13.48387097,31.0,62.0
2500.0,29,3.21875,15.9375,32.0,64.0
2600.0,29,2.40625,16.21875,32.0,64.0
2700.0,29,4.0,14.82352941,34.0,64.0
2800.0,29,3.9375,15.90625,32.0,62.0
2900.0,29,3.617647059,16.14705882,34.0,64.0
3000.0,29,5.090909091,17.63636364,33.0,64.0
3100.0,29,6.242424242,16.09090909,33.0,62.0
3200.0,29,6.176470588,14.17647059,34.0,62.0
3300.0,29,5.5625,12.15625,32.0,62.0
3400.0,29,4.545454545,10.90909091,33.0,62.0
3500.0,29,4.323529412,9.852941176,34.0,64.0
3600.0,29,3.75,8.96875,32.0,62.0
3700.0,29,7.9375,7.53125,32.0,64.0
3800.0,29,7.028571429,10.6,35.0,64.0
3900.0,29,7.176470588,11.41176471,34.0,64.0
4000.0,29,8.242424242,10.6969697,33.0,64.0
4100.0,29,7.875,12.59375,32.0,62.0
4200.0,29,8.242424242,12.0,33.0,66.0
4300.0,29,9.848484848,12.09090909,33.0,62.0
4400.0,29,7.939393939,12.15151515,33.0,64.0
4500.0,29,9.090909091,12.84848485,33.0,64.0
4600.0,29,7.970588235,13.82352941,34.0,66.0
4700.0,29,8.382352941,14.17647059,34.0,66.0
4800.0,29,10.03125,14.875,32.0,64.0
4900.0,29,8.96875,16.59375,32.0,64.0
5000.0,29,7.677419355,14.87096774,31.0,62.0
5100.0,29,8.363636364,15.27272727,33.0,62.0
5200.0,29,8.516129032,12.74193548,31.0,62.0
5300.0,29,10.5,11.29411765,34.0,62.0
5400.0,29,8.375,12.21875,32.0,62.0
5500.0,29,6.885714286,12.74285714,35.0,64.0
5600.0,29,6.28125,15.21875,32.0,64.0
5700.0,29,5.1875,14.65625,32.0,64.0
5800.0,29,7.419354839,15.22580645,31.0,62.0
5900.0,29,7.625,15.625,32.0,64.0
6000.0,29,6.1875,16.53125,32.0,64.0
6100.0,29,6.393939394,16.33333333,33.0,64.0
6200.0,29,7.342857143,17.42857143,35.0,66.0
6300.0,29,6.28125,17.09375,32.0,64.0
6400.0,29,4.787878788,17.45454545,33.0,62.0
6500.0,29,6.451612903,17.35483871,31.0,62.0
6600.0,29,9.235294118,18.17647059,34.0,64.0
6700.0,29,9.21875,16.875,32.0,62.0
6800.0,29,6.848484848,19.42424242,33.0,64.0
6900.0,29,10.0,20.6875,32.0,64.0
7000.0,29,9.53125,22.8125,32.0,64.0
7100.0,29,9.885714286,21.74285714,35.0,64.0
7200.0,29,11.27272727,19.84848485,33.0,62.0
7300.0,29,13.66666667,20.93333333,30.0,62.0
7400.0,29,12.3,21.1,30.0,62.0
7500.0,29,11.26470588,20.14705882,34.0,66.0
7600.0,29,10.96969697,21.90909091,33.0,64.0
7700.0,29,9.333333333,21.75757576,33.0,62.0
7800.0,29,9.46875,24.0625,32.0,62.0
7900.0,29,9.909090909,22.6969697,33.0,62.0
8000.0,29,10.82352941,23.58823529,34.0,64.0
8100.0,29,13.12121212,25.24242424,33.0,64.0
8200.0,29,14.93939394,25.42424242,33.0,62.0
8300.0,29,12.27272727,26.12121212,33.0,64.0
8400.0,29,9.848484848,26.96969697,33.0,64.0
8500.0,29,10.25,26.875,32.0,64.0
8600.0,29,9.0625,25.8125,32.0,64.0
8700.0,29,8.75,26.34375,32.0,64.0
8800.0,29,9.606060606,26.03030303,33.0,64.0
8900.0,29,10.44117647,25.44117647,34.0,64.0
9000.0,29,10.27272727,26.60606061,33.0,64.0
9100.0,29,9.848484848,24.09090909,33.0,62.0
9200.0,29,8.5,27.29411765,34.0,62.0
9300.0,29,7.545454545,28.78787879,33.0,64.0
9400.0,29,8.806451613,30.83870968,31.0,62.0
9500.0,29,8.428571429,31.77142857,35.0,64.0
9600.0,29,9.0,31.16129032,31.0,62.0
9700.0,29,9.088235294,32.02941176,34.0,64.0
9800.0,29,7.171428571,33.31428571,35.0,64.0
9900.0,29,7.757575758,31.90909091,33.0,62.0
10000.0,29,7.970588235,31.67647059,34.0,66.0
0.0,30,4.0,4.0,37.0,64.0
100.0,30,5.75,3.1875,32.0,62.0
200.0,30,6.882352941,3.588235294,34.0,64.0
300.0,30,7.1875,6.8125,32.0,62.0
400.0,30,8.424242424,7.424242424,33.0,64.0
500.0,30,7.28125,9.28125,32.0,62.0
600.0,30,9.0,11.0,35.0,64.0
700.0,30,9.34375,14.4375,32.0,64.0
800.0,30,8.0,15.26470588,34.0,66.0
900.0,30,7.088235294,14.23529412,34.0,66.0
1000.0,30,7.40625,13.09375,32.0,62.0
1100.0,30,6.705882353,13.26470588,34.0,64.0
1200.0,30,6.333333333,11.27272727,33.0,64.0
1300.0,30,7.34375,12.5625,32.0,62.0
1400.0,30,6.457142857,12.57142857,35.0,64.0
1500.0,30,7.147058824,12.17647059,34.0,64.0
1600.0,30,5.484848485,10.84848485,33.0,62.0
1700.0,30,4.911764706,9.441176471,34.0,64.0
1800.0,30,4.272727273,8.545454545,33.0,66.0
1900.0,30,6.545454545,9.333333333,33.0,64.0
2000.0,30,7.428571429,10.37142857,35.0,64.0
2100.0,30,8.333333333,10.87878788,33.0,64.0
2200.0,30,8.84375,11.4375,32.0,62.0
2300.0,30,9.193548387,12.03225806,31.0,62.0
2400.0,30,10.83870968,12.35483871,31.0,64.0
2500.0,30,9.8,12.43333333,30.0,62.0
2600.0,30,10.71875,13.1875,32.0,62.0
2700.0,30,10.4375,14.40625,32.0,62.0
2800.0,30,11.19354839,14.5483871,31.0,64.0
2900.0,30,10.47058824,15.35294118,34.0,64.0
3000.0,30,10.71875,16.0,32.0,64.0
3100.0,30,10.48484848,15.21212121,33.0,66.0
3200.0,30,10.96774194,15.09677419,31.0,62.0
3300.0,30,10.84848485,13.90909091,33.0,62.0
3400.0,30,9.272727273,11.36363636,33.0,62.0
3500.0,30,7.35483871,10.77419355,31.0,62.0
3600.0,30,6.606060606,10.96969697,33.0,64.0
3700.0,30,7.323529412,10.23529412,34.0,64.0
3800.0,30,7.303030303,9.545454545,33.0,64.0
3900.0,30,8.382352941,12.02941176,34.0,66.0
4000.0,30,9.5,13.0,32.0,62.0
4100.0,30,8.6,14.4,30.0,62.0
4200.0,30,8.303030303,15.63636364,33.0,64.0
4300.0,30,7.818181818,15.03030303,33.0,62.0
4400.0,30,6.8,12.68571429,35.0,66.0
4500.0,30,7.15625,16.0625,32.0,62.0
4600.0,30,8.483870968,14.61290323,31.0,62.0
4700.0,30,8.2,14.08571429,35.0,64.0
4800.0,30,9.774193548,13.51612903,31.0,62.0
4900.0,30,8.9375,10.84375,32.0,62.0
5000.0,30,8.090909091,11.72727273,33.0,64.0
5100.0,30,7.96969697,9.96969697,33.0,64.0
5200.0,30,6.117647059,9.088235294,34.0,66.0
5300.0,30,6.0,8.78125,32.0,62.0
5400.0,30,4.709677419,10.4516129,31.0,60.0
5500.0,30,4.96875,11.09375,32.0,62.0
5600.0,30,4.333333333,12.0,33.0,64.0
5700.0,30,3.848484848,10.72727273,33.0,62.0
5800.0,30,5.566666667,9.833333333,30.0,62.0
5900.0,30,7.114285714,10.31428571,35.0,64.0
6000.0,30,5.818181818,11.03030303,33.0,64.0
6100.0,30,8.375,11.625,32.0,62.0
6200.0,30,9.166666667,13.66666667,36.0,66.0
6300.0,30,10.5,14.5,32.0,64.0
6400.0,30,10.94285714,16.05714286,35.0,64.0
6500.0,30,12.44117647,16.73529412,34.0,64.0
6600.0,30,12.51612903,16.87096774,31.0,64.0
6700.0,30,11.90909091,14.51515152,33.0,62.0
6800.0,30,10.5,14.8125,32.0,62.0
6900.0,30,10.375,13.84375,32.0,64.0
7000.0,30,10.53125,15.125,32.0,62.0
7100.0,30,10.48484848,15.15151515,33.0,62.0
7200.0,30,8.84375,14.75,32.0,62.0
7300.0,30,8.823529412,14.5,34.0,64.0
7400.0,30,8.967741935,15.61290323,31.0,62.0
7500.0,30,7.28125,14.09375,32.0,64.0
7600.0,30,8.272727273,15.3030303,33.0,64.0
7700.0,30,6.787878788,15.72727273,33.0,64.0
7800.0,30,6.757575758,15.12121212,33.0,64.0
7900.0,30,5.580645161,14.80645161,31.0,62.0
8000.0,30,6.4375,14.3125,32.0,62.0
8100.0,30,4.848484848,14.57575758,33.0,64.0
8200.0,30,7.71875,17.21875,32.0,62.0
8300.0,30,6.78125,16.375,32.0,62.0
8400.0,30,8.454545455,14.39393939,33.0,64.0
8500.0,30,8.709677419,14.80645161,31.0,60.0
8600.0,30,9.757575758,12.75757576,33.0,64.0
8700.0,30,9.5625,10.9375,32.0,64.0
8800.0,30,10.38235294,12.02941176,34.0,64.0
8900.0,30,11.05882353,14.44117647,34.0,64.0
9000.0,30,11.82352941,14.82352941,34.0,62.0
9100.0,30,11.28571429,12.6,35.0,64.0
9200.0,30,11.51515152,11.39393939,33.0,64.0
9300.0,30,11.0,9.5,34.0,62.0
9400.0,30,9.8125,10.5625,32.0,64.0
9500.0,30,11.24242424,11.33333333,33.0,62.0
9600.0,30,9.727272727,11.18181818,33.0,64.0
9700.0,30,9.78125,12.21875,32.0,62.0
9800.0,30,8.696969697,14.24242424,33.0,62.0
9900.0,30,8.387096774,13.03225806,31.0,62.0
10000.0,30,7.147058824,11.70588235,34.0,64.0
0.0,31,4.0,4.0,37.0,64.0
100.0,31,5.03030303,6.393939394,33.0,64.0
200.0,31,4.0,7.057142857,35.0,64.0
300.0,31,6.032258065,9.741935484,31.0,62.0
400.0,31,4.484848485,8.96969697,33.0,64.0
500.0,31,3.878787879,10.96969697,33.0,64.0
600.0,31,5.205882353,10.73529412,34.0,66.0
700.0,31,4.78125,9.71875,32.0,62.0
800.0,31,7.757575758,10.78787879,33.0,64.0
900.0,31,9.21875,8.90625,32.0,64.0
1000.0,31,8.84375,10.1875,32.0,62.0
1100.0,31,8.741935484,6.741935484,31.0,62.0
1200.0,31,10.41935484,6.548387097,31.0,60.0
1300.0,31,9.787878788,6.848484848,33.0,64.0
1400.0,31,11.46875,6.375,32.0,64.0
1500.0,31,10.06451613,7.096774194,31.0,62.0
1600.0,31,9.40625,6.40625,32.0,64.0
1700.0,31,9.166666667,6.933333333,30.0,62.0
1800.0,31,10.71875,6.71875,32.0,62.0
1900.0,31,12.75,6.28125,32.0,62.0
2000.0,31,13.03125,7.34375,32.0,62.0
2100.0,31,14.65625,7.0,32.0,62.0
2200.0,31,15.21875,5.53125,32.0,62.0
2300.0,31,14.15625,6.71875,32.0,64.0
2400.0,31,14.17647059,6.735294118,34.0,64.0
2500.0,31,14.2,7.914285714,35.0,64.0
2600.0,31,13.71875,7.1875,32.0,64.0
2700.0,31,13.74285714,7.885714286,35.0,64.0
2800.0,31,14.40625,5.96875,32.0,64.0
2900.0,31,14.03225806,5.032258065,31.0,66.0
3000.0,31,13.09375,5.3125,32.0,62.0
3100.0,31,13.0625,4.28125,32.0,64.0
3200.0,31,12.90625,6.21875,32.0,64.0
3300.0,31,12.3030303,6.242424242,33.0,62.0
3400.0,31,14.24242424,6.424242424,33.0,62.0
3500.0,31,12.34375,6.28125,32.0,62.0
3600.0,31,13.65625,4.59375,32.0,64.0
3700.0,31,14.64516129,5.032258065,31.0,64.0
3800.0,31,13.74193548,5.387096774,31.0,60.0
3900.0,31,16.9375,4.5625,32.0,62.0
4000.0,31,16.5,7.9,30.0,62.0
4100.0,31,16.53125,7.46875,32.0,64.0
4200.0,31,17.15151515,9.606060606,33.0,64.0
4300.0,31,16.0,9.258064516,31.0,64.0
4400.0,31,16.52941176,9.647058824,34.0,64.0
4500.0,31,17.06451613,11.96774194,31.0,62.0
4600.0,31,17.53125,12.03125,32.0,64.0
4700.0,31,18.4516129,9.935483871,31.0,62.0
4800.0,31,17.70967742,10.77419355,31.0,64.0
4900.0,31,18.17647059,10.17647059,34.0,62.0
5000.0,31,18.5625,7.4375,32.0,64.0
5100.0,31,18.19354839,7.741935484,31.0,62.0
5200.0,31,16.90625,8.375,32.0,64.0
5300.0,31,17.21875,9.53125,32.0,64.0
5400.0,31,17.76470588,9.911764706,34.0,64.0
5500.0,31,18.4375,9.71875,32.0,64.0
5600.0,31,17.46875,8.125,32.0,62.0
5700.0,31,17.21875,7.28125,32.0,62.0
5800.0,31,15.09090909,7.666666667,33.0,64.0
5900.0,31,15.93333333,7.066666667,30.0,60.0
6000.0,31,15.375,8.375,32.0,62.0
6100.0,31,15.36363636,8.818181818,33.0,64.0
6200.0,31,16.3030303,12.63636364,33.0,64.0
6300.0,31,15.0,11.5,34.0,62.0
6400.0,31,16.22857143,12.74285714,35.0,64.0
6500.0,31,16.35483871,12.83870968,31.0,64.0
6600.0,31,16.14705882,14.70588235,34.0,64.0
6700.0,31,18.5,14.5,32.0,64.0
6800.0,31,19.48387097,15.12903226,31.0,62.0
6900.0,31,19.27272727,14.81818182,33.0,64.0
7000.0,31,18.25806452,14.12903226,31.0,64.0
7100.0,31,20.76470588,13.41176471,34.0,64.0
7200.0,31,22.60606061,11.48484848,33.0,62.0
7300.0,31,19.3030303,12.12121212,33.0,64.0
7400.0,31,20.625,10.5,32.0,62.0
7500.0,31,20.54545455,12.27272727,33.0,64.0
7600.0,31,23.0625,11.3125,32.0,62.0
7700.0,31,24.19354839,11.93548387,31.0,64.0
7800.0,31,24.79411765,12.26470588,34.0,64.0
7900.0,31,21.5625,11.21875,32.0,64.0
8000.0,31,20.125,10.875,32.0,64.0
8100.0,31,22.8125,11.375,32.0,64.0
8200.0,31,22.88235294,12.94117647,34.0,64.0
8300.0,31,20.20588235,13.26470588,34.0,64.0
8400.0,31,18.75757576,12.36363636,33.0,64.0
8500.0,31,21.0625,10.46875,32.0,66.0
8600.0,31,20.81818182,10.42424242,33.0,64.0
8700.0,31,21.0,11.54545455,33.0,66.0
8800.0,31,22.09677419,11.58064516,31.0,64.0
8900.0,31,19.84848485,10.09090909,33.0,64.0
9000.0,31,21.21875,8.8125,32.0,64.0
9100.0,31,22.27272727,6.303030303,33.0,64.0
9200.0,31,21.9375,6.375,32.0,62.0
9300.0,31,19.96774194,7.161290323,31.0,62.0
9400.0,31,17.41176471,6.235294118,34.0,64.0
9500.0,31,16.19354839,5.096774194,31.0,62.0
9600.0,31,16.875,6.5625,32.0,64.0
9700.0,31,17.90625,6.8125,32.0,64.0
9800.0,31,18.3125,7.71875,32.0,62.0
9900.0,31,20.06666667,6.666666667,30.0,62.0
10000.0,31,20.93548387,6.935483871,31.0,62.0
0.0,32,4.0,4.0,37.0,64.0
100.0,32,4.057142857,4.942857143,35.0,64.0
200.0,32,2.133333333,3.666666667,30.0,62.0
300.0,32,1.5,3.46875,32.0,64.0
400.0,32,1.8125,3.15625,32.0,62.0
500.0,32,0.7714285714,3.428571429,35.0,64.0
600.0,32,0.5,1.588235294,34.0,64.0
700.0,32,0.5454545455,0.4848484848,33.0,64.0
800.0,32,0.3142857143,-0.8857142857,35.0,64.0
900.0,32,-0.3714285714,-0.3142857143,35.0,66.0
1000.0,32,-0.7878787879,0.4848484848,33.0,64.0
1100.0,32,1.451612903,1.709677419,31.0,62.0
1200.0,32,3.575757576,2.575757576,33.0,62.0
1300.0,32,2.366666667,1.833333333,30.0,62.0
1400.0,32,2.909090909,1.454545455,33.0,62.0
1500.0,32,3.71875,2.375,32.0,62.0
1600.0,32,3.548387097,4.774193548,31.0,64.0
1700.0,32,3.34375,4.15625,32.0,62.0
1800.0,32,3.117647059,3.852941176,34.0,64.0
1900.0,32,2.483870968,4.258064516,31.0,62.0
2000.0,32,3.125,4.53125,32.0,64.0
2100.0,32,2.64516129,3.129032258,31.0,62.0
2200.0,32,1.181818182,2.151515152,33.0,64.0
2300.0,32,0.2424242424,1.696969697,33.0,64.0
2400.0,32,-0.59375,2.3125,32.0,62.0
2500.0,32,-1.5,0.875,32.0,64.0
2600.0,32,-0.7575757576,0.2424242424,33.0,64.0
2700.0,32,-2.193548387,-0.4516129032,31.0,62.0
2800.0,32,-2.266666667,-0.2333333333,30.0,62.0
2900.0,32,-2.64516129,-1.193548387,31.0,62.0
3000.0,32,-3.71875,-2.1875,32.0,62.0
3100.0,32,-3.25,0.03125,32.0,64.0
3200.0,32,-1.84375,-2.375,32.0,60.0
3300.0,32,-4.363636364,-2.484848485,33.0,64.0
3400.0,32,-2.59375,-2.53125,32.0,64.0
3500.0,32,-1.757575758,-1.303030303,33.0,62.0
3600.0,32,0.6774193548,1.258064516,31.0,62.0
3700.0,32,-1.375,1.0625,32.0,64.0
3800.0,32,1.0625,-0.0625,32.0,64.0
3900.0,32,-0.8484848485,-0.9393939394,33.0,64.0
4000.0,32,-2.9375,0.0625,32.0,62.0
4100.0,32,-3.2,-1.085714286,35.0,64.0
4200.0,32,-2.35483871,-1.483870968,31.0,62.0
4300.0,32,-1.363636364,-2.090909091,33.0,64.0
4400.0,32,-0.1470588235,-1.029411765,34.0,64.0
4500.0,32,-3.823529412,-0.5588235294,34.0,64.0
4600.0,32,-2.657142857,0.05714285714,35.0,64.0
4700.0,32,-3.15625,-0.65625,32.0,64.0
4800.0,32,-4.46875,-0.03125,32.0,62.0
4900.0,32,-4.6875,0.5625,32.0,62.0
5000.0,32,-4.53125,1.5625,32.0,64.0
5100.0,32,-2.727272727,-0.4242424242,33.0,64.0
5200.0,32,-0.1818181818,-0.2727272727,33.0,62.0
5300.0,32,0.7058823529,1.676470588,34.0,64.0
5400.0,32,0.8611111111,0.3888888889,36.0,64.0
5500.0,32,1.8125,1.25,32.0,62.0
5600.0,32,0.7941176471,2.558823529,34.0,64.0
5700.0,32,1.696969697,2.424242424,33.0,64.0
5800.0,32,1.212121212,1.454545455,33.0,62.0
5900.0,32,1.371428571,3.0,35.0,64.0
6000.0,32,2.0,2.5,34.0,64.0
6100.0,32,2.085714286,3.314285714,35.0,64.0
6200.0,32,1.0,2.34375,32.0,62.0
6300.0,32,1.575757576,1.757575758,33.0,62.0
6400.0,32,-0.1935483871,1.35483871,31.0,64.0
6500.0,32,0.9696969697,0.5151515152,33.0,64.0
6600.0,32,1.64516129,2.516129032,31.0,60.0
6700.0,32,3.53125,2.46875,32.0,64.0
6800.0,32,5.090909091,0.6363636364,33.0,64.0
6900.0,32,5.064516129,1.483870968,31.0,62.0
7000.0,32,3.709677419,-1.806451613,31.0,64.0
7100.0,32,4.147058824,-1.529411765,34.0,64.0
7200.0,32,3.96969697,-2.606060606,33.0,64.0
7300.0,32,3.272727273,-3.636363636,33.0,62.0
7400.0,32,4.515151515,-4.03030303,33.0,64.0
7500.0,32,6.090909091,-3.909090909,33.0,64.0
7600.0,32,6.727272727,-5.363636364,33.0,62.0
7700.0,32,6.75,-7.71875,32.0,62.0
7800.0,32,7.96875,-8.09375,32.0,62.0
7900.0,32,7.352941176,-7.911764706,34.0,64.0
8000.0,32,7.53125,-8.46875,32.0,64.0
8100.0,32,7.6,-9.666666667,30.0,64.0
8200.0,32,6.696969697,-10.6969697,33.0,66.0
8300.0,32,7.903225806,-9.806451613,31.0,62.0
8400.0,32,4.741935484,-8.838709677,31.0,64.0
8500.0,32,5.0,-10.03125,32.0,64.0
8600.0,32,5.411764706,-9.235294118,34.0,64.0
8700.0,32,3.84375,-7.375,32.0,64.0
8800.0,32,5.21875,-5.6875,32.0,64.0
8900.0,32,5.542857143,-5.571428571,35.0,64.0
9000.0,32,4.387096774,-3.612903226,31.0,62.0
9100.0,32,7.6875,-1.53125,32.0,62.0
9200.0,32,8.606060606,-0.4545454545,33.0,64.0
9300.0,32,8.8125,0.15625,32.0,64.0
9400.0,32,7.933333333,0.8666666667,30.0,62.0
9500.0,32,8.529411765,1.941176471,34.0,66.0
9600.0,32,6.0,-0.7272727273,33.0,64.0
9700.0,32,5.533333333,0.1666666667,30.0,64.0
9800.0,32,4.875,1.3125,32.0,64.0
9900.0,32,1.03125,2.25,32.0,64.0
10000.0,32,-0.46875,1.8125,32.0,62.0
0.0,33,4.0,4.0,37.0,64.0
100.0,33,3.4,4.366666667,30.0,62.0
200.0,33,3.727272727,4.575757576,33.0,64.0
300.0,33,2.545454545,6.090909091,33.0,62.0
400.0,33,0.96875,3.5625,32.0,64.0
500.0,33,2.290322581,5.258064516,31.0,64.0
600.0,33,0.4375,6.1875,32.0,62.0
700.0,33,0.0303030303,7.181818182,33.0,62.0
800.0,33,-1.428571429,6.771428571,35.0,64.0
900.0,33,-0.4838709677,5.967741935,31.0,62.0
1000.0,33,1.242424242,6.212121212,33.0,64.0
1100.0,33,1.272727273,6.151515152,33.0,62.0
1200.0,33,4.193548387,5.322580645,31.0,62.0
1300.0,33,4.6875,7.125,32.0,64.0
1400.0,33,3.575757576,7.03030303,33.0,62.0
1500.0,33,5.0625,8.84375,32.0,66.0
1600.0,33,3.696969697,9.545454545,33.0,64.0
1700.0,33,4.757575758,9.090909091,33.0,64.0
1800.0,33,4.515151515,8.393939394,33.0,62.0
1900.0,33,3.575757576,10.45454545,33.0,64.0
2000.0,33,4.0,10.28125,32.0,62.0
2100.0,33,3.838709677,7.870967742,31.0,62.0
2200.0,33,2.727272727,8.0,33.0,64.0
2300.0,33,1.941176471,9.441176471,34.0,64.0
2400.0,33,3.171428571,8.971428571,35.0,64.0
2500.0,33,3.882352941,8.058823529,34.0,66.0
2600.0,33,4.09375,7.625,32.0,62.0
2700.0,33,4.935483871,9.129032258,31.0,62.0
2800.0,33,6.727272727,9.848484848,33.0,62.0
2900.0,33,6.78125,10.0,32.0,62.0
3000.0,33,5.096774194,9.806451613,31.0,60.0
3100.0,33,6.6875,9.0,32.0,64.0
3200.0,33,6.166666667,8.333333333,30.0,64.0
3300.0,33,6.1875,7.59375,32.0,64.0
3400.0,33,6.411764706,7.0,34.0,64.0
3500.0,33,7.032258065,7.064516129,31.0,64.0
3600.0,33,7.542857143,7.914285714,35.0,66.0
3700.0,33,6.78125,8.53125,32.0,62.0
3800.0,33,6.53125,8.8125,32.0,62.0
3900.0,33,6.176470588,9.823529412,34.0,62.0
4000.0,33,7.181818182,9.818181818,33.0,64.0
4100.0,33,6.5,9.633333333,30.0,62.0
4200.0,33,6.03030303,10.51515152,33.0,64.0
4300.0,33,8.117647059,10.41176471,34.0,64.0
4400.0,33,7.272727273,10.63636364,33.0,62.0
4500.0,33,8.258064516,9.451612903,31.0,64.0
4600.0,33,9.8125,10.15625,32.0,62.0
4700.0,33,7.333333333,9.333333333,33.0,64.0
4800.0,33,7.46875,8.6875,32.0,62.0
4900.0,33,6.6,7.133333333,30.0,62.0
5000.0,33,6.575757576,5.696969697,33.0,64.0
5100.0,33,4.64516129,5.290322581,31.0,62.0
5200.0,33,2.96875,5.90625,32.0,64.0
5300.0,33,4.382352941,6.411764706,34.0,64.0
5400.0,33,4.34375,7.28125,32.0,62.0
5500.0,33,6.0625,7.3125,32.0,64.0
5600.0,33,7.176470588,7.235294118,34.0,64.0
5700.0,33,7.787878788,7.787878788,33.0,64.0
5800.0,33,6.294117647,6.5,34.0,62.0
5900.0,33,6.909090909,7.090909091,33.0,64.0
6000.0,33,8.096774194,5.483870968,31.0,62.0
6100.0,33,7.205882353,5.0,34.0,64.0
6200.0,33,6.515151515,4.909090909,33.0,62.0
6300.0,33,3.606060606,6.484848485,33.0,62.0
6400.0,33,1.5,4.882352941,34.0,64.0
6500.0,33,1.903225806,5.35483871,31.0,64.0
6600.0,33,0.0625,7.9375,32.0,64.0
6700.0,33,-1.181818182,7.848484848,33.0,64.0
6800.0,33,-2.78125,6.8125,32.0,66.0
6900.0,33,-2.75,7.96875,32.0,64.0
7000.0,33,-1.848484848,9.727272727,33.0,62.0
7100.0,33,-1.823529412,8.176470588,34.0,62.0
7200.0,33,0.0,8.5,32.0,62.0
7300.0,33,0.8235294118,9.235294118,34.0,66.0
7400.0,33,1.375,8.90625,32.0,64.0
7500.0,33,0.08333333333,10.41666667,36.0,66.0
7600.0,33,-0.3939393939,8.939393939,33.0,66.0
7700.0,33,-3.28125,9.90625,32.0,62.0
7800.0,33,-1.696969697,8.757575758,33.0,62.0
7900.0,33,-1.771428571,9.942857143,35.0,66.0
8000.0,33,1.0,10.5,32.0,62.0
8100.0,33,3.647058824,9.911764706,34.0,66.0
8200.0,33,5.03030303,10.21212121,33.0,64.0
8300.0,33,4.647058824,9.352941176,34.0,66.0
8400.0,33,5.114285714,7.885714286,35.0,64.0
8500.0,33,3.606060606,7.575757576,33.0,64.0
8600.0,33,1.935483871,6.806451613,31.0,62.0
8700.0,33,1.46875,5.3125,32.0,62.0
8800.0,33,3.0,5.371428571,35.0,64.0
8900.0,33,2.96969697,4.424242424,33.0,64.0
9000.0,33,0.09090909091,3.484848485,33.0,62.0
9100.0,33,4.0,6.588235294,34.0,64.0
9200.0,33,7.0,6.181818182,33.0,64.0
9300.0,33,8.1875,6.4375,32.0,64.0
9400.0,33,6.6875,7.0,32.0,64.0
9500.0,33,6.828571429,6.685714286,35.0,64.0
9600.0,33,8.5,7.125,32.0,62.0
9700.0,33,9.03125,7.46875,32.0,64.0
9800.0,33,8.35483871,9.0,31.0,64.0
9900.0,33,6.666666667,9.939393939,33.0,62.0
10000.0,33,7.090909091,10.21212121,33.0,64.0
0.0,34,4.0,4.0,37.0,64.0
100.0,34,4.848484848,3.787878788,33.0,64.0
200.0,34,4.545454545,2.787878788,33.0,62.0
300.0,34,5.533333333,5.233333333,30.0,60.0
400.0,34,5.911764706,4.029411765,34.0,64.0
500.0,34,7.96875,5.28125,32.0,62.0
600.0,34,7.757575758,5.666666667,33.0,62.0
700.0,34,10.12121212,6.909090909,33.0,64.0
800.0,34,10.46875,6.8125,32.0,62.0
900.0,34,11.03225806,6.580645161,31.0,62.0
1000.0,34,13.0625,5.75,32.0,64.0
1100.0,34,13.5,4.78125,32.0,64.0
1200.0,34,12.1875,3.65625,32.0,66.0
1300.0,34,12.6875,2.625,32.0,62.0
1400.0,34,9.848484848,3.212121212,33.0,64.0
1500.0,34,11.53125,3.65625,32.0,64.0
1600.0,34,9.735294118,5.323529412,34.0,64.0
1700.0,34,8.636363636,6.0,33.0,64.0
1800.0,34,9.5625,7.4375,32.0,62.0
1900.0,34,10.5,7.323529412,34.0,66.0
2000.0,34,12.5,6.0,32.0,62.0
2100.0,34,13.46875,5.84375,32.0,62.0
2200.0,34,14.44117647,5.735294118,34.0,64.0
2300.0,34,14.375,6.90625,32.0,62.0
2400.0,34,14.25,6.28125,32.0,64.0
2500.0,34,15.06060606,6.333333333,33.0,62.0
2600.0,34,16.25,6.125,32.0,64.0
2700.0,34,13.59375,3.75,32.0,64.0
2800.0,34,14.27272727,2.303030303,33.0,64.0
2900.0,34,11.90625,2.75,32.0,62.0
3000.0,34,11.54545455,5.090909091,33.0,64.0
3100.0,34,11.71875,3.25,32.0,62.0
3200.0,34,11.88235294,4.058823529,34.0,64.0
3300.0,34,8.8,6.542857143,35.0,66.0
3400.0,34,7.441176471,7.411764706,34.0,64.0
3500.0,34,6.939393939,8.666666667,33.0,62.0
3600.0,34,8.363636364,8.909090909,33.0,64.0
3700.0,34,7.424242424,5.939393939,33.0,64.0
3800.0,34,7.727272727,6.575757576,33.0,64.0
3900.0,34,5.545454545,8.272727273,33.0,64.0
4000.0,34,3.735294118,8.911764706,34.0,64.0
4100.0,34,2.6875,6.96875,32.0,62.0
4200.0,34,3.382352941,7.264705882,34.0,66.0
4300.0,34,3.941176471,7.117647059,34.0,64.0
4400.0,34,2.5625,6.125,32.0,62.0
4500.0,34,2.121212121,3.666666667,33.0,64.0
4600.0,34,2.46875,5.25,32.0,62.0
4700.0,34,0.8125,7.09375,32.0,64.0
4800.0,34,-0.303030303,6.515151515,33.0,64.0
4900.0,34,-0.9,6.066666667,30.0,64.0
5000.0,34,-2.757575758,6.909090909,33.0,62.0
5100.0,34,-2.1875,7.5625,32.0,62.0
5200.0,34,-2.617647059,7.617647059,34.0,64.0
5300.0,34,0.5,6.705882353,34.0,62.0
5400.0,34,1.823529412,6.647058824,34.0,64.0
5500.0,34,1.818181818,5.636363636,33.0,64.0
5600.0,34,3.0,6.828571429,35.0,64.0
5700.0,34,3.4375,5.71875,32.0,62.0
5800.0,34,2.411764706,5.823529412,34.0,64.0
5900.0,34,0.9705882353,4.382352941,34.0,64.0
6000.0,34,5.25,3.75,32.0,62.0
6100.0,34,5.264705882,2.676470588,34.0,64.0
6200.0,34,1.909090909,0.7272727273,33.0,64.0
6300.0,34,3.903225806,0.1290322581,31.0,62.0
6400.0,34,2.529411765,-1.352941176,34.0,64.0
6500.0,34,1.875,-1.0625,32.0,62.0
6600.0,34,3.090909091,-0.09090909091,33.0,64.0
6700.0,34,2.939393939,0.8787878788,33.0,66.0
6800.0,34,2.0,-0.3225806452,31.0,62.0
6900.0,34,-0.2857142857,-2.057142857,35.0,64.0
7000.0,34,-2.272727273,-1.878787879,33.0,66.0
7100.0,34,0.0,-1.352941176,34.0,64.0
7200.0,34,-0.1212121212,-1.0,33.0,64.0
7300.0,34,1.03125,-1.625,32.0,62.0
7400.0,34,1.666666667,-0.5454545455,33.0,64.0
7500.0,34,1.90625,-1.71875,32.0,64.0
7600.0,34,2.6875,-3.28125,32.0,62.0
7700.0,34,5.454545455,-2.909090909,33.0,62.0
7800.0,34,3.483870968,-4.516129032,31.0,62.0
7900.0,34,2.84375,-5.625,32.0,60.0
8000.0,34,3.0,-7.4,35.0,64.0
8100.0,34,1.393939394,-8.909090909,33.0,66.0
8200.0,34,1.125,-8.375,32.0,64.0
8300.0,34,1.5,-9.59375,32.0,64.0
8400.0,34,1.941176471,-11.35294118,34.0,64.0
8500.0,34,1.382352941,-11.02941176,34.0,64.0
8600.0,34,0.6470588235,-11.35294118,34.0,64.0
8700.0,34,0.3529411765,-9.647058824,34.0,64.0
8800.0,34,-0.6451612903,-8.516129032,31.0,60.0
8900.0,34,0.2580645161,-9.225806452,31.0,64.0
9000.0,34,1.21875,-8.0625,32.0,62.0
9100.0,34,0.9411764706,-6.529411765,34.0,64.0
9200.0,34,0.1290322581,-5.677419355,31.0,62.0
9300.0,34,0.6060606061,-5.212121212,33.0,64.0
9400.0,34,1.5,-3.705882353,34.0,62.0
9500.0,34,0.53125,-4.5625,32.0,64.0
9600.0,34,0.9117647059,-5.0,34.0,64.0
9700.0,34,1.194444444,-4.25,36.0,66.0
9800.0,34,2.03030303,-4.363636364,33.0,64.0
9900.0,34,-0.09090909091,-4.696969697,33.0,62.0
10000.0,34,0.65625,-2.5,32.0,66.0
0.0,35,4.0,4.0,37.0,64.0
100.0,35,3.78125,4.15625,32.0,64.0
200.0,35,1.272727273,4.03030303,33.0,64.0
300.0,35,1.441176471,5.411764706,34.0,66.0
400.0,35,-0.05882352941,6.558823529,34.0,64.0
500.0,35,0.7428571429,7.114285714,35.0,64.0
600.0,35,-0.0303030303,6.363636364,33.0,64.0
700.0,35,0.7096774194,5.451612903,31.0,62.0
800.0,35,1.257142857,4.885714286,35.0,64.0
900.0,35,0.4848484848,4.363636364,33.0,64.0
1000.0,35,0.28125,6.1875,32.0,64.0
1100.0,35,-0.8235294118,7.764705882,34.0,64.0
1200.0,35,-0.3823529412,6.970588235,34.0,64.0
1300.0,35,-1.65625,8.96875,32.0,62.0
1400.0,35,-3.53125,9.4375,32.0,64.0
1500.0,35,-2.628571429,9.228571429,35.0,64.0
1600.0,35,-2.21875,7.78125,32.0,66.0
1700.0,35,-0.1764705882,8.764705882,34.0,64.0
1800.0,35,-3.1875,9.53125,32.0,62.0
1900.0,35,-5.375,8.75,32.0,64.0
2000.0,35,-6.2,8.085714286,35.0,64.0
2100.0,35,-6.764705882,6.764705882,34.0,64.0
2200.0,35,-6.628571429,6.942857143,35.0,66.0
2300.0,35,-7.4375,7.15625,32.0,62.0
2400.0,35,-6.064516129,7.580645161,31.0,62.0
2500.0,35,-5.606060606,7.181818182,33.0,64.0
2600.0,35,-6.558823529,7.588235294,34.0,66.0
2700.0,35,-4.21875,9.46875,32.0,62.0
2800.0,35,-5.6875,11.03125,32.0,64.0
2900.0,35,-6.125,11.4375,32.0,62.0
3000.0,35,-4.64516129,10.58064516,31.0,64.0
3100.0,35,-4.818181818,9.181818182,33.0,64.0
3200.0,35,-7.0,9.0,35.0,64.0
3300.0,35,-6.441176471,9.941176471,34.0,64.0
3400.0,35,-7.090909091,10.54545455,33.0,62.0
3500.0,35,-6.696969697,12.24242424,33.0,64.0
3600.0,35,-7.78125,12.0,32.0,64.0
3700.0,35,-6.264705882,13.0,34.0,62.0
3800.0,35,-7.382352941,14.82352941,34.0,64.0
3900.0,35,-8.088235294,14.85294118,34.0,64.0
4000.0,35,-9.1875,16.5625,32.0,66.0
4100.0,35,-8.5625,16.71875,32.0,66.0
4200.0,35,-8.0,18.26470588,34.0,64.0
4300.0,35,-8.212121212,19.45454545,33.0,62.0
4400.0,35,-7.272727273,20.09090909,33.0,64.0
4500.0,35,-7.59375,19.78125,32.0,64.0
4600.0,35,-5.0,22.09375,32.0,64.0
4700.0,35,-3.088235294,22.41176471,34.0,64.0
4800.0,35,-2.0,23.36363636,33.0,64.0
4900.0,35,-1.451612903,22.70967742,31.0,62.0
5000.0,35,-1.09375,22.03125,32.0,62.0
5100.0,35,0.28125,20.96875,32.0,62.0
5200.0,35,0.303030303,21.90909091,33.0,62.0
5300.0,35,1.0,21.32352941,34.0,64.0
5400.0,35,2.228571429,22.62857143,35.0,64.0
5500.0,35,0.75,21.09375,32.0,62.0
5600.0,35,1.64516129,20.93548387,31.0,60.0
5700.0,35,3.133333333,19.43333333,30.0,62.0
5800.0,35,5.542857143,20.42857143,35.0,64.0
5900.0,35,5.742857143,19.02857143,35.0,66.0
6000.0,35,7.28125,16.34375,32.0,62.0
6100.0,35,7.8125,16.1875,32.0,62.0
6200.0,35,8.064516129,17.0,31.0,64.0
6300.0,35,9.727272727,17.33333333,33.0,64.0
6400.0,35,10.20689655,16.86206897,29.0,62.0
6500.0,35,10.70588235,18.79411765,34.0,64.0
6600.0,35,11.5,21.0,34.0,62.0
6700.0,35,10.36666667,20.3,30.0,62.0
6800.0,35,9.15625,21.1875,32.0,62.0
6900.0,35,6.375,20.75,32.0,64.0
7000.0,35,7.294117647,19.88235294,34.0,66.0
7100.0,35,8.454545455,18.60606061,33.0,64.0
7200.0,35,7.84375,18.1875,32.0,62.0
7300.0,35,9.060606061,18.42424242,33.0,62.0
7400.0,35,7.6,17.6,30.0,64.0
7500.0,35,9.03125,16.71875,32.0,62.0
7600.0,35,9.151515152,16.60606061,33.0,64.0
7700.0,35,10.23529412,16.70588235,34.0,66.0
7800.0,35,9.870967742,17.41935484,31.0,62.0
7900.0,35,10.9375,19.09375,32.0,64.0
8000.0,35,9.454545455,19.90909091,33.0,64.0
8100.0,35,8.5,20.46875,32.0,64.0
8200.0,35,8.212121212,21.87878788,33.0,66.0
8300.0,35,8.375,23.21875,32.0,64.0
8400.0,35,9.694444444,22.97222222,36.0,64.0
8500.0,35,9.696969697,23.75757576,33.0,62.0
8600.0,35,10.62068966,22.82758621,29.0,60.0
8700.0,35,13.28125,23.96875,32.0,62.0
8800.0,35,11.65625,22.03125,32.0,66.0
8900.0,35,11.74193548,23.03225806,31.0,64.0
9000.0,35,11.375,22.21875,32.0,62.0
9100.0,35,11.15151515,24.15151515,33.0,62.0
9200.0,35,12.70967742,25.0,31.0,62.0
9300.0,35,11.23529412,24.23529412,34.0,64.0
9400.0,35,11.39393939,24.48484848,33.0,62.0
9500.0,35,12.25,25.5,32.0,62.0
9600.0,35,10.16666667,22.76666667,30.0,62.0
9700.0,35,8.228571429,24.14285714,35.0,66.0
9800.0,35,7.6875,24.75,32.0,64.0
9900.0,35,6.548387097,23.87096774,31.0,62.0
10000.0,35,4.5625,24.71875,32.0,62.0
0.0,36,4.0,4.0,37.0,64.0
100.0,36,4.933333333,4.3,30.0,62.0
200.0,36,5.9375,1.09375,32.0,64.0
300.0,36,5.935483871,3.612903226,31.0,64.0
400.0,36,7.545454545,3.090909091,33.0,62.0
500.0,36,8.53125,3.28125,32.0,64.0
600.0,36,9.0,3.757575758,33.0,66.0
700.0,36,10.8125,3.1875,32.0,64.0
800.0,36,10.03030303,2.545454545,33.0,64.0
900.0,36,9.264705882,4.0,34.0,62.0
1000.0,36,5.454545455,2.909090909,33.0,64.0
1100.0,36,3.5,3.833333333,36.0,66.0
1200.0,36,0.7352941176,4.705882353,34.0,64.0
1300.0,36,0.8484848485,6.515151515,33.0,62.0
1400.0,36,2.205882353,4.970588235,34.0,66.0
1500.0,36,2.305555556,5.055555556,36.0,66.0
1600.0,36,1.735294118,5.352941176,34.0,64.0
1700.0,36,1.823529412,6.852941176,34.0,64.0
1800.0,36,0.9375,6.125,32.0,62.0
1900.0,36,3.28125,5.78125,32.0,62.0
2000.0,36,2.090909091,4.696969697,33.0,62.0
2100.0,36,2.088235294,4.264705882,34.0,64.0
2200.0,36,4.548387097,4.838709677,31.0,64.0
2300.0,36,5.71875,6.03125,32.0,64.0
2400.0,36,6.125,4.5,32.0,64.0
2500.0,36,5.909090909,6.515151515,33.0,62.0
2600.0,36,5.151515152,6.424242424,33.0,64.0
2700.0,36,3.606060606,7.03030303,33.0,66.0
2800.0,36,4.333333333,7.060606061,33.0,62.0
2900.0,36,3.242424242,7.909090909,33.0,64.0
3000.0,36,3.818181818,7.96969697,33.0,62.0
3100.0,36,4.852941176,8.294117647,34.0,64.0
3200.0,36,4.5,8.294117647,34.0,62.0
3300.0,36,3.741935484,8.419354839,31.0,62.0
3400.0,36,6.411764706,7.382352941,34.0,66.0
3500.0,36,7.84375,7.53125,32.0,64.0
3600.0,36,7.457142857,8.085714286,35.0,64.0
3700.0,36,6.875,9.09375,32.0,62.0
3800.0,36,5.909090909,9.696969697,33.0,62.0
3900.0,36,4.75,10.46875,32.0,62.0
4000.0,36,4.838709677,10.22580645,31.0,64.0
4100.0,36,7.193548387,12.06451613,31.0,62.0
4200.0,36,7.483870968,13.77419355,31.0,62.0
4300.0,36,4.625,14.03125,32.0,62.0
4400.0,36,5.0,13.51724138,29.0,62.0
4500.0,36,4.470588235,12.14705882,34.0,66.0
4600.0,36,1.117647059,10.17647059,34.0,64.0
4700.0,36,1.411764706,9.441176471,34.0,64.0
4800.0,36,-1.741935484,7.483870968,31.0,62.0
4900.0,36,-0.5625,5.5625,32.0,62.0
5000.0,36,-2.909090909,4.181818182,33.0,64.0
5100.0,36,-2.125,1.4375,32.0,62.0
5200.0,36,-2.909090909,2.696969697,33.0,62.0
5300.0,36,-4.5,4.0,34.0,62.0
5400.0,36,-5.121212121,1.424242424,33.0,66.0
5500.0,36,-2.64516129,3.096774194,31.0,64.0
5600.0,36,-3.676470588,3.0,34.0,64.0
5700.0,36,-4.484848485,1.151515152,33.0,62.0
5800.0,36,-4.323529412,0.4411764706,34.0,64.0
5900.0,36,-5.0,1.823529412,34.0,64.0
6000.0,36,-4.78125,2.65625,32.0,62.0
6100.0,36,-4.545454545,2.636363636,33.0,64.0
6200.0,36,-4.787878788,2.272727273,33.0,64.0
6300.0,36,-4.15625,1.1875,32.0,64.0
6400.0,36,-1.290322581,2.35483871,31.0,62.0
6500.0,36,0.1515151515,1.909090909,33.0,64.0
6600.0,36,-0.9032258065,1.870967742,31.0,62.0
6700.0,36,1.65625,3.0,32.0,64.0
6800.0,36,1.9,2.866666667,30.0,62.0
6900.0,36,0.8181818182,0.0303030303,33.0,62.0
7000.0,36,0.9375,-1.625,32.0,64.0
7100.0,36,1.875,-1.84375,32.0,62.0
7200.0,36,0.9117647059,-0.3235294118,34.0,64.0
7300.0,36,0.25,-1.1875,32.0,62.0
7400.0,36,-2.0,-1.387096774,31.0,62.0
7500.0,36,-0.4848484848,-1.575757576,33.0,64.0
7600.0,36,0.2727272727,-0.4848484848,33.0,64.0
7700.0,36,1.303030303,-0.09090909091,33.0,62.0
7800.0,36,2.225806452,-2.35483871,31.0,64.0
7900.0,36,1.242424242,-2.424242424,33.0,64.0
8000.0,36,0.2,-0.6333333333,30.0,62.0
8100.0,36,0.0625,-1.875,32.0,62.0
8200.0,36,0.3225806452,-2.612903226,31.0,62.0
8300.0,36,-0.7741935484,-1.451612903,31.0,64.0
8400.0,36,-1.0625,-1.96875,32.0,64.0
8500.0,36,-0.8787878788,-1.393939394,33.0,64.0
8600.0,36,-0.375,-1.125,32.0,64.0
8700.0,36,-1.866666667,-2.1,30.0,64.0
8800.0,36,-0.6451612903,-2.258064516,31.0,64.0
8900.0,36,-1.0,-6.676470588,34.0,64.0
9000.0,36,-0.5757575758,-5.090909091,33.0,64.0
9100.0,36,0.8709677419,-6.35483871,31.0,64.0
9200.0,36,3.757575758,-6.121212121,33.0,64.0
9300.0,36,2.03030303,-7.606060606,33.0,64.0
9400.0,36,1.1875,-8.5625,32.0,62.0
9500.0,36,2.84375,-7.5625,32.0,64.0
9600.0,36,2.290322581,-8.64516129,31.0,64.0
9700.0,36,2.676470588,-9.588235294,34.0,64.0
9800.0,36,1.527777778,-7.25,36.0,66.0
9900.0,36,1.176470588,-7.382352941,34.0,64.0
10000.0,36,0.8064516129,-8.096774194,31.0,62.0
0.0,37,4.0,4.0,37.0,64.0
100.0,37,3.166666667,2.7,30.0,64.0
200.0,37,1.818181818,1.818181818,33.0,64.0
300.0,37,2.970588235,1.764705882,34.0,64.0
400.0,37,0.0,1.0,31.0,64.0
500.0,37,0.8484848485,1.212121212,33.0,64.0
600.0,37,0.5806451613,1.870967742,31.0,62.0
700.0,37,1.625,2.5,32.0,62.0
800.0,37,3.34375,3.8125,32.0,64.0
900.0,37,3.935483871,3.451612903,31.0,64.0
1000.0,37,3.4375,5.53125,32.0,64.0
1100.0,37,5.176470588,5.823529412,34.0,62.0
1200.0,37,6.848484848,6.484848485,33.0,62.0
1300.0,37,6.428571429,6.914285714,35.0,64.0
1400.0,37,6.147058824,6.352941176,34.0,64.0
1500.0,37,5.838709677,7.806451613,31.0,64.0
1600.0,37,5.78125,9.375,32.0,62.0
1700.0,37,6.064516129,10.16129032,31.0,62.0
1800.0,37,7.28125,11.15625,32.0,64.0
1900.0,37,6.875,11.40625,32.0,64.0
2000.0,37,7.4375,11.4375,32.0,62.0
2100.0,37,6.424242424,10.09090909,33.0,64.0
2200.0,37,6.75,10.65625,32.0,64.0
2300.0,37,4.96875,10.1875,32.0,64.0
2400.0,37,6.033333333,12.5,30.0,64.0
2500.0,37,7.733333333,10.1,30.0,64.0
2600.0,37,7.727272727,9.090909091,33.0,64.0
2700.0,37,10.16129032,8.35483871,31.0,62.0
2800.0,37,9.0625,9.53125,32.0,62.0
2900.0,37,10.0,8.828571429,35.0,64.0
3000.0,37,10.28125,9.40625,32.0,64.0
3100.0,37,8.909090909,8.696969697,33.0,62.0
3200.0,37,7.794117647,10.35294118,34.0,66.0
3300.0,37,9.1875,10.90625,32.0,64.0
3400.0,37,10.38709677,10.16129032,31.0,62.0
3500.0,37,10.05882353,8.323529412,34.0,66.0
3600.0,37,8.454545455,8.212121212,33.0,62.0
3700.0,37,8.03030303,9.727272727,33.0,64.0
3800.0,37,8.9375,8.625,32.0,64.0
3900.0,37,7.46875,9.4375,32.0,62.0
4000.0,37,8.032258065,10.77419355,31.0,62.0
4100.0,37,8.3125,11.28125,32.0,62.0
4200.0,37,9.294117647,11.17647059,34.0,64.0
4300.0,37,9.571428571,10.62857143,35.0,64.0
4400.0,37,10.41176471,8.235294118,34.0,64.0
4500.0,37,10.875,7.78125,32.0,62.0
4600.0,37,13.25,5.53125,32.0,62.0
4700.0,37,13.77419355,4.387096774,31.0,62.0
4800.0,37,11.22857143,5.457142857,35.0,66.0
4900.0,37,11.71875,5.59375,32.0,62.0
5000.0,37,11.5483871,7.935483871,31.0,64.0
5100.0,37,11.48571429,7.6,35.0,64.0
5200.0,37,12.53125,7.84375,32.0,62.0
5300.0,37,13.5,8.117647059,34.0,64.0
5400.0,37,13.25806452,6.774193548,31.0,62.0
5500.0,37,15.72727273,6.272727273,33.0,64.0
5600.0,37,15.90625,8.34375,32.0,62.0
5700.0,37,16.82352941,7.764705882,34.0,64.0
5800.0,37,17.74193548,7.064516129,31.0,64.0
5900.0,37,16.8125,7.1875,32.0,62.0
6000.0,37,15.41176471,9.176470588,34.0,64.0
6100.0,37,15.47058824,12.17647059,34.0,66.0
6200.0,37,15.93939394,10.33333333,33.0,62.0
6300.0,37,14.1875,10.5625,32.0,64.0
6400.0,37,12.46666667,10.0,30.0,62.0
6500.0,37,14.25,8.8125,32.0,62.0
6600.0,37,12.78787879,7.242424242,33.0,64.0
6700.0,37,13.46875,8.90625,32.0,64.0
6800.0,37,14.27272727,8.636363636,33.0,62.0
6900.0,37,16.09090909,9.848484848,33.0,62.0
7000.0,37,17.48387097,8.838709677,31.0,62.0
7100.0,37,17.51612903,8.741935484,31.0,62.0
7200.0,37,17.0,7.939393939,33.0,64.0
7300.0,37,18.96875,8.28125,32.0,64.0
7400.0,37,18.48484848,10.60606061,33.0,62.0
7500.0,37,17.0,9.8125,32.0,62.0
7600.0,37,17.03030303,11.81818182,33.0,62.0
7700.0,37,16.06060606,14.57575758,33.0,62.0
7800.0,37,15.25,16.40625,32.0,64.0
7900.0,37,18.09677419,15.80645161,31.0,60.0
8000.0,37,19.36363636,15.51515152,33.0,64.0
8100.0,37,18.9375,15.375,32.0,62.0
8200.0,37,15.58064516,16.4516129,31.0,62.0
8300.0,37,12.70967742,16.93548387,31.0,62.0
8400.0,37,14.84848485,17.33333333,33.0,64.0
8500.0,37,13.74285714,19.34285714,35.0,66.0
8600.0,37,13.47058824,18.05882353,34.0,64.0
8700.0,37,15.41935484,18.4516129,31.0,62.0
8800.0,37,15.27272727,17.27272727,33.0,64.0
8900.0,37,15.83333333,17.06666667,30.0,60.0
9000.0,37,16.72727273,16.18181818,33.0,62.0
9100.0,37,17.57575758,15.06060606,33.0,64.0
9200.0,37,18.02941176,15.76470588,34.0,64.0
9300.0,37,19.93939394,16.63636364,33.0,64.0
9400.0,37,19.78787879,17.72727273,33.0,64.0
9500.0,37,20.53333333,18.66666667,30.0,64.0
9600.0,37,20.71875,17.3125,32.0,62.0
9700.0,37,21.09090909,15.6969697,33.0,62.0
9800.0,37,23.23529412,16.55882353,34.0,64.0
9900.0,37,21.70967742,15.41935484,31.0,66.0
10000.0,37,21.91666667,16.25,36.0,66.0
0.0,38,4.0,4.0,37.0,64.0
100.0,38,2.606060606,4.212121212,33.0,64.0
200.0,38,4.548387097,4.193548387,31.0,62.0
300.0,38,4.161290323,5.064516129,31.0,62.0
400.0,38,4.125,7.4375,32.0,64.0
500.0,38,2.0,5.515151515,33.0,64.0
600.0,38,2.117647059,6.117647059,34.0,64.0
700.0,38,1.0,5.735294118,34.0,62.0
800.0,38,2.3125,6.25,32.0,64.0
900.0,38,1.516129032,6.032258065,31.0,62.0
1000.0,38,-1.757575758,5.575757576,33.0,62.0
1100.0,38,-3.46875,3.3125,32.0,64.0
1200.0,38,-3.090909091,4.212121212,33.0,62.0
1300.0,38,-5.0625,6.8125,32.0,64.0
1400.0,38,-6.4,7.314285714,35.0,64.0
1500.0,38,-7.705882353,8.5,34.0,62.0
1600.0,38,-6.0625,8.3125,32.0,64.0
1700.0,38,-5.0625,7.09375,32.0,64.0
1800.0,38,-5.0,5.411764706,34.0,64.0
1900.0,38,-4.709677419,3.677419355,31.0,64.0
2000.0,38,-4.823529412,0.5,34.0,66.0
2100.0,38,-5.0,0.08823529412,34.0,64.0
2200.0,38,-4.612903226,0.8064516129,31.0,62.0
2300.0,38,-4.575757576,1.424242424,33.0,62.0
2400.0,38,-5.419354839,0.4838709677,31.0,62.0
2500.0,38,-4.806451613,-0.9677419355,31.0,62.0
2600.0,38,-2.65625,-0.96875,32.0,62.0
2700.0,38,-1.516129032,-1.548387097,31.0,64.0
2800.0,38,-2.636363636,-0.6666666667,33.0,66.0
2900.0,38,-1.90625,-0.6875,32.0,62.0
3000.0,38,-0.696969697,0.4545454545,33.0,64.0
3100.0,38,-1.71875,0.65625,32.0,64.0
3200.0,38,-1.058823529,5.323529412,34.0,64.0
3300.0,38,-1.939393939,5.424242424,33.0,62.0
3400.0,38,-2.03030303,7.575757576,33.0,62.0
3500.0,38,0.03225806452,6.161290323,31.0,64.0
3600.0,38,0.0,6.741935484,31.0,62.0
3700.0,38,-1.46875,6.03125,32.0,64.0
3800.0,38,-1.636363636,4.666666667,33.0,64.0
3900.0,38,-0.2903225806,5.64516129,31.0,62.0
4000.0,38,0.5862068966,6.655172414,29.0,62.0
4100.0,38,0.0625,8.5625,32.0,64.0
4200.0,38,1.914285714,7.8,35.0,64.0
4300.0,38,2.96969697,7.696969697,33.0,66.0
4400.0,38,3.0,8.970588235,34.0,66.0
4500.0,38,4.625,8.28125,32.0,64.0
4600.0,38,5.727272727,9.151515152,33.0,62.0
4700.0,38,5.5,8.823529412,34.0,66.0
4800.0,38,4.78125,8.28125,32.0,64.0
4900.0,38,3.28125,9.59375,32.0,64.0
5000.0,38,2.741935484,8.0,31.0,62.0
5100.0,38,2.911764706,7.235294118,34.0,64.0
5200.0,38,2.676470588,6.088235294,34.0,64.0
5300.0,38,3.0,6.875,32.0,62.0
5400.0,38,3.03125,5.90625,32.0,64.0
5500.0,38,3.09375,5.65625,32.0,62.0
5600.0,38,2.8125,5.0,32.0,62.0
5700.0,38,2.46875,3.4375,32.0,62.0
5800.0,38,2.516129032,2.838709677,31.0,64.0
5900.0,38,2.03125,2.375,32.0,64.0
6000.0,38,1.0,0.125,32.0,62.0
6100.0,38,1.942857143,-0.4285714286,35.0,64.0
6200.0,38,0.5757575758,-1.909090909,33.0,64.0
6300.0,38,-1.0,-0.06060606061,33.0,64.0
6400.0,38,0.2121212121,-0.4545454545,33.0,62.0
6500.0,38,1.147058824,-0.2352941176,34.0,64.0
6600.0,38,0.0,1.117647059,34.0,64.0
6700.0,38,1.882352941,0.5,34.0,64.0
6800.0,38,2.40625,1.25,32.0,64.0
6900.0,38,3.9375,2.125,32.0,62.0
7000.0,38,5.823529412,3.558823529,34.0,64.0
7100.0,38,3.314285714,1.285714286,35.0,66.0
7200.0,38,2.242424242,3.636363636,33.0,64.0
7300.0,38,3.882352941,6.0,34.0,64.0
7400.0,38,4.129032258,5.903225806,31.0,64.0
7500.0,38,5.15625,4.5625,32.0,64.0
7600.0,38,6.09375,5.375,32.0,62.0
7700.0,38,7.090909091,6.696969697,33.0,62.0
7800.0,38,5.75,6.5625,32.0,64.0
7900.0,38,5.454545455,6.212121212,33.0,64.0
8000.0,38,4.75,7.28125,32.0,62.0
8100.0,38,2.914285714,5.685714286,35.0,64.0
8200.0,38,4.911764706,5.970588235,34.0,64.0
8300.0,38,5.34375,7.8125,32.0,64.0
8400.0,38,7.225806452,5.838709677,31.0,62.0
8500.0,38,8.323529412,4.588235294,34.0,64.0
8600.0,38,7.424242424,4.242424242,33.0,64.0
8700.0,38,7.40625,3.9375,32.0,64.0
8800.0,38,6.806451613,3.064516129,31.0,64.0
8900.0,38,7.205882353,3.735294118,34.0,64.0
9000.0,38,7.264705882,3.0,34.0,62.0
9100.0,38,8.636363636,2.96969697,33.0,64.0
9200.0,38,10.71875,4.65625,32.0,62.0
9300.0,38,11.70967742,7.580645161,31.0,62.0
9400.0,38,12.90625,9.09375,32.0,64.0
9500.0,38,13.5,8.794117647,34.0,64.0
9600.0,38,13.31034483,10.5862069,29.0,62.0
9700.0,38,14.09090909,10.63636364,33.0,66.0
9800.0,38,15.5,12.29411765,34.0,62.0
9900.0,38,16.53333333,11.0,30.0,62.0
10000.0,38,17.36666667,9.766666667,30.0,62.0
0.0,39,4.0,4.0,37.0,64.0
100.0,39,3.59375,5.28125,32.0,62.0
200.0,39,5.09375,6.6875,32.0,62.0
300.0,39,3.258064516,7.677419355,31.0,62.0
400.0,39,3.580645161,7.258064516,31.0,64.0
500.0,39,1.470588235,8.058823529,34.0,64.0
600.0,39,0.2432432432,7.594594595,37.0,66.0
700.0,39,-1.235294118,6.852941176,34.0,66.0
800.0,39,-3.166666667,7.033333333,30.0,64.0
900.0,39,-4.575757576,6.333333333,33.0,62.0
1000.0,39,-2.65625,4.71875,32.0,62.0
1100.0,39,-2.121212121,6.96969697,33.0,64.0
1200.0,39,-1.757575758,6.909090909,33.0,62.0
1300.0,39,-3.24137931,7.24137931,29.0,62.0
1400.0,39,-1.939393939,7.424242424,33.0,62.0
1500.0,39,-2.117647059,5.5,34.0,66.0
1600.0,39,0.125,6.15625,32.0,64.0
1700.0,39,0.03125,5.65625,32.0,62.0
1800.0,39,-2.4375,2.8125,32.0,62.0
1900.0,39,-0.8125,2.5,32.0,62.0
2000.0,39,-0.9166666667,1.972222222,36.0,64.0
2100.0,39,-0.06451612903,3.064516129,31.0,62.0
2200.0,39,1.696969697,3.818181818,33.0,64.0
2300.0,39,1.516129032,3.483870968,31.0,62.0
2400.0,39,2.764705882,4.441176471,34.0,64.0
2500.0,39,3.393939394,4.151515152,33.0,64.0
2600.0,39,3.34375,3.90625,32.0,64.0
2700.0,39,3.545454545,1.96969697,33.0,64.0
2800.0,39,3.09375,-0.625,32.0,62.0
2900.0,39,4.942857143,-3.028571429,35.0,66.0
3000.0,39,4.0,-1.882352941,34.0,64.0
3100.0,39,4.1,-3.766666667,30.0,62.0
3200.0,39,1.852941176,-3.764705882,34.0,64.0
3300.0,39,-0.59375,-3.4375,32.0,64.0
3400.0,39,-0.6666666667,-2.424242424,33.0,64.0
3500.0,39,-1.4375,-2.3125,32.0,62.0
3600.0,39,-4.818181818,-0.6666666667,33.0,64.0
3700.0,39,-6.121212121,-0.8181818182,33.0,64.0
3800.0,39,-6.794117647,-1.647058824,34.0,66.0
3900.0,39,-6.774193548,-0.4516129032,31.0,64.0
4000.0,39,-6.1875,-1.25,32.0,62.0
4100.0,39,-5.545454545,-1.121212121,33.0,64.0
4200.0,39,-7.939393939,-0.3636363636,33.0,66.0
4300.0,39,-8.424242424,-2.757575758,33.0,62.0
4400.0,39,-9.852941176,-4.235294118,34.0,66.0
4500.0,39,-8.96969697,-3.848484848,33.0,64.0
4600.0,39,-7.264705882,-3.823529412,34.0,64.0
4700.0,39,-8.939393939,-3.363636364,33.0,64.0
4800.0,39,-9.533333333,-3.133333333,30.0,62.0
4900.0,39,-11.58064516,-1.870967742,31.0,62.0
5000.0,39,-12.25,0.28125,32.0,62.0
5100.0,39,-11.84848485,1.848484848,33.0,64.0
5200.0,39,-12.0,0.6060606061,33.0,64.0
5300.0,39,-12.71875,0.25,32.0,62.0
5400.0,39,-13.35483871,0.4838709677,31.0,62.0
5500.0,39,-13.4,0.6666666667,30.0,64.0
5600.0,39,-11.67647059,0.7647058824,34.0,64.0
5700.0,39,-13.87096774,-0.3870967742,31.0,64.0
5800.0,39,-14.54285714,-2.2,35.0,64.0
5900.0,39,-16.36363636,-1.727272727,33.0,62.0
6000.0,39,-17.3125,-3.34375,32.0,64.0
6100.0,39,-17.15625,-5.375,32.0,60.0
6200.0,39,-17.21875,-4.40625,32.0,64.0
6300.0,39,-18.06666667,-5.4,30.0,62.0
6400.0,39,-18.38709677,-6.451612903,31.0,64.0
6500.0,39,-17.34375,-6.5625,32.0,64.0
6600.0,39,-17.85294118,-7.617647059,34.0,64.0
6700.0,39,-16.40625,-6.34375,32.0,64.0
6800.0,39,-17.27272727,-5.818181818,33.0,64.0
6900.0,39,-15.0,-4.5,34.0,62.0
7000.0,39,-16.60606061,-4.848484848,33.0,64.0
7100.0,39,-17.90909091,-4.393939394,33.0,64.0
7200.0,39,-18.03125,-2.96875,32.0,66.0
7300.0,39,-16.5483871,-4.161290323,31.0,62.0
7400.0,39,-17.85294118,-2.941176471,34.0,64.0
7500.0,39,-18.40625,-1.71875,32.0,64.0
7600.0,39,-19.41935484,-1.129032258,31.0,62.0
7700.0,39,-20.14705882,-1.588235294,34.0,64.0
7800.0,39,-18.61290323,-0.1290322581,31.0,62.0
7900.0,39,-18.75,-0.15625,32.0,66.0
8000.0,39,-18.6875,0.90625,32.0,64.0
8100.0,39,-18.54545455,3.606060606,33.0,64.0
8200.0,39,-19.11764706,3.235294118,34.0,64.0
8300.0,39,-19.80645161,4.580645161,31.0,64.0
8400.0,39,-21.53125,4.75,32.0,62.0
8500.0,39,-22.41176471,4.647058824,34.0,64.0
8600.0,39,-23.0,5.40625,32.0,62.0
8700.0,39,-20.41176471,5.558823529,34.0,64.0
8800.0,39,-21.27272727,5.666666667,33.0,64.0
8900.0,39,-22.83333333,4.3,30.0,62.0
9000.0,39,-22.06451613,4.032258065,31.0,62.0
9100.0,39,-21.67741935,3.387096774,31.0,62.0
9200.0,39,-22.375,3.84375,32.0,60.0
9300.0,39,-22.13333333,3.533333333,30.0,62.0
9400.0,39,-21.9375,4.84375,32.0,66.0
9500.0,39,-24.84848485,3.727272727,33.0,62.0
9600.0,39,-26.85294118,2.382352941,34.0,66.0
9700.0,39,-23.77142857,3.342857143,35.0,64.0
9800.0,39,-23.9375,1.71875,32.0,64.0
9900.0,39,-21.51515152,-0.09090909091,33.0,62.0
10000.0,39,-20.5,-0.8125,32.0,62.0
0.0,40,4.0,4.0,37.0,64.0
100.0,40,5.258064516,7.225806452,31.0,62.0
200.0,40,2.709677419,8.741935484,31.0,62.0
300.0,40,2.90625,10.5,32.0,66.0
400.0,40,0.9393939394,11.93939394,33.0,64.0
500.0,40,-0.2352941176,9.176470588,34.0,64.0
600.0,40,0.06060606061,8.606060606,33.0,64.0
700.0,40,-1.25,9.15625,32.0,62.0
800.0,40,-1.941176471,9.470588235,34.0,64.0
900.0,40,-1.258064516,11.22580645,31.0,62.0
1000.0,40,-0.6666666667,10.93939394,33.0,62.0
1100.0,40,-1.147058824,7.676470588,34.0,64.0
1200.0,40,2.866666667,8.133333333,30.0,62.0
1300.0,40,5.129032258,8.580645161,31.0,64.0
1400.0,40,2.71875,8.28125,32.0,62.0
1500.0,40,4.09375,8.59375,32.0,62.0
1600.0,40,2.65625,8.0,32.0,64.0
1700.0,40,2.114285714,4.942857143,35.0,64.0
1800.0,40,0.5588235294,4.647058824,34.0,64.0
1900.0,40,1.272727273,4.090909091,33.0,64.0
2000.0,40,2.806451613,2.35483871,31.0,62.0
2100.0,40,1.375,1.9375,32.0,64.0
2200.0,40,3.21875,1.0625,32.0,64.0
2300.0,40,1.705882353,1.5,34.0,62.0
2400.0,40,-0.1515151515,2.151515152,33.0,64.0
2500.0,40,-1.294117647,2.352941176,34.0,64.0
2600.0,40,-1.6875,1.96875,32.0,64.0
2700.0,40,-0.9677419355,2.193548387,31.0,62.0
2800.0,40,-2.0,2.84375,32.0,62.0
2900.0,40,-3.066666667,3.933333333,30.0,64.0
3000.0,40,-3.806451613,3.161290323,31.0,62.0
3100.0,40,-3.939393939,4.424242424,33.0,62.0
3200.0,40,-3.454545455,3.909090909,33.0,64.0
3300.0,40,-5.103448276,6.448275862,29.0,62.0
3400.0,40,-4.838709677,6.64516129,31.0,62.0
3500.0,40,-6.03030303,4.575757576,33.0,62.0
3600.0,40,-5.096774194,6.806451613,31.0,64.0
3700.0,40,-6.787878788,7.909090909,33.0,64.0
3800.0,40,-7.212121212,7.363636364,33.0,64.0
3900.0,40,-7.15625,8.125,32.0,64.0
4000.0,40,-8.4375,8.1875,32.0,62.0
4100.0,40,-9.885714286,6.885714286,35.0,66.0
4200.0,40,-12.25,6.53125,32.0,62.0
4300.0,40,-13.35483871,7.870967742,31.0,64.0
4400.0,40,-12.57142857,8.914285714,35.0,64.0
4500.0,40,-12.08333333,7.25,36.0,66.0
4600.0,40,-11.52941176,7.941176471,34.0,64.0
4700.0,40,-12.375,9.28125,32.0,64.0
4800.0,40,-14.25806452,9.35483871,31.0,60.0
4900.0,40,-15.03225806,8.870967742,31.0,62.0
5000.0,40,-13.22857143,8.657142857,35.0,64.0
5100.0,40,-14.48387097,7.322580645,31.0,62.0
5200.0,40,-13.75757576,5.121212121,33.0,64.0
5300.0,40,-15.21212121,5.454545455,33.0,62.0
5400.0,40,-14.90909091,5.454545455,33.0,62.0
5500.0,40,-15.5483871,3.548387097,31.0,64.0
5600.0,40,-15.5625,2.96875,32.0,64.0
5700.0,40,-16.64516129,3.35483871,31.0,62.0
5800.0,40,-16.6875,3.09375,32.0,62.0
5900.0,40,-16.3,4.766666667,30.0,60.0
6000.0,40,-15.85714286,4.914285714,35.0,64.0
6100.0,40,-16.66666667,3.181818182,33.0,64.0
6200.0,40,-15.78787879,4.696969697,33.0,64.0
6300.0,40,-13.97222222,5.305555556,36.0,64.0
6400.0,40,-14.58064516,4.516129032,31.0,64.0
6500.0,40,-15.0,6.735294118,34.0,62.0
6600.0,40,-14.75,6.65625,32.0,64.0
6700.0,40,-12.39393939,7.484848485,33.0,62.0
6800.0,40,-10.42857143,6.571428571,35.0,66.0
6900.0,40,-9.733333333,7.0,30.0,62.0
7000.0,40,-9.03125,8.09375,32.0,64.0
7100.0,40,-10.91176471,8.970588235,34.0,64.0
7200.0,40,-11.91428571,9.8,35.0,66.0
7300.0,40,-12.03030303,9.96969697,33.0,64.0
7400.0,40,-11.125,9.5,32.0,64.0
7500.0,40,-11.96875,11.46875,32.0,64.0
7600.0,40,-11.125,12.03125,32.0,64.0
7700.0,40,-10.82857143,12.31428571,35.0,64.0
7800.0,40,-8.3125,12.625,32.0,64.0
7900.0,40,-9.5,14.1875,32.0,62.0
8000.0,40,-7.65625,14.46875,32.0,62.0
8100.0,40,-7.8125,14.84375,32.0,62.0
8200.0,40,-6.84375,16.875,32.0,62.0
8300.0,40,-8.393939394,18.51515152,33.0,62.0
8400.0,40,-9.029411765,17.08823529,34.0,64.0
8500.0,40,-10.35294118,20.17647059,34.0,64.0
8600.0,40,-9.818181818,22.33333333,33.0,64.0
8700.0,40,-11.0,23.09677419,31.0,62.0
8800.0,40,-11.34375,23.5,32.0,64.0
8900.0,40,-8.78125,22.96875,32.0,64.0
9000.0,40,-10.80645161,21.22580645,31.0,62.0
9100.0,40,-12.05882353,21.82352941,34.0,66.0
9200.0,40,-13.125,23.15625,32.0,64.0
9300.0,40,-13.59375,22.3125,32.0,62.0
9400.0,40,-13.5,23.25,32.0,62.0
9500.0,40,-14.2,23.31428571,35.0,66.0
9600.0,40,-12.67741935,22.87096774,31.0,64.0
9700.0,40,-11.5,23.625,32.0,62.0
9800.0,40,-13.27272727,22.48484848,33.0,64.0
9900.0,40,-13.91176471,23.58823529,34.0,64.0
10000.0,40,-16.17647059,24.23529412,34.0,64.0
0.0,41,4.0,4.0,37.0,64.0
100.0,41,3.212121212,5.090909091,33.0,64.0
200.0,41,5.060606061,5.424242424,33.0,62.0
300.0,41,4.25,7.6875,32.0,64.0
400.0,41,4.727272727,7.242424242,33.0,64.0
500.0,41,4.588235294,6.852941176,34.0,66.0
600.0,41,4.03125,7.0,32.0,64.0
700.0,41,3.90625,7.5625,32.0,64.0
800.0,41,3.428571429,10.62857143,35.0,64.0
900.0,41,3.647058824,10.73529412,34.0,64.0
1000.0,41,4.909090909,12.54545455,33.0,62.0
1100.0,41,5.0,12.71428571,35.0,66.0
1200.0,41,3.205882353,12.64705882,34.0,64.0
1300.0,41,3.5,13.0,34.0,62.0
1400.0,41,3.75,12.0,32.0,64.0
1500.0,41,5.0,13.66666667,33.0,66.0
1600.0,41,6.090909091,14.24242424,33.0,66.0
1700.0,41,8.242424242,13.0,33.0,64.0
1800.0,41,8.424242424,14.42424242,33.0,62.0
1900.0,41,8.4,15.0,35.0,64.0
2000.0,41,6.848484848,13.54545455,33.0,66.0
2100.0,41,7.7,13.43333333,30.0,60.0
2200.0,41,4.823529412,13.44117647,34.0,64.0
2300.0,41,4.941176471,13.88235294,34.0,64.0
2400.0,41,4.151515152,13.90909091,33.0,62.0
2500.0,41,6.181818182,12.51515152,33.0,66.0
2600.0,41,4.454545455,14.84848485,33.0,64.0
2700.0,41,5.685714286,14.88571429,35.0,64.0
2800.0,41,4.818181818,13.66666667,33.0,64.0
2900.0,41,4.909090909,13.84848485,33.0,62.0
3000.0,41,4.709677419,14.12903226,31.0,60.0
3100.0,41,4.823529412,15.0,34.0,66.0
3200.0,41,5.176470588,11.5,34.0,64.0
3300.0,41,4.8125,13.125,32.0,64.0
3400.0,41,3.137931034,12.96551724,29.0,62.0
3500.0,41,2.424242424,12.75757576,33.0,62.0
3600.0,41,3.696969697,13.09090909,33.0,62.0
3700.0,41,4.363636364,13.09090909,33.0,64.0
3800.0,41,3.096774194,11.77419355,31.0,62.0
3900.0,41,2.151515152,12.72727273,33.0,62.0
4000.0,41,1.71875,12.875,32.0,64.0
4100.0,41,2.0,12.5,34.0,62.0
4200.0,41,1.941176471,11.82352941,34.0,66.0
4300.0,41,4.090909091,10.3030303,33.0,62.0
4400.0,41,3.193548387,11.70967742,31.0,62.0
4500.0,41,3.64516129,12.51612903,31.0,60.0
4600.0,41,4.470588235,11.73529412,34.0,64.0
4700.0,41,5.625,9.75,32.0,64.0
4800.0,41,5.03125,10.25,32.0,62.0
4900.0,41,4.411764706,7.823529412,34.0,64.0
5000.0,41,2.424242424,7.242424242,33.0,62.0
5100.0,41,4.151515152,7.757575758,33.0,64.0
5200.0,41,2.909090909,10.18181818,33.0,64.0
5300.0,41,3.882352941,9.411764706,34.0,64.0
5400.0,41,4.34375,9.96875,32.0,62.0
5500.0,41,4.78125,7.875,32.0,62.0
5600.0,41,3.1,6.2,30.0,66.0
5700.0,41,1.242424242,6.454545455,33.0,66.0
5800.0,41,2.558823529,5.941176471,34.0,64.0
5900.0,41,2.527777778,6.277777778,36.0,66.0
6000.0,41,3.848484848,6.848484848,33.0,62.0
6100.0,41,4.03125,9.09375,32.0,62.0
6200.0,41,2.242424242,7.666666667,33.0,62.0
6300.0,41,3.545454545,7.242424242,33.0,64.0
6400.0,41,3.90625,7.28125,32.0,62.0
6500.0,41,3.257142857,8.542857143,35.0,64.0
6600.0,41,1.548387097,9.483870968,31.0,62.0
6700.0,41,0.7878787879,8.96969697,33.0,64.0
6800.0,41,-0.5806451613,6.612903226,31.0,64.0
6900.0,41,-0.1212121212,5.606060606,33.0,64.0
7000.0,41,0.34375,4.03125,32.0,62.0
7100.0,41,0.625,5.78125,32.0,64.0
7200.0,41,2.0,5.852941176,34.0,64.0
7300.0,41,2.314285714,5.885714286,35.0,64.0
7400.0,41,1.53125,5.65625,32.0,64.0
7500.0,41,1.848484848,7.272727273,33.0,62.0
7600.0,41,2.064516129,7.064516129,31.0,62.0
7700.0,41,4.0,6.21875,32.0,64.0
7800.0,41,6.696969697,6.181818182,33.0,66.0
7900.0,41,9.411764706,5.352941176,34.0,64.0
8000.0,41,10.82352941,3.823529412,34.0,62.0
8100.0,41,10.57575758,3.757575758,33.0,64.0
8200.0,41,10.0,3.818181818,33.0,64.0
8300.0,41,9.84375,4.1875,32.0,62.0
8400.0,41,9.878787879,7.0,33.0,66.0
8500.0,41,11.12121212,8.212121212,33.0,64.0
8600.0,41,9.387096774,9.419354839,31.0,64.0
8700.0,41,10.4375,13.125,32.0,62.0
8800.0,41,12.09090909,12.12121212,33.0,64.0
8900.0,41,13.3125,12.375,32.0,62.0
9000.0,41,13.0,12.41935484,31.0,64.0
9100.0,41,12.26470588,11.67647059,34.0,66.0
9200.0,41,12.875,10.75,32.0,64.0
9300.0,41,11.5625,9.15625,32.0,66.0
9400.0,41,12.14705882,7.352941176,34.0,64.0
9500.0,41,13.77777778,8.833333333,36.0,66.0
9600.0,41,12.28125,8.4375,32.0,64.0
9700.0,41,13.81818182,6.272727273,33.0,62.0
9800.0,41,16.03225806,6.096774194,31.0,62.0
9900.0,41,16.67647059,6.411764706,34.0,64.0
10000.0,41,16.6,7.485714286,35.0,64.0
0.0,42,4.0,4.0,37.0,64.0
100.0,42,4.060606061,5.090909091,33.0,64.0
200.0,42,2.387096774,4.838709677,31.0,64.0
300.0,42,2.4,4.133333333,30.0,62.0
400.0,42,0.5483870968,5.322580645,31.0,62.0
500.0,42,-0.09090909091,5.696969697,33.0,62.0
600.0,42,-0.5757575758,6.060606061,33.0,64.0
700.0,42,-0.2424242424,4.060606061,33.0,64.0
800.0,42,-1.375,4.71875,32.0,62.0
900.0,42,-1.484848485,4.151515152,33.0,62.0
1000.0,42,1.225806452,5.451612903,31.0,64.0
1100.0,42,0.3333333333,5.212121212,33.0,64.0
1200.0,42,1.735294118,4.441176471,34.0,64.0
1300.0,42,1.941176471,2.617647059,34.0,66.0
1400.0,42,2.0,4.225806452,31.0,62.0
1500.0,42,1.323529412,3.852941176,34.0,64.0
1600.0,42,2.852941176,3.823529412,34.0,64.0
1700.0,42,3.205882353,3.088235294,34.0,64.0
1800.0,42,2.5625,1.8125,32.0,64.0
1900.0,42,2.0,2.5,34.0,62.0
2000.0,42,4.09375,2.9375,32.0,64.0
2100.0,42,2.878787879,1.272727273,33.0,64.0
2200.0,42,3.542857143,0.8,35.0,64.0
2300.0,42,3.272727273,0.9090909091,33.0,64.0
2400.0,42,3.5625,0.4375,32.0,62.0
2500.0,42,6.363636364,-1.272727273,33.0,62.0
2600.0,42,6.0,-0.2647058824,34.0,62.0
2700.0,42,4.121212121,-0.6666666667,33.0,64.0
2800.0,42,5.090909091,-0.8484848485,33.0,64.0
2900.0,42,5.90625,-0.65625,32.0,62.0
3000.0,42,8.242424242,-0.6666666667,33.0,62.0
3100.0,42,5.971428571,-0.6,35.0,64.0
3200.0,42,5.342857143,1.571428571,35.0,66.0
3300.0,42,5.628571429,1.228571429,35.0,64.0
3400.0,42,6.35483871,0.6451612903,31.0,62.0
3500.0,42,6.5,0.3666666667,30.0,60.0
3600.0,42,9.09375,-0.59375,32.0,64.0
3700.0,42,9.914285714,-4.428571429,35.0,64.0
3800.0,42,9.677419355,-4.290322581,31.0,62.0
3900.0,42,8.242424242,-5.212121212,33.0,64.0
4000.0,42,8.4,-5.933333333,30.0,62.0
4100.0,42,7.828571429,-7.0,35.0,64.0
4200.0,42,9.3,-6.766666667,30.0,62.0
4300.0,42,9.611111111,-5.861111111,36.0,64.0
4400.0,42,10.21875,-6.0,32.0,64.0
4500.0,42,10.33333333,-3.7,30.0,62.0
4600.0,42,11.65625,-5.96875,32.0,62.0
4700.0,42,11.86666667,-5.966666667,30.0,64.0
4800.0,42,11.0625,-6.90625,32.0,62.0
4900.0,42,10.84375,-7.28125,32.0,64.0
5000.0,42,10.33333333,-4.939393939,33.0,62.0
5100.0,42,8.060606061,-5.303030303,33.0,66.0
5200.0,42,8.46875,-6.84375,32.0,62.0
5300.0,42,8.064516129,-5.838709677,31.0,62.0
5400.0,42,8.84375,-6.1875,32.0,62.0
5500.0,42,8.424242424,-5.818181818,33.0,64.0
5600.0,42,6.514285714,-6.6,35.0,64.0
5700.0,42,8.34375,-6.28125,32.0,62.0
5800.0,42,8.875,-7.1875,32.0,62.0
5900.0,42,11.02857143,-6.828571429,35.0,64.0
6000.0,42,11.78787879,-6.515151515,33.0,64.0
6100.0,42,12.46875,-9.21875,32.0,62.0
6200.0,42,11.03448276,-8.137931034,29.0,60.0
6300.0,42,11.72727273,-7.757575758,33.0,64.0
6400.0,42,12.39393939,-7.939393939,33.0,66.0
6500.0,42,14.37142857,-9.428571429,35.0,64.0
6600.0,42,13.9375,-7.46875,32.0,62.0
6700.0,42,14.3030303,-6.242424242,33.0,62.0
6800.0,42,15.15625,-7.84375,32.0,64.0
6900.0,42,15.9,-7.0,30.0,62.0
7000.0,42,14.75,-7.5625,32.0,62.0
7100.0,42,13.73529412,-9.205882353,34.0,64.0
7200.0,42,12.25,-7.625,32.0,64.0
7300.0,42,12.0,-5.5,34.0,62.0
7400.0,42,12.71875,-3.78125,32.0,62.0
7500.0,42,14.08571429,-5.228571429,35.0,64.0
7600.0,42,13.5,-5.823529412,34.0,64.0
7700.0,42,12.5625,-7.125,32.0,64.0
7800.0,42,12.84848485,-7.848484848,33.0,62.0
7900.0,42,15.76470588,-7.264705882,34.0,64.0
8000.0,42,17.25,-5.90625,32.0,64.0
8100.0,42,15.48387097,-7.129032258,31.0,62.0
8200.0,42,14.15625,-7.1875,32.0,62.0
8300.0,42,15.0,-8.677419355,31.0,62.0
8400.0,42,14.46875,-9.5625,32.0,62.0
8500.0,42,13.64705882,-10.17647059,34.0,64.0
8600.0,42,12.76470588,-10.23529412,34.0,64.0
8700.0,42,11.26470588,-12.0,34.0,64.0
8800.0,42,13.96969697,-12.72727273,33.0,64.0
8900.0,42,15.87878788,-13.39393939,33.0,64.0
9000.0,42,16.0,-13.40625,32.0,62.0
9100.0,42,15.8125,-14.75,32.0,62.0
9200.0,42,15.42424242,-16.09090909,33.0,64.0
9300.0,42,12.6969697,-16.0,33.0,64.0
9400.0,42,14.74193548,-17.12903226,31.0,64.0
9500.0,42,16.09375,-17.03125,32.0,62.0
9600.0,42,16.21875,-17.71875,32.0,66.0
9700.0,42,15.53125,-17.6875,32.0,62.0
9800.0,42,16.48484848,-18.45454545,33.0,64.0
9900.0,42,17.125,-18.46875,32.0,62.0
10000.0,42,14.97142857,-19.82857143,35.0,64.0
0.0,43,4.0,4.0,37.0,64.0
100.0,43,6.65625,4.96875,32.0,62.0
200.0,43,6.032258065,2.258064516,31.0,62.0
300.0,43,6.424242424,2.333333333,33.0,62.0
400.0,43,6.484848485,1.909090909,33.0,62.0
500.0,43,7.242424242,2.090909091,33.0,64.0
600.0,43,6.441176471,2.235294118,34.0,64.0
700.0,43,8.147058824,1.529411765,34.0,64.0
800.0,43,8.8125,2.46875,32.0,64.0
900.0,43,9.121212121,4.363636364,33.0,66.0
1000.0,43,8.46875,3.34375,32.0,62.0
1100.0,43,10.18181818,1.242424242,33.0,64.0
1200.0,43,10.625,0.03125,32.0,64.0
1300.0,43,9.787878788,0.09090909091,33.0,62.0
1400.0,43,14.17647059,1.5,34.0,64.0
1500.0,43,11.5,0.375,32.0,62.0
1600.0,43,12.18181818,2.96969697,33.0,64.0
1700.0,43,12.82352941,3.176470588,34.0,62.0
1800.0,43,12.625,1.6875,32.0,64.0
1900.0,43,12.8125,-0.5625,32.0,64.0
2000.0,43,12.82352941,0.7647058824,34.0,64.0
2100.0,43,13.8125,1.125,32.0,64.0
2200.0,43,14.25,0.78125,32.0,64.0
2300.0,43,13.45454545,2.393939394,33.0,64.0
2400.0,43,13.87878788,3.212121212,33.0,66.0
2500.0,43,16.48484848,4.151515152,33.0,62.0
2600.0,43,15.09090909,3.242424242,33.0,62.0
2700.0,43,14.66666667,2.060606061,33.0,62.0
2800.0,43,14.87096774,0.6129032258,31.0,62.0
2900.0,43,15.48484848,-0.4848484848,33.0,64.0
3000.0,43,16.84848485,-0.7272727273,33.0,64.0
3100.0,43,18.72727273,-1.363636364,33.0,62.0
3200.0,43,16.06060606,-1.606060606,33.0,64.0
3300.0,43,16.5625,-0.28125,32.0,66.0
3400.0,43,15.4375,-1.09375,32.0,62.0
3500.0,43,14.94117647,-3.147058824,34.0,64.0
3600.0,43,15.63636364,-2.363636364,33.0,64.0
3700.0,43,14.94117647,-1.470588235,34.0,64.0
3800.0,43,15.20588235,-4.058823529,34.0,66.0
3900.0,43,13.6969697,-2.757575758,33.0,64.0
4000.0,43,12.21875,-1.65625,32.0,62.0
4100.0,43,13.57575758,-2.03030303,33.0,62.0
4200.0,43,11.77142857,-4.428571429,35.0,64.0
4300.0,43,11.88571429,-3.514285714,35.0,64.0
4400.0,43,11.96969697,-3.424242424,33.0,62.0
4500.0,43,11.44117647,-6.764705882,34.0,64.0
4600.0,43,11.34375,-5.96875,32.0,62.0
4700.0,43,12.09677419,-5.709677419,31.0,64.0
4800.0,43,12.15151515,-6.242424242,33.0,64.0
4900.0,43,12.5,-8.352941176,34.0,66.0
5000.0,43,13.31428571,-10.08571429,35.0,64.0
5100.0,43,11.6,-10.9,30.0,62.0
5200.0,43,10.23529412,-10.73529412,34.0,64.0
5300.0,43,10.0625,-11.78125,32.0,62.0
5400.0,43,10.78125,-13.59375,32.0,64.0
5500.0,43,10.45454545,-12.90909091,33.0,62.0
5600.0,43,10.90625,-14.40625,32.0,62.0
5700.0,43,9.909090909,-14.51515152,33.0,62.0
5800.0,43,11.03225806,-15.09677419,31.0,62.0
5900.0,43,10.32258065,-16.51612903,31.0,64.0
6000.0,43,9.676470588,-16.97058824,34.0,64.0
6100.0,43,6.633333333,-19.23333333,30.0,62.0
6200.0,43,7.806451613,-17.32258065,31.0,62.0
6300.0,43,6.8125,-17.875,32.0,64.0
6400.0,43,6.548387097,-16.90322581,31.0,62.0
6500.0,43,7.387096774,-20.0,31.0,62.0
6600.0,43,6.322580645,-20.83870968,31.0,64.0
6700.0,43,7.272727273,-21.57575758,33.0,64.0
6800.0,43,7.40625,-24.0625,32.0,64.0
6900.0,43,6.242424242,-24.63636364,33.0,64.0
7000.0,43,5.942857143,-22.65714286,35.0,64.0
7100.0,43,9.53125,-20.96875,32.0,62.0
7200.0,43,7.5625,-21.40625,32.0,62.0
7300.0,43,8.6,-20.97142857,35.0,64.0
7400.0,43,7.424242424,-20.42424242,33.0,62.0
7500.0,43,10.34375,-21.78125,32.0,62.0
7600.0,43,11.27272727,-21.84848485,33.0,62.0
7700.0,43,13.1875,-23.25,32.0,62.0
7800.0,43,14.63636364,-22.75757576,33.0,64.0
7900.0,43,15.51612903,-23.93548387,31.0,62.0
8000.0,43,13.48484848,-23.39393939,33.0,62.0
8100.0,43,14.87878788,-26.42424242,33.0,64.0
8200.0,43,14.90909091,-27.33333333,33.0,64.0
8300.0,43,15.5625,-26.84375,32.0,64.0
8400.0,43,14.33333333,-26.63636364,33.0,64.0
8500.0,43,13.41935484,-26.5483871,31.0,60.0
8600.0,43,11.85294118,-25.55882353,34.0,64.0
8700.0,43,12.22580645,-25.77419355,31.0,64.0
8800.0,43,13.5,-27.88235294,34.0,64.0
8900.0,43,12.72727273,-29.24242424,33.0,64.0
9000.0,43,11.35483871,-29.80645161,31.0,64.0
9100.0,43,9.696969697,-30.48484848,33.0,64.0
9200.0,43,10.5625,-31.875,32.0,64.0
9300.0,43,11.0,-35.5,34.0,62.0
9400.0,43,9.129032258,-34.61290323,31.0,62.0
9500.0,43,9.125,-31.75,32.0,64.0
9600.0,43,10.32258065,-32.25806452,31.0,64.0
9700.0,43,10.71875,-32.53125,32.0,64.0
9800.0,43,11.12121212,-33.66666667,33.0,64.0
9900.0,43,10.15151515,-33.72727273,33.0,62.0
10000.0,43,10.33333333,-32.75757576,33.0,62.0
0.0,44,4.0,4.0,37.0,64.0
100.0,44,5.911764706,2.205882353,34.0,64.0
200.0,44,5.818181818,2.606060606,33.0,66.0
300.0,44,8.09375,0.90625,32.0,64.0
400.0,44,7.441176471,1.088235294,34.0,64.0
500.0,44,6.90625,0.75,32.0,62.0
600.0,44,7.117647059,0.4117647059,34.0,64.0
700.0,44,6.363636364,2.575757576,33.0,64.0
800.0,44,6.96875,-0.71875,32.0,62.0
900.0,44,7.264705882,0.0,34.0,62.0
1000.0,44,9.027777778,0.9166666667,36.0,64.0
1100.0,44,8.454545455,0.3333333333,33.0,64.0
1200.0,44,9.787878788,-0.6363636364,33.0,64.0
1300.0,44,9.375,-2.3125,32.0,64.0
1400.0,44,7.59375,-3.0,32.0,62.0
1500.0,44,7.787878788,-3.393939394,33.0,64.0
1600.0,44,7.0,-3.878787879,33.0,64.0
1700.0,44,6.352941176,-4.5,34.0,64.0
1800.0,44,5.774193548,-4.516129032,31.0,62.0
1900.0,44,7.15625,-3.375,32.0,60.0
2000.0,44,7.225806452,-2.161290323,31.0,62.0
2100.0,44,9.3125,-2.28125,32.0,62.0
2200.0,44,8.735294118,-1.735294118,34.0,64.0
2300.0,44,7.029411765,-1.911764706,34.0,64.0
2400.0,44,7.696969697,-0.09090909091,33.0,62.0
2500.0,44,6.09375,0.3125,32.0,62.0
2600.0,44,4.878787879,-2.303030303,33.0,64.0
2700.0,44,6.424242424,-3.757575758,33.0,62.0
2800.0,44,6.878787879,-3.696969697,33.0,64.0
2900.0,44,7.78125,-2.625,32.0,62.0
3000.0,44,9.029411765,-3.147058824,34.0,66.0
3100.0,44,9.40625,-4.4375,32.0,64.0
3200.0,44,9.147058824,-2.676470588,34.0,64.0
3300.0,44,8.133333333,-0.3,30.0,62.0
3400.0,44,8.935483871,0.0,31.0,62.0
3500.0,44,9.09375,1.59375,32.0,62.0
3600.0,44,9.064516129,1.032258065,31.0,64.0
3700.0,44,7.060606061,0.09090909091,33.0,64.0
3800.0,44,5.176470588,-0.1764705882,34.0,62.0
3900.0,44,6.1875,0.21875,32.0,62.0
4000.0,44,6.96875,-1.34375,32.0,62.0
4100.0,44,7.545454545,-1.787878788,33.0,62.0
4200.0,44,8.085714286,-1.314285714,35.0,64.0
4300.0,44,9.387096774,-3.612903226,31.0,62.0
4400.0,44,9.53125,-3.0625,32.0,62.0
4500.0,44,8.823529412,-2.294117647,34.0,66.0
4600.0,44,9.272727273,-0.3636363636,33.0,62.0
4700.0,44,11.08333333,-1.166666667,36.0,66.0
4800.0,44,9.193548387,-0.3548387097,31.0,60.0
4900.0,44,6.852941176,1.235294118,34.0,64.0
5000.0,44,5.625,1.0625,32.0,62.0
5100.0,44,6.96969697,0.06060606061,33.0,64.0
5200.0,44,6.935483871,-0.8709677419,31.0,64.0
5300.0,44,7.588235294,-0.6470588235,34.0,64.0
5400.0,44,8.0,-1.15625,32.0,64.0
5500.0,44,7.757575758,-3.909090909,33.0,62.0
5600.0,44,10.06060606,-6.333333333,33.0,62.0
5700.0,44,7.033333333,-5.333333333,30.0,62.0
5800.0,44,6.0625,-5.46875,32.0,62.0
5900.0,44,6.606060606,-6.636363636,33.0,64.0
6000.0,44,6.34375,-7.40625,32.0,64.0
6100.0,44,6.5,-9.71875,32.0,64.0
6200.0,44,6.852941176,-9.323529412,34.0,64.0
6300.0,44,7.322580645,-10.06451613,31.0,64.0
6400.0,44,6.060606061,-10.6969697,33.0,64.0
6500.0,44,6.34375,-10.375,32.0,66.0
6600.0,44,5.848484848,-10.24242424,33.0,66.0
6700.0,44,5.0625,-10.84375,32.0,62.0
6800.0,44,6.064516129,-10.35483871,31.0,62.0
6900.0,44,5.454545455,-10.3030303,33.0,64.0
7000.0,44,7.088235294,-8.794117647,34.0,64.0
7100.0,44,6.5,-8.375,32.0,62.0
7200.0,44,7.235294118,-7.735294118,34.0,66.0
7300.0,44,6.314285714,-8.114285714,35.0,64.0
7400.0,44,4.735294118,-8.0,34.0,62.0
7500.0,44,4.03125,-5.25,32.0,66.0
7600.0,44,3.611111111,-5.138888889,36.0,64.0
7700.0,44,3.735294118,-7.0,34.0,62.0
7800.0,44,4.033333333,-7.2,30.0,62.0
7900.0,44,3.625,-4.34375,32.0,62.0
8000.0,44,4.151515152,-3.727272727,33.0,62.0
8100.0,44,4.029411765,-2.294117647,34.0,64.0
8200.0,44,4.058823529,-2.852941176,34.0,64.0
8300.0,44,3.909090909,-2.96969697,33.0,64.0
8400.0,44,3.375,-2.5,32.0,64.0
8500.0,44,2.470588235,-2.794117647,34.0,66.0
8600.0,44,1.314285714,-1.885714286,35.0,64.0
8700.0,44,3.939393939,-2.424242424,33.0,66.0
8800.0,44,2.424242424,-0.9696969697,33.0,62.0
8900.0,44,2.515151515,-0.696969697,33.0,64.0
9000.0,44,3.848484848,-2.484848485,33.0,62.0
9100.0,44,6.272727273,-2.212121212,33.0,64.0
9200.0,44,2.314285714,-1.171428571,35.0,64.0
9300.0,44,0.6666666667,-2.5,30.0,62.0
9400.0,44,0.4848484848,-3.96969697,33.0,64.0
9500.0,44,1.0,-4.848484848,33.0,64.0
9600.0,44,-2.272727273,-5.515151515,33.0,64.0
9700.0,44,-3.387096774,-6.806451613,31.0,64.0
9800.0,44,-4.625,-6.15625,32.0,60.0
9900.0,44,-3.64516129,-9.741935484,31.0,60.0
10000.0,44,-5.71875,-10.8125,32.0,64.0
0.0,45,4.0,4.0,37.0,64.0
100.0,45,3.428571429,4.942857143,35.0,64.0
200.0,45,1.194444444,4.305555556,36.0,66.0
300.0,45,-1.129032258,4.322580645,31.0,64.0
400.0,45,-1.9375,4.15625,32.0,62.0
500.0,45,-1.794117647,4.558823529,34.0,64.0
600.0,45,-0.2727272727,6.393939394,33.0,64.0
700.0,45,-1.090909091,7.696969697,33.0,62.0
800.0,45,-0.5806451613,6.064516129,31.0,60.0
900.0,45,-1.028571429,6.171428571,35.0,64.0
1000.0,45,-1.379310345,5.862068966,29.0,62.0
1100.0,45,-3.40625,5.71875,32.0,62.0
1200.0,45,-1.5625,4.4375,32.0,62.0
1300.0,45,-4.571428571,2.771428571,35.0,64.0
1400.0,45,-5.766666667,1.233333333,30.0,62.0
1500.0,45,-4.685714286,-0.4571428571,35.0,66.0
1600.0,45,-4.228571429,-0.3428571429,35.0,64.0
1700.0,45,-4.133333333,0.9666666667,30.0,62.0
1800.0,45,-5.411764706,0.8235294118,34.0,64.0
1900.0,45,-6.0,-2.3,30.0,62.0
2000.0,45,-7.333333333,-1.393939394,33.0,64.0
2100.0,45,-7.484848485,-1.848484848,33.0,62.0
2200.0,45,-8.636363636,-2.121212121,33.0,64.0
2300.0,45,-6.735294118,-5.0,34.0,62.0
2400.0,45,-6.0,-5.225806452,31.0,64.0
2500.0,45,-7.34375,-3.0625,32.0,64.0
2600.0,45,-6.84375,-3.6875,32.0,64.0
2700.0,45,-6.454545455,-4.090909091,33.0,62.0
2800.0,45,-6.483870968,-3.322580645,31.0,64.0
2900.0,45,-6.575757576,-3.060606061,33.0,62.0
3000.0,45,-7.4375,-3.8125,32.0,66.0
3100.0,45,-8.558823529,-4.647058824,34.0,64.0
3200.0,45,-8.371428571,-4.142857143,35.0,66.0
3300.0,45,-10.8125,-2.8125,32.0,62.0
3400.0,45,-10.94117647,-4.676470588,34.0,66.0
3500.0,45,-10.75757576,-4.454545455,33.0,64.0
3600.0,45,-9.882352941,-4.617647059,34.0,64.0
3700.0,45,-8.393939394,-4.0,33.0,64.0
3800.0,45,-7.290322581,-3.806451613,31.0,62.0
3900.0,45,-9.272727273,-3.848484848,33.0,62.0
4000.0,45,-11.85294118,-1.882352941,34.0,64.0
4100.0,45,-12.25,-1.625,32.0,64.0
4200.0,45,-11.17647059,-2.264705882,34.0,64.0
4300.0,45,-9.59375,-2.78125,32.0,66.0
4400.0,45,-9.466666667,-3.2,30.0,60.0
4500.0,45,-9.628571429,-1.885714286,35.0,66.0
4600.0,45,-8.933333333,-1.833333333,30.0,64.0
4700.0,45,-9.75,0.3125,32.0,64.0
4800.0,45,-8.516129032,-0.4838709677,31.0,62.0
4900.0,45,-10.03125,-1.15625,32.0,64.0
5000.0,45,-10.02777778,-0.9166666667,36.0,64.0
5100.0,45,-9.709677419,-0.4516129032,31.0,62.0
5200.0,45,-11.6875,0.34375,32.0,64.0
5300.0,45,-11.66666667,-0.4242424242,33.0,62.0
5400.0,45,-9.4,-1.2,35.0,66.0
5500.0,45,-9.612903226,-0.7096774194,31.0,64.0
5600.0,45,-12.3030303,0.5757575758,33.0,64.0
5700.0,45,-13.71875,0.84375,32.0,62.0
5800.0,45,-13.72727273,0.4242424242,33.0,64.0
5900.0,45,-14.5483871,-0.4838709677,31.0,62.0
6000.0,45,-15.5625,0.28125,32.0,62.0
6100.0,45,-15.71875,-0.4375,32.0,64.0
6200.0,45,-16.62857143,-1.771428571,35.0,64.0
6300.0,45,-16.79411765,-3.911764706,34.0,64.0
6400.0,45,-16.5,-5.0,32.0,62.0
6500.0,45,-17.03030303,-6.272727273,33.0,64.0
6600.0,45,-15.5,-6.0,34.0,62.0
6700.0,45,-15.57575758,-7.939393939,33.0,64.0
6800.0,45,-16.3125,-5.75,32.0,64.0
6900.0,45,-16.02857143,-5.828571429,35.0,64.0
7000.0,45,-16.84375,-2.9375,32.0,62.0
7100.0,45,-16.03030303,-3.515151515,33.0,64.0
7200.0,45,-16.57575758,-3.03030303,33.0,62.0
7300.0,45,-16.86206897,-3.724137931,29.0,62.0
7400.0,45,-18.06451613,-2.451612903,31.0,64.0
7500.0,45,-15.91176471,-2.647058824,34.0,64.0
7600.0,45,-15.125,-1.53125,32.0,62.0
7700.0,45,-15.17647059,-1.176470588,34.0,62.0
7800.0,45,-15.17647059,-4.176470588,34.0,62.0
7900.0,45,-14.625,-5.5,32.0,62.0
8000.0,45,-14.26470588,-8.0,34.0,62.0
8100.0,45,-12.21212121,-7.727272727,33.0,66.0
8200.0,45,-10.84848485,-6.848484848,33.0,62.0
8300.0,45,-11.61290323,-6.935483871,31.0,62.0
8400.0,45,-11.21212121,-6.545454545,33.0,62.0
8500.0,45,-10.56666667,-6.066666667,30.0,62.0
8600.0,45,-10.09375,-5.65625,32.0,62.0
8700.0,45,-10.58064516,-5.0,31.0,64.0
8800.0,45,-9.448275862,-6.655172414,29.0,64.0
8900.0,45,-9.689655172,-4.724137931,29.0,62.0
9000.0,45,-11.84375,-4.75,32.0,62.0
9100.0,45,-10.26470588,-3.0,34.0,62.0
9200.0,45,-9.032258065,-1.870967742,31.0,64.0
9300.0,45,-10.24242424,-4.0,33.0,64.0
9400.0,45,-9.382352941,-2.852941176,34.0,64.0
9500.0,45,-11.42424242,-0.1212121212,33.0,64.0
9600.0,45,-11.58823529,-1.176470588,34.0,64.0
9700.0,45,-10.59375,-0.21875,32.0,64.0
9800.0,45,-10.24242424,1.333333333,33.0,62.0
9900.0,45,-11.55882353,-0.8529411765,34.0,64.0
10000.0,45,-12.81818182,-0.2121212121,33.0,64.0
0.0,46,4.0,4.0,37.0,64.0
100.0,46,5.181818182,3.787878788,33.0,64.0
200.0,46,5.666666667,2.818181818,33.0,64.0
300.0,46,7.5625,4.65625,32.0,62.0
400.0,46,9.193548387,3.096774194,31.0,62.0
500.0,46,7.441176471,3.264705882,34.0,64.0
600.0,46,8.794117647,4.117647059,34.0,64.0
700.0,46,7.78125,3.0,32.0,64.0
800.0,46,6.735294118,3.0,34.0,62.0
900.0,46,6.290322581,3.741935484,31.0,64.0
1000.0,46,6.393939394,4.484848485,33.0,64.0
1100.0,46,6.205882353,5.235294118,34.0,64.0
1200.0,46,7.818181818,7.363636364,33.0,64.0
1300.0,46,10.35483871,7.774193548,31.0,62.0
1400.0,46,12.0,5.121212121,33.0,64.0
1500.0,46,14.2,3.914285714,35.0,64.0
1600.0,46,13.24137931,4.344827586,29.0,60.0
1700.0,46,12.3030303,4.151515152,33.0,64.0
1800.0,46,11.96969697,4.181818182,33.0,62.0
1900.0,46,12.81818182,4.666666667,33.0,64.0
2000.0,46,14.15625,3.5,32.0,64.0
2100.0,46,13.875,3.6875,32.0,64.0
2200.0,46,13.15151515,3.636363636,33.0,64.0
2300.0,46,13.6969697,3.909090909,33.0,62.0
2400.0,46,11.64705882,4.529411765,34.0,64.0
2500.0,46,10.30555556,5.027777778,36.0,64.0
2600.0,46,10.20588235,4.911764706,34.0,64.0
2700.0,46,9.9375,4.78125,32.0,62.0
2800.0,46,10.03225806,3.419354839,31.0,64.0
2900.0,46,9.580645161,3.709677419,31.0,62.0
3000.0,46,11.22580645,2.870967742,31.0,64.0
3100.0,46,12.96969697,1.939393939,33.0,64.0
3200.0,46,13.29032258,3.193548387,31.0,62.0
3300.0,46,13.51515152,3.151515152,33.0,64.0
3400.0,46,13.0,3.96969697,33.0,64.0
3500.0,46,12.40625,6.59375,32.0,64.0
3600.0,46,12.84375,5.90625,32.0,64.0
3700.0,46,14.33333333,5.121212121,33.0,64.0
3800.0,46,13.90909091,5.242424242,33.0,62.0
3900.0,46,12.19354839,3.838709677,31.0,62.0
4000.0,46,13.85294118,3.382352941,34.0,64.0
4100.0,46,13.54545455,2.090909091,33.0,62.0
4200.0,46,13.20588235,0.1470588235,34.0,66.0
4300.0,46,12.67741935,2.129032258,31.0,64.0
4400.0,46,13.6969697,4.242424242,33.0,62.0
4500.0,46,15.7,2.233333333,30.0,64.0
4600.0,46,17.03030303,1.393939394,33.0,64.0
4700.0,46,17.375,0.65625,32.0,62.0
4800.0,46,19.82352941,-1.382352941,34.0,64.0
4900.0,46,20.18181818,-0.9090909091,33.0,64.0
5000.0,46,21.90909091,-1.303030303,33.0,62.0
5100.0,46,20.24242424,-1.303030303,33.0,62.0
5200.0,46,20.55882353,-1.852941176,34.0,64.0
5300.0,46,18.19354839,-3.709677419,31.0,60.0
5400.0,46,20.28571429,-4.4,35.0,64.0
5500.0,46,18.96551724,-5.75862069,29.0,62.0
5600.0,46,17.84848485,-4.575757576,33.0,64.0
5700.0,46,19.32258065,-5.0,31.0,62.0
5800.0,46,19.9375,-5.53125,32.0,64.0
5900.0,46,19.1875,-4.53125,32.0,64.0
6000.0,46,20.08571429,-5.0,35.0,66.0
6100.0,46,19.74193548,-4.193548387,31.0,64.0
6200.0,46,20.09375,-3.6875,32.0,62.0
6300.0,46,18.57142857,-2.228571429,35.0,64.0
6400.0,46,19.0,-2.15625,32.0,62.0
6500.0,46,20.29411765,-2.735294118,34.0,64.0
6600.0,46,19.94285714,-2.342857143,35.0,64.0
6700.0,46,20.75,-0.625,32.0,64.0
6800.0,46,20.17647059,-2.558823529,34.0,64.0
6900.0,46,18.48387097,-1.322580645,31.0,62.0
7000.0,46,18.59375,-0.28125,32.0,64.0
7100.0,46,18.4516129,2.096774194,31.0,62.0
7200.0,46,18.09090909,1.484848485,33.0,62.0
7300.0,46,18.96875,0.6875,32.0,64.0
7400.0,46,19.78787879,1.333333333,33.0,64.0
7500.0,46,18.76666667,0.4333333333,30.0,62.0
7600.0,46,20.33333333,0.7878787879,33.0,64.0
7700.0,46,20.48387097,1.451612903,31.0,62.0
7800.0,46,20.75757576,1.636363636,33.0,64.0
7900.0,46,20.5,0.0,34.0,62.0
8000.0,46,22.0,0.5882352941,34.0,66.0
8100.0,46,23.03030303,0.8787878788,33.0,64.0
8200.0,46,23.90909091,-0.5151515152,33.0,64.0
8300.0,46,22.51515152,0.5454545455,33.0,64.0
8400.0,46,23.84375,0.3125,32.0,64.0
8500.0,46,23.17647059,0.5882352941,34.0,64.0
8600.0,46,24.33333333,-0.8666666667,30.0,64.0
8700.0,46,24.53125,-0.65625,32.0,62.0
8800.0,46,24.27272727,-1.636363636,33.0,62.0
8900.0,46,23.375,-0.21875,32.0,64.0
9000.0,46,20.77142857,2.085714286,35.0,64.0
9100.0,46,20.0,0.4705882353,34.0,66.0
9200.0,46,22.3030303,1.0,33.0,64.0
9300.0,46,20.51515152,2.909090909,33.0,64.0
9400.0,46,19.28571429,3.171428571,35.0,64.0
9500.0,46,19.33333333,4.424242424,33.0,64.0
9600.0,46,18.26470588,4.735294118,34.0,64.0
9700.0,46,18.24242424,4.636363636,33.0,64.0
9800.0,46,18.91428571,4.228571429,35.0,64.0
9900.0,46,19.26470588,4.911764706,34.0,64.0
10000.0,46,18.60606061,4.272727273,33.0,64.0
0.0,47,4.0,4.0,37.0,64.0
100.0,47,5.774193548,4.870967742,31.0,62.0
200.0,47,6.193548387,5.032258065,31.0,62.0
300.0,47,6.457142857,5.657142857,35.0,66.0
400.0,47,7.151515152,4.909090909,33.0,62.0
500.0,47,9.342857143,3.971428571,35.0,66.0
600.0,47,8.151515152,2.727272727,33.0,62.0
700.0,47,8.533333333,2.0,30.0,62.0
800.0,47,5.90625,2.65625,32.0,64.0
900.0,47,6.46875,2.0625,32.0,62.0
1000.0,47,6.470588235,3.058823529,34.0,64.0
1100.0,47,5.617647059,1.294117647,34.0,64.0
1200.0,47,6.090909091,1.363636364,33.0,64.0
1300.0,47,6.03125,1.40625,32.0,64.0
1400.0,47,7.6875,2.15625,32.0,62.0
1500.0,47,6.352941176,2.088235294,34.0,64.0
1600.0,47,5.451612903,1.709677419,31.0,62.0
1700.0,47,4.636363636,2.939393939,33.0,64.0
1800.0,47,5.848484848,2.909090909,33.0,62.0
1900.0,47,5.451612903,6.35483871,31.0,62.0
2000.0,47,6.21875,7.5625,32.0,64.0
2100.0,47,5.794117647,8.5,34.0,64.0
2200.0,47,5.636363636,7.727272727,33.0,62.0
2300.0,47,5.90625,7.1875,32.0,64.0
2400.0,47,7.666666667,6.060606061,33.0,62.0
2500.0,47,8.483870968,7.483870968,31.0,62.0
2600.0,47,7.878787879,8.393939394,33.0,64.0
2700.0,47,7.90625,8.03125,32.0,62.0
2800.0,47,6.424242424,8.060606061,33.0,62.0
2900.0,47,4.96875,7.28125,32.0,62.0
3000.0,47,5.314285714,7.085714286,35.0,64.0
3100.0,47,4.382352941,10.14705882,34.0,64.0
3200.0,47,4.909090909,10.78787879,33.0,62.0
3300.0,47,6.363636364,12.48484848,33.0,64.0
3400.0,47,7.516129032,11.32258065,31.0,62.0
3500.0,47,7.35483871,9.935483871,31.0,62.0
3600.0,47,6.090909091,10.84848485,33.0,62.0
3700.0,47,5.125,12.5,32.0,64.0
3800.0,47,5.323529412,12.05882353,34.0,66.0
3900.0,47,6.1875,10.65625,32.0,64.0
4000.0,47,5.545454545,10.66666667,33.0,64.0
4100.0,47,4.735294118,12.29411765,34.0,64.0
4200.0,47,3.638888889,12.91666667,36.0,66.0
4300.0,47,5.058823529,13.76470588,34.0,64.0
4400.0,47,3.46875,13.53125,32.0,62.0
4500.0,47,3.090909091,13.51515152,33.0,62.0
4600.0,47,2.258064516,12.70967742,31.0,64.0
4700.0,47,3.03125,12.90625,32.0,62.0
4800.0,47,1.46875,12.4375,32.0,64.0
4900.0,47,2.066666667,10.83333333,30.0,62.0
5000.0,47,0.9117647059,10.97058824,34.0,64.0
5100.0,47,1.935483871,11.19354839,31.0,64.0
5200.0,47,4.96969697,9.424242424,33.0,62.0
5300.0,47,4.78125,9.875,32.0,62.0
5400.0,47,4.411764706,8.176470588,34.0,64.0
5500.0,47,4.942857143,8.657142857,35.0,64.0
5600.0,47,5.264705882,7.0,34.0,62.0
5700.0,47,5.617647059,7.823529412,34.0,64.0
5800.0,47,6.176470588,8.823529412,34.0,62.0
5900.0,47,6.290322581,9.032258065,31.0,62.0
6000.0,47,5.657142857,9.057142857,35.0,64.0
6100.0,47,5.875,6.78125,32.0,64.0
6200.0,47,6.548387097,6.419354839,31.0,60.0
6300.0,47,5.818181818,5.272727273,33.0,64.0
6400.0,47,6.09375,5.125,32.0,62.0
6500.0,47,7.666666667,4.636363636,33.0,64.0
6600.0,47,8.125,5.8125,32.0,64.0
6700.0,47,8.0625,6.09375,32.0,62.0
6800.0,47,9.548387097,6.290322581,31.0,62.0
6900.0,47,10.53125,5.03125,32.0,66.0
7000.0,47,8.787878788,4.090909091,33.0,62.0
7100.0,47,11.40625,4.75,32.0,64.0
7200.0,47,12.05882353,5.058823529,34.0,64.0
7300.0,47,14.58823529,4.676470588,34.0,64.0
7400.0,47,17.70588235,4.029411765,34.0,66.0
7500.0,47,18.375,4.8125,32.0,66.0
7600.0,47,16.87096774,4.612903226,31.0,64.0
7700.0,47,16.65625,4.90625,32.0,62.0
7800.0,47,16.42424242,6.727272727,33.0,64.0
7900.0,47,18.57575758,5.666666667,33.0,62.0
8000.0,47,18.96875,4.28125,32.0,62.0
8100.0,47,18.84848485,4.727272727,33.0,62.0
8200.0,47,18.35294118,5.0,34.0,64.0
8300.0,47,18.16666667,6.133333333,30.0,64.0
8400.0,47,15.93548387,4.580645161,31.0,60.0
8500.0,47,15.73529412,3.176470588,34.0,66.0
8600.0,47,14.60606061,4.121212121,33.0,64.0
8700.0,47,15.61290323,5.677419355,31.0,62.0
8800.0,47,16.19354839,5.967741935,31.0,62.0
8900.0,47,17.11764706,5.852941176,34.0,64.0
9000.0,47,18.45454545,5.727272727,33.0,64.0
9100.0,47,19.17647059,5.176470588,34.0,62.0
9200.0,47,20.26666667,4.3,30.0,60.0
9300.0,47,20.59375,3.8125,32.0,64.0
9400.0,47,21.09375,3.28125,32.0,62.0
9500.0,47,19.78125,0.9375,32.0,62.0
9600.0,47,18.41935484,-0.5483870968,31.0,60.0
9700.0,47,17.85714286,-0.08571428571,35.0,64.0
9800.0,47,18.34285714,0.4571428571,35.0,66.0
9900.0,47,20.25714286,0.8857142857,35.0,64.0
10000.0,47,20.125,1.4375,32.0,64.0
0.0,48,4.0,4.0,37.0,64.0
100.0,48,3.771428571,2.742857143,35.0,64.0
200.0,48,5.4375,4.21875,32.0,64.0
300.0,48,5.9375,3.75,32.0,62.0
400.0,48,4.46875,5.28125,32.0,64.0
500.0,48,5.818181818,6.787878788,33.0,66.0
600.0,48,5.064516129,7.064516129,31.0,62.0
700.0,48,6.3,6.666666667,30.0,62.0
800.0,48,7.571428571,6.228571429,35.0,64.0
900.0,48,6.424242424,5.424242424,33.0,62.0
1000.0,48,6.21875,5.4375,32.0,64.0
1100.0,48,7.290322581,5.516129032,31.0,64.0
1200.0,48,6.5625,5.71875,32.0,62.0
1300.0,48,6.676470588,4.647058824,34.0,64.0
1400.0,48,5.575757576,3.575757576,33.0,62.0
1500.0,48,4.59375,2.5625,32.0,62.0
1600.0,48,4.060606061,2.575757576,33.0,66.0
1700.0,48,3.121212121,0.9393939394,33.0,64.0
1800.0,48,3.4375,1.1875,32.0,64.0
1900.0,48,2.787878788,1.909090909,33.0,62.0
2000.0,48,1.454545455,2.212121212,33.0,62.0
2100.0,48,-0.3235294118,0.7058823529,34.0,64.0
2200.0,48,-0.4242424242,1.181818182,33.0,64.0
2300.0,48,-0.75,-0.78125,32.0,64.0
2400.0,48,-0.2580645161,1.129032258,31.0,62.0
2500.0,48,1.727272727,1.575757576,33.0,64.0
2600.0,48,1.875,1.46875,32.0,62.0
2700.0,48,1.181818182,-0.1212121212,33.0,66.0
2800.0,48,1.580645161,-2.064516129,31.0,60.0
2900.0,48,-0.2424242424,-1.909090909,33.0,62.0
3000.0,48,1.424242424,-1.060606061,33.0,62.0
3100.0,48,1.909090909,-1.696969697,33.0,62.0
3200.0,48,1.71875,-3.21875,32.0,62.0
3300.0,48,0.05714285714,-2.942857143,35.0,64.0
3400.0,48,-1.375,-4.09375,32.0,64.0
3500.0,48,-3.333333333,-2.575757576,33.0,62.0
3600.0,48,-4.6875,0.03125,32.0,64.0
3700.0,48,-3.085714286,-1.771428571,35.0,64.0
3800.0,48,-0.4193548387,-3.838709677,31.0,64.0
3900.0,48,2.090909091,-4.454545455,33.0,62.0
4000.0,48,0.8125,-3.1875,32.0,64.0
4100.0,48,0.4516129032,-3.451612903,31.0,62.0
4200.0,48,-0.1818181818,-3.96969697,33.0,62.0
4300.0,48,-1.34375,-4.3125,32.0,62.0
4400.0,48,-2.454545455,-6.787878788,33.0,64.0
4500.0,48,-2.303030303,-5.121212121,33.0,66.0
4600.0,48,-0.5882352941,-3.205882353,34.0,66.0
4700.0,48,2.0625,-4.5,32.0,64.0
4800.0,48,0.4375,-7.1875,32.0,62.0
4900.0,48,0.5151515152,-5.0,33.0,66.0
5000.0,48,0.3333333333,-3.424242424,33.0,62.0
5100.0,48,-1.870967742,-2.451612903,31.0,64.0
5200.0,48,-1.787878788,-2.818181818,33.0,64.0
5300.0,48,-2.181818182,-3.727272727,33.0,66.0
5400.0,48,-0.05882352941,-3.029411765,34.0,66.0
5500.0,48,-0.8529411765,-3.029411765,34.0,64.0
5600.0,48,0.9375,-3.875,32.0,64.0
5700.0,48,1.257142857,-3.114285714,35.0,64.0
5800.0,48,-0.3666666667,-3.0,30.0,62.0
5900.0,48,-0.4375,-1.84375,32.0,64.0
6000.0,48,0.6875,-1.28125,32.0,62.0
6100.0,48,0.9210526316,-4.052631579,38.0,66.0
6200.0,48,1.057142857,-4.714285714,35.0,64.0
6300.0,48,0.2580645161,-3.806451613,31.0,62.0
6400.0,48,-0.46875,-2.21875,32.0,62.0
6500.0,48,0.2424242424,-1.303030303,33.0,62.0
6600.0,48,1.5,-3.0,34.0,62.0
6700.0,48,2.314285714,-4.6,35.0,64.0
6800.0,48,3.151515152,-5.515151515,33.0,64.0
6900.0,48,3.0625,-5.5625,32.0,62.0
7000.0,48,4.676470588,-7.264705882,34.0,64.0
7100.0,48,3.942857143,-6.0,35.0,64.0
7200.0,48,3.65625,-7.59375,32.0,62.0
7300.0,48,3.382352941,-4.147058824,34.0,64.0
7400.0,48,2.696969697,-4.060606061,33.0,64.0
7500.0,48,3.205882353,-5.735294118,34.0,66.0
7600.0,48,3.65625,-6.53125,32.0,64.0
7700.0,48,4.885714286,-6.257142857,35.0,64.0
7800.0,48,6.727272727,-7.151515152,33.0,62.0
7900.0,48,6.705882353,-8.323529412,34.0,64.0
8000.0,48,5.870967742,-9.322580645,31.0,62.0
8100.0,48,6.34375,-9.96875,32.0,64.0
8200.0,48,7.15625,-10.9375,32.0,62.0
8300.0,48,8.548387097,-12.19354839,31.0,62.0
8400.0,48,7.705882353,-9.970588235,34.0,64.0
8500.0,48,8.0,-12.14705882,34.0,64.0
8600.0,48,8.848484848,-13.21212121,33.0,64.0
8700.0,48,9.228571429,-14.17142857,35.0,66.0
8800.0,48,9.65625,-13.4375,32.0,62.0
8900.0,48,9.567567568,-14.62162162,37.0,66.0
9000.0,48,10.08333333,-14.66666667,36.0,66.0
9100.0,48,8.424242424,-15.42424242,33.0,64.0
9200.0,48,7.970588235,-14.70588235,34.0,64.0
9300.0,48,8.78125,-14.34375,32.0,62.0
9400.0,48,6.84375,-14.8125,32.0,62.0
9500.0,48,7.628571429,-16.57142857,35.0,64.0
9600.0,48,6.428571429,-17.17142857,35.0,66.0
9700.0,48,7.03125,-18.09375,32.0,62.0
9800.0,48,4.545454545,-19.09090909,33.0,64.0
9900.0,48,4.294117647,-17.32352941,34.0,64.0
10000.0,48,4.566666667,-17.93333333,30.0,62.0
0.0,49,4.0,4.0,37.0,64.0
100.0,49,3.303030303,5.363636364,33.0,64.0
200.0,49,1.28125,3.53125,32.0,64.0
300.0,49,0.8125,4.5625,32.0,62.0
400.0,49,0.2727272727,5.242424242,33.0,64.0
500.0,49,0.28125,4.625,32.0,62.0
600.0,49,0.2058823529,3.764705882,34.0,64.0
700.0,49,0.28125,5.3125,32.0,64.0
800.0,49,0.9375,5.90625,32.0,64.0
900.0,49,0.2,5.6,30.0,64.0
1000.0,49,-0.46875,7.125,32.0,64.0
1100.0,49,-0.7575757576,7.424242424,33.0,62.0
1200.0,49,-1.485714286,9.4,35.0,64.0
1300.0,49,-0.1176470588,8.147058824,34.0,64.0
1400.0,49,-1.03125,9.09375,32.0,64.0
1500.0,49,-1.242424242,8.0,33.0,64.0
1600.0,49,-0.46875,8.5,32.0,64.0
1700.0,49,-1.0,8.303030303,33.0,64.0
1800.0,49,-3.64516129,7.064516129,31.0,62.0
1900.0,49,-4.515151515,5.606060606,33.0,62.0
2000.0,49,-3.242424242,4.333333333,33.0,62.0
2100.0,49,-2.1875,4.0,32.0,62.0
2200.0,49,-2.9,3.2,30.0,62.0
2300.0,49,-1.548387097,0.3870967742,31.0,64.0
2400.0,49,-1.787878788,1.575757576,33.0,64.0
2500.0,49,-1.606060606,-0.2727272727,33.0,64.0
2600.0,49,-0.8125,-2.59375,32.0,64.0
2700.0,49,-0.2121212121,-1.454545455,33.0,62.0
2800.0,49,-1.90625,-0.6875,32.0,62.0
2900.0,49,-3.8125,0.21875,32.0,62.0
3000.0,49,-4.941176471,1.441176471,34.0,64.0
3100.0,49,-2.1875,1.71875,32.0,62.0
3200.0,49,-1.9375,1.53125,32.0,64.0
3300.0,49,-0.4242424242,2.060606061,33.0,64.0
3400.0,49,-0.2666666667,2.366666667,30.0,62.0
3500.0,49,-1.090909091,3.545454545,33.0,64.0
3600.0,49,-3.5,2.375,32.0,62.0
3700.0,49,-3.909090909,2.484848485,33.0,62.0
3800.0,49,-2.848484848,3.515151515,33.0,64.0
3900.0,49,-1.0625,5.4375,32.0,64.0
4000.0,49,-2.53125,4.96875,32.0,62.0
4100.0,49,-1.382352941,4.970588235,34.0,64.0
4200.0,49,-1.65625,5.28125,32.0,62.0
4300.0,49,-1.96875,5.6875,32.0,62.0
4400.0,49,-0.84375,4.875,32.0,64.0
4500.0,49,-0.5,4.352941176,34.0,64.0
4600.0,49,-2.484848485,4.606060606,33.0,64.0
4700.0,49,-3.823529412,5.558823529,34.0,64.0
4800.0,49,-2.8125,7.5,32.0,62.0
4900.0,49,-1.5625,6.125,32.0,62.0
5000.0,49,-3.058823529,8.205882353,34.0,64.0
5100.0,49,-2.5,9.0625,32.0,64.0
5200.0,49,-2.294117647,9.970588235,34.0,64.0
5300.0,49,-2.6875,9.90625,32.0,64.0
5400.0,49,-1.366666667,11.53333333,30.0,62.0
5500.0,49,-2.857142857,13.08571429,35.0,64.0
5600.0,49,-3.84375,14.28125,32.0,62.0
5700.0,49,-2.59375,13.96875,32.0,64.0
5800.0,49,-4.032258065,12.4516129,31.0,62.0
5900.0,49,-4.8125,13.75,32.0,64.0
6000.0,49,-6.21875,12.28125,32.0,64.0
6100.0,49,-6.909090909,12.3030303,33.0,62.0
6200.0,49,-7.057142857,12.05714286,35.0,64.0
6300.0,49,-6.242424242,12.57575758,33.0,64.0
6400.0,49,-6.764705882,12.11764706,34.0,64.0
6500.0,49,-7.2,12.43333333,30.0,60.0
6600.0,49,-8.533333333,12.03333333,30.0,64.0
6700.0,49,-9.818181818,11.03030303,33.0,62.0
6800.0,49,-7.233333333,13.8,30.0,64.0
6900.0,49,-7.424242424,15.09090909,33.0,64.0
7000.0,49,-8.457142857,16.91428571,35.0,64.0
7100.0,49,-6.787878788,17.03030303,33.0,64.0
7200.0,49,-8.176470588,17.41176471,34.0,64.0
7300.0,49,-6.65625,20.5625,32.0,66.0
7400.0,49,-7.0,20.09375,32.0,64.0
7500.0,49,-9.333333333,20.90909091,33.0,64.0
7600.0,49,-8.0,18.5,34.0,62.0
7700.0,49,-9.53125,15.9375,32.0,64.0
7800.0,49,-9.935483871,17.22580645,31.0,64.0
7900.0,49,-11.28125,16.0625,32.0,64.0
8000.0,49,-10.97058824,16.35294118,34.0,66.0
8100.0,49,-11.80645161,16.4516129,31.0,64.0
8200.0,49,-11.61764706,17.17647059,34.0,64.0
8300.0,49,-12.60606061,17.87878788,33.0,64.0
8400.0,49,-13.35483871,17.06451613,31.0,62.0
8500.0,49,-12.75,13.96875,32.0,64.0
8600.0,49,-12.23529412,13.82352941,34.0,64.0
8700.0,49,-14.55555556,13.08333333,36.0,66.0
8800.0,49,-13.58064516,12.22580645,31.0,62.0
8900.0,49,-12.84375,11.53125,32.0,64.0
9000.0,49,-12.56666667,12.26666667,30.0,62.0
9100.0,49,-12.90625,13.0,32.0,62.0
9200.0,49,-14.47058824,14.05882353,34.0,64.0
9300.0,49,-15.79411765,12.79411765,34.0,66.0
9400.0,49,-14.82857143,12.34285714,35.0,66.0
9500.0,49,-13.37142857,10.77142857,35.0,64.0
9600.0,49,-12.18181818,11.72727273,33.0,64.0
9700.0,49,-13.89655172,9.689655172,29.0,60.0
9800.0,49,-13.87878788,12.84848485,33.0,64.0
9900.0,49,-13.56666667,9.933333333,30.0,62.0
10000.0,49,-14.88571429,10.11428571,35.0,64.0
0.0,50,4.0,4.0,37.0,64.0
100.0,50,2.696969697,6.090909091,33.0,62.0
200.0,50,3.060606061,6.96969697,33.0,64.0
300.0,50,4.088235294,7.205882353,34.0,66.0
400.0,50,4.242424242,5.575757576,33.0,62.0
500.0,50,5.0,7.233333333,30.0,62.0
600.0,50,5.764705882,5.617647059,34.0,64.0
700.0,50,5.4375,7.4375,32.0,66.0
800.0,50,6.484848485,5.606060606,33.0,62.0
900.0,50,7.696969697,5.484848485,33.0,64.0
1000.0,50,6.125,7.9375,32.0,66.0
1100.0,50,6.387096774,8.741935484,31.0,62.0
1200.0,50,9.606060606,7.545454545,33.0,64.0
1300.0,50,8.75,7.96875,32.0,62.0
1400.0,50,9.75,8.28125,32.0,62.0
1500.0,50,9.967741935,9.35483871,31.0,66.0
1600.0,50,10.66666667,7.757575758,33.0,62.0
1700.0,50,12.84848485,7.151515152,33.0,62.0
1800.0,50,12.90909091,8.363636364,33.0,64.0
1900.0,50,12.40625,8.8125,32.0,64.0
2000.0,50,11.65625,9.15625,32.0,64.0
2100.0,50,12.63636364,6.727272727,33.0,62.0
2200.0,50,12.0625,7.65625,32.0,64.0
2300.0,50,12.64516129,9.193548387,31.0,60.0
2400.0,50,14.27272727,10.15151515,33.0,62.0
2500.0,50,15.41935484,10.22580645,31.0,62.0
2600.0,50,16.6875,9.4375,32.0,62.0
2700.0,50,17.54545455,7.363636364,33.0,64.0
2800.0,50,19.91428571,6.685714286,35.0,64.0
2900.0,50,18.09375,9.0625,32.0,62.0
3000.0,50,20.6,8.714285714,35.0,66.0
3100.0,50,22.74193548,8.870967742,31.0,62.0
3200.0,50,25.12121212,7.090909091,33.0,64.0
3300.0,50,26.375,8.6875,32.0,64.0
3400.0,50,27.08571429,9.542857143,35.0,66.0
3500.0,50,27.75,7.53125,32.0,62.0
3600.0,50,28.16129032,6.612903226,31.0,62.0
3700.0,50,29.3030303,6.242424242,33.0,64.0
3800.0,50,29.76470588,6.029411765,34.0,66.0
3900.0,50,32.36363636,7.181818182,33.0,64.0
4000.0,50,30.57575758,6.424242424,33.0,62.0
4100.0,50,29.57575758,7.848484848,33.0,66.0
4200.0,50,30.03030303,6.575757576,33.0,62.0
4300.0,50,29.51612903,6.419354839,31.0,62.0
4400.0,50,27.875,4.78125,32.0,62.0
4500.0,50,26.75757576,4.696969697,33.0,62.0
4600.0,50,27.71875,4.96875,32.0,64.0
4700.0,50,25.03030303,6.181818182,33.0,62.0
4800.0,50,26.05714286,4.342857143,35.0,64.0
4900.0,50,26.4137931,5.275862069,29.0,62.0
5000.0,50,25.84375,3.34375,32.0,62.0
5100.0,50,25.82352941,4.0,34.0,64.0
5200.0,50,26.0,3.852941176,34.0,64.0
5300.0,50,24.6969697,4.242424242,33.0,62.0
5400.0,50,25.05882353,4.441176471,34.0,64.0
5500.0,50,25.33333333,3.4,30.0,62.0
5600.0,50,23.15151515,3.484848485,33.0,62.0
5700.0,50,22.91176471,3.970588235,34.0,64.0
5800.0,50,22.76470588,3.911764706,34.0,64.0
5900.0,50,23.16666667,2.433333333,30.0,62.0
6000.0,50,22.48484848,2.151515152,33.0,62.0
6100.0,50,22.33333333,0.2121212121,33.0,64.0
6200.0,50,23.09677419,0.5483870968,31.0,60.0
6300.0,50,22.21212121,2.757575758,33.0,66.0
6400.0,50,22.875,2.0,32.0,64.0
6500.0,50,24.21875,1.40625,32.0,64.0
6600.0,50,23.65625,2.71875,32.0,62.0
6700.0,50,24.35294118,2.029411765,34.0,64.0
6800.0,50,23.42424242,1.424242424,33.0,62.0
6900.0,50,23.66666667,0.9393939394,33.0,62.0
7000.0,50,25.27272727,-0.3636363636,33.0,62.0
7100.0,50,24.09375,-1.5,32.0,62.0
7200.0,50,24.9375,-1.21875,32.0,62.0
7300.0,50,26.0,-2.6,30.0,66.0
7400.0,50,25.5,-4.264705882,34.0,66.0
7500.0,50,25.15625,-5.53125,32.0,62.0
7600.0,50,26.625,-5.34375,32.0,64.0
7700.0,50,25.3125,-4.1875,32.0,64.0
7800.0,50,26.34375,-3.75,32.0,64.0
7900.0,50,25.09677419,-3.193548387,31.0,60.0
8000.0,50,25.09090909,-3.666666667,33.0,64.0
8100.0,50,25.53333333,-4.066666667,30.0,64.0
8200.0,50,24.39393939,-4.0,33.0,64.0
8300.0,50,24.16129032,-5.451612903,31.0,64.0
8400.0,50,23.65625,-5.96875,32.0,62.0
8500.0,50,21.64705882,-7.352941176,34.0,64.0
8600.0,50,21.60606061,-7.181818182,33.0,64.0
8700.0,50,21.36666667,-8.233333333,30.0,62.0
8800.0,50,21.8125,-9.15625,32.0,62.0
8900.0,50,21.97058824,-7.970588235,34.0,64.0
9000.0,50,21.27272727,-8.636363636,33.0,64.0
9100.0,50,18.66666667,-9.366666667,30.0,62.0
9200.0,50,17.54545455,-11.09090909,33.0,66.0
9300.0,50,16.27272727,-9.848484848,33.0,62.0
9400.0,50,16.43333333,-10.1,30.0,62.0
9500.0,50,16.5862069,-9.551724138,29.0,64.0
9600.0,50,16.25,-7.75,32.0,64.0
9700.0,50,16.72727273,-7.818181818,33.0,62.0
9800.0,50,16.15151515,-9.272727273,33.0,62.0
9900.0,50,16.03030303,-10.42424242,33.0,64.0
10000.0,50,14.18181818,-9.090909091,33.0,64.0
0.0,51,4.0,4.0,37.0,64.0
100.0,51,4.176470588,3.264705882,34.0,64.0
200.0,51,4.029411765,1.735294118,34.0,66.0
300.0,51,3.515151515,-0.3636363636,33.0,64.0
400.0,51,6.294117647,0.2058823529,34.0,66.0
500.0,51,4.909090909,-1.636363636,33.0,64.0
600.0,51,5.193548387,-2.451612903,31.0,62.0
700.0,51,5.0,-2.676470588,34.0,66.0
800.0,51,2.677419355,-2.129032258,31.0,62.0
900.0,51,-0.0625,-1.625,32.0,62.0
1000.0,51,0.5483870968,-0.7096774194,31.0,60.0
1100.0,51,0.6363636364,-1.909090909,33.0,64.0
1200.0,51,0.25,0.03125,32.0,64.0
1300.0,51,0.6571428571,-1.057142857,35.0,64.0
1400.0,51,-1.333333333,-3.424242424,33.0,62.0
1500.0,51,-0.1290322581,-1.806451613,31.0,66.0
1600.0,51,2.64516129,-3.741935484,31.0,64.0
1700.0,51,4.09375,-1.96875,32.0,62.0
1800.0,51,3.454545455,-1.333333333,33.0,64.0
1900.0,51,5.064516129,-0.3870967742,31.0,62.0
2000.0,51,5.96875,-0.71875,32.0,64.0
2100.0,51,5.5,-0.5,36.0,64.0
2200.0,51,6.84375,-2.25,32.0,62.0
2300.0,51,5.75,-2.5,32.0,62.0
2400.0,51,7.454545455,-2.909090909,33.0,62.0
2500.0,51,6.838709677,-1.903225806,31.0,62.0
2600.0,51,6.911764706,-0.7352941176,34.0,64.0
2700.0,51,7.606060606,-1.939393939,33.0,64.0
2800.0,51,6.96969697,0.3636363636,33.0,64.0
2900.0,51,9.1875,-0.5,32.0,62.0
3000.0,51,11.33333333,0.5757575758,33.0,62.0
3100.0,51,12.94117647,0.9117647059,34.0,64.0
3200.0,51,11.78787879,0.6363636364,33.0,64.0
3300.0,51,14.09677419,2.580645161,31.0,62.0
3400.0,51,12.18181818,3.090909091,33.0,64.0
3500.0,51,12.87878788,3.939393939,33.0,64.0
3600.0,51,13.74193548,4.580645161,31.0,64.0
3700.0,51,13.03030303,4.242424242,33.0,64.0
3800.0,51,11.96969697,4.181818182,33.0,64.0
3900.0,51,12.48571429,4.885714286,35.0,64.0
4000.0,51,11.19354839,5.387096774,31.0,62.0
4100.0,51,11.42424242,5.424242424,33.0,64.0
4200.0,51,12.19354839,4.806451613,31.0,64.0
4300.0,51,10.8,5.133333333,30.0,62.0
4400.0,51,10.27272727,3.939393939,33.0,64.0
4500.0,51,10.84375,3.3125,32.0,64.0
4600.0,51,13.87878788,1.96969697,33.0,64.0
4700.0,51,14.51515152,3.060606061,33.0,64.0
4800.0,51,12.41935484,4.387096774,31.0,62.0
4900.0,51,11.83333333,5.433333333,30.0,64.0
5000.0,51,13.0,3.5,34.0,62.0
5100.0,51,13.5,3.4375,32.0,64.0
5200.0,51,13.41935484,4.64516129,31.0,64.0
5300.0,51,13.6969697,4.0,33.0,64.0
5400.0,51,14.6969697,4.242424242,33.0,62.0
5500.0,51,11.96969697,3.636363636,33.0,64.0
5600.0,51,13.40625,3.5625,32.0,62.0
5700.0,51,12.8125,4.1875,32.0,62.0
5800.0,51,12.33333333,3.060606061,33.0,62.0
5900.0,51,13.82857143,6.0,35.0,64.0
6000.0,51,14.80645161,6.387096774,31.0,64.0
6100.0,51,16.05714286,7.714285714,35.0,64.0
6200.0,51,17.375,8.09375,32.0,64.0
6300.0,51,17.90625,4.5,32.0,62.0
6400.0,51,18.05882353,4.470588235,34.0,64.0
6500.0,51,18.16129032,5.064516129,31.0,64.0
6600.0,51,18.97058824,4.382352941,34.0,64.0
6700.0,51,20.36363636,5.727272727,33.0,62.0
6800.0,51,19.375,6.40625,32.0,62.0
6900.0,51,19.03125,7.90625,32.0,62.0
7000.0,51,21.41176471,10.91176471,34.0,64.0
7100.0,51,22.38709677,10.16129032,31.0,64.0
7200.0,51,24.48387097,10.41935484,31.0,64.0
7300.0,51,23.93939394,9.454545455,33.0,66.0
7400.0,51,23.09090909,11.75757576,33.0,64.0
7500.0,51,21.17647059,10.82352941,34.0,62.0
7600.0,51,20.32258065,9.741935484,31.0,64.0
7700.0,51,19.84375,10.5,32.0,64.0
7800.0,51,20.15151515,8.393939394,33.0,64.0
7900.0,51,19.81818182,8.151515152,33.0,64.0
8000.0,51,19.60606061,9.484848485,33.0,62.0
8100.0,51,19.75,6.8125,32.0,64.0
8200.0,51,21.15151515,6.515151515,33.0,62.0
8300.0,51,19.35294118,7.264705882,34.0,64.0
8400.0,51,19.78125,8.34375,32.0,62.0
8500.0,51,19.48484848,9.909090909,33.0,62.0
8600.0,51,21.09375,10.96875,32.0,62.0
8700.0,51,18.78125,9.75,32.0,64.0
8800.0,51,19.5,10.8125,32.0,62.0
8900.0,51,20.23529412,7.852941176,34.0,66.0
9000.0,51,21.42424242,5.666666667,33.0,62.0
9100.0,51,21.3030303,6.060606061,33.0,66.0
9200.0,51,21.21212121,5.727272727,33.0,64.0
9300.0,51,20.71875,3.84375,32.0,62.0
9400.0,51,21.03125,2.59375,32.0,62.0
9500.0,51,22.0,4.03125,32.0,64.0
9600.0,51,22.18181818,5.727272727,33.0,62.0
9700.0,51,23.26470588,5.794117647,34.0,64.0
9800.0,51,20.8125,7.5,32.0,64.0
9900.0,51,20.78787879,7.333333333,33.0,64.0
10000.0,51,21.03030303,9.818181818,33.0,64.0
0.0,52,4.0,4.0,37.0,64.0
100.0,52,4.8,2.257142857,35.0,66.0
200.0,52,3.483870968,1.129032258,31.0,64.0
300.0,52,4.903225806,2.032258065,31.0,62.0
400.0,52,5.303030303,-0.06060606061,33.0,64.0
500.0,52,4.15625,0.375,32.0,60.0
600.0,52,3.272727273,0.9090909091,33.0,64.0
700.0,52,3.03030303,2.121212121,33.0,64.0
800.0,52,1.151515152,1.727272727,33.0,62.0
900.0,52,1.441176471,-0.05882352941,34.0,64.0
1000.0,52,-0.90625,-0.84375,32.0,64.0
1100.0,52,-1.454545455,-2.363636364,33.0,64.0
1200.0,52,-1.484848485,-3.484848485,33.0,66.0
1300.0,52,-1.84375,-4.4375,32.0,62.0
1400.0,52,-1.545454545,-4.272727273,33.0,64.0
1500.0,52,-2.96875,-6.71875,32.0,62.0
1600.0,52,-3.0,-7.90625,32.0,62.0
1700.0,52,-3.193548387,-11.48387097,31.0,62.0
1800.0,52,-0.8666666667,-9.866666667,30.0,62.0
1900.0,52,-0.6206896552,-10.03448276,29.0,60.0
2000.0,52,0.8709677419,-10.96774194,31.0,62.0
2100.0,52,0.90625,-9.625,32.0,62.0
2200.0,52,1.516129032,-11.87096774,31.0,62.0
2300.0,52,-0.09375,-14.34375,32.0,64.0
2400.0,52,0.1818181818,-13.96969697,33.0,64.0
2500.0,52,0.09090909091,-14.51515152,33.0,66.0
2600.0,52,0.8857142857,-14.02857143,35.0,66.0
2700.0,52,2.787878788,-13.09090909,33.0,62.0
2800.0,52,2.451612903,-12.25806452,31.0,64.0
2900.0,52,2.193548387,-12.93548387,31.0,64.0
3000.0,52,0.8235294118,-12.73529412,34.0,64.0
3100.0,52,1.794117647,-12.70588235,34.0,64.0
3200.0,52,0.7096774194,-11.19354839,31.0,62.0
3300.0,52,1.375,-12.5,32.0,62.0
3400.0,52,1.84375,-11.71875,32.0,62.0
3500.0,52,2.875,-11.8125,32.0,62.0
3600.0,52,1.8125,-11.5,32.0,62.0
3700.0,52,3.709677419,-10.25806452,31.0,62.0
3800.0,52,2.4375,-8.75,32.0,62.0
3900.0,52,3.1875,-9.15625,32.0,64.0
4000.0,52,2.181818182,-9.151515152,33.0,64.0
4100.0,52,3.35483871,-8.161290323,31.0,64.0
4200.0,52,5.09375,-6.96875,32.0,62.0
4300.0,52,5.03030303,-7.272727273,33.0,66.0
4400.0,52,4.5625,-7.96875,32.0,64.0
4500.0,52,3.575757576,-7.424242424,33.0,62.0
4600.0,52,2.428571429,-8.942857143,35.0,66.0
4700.0,52,2.65625,-8.03125,32.0,64.0
4800.0,52,5.161290323,-8.741935484,31.0,62.0
4900.0,52,6.121212121,-9.606060606,33.0,64.0
5000.0,52,7.303030303,-9.393939394,33.0,66.0
5100.0,52,6.032258065,-9.419354839,31.0,62.0
5200.0,52,5.714285714,-10.02857143,35.0,66.0
5300.0,52,7.366666667,-8.2,30.0,62.0
5400.0,52,8.852941176,-9.323529412,34.0,64.0
5500.0,52,6.935483871,-8.677419355,31.0,62.0
5600.0,52,6.548387097,-7.580645161,31.0,64.0
5700.0,52,6.53125,-8.21875,32.0,64.0
5800.0,52,8.28125,-9.75,32.0,62.0
5900.0,52,7.35483871,-9.774193548,31.0,62.0
6000.0,52,7.272727273,-11.18181818,33.0,62.0
6100.0,52,6.147058824,-12.02941176,34.0,64.0
6200.0,52,3.71875,-10.25,32.0,64.0
6300.0,52,2.65625,-12.75,32.0,64.0
6400.0,52,4.212121212,-11.54545455,33.0,62.0
6500.0,52,4.466666667,-8.8,30.0,60.0
6600.0,52,2.971428571,-11.4,35.0,64.0
6700.0,52,3.032258065,-10.48387097,31.0,62.0
6800.0,52,1.852941176,-9.617647059,34.0,64.0
6900.0,52,2.8125,-9.0,32.0,62.0
7000.0,52,2.272727273,-10.36363636,33.0,62.0
7100.0,52,2.696969697,-8.424242424,33.0,64.0
7200.0,52,2.212121212,-8.060606061,33.0,64.0
7300.0,52,2.666666667,-8.212121212,33.0,64.0
7400.0,52,2.090909091,-6.545454545,33.0,62.0
7500.0,52,2.171428571,-6.657142857,35.0,66.0
7600.0,52,0.9696969697,-7.818181818,33.0,64.0
7700.0,52,0.5757575758,-8.757575758,33.0,64.0
7800.0,52,-0.7931034483,-10.68965517,29.0,62.0
7900.0,52,-1.941176471,-10.44117647,34.0,64.0
8000.0,52,-1.419354839,-9.967741935,31.0,62.0
8100.0,52,-0.7352941176,-9.205882353,34.0,64.0
8200.0,52,0.28125,-9.96875,32.0,62.0
8300.0,52,-0.1515151515,-11.09090909,33.0,64.0
8400.0,52,1.060606061,-10.57575758,33.0,64.0
8500.0,52,2.96875,-10.5,32.0,64.0
8600.0,52,2.818181818,-10.27272727,33.0,62.0
8700.0,52,2.171428571,-8.971428571,35.0,64.0
8800.0,52,4.40625,-10.1875,32.0,66.0
8900.0,52,3.454545455,-11.15151515,33.0,64.0
9000.0,52,5.28125,-11.96875,32.0,64.0
9100.0,52,5.878787879,-10.33333333,33.0,64.0
9200.0,52,5.533333333,-8.433333333,30.0,62.0
9300.0,52,5.193548387,-8.838709677,31.0,62.0
9400.0,52,5.515151515,-8.757575758,33.0,64.0
9500.0,52,5.058823529,-9.058823529,34.0,64.0
9600.0,52,4.903225806,-8.032258065,31.0,62.0
9700.0,52,5.28125,-7.8125,32.0,62.0
9800.0,52,5.909090909,-8.787878788,33.0,62.0
9900.0,52,6.242424242,-5.333333333,33.0,62.0
10000.0,52,6.09375,-5.1875,32.0,64.0
0.0,53,4.0,4.0,37.0,64.0
100.0,53,5.515151515,6.545454545,33.0,64.0
200.0,53,6.470588235,7.264705882,34.0,64.0
300.0,53,4.8125,6.0625,32.0,64.0
400.0,53,4.709677419,6.258064516,31.0,62.0
500.0,53,2.424242424,5.03030303,33.0,62.0
600.0,53,4.15625,6.125,32.0,62.0
700.0,53,3.852941176,5.705882353,34.0,64.0
800.0,53,4.53125,6.71875,32.0,64.0
900.0,53,3.735294118,7.0,34.0,62.0
1000.0,53,2.176470588,4.176470588,34.0,64.0
1100.0,53,1.911764706,6.235294118,34.0,64.0
1200.0,53,1.212121212,4.727272727,33.0,64.0
1300.0,53,2.34375,2.53125,32.0,62.0
1400.0,53,1.032258065,3.129032258,31.0,62.0
1500.0,53,4.65625,3.46875,32.0,62.0
1600.0,53,4.757575758,4.393939394,33.0,64.0
1700.0,53,2.411764706,4.676470588,34.0,64.0
1800.0,53,2.838709677,4.225806452,31.0,66.0
1900.0,53,1.852941176,3.352941176,34.0,64.0
2000.0,53,0.5,2.0,32.0,62.0
2100.0,53,2.34375,0.78125,32.0,64.0
2200.0,53,2.4375,0.15625,32.0,64.0
2300.0,53,4.147058824,-1.470588235,34.0,64.0
2400.0,53,5.181818182,-1.727272727,33.0,62.0
2500.0,53,4.090909091,-1.393939394,33.0,64.0
2600.0,53,4.393939394,-1.484848485,33.0,62.0
2700.0,53,2.818181818,-0.7272727273,33.0,62.0
2800.0,53,3.8125,0.46875,32.0,62.0
2900.0,53,5.612903226,2.516129032,31.0,62.0
3000.0,53,4.352941176,1.970588235,34.0,64.0
3100.0,53,3.8,1.457142857,35.0,66.0
3200.0,53,3.09375,2.25,32.0,64.0
3300.0,53,4.972222222,2.694444444,36.0,64.0
3400.0,53,2.741935484,2.483870968,31.0,62.0
3500.0,53,3.264705882,4.088235294,34.0,64.0
3600.0,53,3.625,1.4375,32.0,64.0
3700.0,53,6.057142857,1.428571429,35.0,64.0
3800.0,53,6.533333333,2.766666667,30.0,62.0
3900.0,53,6.424242424,1.424242424,33.0,62.0
4000.0,53,8.264705882,3.0,34.0,62.0
4100.0,53,9.911764706,2.941176471,34.0,64.0
4200.0,53,7.424242424,-1.363636364,33.0,64.0
4300.0,53,7.25,-1.25,32.0,64.0
4400.0,53,6.628571429,-2.228571429,35.0,64.0
4500.0,53,6.935483871,-1.161290323,31.0,64.0
4600.0,53,7.1875,0.78125,32.0,62.0
4700.0,53,7.647058824,1.647058824,34.0,64.0
4800.0,53,8.088235294,0.6470588235,34.0,64.0
4900.0,53,8.84375,2.71875,32.0,62.0
5000.0,53,8.419354839,4.451612903,31.0,60.0
5100.0,53,5.909090909,3.787878788,33.0,62.0
5200.0,53,7.8125,1.28125,32.0,64.0
5300.0,53,7.970588235,0.3529411765,34.0,64.0
5400.0,53,9.40625,-0.53125,32.0,64.0
5500.0,53,7.606060606,-0.1212121212,33.0,64.0
5600.0,53,6.290322581,-0.935483871,31.0,62.0
5700.0,53,5.848484848,-1.121212121,33.0,64.0
5800.0,53,5.53125,-0.3125,32.0,62.0
5900.0,53,4.4,2.3,30.0,62.0
6000.0,53,4.806451613,2.64516129,31.0,62.0
6100.0,53,4.0,3.444444444,36.0,66.0
6200.0,53,6.676470588,4.382352941,34.0,64.0
6300.0,53,6.484848485,6.060606061,33.0,64.0
6400.0,53,7.875,5.375,32.0,64.0
6500.0,53,8.84375,6.28125,32.0,62.0
6600.0,53,7.5,4.5,34.0,64.0
6700.0,53,6.9375,5.3125,32.0,62.0
6800.0,53,6.9375,6.46875,32.0,64.0
6900.0,53,6.611111111,4.861111111,36.0,64.0
7000.0,53,6.735294118,5.264705882,34.0,64.0
7100.0,53,8.125,5.875,32.0,64.0
7200.0,53,8.727272727,5.181818182,33.0,64.0
7300.0,53,7.424242424,5.303030303,33.0,66.0
7400.0,53,7.59375,4.15625,32.0,64.0
7500.0,53,6.393939394,2.96969697,33.0,64.0
7600.0,53,5.848484848,3.424242424,33.0,64.0
7700.0,53,7.088235294,3.0,34.0,64.0
7800.0,53,8.484848485,1.333333333,33.0,64.0
7900.0,53,7.096774194,0.0,31.0,62.0
8000.0,53,8.666666667,-1.0,33.0,64.0
8100.0,53,10.0,-0.96875,32.0,64.0
8200.0,53,9.5,0.2941176471,34.0,62.0
8300.0,53,7.764705882,-0.6470588235,34.0,64.0
8400.0,53,8.454545455,0.2727272727,33.0,64.0
8500.0,53,6.787878788,1.333333333,33.0,64.0
8600.0,53,8.28125,2.25,32.0,62.0
8700.0,53,8.057142857,2.942857143,35.0,64.0
8800.0,53,10.8125,2.28125,32.0,64.0
8900.0,53,10.75,1.875,32.0,64.0
9000.0,53,11.35483871,2.838709677,31.0,62.0
9100.0,53,11.96875,-1.21875,32.0,64.0
9200.0,53,10.67741935,-1.35483871,31.0,62.0
9300.0,53,8.794117647,-1.441176471,34.0,64.0
9400.0,53,9.21875,-1.0,32.0,62.0
9500.0,53,9.588235294,-1.235294118,34.0,64.0
9600.0,53,7.764705882,1.529411765,34.0,64.0
9700.0,53,11.08823529,2.735294118,34.0,64.0
9800.0,53,13.54545455,3.363636364,33.0,66.0
9900.0,53,13.12903226,4.419354839,31.0,62.0
10000.0,53,14.3030303,5.393939394,33.0,64.0
0.0,54,4.0,4.0,37.0,64.0
100.0,54,2.848484848,4.272727273,33.0,62.0
200.0,54,0.5142857143,4.114285714,35.0,66.0
300.0,54,0.1470588235,5.382352941,34.0,64.0
400.0,54,1.375,7.3125,32.0,64.0
500.0,54,-2.117647059,5.941176471,34.0,64.0
600.0,54,-2.235294118,5.176470588,34.0,64.0
700.0,54,-1.764705882,3.117647059,34.0,64.0
800.0,54,-3.294117647,3.382352941,34.0,64.0
900.0,54,-0.3125,2.1875,32.0,62.0
1000.0,54,-0.2285714286,0.7428571429,35.0,64.0
1100.0,54,0.2352941176,-1.0,34.0,66.0
1200.0,54,-2.9375,0.6875,32.0,62.0
1300.0,54,-2.625,-1.8125,32.0,64.0
1400.0,54,-1.566666667,-5.966666667,30.0,62.0
1500.0,54,-0.8235294118,-5.176470588,34.0,64.0
1600.0,54,0.0,-5.34375,32.0,62.0
1700.0,54,0.8125,-5.75,32.0,62.0
1800.0,54,2.235294118,-3.823529412,34.0,64.0
1900.0,54,4.258064516,-3.870967742,31.0,62.0
2000.0,54,4.848484848,-2.606060606,33.0,64.0
2100.0,54,6.0,-4.4375,32.0,62.0
2200.0,54,3.647058824,-3.735294118,34.0,64.0
2300.0,54,5.2,-4.133333333,30.0,62.0
2400.0,54,5.21875,-2.75,32.0,64.0
2500.0,54,5.25,-1.96875,32.0,62.0
2600.0,54,6.424242424,-2.666666667,33.0,64.0
2700.0,54,8.060606061,-2.303030303,33.0,64.0
2800.0,54,9.242424242,-2.96969697,33.0,64.0
2900.0,54,8.0,-1.9,30.0,64.0
3000.0,54,7.333333333,-3.757575758,33.0,64.0
3100.0,54,6.666666667,-3.818181818,33.0,64.0
3200.0,54,6.764705882,-4.676470588,34.0,64.0
3300.0,54,5.941176471,-5.382352941,34.0,64.0
3400.0,54,7.0,-4.125,32.0,62.0
3500.0,54,5.088235294,-1.352941176,34.0,64.0
3600.0,54,4.5625,-1.28125,32.0,64.0
3700.0,54,6.176470588,-0.2647058824,34.0,66.0
3800.0,54,4.96875,-1.40625,32.0,64.0
3900.0,54,7.1875,-1.5,32.0,62.0
4000.0,54,7.757575758,-0.09090909091,33.0,64.0
4100.0,54,7.451612903,-1.322580645,31.0,62.0
4200.0,54,5.84375,1.4375,32.0,62.0
4300.0,54,6.0,0.4333333333,30.0,62.0
4400.0,54,6.176470588,-0.1764705882,34.0,62.0
4500.0,54,6.333333333,-1.181818182,33.0,64.0
4600.0,54,8.25,-1.1875,32.0,62.0
4700.0,54,8.029411765,-1.705882353,34.0,64.0
4800.0,54,9.419354839,-1.741935484,31.0,64.0
4900.0,54,11.21875,-1.09375,32.0,64.0
5000.0,54,10.57575758,-1.939393939,33.0,62.0
5100.0,54,10.44827586,-0.6206896552,29.0,60.0
5200.0,54,11.15625,-2.125,32.0,62.0
5300.0,54,10.625,-3.125,32.0,64.0
5400.0,54,10.97142857,-3.171428571,35.0,64.0
5500.0,54,12.26666667,-5.1,30.0,62.0
5600.0,54,12.85294118,-5.588235294,34.0,66.0
5700.0,54,11.76470588,-6.823529412,34.0,64.0
5800.0,54,13.05714286,-6.342857143,35.0,64.0
5900.0,54,13.73529412,-2.352941176,34.0,64.0
6000.0,54,12.61764706,-3.147058824,34.0,64.0
6100.0,54,13.1875,-0.46875,32.0,62.0
6200.0,54,14.42857143,0.9428571429,35.0,64.0
6300.0,54,15.82857143,0.7142857143,35.0,66.0
6400.0,54,15.59375,1.09375,32.0,64.0
6500.0,54,16.0,0.6060606061,33.0,64.0
6600.0,54,12.67741935,0.8709677419,31.0,62.0
6700.0,54,15.28125,1.59375,32.0,64.0
6800.0,54,16.75,-0.46875,32.0,62.0
6900.0,54,15.65625,-3.0,32.0,64.0
7000.0,54,15.54285714,-3.085714286,35.0,64.0
7100.0,54,16.94117647,-3.147058824,34.0,64.0
7200.0,54,16.35294118,-4.558823529,34.0,64.0
7300.0,54,17.09090909,-5.484848485,33.0,62.0
7400.0,54,15.36363636,-4.636363636,33.0,64.0
7500.0,54,17.24242424,-4.757575758,33.0,64.0
7600.0,54,16.66666667,-4.060606061,33.0,62.0
7700.0,54,15.875,-6.5625,32.0,64.0
7800.0,54,16.03125,-7.0,32.0,64.0
7900.0,54,17.09375,-8.125,32.0,62.0
8000.0,54,16.84375,-7.25,32.0,62.0
8100.0,54,16.47058824,-5.147058824,34.0,64.0
8200.0,54,18.30555556,-6.694444444,36.0,64.0
8300.0,54,19.80645161,-7.290322581,31.0,60.0
8400.0,54,20.96875,-6.875,32.0,64.0
8500.0,54,22.24242424,-5.03030303,33.0,64.0
8600.0,54,21.94117647,-3.647058824,34.0,64.0
8700.0,54,21.82352941,-3.235294118,34.0,64.0
8800.0,54,22.41176471,-3.117647059,34.0,64.0
8900.0,54,24.0,-1.709677419,31.0,64.0
9000.0,54,26.18181818,-2.181818182,33.0,64.0
9100.0,54,25.72727273,-1.181818182,33.0,62.0
9200.0,54,25.75757576,-1.666666667,33.0,62.0
9300.0,54,25.08823529,-1.647058824,34.0,64.0
9400.0,54,23.625,-0.1875,32.0,64.0
9500.0,54,23.81818182,0.0303030303,33.0,62.0
9600.0,54,22.70588235,1.323529412,34.0,64.0
9700.0,54,21.8125,1.9375,32.0,64.0
9800.0,54,22.17647059,1.441176471,34.0,64.0
9900.0,54,21.46666667,1.8,30.0,64.0
10000.0,54,20.60606061,1.757575758,33.0,64.0
0.0,55,4.0,4.0,37.0,64.0
100.0,55,3.8125,2.5,32.0,62.0
200.0,55,0.65625,1.90625,32.0,62.0
300.0,55,1.235294118,0.8235294118,34.0,64.0
400.0,55,2.264705882,0.4411764706,34.0,64.0
500.0,55,1.606060606,2.757575758,33.0,64.0
600.0,55,3.088235294,3.352941176,34.0,64.0
700.0,55,1.46875,3.09375,32.0,64.0
800.0,55,3.733333333,4.966666667,30.0,62.0
900.0,55,5.941176471,2.882352941,34.0,64.0
1000.0,55,5.75,1.59375,32.0,64.0
1100.0,55,5.545454545,0.7878787879,33.0,62.0
1200.0,55,5.21875,1.625,32.0,64.0
1300.0,55,4.5625,-0.28125,32.0,62.0
1400.0,55,3.757575758,-0.4545454545,33.0,64.0
1500.0,55,2.941176471,-0.8529411765,34.0,64.0
1600.0,55,1.3125,-1.71875,32.0,62.0
1700.0,55,-0.84375,-0.71875,32.0,64.0
1800.0,55,-0.2903225806,-2.032258065,31.0,64.0
1900.0,55,2.823529412,0.1764705882,34.0,62.0
2000.0,55,2.828571429,2.028571429,35.0,66.0
2100.0,55,5.424242424,2.757575758,33.0,62.0
2200.0,55,5.0625,2.9375,32.0,62.0
2300.0,55,4.032258065,2.0,31.0,64.0
2400.0,55,3.258064516,3.161290323,31.0,62.0
2500.0,55,2.305555556,2.694444444,36.0,64.0
2600.0,55,1.7,3.266666667,30.0,62.0
2700.0,55,0.0,0.9428571429,35.0,64.0
2800.0,55,-0.09677419355,-0.4516129032,31.0,60.0
2900.0,55,-0.4848484848,0.0303030303,33.0,64.0
3000.0,55,0.3666666667,-0.03333333333,30.0,62.0
3100.0,55,-0.71875,1.6875,32.0,62.0
3200.0,55,-1.03125,1.65625,32.0,62.0
3300.0,55,-0.5161290323,1.64516129,31.0,64.0
3400.0,55,-0.375,-0.53125,32.0,64.0
3500.0,55,1.323529412,-0.6470588235,34.0,64.0
3600.0,55,2.114285714,-0.8857142857,35.0,64.0
3700.0,55,2.677419355,-0.2903225806,31.0,62.0
3800.0,55,1.78125,1.4375,32.0,62.0
3900.0,55,2.515151515,1.606060606,33.0,64.0
4000.0,55,1.676470588,1.676470588,34.0,64.0
4100.0,55,2.090909091,0.2424242424,33.0,62.0
4200.0,55,2.933333333,-0.1,30.0,60.0
4300.0,55,2.151515152,-0.8484848485,33.0,64.0
4400.0,55,3.0,2.735294118,34.0,62.0
4500.0,55,2.911764706,3.058823529,34.0,64.0
4600.0,55,2.1875,3.25,32.0,62.0
4700.0,55,2.181818182,1.272727273,33.0,62.0
4800.0,55,0.9333333333,1.633333333,30.0,62.0
4900.0,55,0.8235294118,1.823529412,34.0,66.0
5000.0,55,1.96969697,2.393939394,33.0,64.0
5100.0,55,1.71875,1.75,32.0,64.0
5200.0,55,1.428571429,2.628571429,35.0,64.0
5300.0,55,0.4,0.4666666667,30.0,62.0
5400.0,55,1.2,0.4571428571,35.0,64.0
5500.0,55,0.4375,0.28125,32.0,64.0
5600.0,55,1.457142857,0.4285714286,35.0,64.0
5700.0,55,1.451612903,1.419354839,31.0,60.0
5800.0,55,1.875,2.5625,32.0,62.0
5900.0,55,1.6,3.514285714,35.0,64.0
6000.0,55,3.558823529,3.676470588,34.0,64.0
6100.0,55,4.5,3.5,32.0,64.0
6200.0,55,3.352941176,2.941176471,34.0,64.0
6300.0,55,5.64516129,1.290322581,31.0,62.0
6400.0,55,5.909090909,1.090909091,33.0,64.0
6500.0,55,5.970588235,2.235294118,34.0,64.0
6600.0,55,5.176470588,2.176470588,34.0,62.0
6700.0,55,3.25,1.71875,32.0,62.0
6800.0,55,-0.3939393939,0.9696969697,33.0,64.0
6900.0,55,-0.03125,1.9375,32.0,66.0
7000.0,55,-3.057142857,3.657142857,35.0,64.0
7100.0,55,-3.264705882,1.323529412,34.0,64.0
7200.0,55,-3.0,0.935483871,31.0,62.0
7300.0,55,-0.5,1.5,34.0,64.0
7400.0,55,-1.588235294,-0.3235294118,34.0,64.0
7500.0,55,-1.272727273,-0.1212121212,33.0,64.0
7600.0,55,-3.28125,1.90625,32.0,64.0
7700.0,55,-3.375,2.28125,32.0,64.0
7800.0,55,-3.352941176,2.323529412,34.0,64.0
7900.0,55,-3.625,0.90625,32.0,64.0
8000.0,55,-3.657142857,0.9428571429,35.0,64.0
8100.0,55,-3.0,0.7352941176,34.0,62.0
8200.0,55,-5.272727273,0.2121212121,33.0,64.0
8300.0,55,-3.65625,2.46875,32.0,62.0
8400.0,55,-4.78125,2.875,32.0,62.0
8500.0,55,-2.96969697,3.515151515,33.0,64.0
8600.0,55,-3.558823529,4.176470588,34.0,64.0
8700.0,55,-3.176470588,4.558823529,34.0,64.0
8800.0,55,-3.882352941,6.794117647,34.0,64.0
8900.0,55,-3.571428571,5.142857143,35.0,66.0
9000.0,55,-3.852941176,4.294117647,34.0,64.0
9100.0,55,-4.090909091,4.363636364,33.0,64.0
9200.0,55,-4.818181818,3.727272727,33.0,64.0
9300.0,55,-5.705882353,3.558823529,34.0,64.0
9400.0,55,-5.375,4.625,32.0,62.0
9500.0,55,-4.033333333,4.666666667,30.0,62.0
9600.0,55,-4.40625,5.03125,32.0,62.0
9700.0,55,-5.129032258,5.419354839,31.0,64.0
9800.0,55,-4.125,5.15625,32.0,62.0
9900.0,55,-4.228571429,5.371428571,35.0,64.0
10000.0,55,-4.5625,5.625,32.0,64.0
0.0,56,4.0,4.0,37.0,64.0
100.0,56,3.4375,3.3125,32.0,62.0
200.0,56,1.419354839,3.258064516,31.0,62.0
300.0,56,2.25,4.46875,32.0,64.0
400.0,56,2.03030303,6.242424242,33.0,64.0
500.0,56,-0.3125,5.03125,32.0,62.0
600.0,56,0.06060606061,4.818181818,33.0,66.0
700.0,56,0.0625,6.09375,32.0,62.0
800.0,56,-1.433333333,6.5,30.0,64.0
900.0,56,-0.7352941176,9.264705882,34.0,64.0
1000.0,56,-1.5625,8.5625,32.0,62.0
1100.0,56,-0.1818181818,9.212121212,33.0,64.0
1200.0,56,1.666666667,8.151515152,33.0,64.0
1300.0,56,0.375,7.15625,32.0,60.0
1400.0,56,-1.225806452,5.838709677,31.0,64.0
1500.0,56,-3.875,5.0,32.0,62.0
1600.0,56,-3.057142857,6.057142857,35.0,64.0
1700.0,56,-1.333333333,5.212121212,33.0,64.0
1800.0,56,-1.125,4.09375,32.0,64.0
1900.0,56,-0.46875,3.4375,32.0,64.0
2000.0,56,1.161290323,2.548387097,31.0,62.0
2100.0,56,3.774193548,3.64516129,31.0,62.0
2200.0,56,3.5,3.176470588,34.0,64.0
2300.0,56,5.151515152,2.272727273,33.0,62.0
2400.0,56,5.709677419,2.935483871,31.0,64.0
2500.0,56,5.558823529,2.911764706,34.0,64.0
2600.0,56,6.322580645,2.806451613,31.0,64.0
2700.0,56,7.387096774,2.483870968,31.0,62.0
2800.0,56,8.515151515,0.8787878788,33.0,66.0
2900.0,56,8.424242424,0.4848484848,33.0,64.0
3000.0,56,6.882352941,-0.1176470588,34.0,66.0
3100.0,56,6.59375,-2.53125,32.0,64.0
3200.0,56,6.606060606,-4.181818182,33.0,64.0
3300.0,56,5.727272727,-2.363636364,33.0,62.0
3400.0,56,6.575757576,-2.03030303,33.0,62.0
3500.0,56,4.272727273,-3.121212121,33.0,64.0
3600.0,56,4.5625,-3.21875,32.0,64.0
3700.0,56,3.65625,-4.96875,32.0,62.0
3800.0,56,3.8,-5.0,35.0,66.0
3900.0,56,5.4,-5.685714286,35.0,64.0
4000.0,56,6.171428571,-6.714285714,35.0,64.0
4100.0,56,8.096774194,-5.258064516,31.0,62.0
4200.0,56,7.78125,-4.28125,32.0,64.0
4300.0,56,8.90625,-5.0625,32.0,64.0
4400.0,56,9.1875,-3.75,32.0,62.0
4500.0,56,7.666666667,-2.848484848,33.0,64.0
4600.0,56,6.264705882,-4.735294118,34.0,64.0
4700.0,56,6.0,-5.735294118,34.0,62.0
4800.0,56,6.757575758,-6.242424242,33.0,64.0
4900.0,56,6.058823529,-6.058823529,34.0,64.0
5000.0,56,6.470588235,-5.941176471,34.0,64.0
5100.0,56,5.0,-5.771428571,35.0,64.0
5200.0,56,5.787878788,-6.090909091,33.0,62.0
5300.0,56,4.344827586,-7.379310345,29.0,60.0
5400.0,56,4.53125,-6.96875,32.0,62.0
5500.0,56,3.363636364,-5.454545455,33.0,64.0
5600.0,56,4.617647059,-6.294117647,34.0,64.0
5700.0,56,3.15625,-8.28125,32.0,64.0
5800.0,56,2.96969697,-9.0,33.0,64.0
5900.0,56,3.903225806,-8.064516129,31.0,62.0
6000.0,56,2.794117647,-8.441176471,34.0,64.0
6100.0,56,2.657894737,-9.394736842,38.0,66.0
6200.0,56,1.8125,-8.75,32.0,62.0
6300.0,56,0.4242424242,-9.666666667,33.0,62.0
6400.0,56,0.3235294118,-10.91176471,34.0,64.0
6500.0,56,1.548387097,-11.06451613,31.0,64.0
6600.0,56,2.272727273,-10.81818182,33.0,64.0
6700.0,56,0.5151515152,-13.60606061,33.0,64.0
6800.0,56,-0.1212121212,-15.45454545,33.0,64.0
6900.0,56,-2.090909091,-17.75757576,33.0,62.0
7000.0,56,-3.058823529,-17.11764706,34.0,64.0
7100.0,56,-2.193548387,-17.25806452,31.0,62.0
7200.0,56,-3.5,-17.70588235,34.0,62.0
7300.0,56,-4.787878788,-18.90909091,33.0,62.0
7400.0,56,-3.333333333,-19.24242424,33.0,62.0
7500.0,56,-2.967741935,-19.35483871,31.0,64.0
7600.0,56,-2.5625,-18.96875,32.0,64.0
7700.0,56,-3.575757576,-18.90909091,33.0,66.0
7800.0,56,-2.742857143,-19.51428571,35.0,66.0
7900.0,56,-3.46875,-17.40625,32.0,64.0
8000.0,56,-3.032258065,-17.64516129,31.0,62.0
8100.0,56,-3.3125,-17.15625,32.0,64.0
8200.0,56,-3.181818182,-18.21212121,33.0,64.0
8300.0,56,-3.6875,-20.34375,32.0,66.0
8400.0,56,-4.483870968,-20.64516129,31.0,60.0
8500.0,56,-3.709677419,-21.58064516,31.0,62.0
8600.0,56,-2.242424242,-21.12121212,33.0,64.0
8700.0,56,-3.147058824,-20.61764706,34.0,64.0
8800.0,56,-2.5,-21.28125,32.0,62.0
8900.0,56,-2.303030303,-20.42424242,33.0,64.0
9000.0,56,-2.096774194,-18.87096774,31.0,62.0
9100.0,56,-0.2941176471,-16.5,34.0,62.0
9200.0,56,-2.242424242,-16.96969697,33.0,64.0
9300.0,56,-2.0,-14.26470588,34.0,62.0
9400.0,56,-1.870967742,-13.35483871,31.0,62.0
9500.0,56,-1.5,-12.11764706,34.0,64.0
9600.0,56,-1.6,-13.26666667,30.0,62.0
9700.0,56,-2.34375,-13.09375,32.0,62.0
9800.0,56,-0.06451612903,-13.64516129,31.0,62.0
9900.0,56,1.6,-15.03333333,30.0,62.0
10000.0,56,2.5,-15.1875,32.0,62.0
0.0,57,4.0,4.0,37.0,64.0
100.0,57,4.266666667,5.166666667,30.0,62.0
200.0,57,3.21875,6.46875,32.0,62.0
300.0,57,4.064516129,8.258064516,31.0,62.0
400.0,57,4.09375,6.53125,32.0,64.0
500.0,57,4.303030303,6.0,33.0,64.0
600.0,57,4.387096774,6.935483871,31.0,62.0
700.0,57,4.1875,6.6875,32.0,62.0
800.0,57,1.375,9.09375,32.0,62.0
900.0,57,1.617647059,9.5,34.0,66.0
1000.0,57,4.84375,10.5625,32.0,64.0
1100.0,57,6.64516129,10.80645161,31.0,62.0
1200.0,57,6.515151515,9.606060606,33.0,62.0
1300.0,57,10.33333333,8.333333333,33.0,66.0
1400.0,57,9.53125,9.0625,32.0,62.0
1500.0,57,8.176470588,10.76470588,34.0,64.0
1600.0,57,7.125,10.125,32.0,64.0
1700.0,57,7.8,11.9,30.0,62.0
1800.0,57,8.838709677,10.77419355,31.0,62.0
1900.0,57,6.46875,10.9375,32.0,62.0
2000.0,57,4.59375,10.5625,32.0,62.0
2100.0,57,4.147058824,8.882352941,34.0,64.0
2200.0,57,4.057142857,9.314285714,35.0,66.0
2300.0,57,3.424242424,8.666666667,33.0,64.0
2400.0,57,4.647058824,8.911764706,34.0,64.0
2500.0,57,1.483870968,7.903225806,31.0,62.0
2600.0,57,1.117647059,8.411764706,34.0,64.0
2700.0,57,-1.0,9.088235294,34.0,64.0
2800.0,57,-2.575757576,11.06060606,33.0,64.0
2900.0,57,-2.727272727,9.545454545,33.0,66.0
3000.0,57,-2.121212121,8.575757576,33.0,66.0
3100.0,57,-1.90625,10.5,32.0,62.0
3200.0,57,-1.387096774,7.870967742,31.0,62.0
3300.0,57,-2.65625,8.84375,32.0,64.0
3400.0,57,-1.96969697,9.121212121,33.0,66.0
3500.0,57,-2.666666667,8.424242424,33.0,62.0
3600.0,57,-1.21875,9.5625,32.0,62.0
3700.0,57,-0.696969697,11.84848485,33.0,64.0
3800.0,57,-0.05714285714,13.88571429,35.0,64.0
3900.0,57,-0.8125,13.0,32.0,62.0
4000.0,57,-2.181818182,12.03030303,33.0,64.0
4100.0,57,-2.060606061,12.09090909,33.0,64.0
4200.0,57,-4.03030303,12.81818182,33.0,62.0
4300.0,57,-1.6875,13.8125,32.0,64.0
4400.0,57,-1.393939394,15.18181818,33.0,64.0
4500.0,57,-3.909090909,15.6969697,33.0,62.0
4600.0,57,-3.657142857,14.77142857,35.0,64.0
4700.0,57,-3.53125,15.53125,32.0,62.0
4800.0,57,-1.625,17.65625,32.0,62.0
4900.0,57,-3.193548387,19.64516129,31.0,62.0
5000.0,57,-1.59375,19.625,32.0,62.0
5100.0,57,-2.84375,21.15625,32.0,64.0
5200.0,57,-1.542857143,22.42857143,35.0,64.0
5300.0,57,-2.181818182,22.96969697,33.0,62.0
5400.0,57,-2.454545455,23.27272727,33.0,64.0
5500.0,57,0.9032258065,22.19354839,31.0,62.0
5600.0,57,0.6470588235,21.17647059,34.0,66.0
5700.0,57,2.5,22.17647059,34.0,64.0
5800.0,57,5.424242424,22.93939394,33.0,62.0
5900.0,57,5.258064516,22.12903226,31.0,64.0
6000.0,57,5.0,21.26470588,34.0,64.0
6100.0,57,3.709677419,20.19354839,31.0,64.0
6200.0,57,5.060606061,20.33333333,33.0,62.0
6300.0,57,5.0,21.0,33.0,64.0
6400.0,57,6.606060606,20.54545455,33.0,64.0
6500.0,57,6.515151515,18.09090909,33.0,62.0
6600.0,57,5.28125,18.15625,32.0,62.0
6700.0,57,6.617647059,18.85294118,34.0,64.0
6800.0,57,5.766666667,19.9,30.0,62.0
6900.0,57,4.424242424,20.06060606,33.0,62.0
7000.0,57,4.322580645,18.22580645,31.0,62.0
7100.0,57,6.060606061,18.33333333,33.0,62.0
7200.0,57,6.21875,19.65625,32.0,62.0
7300.0,57,6.84375,18.28125,32.0,62.0
7400.0,57,4.129032258,15.35483871,31.0,64.0
7500.0,57,5.424242424,14.33333333,33.0,62.0
7600.0,57,5.193548387,15.5483871,31.0,62.0
7700.0,57,4.764705882,17.44117647,34.0,64.0
7800.0,57,4.066666667,18.8,30.0,62.0
7900.0,57,2.909090909,18.48484848,33.0,66.0
8000.0,57,3.6875,18.15625,32.0,62.0
8100.0,57,1.606060606,18.72727273,33.0,64.0
8200.0,57,1.303030303,18.09090909,33.0,62.0
8300.0,57,4.15625,16.5625,32.0,62.0
8400.0,57,6.454545455,16.78787879,33.0,62.0
8500.0,57,6.387096774,16.35483871,31.0,64.0
8600.0,57,5.818181818,17.57575758,33.0,64.0
8700.0,57,6.818181818,17.78787879,33.0,64.0
8800.0,57,6.941176471,19.14705882,34.0,64.0
8900.0,57,5.575757576,19.24242424,33.0,62.0
9000.0,57,5.393939394,18.45454545,33.0,64.0
9100.0,57,5.484848485,18.51515152,33.0,64.0
9200.0,57,3.1875,19.875,32.0,64.0
9300.0,57,1.818181818,18.60606061,33.0,64.0
9400.0,57,2.258064516,21.19354839,31.0,64.0
9500.0,57,3.818181818,20.27272727,33.0,64.0
9600.0,57,3.638888889,20.47222222,36.0,66.0
9700.0,57,4.483870968,19.51612903,31.0,62.0
9800.0,57,2.676470588,20.85294118,34.0,64.0
9900.0,57,2.176470588,22.17647059,34.0,62.0
10000.0,57,2.333333333,21.39393939,33.0,64.0
0.0,58,4.0,4.0,37.0,64.0
100.0,58,3.75,3.71875,32.0,62.0
200.0,58,3.764705882,3.558823529,34.0,66.0
300.0,58,6.575757576,3.666666667,33.0,62.0
400.0,58,7.090909091,5.909090909,33.0,64.0
500.0,58,6.545454545,4.545454545,33.0,64.0
600.0,58,7.064516129,6.35483871,31.0,64.0
700.0,58,8.28125,8.0,32.0,62.0
800.0,58,6.545454545,8.787878788,33.0,62.0
900.0,58,5.735294118,10.0,34.0,62.0
1000.0,58,8.028571429,9.114285714,35.0,66.0
1100.0,58,8.225806452,7.935483871,31.0,62.0
1200.0,58,7.4,8.2,30.0,62.0
1300.0,58,7.696969697,8.545454545,33.0,64.0
1400.0,58,7.709677419,7.451612903,31.0,60.0
1500.0,58,8.515151515,8.151515152,33.0,62.0
1600.0,58,8.147058824,8.882352941,34.0,64.0
1700.0,58,6.4375,9.125,32.0,62.0
1800.0,58,6.96969697,9.363636364,33.0,64.0
1900.0,58,6.323529412,9.441176471,34.0,64.0
2000.0,58,8.333333333,8.818181818,33.0,64.0
2100.0,58,8.0,9.1875,32.0,64.0
2200.0,58,7.545454545,7.909090909,33.0,62.0
2300.0,58,7.088235294,8.0,34.0,64.0
2400.0,58,4.606060606,9.090909091,33.0,64.0
2500.0,58,6.090909091,9.878787879,33.0,64.0
2600.0,58,6.322580645,9.548387097,31.0,62.0
2700.0,58,7.457142857,9.085714286,35.0,64.0
2800.0,58,6.566666667,8.7,30.0,64.0
2900.0,58,4.09375,9.03125,32.0,62.0
3000.0,58,2.5,10.29411765,34.0,62.0
3100.0,58,3.8125,10.5,32.0,62.0
3200.0,58,5.40625,10.5625,32.0,62.0
3300.0,58,5.903225806,11.4516129,31.0,62.0
3400.0,58,3.90625,10.96875,32.0,64.0
3500.0,58,4.303030303,12.75757576,33.0,62.0
3600.0,58,3.612903226,12.19354839,31.0,62.0
3700.0,58,5.571428571,10.71428571,35.0,66.0
3800.0,58,4.96875,10.65625,32.0,62.0
3900.0,58,2.8125,8.4375,32.0,62.0
4000.0,58,2.764705882,7.176470588,34.0,64.0
4100.0,58,0.2647058824,7.088235294,34.0,64.0
4200.0,58,0.3529411765,8.411764706,34.0,64.0
4300.0,58,-0.9411764706,9.235294118,34.0,64.0
4400.0,58,-2.606060606,9.606060606,33.0,64.0
4500.0,58,-2.151515152,11.33333333,33.0,64.0
4600.0,58,-1.235294118,9.823529412,34.0,64.0
4700.0,58,-0.7352941176,11.0,34.0,62.0
4800.0,58,-2.363636364,8.727272727,33.0,62.0
4900.0,58,-5.2,6.033333333,30.0,62.0
5000.0,58,-3.272727273,6.333333333,33.0,64.0
5100.0,58,-3.875,7.53125,32.0,62.0
5200.0,58,-3.0625,9.4375,32.0,64.0
5300.0,58,-2.96875,8.59375,32.0,66.0
5400.0,58,-1.611111111,8.138888889,36.0,64.0
5500.0,58,-2.032258065,9.903225806,31.0,62.0
5600.0,58,-2.545454545,9.090909091,33.0,62.0
5700.0,58,-1.852941176,10.41176471,34.0,64.0
5800.0,58,-1.676470588,9.205882353,34.0,66.0
5900.0,58,0.375,11.21875,32.0,64.0
6000.0,58,1.696969697,12.18181818,33.0,64.0
6100.0,58,-0.6470588235,13.55882353,34.0,66.0
6200.0,58,-1.647058824,11.58823529,34.0,64.0
6300.0,58,-2.258064516,11.29032258,31.0,62.0
6400.0,58,-3.3125,11.34375,32.0,64.0
6500.0,58,-3.352941176,10.14705882,34.0,66.0
6600.0,58,-1.696969697,10.24242424,33.0,62.0
6700.0,58,-1.382352941,10.76470588,34.0,64.0
6800.0,58,-0.4545454545,11.72727273,33.0,64.0
6900.0,58,0.6129032258,11.4516129,31.0,62.0
7000.0,58,-0.3333333333,13.93939394,33.0,62.0
7100.0,58,0.9411764706,14.52941176,34.0,64.0
7200.0,58,1.057142857,15.02857143,35.0,66.0
7300.0,58,1.59375,16.21875,32.0,64.0
7400.0,58,1.59375,16.3125,32.0,64.0
7500.0,58,1.90625,17.03125,32.0,62.0
7600.0,58,1.75,18.625,32.0,64.0
7700.0,58,1.515151515,20.18181818,33.0,66.0
7800.0,58,2.272727273,20.36363636,33.0,62.0
7900.0,58,1.34375,20.03125,32.0,62.0
8000.0,58,0.7058823529,18.85294118,34.0,68.0
8100.0,58,0.7419354839,18.09677419,31.0,62.0
8200.0,58,0.28125,17.6875,32.0,62.0
8300.0,58,0.9677419355,19.58064516,31.0,62.0
8400.0,58,0.7096774194,18.09677419,31.0,62.0
8500.0,58,0.78125,17.46875,32.0,62.0
8600.0,58,0.8666666667,16.36666667,30.0,64.0
8700.0,58,-1.212121212,19.45454545,33.0,62.0
8800.0,58,-1.058823529,21.23529412,34.0,64.0
8900.0,58,-2.235294118,20.17647059,34.0,64.0
9000.0,58,-3.606060606,20.24242424,33.0,64.0
9100.0,58,-1.4375,19.03125,32.0,64.0
9200.0,58,-1.870967742,19.5483871,31.0,64.0
9300.0,58,-2.727272727,19.42424242,33.0,64.0
9400.0,58,-4.939393939,19.06060606,33.0,64.0
9500.0,58,-5.636363636,17.15151515,33.0,64.0
9600.0,58,-6.96969697,18.48484848,33.0,64.0
9700.0,58,-6.666666667,17.90909091,33.0,64.0
9800.0,58,-7.242424242,18.57575758,33.0,62.0
9900.0,58,-5.96875,17.71875,32.0,62.0
10000.0,58,-8.323529412,16.88235294,34.0,66.0
0.0,59,4.0,4.0,37.0,64.0
100.0,59,2.96969697,4.0,33.0,64.0
200.0,59,2.225806452,3.161290323,31.0,62.0
300.0,59,1.333333333,5.424242424,33.0,62.0
400.0,59,0.6875,5.84375,32.0,62.0
500.0,59,-0.25,3.96875,32.0,62.0
600.0,59,-1.625,2.53125,32.0,64.0
700.0,59,-1.727272727,3.363636364,33.0,62.0
800.0,59,-0.9,2.4,30.0,62.0
900.0,59,0.9375,3.25,32.0,62.0
1000.0,59,1.870967742,0.4838709677,31.0,62.0
1100.0,59,0.5,0.5,32.0,64.0
1200.0,59,2.393939394,0.4848484848,33.0,62.0
1300.0,59,1.333333333,-1.606060606,33.0,64.0
1400.0,59,0.875,-1.84375,32.0,64.0
1500.0,59,1.466666667,-4.266666667,30.0,62.0
1600.0,59,0.8125,-5.25,32.0,62.0
1700.0,59,2.064516129,-3.580645161,31.0,62.0
1800.0,59,4.8125,-2.25,32.0,62.0
1900.0,59,5.833333333,-3.9,30.0,62.0
2000.0,59,5.727272727,-3.151515152,33.0,64.0
2100.0,59,5.741935484,-2.419354839,31.0,62.0
2200.0,59,7.0,-3.676470588,34.0,64.0
2300.0,59,7.0,-2.655172414,29.0,66.0
2400.0,59,7.454545455,-2.636363636,33.0,64.0
2500.0,59,7.625,-2.03125,32.0,62.0
2600.0,59,7.029411765,-0.2647058824,34.0,66.0
2700.0,59,4.9375,-1.46875,32.0,64.0
2800.0,59,2.625,0.375,32.0,62.0
2900.0,59,2.424242424,0.09090909091,33.0,64.0
3000.0,59,2.419354839,-2.129032258,31.0,62.0
3100.0,59,3.75,-3.8125,32.0,62.0
3200.0,59,4.75,-3.90625,32.0,62.0
3300.0,59,4.151515152,-6.393939394,33.0,64.0
3400.0,59,3.8125,-4.84375,32.0,64.0
3500.0,59,2.290322581,-4.709677419,31.0,62.0
3600.0,59,5.0,-4.212121212,33.0,64.0
3700.0,59,3.470588235,-2.735294118,34.0,64.0
3800.0,59,5.181818182,-3.03030303,33.0,64.0
3900.0,59,4.818181818,-2.666666667,33.0,64.0
4000.0,59,7.914285714,-2.571428571,35.0,64.0
4100.0,59,8.90625,-1.9375,32.0,62.0
4200.0,59,10.625,-5.46875,32.0,64.0
4300.0,59,13.39393939,-6.515151515,33.0,64.0
4400.0,59,12.18181818,-6.636363636,33.0,64.0
4500.0,59,12.15151515,-4.212121212,33.0,64.0
4600.0,59,10.0,-3.5625,32.0,62.0
4700.0,59,9.3125,-3.9375,32.0,62.0
4800.0,59,7.114285714,-2.742857143,35.0,64.0
4900.0,59,6.303030303,-3.818181818,33.0,66.0
5000.0,59,4.129032258,-5.225806452,31.0,62.0
5100.0,59,3.242424242,-2.636363636,33.0,64.0
5200.0,59,1.0,-2.272727273,33.0,64.0
5300.0,59,2.1875,-0.15625,32.0,62.0
5400.0,59,2.828571429,1.028571429,35.0,64.0
5500.0,59,3.34375,2.34375,32.0,62.0
5600.0,59,4.193548387,2.032258065,31.0,62.0
5700.0,59,4.181818182,1.545454545,33.0,64.0
5800.0,59,6.258064516,0.3548387097,31.0,64.0
5900.0,59,5.848484848,-1.303030303,33.0,64.0
6000.0,59,6.612903226,-1.258064516,31.0,62.0
6100.0,59,7.258064516,-1.193548387,31.0,62.0
6200.0,59,7.676470588,-1.647058824,34.0,64.0
6300.0,59,8.967741935,-1.548387097,31.0,64.0
6400.0,59,10.84375,-1.875,32.0,62.0
6500.0,59,10.24242424,1.484848485,33.0,64.0
6600.0,59,8.705882353,2.5,34.0,62.0
6700.0,59,7.6875,3.8125,32.0,66.0
6800.0,59,9.0625,4.96875,32.0,64.0
6900.0,59,9.96969697,5.393939394,33.0,64.0
7000.0,59,8.258064516,6.129032258,31.0,62.0
7100.0,59,7.515151515,6.666666667,33.0,66.0
7200.0,59,5.1875,5.0625,32.0,64.0
7300.0,59,6.970588235,6.235294118,34.0,64.0
7400.0,59,7.133333333,4.1,30.0,64.0
7500.0,59,7.129032258,3.709677419,31.0,64.0
7600.0,59,8.25,3.09375,32.0,62.0
7700.0,59,9.125,2.6875,32.0,64.0
7800.0,59,10.35483871,1.903225806,31.0,64.0
7900.0,59,10.88571429,2.514285714,35.0,64.0
8000.0,59,9.294117647,4.5,34.0,62.0
8100.0,59,9.727272727,3.818181818,33.0,62.0
8200.0,59,7.5,4.205882353,34.0,64.0
8300.0,59,9.3,3.4,30.0,64.0
8400.0,59,10.61290323,3.064516129,31.0,64.0
8500.0,59,12.03125,0.59375,32.0,66.0
8600.0,59,12.78125,0.78125,32.0,62.0
8700.0,59,11.55882353,0.2058823529,34.0,64.0
8800.0,59,11.6875,-0.625,32.0,62.0
8900.0,59,12.34375,-0.75,32.0,64.0
9000.0,59,12.38709677,-1.064516129,31.0,62.0
9100.0,59,13.25,1.0625,32.0,62.0
9200.0,59,13.63636364,0.4242424242,33.0,64.0
9300.0,59,13.75,0.65625,32.0,64.0
9400.0,59,13.65625,-0.625,32.0,64.0
9500.0,59,12.02777778,0.3055555556,36.0,64.0
9600.0,59,11.65625,0.96875,32.0,64.0
9700.0,59,10.64705882,2.294117647,34.0,64.0
9800.0,59,8.25,-1.28125,32.0,62.0
9900.0,59,7.806451613,-0.4193548387,31.0,64.0
10000.0,59,8.757575758,-1.333333333,33.0,62.0
0.0,60,4.0,4.0,37.0,64.0
100.0,60,6.34375,3.53125,32.0,64.0
200.0,60,6.090909091,4.090909091,33.0,64.0
300.0,60,5.272727273,2.727272727,33.0,64.0
400.0,60,4.34375,2.90625,32.0,64.0
500.0,60,5.121212121,5.121212121,33.0,64.0
600.0,60,3.575757576,5.757575758,33.0,62.0
700.0,60,2.294117647,5.5,34.0,62.0
800.0,60,1.5,5.0,34.0,62.0
900.0,60,1.78125,6.09375,32.0,66.0
1000.0,60,1.454545455,5.666666667,33.0,64.0
1100.0,60,1.741935484,6.806451613,31.0,62.0
1200.0,60,0.71875,4.625,32.0,62.0
1300.0,60,-1.705882353,5.794117647,34.0,64.0
1400.0,60,-1.225806452,4.677419355,31.0,66.0
1500.0,60,-2.580645161,3.967741935,31.0,64.0
1600.0,60,-1.470588235,4.058823529,34.0,64.0
1700.0,60,-0.1470588235,4.088235294,34.0,64.0
1800.0,60,-2.027777778,2.694444444,36.0,64.0
1900.0,60,-1.666666667,3.696969697,33.0,64.0
2000.0,60,0.2903225806,2.967741935,31.0,62.0
2100.0,60,2.15625,1.75,32.0,66.0
2200.0,60,0.5806451613,1.612903226,31.0,64.0
2300.0,60,1.363636364,1.333333333,33.0,64.0
2400.0,60,1.6875,0.4375,32.0,62.0
2500.0,60,-0.5757575758,-0.4242424242,33.0,62.0
2600.0,60,-0.875,-0.59375,32.0,62.0
2700.0,60,-1.25,-1.25,32.0,62.0
2800.0,60,0.7352941176,0.0,34.0,62.0
2900.0,60,0.75,-0.15625,32.0,62.0
3000.0,60,1.727272727,0.4545454545,33.0,64.0
3100.0,60,1.057142857,-0.5714285714,35.0,64.0
3200.0,60,0.4411764706,-0.2058823529,34.0,64.0
3300.0,60,0.2424242424,0.8787878788,33.0,64.0
3400.0,60,1.212121212,2.090909091,33.0,62.0
3500.0,60,2.1875,2.15625,32.0,64.0
3600.0,60,2.393939394,3.121212121,33.0,64.0
3700.0,60,1.764705882,1.941176471,34.0,64.0
3800.0,60,0.3333333333,2.181818182,33.0,64.0
3900.0,60,-1.121212121,2.0,33.0,66.0
4000.0,60,-2.228571429,3.0,35.0,64.0
4100.0,60,-1.84375,2.34375,32.0,64.0
4200.0,60,-1.181818182,3.787878788,33.0,64.0
4300.0,60,-0.6060606061,3.151515152,33.0,64.0
4400.0,60,0.1176470588,4.941176471,34.0,64.0
4500.0,60,1.764705882,4.647058824,34.0,64.0
4600.0,60,0.6666666667,4.787878788,33.0,64.0
4700.0,60,0.7333333333,3.333333333,30.0,62.0
4800.0,60,1.666666667,6.212121212,33.0,64.0
4900.0,60,1.25,7.25,32.0,62.0
5000.0,60,1.290322581,6.580645161,31.0,62.0
5100.0,60,1.911764706,5.764705882,34.0,64.0
5200.0,60,1.515151515,5.151515152,33.0,62.0
5300.0,60,-2.586206897,6.310344828,29.0,62.0
5400.0,60,-3.558823529,6.852941176,34.0,64.0
5500.0,60,-3.575757576,5.848484848,33.0,64.0
5600.0,60,-3.068965517,7.310344828,29.0,62.0
5700.0,60,-4.548387097,6.741935484,31.0,64.0
5800.0,60,-4.34375,9.0625,32.0,64.0
5900.0,60,-3.257142857,8.257142857,35.0,66.0
6000.0,60,-3.515151515,8.636363636,33.0,64.0
6100.0,60,-4.264705882,9.0,34.0,62.0
6200.0,60,-4.53125,8.34375,32.0,64.0
6300.0,60,-2.333333333,8.454545455,33.0,64.0
6400.0,60,-1.823529412,9.0,34.0,64.0
6500.0,60,-0.09375,9.0625,32.0,62.0
6600.0,60,1.40625,11.90625,32.0,62.0
6700.0,60,1.9375,10.78125,32.0,64.0
6800.0,60,0.7647058824,10.61764706,34.0,64.0
6900.0,60,-0.3666666667,10.96666667,30.0,60.0
7000.0,60,1.617647059,12.85294118,34.0,64.0
7100.0,60,2.121212121,11.12121212,33.0,64.0
7200.0,60,2.181818182,9.727272727,33.0,62.0
7300.0,60,4.25,10.8125,32.0,62.0
7400.0,60,4.5625,10.53125,32.0,62.0
7500.0,60,5.612903226,10.80645161,31.0,64.0
7600.0,60,6.0,9.233333333,30.0,66.0
7700.0,60,7.28125,9.6875,32.0,62.0
7800.0,60,7.151515152,7.515151515,33.0,62.0
7900.0,60,6.909090909,7.303030303,33.0,62.0
8000.0,60,9.333333333,6.757575758,33.0,62.0
8100.0,60,10.08333333,5.972222222,36.0,64.0
8200.0,60,10.4375,5.6875,32.0,62.0
8300.0,60,9.264705882,5.323529412,34.0,64.0
8400.0,60,10.0625,5.15625,32.0,62.0
8500.0,60,11.51612903,4.064516129,31.0,64.0
8600.0,60,12.5483871,3.258064516,31.0,62.0
8700.0,60,14.15151515,5.272727273,33.0,62.0
8800.0,60,15.06451613,3.387096774,31.0,62.0
8900.0,60,13.67741935,3.935483871,31.0,62.0
9000.0,60,12.03125,1.59375,32.0,62.0
9100.0,60,9.941176471,2.088235294,34.0,64.0
9200.0,60,7.705882353,2.5,34.0,62.0
9300.0,60,7.588235294,2.352941176,34.0,64.0
9400.0,60,9.451612903,3.741935484,31.0,62.0
9500.0,60,9.575757576,6.03030303,33.0,62.0
9600.0,60,9.272727273,4.909090909,33.0,64.0
9700.0,60,6.838709677,4.0,31.0,62.0
9800.0,60,5.9,5.966666667,30.0,62.0
9900.0,60,5.727272727,3.151515152,33.0,62.0
10000.0,60,5.625,1.0625,32.0,62.0
0.0,61,4.0,4.0,37.0,64.0
100.0,61,4.96969697,4.03030303,33.0,64.0
200.0,61,2.941176471,3.470588235,34.0,64.0
300.0,61,3.424242424,4.060606061,33.0,62.0
400.0,61,3.027777778,3.916666667,36.0,64.0
500.0,61,5.151515152,5.515151515,33.0,62.0
600.0,61,4.5,5.882352941,34.0,64.0
700.0,61,5.852941176,6.441176471,34.0,64.0
800.0,61,5.8125,5.5,32.0,62.0
900.0,61,6.228571429,6.0,35.0,64.0
1000.0,61,6.46875,7.0625,32.0,64.0
1100.0,61,5.5,7.0,34.0,62.0
1200.0,61,3.53125,8.75,32.0,62.0
1300.0,61,2.212121212,9.0,33.0,64.0
1400.0,61,3.5,12.55555556,36.0,66.0
1500.0,61,2.911764706,11.82352941,34.0,64.0
1600.0,61,4.176470588,12.41176471,34.0,64.0
1700.0,61,5.676470588,10.32352941,34.0,64.0
1800.0,61,4.741935484,9.225806452,31.0,64.0
1900.0,61,4.3,9.233333333,30.0,60.0
2000.0,61,5.083333333,9.027777778,36.0,64.0
2100.0,61,4.515151515,8.090909091,33.0,62.0
2200.0,61,5.575757576,8.03030303,33.0,62.0
2300.0,61,5.03030303,8.575757576,33.0,62.0
2400.0,61,4.137931034,8.689655172,29.0,62.0
2500.0,61,5.15625,8.09375,32.0,64.0
2600.0,61,5.764705882,6.823529412,34.0,64.0
2700.0,61,3.727272727,7.090909091,33.0,64.0
2800.0,61,2.387096774,7.0,31.0,62.0
2900.0,61,3.0,4.806451613,31.0,62.0
3000.0,61,3.15625,3.34375,32.0,64.0
3100.0,61,3.28125,5.5625,32.0,62.0
3200.0,61,4.529411765,3.352941176,34.0,64.0
3300.0,61,4.121212121,3.090909091,33.0,64.0
3400.0,61,4.657142857,1.942857143,35.0,68.0
3500.0,61,4.848484848,1.424242424,33.0,64.0
3600.0,61,4.212121212,1.545454545,33.0,62.0
3700.0,61,3.787878788,1.090909091,33.0,64.0
3800.0,61,3.757575758,0.696969697,33.0,62.0
3900.0,61,3.441176471,0.05882352941,34.0,64.0
4000.0,61,3.64516129,0.2903225806,31.0,62.0
4100.0,61,5.457142857,1.257142857,35.0,64.0
4200.0,61,4.5,0.8125,32.0,62.0
4300.0,61,5.818181818,-0.7272727273,33.0,62.0
4400.0,61,4.612903226,-1.451612903,31.0,64.0
4500.0,61,6.696969697,-1.666666667,33.0,64.0
4600.0,61,5.606060606,-1.090909091,33.0,66.0
4700.0,61,5.090909091,-0.303030303,33.0,62.0
4800.0,61,3.65625,-0.40625,32.0,62.0
4900.0,61,2.40625,-0.09375,32.0,62.0
5000.0,61,2.483870968,-0.1935483871,31.0,62.0
5100.0,61,2.764705882,1.176470588,34.0,64.0
5200.0,61,2.53125,2.90625,32.0,64.0
5300.0,61,3.575757576,5.424242424,33.0,62.0
5400.0,61,3.0625,5.15625,32.0,62.0
5500.0,61,3.363636364,5.272727273,33.0,62.0
5600.0,61,4.870967742,5.967741935,31.0,64.0
5700.0,61,4.212121212,7.363636364,33.0,64.0
5800.0,61,5.161290323,7.387096774,31.0,62.0
5900.0,61,5.34375,8.3125,32.0,62.0
6000.0,61,7.764705882,7.617647059,34.0,64.0
6100.0,61,6.757575758,7.121212121,33.0,64.0
6200.0,61,7.96875,3.5625,32.0,64.0
6300.0,61,4.558823529,3.176470588,34.0,64.0
6400.0,61,4.129032258,4.064516129,31.0,64.0
6500.0,61,0.3125,2.375,32.0,62.0
6600.0,61,0.6666666667,1.151515152,33.0,66.0
6700.0,61,3.529411765,0.1470588235,34.0,66.0
6800.0,61,1.848484848,-0.5151515152,33.0,64.0
6900.0,61,0.875,-0.375,32.0,64.0
7000.0,61,0.1470588235,-1.823529412,34.0,64.0
7100.0,61,-0.2903225806,-3.161290323,31.0,64.0
7200.0,61,-0.7,-1.5,30.0,62.0
7300.0,61,1.272727273,-1.212121212,33.0,64.0
7400.0,61,2.484848485,0.09090909091,33.0,64.0
7500.0,61,2.257142857,0.2,35.0,66.0
7600.0,61,1.206896552,0.5517241379,29.0,60.0
7700.0,61,2.393939394,-0.2424242424,33.0,64.0
7800.0,61,2.727272727,1.151515152,33.0,62.0
7900.0,61,2.705882353,0.3235294118,34.0,64.0
8000.0,61,2.4375,-0.15625,32.0,62.0
8100.0,61,2.15625,0.9375,32.0,62.0
8200.0,61,0.28125,3.4375,32.0,62.0
8300.0,61,1.71875,1.8125,32.0,62.0
8400.0,61,1.705882353,1.794117647,34.0,64.0
8500.0,61,3.441176471,0.7941176471,34.0,64.0
8600.0,61,2.727272727,0.4242424242,33.0,64.0
8700.0,61,2.617647059,0.05882352941,34.0,64.0
8800.0,61,2.433333333,-0.9333333333,30.0,62.0
8900.0,61,2.828571429,-1.657142857,35.0,66.0
9000.0,61,2.90625,-4.125,32.0,64.0
9100.0,61,3.787878788,-5.272727273,33.0,66.0
9200.0,61,2.909090909,-5.484848485,33.0,62.0
9300.0,61,3.272727273,-3.878787879,33.0,64.0
9400.0,61,2.0625,-0.4375,32.0,64.0
9500.0,61,2.1875,2.5,32.0,62.0
9600.0,61,2.705882353,1.852941176,34.0,64.0
9700.0,61,2.451612903,1.806451613,31.0,62.0
9800.0,61,0.3666666667,1.2,30.0,62.0
9900.0,61,-1.25,1.78125,32.0,64.0
10000.0,61,0.09090909091,2.939393939,33.0,64.0
0.0,62,4.0,4.0,37.0,64.0
100.0,62,5.21875,4.46875,32.0,62.0
200.0,62,5.029411765,3.911764706,34.0,64.0
300.0,62,3.757575758,3.03030303,33.0,64.0
400.0,62,3.322580645,4.193548387,31.0,62.0
500.0,62,4.970588235,4.029411765,34.0,66.0
600.0,62,6.235294118,3.911764706,34.0,64.0
700.0,62,5.0,2.735294118,34.0,62.0
800.0,62,5.266666667,2.9,30.0,60.0
900.0,62,4.6875,1.5625,32.0,62.0
1000.0,62,4.03125,1.96875,32.0,64.0
1100.0,62,3.916666667,2.972222222,36.0,64.0
1200.0,62,4.696969697,3.0,33.0,64.0
1300.0,62,6.03125,4.53125,32.0,62.0
1400.0,62,3.176470588,3.235294118,34.0,64.0
1500.0,62,2.818181818,2.393939394,33.0,64.0
1600.0,62,3.588235294,0.0,34.0,64.0
1700.0,62,4.4375,0.09375,32.0,64.0
1800.0,62,5.090909091,-0.1212121212,33.0,64.0
1900.0,62,4.818181818,-1.545454545,33.0,64.0
2000.0,62,4.848484848,-2.727272727,33.0,62.0
2100.0,62,5.393939394,-1.787878788,33.0,64.0
2200.0,62,5.53125,-2.25,32.0,62.0
2300.0,62,5.84375,-2.78125,32.0,64.0
2400.0,62,4.909090909,-2.212121212,33.0,62.0
2500.0,62,4.096774194,-1.096774194,31.0,64.0
2600.0,62,3.96969697,-0.9090909091,33.0,64.0
2700.0,62,5.129032258,-2.387096774,31.0,64.0
2800.0,62,5.764705882,-2.882352941,34.0,64.0
2900.0,62,4.375,-3.25,32.0,62.0
3000.0,62,5.606060606,-3.818181818,33.0,64.0
3100.0,62,4.212121212,-2.848484848,33.0,64.0
3200.0,62,4.205882353,-0.2647058824,34.0,64.0
3300.0,62,2.71875,0.6875,32.0,64.0
3400.0,62,3.806451613,0.2258064516,31.0,62.0
3500.0,62,3.25,-0.1875,32.0,62.0
3600.0,62,2.090909091,-1.727272727,33.0,66.0
3700.0,62,2.029411765,-2.617647059,34.0,64.0
3800.0,62,3.242424242,-3.090909091,33.0,62.0
3900.0,62,4.0,-3.117647059,34.0,64.0
4000.0,62,4.787878788,-4.121212121,33.0,66.0
4100.0,62,6.28125,-3.5625,32.0,62.0
4200.0,62,5.393939394,-2.787878788,33.0,64.0
4300.0,62,5.9,-3.833333333,30.0,62.0
4400.0,62,3.647058824,-1.147058824,34.0,64.0
4500.0,62,4.96875,-0.21875,32.0,64.0
4600.0,62,6.212121212,-0.7575757576,33.0,64.0
4700.0,62,7.666666667,0.4,30.0,62.0
4800.0,62,5.117647059,0.5,34.0,64.0
4900.0,62,6.0,0.8125,32.0,62.0
5000.0,62,6.1875,0.5,32.0,62.0
5100.0,62,7.333333333,0.1212121212,33.0,64.0
5200.0,62,6.870967742,-1.709677419,31.0,60.0
5300.0,62,6.35483871,-2.258064516,31.0,62.0
5400.0,62,5.181818182,-4.727272727,33.0,64.0
5500.0,62,3.6875,-3.125,32.0,64.0
5600.0,62,4.366666667,-3.266666667,30.0,64.0
5700.0,62,3.032258065,-4.806451613,31.0,62.0
5800.0,62,2.114285714,-5.685714286,35.0,64.0
5900.0,62,3.161290323,-4.322580645,31.0,64.0
6000.0,62,0.7352941176,-4.0,34.0,62.0
6100.0,62,0.6666666667,-3.121212121,33.0,64.0
6200.0,62,0.875,-4.46875,32.0,62.0
6300.0,62,0.4242424242,-4.666666667,33.0,62.0
6400.0,62,1.15625,-4.75,32.0,62.0
6500.0,62,1.0,-5.264705882,34.0,64.0
6600.0,62,-0.7741935484,-4.419354839,31.0,62.0
6700.0,62,-0.9090909091,-3.575757576,33.0,64.0
6800.0,62,-1.419354839,-2.451612903,31.0,62.0
6900.0,62,-3.058823529,-2.441176471,34.0,64.0
7000.0,62,-5.9375,-3.09375,32.0,64.0
7100.0,62,-3.176470588,-4.176470588,34.0,62.0
7200.0,62,-0.5,-3.647058824,34.0,64.0
7300.0,62,-0.21875,-3.03125,32.0,64.0
7400.0,62,-3.290322581,-3.838709677,31.0,66.0
7500.0,62,-3.823529412,-4.058823529,34.0,64.0
7600.0,62,-6.542857143,-2.914285714,35.0,64.0
7700.0,62,-6.558823529,-4.264705882,34.0,64.0
7800.0,62,-5.060606061,-4.363636364,33.0,64.0
7900.0,62,-5.741935484,-6.387096774,31.0,62.0
8000.0,62,-5.125,-3.6875,32.0,64.0
8100.0,62,-6.088235294,-4.970588235,34.0,64.0
8200.0,62,-3.470588235,-2.147058824,34.0,64.0
8300.0,62,-2.323529412,-1.088235294,34.0,64.0
8400.0,62,-1.058823529,0.4411764706,34.0,64.0
8500.0,62,1.909090909,-1.484848485,33.0,64.0
8600.0,62,1.6875,-1.53125,32.0,64.0
8700.0,62,1.870967742,-1.548387097,31.0,64.0
8800.0,62,1.696969697,-2.242424242,33.0,62.0
8900.0,62,3.5,-2.066666667,30.0,62.0
9000.0,62,2.15625,-2.1875,32.0,62.0
9100.0,62,3.166666667,-4.666666667,30.0,62.0
9200.0,62,4.03030303,-4.818181818,33.0,64.0
9300.0,62,3.727272727,-5.424242424,33.0,64.0
9400.0,62,4.15625,-6.5625,32.0,62.0
9500.0,62,2.303030303,-8.090909091,33.0,62.0
9600.0,62,3.34375,-9.21875,32.0,62.0
9700.0,62,3.114285714,-8.257142857,35.0,64.0
9800.0,62,2.323529412,-7.941176471,34.0,64.0
9900.0,62,-0.59375,-9.96875,32.0,62.0
10000.0,62,-0.7741935484,-10.58064516,31.0,62.0
0.0,63,4.0,4.0,37.0,64.0
100.0,63,3.866666667,4.133333333,30.0,62.0
200.0,63,4.970588235,3.676470588,34.0,64.0
300.0,63,4.25,1.4375,32.0,64.0
400.0,63,4.53125,1.5,32.0,64.0
500.0,63,8.636363636,-0.4545454545,33.0,64.0
600.0,63,8.25,-0.5625,32.0,66.0
700.0,63,7.727272727,-1.636363636,33.0,64.0
800.0,63,7.1875,-1.25,32.0,64.0
900.0,63,6.580645161,0.6129032258,31.0,64.0
1000.0,63,7.75,1.71875,32.0,62.0
1100.0,63,8.542857143,2.2,35.0,64.0
1200.0,63,7.235294118,0.2647058824,34.0,66.0
1300.0,63,8.161290323,-0.2580645161,31.0,64.0
1400.0,63,8.878787879,-1.333333333,33.0,64.0
1500.0,63,8.548387097,-1.677419355,31.0,64.0
1600.0,63,10.0,-3.0,31.0,60.0
1700.0,63,11.46875,-3.34375,32.0,64.0
1800.0,63,10.5625,-2.59375,32.0,62.0
1900.0,63,10.08823529,-0.6470588235,34.0,64.0
2000.0,63,7.771428571,0.6285714286,35.0,64.0
2100.0,63,8.909090909,-1.242424242,33.0,64.0
2200.0,63,9.59375,-1.125,32.0,64.0
2300.0,63,8.151515152,-1.787878788,33.0,64.0
2400.0,63,5.909090909,-1.454545455,33.0,64.0
2500.0,63,6.419354839,-0.4516129032,31.0,60.0
2600.0,63,6.676470588,1.5,34.0,64.0
2700.0,63,5.78125,0.59375,32.0,64.0
2800.0,63,6.451612903,2.0,31.0,62.0
2900.0,63,6.303030303,1.666666667,33.0,64.0
3000.0,63,7.057142857,1.657142857,35.0,64.0
3100.0,63,7.65625,-0.1875,32.0,64.0
3200.0,63,10.41935484,0.06451612903,31.0,64.0
3300.0,63,10.78787879,2.181818182,33.0,64.0
3400.0,63,11.14705882,5.323529412,34.0,64.0
3500.0,63,9.709677419,4.0,31.0,62.0
3600.0,63,11.17647059,3.176470588,34.0,62.0
3700.0,63,11.42424242,4.121212121,33.0,64.0
3800.0,63,11.33333333,5.878787879,33.0,64.0
3900.0,63,12.70967742,5.741935484,31.0,62.0
4000.0,63,10.57575758,4.333333333,33.0,62.0
4100.0,63,9.35483871,3.741935484,31.0,64.0
4200.0,63,8.5,2.0,34.0,62.0
4300.0,63,9.0,2.096774194,31.0,64.0
4400.0,63,8.3125,0.90625,32.0,62.0
4500.0,63,7.764705882,0.2352941176,34.0,64.0
4600.0,63,7.15625,0.0625,32.0,62.0
4700.0,63,9.272727273,0.06060606061,33.0,64.0
4800.0,63,11.15625,0.28125,32.0,62.0
4900.0,63,10.83870968,1.064516129,31.0,64.0
5000.0,63,8.909090909,-0.8181818182,33.0,64.0
5100.0,63,10.4516129,0.2903225806,31.0,62.0
5200.0,63,8.727272727,1.151515152,33.0,62.0
5300.0,63,10.09090909,0.7575757576,33.0,62.0
5400.0,63,11.44117647,-0.5588235294,34.0,64.0
5500.0,63,12.46875,-2.53125,32.0,64.0
5600.0,63,13.33333333,-3.363636364,33.0,64.0
5700.0,63,13.48484848,-1.393939394,33.0,62.0
5800.0,63,13.31034483,-1.275862069,29.0,64.0
5900.0,63,14.59375,-1.4375,32.0,62.0
6000.0,63,14.09090909,-3.636363636,33.0,64.0
6100.0,63,16.28571429,-4.114285714,35.0,66.0
6200.0,63,16.40625,-3.0,32.0,62.0
6300.0,63,15.125,-2.1875,32.0,64.0
6400.0,63,15.38235294,-2.588235294,34.0,66.0
6500.0,63,14.5,-3.294117647,34.0,62.0
6600.0,63,13.78125,-3.78125,32.0,62.0
6700.0,63,14.625,-3.8125,32.0,64.0
6800.0,63,14.64516129,-5.193548387,31.0,64.0
6900.0,63,12.82352941,-2.5,34.0,64.0
7000.0,63,11.25806452,-0.7741935484,31.0,62.0
7100.0,63,10.03225806,-1.64516129,31.0,64.0
7200.0,63,10.6969697,0.1515151515,33.0,64.0
7300.0,63,6.558823529,-1.588235294,34.0,64.0
7400.0,63,4.151515152,-0.6363636364,33.0,66.0
7500.0,63,4.9375,-0.90625,32.0,62.0
7600.0,63,6.942857143,-0.6571428571,35.0,64.0
7700.0,63,6.939393939,-0.6666666667,33.0,62.0
7800.0,63,8.147058824,-1.676470588,34.0,64.0
7900.0,63,8.114285714,-3.257142857,35.0,64.0
8000.0,63,8.090909091,-3.848484848,33.0,62.0
8100.0,63,8.483870968,-3.516129032,31.0,62.0
8200.0,63,7.1875,-2.5,32.0,62.0
8300.0,63,8.0,-1.371428571,35.0,64.0
8400.0,63,8.428571429,-3.085714286,35.0,64.0
8500.0,63,7.636363636,-3.272727273,33.0,64.0
8600.0,63,7.25,-4.34375,32.0,64.0
8700.0,63,7.151515152,-5.606060606,33.0,64.0
8800.0,63,6.3125,-5.375,32.0,62.0
8900.0,63,7.96969697,-5.060606061,33.0,64.0
9000.0,63,8.666666667,-6.757575758,33.0,62.0
9100.0,63,8.848484848,-6.393939394,33.0,64.0
9200.0,63,7.548387097,-6.967741935,31.0,64.0
9300.0,63,7.833333333,-5.6,30.0,62.0
9400.0,63,8.441176471,-6.176470588,34.0,64.0
9500.0,63,8.117647059,-4.941176471,34.0,66.0
9600.0,63,9.75,-4.375,32.0,62.0
9700.0,63,9.15625,-5.6875,32.0,64.0
9800.0,63,9.833333333,-6.5,36.0,66.0
9900.0,63,9.454545455,-6.212121212,33.0,62.0
10000.0,63,11.20588235,-5.911764706,34.0,64.0
0.0,64,4.0,4.0,37.0,64.0
100.0,64,3.575757576,4.424242424,33.0,64.0
200.0,64,3.53125,4.1875,32.0,62.0
300.0,64,4.03125,4.34375,32.0,62.0
400.0,64,4.516129032,4.741935484,31.0,62.0
500.0,64,4.787878788,3.454545455,33.0,62.0
600.0,64,5.96875,3.34375,32.0,62.0
700.0,64,6.8125,2.6875,32.0,64.0
800.0,64,8.0625,2.84375,32.0,64.0
900.0,64,9.96969697,2.242424242,33.0,64.0
1000.0,64,9.59375,3.75,32.0,64.0
1100.0,64,9.742857143,4.228571429,35.0,64.0
1200.0,64,10.15625,5.71875,32.0,62.0
1300.0,64,10.29411765,6.5,34.0,62.0
1400.0,64,11.46875,7.8125,32.0,62.0
1500.0,64,10.14705882,8.617647059,34.0,64.0
1600.0,64,12.5,9.5,32.0,64.0
1700.0,64,14.3030303,9.757575758,33.0,62.0
1800.0,64,12.38709677,9.290322581,31.0,64.0
1900.0,64,11.20588235,9.382352941,34.0,66.0
2000.0,64,11.375,7.9375,32.0,62.0
2100.0,64,11.83870968,8.387096774,31.0,62.0
2200.0,64,11.15151515,8.272727273,33.0,62.0
2300.0,64,12.87878788,6.090909091,33.0,64.0
2400.0,64,13.0,5.96875,32.0,64.0
2500.0,64,14.6969697,3.575757576,33.0,64.0
2600.0,64,15.90909091,3.363636364,33.0,64.0
2700.0,64,17.75,1.71875,32.0,62.0
2800.0,64,16.83333333,1.733333333,30.0,62.0
2900.0,64,17.76470588,0.7647058824,34.0,64.0
3000.0,64,16.26470588,1.0,34.0,62.0
3100.0,64,15.18181818,1.96969697,33.0,64.0
3200.0,64,15.90909091,-1.181818182,33.0,64.0
3300.0,64,16.82857143,-1.485714286,35.0,66.0
3400.0,64,16.5483871,-1.193548387,31.0,64.0
3500.0,64,16.90322581,-0.4838709677,31.0,62.0
3600.0,64,16.79411765,-2.0,34.0,64.0
3700.0,64,20.0,-2.264705882,34.0,62.0
3800.0,64,18.22857143,-1.171428571,35.0,66.0
3900.0,64,17.32258065,-1.451612903,31.0,64.0
4000.0,64,16.61290323,-2.548387097,31.0,62.0
4100.0,64,15.42424242,-2.03030303,33.0,62.0
4200.0,64,17.0,-0.28125,32.0,64.0
4300.0,64,14.54545455,2.0,33.0,64.0
4400.0,64,12.26666667,1.866666667,30.0,64.0
4500.0,64,12.96875,1.71875,32.0,62.0
4600.0,64,12.5,3.75,32.0,62.0
4700.0,64,11.91428571,2.571428571,35.0,64.0
4800.0,64,11.25806452,3.0,31.0,64.0
4900.0,64,13.09677419,4.225806452,31.0,62.0
5000.0,64,14.0625,4.9375,32.0,62.0
5100.0,64,14.0625,6.15625,32.0,64.0
5200.0,64,14.53333333,5.866666667,30.0,62.0
5300.0,64,14.81818182,5.727272727,33.0,62.0
5400.0,64,15.74193548,5.064516129,31.0,64.0
5500.0,64,17.0,5.65625,32.0,62.0
5600.0,64,14.71875,4.96875,32.0,62.0
5700.0,64,15.38235294,3.823529412,34.0,64.0
5800.0,64,16.65714286,1.771428571,35.0,66.0
5900.0,64,18.05882353,3.470588235,34.0,64.0
6000.0,64,18.09375,3.21875,32.0,66.0
6100.0,64,17.08823529,3.0,34.0,64.0
6200.0,64,17.6969697,3.242424242,33.0,62.0
6300.0,64,15.78787879,2.090909091,33.0,64.0
6400.0,64,13.59375,1.90625,32.0,62.0
6500.0,64,11.83870968,1.096774194,31.0,62.0
6600.0,64,11.27586207,0.9310344828,29.0,62.0
6700.0,64,10.81818182,0.0303030303,33.0,64.0
6800.0,64,10.96875,2.0625,32.0,64.0
6900.0,64,13.28125,0.5625,32.0,62.0
7000.0,64,13.67647059,2.5,34.0,64.0
7100.0,64,12.90909091,1.454545455,33.0,62.0
7200.0,64,11.42424242,1.151515152,33.0,64.0
7300.0,64,11.91176471,-0.1764705882,34.0,64.0
7400.0,64,11.24242424,-0.6666666667,33.0,64.0
7500.0,64,11.53125,-1.96875,32.0,64.0
7600.0,64,11.4516129,-1.903225806,31.0,62.0
7700.0,64,12.80645161,-1.935483871,31.0,64.0
7800.0,64,13.4375,-3.71875,32.0,62.0
7900.0,64,13.1875,-2.8125,32.0,64.0
8000.0,64,13.08823529,-3.823529412,34.0,64.0
8100.0,64,12.80645161,-3.451612903,31.0,62.0
8200.0,64,11.88235294,-1.617647059,34.0,64.0
8300.0,64,12.375,-1.25,32.0,62.0
8400.0,64,11.0625,0.21875,32.0,62.0
8500.0,64,10.36363636,-1.272727273,33.0,62.0
8600.0,64,11.15151515,-2.181818182,33.0,64.0
8700.0,64,11.87878788,-2.424242424,33.0,64.0
8800.0,64,13.39393939,-2.757575758,33.0,64.0
8900.0,64,10.5,-3.03125,32.0,66.0
9000.0,64,10.09090909,-1.636363636,33.0,64.0
9100.0,64,10.84848485,-0.2121212121,33.0,64.0
9200.0,64,10.59375,1.4375,32.0,62.0
9300.0,64,10.5625,2.3125,32.0,62.0
9400.0,64,11.48571429,2.828571429,35.0,66.0
9500.0,64,9.677419355,2.580645161,31.0,62.0
9600.0,64,9.90625,-0.5625,32.0,62.0
9700.0,64,11.51515152,-3.03030303,33.0,64.0
9800.0,64,11.33333333,-2.333333333,30.0,62.0
9900.0,64,11.41935484,-4.032258065,31.0,64.0
10000.0,64,9.352941176,-5.588235294,34.0,64.0
0.0,65,4.0,4.0,37.0,64.0
100.0,65,4.181818182,4.757575758,33.0,64.0
200.0,65,2.909090909,6.696969697,33.0,62.0
300.0,65,3.25,6.65625,32.0,64.0
400.0,65,3.0,7.5,34.0,62.0
500.0,65,2.821428571,6.785714286,28.0,62.0
600.0,65,4.34375,6.46875,32.0,62.0
700.0,65,-0.21875,5.53125,32.0,64.0
800.0,65,0.96875,5.53125,32.0,62.0
900.0,65,2.228571429,5.0,35.0,64.0
1000.0,65,3.40625,4.09375,32.0,64.0
1100.0,65,3.424242424,5.96969697,33.0,62.0
1200.0,65,4.5,6.294117647,34.0,62.0
1300.0,65,5.212121212,5.909090909,33.0,62.0
1400.0,65,5.228571429,5.342857143,35.0,64.0
1500.0,65,4.970588235,6.764705882,34.0,64.0
1600.0,65,3.285714286,8.6,35.0,64.0
1700.0,65,6.225806452,8.935483871,31.0,62.0
1800.0,65,7.0,9.4,30.0,64.0
1900.0,65,8.322580645,11.61290323,31.0,62.0
2000.0,65,10.77142857,12.91428571,35.0,64.0
2100.0,65,10.76470588,11.79411765,34.0,64.0
2200.0,65,11.6875,12.0625,32.0,64.0
2300.0,65,12.32258065,12.5483871,31.0,62.0
2400.0,65,12.8125,11.71875,32.0,62.0
2500.0,65,12.5,12.82352941,34.0,66.0
2600.0,65,14.16129032,12.03225806,31.0,62.0
2700.0,65,12.84848485,11.54545455,33.0,64.0
2800.0,65,12.65625,12.28125,32.0,62.0
2900.0,65,12.0,12.96969697,33.0,64.0
3000.0,65,13.42424242,15.3030303,33.0,64.0
3100.0,65,14.26470588,15.0,34.0,62.0
3200.0,65,13.02857143,15.17142857,35.0,64.0
3300.0,65,15.87878788,13.90909091,33.0,64.0
3400.0,65,16.75,12.8125,32.0,62.0
3500.0,65,16.75,11.375,32.0,62.0
3600.0,65,17.48484848,12.15151515,33.0,62.0
3700.0,65,20.21875,13.8125,32.0,62.0
3800.0,65,21.5625,15.53125,32.0,64.0
3900.0,65,22.66666667,14.42424242,33.0,62.0
4000.0,65,22.73529412,14.67647059,34.0,64.0
4100.0,65,22.15625,16.1875,32.0,62.0
4200.0,65,22.82352941,14.82352941,34.0,62.0
4300.0,65,20.28125,14.03125,32.0,62.0
4400.0,65,18.32258065,14.0,31.0,62.0
4500.0,65,17.33333333,13.18181818,33.0,64.0
4600.0,65,17.15625,11.75,32.0,62.0
4700.0,65,17.78787879,9.545454545,33.0,62.0
4800.0,65,18.11764706,10.41176471,34.0,64.0
4900.0,65,17.18181818,9.96969697,33.0,62.0
5000.0,65,17.12903226,10.35483871,31.0,62.0
5100.0,65,18.42424242,8.727272727,33.0,64.0
5200.0,65,16.90909091,7.939393939,33.0,64.0
5300.0,65,18.86666667,7.9,30.0,60.0
5400.0,65,18.3125,6.9375,32.0,62.0
5500.0,65,18.15151515,6.939393939,33.0,64.0
5600.0,65,15.90909091,5.96969697,33.0,64.0
5700.0,65,16.67741935,6.064516129,31.0,64.0
5800.0,65,15.90909091,6.060606061,33.0,64.0
5900.0,65,15.16129032,6.225806452,31.0,62.0
6000.0,65,13.38235294,5.676470588,34.0,64.0
6100.0,65,12.125,6.5625,32.0,64.0
6200.0,65,10.65625,6.875,32.0,64.0
6300.0,65,8.617647059,7.323529412,34.0,64.0
6400.0,65,9.787878788,7.848484848,33.0,64.0
6500.0,65,9.612903226,8.258064516,31.0,62.0
6600.0,65,9.939393939,7.878787879,33.0,64.0
6700.0,65,10.6875,8.78125,32.0,64.0
6800.0,65,10.51515152,8.606060606,33.0,64.0
6900.0,65,11.57575758,9.727272727,33.0,64.0
7000.0,65,11.63636364,8.878787879,33.0,64.0
7100.0,65,13.27272727,10.81818182,33.0,64.0
7200.0,65,12.18181818,11.63636364,33.0,64.0
7300.0,65,12.42424242,14.03030303,33.0,62.0
7400.0,65,15.36666667,14.2,30.0,62.0
7500.0,65,14.74193548,12.77419355,31.0,62.0
7600.0,65,14.84375,12.9375,32.0,62.0
7700.0,65,14.66666667,12.57575758,33.0,64.0
7800.0,65,14.82352941,13.17647059,34.0,62.0
7900.0,65,14.75757576,13.27272727,33.0,64.0
8000.0,65,15.5,13.0,34.0,62.0
8100.0,65,16.64516129,13.58064516,31.0,64.0
8200.0,65,16.81818182,12.87878788,33.0,66.0
8300.0,65,15.3125,13.09375,32.0,62.0
8400.0,65,16.15151515,10.0,33.0,64.0
8500.0,65,16.90322581,9.129032258,31.0,62.0
8600.0,65,18.0,7.5,34.0,62.0
8700.0,65,15.69444444,8.972222222,36.0,64.0
8800.0,65,16.4375,9.28125,32.0,64.0
8900.0,65,16.70588235,9.5,34.0,62.0
9000.0,65,15.70588235,11.5,34.0,62.0
9100.0,65,17.67741935,11.19354839,31.0,64.0
9200.0,65,18.16666667,10.86111111,36.0,66.0
9300.0,65,16.94285714,11.0,35.0,66.0
9400.0,65,17.64705882,8.0,34.0,64.0
9500.0,65,17.22580645,5.64516129,31.0,62.0
9600.0,65,15.40625,6.90625,32.0,62.0
9700.0,65,15.58064516,7.612903226,31.0,62.0
9800.0,65,14.875,5.96875,32.0,66.0
9900.0,65,14.3125,4.90625,32.0,64.0
10000.0,65,15.65625,6.125,32.0,64.0
0.0,66,4.0,4.0,37.0,64.0
100.0,66,3.1875,2.21875,32.0,62.0
200.0,66,3.294117647,0.2941176471,34.0,66.0
300.0,66,2.575757576,-0.8484848485,33.0,64.0
400.0,66,-0.71875,-0.03125,32.0,62.0
500.0,66,-1.294117647,-0.1470588235,34.0,64.0
600.0,66,-0.7058823529,0.7941176471,34.0,64.0
700.0,66,-1.3125,-0.6875,32.0,64.0
800.0,66,-0.1212121212,-0.9393939394,33.0,64.0
900.0,66,-0.4,-2.514285714,35.0,66.0
1000.0,66,1.909090909,-1.787878788,33.0,62.0
1100.0,66,1.166666667,-2.666666667,30.0,62.0
1200.0,66,1.9375,-1.1875,32.0,64.0
1300.0,66,1.323529412,-0.08823529412,34.0,64.0
1400.0,66,0.8064516129,0.2903225806,31.0,60.0
1500.0,66,2.727272727,0.09090909091,33.0,64.0
1600.0,66,1.181818182,-0.3636363636,33.0,64.0
1700.0,66,2.878787879,-0.6060606061,33.0,64.0
1800.0,66,3.7,-0.9666666667,30.0,64.0
1900.0,66,3.151515152,-0.5454545455,33.0,66.0
2000.0,66,1.90625,-0.90625,32.0,66.0
2100.0,66,1.806451613,-1.096774194,31.0,60.0
2200.0,66,1.242424242,-1.363636364,33.0,64.0
2300.0,66,1.225806452,-2.35483871,31.0,64.0
2400.0,66,-0.3055555556,-4.472222222,36.0,66.0
2500.0,66,0.7352941176,-4.0,34.0,62.0
2600.0,66,1.323529412,-5.911764706,34.0,64.0
2700.0,66,2.303030303,-5.060606061,33.0,66.0
2800.0,66,1.96875,-6.8125,32.0,64.0
2900.0,66,3.647058824,-6.735294118,34.0,64.0
3000.0,66,3.588235294,-6.323529412,34.0,64.0
3100.0,66,3.606060606,-6.515151515,33.0,62.0
3200.0,66,3.727272727,-6.818181818,33.0,64.0
3300.0,66,3.151515152,-6.424242424,33.0,64.0
3400.0,66,3.484848485,-6.909090909,33.0,64.0
3500.0,66,3.5,-7.8125,32.0,62.0
3600.0,66,1.088235294,-7.794117647,34.0,64.0
3700.0,66,0.625,-6.84375,32.0,60.0
3800.0,66,0.46875,-6.0625,32.0,62.0
3900.0,66,0.8484848485,-6.848484848,33.0,62.0
4000.0,66,2.114285714,-6.257142857,35.0,64.0
4100.0,66,3.0,-6.5,32.0,62.0
4200.0,66,3.911764706,-5.823529412,34.0,64.0
4300.0,66,2.424242424,-4.96969697,33.0,62.0
4400.0,66,3.818181818,-4.121212121,33.0,66.0
4500.0,66,6.264705882,-3.911764706,34.0,64.0
4600.0,66,9.382352941,-5.823529412,34.0,64.0
4700.0,66,8.117647059,-3.117647059,34.0,64.0
4800.0,66,5.666666667,-3.333333333,33.0,64.0
4900.0,66,4.242424242,-1.666666667,33.0,64.0
5000.0,66,3.193548387,-0.4516129032,31.0,60.0
5100.0,66,1.636363636,-0.9696969697,33.0,64.0
5200.0,66,1.258064516,-1.322580645,31.0,62.0
5300.0,66,1.294117647,-1.5,34.0,62.0
5400.0,66,-0.3235294118,-1.058823529,34.0,64.0
5500.0,66,-2.272727273,-1.848484848,33.0,62.0
5600.0,66,-1.529411765,-2.0,34.0,66.0
5700.0,66,-1.787878788,-2.545454545,33.0,64.0
5800.0,66,-1.28125,-2.375,32.0,64.0
5900.0,66,-1.666666667,-0.6666666667,30.0,64.0
6000.0,66,-2.419354839,-1.322580645,31.0,64.0
6100.0,66,-2.35483871,-2.064516129,31.0,62.0
6200.0,66,-1.96969697,-3.757575758,33.0,64.0
6300.0,66,-2.064516129,-3.580645161,31.0,60.0
6400.0,66,-2.303030303,-3.242424242,33.0,62.0
6500.0,66,-3.090909091,-3.848484848,33.0,64.0
6600.0,66,-5.117647059,-2.0,34.0,64.0
6700.0,66,-6.147058824,-0.4705882353,34.0,64.0
6800.0,66,-5.28125,-1.0,32.0,64.0
6900.0,66,-5.212121212,-2.878787879,33.0,64.0
7000.0,66,-5.606060606,-5.757575758,33.0,66.0
7100.0,66,-5.40625,-4.0,32.0,64.0
7200.0,66,-4.454545455,-2.787878788,33.0,62.0
7300.0,66,-5.96875,-5.375,32.0,62.0
7400.0,66,-5.09375,-7.34375,32.0,62.0
7500.0,66,-2.875,-5.59375,32.0,62.0
7600.0,66,-3.3125,-5.34375,32.0,62.0
7700.0,66,-4.25,-4.1875,32.0,62.0
7800.0,66,-5.064516129,-3.451612903,31.0,62.0
7900.0,66,-5.545454545,-2.545454545,33.0,64.0
8000.0,66,-7.235294118,-2.205882353,34.0,64.0
8100.0,66,-7.35483871,-1.225806452,31.0,62.0
8200.0,66,-5.823529412,-0.5,34.0,66.0
8300.0,66,-5.6,-0.4857142857,35.0,64.0
8400.0,66,-5.935483871,-1.193548387,31.0,62.0
8500.0,66,-4.580645161,-0.7096774194,31.0,62.0
8600.0,66,-3.1,-1.3,30.0,60.0
8700.0,66,-3.588235294,-2.117647059,34.0,64.0
8800.0,66,-2.4375,-2.65625,32.0,64.0
8900.0,66,-3.451612903,-3.35483871,31.0,62.0
9000.0,66,-4.242424242,-5.303030303,33.0,62.0
9100.0,66,-3.428571429,-7.371428571,35.0,64.0
9200.0,66,-1.9375,-8.25,32.0,62.0
9300.0,66,-1.606060606,-9.878787879,33.0,64.0
9400.0,66,-2.171428571,-10.68571429,35.0,64.0
9500.0,66,-3.333333333,-10.24242424,33.0,62.0
9600.0,66,-5.09375,-10.5625,32.0,62.0
9700.0,66,-5.4,-9.028571429,35.0,64.0
9800.0,66,-3.53125,-8.5625,32.0,62.0
9900.0,66,-5.90625,-9.6875,32.0,62.0
10000.0,66,-6.433333333,-9.466666667,30.0,62.0
0.0,67,4.0,4.0,37.0,64.0
100.0,67,4.0625,4.9375,32.0,64.0
200.0,67,0.1290322581,5.709677419,31.0,60.0
300.0,67,-1.516129032,4.903225806,31.0,62.0
400.0,67,-1.205882353,7.764705882,34.0,64.0
500.0,67,0.1875,6.5,32.0,62.0
600.0,67,-2.21875,6.71875,32.0,64.0
700.0,67,-2.161290323,6.806451613,31.0,62.0
800.0,67,-1.545454545,5.090909091,33.0,62.0
900.0,67,-3.2,4.833333333,30.0,60.0
1000.0,67,-2.606060606,5.878787879,33.0,64.0
1100.0,67,0.1470588235,6.882352941,34.0,64.0
1200.0,67,0.4193548387,7.612903226,31.0,64.0
1300.0,67,0.1212121212,7.636363636,33.0,64.0
1400.0,67,-0.6774193548,6.064516129,31.0,64.0
1500.0,67,-2.454545455,5.909090909,33.0,62.0
1600.0,67,-4.242424242,6.363636364,33.0,64.0
1700.0,67,-5.611111111,4.861111111,36.0,64.0
1800.0,67,-7.03125,4.09375,32.0,62.0
1900.0,67,-7.65625,4.6875,32.0,62.0
2000.0,67,-7.0,5.8125,32.0,64.0
2100.0,67,-8.028571429,7.4,35.0,64.0
2200.0,67,-9.4,3.933333333,30.0,62.0
2300.0,67,-8.205882353,3.352941176,34.0,64.0
2400.0,67,-9.65625,1.75,32.0,64.0
2500.0,67,-11.28125,0.25,32.0,62.0
2600.0,67,-10.42424242,-0.9696969697,33.0,62.0
2700.0,67,-8.903225806,-0.7419354839,31.0,62.0
2800.0,67,-9.25,-1.1875,32.0,62.0
2900.0,67,-7.9,-0.06666666667,30.0,62.0
3000.0,67,-8.387096774,0.935483871,31.0,62.0
3100.0,67,-10.61764706,2.705882353,34.0,64.0
3200.0,67,-12.96969697,4.212121212,33.0,64.0
3300.0,67,-14.5625,6.34375,32.0,64.0
3400.0,67,-16.54545455,6.212121212,33.0,62.0
3500.0,67,-15.58064516,5.548387097,31.0,60.0
3600.0,67,-15.08571429,4.571428571,35.0,64.0
3700.0,67,-15.31428571,2.828571429,35.0,64.0
3800.0,67,-13.03030303,0.5757575758,33.0,66.0
3900.0,67,-15.20588235,2.441176471,34.0,64.0
4000.0,67,-15.9375,1.0625,32.0,64.0
4100.0,67,-16.28125,-0.75,32.0,62.0
4200.0,67,-15.51515152,-1.848484848,33.0,64.0
4300.0,67,-15.78787879,-0.7272727273,33.0,64.0
4400.0,67,-16.03225806,-0.3548387097,31.0,64.0
4500.0,67,-16.7,-0.2,30.0,62.0
4600.0,67,-14.75757576,-1.515151515,33.0,64.0
4700.0,67,-15.59375,-0.1875,32.0,64.0
4800.0,67,-16.3125,1.0,32.0,64.0
4900.0,67,-16.46875,0.0625,32.0,64.0
5000.0,67,-16.09090909,0.303030303,33.0,62.0
5100.0,67,-16.65517241,1.137931034,29.0,62.0
5200.0,67,-14.27272727,0.1515151515,33.0,62.0
5300.0,67,-13.0,0.1714285714,35.0,64.0
5400.0,67,-11.6875,-0.78125,32.0,64.0
5500.0,67,-12.67647059,-0.3529411765,34.0,64.0
5600.0,67,-13.27272727,-0.1515151515,33.0,62.0
5700.0,67,-14.39393939,-0.5151515152,33.0,62.0
5800.0,67,-13.25,0.40625,32.0,66.0
5900.0,67,-14.64705882,-1.352941176,34.0,64.0
6000.0,67,-14.06451613,-2.548387097,31.0,64.0
6100.0,67,-12.05882353,-1.852941176,34.0,64.0
6200.0,67,-11.82758621,-2.517241379,29.0,62.0
6300.0,67,-11.8125,-4.0625,32.0,64.0
6400.0,67,-10.70588235,-2.735294118,34.0,64.0
6500.0,67,-13.15151515,-3.757575758,33.0,64.0
6600.0,67,-10.9,-4.633333333,30.0,62.0
6700.0,67,-10.93939394,-3.060606061,33.0,64.0
6800.0,67,-9.5,-2.705882353,34.0,62.0
6900.0,67,-11.22580645,-2.741935484,31.0,64.0
7000.0,67,-11.78787879,-3.939393939,33.0,64.0
7100.0,67,-11.03030303,-5.818181818,33.0,62.0
7200.0,67,-11.4137931,-4.793103448,29.0,60.0
7300.0,67,-11.2,-3.8,30.0,64.0
7400.0,67,-11.09375,-2.5,32.0,62.0
7500.0,67,-10.55172414,-2.379310345,29.0,62.0
7600.0,67,-12.78125,-2.375,32.0,64.0
7700.0,67,-12.21875,-2.875,32.0,62.0
7800.0,67,-11.84848485,-4.151515152,33.0,62.0
7900.0,67,-16.42424242,-3.606060606,33.0,64.0
8000.0,67,-15.41176471,-4.823529412,34.0,64.0
8100.0,67,-14.48387097,-4.483870968,31.0,62.0
8200.0,67,-13.74193548,-2.064516129,31.0,64.0
8300.0,67,-12.24242424,-1.515151515,33.0,64.0
8400.0,67,-12.96875,-2.09375,32.0,62.0
8500.0,67,-13.64705882,-2.294117647,34.0,64.0
8600.0,67,-14.0,-1.147058824,34.0,64.0
8700.0,67,-13.82352941,-0.3529411765,34.0,64.0
8800.0,67,-13.91428571,-1.2,35.0,64.0
8900.0,67,-14.34375,-2.15625,32.0,62.0
9000.0,67,-13.1875,-2.125,32.0,64.0
9100.0,67,-10.4516129,-1.0,31.0,62.0
9200.0,67,-9.0,-1.40625,32.0,62.0
9300.0,67,-8.65625,-0.5625,32.0,62.0
9400.0,67,-9.5,-1.5,34.0,64.0
9500.0,67,-9.647058824,-0.8529411765,34.0,64.0
9600.0,67,-8.84375,0.0,32.0,62.0
9700.0,67,-8.21875,0.0,32.0,62.0
9800.0,67,-10.09375,-0.25,32.0,62.0
9900.0,67,-10.14285714,0.2,35.0,68.0
10000.0,67,-11.23333333,1.433333333,30.0,62.0
0.0,68,4.0,4.0,37.0,64.0
100.0,68,3.0,3.818181818,33.0,64.0
200.0,68,2.4,4.028571429,35.0,64.0
300.0,68,2.28125,2.6875,32.0,62.0
400.0,68,1.411764706,1.0,34.0,64.0
500.0,68,1.441176471,2.205882353,34.0,64.0
600.0,68,1.545454545,2.181818182,33.0,66.0
700.0,68,0.6896551724,0.8620689655,29.0,62.0
800.0,68,1.885714286,0.05714285714,35.0,66.0
900.0,68,2.181818182,1.03030303,33.0,64.0
1000.0,68,1.529411765,2.058823529,34.0,64.0
1100.0,68,1.823529412,1.911764706,34.0,64.0
1200.0,68,2.878787879,0.6060606061,33.0,64.0
1300.0,68,3.352941176,-0.8529411765,34.0,66.0
1400.0,68,3.612903226,0.09677419355,31.0,64.0
1500.0,68,4.0,-1.323529412,34.0,64.0
1600.0,68,0.6774193548,-2.064516129,31.0,62.0
1700.0,68,-1.363636364,-2.696969697,33.0,66.0
1800.0,68,-1.542857143,-1.428571429,35.0,66.0
1900.0,68,-1.606060606,0.5151515152,33.0,64.0
2000.0,68,-0.4375,1.78125,32.0,62.0
2100.0,68,1.181818182,3.333333333,33.0,64.0
2200.0,68,-0.7352941176,3.647058824,34.0,64.0
2300.0,68,0.3939393939,3.515151515,33.0,62.0
2400.0,68,-1.333333333,2.939393939,33.0,62.0
2500.0,68,-1.3125,4.4375,32.0,62.0
2600.0,68,-0.7878787879,4.848484848,33.0,64.0
2700.0,68,-1.352941176,7.588235294,34.0,64.0
2800.0,68,-0.3714285714,7.571428571,35.0,64.0
2900.0,68,-1.5,7.25,32.0,62.0
3000.0,68,-2.8125,7.71875,32.0,62.0
3100.0,68,-2.848484848,7.939393939,33.0,64.0
3200.0,68,-2.181818182,8.727272727,33.0,64.0
3300.0,68,0.08333333333,7.055555556,36.0,66.0
3400.0,68,2.303030303,5.272727273,33.0,64.0
3500.0,68,2.314285714,3.114285714,35.0,64.0
3600.0,68,2.09375,2.125,32.0,62.0
3700.0,68,0.90625,0.6875,32.0,64.0
3800.0,68,0.8064516129,-0.3548387097,31.0,62.0
3900.0,68,-0.8,-1.285714286,35.0,66.0
4000.0,68,-1.90625,-2.40625,32.0,62.0
4100.0,68,-1.5,-1.71875,32.0,62.0
4200.0,68,0.7272727273,-0.4242424242,33.0,64.0
4300.0,68,-0.3225806452,1.451612903,31.0,62.0
4400.0,68,-1.6,-0.4333333333,30.0,64.0
4500.0,68,-2.096774194,-1.516129032,31.0,62.0
4600.0,68,-3.294117647,-1.5,34.0,62.0
4700.0,68,-4.580645161,-0.6774193548,31.0,62.0
4800.0,68,-4.258064516,-0.6129032258,31.0,62.0
4900.0,68,-5.90625,-0.75,32.0,62.0
5000.0,68,-6.966666667,1.6,30.0,64.0
5100.0,68,-5.5,3.5,34.0,64.0
5200.0,68,-6.96969697,3.0,33.0,64.0
5300.0,68,-9.451612903,0.09677419355,31.0,62.0
5400.0,68,-14.09090909,1.424242424,33.0,64.0
5500.0,68,-13.85294118,2.088235294,34.0,64.0
5600.0,68,-12.3125,0.15625,32.0,62.0
5700.0,68,-10.15151515,0.9090909091,33.0,62.0
5800.0,68,-9.46875,-0.71875,32.0,64.0
5900.0,68,-7.451612903,0.3225806452,31.0,62.0
6000.0,68,-8.5,-2.0,34.0,62.0
6100.0,68,-9.794117647,-2.264705882,34.0,64.0
6200.0,68,-10.55882353,-1.470588235,34.0,64.0
6300.0,68,-11.24242424,1.272727273,33.0,64.0
6400.0,68,-10.61290323,2.064516129,31.0,62.0
6500.0,68,-9.823529412,5.176470588,34.0,62.0
6600.0,68,-9.264705882,4.176470588,34.0,64.0
6700.0,68,-11.54545455,5.212121212,33.0,62.0
6800.0,68,-11.62857143,4.428571429,35.0,64.0
6900.0,68,-8.151515152,3.484848485,33.0,62.0
7000.0,68,-7.1875,5.5,32.0,62.0
7100.0,68,-6.242424242,5.424242424,33.0,62.0
7200.0,68,-5.515151515,5.121212121,33.0,64.0
7300.0,68,-6.53125,4.6875,32.0,64.0
7400.0,68,-6.764705882,2.941176471,34.0,64.0
7500.0,68,-7.15625,2.5625,32.0,64.0
7600.0,68,-6.225806452,4.290322581,31.0,64.0
7700.0,68,-6.64516129,3.677419355,31.0,64.0
7800.0,68,-6.333333333,2.939393939,33.0,64.0
7900.0,68,-7.125,2.125,32.0,62.0
8000.0,68,-7.583333333,3.416666667,36.0,66.0
8100.0,68,-7.363636364,4.545454545,33.0,64.0
8200.0,68,-6.939393939,5.151515152,33.0,64.0
8300.0,68,-8.909090909,6.939393939,33.0,66.0
8400.0,68,-7.84375,5.5625,32.0,64.0
8500.0,68,-8.548387097,3.806451613,31.0,60.0
8600.0,68,-10.5,4.0,32.0,62.0
8700.0,68,-11.66666667,4.212121212,33.0,64.0
8800.0,68,-13.22580645,4.870967742,31.0,62.0
8900.0,68,-14.76470588,4.852941176,34.0,64.0
9000.0,68,-13.75757576,3.303030303,33.0,62.0
9100.0,68,-12.57575758,2.545454545,33.0,66.0
9200.0,68,-12.73529412,2.735294118,34.0,64.0
9300.0,68,-14.06666667,2.766666667,30.0,62.0
9400.0,68,-14.5,2.294117647,34.0,62.0
9500.0,68,-13.82857143,3.714285714,35.0,66.0
9600.0,68,-14.20689655,2.137931034,29.0,62.0
9700.0,68,-15.3030303,0.7878787879,33.0,64.0
9800.0,68,-16.29411765,0.7352941176,34.0,64.0
9900.0,68,-17.03125,0.75,32.0,62.0
10000.0,68,-16.66666667,1.181818182,33.0,64.0
0.0,69,4.0,4.0,37.0,64.0
100.0,69,2.694444444,4.972222222,36.0,64.0
200.0,69,1.0625,5.3125,32.0,62.0
300.0,69,2.0,4.5,34.0,62.0
400.0,69,1.382352941,2.617647059,34.0,64.0
500.0,69,2.393939394,1.818181818,33.0,64.0
600.0,69,2.516129032,1.806451613,31.0,64.0
700.0,69,1.9,3.266666667,30.0,62.0
800.0,69,2.6875,2.28125,32.0,62.0
900.0,69,2.848484848,3.272727273,33.0,62.0
1000.0,69,4.375,2.1875,32.0,64.0
1100.0,69,5.333333333,2.181818182,33.0,64.0
1200.0,69,7.638888889,-0.3333333333,36.0,66.0
1300.0,69,7.212121212,0.4545454545,33.0,62.0
1400.0,69,5.419354839,0.2258064516,31.0,62.0
1500.0,69,5.916666667,0.02777777778,36.0,64.0
1600.0,69,6.84375,0.125,32.0,64.0
1700.0,69,7.0625,-0.9375,32.0,62.0
1800.0,69,7.290322581,-0.6774193548,31.0,64.0
1900.0,69,8.588235294,-0.5882352941,34.0,64.0
2000.0,69,9.71875,-2.34375,32.0,62.0
2100.0,69,8.909090909,-2.242424242,33.0,62.0
2200.0,69,7.125,-3.5625,32.0,62.0
2300.0,69,7.264705882,-3.147058824,34.0,64.0
2400.0,69,8.03030303,-1.727272727,33.0,64.0
2500.0,69,8.382352941,-2.970588235,34.0,64.0
2600.0,69,7.34375,-2.34375,32.0,62.0
2700.0,69,6.484848485,-2.03030303,33.0,64.0
2800.0,69,7.861111111,-0.9444444444,36.0,66.0
2900.0,69,5.848484848,-1.575757576,33.0,64.0
3000.0,69,7.0,-1.5,34.0,62.0
3100.0,69,7.34375,-4.3125,32.0,64.0
3200.0,69,7.176470588,-6.823529412,34.0,62.0
3300.0,69,7.090909091,-6.151515152,33.0,62.0
3400.0,69,8.151515152,-4.848484848,33.0,62.0
3500.0,69,8.121212121,-5.96969697,33.0,64.0
3600.0,69,8.46875,-6.375,32.0,64.0
3700.0,69,7.966666667,-5.9,30.0,62.0
3800.0,69,7.322580645,-6.935483871,31.0,64.0
3900.0,69,7.96969697,-7.757575758,33.0,64.0
4000.0,69,6.757575758,-8.515151515,33.0,64.0
4100.0,69,6.823529412,-7.0,34.0,64.0
4200.0,69,5.636363636,-7.272727273,33.0,62.0
4300.0,69,4.147058824,-5.794117647,34.0,66.0
4400.0,69,3.966666667,-6.4,30.0,62.0
4500.0,69,4.742857143,-6.285714286,35.0,66.0
4600.0,69,6.0625,-8.28125,32.0,64.0
4700.0,69,5.5625,-8.5,32.0,64.0
4800.0,69,5.5,-8.117647059,34.0,64.0
4900.0,69,5.294117647,-9.5,34.0,62.0
5000.0,69,8.387096774,-10.32258065,31.0,62.0
5100.0,69,7.911764706,-10.41176471,34.0,64.0
5200.0,69,7.242424242,-10.57575758,33.0,62.0
5300.0,69,6.878787879,-10.39393939,33.0,64.0
5400.0,69,6.228571429,-11.0,35.0,64.0
5500.0,69,5.606060606,-8.939393939,33.0,64.0
5600.0,69,5.78125,-8.0,32.0,62.0
5700.0,69,5.903225806,-9.35483871,31.0,62.0
5800.0,69,4.806451613,-10.32258065,31.0,62.0
5900.0,69,6.342857143,-11.05714286,35.0,64.0
6000.0,69,7.151515152,-10.48484848,33.0,64.0
6100.0,69,6.838709677,-9.193548387,31.0,62.0
6200.0,69,5.742857143,-9.228571429,35.0,64.0
6300.0,69,6.75,-10.1875,32.0,62.0
6400.0,69,4.6,-8.171428571,35.0,66.0
6500.0,69,5.0625,-6.90625,32.0,62.0
6600.0,69,4.193548387,-7.419354839,31.0,62.0
6700.0,69,4.151515152,-8.515151515,33.0,62.0
6800.0,69,5.090909091,-7.787878788,33.0,64.0
6900.0,69,3.272727273,-7.818181818,33.0,62.0
7000.0,69,3.636363636,-8.666666667,33.0,66.0
7100.0,69,4.352941176,-7.088235294,34.0,64.0
7200.0,69,6.2,-9.457142857,35.0,64.0
7300.0,69,5.685714286,-10.6,35.0,64.0
7400.0,69,4.451612903,-12.48387097,31.0,64.0
7500.0,69,4.666666667,-10.96969697,33.0,64.0
7600.0,69,6.625,-11.15625,32.0,60.0
7700.0,69,7.3125,-10.28125,32.0,64.0
7800.0,69,9.15625,-11.625,32.0,64.0
7900.0,69,8.96969697,-14.42424242,33.0,64.0
8000.0,69,6.8125,-15.09375,32.0,64.0
8100.0,69,7.580645161,-18.74193548,31.0,64.0
8200.0,69,7.34375,-16.46875,32.0,64.0
8300.0,69,7.967741935,-14.58064516,31.0,64.0
8400.0,69,8.28125,-13.21875,32.0,62.0
8500.0,69,8.911764706,-15.97058824,34.0,64.0
8600.0,69,8.176470588,-14.82352941,34.0,62.0
8700.0,69,8.78125,-14.71875,32.0,64.0
8800.0,69,8.181818182,-14.60606061,33.0,64.0
8900.0,69,7.4375,-17.0,32.0,62.0
9000.0,69,7.647058824,-16.76470588,34.0,64.0
9100.0,69,7.034482759,-17.31034483,29.0,62.0
9200.0,69,8.181818182,-17.0,33.0,64.0
9300.0,69,7.764705882,-15.76470588,34.0,64.0
9400.0,69,7.46875,-17.34375,32.0,64.0
9500.0,69,7.787878788,-16.45454545,33.0,62.0
9600.0,69,8.794117647,-15.29411765,34.0,64.0
9700.0,69,9.088235294,-17.17647059,34.0,64.0
9800.0,69,7.303030303,-17.72727273,33.0,64.0
9900.0,69,9.5625,-17.84375,32.0,62.0
10000.0,69,11.26470588,-20.29411765,34.0,64.0
0.0,70,4.0,4.0,37.0,64.0
100.0,70,4.057142857,4.342857143,35.0,64.0
200.0,70,5.515151515,3.787878788,33.0,64.0
300.0,70,8.333333333,4.303030303,33.0,64.0
400.0,70,9.9375,4.5625,32.0,62.0
500.0,70,11.17647059,6.058823529,34.0,64.0
600.0,70,10.19354839,5.741935484,31.0,62.0
700.0,70,12.03125,6.8125,32.0,64.0
800.0,70,11.30555556,6.916666667,36.0,66.0
900.0,70,10.71875,5.3125,32.0,62.0
1000.0,70,10.46666667,6.866666667,30.0,60.0
1100.0,70,13.4137931,5.068965517,29.0,62.0
1200.0,70,13.36363636,6.181818182,33.0,64.0
1300.0,70,11.84375,6.625,32.0,60.0
1400.0,70,10.25806452,7.193548387,31.0,62.0
1500.0,70,8.848484848,9.090909091,33.0,62.0
1600.0,70,8.90625,7.0,32.0,64.0
1700.0,70,8.818181818,6.787878788,33.0,66.0
1800.0,70,8.0,5.911764706,34.0,64.0
1900.0,70,9.75,6.0625,32.0,64.0
2000.0,70,8.575757576,6.515151515,33.0,64.0
2100.0,70,7.533333333,4.433333333,30.0,60.0
2200.0,70,7.696969697,2.636363636,33.0,64.0
2300.0,70,5.147058824,3.294117647,34.0,64.0
2400.0,70,3.090909091,2.151515152,33.0,62.0
2500.0,70,3.35483871,3.709677419,31.0,62.0
2600.0,70,2.575757576,4.151515152,33.0,64.0
2700.0,70,3.483870968,4.225806452,31.0,64.0
2800.0,70,4.65625,5.21875,32.0,62.0
2900.0,70,5.542857143,6.8,35.0,64.0
3000.0,70,2.625,9.3125,32.0,64.0
3100.0,70,1.3,9.366666667,30.0,62.0
3200.0,70,2.125,10.09375,32.0,64.0
3300.0,70,2.78125,10.71875,32.0,64.0
3400.0,70,4.848484848,12.84848485,33.0,62.0
3500.0,70,6.818181818,15.48484848,33.0,64.0
3600.0,70,7.606060606,15.15151515,33.0,64.0
3700.0,70,7.575757576,16.57575758,33.0,62.0
3800.0,70,7.575757576,15.93939394,33.0,62.0
3900.0,70,8.419354839,16.09677419,31.0,62.0
4000.0,70,8.46875,16.03125,32.0,64.0
4100.0,70,6.909090909,18.87878788,33.0,64.0
4200.0,70,7.485714286,21.31428571,35.0,66.0
4300.0,70,7.828571429,22.28571429,35.0,64.0
4400.0,70,7.193548387,22.32258065,31.0,62.0
4500.0,70,6.625,22.84375,32.0,60.0
4600.0,70,2.59375,21.0,32.0,64.0
4700.0,70,2.5625,23.59375,32.0,64.0
4800.0,70,1.3125,22.71875,32.0,62.0
4900.0,70,2.181818182,21.33333333,33.0,66.0
5000.0,70,2.548387097,22.29032258,31.0,62.0
5100.0,70,-0.3333333333,23.60606061,33.0,64.0
5200.0,70,-1.125,21.75,32.0,64.0
5300.0,70,-1.612903226,21.19354839,31.0,64.0
5400.0,70,-0.5625,23.125,32.0,64.0
5500.0,70,-1.542857143,24.57142857,35.0,64.0
5600.0,70,0.2857142857,23.94285714,35.0,64.0
5700.0,70,1.625,22.875,32.0,64.0
5800.0,70,1.878787879,21.15151515,33.0,64.0
5900.0,70,2.257142857,18.11428571,35.0,64.0
6000.0,70,1.0,17.5483871,31.0,62.0
6100.0,70,1.583333333,16.38888889,36.0,66.0
6200.0,70,1.96969697,16.12121212,33.0,64.0
6300.0,70,2.606060606,19.15151515,33.0,64.0
6400.0,70,1.5,20.09375,32.0,64.0
6500.0,70,3.46875,19.1875,32.0,62.0
6600.0,70,4.5,19.75,32.0,62.0
6700.0,70,4.941176471,21.85294118,34.0,64.0
6800.0,70,1.657142857,22.05714286,35.0,64.0
6900.0,70,1.862068966,21.55172414,29.0,62.0
7000.0,70,5.903225806,21.77419355,31.0,62.0
7100.0,70,4.709677419,19.06451613,31.0,62.0
7200.0,70,3.575757576,18.75757576,33.0,62.0
7300.0,70,2.09375,19.0,32.0,64.0
7400.0,70,1.1875,18.875,32.0,62.0
7500.0,70,1.65625,18.71875,32.0,64.0
7600.0,70,1.294117647,17.97058824,34.0,64.0
7700.0,70,0.5714285714,18.45714286,35.0,64.0
7800.0,70,0.5172413793,16.82758621,29.0,62.0
7900.0,70,0.4242424242,18.57575758,33.0,62.0
8000.0,70,0.40625,18.125,32.0,62.0
8100.0,70,-0.7647058824,17.85294118,34.0,64.0
8200.0,70,1.666666667,19.63636364,33.0,64.0
8300.0,70,1.53125,19.1875,32.0,62.0
8400.0,70,2.935483871,20.48387097,31.0,62.0
8500.0,70,1.03030303,21.87878788,33.0,64.0
8600.0,70,-0.4375,22.3125,32.0,62.0
8700.0,70,0.625,23.59375,32.0,62.0
8800.0,70,-0.7096774194,23.4516129,31.0,62.0
8900.0,70,-0.1176470588,23.88235294,34.0,64.0
9000.0,70,-0.96875,25.71875,32.0,64.0
9100.0,70,-1.151515152,26.27272727,33.0,62.0
9200.0,70,-0.6764705882,27.85294118,34.0,64.0
9300.0,70,-1.057142857,27.11428571,35.0,64.0
9400.0,70,0.1142857143,26.25714286,35.0,64.0
9500.0,70,1.21875,26.46875,32.0,64.0
9600.0,70,0.5625,26.875,32.0,62.0
9700.0,70,0.4516129032,27.70967742,31.0,60.0
9800.0,70,2.028571429,29.17142857,35.0,64.0
9900.0,70,0.303030303,28.42424242,33.0,64.0
10000.0,70,0.9375,29.40625,32.0,64.0
0.0,71,4.0,4.0,37.0,64.0
100.0,71,3.909090909,3.060606061,33.0,64.0
200.0,71,4.484848485,4.090909091,33.0,64.0
300.0,71,2.5,1.875,32.0,64.0
400.0,71,2.470588235,2.5,34.0,64.0
500.0,71,1.870967742,1.967741935,31.0,62.0
600.0,71,0.3666666667,0.7666666667,30.0,64.0
700.0,71,0.2352941176,-0.8823529412,34.0,64.0
800.0,71,1.323529412,-1.323529412,34.0,64.0
900.0,71,3.625,-1.25,32.0,64.0
1000.0,71,5.176470588,-0.1764705882,34.0,62.0
1100.0,71,4.6,-0.4857142857,35.0,64.0
1200.0,71,4.742857143,0.8857142857,35.0,64.0
1300.0,71,2.625,-0.625,32.0,62.0
1400.0,71,3.176470588,-0.2058823529,34.0,66.0
1500.0,71,2.909090909,-1.696969697,33.0,62.0
1600.0,71,2.548387097,-1.903225806,31.0,62.0
1700.0,71,2.705882353,-3.147058824,34.0,64.0
1800.0,71,1.870967742,-3.483870968,31.0,62.0
1900.0,71,-0.1764705882,-1.176470588,34.0,62.0
2000.0,71,-1.735294118,0.0,34.0,62.0
2100.0,71,-2.272727273,0.3636363636,33.0,62.0
2200.0,71,-1.588235294,2.470588235,34.0,64.0
2300.0,71,-3.5625,3.0,32.0,62.0
2400.0,71,-3.375,1.5,32.0,62.0
2500.0,71,-4.1875,2.46875,32.0,62.0
2600.0,71,-2.388888889,4.138888889,36.0,64.0
2700.0,71,-3.09375,5.0,32.0,62.0
2800.0,71,-2.03125,4.84375,32.0,64.0
2900.0,71,-2.382352941,5.176470588,34.0,64.0
3000.0,71,-1.676470588,3.617647059,34.0,64.0
3100.0,71,-2.818181818,3.424242424,33.0,64.0
3200.0,71,-2.967741935,4.064516129,31.0,64.0
3300.0,71,-2.548387097,4.290322581,31.0,62.0
3400.0,71,-2.258064516,4.677419355,31.0,64.0
3500.0,71,-3.090909091,3.696969697,33.0,62.0
3600.0,71,-4.212121212,4.909090909,33.0,62.0
3700.0,71,-4.46875,5.1875,32.0,62.0
3800.0,71,-4.909090909,5.787878788,33.0,62.0
3900.0,71,-4.909090909,6.545454545,33.0,62.0
4000.0,71,-4.5,5.4,30.0,60.0
4100.0,71,-5.65625,8.40625,32.0,62.0
4200.0,71,-4.818181818,9.636363636,33.0,64.0
4300.0,71,-4.424242424,12.24242424,33.0,64.0
4400.0,71,-4.806451613,11.5483871,31.0,62.0
4500.0,71,-5.444444444,13.47222222,36.0,66.0
4600.0,71,-5.176470588,14.91176471,34.0,64.0
4700.0,71,-4.636363636,13.33333333,33.0,64.0
4800.0,71,-6.967741935,14.06451613,31.0,62.0
4900.0,71,-4.90625,16.03125,32.0,62.0
5000.0,71,-4.272727273,15.12121212,33.0,64.0
5100.0,71,-6.727272727,13.54545455,33.0,64.0
5200.0,71,-6.411764706,13.88235294,34.0,64.0
5300.0,71,-5.142857143,13.08571429,35.0,66.0
5400.0,71,-4.764705882,14.47058824,34.0,64.0
5500.0,71,-5.448275862,13.93103448,29.0,62.0
5600.0,71,-6.161290323,12.67741935,31.0,64.0
5700.0,71,-5.823529412,10.82352941,34.0,62.0
5800.0,71,-7.424242424,13.66666667,33.0,62.0
5900.0,71,-8.533333333,13.03333333,30.0,62.0
6000.0,71,-9.571428571,13.22857143,35.0,64.0
6100.0,71,-9.15625,13.15625,32.0,64.0
6200.0,71,-10.45454545,14.24242424,33.0,64.0
6300.0,71,-9.40625,15.4375,32.0,62.0
6400.0,71,-8.9375,14.09375,32.0,62.0
6500.0,71,-7.382352941,14.67647059,34.0,64.0
6600.0,71,-5.264705882,12.55882353,34.0,64.0
6700.0,71,-3.666666667,13.42424242,33.0,62.0
6800.0,71,-6.1875,13.21875,32.0,64.0
6900.0,71,-5.09375,13.34375,32.0,62.0
7000.0,71,-6.451612903,14.32258065,31.0,62.0
7100.0,71,-6.766666667,14.7,30.0,62.0
7200.0,71,-6.735294118,14.14705882,34.0,66.0
7300.0,71,-6.058823529,11.64705882,34.0,64.0
7400.0,71,-6.294117647,10.79411765,34.0,64.0
7500.0,71,-7.90625,9.65625,32.0,64.0
7600.0,71,-7.696969697,9.454545455,33.0,64.0
7700.0,71,-6.090909091,8.303030303,33.0,62.0
7800.0,71,-6.294117647,7.441176471,34.0,64.0
7900.0,71,-8.029411765,7.441176471,34.0,66.0
8000.0,71,-9.129032258,5.64516129,31.0,62.0
8100.0,71,-9.0,4.787878788,33.0,64.0
8200.0,71,-8.65625,7.375,32.0,62.0
8300.0,71,-8.75,7.71875,32.0,62.0
8400.0,71,-7.967741935,7.903225806,31.0,62.0
8500.0,71,-9.264705882,7.676470588,34.0,66.0
8600.0,71,-11.0625,9.75,32.0,64.0
8700.0,71,-11.81818182,7.151515152,33.0,64.0
8800.0,71,-12.8,5.966666667,30.0,62.0
8900.0,71,-11.0,5.794117647,34.0,64.0
9000.0,71,-9.242424242,6.696969697,33.0,62.0
9100.0,71,-9.606060606,7.03030303,33.0,64.0
9200.0,71,-7.117647059,6.5,34.0,64.0
9300.0,71,-6.8125,7.9375,32.0,64.0
9400.0,71,-6.0,6.823529412,34.0,64.0
9500.0,71,-6.382352941,4.176470588,34.0,66.0
9600.0,71,-8.266666667,7.066666667,30.0,62.0
9700.0,71,-6.848484848,6.787878788,33.0,64.0
9800.0,71,-5.911764706,7.0,34.0,64.0
9900.0,71,-5.125,5.5625,32.0,62.0
10000.0,71,-4.96875,4.25,32.0,64.0
0.0,72,4.0,4.0,37.0,64.0
100.0,72,4.35483871,3.806451613,31.0,60.0
200.0,72,5.90625,5.0625,32.0,62.0
300.0,72,4.838709677,4.064516129,31.0,64.0
400.0,72,4.909090909,3.575757576,33.0,64.0
500.0,72,6.5,1.0,32.0,64.0
600.0,72,4.176470588,1.176470588,34.0,62.0
700.0,72,4.272727273,4.515151515,33.0,64.0
800.0,72,3.129032258,4.322580645,31.0,64.0
900.0,72,4.6875,4.5625,32.0,62.0
1000.0,72,6.451612903,4.935483871,31.0,64.0
1100.0,72,5.875,6.4375,32.0,64.0
1200.0,72,7.757575758,5.848484848,33.0,64.0
1300.0,72,7.714285714,5.4,35.0,64.0
1400.0,72,7.441176471,3.970588235,34.0,64.0
1500.0,72,7.612903226,3.580645161,31.0,62.0
1600.0,72,7.933333333,3.1,30.0,62.0
1700.0,72,7.967741935,1.225806452,31.0,62.0
1800.0,72,5.166666667,1.233333333,30.0,64.0
1900.0,72,7.352941176,-0.1764705882,34.0,64.0
2000.0,72,7.125,1.5,32.0,62.0
2100.0,72,7.882352941,2.323529412,34.0,66.0
2200.0,72,8.212121212,3.666666667,33.0,64.0
2300.0,72,6.424242424,3.424242424,33.0,62.0
2400.0,72,8.516129032,2.032258065,31.0,62.0
2500.0,72,9.151515152,3.515151515,33.0,62.0
2600.0,72,9.96875,3.09375,32.0,62.0
2700.0,72,10.51515152,3.848484848,33.0,62.0
2800.0,72,8.393939394,3.757575758,33.0,64.0
2900.0,72,6.935483871,2.709677419,31.0,62.0
3000.0,72,5.121212121,1.151515152,33.0,64.0
3100.0,72,4.375,-1.5625,32.0,64.0
3200.0,72,5.333333333,-2.0,33.0,64.0
3300.0,72,6.75,-2.53125,32.0,64.0
3400.0,72,7.242424242,-2.424242424,33.0,64.0
3500.0,72,7.323529412,-2.029411765,34.0,64.0
3600.0,72,8.59375,-3.65625,32.0,62.0
3700.0,72,7.8,-4.966666667,30.0,62.0
3800.0,72,8.235294118,-6.323529412,34.0,64.0
3900.0,72,8.677419355,-7.741935484,31.0,62.0
4000.0,72,7.90625,-8.0,32.0,64.0
4100.0,72,6.151515152,-7.151515152,33.0,64.0
4200.0,72,4.696969697,-7.757575758,33.0,62.0
4300.0,72,5.806451613,-7.967741935,31.0,62.0
4400.0,72,4.75,-8.1875,32.0,64.0
4500.0,72,4.53125,-7.75,32.0,62.0
4600.0,72,3.5625,-7.28125,32.0,62.0
4700.0,72,0.4411764706,-8.676470588,34.0,64.0
4800.0,72,2.066666667,-6.4,30.0,62.0
4900.0,72,1.15625,-6.1875,32.0,64.0
5000.0,72,1.558823529,-6.558823529,34.0,64.0
5100.0,72,2.818181818,-6.606060606,33.0,64.0
5200.0,72,2.59375,-7.15625,32.0,64.0
5300.0,72,3.558823529,-5.441176471,34.0,64.0
5400.0,72,1.852941176,-4.882352941,34.0,64.0
5500.0,72,2.09375,-3.78125,32.0,64.0
5600.0,72,-0.5,-5.125,32.0,64.0
5700.0,72,-1.09375,-3.25,32.0,62.0
5800.0,72,-1.181818182,-1.96969697,33.0,62.0
5900.0,72,-0.6470588235,-3.0,34.0,64.0
6000.0,72,-2.0,-2.5,34.0,62.0
6100.0,72,-1.666666667,-1.575757576,33.0,62.0
6200.0,72,-3.129032258,-0.1290322581,31.0,62.0
6300.0,72,-2.28125,-2.3125,32.0,62.0
6400.0,72,-2.903225806,-0.9677419355,31.0,62.0
6500.0,72,-4.9375,-1.46875,32.0,64.0
6600.0,72,-4.757575758,-1.696969697,33.0,62.0
6700.0,72,-5.088235294,0.02941176471,34.0,64.0
6800.0,72,-1.628571429,1.771428571,35.0,64.0
6900.0,72,0.1612903226,1.64516129,31.0,64.0
7000.0,72,0.02777777778,0.3055555556,36.0,64.0
7100.0,72,-1.90625,1.59375,32.0,64.0
7200.0,72,-3.636363636,-0.5151515152,33.0,64.0
7300.0,72,-1.575757576,0.3333333333,33.0,64.0
7400.0,72,-1.5,1.0,34.0,62.0
7500.0,72,0.6774193548,0.1612903226,31.0,64.0
7600.0,72,0.2903225806,-0.8709677419,31.0,62.0
7700.0,72,-0.4848484848,0.5757575758,33.0,66.0
7800.0,72,0.7096774194,-1.35483871,31.0,64.0
7900.0,72,1.147058824,-2.911764706,34.0,66.0
8000.0,72,0.5483870968,-4.0,31.0,62.0
8100.0,72,1.548387097,-4.903225806,31.0,62.0
8200.0,72,1.970588235,-5.764705882,34.0,64.0
8300.0,72,1.787878788,-5.909090909,33.0,62.0
8400.0,72,1.151515152,-6.272727273,33.0,62.0
8500.0,72,1.032258065,-7.258064516,31.0,62.0
8600.0,72,0.53125,-7.4375,32.0,62.0
8700.0,72,1.823529412,-7.558823529,34.0,64.0
8800.0,72,1.676470588,-8.0,34.0,64.0
8900.0,72,0.4838709677,-7.483870968,31.0,62.0
9000.0,72,1.545454545,-7.454545455,33.0,64.0
9100.0,72,1.387096774,-6.0,31.0,62.0
9200.0,72,1.333333333,-5.633333333,30.0,62.0
9300.0,72,3.0625,-5.125,32.0,62.0
9400.0,72,4.4375,-5.0,32.0,62.0
9500.0,72,5.068965517,-5.896551724,29.0,62.0
9600.0,72,3.151515152,-8.515151515,33.0,62.0
9700.0,72,5.057142857,-8.285714286,35.0,64.0
9800.0,72,3.939393939,-7.272727273,33.0,64.0
9900.0,72,2.588235294,-7.470588235,34.0,64.0
10000.0,72,0.9090909091,-6.545454545,33.0,62.0
0.0,73,4.0,4.0,37.0,64.0
100.0,73,4.852941176,6.352941176,34.0,64.0
200.0,73,3.266666667,9.133333333,30.0,62.0
300.0,73,3.0,7.882352941,34.0,64.0
400.0,73,4.303030303,6.727272727,33.0,64.0
500.0,73,2.8125,6.03125,32.0,64.0
600.0,73,1.129032258,6.774193548,31.0,64.0
700.0,73,-0.02941176471,8.647058824,34.0,64.0
800.0,73,1.580645161,9.548387097,31.0,62.0
900.0,73,-0.75,10.90625,32.0,64.0
1000.0,73,-0.65625,11.59375,32.0,64.0
1100.0,73,-1.741935484,10.25806452,31.0,62.0
1200.0,73,-1.352941176,10.52941176,34.0,64.0
1300.0,73,-1.914285714,10.4,35.0,66.0
1400.0,73,-2.606060606,9.363636364,33.0,64.0
1500.0,73,-3.233333333,9.766666667,30.0,62.0
1600.0,73,-5.029411765,9.088235294,34.0,64.0
1700.0,73,-5.529411765,8.764705882,34.0,64.0
1800.0,73,-5.4,8.2,30.0,62.0
1900.0,73,-6.612903226,8.64516129,31.0,62.0
2000.0,73,-5.064516129,9.870967742,31.0,64.0
2100.0,73,-4.972222222,9.944444444,36.0,66.0
2200.0,73,-4.84375,9.625,32.0,60.0
2300.0,73,-4.909090909,10.09090909,33.0,64.0
2400.0,73,-5.212121212,10.21212121,33.0,64.0
2500.0,73,-5.03030303,9.818181818,33.0,62.0
2600.0,73,-3.633333333,9.9,30.0,60.0
2700.0,73,-4.34375,10.375,32.0,62.0
2800.0,73,-4.5,10.33333333,30.0,64.0
2900.0,73,-3.125,8.5625,32.0,62.0
3000.0,73,-3.15625,7.5625,32.0,62.0
3100.0,73,-1.941176471,8.088235294,34.0,64.0
3200.0,73,-3.625,6.5,32.0,62.0
3300.0,73,-1.129032258,6.096774194,31.0,64.0
3400.0,73,-2.757575758,5.909090909,33.0,62.0
3500.0,73,-3.935483871,6.096774194,31.0,64.0
3600.0,73,-5.35483871,5.322580645,31.0,62.0
3700.0,73,-7.3125,2.28125,32.0,62.0
3800.0,73,-7.205882353,1.058823529,34.0,64.0
3900.0,73,-8.0625,-0.25,32.0,62.0
4000.0,73,-8.71875,-0.34375,32.0,62.0
4100.0,73,-8.666666667,-0.3636363636,33.0,64.0
4200.0,73,-8.96969697,-1.333333333,33.0,64.0
4300.0,73,-8.290322581,-4.774193548,31.0,64.0
4400.0,73,-9.393939394,-1.666666667,33.0,64.0
4500.0,73,-8.78125,-0.5625,32.0,62.0
4600.0,73,-8.6875,-3.59375,32.0,62.0
4700.0,73,-11.26470588,-3.0,34.0,62.0
4800.0,73,-11.03030303,-1.424242424,33.0,62.0
4900.0,73,-11.09090909,-1.909090909,33.0,64.0
5000.0,73,-11.08823529,-2.264705882,34.0,64.0
5100.0,73,-8.64516129,-3.322580645,31.0,62.0
5200.0,73,-9.727272727,-4.0,33.0,64.0
5300.0,73,-7.818181818,-5.96969697,33.0,64.0
5400.0,73,-6.741935484,-7.612903226,31.0,60.0
5500.0,73,-6.548387097,-7.35483871,31.0,64.0
5600.0,73,-7.53125,-8.5,32.0,64.0
5700.0,73,-9.15625,-9.0,32.0,62.0
5800.0,73,-9.303030303,-11.09090909,33.0,62.0
5900.0,73,-8.125,-13.9375,32.0,64.0
6000.0,73,-7.666666667,-14.24242424,33.0,62.0
6100.0,73,-7.612903226,-14.77419355,31.0,62.0
6200.0,73,-5.59375,-14.96875,32.0,62.0
6300.0,73,-5.90625,-12.5625,32.0,62.0
6400.0,73,-6.5,-12.5,34.0,64.0
6500.0,73,-6.705882353,-13.17647059,34.0,64.0
6600.0,73,-7.363636364,-11.48484848,33.0,64.0
6700.0,73,-8.235294118,-11.44117647,34.0,64.0
6800.0,73,-5.741935484,-10.19354839,31.0,62.0
6900.0,73,-4.454545455,-8.696969697,33.0,64.0
7000.0,73,-4.1875,-8.21875,32.0,64.0
7100.0,73,-4.303030303,-9.454545455,33.0,64.0
7200.0,73,-3.181818182,-8.272727273,33.0,62.0
7300.0,73,-3.774193548,-9.903225806,31.0,62.0
7400.0,73,-5.53125,-10.90625,32.0,64.0
7500.0,73,-6.709677419,-11.80645161,31.0,60.0
7600.0,73,-8.5,-12.0,34.0,62.0
7700.0,73,-9.742857143,-10.11428571,35.0,64.0
7800.0,73,-7.939393939,-9.848484848,33.0,64.0
7900.0,73,-7.84375,-10.375,32.0,60.0
8000.0,73,-5.735294118,-9.411764706,34.0,66.0
8100.0,73,-4.935483871,-9.612903226,31.0,62.0
8200.0,73,-6.242424242,-9.484848485,33.0,64.0
8300.0,73,-6.8125,-9.03125,32.0,64.0
8400.0,73,-7.59375,-10.78125,32.0,64.0
8500.0,73,-8.451612903,-10.03225806,31.0,64.0
8600.0,73,-9.709677419,-10.03225806,31.0,62.0
8700.0,73,-10.60606061,-9.666666667,33.0,64.0
8800.0,73,-11.23529412,-8.970588235,34.0,64.0
8900.0,73,-9.848484848,-8.848484848,33.0,62.0
9000.0,73,-11.28125,-7.3125,32.0,66.0
9100.0,73,-11.3125,-7.65625,32.0,64.0
9200.0,73,-11.54545455,-7.909090909,33.0,64.0
9300.0,73,-11.15625,-6.5625,32.0,64.0
9400.0,73,-10.80645161,-7.387096774,31.0,62.0
9500.0,73,-11.48571429,-9.285714286,35.0,66.0
9600.0,73,-13.25,-9.321428571,28.0,60.0
9700.0,73,-14.75,-11.3125,32.0,64.0
9800.0,73,-16.08823529,-12.41176471,34.0,64.0
9900.0,73,-14.21875,-12.46875,32.0,64.0
10000.0,73,-13.39393939,-12.27272727,33.0,64.0
0.0,74,4.0,4.0,37.0,64.0
100.0,74,3.264705882,5.0,34.0,62.0
200.0,74,5.0,5.5625,32.0,62.0
300.0,74,6.794117647,7.088235294,34.0,64.0
400.0,74,5.5,7.15625,32.0,64.0
500.0,74,4.8,6.233333333,30.0,62.0
600.0,74,3.5,7.6875,32.0,64.0
700.0,74,2.875,9.53125,32.0,62.0
800.0,74,3.4375,10.21875,32.0,62.0
900.0,74,3.375,9.03125,32.0,62.0
1000.0,74,3.848484848,8.787878788,33.0,64.0
1100.0,74,6.1875,10.0,32.0,62.0
1200.0,74,8.272727273,9.848484848,33.0,62.0
1300.0,74,8.483870968,9.903225806,31.0,62.0
1400.0,74,10.09375,10.75,32.0,62.0
1500.0,74,12.25,11.25,32.0,64.0
1600.0,74,11.60606061,12.21212121,33.0,64.0
1700.0,74,11.42424242,12.45454545,33.0,64.0
1800.0,74,11.51515152,12.51515152,33.0,64.0
1900.0,74,11.15625,12.65625,32.0,64.0
2000.0,74,10.0,12.87096774,31.0,64.0
2100.0,74,9.903225806,11.64516129,31.0,64.0
2200.0,74,8.272727273,11.39393939,33.0,64.0
2300.0,74,8.529411765,10.14705882,34.0,64.0
2400.0,74,8.625,8.78125,32.0,64.0
2500.0,74,10.1,8.333333333,30.0,60.0
2600.0,74,10.66666667,8.181818182,33.0,64.0
2700.0,74,11.75,7.46875,32.0,62.0
2800.0,74,13.90909091,6.515151515,33.0,64.0
2900.0,74,14.8125,4.59375,32.0,64.0
3000.0,74,14.41176471,4.441176471,34.0,64.0
3100.0,74,15.91176471,5.588235294,34.0,64.0
3200.0,74,15.5483871,5.580645161,31.0,60.0
3300.0,74,15.74285714,4.228571429,35.0,66.0
3400.0,74,18.45454545,3.515151515,33.0,64.0
3500.0,74,18.18181818,4.272727273,33.0,62.0
3600.0,74,18.45454545,5.090909091,33.0,62.0
3700.0,74,17.42424242,5.939393939,33.0,64.0
3800.0,74,16.4137931,5.965517241,29.0,62.0
3900.0,74,17.27272727,8.151515152,33.0,62.0
4000.0,74,16.68965517,6.931034483,29.0,62.0
4100.0,74,17.6,8.1,30.0,64.0
4200.0,74,18.36363636,9.060606061,33.0,64.0
4300.0,74,19.5,10.5,34.0,64.0
4400.0,74,20.16129032,12.09677419,31.0,62.0
4500.0,74,18.0,13.09090909,33.0,64.0
4600.0,74,18.96875,12.0625,32.0,66.0
4700.0,74,21.6875,11.40625,32.0,64.0
4800.0,74,22.6969697,10.84848485,33.0,64.0
4900.0,74,22.73333333,11.3,30.0,64.0
5000.0,74,24.9,8.133333333,30.0,62.0
5100.0,74,22.88235294,6.882352941,34.0,64.0
5200.0,74,22.82352941,6.823529412,34.0,62.0
5300.0,74,21.75,5.90625,32.0,62.0
5400.0,74,22.3125,5.46875,32.0,62.0
5500.0,74,21.72727273,6.636363636,33.0,62.0
5600.0,74,21.39393939,4.484848485,33.0,64.0
5700.0,74,22.18181818,4.181818182,33.0,64.0
5800.0,74,22.0625,2.6875,32.0,62.0
5900.0,74,22.74285714,4.114285714,35.0,64.0
6000.0,74,21.875,6.15625,32.0,64.0
6100.0,74,21.82352941,6.058823529,34.0,64.0
6200.0,74,22.21875,6.8125,32.0,62.0
6300.0,74,23.82352941,7.235294118,34.0,64.0
6400.0,74,23.41176471,6.411764706,34.0,64.0
6500.0,74,23.1,6.033333333,30.0,62.0
6600.0,74,24.28125,8.65625,32.0,62.0
6700.0,74,23.375,8.375,32.0,64.0
6800.0,74,23.20588235,9.941176471,34.0,64.0
6900.0,74,24.33333333,9.266666667,30.0,62.0
7000.0,74,25.09090909,9.545454545,33.0,64.0
7100.0,74,24.5,8.882352941,34.0,64.0
7200.0,74,23.5,10.93333333,30.0,62.0
7300.0,74,23.35294118,11.82352941,34.0,64.0
7400.0,74,22.75757576,11.42424242,33.0,62.0
7500.0,74,21.75757576,11.75757576,33.0,64.0
7600.0,74,22.09090909,10.78787879,33.0,62.0
7700.0,74,24.875,9.90625,32.0,64.0
7800.0,74,23.11764706,12.14705882,34.0,64.0
7900.0,74,22.22857143,11.34285714,35.0,64.0
8000.0,74,22.67647059,11.61764706,34.0,64.0
8100.0,74,24.78787879,10.36363636,33.0,64.0
8200.0,74,26.75757576,10.09090909,33.0,64.0
8300.0,74,25.23529412,10.17647059,34.0,64.0
8400.0,74,24.3125,8.9375,32.0,64.0
8500.0,74,24.8125,9.5,32.0,62.0
8600.0,74,21.78125,9.21875,32.0,64.0
8700.0,74,24.0,9.290322581,31.0,62.0
8800.0,74,25.38888889,9.138888889,36.0,64.0
8900.0,74,28.3125,10.6875,32.0,64.0
9000.0,74,27.06451613,9.096774194,31.0,64.0
9100.0,74,28.33333333,9.933333333,30.0,62.0
9200.0,74,28.8125,10.25,32.0,62.0
9300.0,74,28.2,11.5,30.0,60.0
9400.0,74,27.0,10.87878788,33.0,64.0
9500.0,74,27.26470588,11.41176471,34.0,66.0
9600.0,74,27.78787879,12.33333333,33.0,64.0
9700.0,74,27.3030303,11.84848485,33.0,64.0
9800.0,74,26.09677419,10.64516129,31.0,62.0
9900.0,74,26.54545455,9.666666667,33.0,64.0
10000.0,74,25.38235294,10.14705882,34.0,64.0
0.0,75,4.0,4.0,37.0,64.0
100.0,75,4.636363636,3.515151515,33.0,64.0
200.0,75,3.666666667,4.424242424,33.0,64.0
300.0,75,4.0,4.735294118,34.0,64.0
400.0,75,4.0,5.264705882,34.0,62.0
500.0,75,2.939393939,6.545454545,33.0,64.0
600.0,75,1.677419355,7.322580645,31.0,62.0
700.0,75,2.939393939,7.696969697,33.0,64.0
800.0,75,4.064516129,5.935483871,31.0,62.0
900.0,75,4.484848485,8.757575758,33.0,64.0
1000.0,75,3.419354839,7.290322581,31.0,64.0
1100.0,75,2.64516129,8.290322581,31.0,62.0
1200.0,75,2.852941176,7.823529412,34.0,66.0
1300.0,75,2.3125,8.15625,32.0,64.0
1400.0,75,4.28125,8.84375,32.0,64.0
1500.0,75,3.2,8.266666667,30.0,62.0
1600.0,75,-0.78125,8.65625,32.0,64.0
1700.0,75,1.555555556,8.638888889,36.0,66.0
1800.0,75,5.411764706,6.411764706,34.0,64.0
1900.0,75,5.84375,5.0,32.0,62.0
2000.0,75,5.909090909,4.96969697,33.0,66.0
2100.0,75,3.258064516,3.258064516,31.0,62.0
2200.0,75,3.090909091,2.96969697,33.0,64.0
2300.0,75,3.027777778,1.555555556,36.0,66.0
2400.0,75,0.6944444444,0.5277777778,36.0,66.0
2500.0,75,-2.03030303,-1.393939394,33.0,64.0
2600.0,75,-0.3529411765,-1.235294118,34.0,64.0
2700.0,75,1.65625,-4.28125,32.0,64.0
2800.0,75,0.4242424242,-6.424242424,33.0,64.0
2900.0,75,2.677419355,-6.516129032,31.0,62.0
3000.0,75,3.15625,-6.40625,32.0,64.0
3100.0,75,2.794117647,-6.735294118,34.0,64.0
3200.0,75,2.15625,-4.3125,32.0,62.0
3300.0,75,0.5,-5.0,32.0,62.0
3400.0,75,-0.34375,-4.65625,32.0,62.0
3500.0,75,-1.057142857,-4.342857143,35.0,64.0
3600.0,75,-1.151515152,-6.272727273,33.0,64.0
3700.0,75,-3.125,-7.8125,32.0,62.0
3800.0,75,-2.9375,-6.6875,32.0,64.0
3900.0,75,-3.484848485,-6.333333333,33.0,64.0
4000.0,75,-4.827586207,-6.862068966,29.0,66.0
4100.0,75,-5.5,-7.9375,32.0,64.0
4200.0,75,-6.5,-8.705882353,34.0,62.0
4300.0,75,-5.53125,-10.3125,32.0,64.0
4400.0,75,-6.212121212,-10.78787879,33.0,64.0
4500.0,75,-5.818181818,-11.27272727,33.0,62.0
4600.0,75,-7.166666667,-12.4,30.0,64.0
4700.0,75,-5.617647059,-11.85294118,34.0,64.0
4800.0,75,-5.1875,-11.6875,32.0,62.0
4900.0,75,-4.138888889,-10.61111111,36.0,64.0
5000.0,75,-3.40625,-9.28125,32.0,64.0
5100.0,75,-3.03125,-9.125,32.0,64.0
5200.0,75,-2.151515152,-9.575757576,33.0,64.0
5300.0,75,0.3636363636,-11.06060606,33.0,64.0
5400.0,75,-0.06060606061,-11.12121212,33.0,64.0
5500.0,75,0.375,-11.0625,32.0,62.0
5600.0,75,0.05714285714,-13.42857143,35.0,64.0
5700.0,75,0.4411764706,-11.70588235,34.0,64.0
5800.0,75,3.53125,-10.03125,32.0,62.0
5900.0,75,4.5,-9.705882353,34.0,62.0
6000.0,75,5.25,-8.96875,32.0,64.0
6100.0,75,5.647058824,-8.529411765,34.0,64.0
6200.0,75,8.03125,-8.90625,32.0,64.0
6300.0,75,5.939393939,-7.424242424,33.0,62.0
6400.0,75,6.935483871,-8.225806452,31.0,62.0
6500.0,75,7.75,-9.9375,32.0,62.0
6600.0,75,7.941176471,-10.44117647,34.0,66.0
6700.0,75,7.0625,-10.9375,32.0,62.0
6800.0,75,6.294117647,-11.85294118,34.0,64.0
6900.0,75,6.352941176,-10.26470588,34.0,64.0
7000.0,75,5.617647059,-10.02941176,34.0,64.0
7100.0,75,5.64516129,-10.87096774,31.0,66.0
7200.0,75,5.566666667,-10.66666667,30.0,64.0
7300.0,75,7.625,-9.9375,32.0,64.0
7400.0,75,5.457142857,-10.74285714,35.0,64.0
7500.0,75,7.3125,-10.34375,32.0,62.0
7600.0,75,8.03030303,-9.818181818,33.0,62.0
7700.0,75,7.484848485,-9.181818182,33.0,64.0
7800.0,75,6.935483871,-9.387096774,31.0,62.0
7900.0,75,6.444444444,-10.47222222,36.0,66.0
8000.0,75,8.4375,-8.65625,32.0,62.0
8100.0,75,7.848484848,-8.151515152,33.0,62.0
8200.0,75,6.935483871,-5.677419355,31.0,62.0
8300.0,75,5.96969697,-6.575757576,33.0,62.0
8400.0,75,4.15625,-6.375,32.0,60.0
8500.0,75,3.588235294,-6.823529412,34.0,64.0
8600.0,75,4.0625,-6.34375,32.0,64.0
8700.0,75,5.193548387,-7.129032258,31.0,62.0
8800.0,75,5.090909091,-7.848484848,33.0,62.0
8900.0,75,5.03030303,-9.606060606,33.0,64.0
9000.0,75,5.666666667,-8.757575758,33.0,62.0
9100.0,75,5.176470588,-8.5,34.0,64.0
9200.0,75,4.375,-8.03125,32.0,62.0
9300.0,75,5.5,-8.705882353,34.0,62.0
9400.0,75,5.575757576,-5.848484848,33.0,64.0
9500.0,75,3.911764706,-6.352941176,34.0,64.0
9600.0,75,5.375,-7.75,32.0,64.0
9700.0,75,6.8125,-7.84375,32.0,62.0
9800.0,75,4.939393939,-8.424242424,33.0,64.0
9900.0,75,5.176470588,-7.0,34.0,64.0
10000.0,75,4.5625,-5.59375,32.0,62.0
0.0,76,4.0,4.0,37.0,64.0
100.0,76,4.15625,4.9375,32.0,62.0
200.0,76,5.058823529,6.441176471,34.0,64.0
300.0,76,5.75,4.96875,32.0,62.0
400.0,76,4.323529412,3.823529412,34.0,66.0
500.0,76,5.419354839,2.967741935,31.0,62.0
600.0,76,5.1875,1.78125,32.0,62.0
700.0,76,4.1875,0.75,32.0,64.0
800.0,76,6.5,0.1875,32.0,62.0
900.0,76,6.71875,-1.90625,32.0,64.0
1000.0,76,4.454545455,-3.96969697,33.0,64.0
1100.0,76,2.529411765,-3.941176471,34.0,64.0
1200.0,76,3.96875,-4.5,32.0,66.0
1300.0,76,2.558823529,-5.470588235,34.0,64.0
1400.0,76,4.25,-3.09375,32.0,62.0
1500.0,76,3.129032258,-4.903225806,31.0,62.0
1600.0,76,0.7058823529,-4.5,34.0,62.0
1700.0,76,0.75,-2.71875,32.0,62.0
1800.0,76,2.176470588,-4.264705882,34.0,64.0
1900.0,76,0.4516129032,-5.806451613,31.0,62.0
2000.0,76,-0.9032258065,-4.064516129,31.0,62.0
2100.0,76,-3.28125,-6.0625,32.0,64.0
2200.0,76,-2.818181818,-6.090909091,33.0,64.0
2300.0,76,-4.09375,-6.1875,32.0,64.0
2400.0,76,-4.35483871,-8.193548387,31.0,60.0
2500.0,76,-4.875,-7.5,32.0,64.0
2600.0,76,-3.941176471,-8.117647059,34.0,64.0
2700.0,76,-5.411764706,-9.911764706,34.0,64.0
2800.0,76,-4.875,-10.5625,32.0,64.0
2900.0,76,-5.451612903,-9.838709677,31.0,62.0
3000.0,76,-5.5,-9.866666667,30.0,62.0
3100.0,76,-5.774193548,-11.19354839,31.0,62.0
3200.0,76,-6.484848485,-9.909090909,33.0,62.0
3300.0,76,-8.387096774,-8.35483871,31.0,62.0
3400.0,76,-9.0625,-10.625,32.0,64.0
3500.0,76,-8.71875,-10.1875,32.0,64.0
3600.0,76,-9.0,-10.97058824,34.0,66.0
3700.0,76,-8.03030303,-9.424242424,33.0,62.0
3800.0,76,-7.242424242,-9.424242424,33.0,62.0
3900.0,76,-7.5,-8.5,34.0,64.0
4000.0,76,-4.3125,-8.09375,32.0,62.0
4100.0,76,-3.617647059,-5.117647059,34.0,64.0
4200.0,76,-4.03030303,-5.454545455,33.0,64.0
4300.0,76,-4.242424242,-7.090909091,33.0,62.0
4400.0,76,-5.03030303,-7.606060606,33.0,64.0
4500.0,76,-6.09375,-8.46875,32.0,64.0
4600.0,76,-8.575757576,-6.96969697,33.0,62.0
4700.0,76,-8.78125,-6.71875,32.0,62.0
4800.0,76,-10.06451613,-6.387096774,31.0,64.0
4900.0,76,-10.5625,-5.90625,32.0,62.0
5000.0,76,-8.939393939,-6.0,33.0,64.0
5100.0,76,-7.352941176,-5.323529412,34.0,64.0
5200.0,76,-6.4375,-4.0,32.0,64.0
5300.0,76,-7.114285714,-4.514285714,35.0,64.0
5400.0,76,-4.885714286,-4.257142857,35.0,64.0
5500.0,76,-4.133333333,-2.333333333,30.0,62.0
5600.0,76,-3.885714286,-2.114285714,35.0,64.0
5700.0,76,-5.636363636,-2.939393939,33.0,66.0
5800.0,76,-6.84375,-3.8125,32.0,64.0
5900.0,76,-5.96969697,-3.818181818,33.0,62.0
6000.0,76,-4.441176471,-3.058823529,34.0,64.0
6100.0,76,-4.875,-2.5625,32.0,62.0
6200.0,76,-3.090909091,-3.515151515,33.0,62.0
6300.0,76,-4.483870968,-5.419354839,31.0,64.0
6400.0,76,-4.424242424,-5.575757576,33.0,62.0
6500.0,76,-3.516129032,-4.741935484,31.0,66.0
6600.0,76,-2.428571429,-4.542857143,35.0,64.0
6700.0,76,-1.636363636,-4.606060606,33.0,64.0
6800.0,76,-3.75,-2.84375,32.0,64.0
6900.0,76,-2.0,-3.735294118,34.0,62.0
7000.0,76,-1.685714286,-3.171428571,35.0,64.0
7100.0,76,-1.34375,-1.09375,32.0,62.0
7200.0,76,-4.5,-2.21875,32.0,64.0
7300.0,76,-4.35483871,-2.580645161,31.0,62.0
7400.0,76,-3.939393939,-2.272727273,33.0,64.0
7500.0,76,-5.1875,-3.625,32.0,66.0
7600.0,76,-2.9375,-4.9375,32.0,62.0
7700.0,76,-3.451612903,-5.774193548,31.0,62.0
7800.0,76,-4.0625,-7.5,32.0,64.0
7900.0,76,-4.838709677,-10.16129032,31.0,62.0
8000.0,76,-4.5,-11.21875,32.0,66.0
8100.0,76,-3.741935484,-11.22580645,31.0,64.0
8200.0,76,-6.96969697,-12.48484848,33.0,64.0
8300.0,76,-5.625,-11.375,32.0,62.0
8400.0,76,-3.419354839,-12.09677419,31.0,66.0
8500.0,76,-4.580645161,-12.83870968,31.0,64.0
8600.0,76,-4.71875,-13.4375,32.0,62.0
8700.0,76,-3.71875,-12.75,32.0,64.0
8800.0,76,-3.117647059,-14.17647059,34.0,66.0
8900.0,76,-1.46875,-15.78125,32.0,62.0
9000.0,76,-0.08823529412,-16.23529412,34.0,64.0
9100.0,76,-0.40625,-14.9375,32.0,64.0
9200.0,76,-1.114285714,-14.48571429,35.0,66.0
9300.0,76,0.5454545455,-13.3030303,33.0,64.0
9400.0,76,1.029411765,-13.29411765,34.0,64.0
9500.0,76,2.914285714,-14.25714286,35.0,66.0
9600.0,76,1.266666667,-15.26666667,30.0,62.0
9700.0,76,1.0625,-17.5625,32.0,62.0
9800.0,76,-0.4848484848,-19.15151515,33.0,62.0
9900.0,76,-0.8387096774,-19.87096774,31.0,64.0
10000.0,76,-2.366666667,-20.33333333,30.0,64.0
0.0,77,4.0,4.0,37.0,64.0
100.0,77,4.970588235,4.911764706,34.0,64.0
200.0,77,4.727272727,4.757575758,33.0,64.0
300.0,77,4.59375,6.15625,32.0,64.0
400.0,77,6.235294118,5.529411765,34.0,64.0
500.0,77,8.03030303,5.424242424,33.0,62.0
600.0,77,9.171428571,6.285714286,35.0,64.0
700.0,77,11.625,5.3125,32.0,66.0
800.0,77,11.84375,4.90625,32.0,64.0
900.0,77,11.41935484,3.483870968,31.0,64.0
1000.0,77,11.09090909,3.939393939,33.0,64.0
1100.0,77,10.48387097,5.806451613,31.0,62.0
1200.0,77,11.14705882,4.0,34.0,64.0
1300.0,77,9.375,4.0,32.0,64.0
1400.0,77,10.71428571,3.828571429,35.0,64.0
1500.0,77,12.02941176,2.441176471,34.0,64.0
1600.0,77,12.96969697,5.96969697,33.0,64.0
1700.0,77,12.45454545,5.0,33.0,68.0
1800.0,77,14.42424242,3.545454545,33.0,64.0
1900.0,77,14.88235294,3.852941176,34.0,64.0
2000.0,77,15.27272727,3.0,33.0,64.0
2100.0,77,15.32352941,3.588235294,34.0,66.0
2200.0,77,14.80645161,4.451612903,31.0,62.0
2300.0,77,16.0,4.34375,32.0,64.0
2400.0,77,14.35294118,4.647058824,34.0,64.0
2500.0,77,13.97222222,3.916666667,36.0,64.0
2600.0,77,15.09375,5.0625,32.0,66.0
2700.0,77,14.03225806,4.322580645,31.0,64.0
2800.0,77,14.72727273,6.272727273,33.0,64.0
2900.0,77,15.8125,7.3125,32.0,64.0
3000.0,77,16.93939394,7.424242424,33.0,62.0
3100.0,77,15.38235294,8.676470588,34.0,64.0
3200.0,77,14.48387097,7.967741935,31.0,64.0
3300.0,77,12.22857143,7.914285714,35.0,64.0
3400.0,77,9.5625,9.84375,32.0,62.0
3500.0,77,8.060606061,12.93939394,33.0,64.0
3600.0,77,7.705882353,15.5,34.0,62.0
3700.0,77,9.424242424,15.06060606,33.0,62.0
3800.0,77,8.642857143,13.25,28.0,62.0
3900.0,77,8.323529412,13.32352941,34.0,64.0
4000.0,77,7.6875,14.34375,32.0,64.0
4100.0,77,4.848484848,12.57575758,33.0,64.0
4200.0,77,5.911764706,13.58823529,34.0,64.0
4300.0,77,5.59375,16.4375,32.0,62.0
4400.0,77,6.35483871,18.03225806,31.0,64.0
4500.0,77,3.5625,17.8125,32.0,64.0
4600.0,77,3.71875,16.5,32.0,62.0
4700.0,77,3.838709677,16.48387097,31.0,64.0
4800.0,77,3.838709677,18.4516129,31.0,62.0
4900.0,77,3.129032258,20.58064516,31.0,62.0
5000.0,77,3.65625,18.96875,32.0,64.0
5100.0,77,5.823529412,17.17647059,34.0,62.0
5200.0,77,8.060606061,18.33333333,33.0,62.0
5300.0,77,7.176470588,15.82352941,34.0,62.0
5400.0,77,4.588235294,15.14705882,34.0,66.0
5500.0,77,6.882352941,14.20588235,34.0,64.0
5600.0,77,4.46875,16.0625,32.0,62.0
5700.0,77,5.424242424,16.33333333,33.0,66.0
5800.0,77,5.133333333,15.23333333,30.0,64.0
5900.0,77,5.40625,15.34375,32.0,66.0
6000.0,77,6.5,12.0,34.0,62.0
6100.0,77,6.419354839,10.96774194,31.0,62.0
6200.0,77,5.333333333,9.533333333,30.0,64.0
6300.0,77,5.454545455,9.090909091,33.0,62.0
6400.0,77,5.03125,9.625,32.0,62.0
6500.0,77,4.03125,9.71875,32.0,62.0
6600.0,77,4.8125,7.84375,32.0,64.0
6700.0,77,5.125,8.5625,32.0,62.0
6800.0,77,6.441176471,9.411764706,34.0,64.0
6900.0,77,7.151515152,8.848484848,33.0,62.0
7000.0,77,7.666666667,9.787878788,33.0,64.0
7100.0,77,8.735294118,8.235294118,34.0,64.0
7200.0,77,8.193548387,9.483870968,31.0,64.0
7300.0,77,7.90625,9.125,32.0,64.0
7400.0,77,8.939393939,8.878787879,33.0,64.0
7500.0,77,9.242424242,8.090909091,33.0,62.0
7600.0,77,10.08823529,8.0,34.0,64.0
7700.0,77,9.870967742,6.35483871,31.0,62.0
7800.0,77,12.51724138,5.344827586,29.0,62.0
7900.0,77,14.6875,6.09375,32.0,64.0
8000.0,77,15.73529412,5.794117647,34.0,64.0
8100.0,77,16.54545455,6.212121212,33.0,64.0
8200.0,77,17.24242424,5.909090909,33.0,64.0
8300.0,77,17.21212121,6.909090909,33.0,64.0
8400.0,77,18.84848485,7.090909091,33.0,64.0
8500.0,77,18.82857143,6.685714286,35.0,64.0
8600.0,77,17.32352941,6.441176471,34.0,64.0
8700.0,77,18.59375,6.71875,32.0,64.0
8800.0,77,19.05714286,7.657142857,35.0,64.0
8900.0,77,17.11764706,6.764705882,34.0,64.0
9000.0,77,16.21212121,7.909090909,33.0,62.0
9100.0,77,18.16129032,8.258064516,31.0,62.0
9200.0,77,18.87878788,9.303030303,33.0,64.0
9300.0,77,17.625,10.65625,32.0,62.0
9400.0,77,19.09090909,10.78787879,33.0,64.0
9500.0,77,17.5,8.705882353,34.0,62.0
9600.0,77,15.65625,6.65625,32.0,62.0
9700.0,77,15.29411765,3.794117647,34.0,64.0
9800.0,77,12.96969697,3.575757576,33.0,64.0
9900.0,77,14.5,4.705882353,34.0,62.0
10000.0,77,14.6969697,5.090909091,33.0,66.0
0.0,78,4.0,4.0,37.0,64.0
100.0,78,4.617647059,4.382352941,34.0,64.0
200.0,78,3.40625,5.34375,32.0,62.0
300.0,78,2.787878788,6.090909091,33.0,64.0
400.0,78,1.322580645,5.419354839,31.0,62.0
500.0,78,0.09375,5.0625,32.0,62.0
600.0,78,0.53125,6.84375,32.0,62.0
700.0,78,3.09375,8.25,32.0,62.0
800.0,78,3.294117647,9.029411765,34.0,64.0
900.0,78,2.90625,10.59375,32.0,62.0
1000.0,78,1.818181818,12.09090909,33.0,64.0
1100.0,78,1.625,12.3125,32.0,64.0
1200.0,78,1.314285714,11.91428571,35.0,64.0
1300.0,78,-0.9090909091,13.09090909,33.0,64.0
1400.0,78,-0.5454545455,12.21212121,33.0,62.0
1500.0,78,0.9428571429,12.37142857,35.0,66.0
1600.0,78,1.657142857,12.45714286,35.0,66.0
1700.0,78,0.4193548387,12.29032258,31.0,62.0
1800.0,78,0.7428571429,13.54285714,35.0,64.0
1900.0,78,0.3636363636,11.93939394,33.0,64.0
2000.0,78,2.0,12.90625,32.0,64.0
2100.0,78,3.647058824,10.35294118,34.0,64.0
2200.0,78,2.1875,10.5625,32.0,66.0
2300.0,78,0.9705882353,11.97058824,34.0,64.0
2400.0,78,1.0,11.78125,32.0,64.0
2500.0,78,2.606060606,12.51515152,33.0,62.0
2600.0,78,4.3,12.03333333,30.0,62.0
2700.0,78,3.771428571,11.0,35.0,66.0
2800.0,78,3.96875,11.625,32.0,62.0
2900.0,78,5.575757576,12.24242424,33.0,62.0
3000.0,78,5.787878788,12.54545455,33.0,62.0
3100.0,78,4.515151515,12.09090909,33.0,62.0
3200.0,78,4.151515152,11.57575758,33.0,64.0
3300.0,78,4.424242424,13.03030303,33.0,62.0
3400.0,78,5.09375,13.9375,32.0,64.0
3500.0,78,4.235294118,13.58823529,34.0,66.0
3600.0,78,1.71875,11.8125,32.0,64.0
3700.0,78,3.875,13.5625,32.0,62.0
3800.0,78,5.7,11.63333333,30.0,62.0
3900.0,78,7.705882353,10.02941176,34.0,64.0
4000.0,78,7.088235294,8.852941176,34.0,64.0
4100.0,78,8.823529412,10.79411765,34.0,66.0
4200.0,78,7.636363636,10.18181818,33.0,64.0
4300.0,78,5.96969697,9.121212121,33.0,64.0
4400.0,78,7.575757576,9.363636364,33.0,64.0
4500.0,78,8.121212121,8.575757576,33.0,64.0
4600.0,78,8.060606061,7.666666667,33.0,62.0
4700.0,78,9.03030303,8.909090909,33.0,64.0
4800.0,78,9.818181818,7.96969697,33.0,62.0
4900.0,78,9.8125,8.75,32.0,62.0
5000.0,78,9.774193548,8.096774194,31.0,62.0
5100.0,78,9.096774194,7.225806452,31.0,62.0
5200.0,78,8.117647059,5.411764706,34.0,64.0
5300.0,78,7.0,7.771428571,35.0,64.0
5400.0,78,7.903225806,6.709677419,31.0,64.0
5500.0,78,6.909090909,6.484848485,33.0,64.0
5600.0,78,8.375,4.71875,32.0,62.0
5700.0,78,9.870967742,1.903225806,31.0,64.0
5800.0,78,6.875,0.21875,32.0,64.0
5900.0,78,6.53125,0.875,32.0,62.0
6000.0,78,6.363636364,3.272727273,33.0,62.0
6100.0,78,6.058823529,3.852941176,34.0,66.0
6200.0,78,7.625,2.78125,32.0,62.0
6300.0,78,6.28125,1.75,32.0,62.0
6400.0,78,4.25,1.1875,32.0,62.0
6500.0,78,4.764705882,0.7352941176,34.0,64.0
6600.0,78,2.558823529,2.411764706,34.0,64.0
6700.0,78,3.333333333,1.727272727,33.0,64.0
6800.0,78,2.454545455,1.818181818,33.0,64.0
6900.0,78,1.09375,2.71875,32.0,64.0
7000.0,78,4.483870968,2.0,31.0,62.0
7100.0,78,3.696969697,1.909090909,33.0,62.0
7200.0,78,4.4375,-0.0625,32.0,62.0
7300.0,78,2.617647059,-0.9705882353,34.0,64.0
7400.0,78,2.181818182,-0.7272727273,33.0,62.0
7500.0,78,2.942857143,-1.942857143,35.0,64.0
7600.0,78,5.060606061,-2.575757576,33.0,62.0
7700.0,78,5.838709677,-4.548387097,31.0,62.0
7800.0,78,5.4375,-4.875,32.0,62.0
7900.0,78,2.9375,-4.09375,32.0,62.0
8000.0,78,1.818181818,-2.545454545,33.0,64.0
8100.0,78,2.606060606,-3.909090909,33.0,64.0
8200.0,78,-0.2941176471,-3.5,34.0,62.0
8300.0,78,-1.125,-3.96875,32.0,64.0
8400.0,78,-1.333333333,-4.787878788,33.0,64.0
8500.0,78,-3.264705882,-3.0,34.0,62.0
8600.0,78,-3.15625,-2.65625,32.0,64.0
8700.0,78,-5.928571429,-2.5,28.0,62.0
8800.0,78,-5.5625,-1.71875,32.0,62.0
8900.0,78,-4.852941176,-0.05882352941,34.0,64.0
9000.0,78,-4.75,-0.40625,32.0,64.0
9100.0,78,-3.90625,-0.03125,32.0,64.0
9200.0,78,-2.882352941,1.882352941,34.0,64.0
9300.0,78,-3.117647059,3.0,34.0,64.0
9400.0,78,-4.212121212,2.757575758,33.0,64.0
9500.0,78,-5.766666667,2.733333333,30.0,64.0
9600.0,78,-6.848484848,2.484848485,33.0,62.0
9700.0,78,-7.647058824,2.676470588,34.0,66.0
9800.0,78,-8.3125,2.4375,32.0,62.0
9900.0,78,-8.121212121,3.727272727,33.0,64.0
10000.0,78,-9.125,3.21875,32.0,62.0
0.0,79,4.0,4.0,37.0,64.0
100.0,79,3.6875,3.375,32.0,62.0
200.0,79,3.970588235,5.088235294,34.0,64.0
300.0,79,5.941176471,7.058823529,34.0,64.0
400.0,79,7.264705882,7.264705882,34.0,64.0
500.0,79,6.757575758,7.96969697,33.0,64.0
600.0,79,5.8125,7.3125,32.0,62.0
700.0,79,4.882352941,8.588235294,34.0,64.0
800.0,79,7.181818182,7.727272727,33.0,62.0
900.0,79,5.258064516,7.580645161,31.0,62.0
1000.0,79,5.484848485,9.363636364,33.0,64.0
1100.0,79,4.290322581,9.677419355,31.0,64.0
1200.0,79,3.935483871,7.806451613,31.0,62.0
1300.0,79,5.176470588,8.441176471,34.0,64.0
1400.0,79,6.15625,8.90625,32.0,64.0
1500.0,79,6.774193548,8.064516129,31.0,64.0
1600.0,79,7.21875,8.0,32.0,62.0
1700.0,79,6.1875,8.4375,32.0,62.0
1800.0,79,5.757575758,7.090909091,33.0,62.0
1900.0,79,5.53125,6.78125,32.0,64.0
2000.0,79,4.666666667,7.8,30.0,62.0
2100.0,79,3.848484848,7.727272727,33.0,62.0
2200.0,79,3.176470588,8.411764706,34.0,66.0
2300.0,79,2.828571429,8.285714286,35.0,64.0
2400.0,79,3.580645161,8.161290323,31.0,64.0
2500.0,79,3.939393939,6.939393939,33.0,64.0
2600.0,79,4.303030303,8.484848485,33.0,64.0
2700.0,79,2.806451613,9.580645161,31.0,62.0
2800.0,79,3.939393939,10.27272727,33.0,64.0
2900.0,79,1.878787879,9.727272727,33.0,66.0
3000.0,79,4.451612903,11.58064516,31.0,62.0
3100.0,79,4.228571429,11.0,35.0,64.0
3200.0,79,4.058823529,11.05882353,34.0,64.0
3300.0,79,3.59375,11.71875,32.0,62.0
3400.0,79,4.71875,11.75,32.0,62.0
3500.0,79,6.903225806,15.38709677,31.0,62.0
3600.0,79,6.1875,15.75,32.0,62.0
3700.0,79,3.212121212,14.96969697,33.0,64.0
3800.0,79,3.419354839,14.5483871,31.0,62.0
3900.0,79,1.823529412,16.17647059,34.0,62.0
4000.0,79,0.4375,17.15625,32.0,62.0
4100.0,79,-0.5757575758,17.27272727,33.0,64.0
4200.0,79,-1.606060606,16.48484848,33.0,62.0
4300.0,79,-2.181818182,18.24242424,33.0,66.0
4400.0,79,-2.848484848,16.87878788,33.0,64.0
4500.0,79,-2.433333333,15.26666667,30.0,64.0
4600.0,79,0.1714285714,14.97142857,35.0,64.0
4700.0,79,0.2580645161,13.03225806,31.0,62.0
4800.0,79,-0.09090909091,11.33333333,33.0,64.0
4900.0,79,0.59375,11.71875,32.0,62.0
5000.0,79,0.0,13.33333333,33.0,64.0
5100.0,79,0.8181818182,12.78787879,33.0,64.0
5200.0,79,-1.4375,12.84375,32.0,62.0
5300.0,79,-3.8,14.16666667,30.0,62.0
5400.0,79,-3.272727273,12.90909091,33.0,64.0
5500.0,79,-3.03030303,14.42424242,33.0,62.0
5600.0,79,-1.470588235,16.23529412,34.0,64.0
5700.0,79,-0.5806451613,17.06451613,31.0,64.0
5800.0,79,-2.714285714,19.05714286,35.0,64.0
5900.0,79,-1.181818182,20.03030303,33.0,62.0
6000.0,79,0.0625,20.09375,32.0,66.0
6100.0,79,0.75,19.96875,32.0,64.0
6200.0,79,0.09090909091,19.48484848,33.0,62.0
6300.0,79,0.3714285714,19.8,35.0,66.0
6400.0,79,-0.3666666667,21.9,30.0,60.0
6500.0,79,-0.9393939394,22.39393939,33.0,66.0
6600.0,79,0.09375,21.96875,32.0,62.0
6700.0,79,0.53125,21.5625,32.0,62.0
6800.0,79,2.424242424,22.06060606,33.0,62.0
6900.0,79,2.666666667,22.18181818,33.0,64.0
7000.0,79,1.939393939,22.03030303,33.0,64.0
7100.0,79,1.9375,23.09375,32.0,62.0
7200.0,79,2.235294118,22.23529412,34.0,68.0
7300.0,79,1.666666667,22.48484848,33.0,64.0
7400.0,79,-0.6129032258,21.93548387,31.0,62.0
7500.0,79,0.3529411765,21.67647059,34.0,64.0
7600.0,79,-0.8235294118,19.82352941,34.0,62.0
7700.0,79,0.3636363636,18.75757576,33.0,64.0
7800.0,79,0.9375,21.75,32.0,64.0
7900.0,79,0.6060606061,23.06060606,33.0,66.0
8000.0,79,-0.06451612903,24.12903226,31.0,64.0
8100.0,79,-2.375,23.6875,32.0,62.0
8200.0,79,-2.757575758,22.66666667,33.0,62.0
8300.0,79,-3.25,21.8125,32.0,62.0
8400.0,79,-3.818181818,20.96969697,33.0,64.0
8500.0,79,-2.903225806,21.58064516,31.0,62.0
8600.0,79,-2.909090909,21.21212121,33.0,62.0
8700.0,79,-4.272727273,22.72727273,33.0,64.0
8800.0,79,-4.965517241,23.48275862,29.0,60.0
8900.0,79,-5.193548387,24.51612903,31.0,62.0
9000.0,79,-5.941176471,23.67647059,34.0,64.0
9100.0,79,-7.193548387,24.32258065,31.0,62.0
9200.0,79,-7.466666667,23.03333333,30.0,62.0
9300.0,79,-7.516129032,23.12903226,31.0,62.0
9400.0,79,-7.096774194,23.58064516,31.0,62.0
9500.0,79,-8.757575758,22.3030303,33.0,62.0
9600.0,79,-7.090909091,21.63636364,33.0,64.0
9700.0,79,-7.387096774,22.48387097,31.0,62.0
9800.0,79,-6.941176471,26.64705882,34.0,64.0
9900.0,79,-6.838709677,28.83870968,31.0,62.0
10000.0,79,-5.935483871,28.06451613,31.0,62.0
0.0,80,4.0,4.0,37.0,64.0
100.0,80,4.161290323,3.903225806,31.0,62.0
200.0,80,5.363636364,4.939393939,33.0,64.0
300.0,80,5.909090909,4.757575758,33.0,62.0
400.0,80,6.242424242,4.727272727,33.0,64.0
500.0,80,6.371428571,4.742857143,35.0,66.0
600.0,80,6.612903226,3.903225806,31.0,62.0
700.0,80,8.205882353,3.882352941,34.0,64.0
800.0,80,7.647058824,2.676470588,34.0,64.0
900.0,80,6.411764706,1.588235294,34.0,64.0
1000.0,80,6.805555556,0.7777777778,36.0,66.0
1100.0,80,5.258064516,1.774193548,31.0,62.0
1200.0,80,6.212121212,1.545454545,33.0,62.0
1300.0,80,7.064516129,2.935483871,31.0,62.0
1400.0,80,8.466666667,4.7,30.0,62.0
1500.0,80,8.757575758,3.575757576,33.0,62.0
1600.0,80,7.575757576,4.03030303,33.0,62.0
1700.0,80,6.677419355,4.322580645,31.0,62.0
1800.0,80,5.272727273,4.0,33.0,64.0
1900.0,80,5.096774194,3.64516129,31.0,64.0
2000.0,80,4.129032258,5.032258065,31.0,62.0
2100.0,80,5.787878788,4.545454545,33.0,62.0
2200.0,80,6.935483871,4.387096774,31.0,62.0
2300.0,80,8.612903226,4.0,31.0,62.0
2400.0,80,6.764705882,4.647058824,34.0,66.0
2500.0,80,7.78125,3.34375,32.0,64.0
2600.0,80,7.233333333,3.033333333,30.0,64.0
2700.0,80,8.114285714,2.257142857,35.0,64.0
2800.0,80,8.875,3.34375,32.0,64.0
2900.0,80,7.774193548,0.9032258065,31.0,62.0
3000.0,80,8.454545455,1.272727273,33.0,64.0
3100.0,80,7.03125,1.09375,32.0,62.0
3200.0,80,7.818181818,0.2424242424,33.0,64.0
3300.0,80,8.333333333,0.4848484848,33.0,66.0
3400.0,80,7.941176471,0.7647058824,34.0,64.0
3500.0,80,9.058823529,1.882352941,34.0,64.0
3600.0,80,7.90625,3.4375,32.0,66.0
3700.0,80,8.516129032,3.419354839,31.0,62.0
3800.0,80,9.3125,2.0625,32.0,62.0
3900.0,80,8.2,3.1,30.0,62.0
4000.0,80,9.147058824,2.352941176,34.0,64.0
4100.0,80,8.419354839,2.677419355,31.0,62.0
4200.0,80,7.757575758,1.333333333,33.0,62.0
4300.0,80,6.875,0.75,32.0,64.0
4400.0,80,7.419354839,0.2580645161,31.0,62.0
4500.0,80,5.71875,2.5625,32.0,62.0
4600.0,80,6.633333333,2.7,30.0,62.0
4700.0,80,8.258064516,6.935483871,31.0,62.0
4800.0,80,7.794117647,8.441176471,34.0,64.0
4900.0,80,8.366666667,9.1,30.0,62.0
5000.0,80,7.212121212,10.09090909,33.0,64.0
5100.0,80,9.21875,11.34375,32.0,62.0
5200.0,80,11.3030303,10.81818182,33.0,64.0
5300.0,80,11.09090909,10.12121212,33.0,66.0
5400.0,80,10.42424242,11.3030303,33.0,64.0
5500.0,80,9.294117647,11.73529412,34.0,64.0
5600.0,80,7.575757576,11.72727273,33.0,64.0
5700.0,80,8.424242424,12.03030303,33.0,62.0
5800.0,80,9.75,14.15625,32.0,64.0
5900.0,80,9.361111111,13.83333333,36.0,66.0
6000.0,80,9.272727273,14.24242424,33.0,64.0
6100.0,80,10.48571429,13.82857143,35.0,66.0
6200.0,80,11.84375,13.71875,32.0,62.0
6300.0,80,10.3125,14.125,32.0,64.0
6400.0,80,12.59375,12.96875,32.0,64.0
6500.0,80,11.82352941,13.0,34.0,66.0
6600.0,80,12.09375,11.28125,32.0,62.0
6700.0,80,10.71875,11.0,32.0,62.0
6800.0,80,11.58064516,10.32258065,31.0,66.0
6900.0,80,11.57142857,10.77142857,35.0,64.0
7000.0,80,10.74193548,10.80645161,31.0,62.0
7100.0,80,9.757575758,9.666666667,33.0,62.0
7200.0,80,10.41935484,10.12903226,31.0,62.0
7300.0,80,9.242424242,9.424242424,33.0,62.0
7400.0,80,9.35483871,8.096774194,31.0,64.0
7500.0,80,8.903225806,8.193548387,31.0,62.0
7600.0,80,7.714285714,10.97142857,35.0,66.0
7700.0,80,7.870967742,11.09677419,31.0,64.0
7800.0,80,8.885714286,10.05714286,35.0,64.0
7900.0,80,7.451612903,9.709677419,31.0,64.0
8000.0,80,8.090909091,10.90909091,33.0,64.0
8100.0,80,7.027777778,12.91666667,36.0,64.0
8200.0,80,8.545454545,12.21212121,33.0,62.0
8300.0,80,9.090909091,13.27272727,33.0,64.0
8400.0,80,9.466666667,13.56666667,30.0,60.0
8500.0,80,9.411764706,12.61764706,34.0,64.0
8600.0,80,11.15151515,12.0,33.0,64.0
8700.0,80,10.6,9.485714286,35.0,64.0
8800.0,80,10.4375,8.28125,32.0,62.0
8900.0,80,11.90909091,10.57575758,33.0,64.0
9000.0,80,12.21212121,9.151515152,33.0,64.0
9100.0,80,12.88571429,11.51428571,35.0,64.0
9200.0,80,14.1875,11.46875,32.0,64.0
9300.0,80,14.0,9.918918919,37.0,66.0
9400.0,80,14.22580645,6.903225806,31.0,64.0
9500.0,80,13.5,7.5,32.0,64.0
9600.0,80,14.48387097,7.870967742,31.0,64.0
9700.0,80,13.72727273,6.363636364,33.0,66.0
9800.0,80,13.06060606,6.818181818,33.0,64.0
9900.0,80,13.72727273,7.424242424,33.0,64.0
10000.0,80,13.78787879,6.181818182,33.0,64.0
0.0,81,4.0,4.0,37.0,64.0
100.0,81,3.806451613,4.451612903,31.0,62.0
200.0,81,5.0,4.363636364,33.0,64.0
300.0,81,5.125,4.75,32.0,64.0
400.0,81,6.193548387,2.838709677,31.0,62.0
500.0,81,5.882352941,2.205882353,34.0,64.0
600.0,81,5.866666667,4.7,30.0,64.0
700.0,81,5.517241379,4.103448276,29.0,58.0
800.0,81,6.233333333,3.8,30.0,62.0
900.0,81,6.333333333,0.6666666667,33.0,64.0
1000.0,81,6.823529412,2.411764706,34.0,66.0
1100.0,81,5.909090909,2.757575758,33.0,62.0
1200.0,81,7.911764706,2.647058824,34.0,64.0
1300.0,81,8.727272727,4.545454545,33.0,64.0
1400.0,81,8.433333333,4.366666667,30.0,62.0
1500.0,81,8.705882353,5.323529412,34.0,64.0
1600.0,81,10.63636364,5.303030303,33.0,64.0
1700.0,81,11.65625,6.34375,32.0,62.0
1800.0,81,12.17647059,8.735294118,34.0,64.0
1900.0,81,12.0,9.709677419,31.0,62.0
2000.0,81,12.8,10.06666667,30.0,62.0
2100.0,81,12.66666667,9.060606061,33.0,62.0
2200.0,81,12.0,9.75862069,29.0,62.0
2300.0,81,13.41935484,8.677419355,31.0,62.0
2400.0,81,15.17241379,9.448275862,29.0,62.0
2500.0,81,14.03125,9.625,32.0,62.0
2600.0,81,13.5625,8.375,32.0,64.0
2700.0,81,13.46875,9.90625,32.0,64.0
2800.0,81,13.5,9.705882353,34.0,62.0
2900.0,81,10.76470588,12.35294118,34.0,64.0
3000.0,81,12.0,10.63333333,30.0,62.0
3100.0,81,12.28125,12.0625,32.0,66.0
3200.0,81,11.09090909,10.15151515,33.0,62.0
3300.0,81,11.11428571,11.25714286,35.0,64.0
3400.0,81,10.5,11.11764706,34.0,64.0
3500.0,81,9.612903226,11.06451613,31.0,62.0
3600.0,81,10.05882353,12.44117647,34.0,64.0
3700.0,81,10.35294118,10.82352941,34.0,64.0
3800.0,81,8.363636364,11.72727273,33.0,62.0
3900.0,81,5.90625,12.5625,32.0,62.0
4000.0,81,6.454545455,13.09090909,33.0,62.0
4100.0,81,7.0,11.5,32.0,62.0
4200.0,81,5.918918919,10.91891892,37.0,66.0
4300.0,81,6.121212121,10.72727273,33.0,64.0
4400.0,81,5.942857143,10.02857143,35.0,66.0
4500.0,81,5.636363636,11.39393939,33.0,64.0
4600.0,81,4.382352941,10.02941176,34.0,64.0
4700.0,81,4.694444444,8.75,36.0,66.0
4800.0,81,5.575757576,9.939393939,33.0,62.0
4900.0,81,5.909090909,10.3030303,33.0,62.0
5000.0,81,4.71875,10.21875,32.0,62.0
5100.0,81,6.0,9.333333333,33.0,64.0
5200.0,81,5.103448276,10.86206897,29.0,62.0
5300.0,81,6.612903226,9.870967742,31.0,62.0
5400.0,81,8.8,10.63333333,30.0,62.0
5500.0,81,9.59375,11.4375,32.0,62.0
5600.0,81,7.862068966,11.03448276,29.0,62.0
5700.0,81,7.060606061,11.33333333,33.0,62.0
5800.0,81,8.483870968,10.80645161,31.0,64.0
5900.0,81,8.96875,12.9375,32.0,66.0
6000.0,81,7.848484848,12.54545455,33.0,64.0
6100.0,81,8.28125,12.03125,32.0,62.0
6200.0,81,10.48484848,12.3030303,33.0,64.0
6300.0,81,9.181818182,11.03030303,33.0,64.0
6400.0,81,7.666666667,11.6,30.0,62.0
6500.0,81,6.625,12.0,32.0,64.0
6600.0,81,7.058823529,12.47058824,34.0,64.0
6700.0,81,8.272727273,13.36363636,33.0,62.0
6800.0,81,8.787878788,13.84848485,33.0,64.0
6900.0,81,8.0625,10.53125,32.0,62.0
7000.0,81,11.24242424,10.57575758,33.0,62.0
7100.0,81,12.33333333,11.72727273,33.0,66.0
7200.0,81,9.6,10.71428571,35.0,64.0
7300.0,81,8.34375,11.375,32.0,62.0
7400.0,81,6.848484848,10.15151515,33.0,62.0
7500.0,81,6.909090909,10.96969697,33.0,64.0
7600.0,81,6.806451613,10.35483871,31.0,62.0
7700.0,81,5.387096774,7.419354839,31.0,64.0
7800.0,81,5.885714286,7.742857143,35.0,64.0
7900.0,81,5.967741935,7.451612903,31.0,62.0
8000.0,81,6.419354839,9.419354839,31.0,62.0
8100.0,81,7.090909091,8.878787879,33.0,66.0
8200.0,81,5.28125,10.5625,32.0,62.0
8300.0,81,6.741935484,13.12903226,31.0,64.0
8400.0,81,6.4375,13.53125,32.0,62.0
8500.0,81,7.121212121,13.51515152,33.0,64.0
8600.0,81,7.545454545,13.60606061,33.0,64.0
8700.0,81,7.03030303,12.3030303,33.0,64.0
8800.0,81,7.636363636,13.27272727,33.0,62.0
8900.0,81,9.451612903,13.41935484,31.0,62.0
9000.0,81,11.94117647,12.05882353,34.0,64.0
9100.0,81,12.66666667,10.63636364,33.0,64.0
9200.0,81,13.75757576,9.181818182,33.0,64.0
9300.0,81,13.5,7.323529412,34.0,64.0
9400.0,81,11.70588235,6.5,34.0,62.0
9500.0,81,12.17142857,6.714285714,35.0,64.0
9600.0,81,10.45454545,5.0,33.0,64.0
9700.0,81,9.625,7.0625,32.0,62.0
9800.0,81,9.0,5.205882353,34.0,64.0
9900.0,81,8.676470588,4.558823529,34.0,64.0
10000.0,81,7.64516129,1.258064516,31.0,62.0
0.0,82,4.0,4.0,37.0,64.0
100.0,82,5.34375,1.71875,32.0,62.0
200.0,82,5.40625,2.0625,32.0,64.0
300.0,82,5.225806452,2.0,31.0,62.0
400.0,82,7.121212121,3.090909091,33.0,64.0
500.0,82,9.571428571,3.085714286,35.0,64.0
600.0,82,10.21212121,3.454545455,33.0,62.0
700.0,82,9.848484848,2.515151515,33.0,62.0
800.0,82,8.46875,1.5625,32.0,62.0
900.0,82,9.333333333,0.1515151515,33.0,64.0
1000.0,82,8.413793103,0.1034482759,29.0,64.0
1100.0,82,7.15625,0.375,32.0,60.0
1200.0,82,7.75,0.0625,32.0,62.0
1300.0,82,7.818181818,-1.727272727,33.0,62.0
1400.0,82,9.6875,-1.375,32.0,62.0
1500.0,82,8.35483871,-1.096774194,31.0,64.0
1600.0,82,9.741935484,-2.161290323,31.0,62.0
1700.0,82,11.15625,-2.625,32.0,60.0
1800.0,82,9.5,-2.823529412,34.0,64.0
1900.0,82,9.75,-1.0625,32.0,62.0
2000.0,82,9.677419355,-2.935483871,31.0,62.0
2100.0,82,8.441176471,-3.911764706,34.0,64.0
2200.0,82,9.032258065,-3.870967742,31.0,62.0
2300.0,82,9.888888889,-2.166666667,36.0,66.0
2400.0,82,9.885714286,-1.742857143,35.0,64.0
2500.0,82,10.34375,-0.28125,32.0,62.0
2600.0,82,11.34482759,-2.24137931,29.0,62.0
2700.0,82,9.228571429,-3.085714286,35.0,64.0
2800.0,82,9.4375,-2.875,32.0,62.0
2900.0,82,9.764705882,-3.676470588,34.0,64.0
3000.0,82,9.181818182,-3.454545455,33.0,64.0
3100.0,82,11.22857143,-2.342857143,35.0,64.0
3200.0,82,11.93939394,-2.060606061,33.0,64.0
3300.0,82,11.63636364,-0.7272727273,33.0,64.0
3400.0,82,11.28205128,0.4102564103,39.0,68.0
3500.0,82,12.63636364,-0.8181818182,33.0,64.0
3600.0,82,11.70967742,-2.548387097,31.0,62.0
3700.0,82,12.71875,-1.0625,32.0,64.0
3800.0,82,13.5483871,0.2258064516,31.0,64.0
3900.0,82,11.4516129,1.129032258,31.0,64.0
4000.0,82,11.59375,0.71875,32.0,62.0
4100.0,82,11.78125,-2.34375,32.0,62.0
4200.0,82,12.62857143,-3.771428571,35.0,64.0
4300.0,82,11.53125,-2.75,32.0,62.0
4400.0,82,8.764705882,-2.647058824,34.0,64.0
4500.0,82,5.84375,-4.34375,32.0,62.0
4600.0,82,5.40625,-5.34375,32.0,64.0
4700.0,82,3.060606061,-4.151515152,33.0,64.0
4800.0,82,3.363636364,-3.757575758,33.0,64.0
4900.0,82,1.71875,-4.03125,32.0,62.0
5000.0,82,1.0,-6.823529412,34.0,64.0
5100.0,82,0.5,-6.5,32.0,64.0
5200.0,82,0.1515151515,-7.909090909,33.0,62.0
5300.0,82,1.942857143,-7.657142857,35.0,64.0
5400.0,82,0.0,-5.264705882,34.0,62.0
5500.0,82,-0.1714285714,-2.714285714,35.0,64.0
5600.0,82,-0.303030303,-1.666666667,33.0,64.0
5700.0,82,0.2352941176,-2.176470588,34.0,64.0
5800.0,82,0.05882352941,-4.117647059,34.0,64.0
5900.0,82,0.25,-4.75,32.0,64.0
6000.0,82,-1.060606061,-5.757575758,33.0,64.0
6100.0,82,-1.375,-3.78125,32.0,64.0
6200.0,82,-1.966666667,-2.333333333,30.0,62.0
6300.0,82,-1.666666667,-2.757575758,33.0,62.0
6400.0,82,-0.7878787879,-4.545454545,33.0,62.0
6500.0,82,-0.4848484848,-3.909090909,33.0,62.0
6600.0,82,-3.0,-3.735294118,34.0,62.0
6700.0,82,-2.40625,-2.90625,32.0,62.0
6800.0,82,-3.558823529,-3.147058824,34.0,64.0
6900.0,82,-3.290322581,-2.032258065,31.0,64.0
7000.0,82,-2.636363636,-4.727272727,33.0,62.0
7100.0,82,-1.125,-4.84375,32.0,62.0
7200.0,82,-2.375,-6.9375,32.0,62.0
7300.0,82,-1.647058824,-8.147058824,34.0,64.0
7400.0,82,-1.393939394,-8.333333333,33.0,64.0
7500.0,82,-1.242424242,-7.696969697,33.0,62.0
7600.0,82,0.303030303,-8.484848485,33.0,64.0
7700.0,82,-0.09090909091,-10.78787879,33.0,64.0
7800.0,82,1.09375,-10.5625,32.0,62.0
7900.0,82,0.6176470588,-11.41176471,34.0,64.0
8000.0,82,0.09677419355,-10.4516129,31.0,60.0
8100.0,82,-0.875,-9.96875,32.0,64.0
8200.0,82,0.3666666667,-10.7,30.0,62.0
8300.0,82,3.363636364,-10.72727273,33.0,64.0
8400.0,82,2.46875,-12.1875,32.0,62.0
8500.0,82,1.59375,-13.53125,32.0,64.0
8600.0,82,0.7058823529,-14.85294118,34.0,64.0
8700.0,82,0.1818181818,-13.96969697,33.0,64.0
8800.0,82,0.53125,-12.15625,32.0,64.0
8900.0,82,-0.59375,-11.96875,32.0,64.0
9000.0,82,-0.6060606061,-12.06060606,33.0,64.0
9100.0,82,-3.484848485,-12.09090909,33.0,62.0
9200.0,82,-2.794117647,-12.26470588,34.0,66.0
9300.0,82,-3.424242424,-12.90909091,33.0,64.0
9400.0,82,0.0,-14.75757576,33.0,64.0
9500.0,82,1.6875,-14.3125,32.0,66.0
9600.0,82,2.272727273,-11.81818182,33.0,62.0
9700.0,82,2.142857143,-12.54285714,35.0,66.0
9800.0,82,0.8125,-13.5,32.0,62.0
9900.0,82,2.727272727,-13.36363636,33.0,62.0
10000.0,82,-0.4545454545,-13.09090909,33.0,62.0
0.0,83,4.0,4.0,37.0,64.0
100.0,83,5.0,3.735294118,34.0,62.0
200.0,83,4.823529412,3.176470588,34.0,62.0
300.0,83,5.290322581,7.258064516,31.0,62.0
400.0,83,2.848484848,5.636363636,33.0,64.0
500.0,83,2.787878788,4.545454545,33.0,62.0
600.0,83,2.129032258,3.935483871,31.0,62.0
700.0,83,4.151515152,6.272727273,33.0,62.0
800.0,83,5.2,4.914285714,35.0,64.0
900.0,83,7.971428571,5.371428571,35.0,66.0
1000.0,83,9.387096774,6.451612903,31.0,64.0
1100.0,83,11.22857143,6.914285714,35.0,64.0
1200.0,83,12.08571429,6.314285714,35.0,64.0
1300.0,83,10.51515152,5.787878788,33.0,64.0
1400.0,83,9.764705882,5.176470588,34.0,64.0
1500.0,83,12.4516129,5.096774194,31.0,62.0
1600.0,83,11.71875,5.4375,32.0,62.0
1700.0,83,10.65625,7.09375,32.0,62.0
1800.0,83,11.71875,6.84375,32.0,62.0
1900.0,83,11.24242424,5.363636364,33.0,64.0
2000.0,83,10.26470588,4.0,34.0,62.0
2100.0,83,9.0,3.735294118,34.0,62.0
2200.0,83,9.4375,5.625,32.0,64.0
2300.0,83,10.42424242,5.242424242,33.0,62.0
2400.0,83,10.0,7.735294118,34.0,62.0
2500.0,83,9.676470588,6.852941176,34.0,64.0
2600.0,83,8.818181818,7.151515152,33.0,64.0
2700.0,83,6.71875,7.8125,32.0,64.0
2800.0,83,6.205882353,4.941176471,34.0,64.0
2900.0,83,7.147058824,4.264705882,34.0,64.0
3000.0,83,6.696969697,4.727272727,33.0,64.0
3100.0,83,5.323529412,5.617647059,34.0,64.0
3200.0,83,6.441176471,5.058823529,34.0,64.0
3300.0,83,4.741935484,4.35483871,31.0,62.0
3400.0,83,4.575757576,3.242424242,33.0,62.0
3500.0,83,6.058823529,3.941176471,34.0,64.0
3600.0,83,6.382352941,5.176470588,34.0,64.0
3700.0,83,6.1875,5.40625,32.0,64.0
3800.0,83,6.088235294,8.441176471,34.0,64.0
3900.0,83,5.363636364,7.666666667,33.0,64.0
4000.0,83,5.342857143,8.714285714,35.0,66.0
4100.0,83,5.233333333,7.4,30.0,62.0
4200.0,83,4.548387097,6.193548387,31.0,62.0
4300.0,83,3.647058824,6.323529412,34.0,64.0
4400.0,83,3.066666667,6.766666667,30.0,64.0
4500.0,83,3.272727273,6.939393939,33.0,64.0
4600.0,83,2.96875,9.28125,32.0,64.0
4700.0,83,5.909090909,9.727272727,33.0,64.0
4800.0,83,7.5625,8.4375,32.0,62.0
4900.0,83,7.580645161,9.741935484,31.0,62.0
5000.0,83,7.727272727,10.63636364,33.0,62.0
5100.0,83,6.147058824,10.44117647,34.0,64.0
5200.0,83,6.064516129,11.19354839,31.0,62.0
5300.0,83,5.129032258,12.32258065,31.0,62.0
5400.0,83,5.735294118,15.08823529,34.0,64.0
5500.0,83,6.75,13.625,32.0,64.0
5600.0,83,6.058823529,14.52941176,34.0,64.0
5700.0,83,6.65625,15.34375,32.0,62.0
5800.0,83,5.9375,16.09375,32.0,64.0
5900.0,83,5.03030303,16.54545455,33.0,64.0
6000.0,83,2.375,15.6875,32.0,64.0
6100.0,83,3.606060606,15.51515152,33.0,64.0
6200.0,83,4.709677419,16.38709677,31.0,62.0
6300.0,83,5.558823529,14.61764706,34.0,66.0
6400.0,83,6.548387097,15.64516129,31.0,62.0
6500.0,83,6.34375,14.5625,32.0,64.0
6600.0,83,5.151515152,17.51515152,33.0,62.0
6700.0,83,6.636363636,19.72727273,33.0,62.0
6800.0,83,7.612903226,21.25806452,31.0,62.0
6900.0,83,5.515151515,22.15151515,33.0,62.0
7000.0,83,7.1875,21.4375,32.0,62.0
7100.0,83,8.0,23.5,34.0,62.0
7200.0,83,9.090909091,23.15151515,33.0,62.0
7300.0,83,9.96875,21.90625,32.0,62.0
7400.0,83,11.32258065,20.83870968,31.0,64.0
7500.0,83,12.63636364,22.36363636,33.0,66.0
7600.0,83,12.80645161,20.90322581,31.0,62.0
7700.0,83,11.88571429,20.05714286,35.0,64.0
7800.0,83,10.09090909,18.6969697,33.0,62.0
7900.0,83,10.08823529,18.32352941,34.0,66.0
8000.0,83,10.66666667,17.24242424,33.0,62.0
8100.0,83,9.848484848,17.15151515,33.0,64.0
8200.0,83,8.735294118,16.0,34.0,62.0
8300.0,83,9.794117647,15.08823529,34.0,64.0
8400.0,83,11.0,15.73529412,34.0,62.0
8500.0,83,10.33333333,15.8,30.0,62.0
8600.0,83,12.34375,16.375,32.0,62.0
8700.0,83,13.0,17.5,34.0,62.0
8800.0,83,12.80645161,17.22580645,31.0,62.0
8900.0,83,12.6875,17.75,32.0,64.0
9000.0,83,11.53125,17.21875,32.0,62.0
9100.0,83,12.09090909,15.78787879,33.0,62.0
9200.0,83,9.121212121,16.03030303,33.0,64.0
9300.0,83,7.9375,14.8125,32.0,64.0
9400.0,83,10.90909091,13.48484848,33.0,62.0
9500.0,83,11.78787879,15.90909091,33.0,66.0
9600.0,83,12.7,16.46666667,30.0,62.0
9700.0,83,13.75,14.75,32.0,66.0
9800.0,83,14.65625,15.875,32.0,64.0
9900.0,83,16.11428571,15.68571429,35.0,64.0
10000.0,83,16.8125,15.5,32.0,64.0
0.0,84,4.0,4.0,37.0,64.0
100.0,84,0.6875,4.71875,32.0,62.0
200.0,84,-0.1764705882,6.441176471,34.0,64.0
300.0,84,-1.176470588,7.235294118,34.0,64.0
400.0,84,-1.090909091,6.909090909,33.0,64.0
500.0,84,-2.258064516,9.35483871,31.0,64.0
600.0,84,-0.4848484848,10.60606061,33.0,62.0
700.0,84,-1.03030303,11.18181818,33.0,64.0
800.0,84,-1.235294118,11.11764706,34.0,64.0
900.0,84,-1.34375,10.96875,32.0,64.0
1000.0,84,0.7352941176,9.264705882,34.0,64.0
1100.0,84,-0.7333333333,11.23333333,30.0,60.0
1200.0,84,-2.090909091,10.75757576,33.0,64.0
1300.0,84,-0.71875,12.6875,32.0,62.0
1400.0,84,-0.3939393939,12.81818182,33.0,64.0
1500.0,84,-0.71875,12.375,32.0,62.0
1600.0,84,-2.575757576,10.09090909,33.0,64.0
1700.0,84,-1.852941176,10.91176471,34.0,64.0
1800.0,84,0.0303030303,11.18181818,33.0,64.0
1900.0,84,-0.1290322581,9.35483871,31.0,62.0
2000.0,84,0.625,10.6875,32.0,64.0
2100.0,84,-0.7272727273,11.15151515,33.0,62.0
2200.0,84,-3.617647059,10.85294118,34.0,64.0
2300.0,84,-2.6875,11.5625,32.0,64.0
2400.0,84,-4.96875,12.34375,32.0,62.0
2500.0,84,-3.8125,12.3125,32.0,62.0
2600.0,84,-2.59375,9.65625,32.0,62.0
2700.0,84,-2.838709677,11.61290323,31.0,62.0
2800.0,84,-4.971428571,12.17142857,35.0,64.0
2900.0,84,-5.096774194,12.67741935,31.0,64.0
3000.0,84,-5.09375,11.03125,32.0,64.0
3100.0,84,-5.0,11.61290323,31.0,62.0
3200.0,84,-4.909090909,11.42424242,33.0,64.0
3300.0,84,-4.676470588,10.94117647,34.0,64.0
3400.0,84,-4.580645161,10.70967742,31.0,62.0
3500.0,84,-3.181818182,12.39393939,33.0,64.0
3600.0,84,-1.114285714,9.742857143,35.0,64.0
3700.0,84,-1.5625,9.34375,32.0,62.0
3800.0,84,-0.1290322581,10.25806452,31.0,62.0
3900.0,84,-0.875,10.21875,32.0,64.0
4000.0,84,-1.272727273,10.24242424,33.0,64.0
4100.0,84,1.090909091,9.393939394,33.0,64.0
4200.0,84,1.2,7.542857143,35.0,64.0
4300.0,84,1.1875,8.65625,32.0,64.0
4400.0,84,-1.852941176,10.5,34.0,66.0
4500.0,84,-0.4117647059,13.0,34.0,64.0
4600.0,84,-2.35483871,10.67741935,31.0,62.0
4700.0,84,-4.2,9.914285714,35.0,64.0
4800.0,84,-3.352941176,9.529411765,34.0,64.0
4900.0,84,-4.6875,11.0,32.0,64.0
5000.0,84,-3.15625,13.375,32.0,60.0
5100.0,84,-2.2,12.96666667,30.0,62.0
5200.0,84,-1.470588235,14.08823529,34.0,66.0
5300.0,84,-1.848484848,14.66666667,33.0,64.0
5400.0,84,-3.419354839,13.58064516,31.0,62.0
5500.0,84,-7.161290323,13.70967742,31.0,62.0
5600.0,84,-8.0,12.78787879,33.0,64.0
5700.0,84,-7.71875,12.8125,32.0,62.0
5800.0,84,-7.387096774,11.0,31.0,62.0
5900.0,84,-6.914285714,11.14285714,35.0,64.0
6000.0,84,-5.46875,9.3125,32.0,64.0
6100.0,84,-7.515151515,10.39393939,33.0,62.0
6200.0,84,-8.875,10.625,32.0,64.0
6300.0,84,-9.935483871,11.22580645,31.0,62.0
6400.0,84,-9.757575758,12.18181818,33.0,66.0
6500.0,84,-11.7,13.83333333,30.0,62.0
6600.0,84,-11.03030303,13.51515152,33.0,64.0
6700.0,84,-12.1875,13.90625,32.0,64.0
6800.0,84,-12.75757576,14.42424242,33.0,62.0
6900.0,84,-12.1875,14.0625,32.0,64.0
7000.0,84,-10.96875,14.28125,32.0,62.0
7100.0,84,-11.86666667,15.8,30.0,62.0
7200.0,84,-12.32258065,16.4516129,31.0,62.0
7300.0,84,-10.51612903,16.48387097,31.0,62.0
7400.0,84,-11.20588235,18.55882353,34.0,64.0
7500.0,84,-11.17647059,16.82352941,34.0,62.0
7600.0,84,-11.80645161,17.03225806,31.0,62.0
7700.0,84,-13.61290323,16.0,31.0,62.0
7800.0,84,-15.32352941,16.91176471,34.0,64.0
7900.0,84,-12.5,14.8125,32.0,62.0
8000.0,84,-12.75,13.5,32.0,62.0
8100.0,84,-12.09090909,12.3030303,33.0,62.0
8200.0,84,-12.71875,12.0,32.0,64.0
8300.0,84,-10.61290323,12.06451613,31.0,64.0
8400.0,84,-10.03030303,10.90909091,33.0,64.0
8500.0,84,-8.666666667,11.06060606,33.0,62.0
8600.0,84,-8.4375,10.84375,32.0,62.0
8700.0,84,-8.1,11.5,30.0,60.0
8800.0,84,-8.387096774,8.903225806,31.0,62.0
8900.0,84,-7.257142857,7.771428571,35.0,64.0
9000.0,84,-7.911764706,8.0,34.0,64.0
9100.0,84,-6.545454545,10.78787879,33.0,62.0
9200.0,84,-6.272727273,10.18181818,33.0,62.0
9300.0,84,-6.794117647,7.558823529,34.0,64.0
9400.0,84,-7.147058824,9.235294118,34.0,64.0
9500.0,84,-7.424242424,8.939393939,33.0,66.0
9600.0,84,-6.606060606,7.484848485,33.0,62.0
9700.0,84,-6.125,7.75,32.0,64.0
9800.0,84,-5.666666667,8.060606061,33.0,62.0
9900.0,84,-4.294117647,7.5,34.0,62.0
10000.0,84,-3.451612903,7.322580645,31.0,64.0
0.0,85,4.0,4.0,37.0,64.0
100.0,85,3.75,4.53125,32.0,64.0
200.0,85,6.212121212,6.151515152,33.0,64.0
300.0,85,9.441176471,5.205882353,34.0,64.0
400.0,85,9.03125,5.0,32.0,64.0
500.0,85,7.029411765,4.088235294,34.0,64.0
600.0,85,8.333333333,4.333333333,33.0,64.0
700.0,85,8.8125,2.84375,32.0,62.0
800.0,85,7.166666667,1.566666667,30.0,62.0
900.0,85,7.75,2.40625,32.0,64.0
1000.0,85,9.322580645,2.516129032,31.0,62.0
1100.0,85,10.375,3.65625,32.0,62.0
1200.0,85,8.794117647,3.735294118,34.0,64.0
1300.0,85,8.575757576,3.96969697,33.0,64.0
1400.0,85,9.117647059,2.588235294,34.0,64.0
1500.0,85,8.333333333,3.515151515,33.0,64.0
1600.0,85,8.0,4.0,33.0,64.0
1700.0,85,9.322580645,5.0,31.0,62.0
1800.0,85,10.42857143,7.171428571,35.0,66.0
1900.0,85,9.90625,5.34375,32.0,62.0
2000.0,85,10.5,5.176470588,34.0,64.0
2100.0,85,9.696969697,4.727272727,33.0,64.0
2200.0,85,10.29411765,3.617647059,34.0,64.0
2300.0,85,13.17647059,3.764705882,34.0,66.0
2400.0,85,13.54545455,3.272727273,33.0,64.0
2500.0,85,14.29411765,4.5,34.0,66.0
2600.0,85,14.36666667,6.233333333,30.0,64.0
2700.0,85,13.90909091,5.757575758,33.0,62.0
2800.0,85,14.90322581,4.838709677,31.0,62.0
2900.0,85,15.5,6.0,30.0,62.0
3000.0,85,15.45714286,7.685714286,35.0,66.0
3100.0,85,14.85714286,7.371428571,35.0,66.0
3200.0,85,15.72727273,7.939393939,33.0,64.0
3300.0,85,15.90625,7.625,32.0,62.0
3400.0,85,17.03448276,6.827586207,29.0,62.0
3500.0,85,15.12121212,5.787878788,33.0,64.0
3600.0,85,13.21875,8.0625,32.0,62.0
3700.0,85,12.58064516,7.129032258,31.0,62.0
3800.0,85,11.0,7.5,32.0,62.0
3900.0,85,9.878787879,7.848484848,33.0,66.0
4000.0,85,9.129032258,9.290322581,31.0,60.0
4100.0,85,11.42424242,7.0,33.0,64.0
4200.0,85,10.58823529,7.882352941,34.0,64.0
4300.0,85,9.212121212,9.121212121,33.0,64.0
4400.0,85,11.0,10.73529412,34.0,62.0
4500.0,85,10.65625,11.5,32.0,64.0
4600.0,85,12.0,11.17142857,35.0,64.0
4700.0,85,12.26666667,12.86666667,30.0,62.0
4800.0,85,11.57575758,14.60606061,33.0,64.0
4900.0,85,10.26666667,15.36666667,30.0,62.0
5000.0,85,10.08571429,15.54285714,35.0,64.0
5100.0,85,9.0,17.61290323,31.0,60.0
5200.0,85,9.529411765,18.55882353,34.0,64.0
5300.0,85,9.636363636,18.93939394,33.0,64.0
5400.0,85,9.65625,19.84375,32.0,62.0
5500.0,85,10.33333333,20.57575758,33.0,62.0
5600.0,85,12.0,22.0,32.0,64.0
5700.0,85,10.4137931,20.72413793,29.0,62.0
5800.0,85,11.34375,18.40625,32.0,64.0
5900.0,85,13.6969697,19.75757576,33.0,62.0
6000.0,85,14.02857143,17.88571429,35.0,66.0
6100.0,85,14.90909091,15.84848485,33.0,64.0
6200.0,85,16.26470588,18.08823529,34.0,64.0
6300.0,85,15.12121212,17.45454545,33.0,66.0
6400.0,85,14.03125,17.8125,32.0,64.0
6500.0,85,14.39393939,17.51515152,33.0,62.0
6600.0,85,16.1,15.73333333,30.0,60.0
6700.0,85,16.16666667,13.63333333,30.0,62.0
6800.0,85,17.4375,12.34375,32.0,62.0
6900.0,85,17.91428571,11.54285714,35.0,64.0
7000.0,85,17.86666667,12.33333333,30.0,62.0
7100.0,85,18.4,12.48571429,35.0,66.0
7200.0,85,18.63333333,11.3,30.0,62.0
7300.0,85,19.81818182,12.96969697,33.0,62.0
7400.0,85,19.78125,13.34375,32.0,64.0
7500.0,85,20.09090909,15.63636364,33.0,64.0
7600.0,85,22.66666667,14.12121212,33.0,64.0
7700.0,85,23.67647059,16.05882353,34.0,64.0
7800.0,85,23.3125,14.0,32.0,64.0
7900.0,85,22.32352941,14.94117647,34.0,64.0
8000.0,85,21.43333333,15.43333333,30.0,64.0
8100.0,85,21.78787879,13.18181818,33.0,66.0
8200.0,85,20.96875,13.59375,32.0,64.0
8300.0,85,20.09090909,14.6969697,33.0,62.0
8400.0,85,20.48484848,14.84848485,33.0,64.0
8500.0,85,17.96774194,16.12903226,31.0,62.0
8600.0,85,17.08823529,14.29411765,34.0,66.0
8700.0,85,16.76470588,13.82352941,34.0,66.0
8800.0,85,16.33333333,13.66666667,33.0,64.0
8900.0,85,15.59375,13.03125,32.0,64.0
9000.0,85,14.8,11.86666667,30.0,60.0
9100.0,85,16.5,13.15625,32.0,64.0
9200.0,85,14.80645161,12.35483871,31.0,60.0
9300.0,85,14.29032258,11.19354839,31.0,62.0
9400.0,85,14.0,11.11764706,34.0,64.0
9500.0,85,13.1,12.26666667,30.0,62.0
9600.0,85,14.72727273,12.21212121,33.0,64.0
9700.0,85,13.90625,13.0,32.0,64.0
9800.0,85,13.09677419,11.4516129,31.0,62.0
9900.0,85,14.21212121,10.09090909,33.0,64.0
10000.0,85,15.55882353,8.794117647,34.0,64.0
0.0,86,4.0,4.0,37.0,64.0
100.0,86,5.272727273,4.848484848,33.0,62.0
200.0,86,4.103448276,5.482758621,29.0,64.0
300.0,86,4.0,7.4,35.0,64.0
400.0,86,3.303030303,6.727272727,33.0,64.0
500.0,86,2.735294118,4.0,34.0,62.0
600.0,86,2.029411765,2.352941176,34.0,64.0
700.0,86,2.35483871,4.193548387,31.0,60.0
800.0,86,2.794117647,5.0,34.0,66.0
900.0,86,1.911764706,4.823529412,34.0,66.0
1000.0,86,3.806451613,5.129032258,31.0,64.0
1100.0,86,2.848484848,4.909090909,33.0,62.0
1200.0,86,2.242424242,3.787878788,33.0,64.0
1300.0,86,1.588235294,3.117647059,34.0,64.0
1400.0,86,1.611111111,3.861111111,36.0,64.0
1500.0,86,0.9696969697,1.96969697,33.0,64.0
1600.0,86,1.35483871,2.193548387,31.0,66.0
1700.0,86,-0.9142857143,1.428571429,35.0,64.0
1800.0,86,-1.419354839,1.774193548,31.0,62.0
1900.0,86,-1.228571429,0.9142857143,35.0,64.0
2000.0,86,-1.694444444,2.305555556,36.0,64.0
2100.0,86,-0.4848484848,3.303030303,33.0,66.0
2200.0,86,1.4375,4.34375,32.0,64.0
2300.0,86,0.78125,2.0,32.0,62.0
2400.0,86,0.09090909091,0.8484848485,33.0,62.0
2500.0,86,-0.09375,-0.34375,32.0,62.0
2600.0,86,1.548387097,-1.903225806,31.0,62.0
2700.0,86,0.6666666667,-2.636363636,33.0,64.0
2800.0,86,0.6129032258,-3.64516129,31.0,62.0
2900.0,86,1.235294118,-3.058823529,34.0,64.0
3000.0,86,0.6666666667,-3.151515152,33.0,64.0
3100.0,86,1.972222222,-1.916666667,36.0,64.0
3200.0,86,1.666666667,-1.9,30.0,60.0
3300.0,86,1.1,-1.933333333,30.0,62.0
3400.0,86,-0.2727272727,-2.545454545,33.0,64.0
3500.0,86,-1.757575758,-4.909090909,33.0,62.0
3600.0,86,-1.088235294,-4.323529412,34.0,64.0
3700.0,86,-1.967741935,-6.451612903,31.0,62.0
3800.0,86,-1.625,-7.71875,32.0,62.0
3900.0,86,-3.28125,-6.6875,32.0,64.0
4000.0,86,-1.5,-6.78125,32.0,64.0
4100.0,86,-1.735294118,-5.352941176,34.0,64.0
4200.0,86,-0.71875,-5.625,32.0,64.0
4300.0,86,-1.566666667,-6.466666667,30.0,64.0
4400.0,86,-3.09375,-4.34375,32.0,62.0
4500.0,86,-3.705882353,-3.5,34.0,62.0
4600.0,86,-4.818181818,-2.575757576,33.0,64.0
4700.0,86,-6.885714286,-1.257142857,35.0,64.0
4800.0,86,-8.685714286,-0.8285714286,35.0,64.0
4900.0,86,-8.15625,-1.125,32.0,62.0
5000.0,86,-5.75,-2.84375,32.0,62.0
5100.0,86,-6.272727273,-4.151515152,33.0,66.0
5200.0,86,-6.727272727,-3.242424242,33.0,64.0
5300.0,86,-6.75,-4.375,32.0,62.0
5400.0,86,-5.0625,-4.09375,32.0,62.0
5500.0,86,-6.205882353,-6.058823529,34.0,64.0
5600.0,86,-6.515151515,-5.666666667,33.0,64.0
5700.0,86,-5.676470588,-5.588235294,34.0,64.0
5800.0,86,-5.0625,-5.53125,32.0,62.0
5900.0,86,-4.575757576,-4.96969697,33.0,64.0
6000.0,86,-3.757575758,-4.696969697,33.0,62.0
6100.0,86,-4.28125,-5.6875,32.0,62.0
6200.0,86,-3.875,-3.9375,32.0,62.0
6300.0,86,-3.393939394,-5.818181818,33.0,64.0
6400.0,86,-2.941176471,-7.176470588,34.0,64.0
6500.0,86,-0.5757575758,-9.515151515,33.0,66.0
6600.0,86,-1.909090909,-11.48484848,33.0,62.0
6700.0,86,-3.53125,-11.96875,32.0,64.0
6800.0,86,-5.852941176,-12.23529412,34.0,66.0
6900.0,86,-9.628571429,-14.77142857,35.0,66.0
7000.0,86,-9.371428571,-14.22857143,35.0,64.0
7100.0,86,-9.5,-13.29411765,34.0,62.0
7200.0,86,-9.6875,-14.03125,32.0,64.0
7300.0,86,-9.424242424,-15.57575758,33.0,62.0
7400.0,86,-8.939393939,-14.33333333,33.0,62.0
7500.0,86,-10.03125,-13.90625,32.0,62.0
7600.0,86,-11.54545455,-14.78787879,33.0,62.0
7700.0,86,-13.42424242,-16.15151515,33.0,64.0
7800.0,86,-12.53125,-15.75,32.0,62.0
7900.0,86,-14.90625,-16.65625,32.0,62.0
8000.0,86,-14.0,-15.75,32.0,64.0
8100.0,86,-15.03030303,-15.57575758,33.0,62.0
8200.0,86,-14.90909091,-16.78787879,33.0,64.0
8300.0,86,-16.67647059,-15.67647059,34.0,64.0
8400.0,86,-17.27272727,-17.27272727,33.0,66.0
8500.0,86,-18.4516129,-18.25806452,31.0,64.0
8600.0,86,-17.45454545,-16.15151515,33.0,64.0
8700.0,86,-17.3030303,-14.75757576,33.0,62.0
8800.0,86,-15.3125,-14.375,32.0,64.0
8900.0,86,-15.96428571,-14.21428571,28.0,66.0
9000.0,86,-15.71875,-14.03125,32.0,62.0
9100.0,86,-17.5,-15.0,34.0,62.0
9200.0,86,-18.05714286,-12.28571429,35.0,64.0
9300.0,86,-19.72727273,-13.15151515,33.0,62.0
9400.0,86,-19.87878788,-12.60606061,33.0,64.0
9500.0,86,-19.32258065,-13.19354839,31.0,62.0
9600.0,86,-20.125,-12.125,32.0,64.0
9700.0,86,-22.5483871,-10.70967742,31.0,62.0
9800.0,86,-22.72727273,-12.6969697,33.0,64.0
9900.0,86,-23.0,-14.1875,32.0,62.0
10000.0,86,-23.70967742,-14.06451613,31.0,62.0
0.0,87,4.0,4.0,37.0,64.0
100.0,87,3.096774194,3.322580645,31.0,62.0
200.0,87,2.225806452,3.35483871,31.0,64.0
300.0,87,3.15625,4.3125,32.0,62.0
400.0,87,1.818181818,3.606060606,33.0,64.0
500.0,87,4.1875,4.84375,32.0,64.0
600.0,87,3.333333333,5.757575758,33.0,62.0
700.0,87,1.9375,5.40625,32.0,64.0
800.0,87,2.939393939,7.242424242,33.0,64.0
900.0,87,2.741935484,8.870967742,31.0,62.0
1000.0,87,4.733333333,8.466666667,30.0,62.0
1100.0,87,2.483870968,8.161290323,31.0,62.0
1200.0,87,3.212121212,7.515151515,33.0,64.0
1300.0,87,2.25,9.90625,32.0,64.0
1400.0,87,2.878787879,10.48484848,33.0,64.0
1500.0,87,4.303030303,11.48484848,33.0,64.0
1600.0,87,4.515151515,14.84848485,33.0,62.0
1700.0,87,5.0,16.15151515,33.0,64.0
1800.0,87,5.133333333,16.2,30.0,62.0
1900.0,87,6.411764706,15.0,34.0,66.0
2000.0,87,5.625,14.9375,32.0,62.0
2100.0,87,6.818181818,15.60606061,33.0,64.0
2200.0,87,5.967741935,15.12903226,31.0,62.0
2300.0,87,4.96875,13.90625,32.0,62.0
2400.0,87,5.151515152,14.66666667,33.0,64.0
2500.0,87,5.3125,14.96875,32.0,64.0
2600.0,87,4.757575758,15.15151515,33.0,64.0
2700.0,87,6.257142857,13.22857143,35.0,64.0
2800.0,87,8.272727273,13.84848485,33.0,62.0
2900.0,87,6.53125,14.5625,32.0,62.0
3000.0,87,7.0,12.5,34.0,62.0
3100.0,87,7.6875,11.90625,32.0,62.0
3200.0,87,7.290322581,10.58064516,31.0,62.0
3300.0,87,6.9375,10.21875,32.0,62.0
3400.0,87,5.96969697,13.48484848,33.0,64.0
3500.0,87,5.46875,13.5625,32.0,64.0
3600.0,87,6.909090909,12.78787879,33.0,64.0
3700.0,87,7.181818182,12.78787879,33.0,64.0
3800.0,87,6.228571429,13.42857143,35.0,64.0
3900.0,87,8.6,15.02857143,35.0,64.0
4000.0,87,7.818181818,13.78787879,33.0,64.0
4100.0,87,6.966666667,12.5,30.0,64.0
4200.0,87,6.647058824,13.17647059,34.0,64.0
4300.0,87,8.78125,13.09375,32.0,64.0
4400.0,87,9.636363636,16.78787879,33.0,64.0
4500.0,87,11.22580645,16.25806452,31.0,62.0
4600.0,87,11.20588235,19.08823529,34.0,64.0
4700.0,87,10.22580645,18.90322581,31.0,62.0
4800.0,87,11.78787879,19.24242424,33.0,64.0
4900.0,87,14.33333333,19.33333333,33.0,64.0
5000.0,87,14.82352941,18.91176471,34.0,66.0
5100.0,87,13.65714286,22.05714286,35.0,64.0
5200.0,87,13.6969697,22.09090909,33.0,62.0
5300.0,87,10.45454545,21.09090909,33.0,62.0
5400.0,87,11.24242424,20.36363636,33.0,64.0
5500.0,87,10.48484848,21.90909091,33.0,62.0
5600.0,87,12.24242424,22.57575758,33.0,62.0
5700.0,87,13.84375,21.5625,32.0,62.0
5800.0,87,14.0,23.26470588,34.0,62.0
5900.0,87,12.73529412,22.73529412,34.0,64.0
6000.0,87,13.54545455,21.24242424,33.0,64.0
6100.0,87,15.06060606,21.66666667,33.0,62.0
6200.0,87,12.81818182,21.27272727,33.0,62.0
6300.0,87,11.4,22.97142857,35.0,64.0
6400.0,87,11.82352941,22.17647059,34.0,62.0
6500.0,87,12.4375,21.78125,32.0,62.0
6600.0,87,12.6,21.46666667,30.0,62.0
6700.0,87,11.4375,21.21875,32.0,62.0
6800.0,87,10.25806452,22.61290323,31.0,62.0
6900.0,87,8.741935484,21.96774194,31.0,62.0
7000.0,87,10.5,19.82352941,34.0,64.0
7100.0,87,9.636363636,19.06060606,33.0,64.0
7200.0,87,9.454545455,18.72727273,33.0,64.0
7300.0,87,9.53125,20.125,32.0,62.0
7400.0,87,9.03125,19.65625,32.0,62.0
7500.0,87,10.17647059,21.55882353,34.0,64.0
7600.0,87,8.735294118,20.08823529,34.0,64.0
7700.0,87,8.25,18.90625,32.0,62.0
7800.0,87,6.34375,20.375,32.0,62.0
7900.0,87,7.606060606,20.90909091,33.0,66.0
8000.0,87,7.3125,22.3125,32.0,66.0
8100.0,87,8.028571429,22.4,35.0,64.0
8200.0,87,8.0,22.03333333,30.0,62.0
8300.0,87,8.117647059,20.47058824,34.0,66.0
8400.0,87,8.0,19.65625,32.0,64.0
8500.0,87,7.272727273,20.42424242,33.0,64.0
8600.0,87,8.393939394,20.51515152,33.0,62.0
8700.0,87,7.212121212,18.72727273,33.0,64.0
8800.0,87,6.941176471,20.55882353,34.0,66.0
8900.0,87,8.393939394,18.03030303,33.0,64.0
9000.0,87,8.151515152,18.27272727,33.0,62.0
9100.0,87,6.666666667,18.63636364,33.0,64.0
9200.0,87,5.363636364,18.66666667,33.0,64.0
9300.0,87,4.264705882,19.91176471,34.0,66.0
9400.0,87,3.333333333,18.39393939,33.0,64.0
9500.0,87,4.676470588,19.82352941,34.0,64.0
9600.0,87,6.264705882,19.0,34.0,62.0
9700.0,87,8.212121212,18.45454545,33.0,62.0
9800.0,87,7.575757576,18.75757576,33.0,62.0
9900.0,87,8.264705882,19.47058824,34.0,64.0
10000.0,87,8.9375,22.125,32.0,64.0
0.0,88,4.0,4.0,37.0,64.0
100.0,88,2.515151515,4.272727273,33.0,64.0
200.0,88,2.939393939,6.424242424,33.0,62.0
300.0,88,4.516129032,7.032258065,31.0,62.0
400.0,88,2.9,6.433333333,30.0,62.0
500.0,88,4.625,6.84375,32.0,60.0
600.0,88,2.0,8.322580645,31.0,62.0
700.0,88,3.848484848,6.575757576,33.0,64.0
800.0,88,4.705882353,6.5,34.0,62.0
900.0,88,6.03125,6.4375,32.0,64.0
1000.0,88,4.857142857,4.914285714,35.0,64.0
1100.0,88,3.771428571,6.657142857,35.0,64.0
1200.0,88,3.903225806,4.774193548,31.0,62.0
1300.0,88,1.96969697,5.818181818,33.0,62.0
1400.0,88,1.484848485,5.151515152,33.0,62.0
1500.0,88,1.205882353,3.705882353,34.0,64.0
1600.0,88,1.242424242,5.242424242,33.0,64.0
1700.0,88,2.303030303,7.909090909,33.0,62.0
1800.0,88,3.5,9.470588235,34.0,64.0
1900.0,88,3.0,9.677419355,31.0,62.0
2000.0,88,2.323529412,6.5,34.0,64.0
2100.0,88,2.257142857,6.342857143,35.0,66.0
2200.0,88,1.9375,5.34375,32.0,64.0
2300.0,88,0.84375,5.34375,32.0,62.0
2400.0,88,-0.2647058824,5.0,34.0,62.0
2500.0,88,-0.4411764706,3.5,34.0,66.0
2600.0,88,-1.575757576,4.96969697,33.0,62.0
2700.0,88,-0.8484848485,5.151515152,33.0,62.0
2800.0,88,1.612903226,5.129032258,31.0,62.0
2900.0,88,3.848484848,5.818181818,33.0,64.0
3000.0,88,3.558823529,5.558823529,34.0,64.0
3100.0,88,3.787878788,3.090909091,33.0,62.0
3200.0,88,3.5,2.8125,32.0,64.0
3300.0,88,2.4375,1.6875,32.0,62.0
3400.0,88,2.515151515,1.424242424,33.0,64.0
3500.0,88,2.852941176,2.0,34.0,64.0
3600.0,88,2.272727273,3.090909091,33.0,64.0
3700.0,88,3.147058824,4.176470588,34.0,64.0
3800.0,88,2.903225806,4.612903226,31.0,62.0
3900.0,88,3.696969697,5.090909091,33.0,62.0
4000.0,88,2.424242424,6.939393939,33.0,62.0
4100.0,88,2.939393939,7.424242424,33.0,64.0
4200.0,88,5.451612903,8.419354839,31.0,62.0
4300.0,88,3.774193548,9.483870968,31.0,62.0
4400.0,88,5.533333333,11.3,30.0,62.0
4500.0,88,5.303030303,12.33333333,33.0,64.0
4600.0,88,4.838709677,11.38709677,31.0,66.0
4700.0,88,4.21875,13.46875,32.0,62.0
4800.0,88,4.575757576,12.42424242,33.0,62.0
4900.0,88,4.0,12.58064516,31.0,62.0
5000.0,88,2.363636364,11.66666667,33.0,64.0
5100.0,88,2.387096774,11.87096774,31.0,62.0
5200.0,88,1.1875,11.46875,32.0,62.0
5300.0,88,1.666666667,12.23333333,30.0,62.0
5400.0,88,2.242424242,13.3030303,33.0,64.0
5500.0,88,3.53125,13.34375,32.0,64.0
5600.0,88,3.0,11.5,34.0,62.0
5700.0,88,3.5,10.70588235,34.0,62.0
5800.0,88,4.242424242,11.66666667,33.0,62.0
5900.0,88,6.375,11.03125,32.0,62.0
6000.0,88,7.242424242,11.09090909,33.0,62.0
6100.0,88,5.151515152,10.81818182,33.0,64.0
6200.0,88,6.15625,11.0,32.0,62.0
6300.0,88,7.212121212,13.33333333,33.0,64.0
6400.0,88,7.060606061,15.15151515,33.0,64.0
6500.0,88,6.677419355,15.67741935,31.0,62.0
6600.0,88,6.272727273,16.09090909,33.0,64.0
6700.0,88,4.666666667,17.06060606,33.0,62.0
6800.0,88,4.4375,17.75,32.0,62.0
6900.0,88,6.84375,17.75,32.0,64.0
7000.0,88,4.787878788,16.15151515,33.0,64.0
7100.0,88,3.875,18.8125,32.0,64.0
7200.0,88,3.424242424,19.33333333,33.0,62.0
7300.0,88,2.085714286,18.22857143,35.0,64.0
7400.0,88,3.058823529,17.55882353,34.0,64.0
7500.0,88,3.0,20.0,35.0,64.0
7600.0,88,4.212121212,18.78787879,33.0,64.0
7700.0,88,4.4375,18.15625,32.0,64.0
7800.0,88,3.852941176,18.26470588,34.0,64.0
7900.0,88,4.806451613,17.87096774,31.0,64.0
8000.0,88,4.147058824,18.47058824,34.0,66.0
8100.0,88,4.3125,18.53125,32.0,62.0
8200.0,88,6.242424242,17.57575758,33.0,62.0
8300.0,88,5.818181818,16.72727273,33.0,62.0
8400.0,88,6.057142857,17.0,35.0,64.0
8500.0,88,5.84375,17.96875,32.0,64.0
8600.0,88,3.870967742,18.35483871,31.0,64.0
8700.0,88,5.28125,19.09375,32.0,64.0
8800.0,88,6.909090909,18.6969697,33.0,62.0
8900.0,88,7.193548387,20.90322581,31.0,60.0
9000.0,88,7.866666667,20.16666667,30.0,60.0
9100.0,88,8.96969697,20.81818182,33.0,62.0
9200.0,88,7.78125,20.65625,32.0,62.0
9300.0,88,7.774193548,20.80645161,31.0,64.0
9400.0,88,6.151515152,20.18181818,33.0,66.0
9500.0,88,6.411764706,19.5,34.0,64.0
9600.0,88,4.71875,17.8125,32.0,64.0
9700.0,88,3.064516129,14.74193548,31.0,62.0
9800.0,88,2.151515152,14.60606061,33.0,64.0
9900.0,88,1.575757576,13.36363636,33.0,64.0
10000.0,88,1.40625,14.28125,32.0,62.0
0.0,89,4.0,4.0,37.0,64.0
100.0,89,3.484848485,4.696969697,33.0,64.0
200.0,89,2.466666667,7.7,30.0,64.0
300.0,89,3.029411765,8.323529412,34.0,64.0
400.0,89,2.0,7.935483871,31.0,62.0
500.0,89,2.088235294,7.970588235,34.0,64.0
600.0,89,3.235294118,8.882352941,34.0,64.0
700.0,89,3.294117647,7.352941176,34.0,66.0
800.0,89,0.1714285714,8.285714286,35.0,64.0
900.0,89,-0.7333333333,9.733333333,30.0,62.0
1000.0,89,0.3333333333,10.33333333,30.0,64.0
1100.0,89,1.612903226,10.22580645,31.0,62.0
1200.0,89,1.264705882,8.147058824,34.0,64.0
1300.0,89,1.441176471,9.205882353,34.0,64.0
1400.0,89,1.133333333,7.666666667,30.0,64.0
1500.0,89,0.46875,6.21875,32.0,62.0
1600.0,89,-1.393939394,4.424242424,33.0,64.0
1700.0,89,-3.515151515,1.96969697,33.0,64.0
1800.0,89,-4.666666667,2.060606061,33.0,62.0
1900.0,89,-4.125,3.21875,32.0,64.0
2000.0,89,-5.352941176,2.323529412,34.0,64.0
2100.0,89,-6.272727273,5.636363636,33.0,62.0
2200.0,89,-8.6,8.314285714,35.0,64.0
2300.0,89,-11.28125,7.59375,32.0,62.0
2400.0,89,-10.65625,7.625,32.0,62.0
2500.0,89,-11.82352941,6.411764706,34.0,66.0
2600.0,89,-10.4,6.933333333,30.0,64.0
2700.0,89,-8.264705882,5.911764706,34.0,64.0
2800.0,89,-8.090909091,6.242424242,33.0,64.0
2900.0,89,-11.03225806,5.064516129,31.0,66.0
3000.0,89,-12.0,8.1,30.0,64.0
3100.0,89,-13.5,6.0,34.0,62.0
3200.0,89,-13.0,4.0,35.0,64.0
3300.0,89,-15.45454545,1.545454545,33.0,64.0
3400.0,89,-15.54285714,3.428571429,35.0,64.0
3500.0,89,-16.17857143,2.75,28.0,62.0
3600.0,89,-15.22580645,1.774193548,31.0,62.0
3700.0,89,-13.03225806,2.903225806,31.0,64.0
3800.0,89,-13.94117647,5.764705882,34.0,64.0
3900.0,89,-12.4375,4.6875,32.0,62.0
4000.0,89,-12.05714286,4.885714286,35.0,64.0
4100.0,89,-11.88571429,4.885714286,35.0,64.0
4200.0,89,-11.90322581,4.838709677,31.0,62.0
4300.0,89,-9.375,4.3125,32.0,64.0
4400.0,89,-9.151515152,4.484848485,33.0,62.0
4500.0,89,-9.757575758,3.96969697,33.0,64.0
4600.0,89,-11.27272727,3.181818182,33.0,62.0
4700.0,89,-11.33333333,2.8,30.0,62.0
4800.0,89,-10.28125,2.96875,32.0,62.0
4900.0,89,-10.375,5.40625,32.0,62.0
5000.0,89,-12.70588235,4.852941176,34.0,64.0
5100.0,89,-13.55882353,4.794117647,34.0,64.0
5200.0,89,-14.15151515,6.606060606,33.0,64.0
5300.0,89,-14.58823529,6.088235294,34.0,64.0
5400.0,89,-15.64516129,2.322580645,31.0,62.0
5500.0,89,-14.38235294,3.852941176,34.0,64.0
5600.0,89,-16.125,5.21875,32.0,62.0
5700.0,89,-16.93939394,5.424242424,33.0,62.0
5800.0,89,-17.5483871,4.612903226,31.0,64.0
5900.0,89,-17.5483871,5.322580645,31.0,64.0
6000.0,89,-15.64705882,5.647058824,34.0,64.0
6100.0,89,-17.42424242,5.151515152,33.0,64.0
6200.0,89,-18.625,9.6875,32.0,62.0
6300.0,89,-20.90909091,9.696969697,33.0,62.0
6400.0,89,-21.84375,8.71875,32.0,62.0
6500.0,89,-22.96969697,9.96969697,33.0,64.0
6600.0,89,-23.09090909,11.93939394,33.0,64.0
6700.0,89,-24.73529412,11.70588235,34.0,64.0
6800.0,89,-24.5,11.28125,32.0,62.0
6900.0,89,-22.73529412,12.97058824,34.0,66.0
7000.0,89,-23.60606061,12.48484848,33.0,64.0
7100.0,89,-23.33333333,13.36666667,30.0,62.0
7200.0,89,-23.65714286,14.2,35.0,66.0
7300.0,89,-23.1875,16.5,32.0,64.0
7400.0,89,-22.57575758,19.09090909,33.0,64.0
7500.0,89,-19.21212121,19.0,33.0,64.0
7600.0,89,-20.70588235,18.73529412,34.0,64.0
7700.0,89,-22.93333333,17.1,30.0,64.0
7800.0,89,-24.08571429,16.77142857,35.0,64.0
7900.0,89,-24.09090909,16.78787879,33.0,64.0
8000.0,89,-24.81818182,18.27272727,33.0,64.0
8100.0,89,-23.29032258,19.35483871,31.0,62.0
8200.0,89,-22.78125,17.9375,32.0,62.0
8300.0,89,-22.35483871,18.74193548,31.0,60.0
8400.0,89,-21.6875,18.125,32.0,64.0
8500.0,89,-19.5,19.5,34.0,64.0
8600.0,89,-19.0,20.03333333,30.0,64.0
8700.0,89,-21.03030303,19.18181818,33.0,64.0
8800.0,89,-20.90909091,17.12121212,33.0,64.0
8900.0,89,-21.0625,17.84375,32.0,62.0
9000.0,89,-21.625,17.78125,32.0,62.0
9100.0,89,-20.38235294,17.32352941,34.0,66.0
9200.0,89,-18.63636364,15.51515152,33.0,64.0
9300.0,89,-18.57142857,13.94285714,35.0,64.0
9400.0,89,-18.06060606,12.33333333,33.0,62.0
9500.0,89,-16.71428571,12.05714286,35.0,64.0
9600.0,89,-17.59375,11.65625,32.0,64.0
9700.0,89,-16.77142857,12.25714286,35.0,64.0
9800.0,89,-18.0,12.06060606,33.0,66.0
9900.0,89,-18.42424242,11.33333333,33.0,62.0
10000.0,89,-19.625,11.03125,32.0,64.0
0.0,90,4.0,4.0,37.0,64.0
100.0,90,4.515151515,3.090909091,33.0,62.0
200.0,90,5.272727273,1.333333333,33.0,64.0
300.0,90,6.166666667,1.7,30.0,64.0
400.0,90,6.147058824,1.617647059,34.0,64.0
500.0,90,8.78125,1.8125,32.0,62.0
600.0,90,9.333333333,2.424242424,33.0,62.0
700.0,90,7.35483871,0.6129032258,31.0,62.0
800.0,90,8.129032258,0.6774193548,31.0,62.0
900.0,90,8.625,0.09375,32.0,62.0
1000.0,90,8.757575758,-0.3333333333,33.0,62.0
1100.0,90,8.411764706,-1.617647059,34.0,64.0
1200.0,90,7.5,-0.84375,32.0,64.0
1300.0,90,6.8125,-0.5,32.0,62.0
1400.0,90,8.411764706,-1.382352941,34.0,64.0
1500.0,90,8.941176471,-0.2058823529,34.0,64.0
1600.0,90,8.09375,0.3125,32.0,64.0
1700.0,90,4.818181818,-0.3636363636,33.0,64.0
1800.0,90,4.212121212,-0.1818181818,33.0,64.0
1900.0,90,3.9375,-0.1875,32.0,64.0
2000.0,90,3.264705882,1.0,34.0,62.0
2100.0,90,5.0,3.34375,32.0,64.0
2200.0,90,5.8,2.914285714,35.0,64.0
2300.0,90,5.258064516,2.35483871,31.0,64.0
2400.0,90,7.59375,2.3125,32.0,64.0
2500.0,90,7.181818182,3.424242424,33.0,64.0
2600.0,90,6.848484848,3.272727273,33.0,62.0
2700.0,90,5.545454545,3.909090909,33.0,62.0
2800.0,90,6.0,5.21875,32.0,64.0
2900.0,90,5.34375,4.25,32.0,64.0
3000.0,90,5.90625,4.125,32.0,64.0
3100.0,90,4.125,2.15625,32.0,66.0
3200.0,90,3.878787879,1.060606061,33.0,64.0
3300.0,90,4.029411765,1.588235294,34.0,66.0
3400.0,90,6.363636364,1.454545455,33.0,64.0
3500.0,90,8.606060606,0.2121212121,33.0,64.0
3600.0,90,11.16129032,3.322580645,31.0,64.0
3700.0,90,11.11428571,3.657142857,35.0,66.0
3800.0,90,11.28571429,3.828571429,35.0,64.0
3900.0,90,10.84375,3.9375,32.0,62.0
4000.0,90,11.79411765,4.5,34.0,64.0
4100.0,90,11.4516129,4.129032258,31.0,64.0
4200.0,90,12.9375,6.34375,32.0,64.0
4300.0,90,13.93939394,5.121212121,33.0,64.0
4400.0,90,14.02857143,5.828571429,35.0,64.0
4500.0,90,16.78125,6.96875,32.0,64.0
4600.0,90,15.875,7.8125,32.0,62.0
4700.0,90,15.81818182,8.696969697,33.0,64.0
4800.0,90,16.0,7.628571429,35.0,64.0
4900.0,90,17.26470588,6.911764706,34.0,64.0
5000.0,90,15.94285714,8.114285714,35.0,64.0
5100.0,90,16.6,9.266666667,30.0,64.0
5200.0,90,15.81818182,9.212121212,33.0,64.0
5300.0,90,15.84375,8.8125,32.0,62.0
5400.0,90,14.83870968,8.967741935,31.0,62.0
5500.0,90,15.5,10.70588235,34.0,62.0
5600.0,90,15.90625,8.25,32.0,62.0
5700.0,90,15.10344828,6.24137931,29.0,62.0
5800.0,90,17.77142857,5.0,35.0,64.0
5900.0,90,16.29032258,4.870967742,31.0,64.0
6000.0,90,18.23529412,5.205882353,34.0,64.0
6100.0,90,18.58064516,6.0,31.0,62.0
6200.0,90,18.81818182,4.878787879,33.0,66.0
6300.0,90,18.06451613,5.258064516,31.0,62.0
6400.0,90,20.66666667,4.060606061,33.0,62.0
6500.0,90,19.96969697,5.121212121,33.0,64.0
6600.0,90,20.78125,6.28125,32.0,64.0
6700.0,90,23.97222222,4.083333333,36.0,64.0
6800.0,90,23.78787879,4.606060606,33.0,64.0
6900.0,90,21.6875,4.46875,32.0,62.0
7000.0,90,22.36363636,4.787878788,33.0,64.0
7100.0,90,23.16666667,6.2,30.0,66.0
7200.0,90,23.18181818,4.96969697,33.0,64.0
7300.0,90,24.27272727,4.181818182,33.0,62.0
7400.0,90,25.4375,4.28125,32.0,62.0
7500.0,90,25.48484848,5.393939394,33.0,62.0
7600.0,90,26.25,5.90625,32.0,64.0
7700.0,90,27.72727273,4.333333333,33.0,64.0
7800.0,90,28.06451613,4.612903226,31.0,62.0
7900.0,90,28.7,5.1,30.0,62.0
8000.0,90,28.0625,3.03125,32.0,64.0
8100.0,90,30.4,5.028571429,35.0,64.0
8200.0,90,28.84848485,3.484848485,33.0,62.0
8300.0,90,29.1875,3.4375,32.0,64.0
8400.0,90,29.93939394,3.575757576,33.0,62.0
8500.0,90,29.67741935,3.0,31.0,62.0
8600.0,90,32.17647059,3.235294118,34.0,64.0
8700.0,90,32.15151515,3.727272727,33.0,66.0
8800.0,90,31.06060606,2.606060606,33.0,66.0
8900.0,90,29.54285714,1.571428571,35.0,64.0
9000.0,90,26.88235294,0.6176470588,34.0,66.0
9100.0,90,28.89655172,3.068965517,29.0,62.0
9200.0,90,30.46875,3.40625,32.0,64.0
9300.0,90,27.75,3.15625,32.0,64.0
9400.0,90,27.6969697,3.696969697,33.0,64.0
9500.0,90,27.73529412,4.0,34.0,62.0
9600.0,90,27.76666667,5.666666667,30.0,62.0
9700.0,90,29.15625,5.3125,32.0,64.0
9800.0,90,31.1875,3.84375,32.0,64.0
9900.0,90,30.09090909,3.212121212,33.0,64.0
10000.0,90,28.41176471,5.117647059,34.0,64.0
0.0,91,4.0,4.0,37.0,64.0
100.0,91,5.848484848,2.909090909,33.0,62.0
200.0,91,4.861111111,5.388888889,36.0,64.0
300.0,91,5.1875,5.8125,32.0,62.0
400.0,91,5.21875,6.65625,32.0,64.0
500.0,91,6.59375,6.59375,32.0,64.0
600.0,91,8.454545455,6.757575758,33.0,64.0
700.0,91,8.90625,8.75,32.0,62.0
800.0,91,9.774193548,9.709677419,31.0,64.0
900.0,91,11.25806452,11.93548387,31.0,62.0
1000.0,91,10.09375,14.0,32.0,64.0
1100.0,91,8.0,15.21875,32.0,62.0
1200.0,91,7.939393939,14.3030303,33.0,64.0
1300.0,91,5.9375,16.1875,32.0,64.0
1400.0,91,8.677419355,14.87096774,31.0,62.0
1500.0,91,9.4,16.63333333,30.0,62.0
1600.0,91,8.911764706,15.20588235,34.0,64.0
1700.0,91,9.545454545,15.48484848,33.0,64.0
1800.0,91,7.909090909,16.12121212,33.0,64.0
1900.0,91,8.28125,15.4375,32.0,62.0
2000.0,91,9.1875,16.25,32.0,62.0
2100.0,91,9.233333333,15.56666667,30.0,62.0
2200.0,91,7.903225806,15.58064516,31.0,64.0
2300.0,91,6.0,14.82758621,29.0,62.0
2400.0,91,7.129032258,13.51612903,31.0,62.0
2500.0,91,5.727272727,14.06060606,33.0,64.0
2600.0,91,6.59375,13.875,32.0,62.0
2700.0,91,4.545454545,15.18181818,33.0,64.0
2800.0,91,5.53125,15.46875,32.0,62.0
2900.0,91,4.419354839,15.22580645,31.0,62.0
3000.0,91,4.411764706,16.64705882,34.0,64.0
3100.0,91,3.451612903,16.0,31.0,62.0
3200.0,91,3.060606061,14.33333333,33.0,62.0
3300.0,91,1.181818182,13.42424242,33.0,64.0
3400.0,91,2.3125,11.4375,32.0,62.0
3500.0,91,3.0,11.17647059,34.0,64.0
3600.0,91,2.35483871,13.35483871,31.0,64.0
3700.0,91,3.114285714,11.48571429,35.0,64.0
3800.0,91,3.090909091,8.303030303,33.0,62.0
3900.0,91,5.3125,9.09375,32.0,64.0
4000.0,91,6.484848485,9.484848485,33.0,66.0
4100.0,91,8.35483871,9.774193548,31.0,62.0
4200.0,91,10.09090909,11.75757576,33.0,62.0
4300.0,91,8.64516129,14.06451613,31.0,64.0
4400.0,91,8.676470588,15.0,34.0,64.0
4500.0,91,8.848484848,13.60606061,33.0,64.0
4600.0,91,9.5,13.17647059,34.0,64.0
4700.0,91,7.606060606,13.12121212,33.0,64.0
4800.0,91,10.12121212,12.6969697,33.0,64.0
4900.0,91,9.606060606,12.12121212,33.0,64.0
5000.0,91,9.548387097,12.16129032,31.0,62.0
5100.0,91,8.757575758,9.272727273,33.0,64.0
5200.0,91,8.787878788,8.454545455,33.0,64.0
5300.0,91,9.454545455,9.303030303,33.0,64.0
5400.0,91,10.12121212,10.60606061,33.0,64.0
5500.0,91,10.22857143,9.0,35.0,64.0
5600.0,91,9.666666667,6.606060606,33.0,64.0
5700.0,91,9.117647059,7.588235294,34.0,64.0
5800.0,91,8.838709677,7.612903226,31.0,64.0
5900.0,91,9.064516129,7.258064516,31.0,62.0
6000.0,91,9.8125,5.78125,32.0,62.0
6100.0,91,9.75,5.46875,32.0,62.0
6200.0,91,8.677419355,7.258064516,31.0,62.0
6300.0,91,6.741935484,7.0,31.0,62.0
6400.0,91,6.5,6.411764706,34.0,64.0
6500.0,91,4.970588235,5.647058824,34.0,64.0
6600.0,91,5.40625,5.40625,32.0,64.0
6700.0,91,4.5,2.75,32.0,62.0
6800.0,91,5.242424242,2.090909091,33.0,62.0
6900.0,91,6.5,3.71875,32.0,64.0
7000.0,91,7.5,4.0,32.0,62.0
7100.0,91,7.5625,5.0,32.0,62.0
7200.0,91,8.0,5.0,33.0,64.0
7300.0,91,6.058823529,5.852941176,34.0,64.0
7400.0,91,7.264705882,5.0,34.0,62.0
7500.0,91,7.1875,5.375,32.0,64.0
7600.0,91,6.806451613,6.096774194,31.0,62.0
7700.0,91,7.852941176,6.0,34.0,64.0
7800.0,91,7.424242424,6.757575758,33.0,62.0
7900.0,91,8.516129032,6.548387097,31.0,64.0
8000.0,91,9.193548387,9.096774194,31.0,60.0
8100.0,91,10.33333333,11.15151515,33.0,64.0
8200.0,91,12.09090909,10.54545455,33.0,62.0
8300.0,91,12.88235294,11.44117647,34.0,66.0
8400.0,91,14.55882353,13.91176471,34.0,64.0
8500.0,91,15.8,12.05714286,35.0,66.0
8600.0,91,16.83870968,12.25806452,31.0,66.0
8700.0,91,16.75757576,10.36363636,33.0,64.0
8800.0,91,16.33333333,9.757575758,33.0,62.0
8900.0,91,17.18181818,9.272727273,33.0,62.0
9000.0,91,15.6,9.028571429,35.0,64.0
9100.0,91,14.5,8.705882353,34.0,62.0
9200.0,91,15.91428571,8.514285714,35.0,66.0
9300.0,91,12.84375,8.21875,32.0,64.0
9400.0,91,12.18181818,8.363636364,33.0,64.0
9500.0,91,12.5,9.0,32.0,62.0
9600.0,91,12.51515152,9.090909091,33.0,62.0
9700.0,91,11.54545455,7.909090909,33.0,62.0
9800.0,91,11.09375,6.96875,32.0,64.0
9900.0,91,13.03225806,7.903225806,31.0,62.0
10000.0,91,12.46875,7.46875,32.0,62.0
0.0,92,4.0,4.0,37.0,64.0
100.0,92,3.3125,3.0625,32.0,62.0
200.0,92,0.9393939394,3.575757576,33.0,62.0
300.0,92,2.625,3.9375,32.0,64.0
400.0,92,2.64516129,5.35483871,31.0,62.0
500.0,92,4.032258065,6.516129032,31.0,62.0
600.0,92,4.454545455,8.212121212,33.0,62.0
700.0,92,5.235294118,9.205882353,34.0,64.0
800.0,92,5.375,9.75,32.0,62.0
900.0,92,6.580645161,7.935483871,31.0,64.0
1000.0,92,9.029411765,7.029411765,34.0,64.0
1100.0,92,10.4375,7.5625,32.0,62.0
1200.0,92,10.09375,7.1875,32.0,64.0
1300.0,92,8.333333333,4.575757576,33.0,64.0
1400.0,92,9.193548387,2.322580645,31.0,62.0
1500.0,92,8.1,3.133333333,30.0,62.0
1600.0,92,9.176470588,3.823529412,34.0,62.0
1700.0,92,9.25,5.09375,32.0,62.0
1800.0,92,9.03030303,3.575757576,33.0,62.0
1900.0,92,9.272727273,3.909090909,33.0,64.0
2000.0,92,9.090909091,3.484848485,33.0,62.0
2100.0,92,8.060606061,3.96969697,33.0,64.0
2200.0,92,7.852941176,3.941176471,34.0,64.0
2300.0,92,9.363636364,4.787878788,33.0,64.0
2400.0,92,10.84848485,5.848484848,33.0,64.0
2500.0,92,9.727272727,7.636363636,33.0,62.0
2600.0,92,6.032258065,9.903225806,31.0,62.0
2700.0,92,7.0,9.387096774,31.0,60.0
2800.0,92,7.685714286,7.885714286,35.0,64.0
2900.0,92,6.84375,7.375,32.0,60.0
3000.0,92,7.1875,8.53125,32.0,64.0
3100.0,92,6.696969697,9.090909091,33.0,62.0
3200.0,92,7.03030303,8.03030303,33.0,64.0
3300.0,92,6.0,7.588235294,34.0,64.0
3400.0,92,4.060606061,9.575757576,33.0,62.0
3500.0,92,2.205882353,10.17647059,34.0,66.0
3600.0,92,5.575757576,10.3030303,33.0,66.0
3700.0,92,4.40625,9.0,32.0,64.0
3800.0,92,3.71875,9.03125,32.0,62.0
3900.0,92,4.064516129,7.935483871,31.0,62.0
4000.0,92,3.909090909,7.212121212,33.0,62.0
4100.0,92,4.757575758,7.575757576,33.0,62.0
4200.0,92,4.484848485,6.787878788,33.0,64.0
4300.0,92,3.633333333,9.5,30.0,66.0
4400.0,92,3.75,9.125,32.0,64.0
4500.0,92,3.272727273,8.151515152,33.0,62.0
4600.0,92,2.6875,6.0625,32.0,64.0
4700.0,92,3.575757576,6.242424242,33.0,62.0
4800.0,92,4.5625,2.09375,32.0,64.0
4900.0,92,3.264705882,3.823529412,34.0,64.0
5000.0,92,4.6875,3.75,32.0,64.0
5100.0,92,6.333333333,4.939393939,33.0,62.0
5200.0,92,5.060606061,4.333333333,33.0,64.0
5300.0,92,5.5625,4.84375,32.0,62.0
5400.0,92,7.6875,3.0,32.0,64.0
5500.0,92,7.235294118,1.676470588,34.0,64.0
5600.0,92,7.290322581,1.741935484,31.0,62.0
5700.0,92,7.411764706,2.176470588,34.0,66.0
5800.0,92,6.636363636,1.333333333,33.0,64.0
5900.0,92,6.28125,0.8125,32.0,62.0
6000.0,92,6.911764706,3.323529412,34.0,64.0
6100.0,92,7.314285714,4.828571429,35.0,64.0
6200.0,92,7.580645161,7.032258065,31.0,64.0
6300.0,92,5.5625,6.40625,32.0,64.0
6400.0,92,6.09375,6.65625,32.0,64.0
6500.0,92,6.060606061,5.393939394,33.0,66.0
6600.0,92,6.696969697,5.090909091,33.0,62.0
6700.0,92,6.4,6.166666667,30.0,64.0
6800.0,92,8.264705882,5.264705882,34.0,64.0
6900.0,92,8.625,5.71875,32.0,64.0
7000.0,92,8.424242424,5.242424242,33.0,62.0
7100.0,92,9.5,6.0,34.0,62.0
7200.0,92,7.971428571,6.171428571,35.0,64.0
7300.0,92,6.454545455,4.272727273,33.0,64.0
7400.0,92,6.727272727,4.939393939,33.0,64.0
7500.0,92,7.242424242,3.909090909,33.0,62.0
7600.0,92,5.588235294,5.911764706,34.0,64.0
7700.0,92,5.387096774,6.129032258,31.0,62.0
7800.0,92,4.060606061,6.696969697,33.0,64.0
7900.0,92,3.588235294,5.5,34.0,64.0
8000.0,92,2.870967742,6.709677419,31.0,60.0
8100.0,92,4.612903226,5.612903226,31.0,62.0
8200.0,92,5.34375,6.0,32.0,62.0
8300.0,92,6.441176471,3.911764706,34.0,64.0
8400.0,92,7.885714286,4.742857143,35.0,64.0
8500.0,92,7.5,6.625,32.0,62.0
8600.0,92,7.606060606,7.484848485,33.0,62.0
8700.0,92,7.625,7.4375,32.0,64.0
8800.0,92,8.129032258,4.870967742,31.0,62.0
8900.0,92,10.38709677,5.290322581,31.0,64.0
9000.0,92,9.484848485,5.818181818,33.0,64.0
9100.0,92,9.121212121,5.848484848,33.0,64.0
9200.0,92,11.13333333,3.466666667,30.0,60.0
9300.0,92,10.74193548,3.741935484,31.0,62.0
9400.0,92,11.58064516,5.580645161,31.0,62.0
9500.0,92,12.64705882,4.911764706,34.0,64.0
9600.0,92,14.3030303,5.090909091,33.0,62.0
9700.0,92,12.58064516,7.225806452,31.0,62.0
9800.0,92,11.44117647,6.323529412,34.0,64.0
9900.0,92,10.26470588,7.264705882,34.0,64.0
10000.0,92,12.12121212,6.272727273,33.0,64.0
0.0,93,4.0,4.0,37.0,64.0
100.0,93,2.4375,5.875,32.0,64.0
200.0,93,4.9375,4.46875,32.0,62.0
300.0,93,4.151515152,3.121212121,33.0,66.0
400.0,93,5.272727273,3.181818182,33.0,64.0
500.0,93,7.411764706,3.911764706,34.0,64.0
600.0,93,6.264705882,3.176470588,34.0,64.0
700.0,93,7.228571429,1.742857143,35.0,66.0
800.0,93,6.666666667,2.939393939,33.0,64.0
900.0,93,6.147058824,3.117647059,34.0,64.0
1000.0,93,4.911764706,3.352941176,34.0,64.0
1100.0,93,2.655172414,4.310344828,29.0,62.0
1200.0,93,5.090909091,4.303030303,33.0,62.0
1300.0,93,4.323529412,3.970588235,34.0,64.0
1400.0,93,4.176470588,3.117647059,34.0,66.0
1500.0,93,5.466666667,2.366666667,30.0,64.0
1600.0,93,6.636363636,3.757575758,33.0,64.0
1700.0,93,4.176470588,3.264705882,34.0,64.0
1800.0,93,5.636363636,4.303030303,33.0,64.0
1900.0,93,5.870967742,3.258064516,31.0,62.0
2000.0,93,5.151515152,4.787878788,33.0,64.0
2100.0,93,6.333333333,5.060606061,33.0,62.0
2200.0,93,6.909090909,6.727272727,33.0,64.0
2300.0,93,7.515151515,5.090909091,33.0,62.0
2400.0,93,7.794117647,4.294117647,34.0,64.0
2500.0,93,7.212121212,5.666666667,33.0,66.0
2600.0,93,7.735294118,6.294117647,34.0,64.0
2700.0,93,5.84375,6.53125,32.0,66.0
2800.0,93,5.294117647,6.5,34.0,62.0
2900.0,93,5.705882353,6.794117647,34.0,64.0
3000.0,93,4.545454545,6.151515152,33.0,64.0
3100.0,93,5.53125,5.875,32.0,64.0
3200.0,93,7.8125,5.46875,32.0,62.0
3300.0,93,7.735294118,5.0,34.0,62.0
3400.0,93,7.090909091,6.848484848,33.0,64.0
3500.0,93,7.882352941,8.176470588,34.0,64.0
3600.0,93,8.90625,6.8125,32.0,64.0
3700.0,93,9.258064516,5.032258065,31.0,64.0
3800.0,93,10.64516129,5.35483871,31.0,62.0
3900.0,93,10.45714286,6.342857143,35.0,66.0
4000.0,93,11.48484848,6.090909091,33.0,62.0
4100.0,93,8.939393939,6.454545455,33.0,66.0
4200.0,93,8.84375,7.3125,32.0,62.0
4300.0,93,8.352941176,6.676470588,34.0,64.0
4400.0,93,8.5,7.0,34.0,62.0
4500.0,93,8.171428571,7.971428571,35.0,64.0
4600.0,93,9.064516129,6.193548387,31.0,62.0
4700.0,93,8.794117647,5.882352941,34.0,64.0
4800.0,93,9.419354839,6.419354839,31.0,62.0
4900.0,93,8.176470588,6.441176471,34.0,64.0
5000.0,93,6.7,6.266666667,30.0,60.0
5100.0,93,6.696969697,5.636363636,33.0,64.0
5200.0,93,8.0,2.65625,32.0,62.0
5300.0,93,8.588235294,0.8529411765,34.0,64.0
5400.0,93,8.7,1.133333333,30.0,60.0
5500.0,93,9.21875,2.4375,32.0,64.0
5600.0,93,10.87878788,1.121212121,33.0,64.0
5700.0,93,11.54285714,1.571428571,35.0,64.0
5800.0,93,13.61290323,0.3870967742,31.0,64.0
5900.0,93,12.0625,1.90625,32.0,64.0
6000.0,93,13.0,1.171428571,35.0,64.0
6100.0,93,12.75757576,0.6363636364,33.0,64.0
6200.0,93,12.65625,-0.625,32.0,62.0
6300.0,93,13.08823529,-0.8823529412,34.0,66.0
6400.0,93,12.87878788,-3.090909091,33.0,64.0
6500.0,93,11.64516129,-3.548387097,31.0,62.0
6600.0,93,8.852941176,-3.382352941,34.0,64.0
6700.0,93,11.46875,-4.0625,32.0,62.0
6800.0,93,10.5,-5.294117647,34.0,62.0
6900.0,93,9.3125,-5.09375,32.0,62.0
7000.0,93,10.0,-3.5,32.0,62.0
7100.0,93,11.59375,-2.6875,32.0,64.0
7200.0,93,11.84375,-2.75,32.0,62.0
7300.0,93,12.5,-2.375,32.0,64.0
7400.0,93,13.25806452,0.1290322581,31.0,62.0
7500.0,93,13.4516129,0.1935483871,31.0,62.0
7600.0,93,13.83870968,-1.064516129,31.0,62.0
7700.0,93,14.59375,-1.90625,32.0,62.0
7800.0,93,14.27272727,-1.515151515,33.0,64.0
7900.0,93,15.84848485,-1.393939394,33.0,66.0
8000.0,93,15.75,-2.90625,32.0,62.0
8100.0,93,15.26470588,-3.352941176,34.0,66.0
8200.0,93,17.61290323,-3.322580645,31.0,66.0
8300.0,93,17.61290323,-1.516129032,31.0,62.0
8400.0,93,18.3,-1.733333333,30.0,62.0
8500.0,93,18.84848485,-2.333333333,33.0,64.0
8600.0,93,20.625,-1.71875,32.0,66.0
8700.0,93,19.33333333,-2.575757576,33.0,62.0
8800.0,93,20.18181818,-3.606060606,33.0,64.0
8900.0,93,19.03030303,-4.393939394,33.0,64.0
9000.0,93,18.5,-5.5,32.0,64.0
9100.0,93,18.61111111,-5.861111111,36.0,64.0
9200.0,93,17.375,-6.1875,32.0,64.0
9300.0,93,16.84375,-5.53125,32.0,62.0
9400.0,93,17.4,-7.314285714,35.0,64.0
9500.0,93,15.64516129,-6.064516129,31.0,60.0
9600.0,93,14.96875,-7.375,32.0,62.0
9700.0,93,13.90625,-6.75,32.0,62.0
9800.0,93,13.74285714,-6.228571429,35.0,64.0
9900.0,93,13.76470588,-7.882352941,34.0,64.0
10000.0,93,10.53125,-6.6875,32.0,62.0
0.0,94,4.0,4.0,37.0,64.0
100.0,94,6.058823529,5.617647059,34.0,64.0
200.0,94,6.545454545,5.181818182,33.0,64.0
300.0,94,5.666666667,3.939393939,33.0,62.0
400.0,94,7.428571429,4.057142857,35.0,64.0
500.0,94,8.59375,2.96875,32.0,62.0
600.0,94,7.852941176,2.264705882,34.0,64.0
700.0,94,8.75,1.4375,32.0,62.0
800.0,94,9.058823529,0.9705882353,34.0,66.0
900.0,94,6.606060606,0.3636363636,33.0,64.0
1000.0,94,4.166666667,-0.3333333333,30.0,60.0
1100.0,94,0.75,-1.15625,32.0,64.0
1200.0,94,3.6,-2.485714286,35.0,64.0
1300.0,94,3.09375,-2.375,32.0,62.0
1400.0,94,6.709677419,-1.806451613,31.0,60.0
1500.0,94,5.096774194,-0.1935483871,31.0,64.0
1600.0,94,6.137931034,1.310344828,29.0,62.0
1700.0,94,6.78125,0.78125,32.0,62.0
1800.0,94,6.303030303,-1.515151515,33.0,64.0
1900.0,94,6.333333333,-0.9393939394,33.0,64.0
2000.0,94,6.03030303,-0.6363636364,33.0,64.0
2100.0,94,5.6875,-1.375,32.0,64.0
2200.0,94,7.15625,-2.75,32.0,62.0
2300.0,94,7.5625,-1.40625,32.0,62.0
2400.0,94,5.735294118,-0.5882352941,34.0,66.0
2500.0,94,8.8125,-1.75,32.0,62.0
2600.0,94,8.375,0.34375,32.0,64.0
2700.0,94,8.333333333,-0.1212121212,33.0,64.0
2800.0,94,7.676470588,0.0,34.0,64.0
2900.0,94,6.393939394,1.090909091,33.0,64.0
3000.0,94,4.848484848,-0.8787878788,33.0,64.0
3100.0,94,3.03030303,-0.8181818182,33.0,62.0
3200.0,94,2.71875,-0.78125,32.0,64.0
3300.0,94,3.424242424,-0.3939393939,33.0,64.0
3400.0,94,3.15625,2.1875,32.0,62.0
3500.0,94,1.085714286,2.314285714,35.0,64.0
3600.0,94,0.125,3.15625,32.0,64.0
3700.0,94,0.3125,4.09375,32.0,62.0
3800.0,94,0.09090909091,4.545454545,33.0,62.0
3900.0,94,-1.828571429,4.171428571,35.0,66.0
4000.0,94,-0.5757575758,5.212121212,33.0,64.0
4100.0,94,-0.8387096774,3.193548387,31.0,62.0
4200.0,94,0.6451612903,3.967741935,31.0,66.0
4300.0,94,-0.34375,4.78125,32.0,64.0
4400.0,94,0.2580645161,6.258064516,31.0,62.0
4500.0,94,0.03125,6.625,32.0,62.0
4600.0,94,-1.161290323,7.870967742,31.0,64.0
4700.0,94,-2.193548387,6.35483871,31.0,64.0
4800.0,94,-2.09375,7.59375,32.0,62.0
4900.0,94,-0.5428571429,9.6,35.0,66.0
5000.0,94,-1.303030303,10.63636364,33.0,64.0
5100.0,94,1.970588235,9.029411765,34.0,64.0
5200.0,94,0.7931034483,7.586206897,29.0,64.0
5300.0,94,0.4285714286,6.457142857,35.0,64.0
5400.0,94,0.2647058824,6.352941176,34.0,64.0
5500.0,94,3.125,4.34375,32.0,66.0
5600.0,94,3.588235294,6.411764706,34.0,64.0
5700.0,94,3.823529412,7.558823529,34.0,64.0
5800.0,94,8.8125,5.4375,32.0,62.0
5900.0,94,6.125,5.59375,32.0,62.0
6000.0,94,5.909090909,5.060606061,33.0,64.0
6100.0,94,6.580645161,5.580645161,31.0,62.0
6200.0,94,7.176470588,3.823529412,34.0,62.0
6300.0,94,7.935483871,2.935483871,31.0,62.0
6400.0,94,8.5,0.5,34.0,64.0
6500.0,94,10.23529412,1.529411765,34.0,64.0
6600.0,94,9.212121212,0.0,33.0,64.0
6700.0,94,9.9375,-2.15625,32.0,66.0
6800.0,94,9.575757576,-3.303030303,33.0,64.0
6900.0,94,9.735294118,-2.176470588,34.0,64.0
7000.0,94,8.78125,0.53125,32.0,62.0
7100.0,94,9.1875,-0.40625,32.0,64.0
7200.0,94,8.909090909,1.454545455,33.0,62.0
7300.0,94,10.09677419,2.419354839,31.0,62.0
7400.0,94,11.21875,2.21875,32.0,64.0
7500.0,94,12.09090909,-0.303030303,33.0,64.0
7600.0,94,11.8125,-0.25,32.0,62.0
7700.0,94,10.46666667,-1.633333333,30.0,64.0
7800.0,94,10.65625,-0.75,32.0,64.0
7900.0,94,11.44827586,-0.8620689655,29.0,62.0
8000.0,94,8.90625,-1.5,32.0,62.0
8100.0,94,8.666666667,-0.6666666667,33.0,64.0
8200.0,94,8.0,-0.90625,32.0,64.0
8300.0,94,6.515151515,-2.484848485,33.0,64.0
8400.0,94,4.735294118,-1.764705882,34.0,64.0
8500.0,94,4.666666667,-2.333333333,33.0,64.0
8600.0,94,4.617647059,-2.117647059,34.0,64.0
8700.0,94,3.848484848,-1.393939394,33.0,64.0
8800.0,94,5.5625,-2.625,32.0,64.0
8900.0,94,3.696969697,-2.272727273,33.0,64.0
9000.0,94,4.84375,-1.9375,32.0,62.0
9100.0,94,3.735294118,-3.0,34.0,62.0
9200.0,94,4.09375,-2.59375,32.0,62.0
9300.0,94,4.942857143,-3.342857143,35.0,64.0
9400.0,94,4.264705882,-2.176470588,34.0,64.0
9500.0,94,5.8125,-2.28125,32.0,64.0
9600.0,94,5.909090909,-1.454545455,33.0,64.0
9700.0,94,5.285714286,-0.6,35.0,64.0
9800.0,94,5.903225806,-1.838709677,31.0,64.0
9900.0,94,5.64516129,-2.193548387,31.0,62.0
10000.0,94,4.9375,-1.375,32.0,62.0
0.0,95,4.0,4.0,37.0,64.0
100.0,95,3.6875,2.1875,32.0,62.0
200.0,95,3.3125,0.8125,32.0,62.0
300.0,95,3.757575758,2.303030303,33.0,62.0
400.0,95,3.787878788,2.060606061,33.0,64.0
500.0,95,3.0,-0.2580645161,31.0,64.0
600.0,95,2.741935484,-1.161290323,31.0,62.0
700.0,95,3.861111111,-2.611111111,36.0,64.0
800.0,95,4.764705882,-2.823529412,34.0,64.0
900.0,95,3.709677419,-2.290322581,31.0,60.0
1000.0,95,4.727272727,-3.818181818,33.0,62.0
1100.0,95,2.852941176,-2.676470588,34.0,64.0
1200.0,95,2.617647059,-1.676470588,34.0,64.0
1300.0,95,2.088235294,-2.735294118,34.0,64.0
1400.0,95,0.935483871,-0.7419354839,31.0,62.0
1500.0,95,2.388888889,-0.8611111111,36.0,64.0
1600.0,95,2.064516129,0.1612903226,31.0,62.0
1700.0,95,2.848484848,-0.8484848485,33.0,64.0
1800.0,95,2.735294118,0.1764705882,34.0,64.0
1900.0,95,2.181818182,0.0303030303,33.0,62.0
2000.0,95,2.090909091,-1.303030303,33.0,62.0
2100.0,95,0.3333333333,-1.066666667,30.0,62.0
2200.0,95,-0.3333333333,0.4242424242,33.0,62.0
2300.0,95,-2.65625,1.71875,32.0,62.0
2400.0,95,-2.066666667,0.9666666667,30.0,66.0
2500.0,95,-1.9375,0.375,32.0,62.0
2600.0,95,-1.060606061,1.606060606,33.0,66.0
2700.0,95,-1.941176471,2.441176471,34.0,64.0
2800.0,95,-2.818181818,2.333333333,33.0,64.0
2900.0,95,-1.40625,0.8125,32.0,64.0
3000.0,95,0.5806451613,3.580645161,31.0,62.0
3100.0,95,-2.59375,2.71875,32.0,64.0
3200.0,95,-1.294117647,3.029411765,34.0,64.0
3300.0,95,-1.515151515,2.090909091,33.0,62.0
3400.0,95,-0.7575757576,2.848484848,33.0,64.0
3500.0,95,-0.5483870968,3.709677419,31.0,62.0
3600.0,95,1.161290323,5.290322581,31.0,64.0
3700.0,95,1.517241379,6.172413793,29.0,66.0
3800.0,95,1.470588235,4.941176471,34.0,64.0
3900.0,95,0.9705882353,6.617647059,34.0,64.0
4000.0,95,0.3529411765,7.205882353,34.0,64.0
4100.0,95,-1.875,6.40625,32.0,62.0
4200.0,95,-1.3125,7.03125,32.0,62.0
4300.0,95,-2.375,4.84375,32.0,60.0
4400.0,95,-3.032258065,4.129032258,31.0,62.0
4500.0,95,-2.903225806,3.870967742,31.0,62.0
4600.0,95,-2.181818182,4.96969697,33.0,64.0
4700.0,95,-3.303030303,3.090909091,33.0,62.0
4800.0,95,-3.294117647,2.323529412,34.0,64.0
4900.0,95,-5.454545455,1.787878788,33.0,62.0
5000.0,95,-5.84375,-0.0625,32.0,62.0
5100.0,95,-5.606060606,-0.0303030303,33.0,64.0
5200.0,95,-6.735294118,-0.8529411765,34.0,64.0
5300.0,95,-4.125,-0.84375,32.0,64.0
5400.0,95,-2.857142857,-1.885714286,35.0,66.0
5500.0,95,-2.677419355,-4.096774194,31.0,62.0
5600.0,95,-1.606060606,-5.515151515,33.0,62.0
5700.0,95,-2.818181818,-5.212121212,33.0,64.0
5800.0,95,-3.5,-3.529411765,34.0,64.0
5900.0,95,-2.03030303,-2.575757576,33.0,62.0
6000.0,95,-1.363636364,-1.727272727,33.0,62.0
6100.0,95,-0.3870967742,-1.580645161,31.0,64.0
6200.0,95,-0.6333333333,-1.833333333,30.0,60.0
6300.0,95,-1.25,-2.8125,32.0,62.0
6400.0,95,-0.5625,-3.34375,32.0,62.0
6500.0,95,-1.96969697,-3.878787879,33.0,64.0
6600.0,95,-1.032258065,-2.806451613,31.0,62.0
6700.0,95,-3.34375,-0.5625,32.0,62.0
6800.0,95,-4.125,-0.8125,32.0,64.0
6900.0,95,-3.625,0.25,32.0,62.0
7000.0,95,-3.705882353,0.5,34.0,62.0
7100.0,95,-3.59375,2.4375,32.0,64.0
7200.0,95,-2.774193548,3.451612903,31.0,64.0
7300.0,95,-4.909090909,3.696969697,33.0,62.0
7400.0,95,-4.727272727,4.090909091,33.0,64.0
7500.0,95,-6.176470588,2.647058824,34.0,64.0
7600.0,95,-5.516129032,2.0,31.0,64.0
7700.0,95,-5.03030303,-0.4545454545,33.0,64.0
7800.0,95,-6.833333333,-0.4444444444,36.0,66.0
7900.0,95,-5.064516129,-3.064516129,31.0,62.0
8000.0,95,-6.941176471,-4.852941176,34.0,64.0
8100.0,95,-6.294117647,-4.205882353,34.0,64.0
8200.0,95,-6.6875,-2.03125,32.0,62.0
8300.0,95,-7.228571429,-1.742857143,35.0,64.0
8400.0,95,-6.818181818,-3.03030303,33.0,64.0
8500.0,95,-6.272727273,-3.484848485,33.0,64.0
8600.0,95,-6.903225806,-2.0,31.0,62.0
8700.0,95,-8.612903226,-3.225806452,31.0,62.0
8800.0,95,-8.484848485,-4.03030303,33.0,64.0
8900.0,95,-7.636363636,-4.272727273,33.0,62.0
9000.0,95,-6.5,-4.823529412,34.0,64.0
9100.0,95,-4.088235294,-4.735294118,34.0,64.0
9200.0,95,-4.1,-4.766666667,30.0,64.0
9300.0,95,-1.272727273,-4.181818182,33.0,62.0
9400.0,95,-1.6,-5.0,35.0,64.0
9500.0,95,-1.875,-4.125,32.0,64.0
9600.0,95,-1.636363636,-3.181818182,33.0,64.0
9700.0,95,-2.75,-2.8125,32.0,64.0
9800.0,95,-1.457142857,-3.2,35.0,66.0
9900.0,95,0.7714285714,-2.914285714,35.0,66.0
10000.0,95,0.7058823529,-4.5,34.0,62.0
0.0,96,4.0,4.0,37.0,64.0
100.0,96,4.121212121,2.606060606,33.0,64.0
200.0,96,6.454545455,1.424242424,33.0,64.0
300.0,96,7.352941176,-1.117647059,34.0,64.0
400.0,96,9.0,1.21875,32.0,62.0
500.0,96,10.36363636,1.575757576,33.0,64.0
600.0,96,12.42424242,1.272727273,33.0,64.0
700.0,96,12.5625,1.15625,32.0,62.0
800.0,96,11.15625,2.125,32.0,62.0
900.0,96,11.1875,1.5,32.0,62.0
1000.0,96,12.77419355,2.548387097,31.0,64.0
1100.0,96,12.8125,2.84375,32.0,64.0
1200.0,96,13.57575758,0.1212121212,33.0,64.0
1300.0,96,13.51612903,-0.3548387097,31.0,60.0
1400.0,96,12.8125,-0.0625,32.0,64.0
1500.0,96,12.52941176,-0.2352941176,34.0,64.0
1600.0,96,11.14705882,1.647058824,34.0,64.0
1700.0,96,12.93548387,2.580645161,31.0,60.0
1800.0,96,14.02777778,4.083333333,36.0,64.0
1900.0,96,14.36111111,3.305555556,36.0,66.0
2000.0,96,15.61764706,2.617647059,34.0,64.0
2100.0,96,17.21212121,2.0,33.0,66.0
2200.0,96,17.39393939,1.484848485,33.0,62.0
2300.0,96,18.5625,2.125,32.0,62.0
2400.0,96,16.96969697,1.818181818,33.0,62.0
2500.0,96,17.1,0.6,30.0,62.0
2600.0,96,17.62857143,1.285714286,35.0,66.0
2700.0,96,18.08823529,-0.6470588235,34.0,64.0
2800.0,96,18.84375,1.0,32.0,62.0
2900.0,96,19.5,2.96875,32.0,64.0
3000.0,96,17.57575758,1.757575758,33.0,62.0
3100.0,96,17.67647059,2.235294118,34.0,64.0
3200.0,96,18.72727273,2.727272727,33.0,64.0
3300.0,96,18.18181818,2.181818182,33.0,64.0
3400.0,96,18.57575758,1.575757576,33.0,62.0
3500.0,96,17.91176471,1.205882353,34.0,64.0
3600.0,96,18.02941176,1.294117647,34.0,64.0
3700.0,96,18.70967742,1.741935484,31.0,62.0
3800.0,96,17.5625,2.9375,32.0,64.0
3900.0,96,17.47058824,3.352941176,34.0,64.0
4000.0,96,16.83870968,2.129032258,31.0,62.0
4100.0,96,16.58064516,1.935483871,31.0,60.0
4200.0,96,16.14705882,0.3529411765,34.0,64.0
4300.0,96,14.93333333,2.366666667,30.0,62.0
4400.0,96,14.78125,3.46875,32.0,62.0
4500.0,96,15.90909091,4.818181818,33.0,64.0
4600.0,96,14.70588235,5.5,34.0,62.0
4700.0,96,15.37931034,5.068965517,29.0,62.0
4800.0,96,14.63333333,4.266666667,30.0,62.0
4900.0,96,15.84375,4.0,32.0,62.0
5000.0,96,15.67647059,3.352941176,34.0,64.0
5100.0,96,14.74193548,1.967741935,31.0,62.0
5200.0,96,14.5,3.0,34.0,62.0
5300.0,96,13.03030303,3.03030303,33.0,64.0
5400.0,96,15.26666667,0.9333333333,30.0,62.0
5500.0,96,12.65625,-1.0625,32.0,64.0
5600.0,96,13.15625,-2.28125,32.0,62.0
5700.0,96,12.1875,-2.5625,32.0,62.0
5800.0,96,13.42424242,-2.818181818,33.0,64.0
5900.0,96,14.82352941,-1.705882353,34.0,64.0
6000.0,96,16.67647059,-0.7352941176,34.0,64.0
6100.0,96,17.09375,1.25,32.0,64.0
6200.0,96,16.54545455,2.787878788,33.0,62.0
6300.0,96,16.28571429,3.6,35.0,64.0
6400.0,96,18.28125,1.96875,32.0,62.0
6500.0,96,19.27272727,3.636363636,33.0,64.0
6600.0,96,17.46666667,5.366666667,30.0,64.0
6700.0,96,15.82352941,4.235294118,34.0,64.0
6800.0,96,17.5,3.7,30.0,64.0
6900.0,96,16.64705882,6.529411765,34.0,64.0
7000.0,96,17.20588235,5.705882353,34.0,64.0
7100.0,96,17.9375,5.3125,32.0,64.0
7200.0,96,16.84375,5.25,32.0,64.0
7300.0,96,15.9375,6.15625,32.0,62.0
7400.0,96,16.28125,7.34375,32.0,62.0
7500.0,96,16.74193548,6.774193548,31.0,62.0
7600.0,96,17.11764706,7.5,34.0,64.0
7700.0,96,18.35483871,8.193548387,31.0,62.0
7800.0,96,19.0,10.6969697,33.0,64.0
7900.0,96,18.78787879,13.51515152,33.0,64.0
8000.0,96,21.88571429,13.25714286,35.0,64.0
8100.0,96,21.64705882,12.0,34.0,64.0
8200.0,96,21.96875,12.25,32.0,62.0
8300.0,96,25.11428571,11.68571429,35.0,64.0
8400.0,96,26.75,11.0,32.0,64.0
8500.0,96,25.74285714,10.77142857,35.0,64.0
8600.0,96,26.53125,10.5625,32.0,62.0
8700.0,96,30.6875,12.1875,32.0,62.0
8800.0,96,30.90909091,10.72727273,33.0,64.0
8900.0,96,30.91176471,8.264705882,34.0,64.0
9000.0,96,29.8,10.26666667,30.0,62.0
9100.0,96,31.16129032,11.22580645,31.0,62.0
9200.0,96,32.51612903,9.096774194,31.0,64.0
9300.0,96,33.84848485,9.212121212,33.0,64.0
9400.0,96,34.25,7.71875,32.0,62.0
9500.0,96,36.11764706,9.235294118,34.0,64.0
9600.0,96,37.36363636,9.606060606,33.0,64.0
9700.0,96,36.75,8.09375,32.0,62.0
9800.0,96,40.16129032,8.64516129,31.0,62.0
9900.0,96,40.6875,9.53125,32.0,64.0
10000.0,96,40.03125,11.40625,32.0,62.0
0.0,97,4.0,4.0,37.0,64.0
100.0,97,5.363636364,2.818181818,33.0,64.0
200.0,97,4.181818182,2.242424242,33.0,64.0
300.0,97,5.333333333,2.333333333,30.0,62.0
400.0,97,4.875,2.25,32.0,64.0
500.0,97,3.71875,1.3125,32.0,62.0
600.0,97,6.935483871,0.4193548387,31.0,60.0
700.0,97,5.212121212,2.090909091,33.0,64.0
800.0,97,5.666666667,2.484848485,33.0,64.0
900.0,97,4.055555556,2.166666667,36.0,66.0
1000.0,97,3.735294118,4.0,34.0,62.0
1100.0,97,1.806451613,4.064516129,31.0,64.0
1200.0,97,0.3636363636,3.212121212,33.0,64.0
1300.0,97,0.0,5.264705882,34.0,62.0
1400.0,97,-0.4838709677,6.0,31.0,62.0
1500.0,97,-0.09090909091,5.333333333,33.0,64.0
1600.0,97,-2.1875,3.5,32.0,62.0
1700.0,97,-1.181818182,4.242424242,33.0,66.0
1800.0,97,1.290322581,2.903225806,31.0,64.0
1900.0,97,3.382352941,1.382352941,34.0,64.0
2000.0,97,5.15625,1.15625,32.0,64.0
2100.0,97,2.970588235,-0.9705882353,34.0,64.0
2200.0,97,1.366666667,-1.133333333,30.0,64.0
2300.0,97,2.03125,-0.46875,32.0,62.0
2400.0,97,0.0,-0.5,34.0,62.0
2500.0,97,0.03125,-3.09375,32.0,64.0
2600.0,97,1.147058824,-3.941176471,34.0,64.0
2700.0,97,2.657142857,-5.257142857,35.0,66.0
2800.0,97,3.171428571,-7.285714286,35.0,64.0
2900.0,97,3.5,-8.0,34.0,64.0
3000.0,97,4.088235294,-8.588235294,34.0,64.0
3100.0,97,4.058823529,-9.529411765,34.0,64.0
3200.0,97,3.709677419,-9.483870968,31.0,64.0
3300.0,97,4.3125,-9.09375,32.0,62.0
3400.0,97,3.419354839,-9.903225806,31.0,62.0
3500.0,97,3.4,-8.0,35.0,64.0
3600.0,97,3.967741935,-9.741935484,31.0,64.0
3700.0,97,5.484848485,-7.606060606,33.0,62.0
3800.0,97,5.484848485,-8.151515152,33.0,62.0
3900.0,97,5.235294118,-8.470588235,34.0,64.0
4000.0,97,4.878787879,-6.03030303,33.0,64.0
4100.0,97,4.305555556,-5.027777778,36.0,64.0
4200.0,97,4.848484848,-4.090909091,33.0,64.0
4300.0,97,3.848484848,-4.696969697,33.0,64.0
4400.0,97,5.828571429,-6.0,35.0,64.0
4500.0,97,5.242424242,-4.303030303,33.0,62.0
4600.0,97,5.909090909,-5.424242424,33.0,64.0
4700.0,97,6.484848485,-6.393939394,33.0,64.0
4800.0,97,7.181818182,-6.03030303,33.0,62.0
4900.0,97,6.419354839,-6.032258065,31.0,64.0
5000.0,97,7.53125,-6.78125,32.0,62.0
5100.0,97,7.0,-9.161290323,31.0,64.0
5200.0,97,4.64516129,-10.06451613,31.0,62.0
5300.0,97,5.90625,-8.9375,32.0,62.0
5400.0,97,6.0,-9.09375,32.0,62.0
5500.0,97,6.75,-11.08333333,36.0,66.0
5600.0,97,7.28125,-9.90625,32.0,62.0
5700.0,97,8.65625,-9.3125,32.0,64.0
5800.0,97,7.212121212,-12.45454545,33.0,64.0
5900.0,97,6.612903226,-11.32258065,31.0,64.0
6000.0,97,5.71875,-10.4375,32.0,62.0
6100.0,97,3.903225806,-11.32258065,31.0,64.0
6200.0,97,2.909090909,-10.54545455,33.0,64.0
6300.0,97,4.258064516,-9.322580645,31.0,64.0
6400.0,97,3.612903226,-8.741935484,31.0,60.0
6500.0,97,1.566666667,-7.1,30.0,62.0
6600.0,97,4.107142857,-7.642857143,28.0,60.0
6700.0,97,4.258064516,-9.032258065,31.0,64.0
6800.0,97,4.387096774,-7.741935484,31.0,62.0
6900.0,97,3.0,-9.0,31.0,60.0
7000.0,97,3.46875,-10.3125,32.0,62.0
7100.0,97,2.15625,-9.375,32.0,60.0
7200.0,97,1.21875,-9.59375,32.0,64.0
7300.0,97,0.7272727273,-9.181818182,33.0,64.0
7400.0,97,-0.9677419355,-8.064516129,31.0,62.0
7500.0,97,-0.6551724138,-10.31034483,29.0,62.0
7600.0,97,-0.5161290323,-10.77419355,31.0,62.0
7700.0,97,-0.6666666667,-10.6969697,33.0,66.0
7800.0,97,-2.375,-11.375,32.0,62.0
7900.0,97,-2.757575758,-11.42424242,33.0,62.0
8000.0,97,-3.848484848,-13.48484848,33.0,64.0
8100.0,97,-3.59375,-13.5625,32.0,64.0
8200.0,97,-2.484848485,-13.45454545,33.0,66.0
8300.0,97,-3.28125,-13.0,32.0,62.0
8400.0,97,-3.342857143,-11.94285714,35.0,64.0
8500.0,97,-3.939393939,-11.81818182,33.0,64.0
8600.0,97,-4.8125,-12.46875,32.0,64.0
8700.0,97,-6.393939394,-14.18181818,33.0,64.0
8800.0,97,-4.375,-14.59375,32.0,62.0
8900.0,97,-4.235294118,-14.17647059,34.0,64.0
9000.0,97,-4.909090909,-15.21212121,33.0,64.0
9100.0,97,-5.515151515,-16.39393939,33.0,62.0
9200.0,97,-6.0,-14.73529412,34.0,62.0
9300.0,97,-4.0,-13.82857143,35.0,64.0
9400.0,97,-4.272727273,-13.36363636,33.0,62.0
9500.0,97,-3.575757576,-13.06060606,33.0,64.0
9600.0,97,-3.258064516,-11.58064516,31.0,64.0
9700.0,97,-2.818181818,-10.96969697,33.0,62.0
9800.0,97,-4.0,-9.848484848,33.0,64.0
9900.0,97,-5.09375,-8.71875,32.0,62.0
10000.0,97,-6.903225806,-6.806451613,31.0,64.0
0.0,98,4.0,4.0,37.0,64.0
100.0,98,2.323529412,2.911764706,34.0,64.0
200.0,98,4.515151515,3.151515152,33.0,62.0
300.0,98,5.823529412,4.176470588,34.0,62.0
400.0,98,4.0,5.387096774,31.0,60.0
500.0,98,2.848484848,5.212121212,33.0,64.0
600.0,98,2.272727273,6.848484848,33.0,62.0
700.0,98,2.424242424,7.060606061,33.0,62.0
800.0,98,1.454545455,7.151515152,33.0,64.0
900.0,98,1.066666667,7.1,30.0,62.0
1000.0,98,1.735294118,5.735294118,34.0,64.0
1100.0,98,0.34375,5.40625,32.0,64.0
1200.0,98,-0.375,6.40625,32.0,62.0
1300.0,98,0.3333333333,6.787878788,33.0,64.0
1400.0,98,1.21875,5.9375,32.0,64.0
1500.0,98,2.058823529,6.147058824,34.0,64.0
1600.0,98,2.696969697,4.848484848,33.0,64.0
1700.0,98,1.15625,3.9375,32.0,62.0
1800.0,98,2.78125,2.625,32.0,62.0
1900.0,98,2.909090909,1.787878788,33.0,62.0
2000.0,98,4.933333333,2.633333333,30.0,62.0
2100.0,98,4.714285714,3.828571429,35.0,64.0
2200.0,98,2.4375,6.40625,32.0,62.0
2300.0,98,1.878787879,5.181818182,33.0,64.0
2400.0,98,4.6875,5.90625,32.0,64.0
2500.0,98,3.0,7.264705882,34.0,64.0
2600.0,98,2.0625,7.625,32.0,62.0
2700.0,98,3.181818182,7.727272727,33.0,62.0
2800.0,98,2.647058824,6.911764706,34.0,64.0
2900.0,98,1.090909091,8.454545455,33.0,62.0
3000.0,98,1.096774194,7.419354839,31.0,62.0
3100.0,98,0.2258064516,6.322580645,31.0,62.0
3200.0,98,1.096774194,6.225806452,31.0,64.0
3300.0,98,2.03030303,7.424242424,33.0,62.0
3400.0,98,-0.2333333333,7.666666667,30.0,62.0
3500.0,98,-0.3714285714,7.771428571,35.0,64.0
3600.0,98,-2.612903226,9.258064516,31.0,60.0
3700.0,98,-3.606060606,10.72727273,33.0,64.0
3800.0,98,-3.882352941,11.17647059,34.0,66.0
3900.0,98,-5.225806452,9.838709677,31.0,62.0
4000.0,98,-3.40625,11.34375,32.0,64.0
4100.0,98,-5.575757576,11.24242424,33.0,62.0
4200.0,98,-5.64516129,12.64516129,31.0,62.0
4300.0,98,-6.0625,14.375,32.0,62.0
4400.0,98,-7.71875,14.46875,32.0,64.0
4500.0,98,-9.8125,18.1875,32.0,62.0
4600.0,98,-10.28125,16.90625,32.0,62.0
4700.0,98,-12.78125,17.8125,32.0,62.0
4800.0,98,-12.09090909,17.15151515,33.0,62.0
4900.0,98,-11.80645161,15.25806452,31.0,64.0
5000.0,98,-10.5,15.6875,32.0,64.0
5100.0,98,-11.45714286,15.8,35.0,64.0
5200.0,98,-11.4,15.16666667,30.0,62.0
5300.0,98,-9.0,15.28125,32.0,62.0
5400.0,98,-7.5,16.8,30.0,62.0
5500.0,98,-9.96969697,16.42424242,33.0,62.0
5600.0,98,-12.52941176,14.94117647,34.0,64.0
5700.0,98,-11.63636364,14.39393939,33.0,64.0
5800.0,98,-11.08571429,15.2,35.0,64.0
5900.0,98,-11.53125,16.3125,32.0,64.0
6000.0,98,-11.2,16.0,35.0,66.0
6100.0,98,-10.82352941,17.23529412,34.0,64.0
6200.0,98,-13.29411765,19.5,34.0,62.0
6300.0,98,-14.15151515,21.63636364,33.0,64.0
6400.0,98,-14.1,20.3,30.0,62.0
6500.0,98,-15.3125,21.75,32.0,64.0
6600.0,98,-15.0,21.1875,32.0,64.0
6700.0,98,-15.09090909,20.84848485,33.0,64.0
6800.0,98,-14.90625,20.03125,32.0,62.0
6900.0,98,-14.44827586,20.5862069,29.0,62.0
7000.0,98,-12.77142857,21.25714286,35.0,64.0
7100.0,98,-13.91176471,20.32352941,34.0,64.0
7200.0,98,-13.96666667,20.0,30.0,62.0
7300.0,98,-14.375,21.09375,32.0,62.0
7400.0,98,-14.57575758,22.42424242,33.0,64.0
7500.0,98,-13.11764706,21.76470588,34.0,64.0
7600.0,98,-12.72727273,21.54545455,33.0,64.0
7700.0,98,-12.24242424,20.57575758,33.0,62.0
7800.0,98,-12.25,20.0,32.0,64.0
7900.0,98,-12.85294118,19.23529412,34.0,64.0
8000.0,98,-13.1,18.83333333,30.0,64.0
8100.0,98,-13.15625,18.09375,32.0,64.0
8200.0,98,-15.11764706,18.0,34.0,64.0
8300.0,98,-14.9375,16.53125,32.0,62.0
8400.0,98,-13.12121212,18.54545455,33.0,64.0
8500.0,98,-13.28125,16.5625,32.0,62.0
8600.0,98,-14.05714286,16.88571429,35.0,64.0
8700.0,98,-12.96969697,18.87878788,33.0,64.0
8800.0,98,-14.5,19.375,32.0,66.0
8900.0,98,-15.06451613,20.16129032,31.0,62.0
9000.0,98,-16.48484848,19.84848485,33.0,62.0
9100.0,98,-16.54545455,19.18181818,33.0,66.0
9200.0,98,-17.03225806,19.22580645,31.0,62.0
9300.0,98,-18.61290323,18.80645161,31.0,64.0
9400.0,98,-17.6875,19.90625,32.0,64.0
9500.0,98,-17.25,20.375,32.0,64.0
9600.0,98,-17.25,18.875,32.0,64.0
9700.0,98,-16.13333333,19.8,30.0,60.0
9800.0,98,-14.08823529,20.85294118,34.0,64.0
9900.0,98,-15.54545455,20.78787879,33.0,62.0
10000.0,98,-15.03030303,21.27272727,33.0,66.0
0.0,99,4.0,4.0,37.0,64.0
100.0,99,4.323529412,5.941176471,34.0,64.0
200.0,99,3.606060606,6.0,33.0,64.0
300.0,99,2.606060606,4.96969697,33.0,64.0
400.0,99,3.322580645,6.483870968,31.0,62.0
500.0,99,1.733333333,6.9,30.0,60.0
600.0,99,-0.2941176471,7.441176471,34.0,64.0
700.0,99,1.90625,5.65625,32.0,62.0
800.0,99,0.8235294118,5.0,34.0,64.0
900.0,99,2.125,4.1875,32.0,62.0
1000.0,99,0.25,3.8125,32.0,62.0
1100.0,99,-0.9090909091,3.454545455,33.0,62.0
1200.0,99,0.1764705882,3.764705882,34.0,64.0
1300.0,99,-0.15625,3.625,32.0,60.0
1400.0,99,0.375,4.84375,32.0,60.0
1500.0,99,-2.15625,5.84375,32.0,64.0
1600.0,99,-0.4545454545,7.212121212,33.0,62.0
1700.0,99,-2.0,5.5,34.0,62.0
1800.0,99,-0.1515151515,5.181818182,33.0,64.0
1900.0,99,-1.0,3.848484848,33.0,64.0
2000.0,99,-2.060606061,5.666666667,33.0,64.0
2100.0,99,-0.9428571429,6.285714286,35.0,64.0
2200.0,99,-3.029411765,6.323529412,34.0,64.0
2300.0,99,-3.057142857,4.714285714,35.0,64.0
2400.0,99,-0.935483871,5.580645161,31.0,62.0
2500.0,99,-0.1764705882,4.764705882,34.0,64.0
2600.0,99,-1.3,4.3,30.0,62.0
2700.0,99,-0.5,6.5,34.0,64.0
2800.0,99,-1.428571429,7.628571429,35.0,64.0
2900.0,99,-0.06896551724,7.517241379,29.0,64.0
3000.0,99,1.411764706,8.088235294,34.0,64.0
3100.0,99,1.59375,7.65625,32.0,66.0
3200.0,99,-0.1875,8.5,32.0,62.0
3300.0,99,-1.151515152,7.727272727,33.0,62.0
3400.0,99,-0.9705882353,8.352941176,34.0,64.0
3500.0,99,-1.3125,8.90625,32.0,62.0
3600.0,99,-3.366666667,10.76666667,30.0,62.0
3700.0,99,-3.03125,11.46875,32.0,64.0
3800.0,99,-3.96875,12.75,32.0,64.0
3900.0,99,-4.0625,12.84375,32.0,64.0
4000.0,99,-3.28125,12.75,32.0,62.0
4100.0,99,-5.64516129,13.74193548,31.0,60.0
4200.0,99,-5.0,13.74193548,31.0,64.0
4300.0,99,-4.516129032,13.12903226,31.0,62.0
4400.0,99,-3.903225806,14.03225806,31.0,64.0
4500.0,99,-5.125,11.875,32.0,64.0
4600.0,99,-6.424242424,10.84848485,33.0,64.0
4700.0,99,-5.28125,12.5,32.0,62.0
4800.0,99,-5.0,10.28125,32.0,62.0
4900.0,99,-5.823529412,9.823529412,34.0,62.0
5000.0,99,-4.117647059,10.41176471,34.0,64.0
5100.0,99,-2.727272727,12.3030303,33.0,64.0
5200.0,99,-1.029411765,12.76470588,34.0,64.0
5300.0,99,-3.709677419,13.12903226,31.0,64.0
5400.0,99,-3.90625,13.9375,32.0,62.0
5500.0,99,-4.129032258,14.61290323,31.0,62.0
5600.0,99,-2.696969697,13.24242424,33.0,64.0
5700.0,99,-3.03030303,12.93939394,33.0,64.0
5800.0,99,-2.967741935,14.48387097,31.0,64.0
5900.0,99,-2.545454545,13.72727273,33.0,64.0
6000.0,99,-3.774193548,15.5483871,31.0,64.0
6100.0,99,-4.882352941,18.05882353,34.0,64.0
6200.0,99,-4.151515152,18.48484848,33.0,62.0
6300.0,99,-5.875,17.46875,32.0,62.0
6400.0,99,-5.9375,17.46875,32.0,62.0
6500.0,99,-6.085714286,17.85714286,35.0,64.0
6600.0,99,-6.34375,17.90625,32.0,62.0
6700.0,99,-7.617647059,17.85294118,34.0,64.0
6800.0,99,-8.235294118,17.88235294,34.0,64.0
6900.0,99,-7.823529412,19.82352941,34.0,62.0
7000.0,99,-7.125,19.46875,32.0,62.0
7100.0,99,-9.484848485,18.51515152,33.0,64.0
7200.0,99,-11.15625,17.90625,32.0,64.0
7300.0,99,-11.03225806,17.51612903,31.0,62.0
7400.0,99,-12.38235294,15.76470588,34.0,64.0
7500.0,99,-11.88235294,14.64705882,34.0,64.0
7600.0,99,-11.4375,12.71875,32.0,62.0
7700.0,99,-11.88235294,12.05882353,34.0,64.0
7800.0,99,-12.29411765,13.26470588,34.0,64.0
7900.0,99,-14.29411765,14.35294118,34.0,64.0
8000.0,99,-15.58823529,14.0,34.0,64.0
8100.0,99,-14.72727273,13.63636364,33.0,62.0
8200.0,99,-14.36363636,14.21212121,33.0,66.0
8300.0,99,-12.8125,13.125,32.0,62.0
8400.0,99,-13.24242424,16.33333333,33.0,64.0
8500.0,99,-12.42424242,16.15151515,33.0,64.0
8600.0,99,-12.11764706,16.85294118,34.0,64.0
8700.0,99,-12.71875,16.75,32.0,62.0
8800.0,99,-13.4375,18.59375,32.0,62.0
8900.0,99,-11.53125,16.40625,32.0,64.0
9000.0,99,-11.6969697,16.45454545,33.0,64.0
9100.0,99,-15.03030303,16.18181818,33.0,64.0
9200.0,99,-15.45454545,15.21212121,33.0,64.0
9300.0,99,-16.51612903,16.38709677,31.0,62.0
9400.0,99,-17.875,14.09375,32.0,64.0
9500.0,99,-18.5,13.9375,32.0,64.0
9600.0,99,-17.3030303,13.09090909,33.0,62.0
9700.0,99,-17.08571429,10.77142857,35.0,64.0
9800.0,99,-19.94117647,10.44117647,34.0,64.0
9900.0,99,-18.80645161,11.0,31.0,62.0
10000.0,99,-19.875,10.09375,32.0,64.0
