time,id,com_1,com_2,area,surface
0.0,0,50.0,50.0,1.0,8.0
100.0,0,19.11111111111123,47.92592592592604,27.0,64.0
200.0,0,-21.84999999999995,53.5500000000002,20.0,66.0
300.0,0,-61.99999999999992,67.57142857142891,14.0,62.0
400.0,0,-93.1999999999999,85.5333333333336,15.0,64.0
500.0,0,-125.68181818181807,106.22727272727296,22.0,62.0
600.0,0,-156.99999999999974,122.3684210526319,19.0,68.0
700.0,0,-182.9545454545452,134.8181818181821,22.0,66.0
800.0,0,-209.1538461538458,153.38461538461576,13.0,60.0
900.0,0,-245.7999999999995,174.20000000000047,10.0,60.0
1000.0,0,-253.8124999999997,211.37500000000043,16.0,64.0
1100.0,0,-268.4705882352938,250.35294117647106,17.0,62.0
1200.0,0,-284.3684210526314,286.68421052631624,19.0,64.0
1300.0,0,-301.2222222222219,322.6666666666677,9.0,64.0
1400.0,0,-327.7142857142856,345.4285714285719,28.0,68.0
1500.0,0,-362.2352941176469,363.5882352941183,17.0,82.0
1600.0,0,-392.9411764705882,388.17647058823604,17.0,62.0
1700.0,0,-422.0999999999999,414.80000000000047,20.0,68.0
1800.0,0,-455.4761904761904,433.7619047619051,21.0,64.0
1900.0,0,-491.8571428571428,449.7142857142862,14.0,64.0
2000.0,0,-525.272727272727,473.5454545454551,11.0,58.0
2100.0,0,-559.3199999999999,486.3200000000003,25.0,62.0
2200.0,0,-591.16,505.16000000000025,25.0,72.0
2300.0,0,-621.9374999999998,521.0625000000003,16.0,62.0
2400.0,0,-652.933333333333,537.7333333333336,15.0,68.0
2500.0,0,-686.3999999999995,558.8000000000006,10.0,60.0
2600.0,0,-715.1428571428568,577.0714285714291,14.0,62.0
2700.0,0,-753.5384615384613,588.8461538461543,26.0,78.0
2800.0,0,-787.1739130434779,606.5652173913048,23.0,68.0
2900.0,0,-813.7999999999994,633.2666666666671,15.0,68.0
3000.0,0,-829.7058823529406,670.3529411764712,17.0,72.0
3100.0,0,-853.1111111111105,707.3888888888895,18.0,82.0
3200.0,0,-881.8620689655169,740.48275862069,29.0,70.0
3300.0,0,-898.9999999999995,779.9500000000007,20.0,72.0
3400.0,0,-909.9999999999993,812.5000000000013,10.0,66.0
3500.0,0,-923.5555555555552,837.2777777777784,18.0,58.0
3600.0,0,-957.4999999999997,856.0625000000009,16.0,62.0
3700.0,0,-988.4999999999998,866.5833333333344,12.0,68.0
3800.0,0,-1026.409090909091,861.9090909090914,22.0,76.0
3900.0,0,-1066.9199999999998,857.1600000000007,25.0,82.0
4000.0,0,-1106.25,851.6388888888894,36.0,74.0
4100.0,0,-1153.642857142857,838.4285714285726,14.0,56.0
4200.0,0,-1190.3,832.200000000001,20.0,66.0
4300.0,0,-1232.1666666666667,816.9444444444456,18.0,58.0
4400.0,0,-1266.75,798.3750000000011,16.0,66.0
4500.0,0,-1290.375,779.5833333333342,24.0,78.0
4600.0,0,-1329.0714285714287,765.5000000000014,14.0,66.0
4700.0,0,-1362.6,743.6000000000012,15.0,62.0
4800.0,0,-1393.75,730.250000000001,16.0,66.0
4900.0,0,-1432.888888888889,713.4444444444453,18.0,80.0
5000.0,0,-1456.774193548387,694.8387096774198,31.0,72.0
5100.0,0,-1494.5263157894738,669.0000000000009,19.0,66.0
5200.0,0,-1528.842105263158,657.1578947368431,19.0,64.0
5300.0,0,-1565.6666666666672,635.0000000000024,9.0,62.0
5400.0,0,-1596.5625000000005,616.3125000000011,16.0,62.0
5500.0,0,-1628.8235294117649,598.8235294117652,34.0,80.0
5600.0,0,-1663.8636363636367,580.5000000000008,22.0,78.0
5700.0,0,-1700.8181818181824,563.7272727272745,11.0,58.0
5800.0,0,-1738.9500000000003,551.600000000001,20.0,58.0
5900.0,0,-1776.6666666666674,540.1111111111132,9.0,56.0
6000.0,0,-1807.733333333334,525.3333333333345,15.0,68.0
6100.0,0,-1807.1578947368423,503.1315789473689,38.0,78.0
6200.0,0,-1814.0588235294122,460.6470588235306,17.0,72.0
6300.0,0,-1824.0000000000005,431.66666666666777,18.0,70.0
6400.0,0,-1845.8823529411768,411.4705882352947,34.0,72.0
6500.0,0,-1883.6129032258068,391.4516129032264,31.0,82.0
6600.0,0,-1926.0000000000014,374.3000000000017,10.0,68.0
6700.0,0,-1959.500000000001,367.6428571428583,14.0,62.0
6800.0,0,-1999.0357142857147,355.035714285715,28.0,74.0
6900.0,0,-2034.3333333333344,348.0833333333351,12.0,72.0
7000.0,0,-2069.863636363637,334.3636363636374,22.0,74.0
7100.0,0,-2097.0769230769233,309.7692307692316,26.0,66.0
7200.0,0,-2108.857142857143,271.47619047619156,21.0,66.0
7300.0,0,-2123.4000000000005,231.7500000000011,20.0,66.0
7400.0,0,-2138.0869565217395,200.86956521739225,23.0,64.0
7500.0,0,-2156.4800000000005,162.16000000000088,25.0,70.0
7600.0,0,-2167.9615384615386,126.1923076923085,26.0,68.0
7700.0,0,-2185.3125000000005,100.25000000000139,16.0,72.0
7800.0,0,-2218.400000000001,90.80000000000227,10.0,56.0
7900.0,0,-2246.400000000001,99.70000000000218,10.0,66.0
8000.0,0,-2277.6666666666674,113.16666666666842,12.0,68.0
8100.0,0,-2311.2777777777783,132.8333333333345,18.0,66.0
8200.0,0,-2350.4,148.666666666668,15.0,62.0
8300.0,0,-2389.4,159.90000000000194,10.0,52.0
8400.0,0,-2433.964285714286,164.21428571428635,28.0,80.0
8500.0,0,-2470.846153846154,173.76923076923234,13.0,64.0
8600.0,0,-2504.909090909091,196.8181818181838,11.0,62.0
8700.0,0,-2519.888888888889,231.22222222222345,18.0,66.0
8800.0,0,-2542.214285714286,264.7142857142872,14.0,60.0
8900.0,0,-2549.170731707317,303.60975609756144,41.0,78.0
9000.0,0,-2554.470588235294,342.35294117647163,17.0,62.0
9100.0,0,-2564.125,376.37500000000114,16.0,62.0
9200.0,0,-2575.272727272727,412.54545454545604,11.0,60.0
9300.0,0,-2581.8260869565215,449.91304347826156,23.0,66.0
9400.0,0,-2600.1111111111113,486.0000000000018,9.0,62.0
9500.0,0,-2610.7692307692305,520.0000000000011,13.0,60.0
9600.0,0,-2627.689655172414,558.0689655172418,29.0,74.0
9700.0,0,-2642.875,597.6250000000009,16.0,60.0
9800.0,0,-2656.636363636364,630.6363636363651,11.0,66.0
9900.0,0,-2662.3,669.9000000000007,20.0,68.0
10000.0,0,-2671.3809523809523,704.428571428572,21.0,66.0
0.0,1,50.0,50.0,1.0,8.0
100.0,1,50.77777777777772,88.33333333333333,18.0,64.0
200.0,1,53.392857142857274,125.0357142857144,28.0,68.0
300.0,1,55.87500000000023,165.16666666666674,24.0,64.0
400.0,1,57.42857142857147,204.95238095238105,21.0,66.0
500.0,1,58.590909090909214,240.90909090909108,22.0,64.0
600.0,1,78.3750000000002,276.3125000000001,16.0,70.0
700.0,1,91.50000000000017,309.3846153846155,26.0,74.0
800.0,1,98.43750000000023,348.3125000000002,16.0,66.0
900.0,1,114.10526315789491,386.0000000000001,19.0,56.0
1000.0,1,137.57142857142873,420.0,21.0,82.0
1100.0,1,174.84615384615404,447.0769230769232,13.0,62.0
1200.0,1,209.25000000000023,463.41666666666686,12.0,60.0
1300.0,1,247.53846153846166,485.2307692307692,13.0,68.0
1400.0,1,289.0,504.66666666666674,12.0,66.0
1500.0,1,319.63636363636374,524.2727272727273,11.0,68.0
1600.0,1,358.46666666666664,533.0666666666668,15.0,68.0
1700.0,1,388.35,546.6500000000001,20.0,66.0
1800.0,1,426.5000000000003,557.0833333333337,12.0,64.0
1900.0,1,465.1111111111114,572.3703703703706,27.0,72.0
2000.0,1,501.29411764705907,590.7647058823533,17.0,64.0
2100.0,1,536.666666666667,603.5333333333338,15.0,64.0
2200.0,1,561.1250000000002,620.0833333333336,24.0,72.0
2300.0,1,581.0952380952383,655.619047619048,21.0,72.0
2400.0,1,606.3571428571433,694.6428571428578,14.0,78.0
2500.0,1,622.866666666667,725.1333333333341,15.0,66.0
2600.0,1,648.9230769230772,756.8461538461548,13.0,62.0
2700.0,1,674.666666666667,780.2916666666672,24.0,64.0
2800.0,1,706.7200000000004,793.8800000000006,25.0,68.0
2900.0,1,741.6785714285717,809.5357142857148,28.0,78.0
3000.0,1,778.3076923076927,825.923076923078,13.0,66.0
3100.0,1,790.0526315789476,850.5789473684218,19.0,70.0
3200.0,1,801.9333333333336,889.1333333333343,15.0,76.0
3300.0,1,817.9333333333338,926.6666666666677,15.0,68.0
3400.0,1,829.9090909090916,963.3636363636374,11.0,68.0
3500.0,1,840.9565217391307,1002.1304347826092,23.0,72.0
3600.0,1,849.916666666667,1042.6250000000005,24.0,76.0
3700.0,1,869.8571428571431,1083.0714285714294,14.0,74.0
3800.0,1,896.0000000000005,1094.100000000001,10.0,62.0
3900.0,1,936.3571428571433,1109.9285714285722,14.0,62.0
4000.0,1,962.8000000000005,1136.133333333334,15.0,76.0
4100.0,1,975.8000000000004,1175.0000000000007,15.0,70.0
4200.0,1,990.2222222222224,1215.7777777777783,18.0,66.0
4300.0,1,1006.5625000000002,1251.8125000000005,16.0,66.0
4400.0,1,1022.9166666666667,1289.8333333333337,24.0,62.0
4500.0,1,1038.809523809524,1331.3809523809527,21.0,64.0
4600.0,1,1057.1875000000002,1364.7500000000005,16.0,68.0
4700.0,1,1071.8666666666672,1399.2000000000005,15.0,68.0
4800.0,1,1091.4,1429.1000000000001,30.0,74.0
4900.0,1,1106.7368421052631,1460.7894736842109,19.0,60.0
5000.0,1,1125.8000000000002,1493.3000000000004,20.0,76.0
5100.0,1,1143.3000000000002,1523.7000000000003,20.0,72.0
5200.0,1,1153.6666666666667,1560.3333333333335,12.0,66.0
5300.0,1,1171.047619047619,1598.2857142857144,21.0,66.0
5400.0,1,1180.7894736842106,1636.5789473684213,19.0,70.0
5500.0,1,1199.2307692307693,1676.9230769230771,13.0,58.0
5600.0,1,1220.8461538461538,1709.7307692307693,26.0,76.0
5700.0,1,1245.0666666666668,1735.2,30.0,76.0
5800.0,1,1275.5,1755.0,12.0,64.0
5900.0,1,1299.85,1777.7,20.0,58.0
6000.0,1,1328.7916666666667,1786.0833333333333,24.0,66.0
6100.0,1,1372.7894736842106,1795.2105263157896,19.0,64.0
6200.0,1,1411.7,1814.3,20.0,68.0
6300.0,1,1447.6111111111109,1829.4444444444446,18.0,74.0
6400.0,1,1480.0344827586207,1828.7241379310344,29.0,62.0
6500.0,1,1514.4285714285713,1822.7142857142858,21.0,74.0
6600.0,1,1549.0909090909088,1804.1818181818185,11.0,62.0
6700.0,1,1574.0625,1772.8750000000002,16.0,66.0
6800.0,1,1589.3,1738.0000000000005,10.0,62.0
6900.0,1,1603.7,1703.2000000000005,10.0,66.0
7000.0,1,1616.3157894736842,1672.5789473684213,19.0,60.0
7100.0,1,1634.1818181818182,1628.9090909090912,11.0,64.0
7200.0,1,1651.125,1597.1250000000002,16.0,76.0
7300.0,1,1673.75,1560.916666666667,12.0,60.0
7400.0,1,1692.7916666666667,1528.0833333333337,24.0,66.0
7500.0,1,1719.4444444444448,1501.4444444444455,9.0,58.0
7600.0,1,1750.814814814815,1476.666666666667,27.0,66.0
7700.0,1,1792.769230769231,1458.4615384615392,13.0,66.0
7800.0,1,1817.2000000000003,1440.8666666666672,15.0,60.0
7900.0,1,1847.1304347826087,1419.6956521739135,23.0,64.0
8000.0,1,1880.3,1399.600000000001,10.0,56.0
8100.0,1,1915.5333333333333,1375.3333333333342,15.0,68.0
8200.0,1,1944.3333333333333,1352.2962962962968,27.0,74.0
8300.0,1,1961.8571428571424,1319.9285714285722,14.0,66.0
8400.0,1,1970.6111111111109,1282.6666666666672,18.0,66.0
8500.0,1,1971.8888888888887,1244.2222222222226,27.0,64.0
8600.0,1,1963.4999999999998,1208.2857142857151,14.0,66.0
8700.0,1,1945.3809523809523,1178.0476190476197,21.0,68.0
8800.0,1,1926.6666666666667,1139.5833333333346,12.0,64.0
8900.0,1,1909.846153846154,1098.3076923076937,13.0,62.0
9000.0,1,1887.8823529411766,1068.9705882352946,34.0,76.0
9100.0,1,1860.9000000000003,1049.2000000000016,10.0,58.0
9200.0,1,1845.3846153846155,1024.538461538463,13.0,54.0
9300.0,1,1831.923076923077,988.5769230769239,26.0,66.0
9400.0,1,1820.5,953.3076923076932,26.0,72.0
9500.0,1,1802.7368421052631,919.0526315789486,19.0,70.0
9600.0,1,1792.5882352941176,878.823529411766,17.0,64.0
9700.0,1,1795.3,842.0000000000011,20.0,70.0
9800.0,1,1802.5384615384614,799.1153846153854,26.0,68.0
9900.0,1,1813.3749999999998,759.6875000000014,16.0,64.0
10000.0,1,1824.333333333333,722.4166666666684,12.0,66.0
0.0,10,49.666666666666664,49.333333333333336,3.0,18.0
100.0,10,39.588235294117766,22.058823529411683,17.0,68.0
200.0,10,21.04545454545465,-9.999999999999957,22.0,72.0
300.0,10,13.160000000000027,-48.439999999999955,25.0,68.0
400.0,10,12.277777777777905,-82.77777777777779,18.0,76.0
500.0,10,7.52380952380967,-121.09523809523814,21.0,60.0
600.0,10,5.7200000000002005,-156.36000000000013,25.0,66.0
700.0,10,-5.333333333333087,-192.46666666666684,15.0,58.0
800.0,10,-16.999999999999645,-230.0000000000001,13.0,60.0
900.0,10,-27.89473684210502,-266.4210526315791,19.0,70.0
1000.0,10,-36.399999999999544,-305.13333333333344,15.0,64.0
1100.0,10,-62.11764705882327,-332.9411764705884,17.0,66.0
1200.0,10,-77.99999999999974,-367.90909090909116,22.0,68.0
1300.0,10,-92.33333333333303,-404.5000000000002,18.0,66.0
1400.0,10,-106.23076923076891,-445.3846153846156,26.0,76.0
1500.0,10,-120.58333333333265,-478.4166666666669,12.0,66.0
1600.0,10,-120.59999999999974,-507.20000000000016,25.0,72.0
1700.0,10,-108.2777777777774,-545.888888888889,18.0,72.0
1800.0,10,-85.06451612903193,-576.0645161290323,31.0,72.0
1900.0,10,-74.8888888888884,-614.6111111111113,18.0,80.0
2000.0,10,-72.42105263157842,-655.9473684210527,19.0,70.0
2100.0,10,-59.52380952380897,-688.8571428571429,21.0,74.0
2200.0,10,-44.47368421052573,-720.1052631578947,19.0,74.0
2300.0,10,-36.91666666666575,-759.083333333333,12.0,62.0
2400.0,10,-11.70833333333293,-782.2083333333331,24.0,78.0
2500.0,10,30.837209302325803,-800.9302325581394,43.0,92.0
2600.0,10,72.50000000000037,-807.8214285714284,28.0,66.0
2700.0,10,106.36363636363733,-828.4545454545452,11.0,66.0
2800.0,10,140.36363636363689,-850.2727272727273,22.0,76.0
2900.0,10,162.50000000000114,-878.5000000000002,10.0,58.0
3000.0,10,191.50000000000085,-897.4285714285717,14.0,60.0
3100.0,10,211.26086956521794,-921.304347826087,23.0,76.0
3200.0,10,227.2500000000009,-958.8333333333333,12.0,70.0
3300.0,10,253.83333333333397,-993.0555555555555,18.0,66.0
3400.0,10,273.1875000000007,-1026.5625,16.0,80.0
3500.0,10,291.1739130434787,-1061.9130434782608,23.0,62.0
3600.0,10,308.6153846153854,-1096.0,13.0,66.0
3700.0,10,323.6206896551728,-1128.655172413793,29.0,72.0
3800.0,10,346.27272727272776,-1163.4999999999998,22.0,64.0
3900.0,10,380.7500000000005,-1183.35,20.0,66.0
4000.0,10,402.00000000000045,-1224.4210526315787,19.0,70.0
4100.0,10,422.70000000000044,-1247.3999999999999,20.0,66.0
4200.0,10,444.2857142857149,-1275.0714285714282,14.0,62.0
4300.0,10,457.2666666666673,-1309.9999999999998,15.0,58.0
4400.0,10,478.05555555555617,-1350.6666666666665,18.0,72.0
4500.0,10,501.347826086957,-1385.173913043478,23.0,70.0
4600.0,10,518.5555555555568,-1416.444444444444,9.0,52.0
4700.0,10,539.8666666666675,-1456.0666666666664,15.0,64.0
4800.0,10,553.3750000000003,-1494.71875,32.0,80.0
4900.0,10,566.8000000000006,-1537.1599999999999,25.0,62.0
5000.0,10,584.1363636363643,-1572.181818181818,22.0,74.0
5100.0,10,593.8666666666676,-1597.4666666666662,15.0,72.0
5200.0,10,584.6470588235303,-1630.9999999999998,17.0,72.0
5300.0,10,556.5333333333343,-1667.6666666666663,15.0,60.0
5400.0,10,522.7500000000009,-1696.3124999999998,16.0,74.0
5500.0,10,483.2857142857149,-1708.4761904761904,21.0,62.0
5600.0,10,438.3823529411768,-1718.735294117647,34.0,70.0
5700.0,10,397.68000000000046,-1727.88,25.0,72.0
5800.0,10,370.85185185185236,-1736.037037037037,27.0,64.0
5900.0,10,333.7500000000008,-1741.875,16.0,74.0
6000.0,10,289.3684210526322,-1754.578947368421,19.0,62.0
6100.0,10,264.8888888888899,-1788.888888888889,9.0,62.0
6200.0,10,257.2631578947373,-1821.9473684210525,19.0,68.0
6300.0,10,238.33333333333383,-1861.8666666666663,15.0,70.0
6400.0,10,219.57142857142915,-1898.2142857142856,14.0,62.0
6500.0,10,209.76923076923114,-1933.5769230769229,26.0,78.0
6600.0,10,195.13636363636408,-1972.7272727272725,22.0,72.0
6700.0,10,174.28571428571473,-2008.4285714285713,21.0,64.0
6800.0,10,155.2000000000007,-2040.4999999999995,10.0,58.0
6900.0,10,119.77777777777865,-2058.6666666666665,9.0,62.0
7000.0,10,87.28571428571487,-2080.285714285714,14.0,74.0
7100.0,10,53.92857142857201,-2097.714285714286,14.0,60.0
7200.0,10,20.277777777778436,-2104.611111111111,18.0,64.0
7300.0,10,-14.642857142856428,-2117.428571428571,14.0,66.0
7400.0,10,-42.60714285714247,-2130.25,28.0,70.0
7500.0,10,-72.73684210526261,-2142.5263157894733,19.0,60.0
7600.0,10,-110.3999999999991,-2160.6,10.0,64.0
7700.0,10,-147.04347826086916,-2160.391304347826,23.0,72.0
7800.0,10,-187.2758620689652,-2166.1379310344823,29.0,72.0
7900.0,10,-230.53846153846104,-2174.692307692307,13.0,60.0
8000.0,10,-270.7894736842101,-2195.1578947368416,19.0,72.0
8100.0,10,-305.52173913043464,-2207.782608695652,23.0,80.0
8200.0,10,-342.49999999999994,-2215.9999999999995,34.0,74.0
8300.0,10,-379.70370370370364,-2209.333333333333,27.0,70.0
8400.0,10,-415.6153846153846,-2196.846153846154,26.0,74.0
8500.0,10,-456.1999999999999,-2187.6,20.0,60.0
8600.0,10,-489.17647058823496,-2165.705882352941,17.0,66.0
8700.0,10,-520.9999999999997,-2146.875,16.0,72.0
8800.0,10,-548.238095238095,-2123.809523809524,21.0,66.0
8900.0,10,-585.7142857142854,-2104.214285714286,14.0,72.0
9000.0,10,-624.3333333333333,-2085.222222222222,18.0,60.0
9100.0,10,-664.5,-2062.7,20.0,68.0
9200.0,10,-709.769230769231,-2054.153846153846,13.0,68.0
9300.0,10,-749.8750000000001,-2051.125,24.0,70.0
9400.0,10,-780.416666666667,-2034.4166666666667,12.0,62.0
9500.0,10,-802.4736842105265,-2008.157894736842,19.0,62.0
9600.0,10,-823.2500000000002,-1971.625,16.0,64.0
9700.0,10,-838.4285714285714,-1934.0,14.0,56.0
9800.0,10,-852.0,-1898.0000000000002,14.0,68.0
9900.0,10,-861.6666666666667,-1858.047619047619,21.0,68.0
10000.0,10,-875.8181818181819,-1818.818181818182,11.0,68.0
0.0,11,50.0,50.0,1.0,8.0
100.0,11,15.208333333333456,54.583333333333236,24.0,76.0
200.0,11,-25.533333333333005,58.799999999999876,15.0,64.0
300.0,11,-64.87999999999984,64.5599999999999,25.0,70.0
400.0,11,-106.22222222222197,68.11111111111089,18.0,78.0
500.0,11,-143.71428571428552,80.57142857142836,21.0,64.0
600.0,11,-182.083333333333,102.08333333333293,12.0,62.0
700.0,11,-217.13333333333324,122.53333333333288,15.0,74.0
800.0,11,-248.24999999999994,137.31249999999957,16.0,76.0
900.0,11,-259.16666666666646,173.83333333333275,12.0,72.0
1000.0,11,-261.79999999999984,213.51999999999975,25.0,74.0
1100.0,11,-264.03703703703695,250.62962962962936,27.0,64.0
1200.0,11,-268.14999999999986,288.5499999999997,20.0,76.0
1300.0,11,-272.49999999999983,325.08333333333314,24.0,66.0
1400.0,11,-283.33333333333314,357.9444444444443,18.0,68.0
1500.0,11,-291.75999999999993,392.51999999999987,25.0,68.0
1600.0,11,-304.5263157894736,433.26315789473676,19.0,64.0
1700.0,11,-317.4374999999998,476.6875000000002,16.0,60.0
1800.0,11,-333.4166666666664,513.3333333333336,12.0,66.0
1900.0,11,-335.27777777777754,545.6666666666669,18.0,64.0
2000.0,11,-321.9999999999997,579.8181818181821,11.0,58.0
2100.0,11,-305.31818181818164,603.1363636363637,22.0,76.0
2200.0,11,-284.29032258064495,626.2580645161291,31.0,74.0
2300.0,11,-259.7368421052629,667.842105263158,19.0,68.0
2400.0,11,-227.1666666666664,694.8333333333336,18.0,76.0
2500.0,11,-196.92307692307656,714.5384615384618,13.0,70.0
2600.0,11,-167.74999999999986,740.875,32.0,76.0
2700.0,11,-142.74999999999972,771.0833333333334,12.0,64.0
2800.0,11,-132.8999999999998,803.8000000000001,30.0,70.0
2900.0,11,-117.46153846153814,844.3076923076925,13.0,62.0
3000.0,11,-103.71999999999981,875.6800000000002,25.0,72.0
3100.0,11,-86.12121212121191,911.6060606060607,33.0,76.0
3200.0,11,-66.42857142857085,939.0714285714289,14.0,60.0
3300.0,11,-54.49999999999974,976.923076923077,26.0,74.0
3400.0,11,-38.13333333333282,1011.6666666666669,15.0,66.0
3500.0,11,-25.133333333333056,1050.0,15.0,60.0
3600.0,11,-2.7222222222220154,1079.0,18.0,64.0
3700.0,11,14.93548387096786,1113.6451612903227,31.0,76.0
3800.0,11,23.81481481481487,1155.1481481481483,27.0,76.0
3900.0,11,30.850000000000023,1189.9499999999998,20.0,70.0
4000.0,11,37.88888888888897,1219.5555555555554,27.0,76.0
4100.0,11,57.00000000000028,1260.533333333333,15.0,66.0
4200.0,11,77.95000000000023,1295.8999999999999,20.0,70.0
4300.0,11,87.84210526315815,1338.3684210526314,19.0,66.0
4400.0,11,99.26086956521759,1372.2173913043478,23.0,62.0
4500.0,11,114.60000000000008,1404.3999999999999,15.0,68.0
4600.0,11,135.31250000000017,1432.4375,16.0,58.0
4700.0,11,157.17647058823567,1463.7058823529412,17.0,76.0
4800.0,11,185.63636363636425,1492.1818181818185,11.0,66.0
4900.0,11,211.38888888888923,1515.3888888888891,18.0,64.0
5000.0,11,231.46666666666712,1548.3333333333335,15.0,64.0
5100.0,11,256.42857142857156,1583.6785714285716,28.0,68.0
5200.0,11,277.50000000000034,1617.571428571429,14.0,70.0
5300.0,11,296.2777777777781,1656.0555555555557,18.0,58.0
5400.0,11,316.9333333333338,1696.4000000000003,15.0,66.0
5500.0,11,335.9285714285719,1733.071428571429,14.0,70.0
5600.0,11,352.43750000000045,1768.125,16.0,66.0
5700.0,11,369.75000000000057,1809.1666666666667,12.0,68.0
5800.0,11,399.60714285714323,1833.9285714285716,28.0,68.0
5900.0,11,437.7916666666671,1849.5833333333335,24.0,66.0
6000.0,11,474.5294117647065,1860.8823529411766,17.0,66.0
6100.0,11,505.77777777777834,1875.0000000000002,18.0,74.0
6200.0,11,533.2916666666672,1898.375,24.0,72.0
6300.0,11,553.0000000000008,1936.6666666666667,15.0,68.0
6400.0,11,566.7647058823536,1968.294117647059,17.0,60.0
6500.0,11,587.4090909090914,2003.0000000000002,22.0,78.0
6600.0,11,602.794871794872,2038.1794871794873,39.0,86.0
6700.0,11,614.3666666666671,2079.0,30.0,64.0
6800.0,11,642.0909090909095,2114.5909090909095,22.0,58.0
6900.0,11,664.7692307692311,2148.0,26.0,70.0
7000.0,11,685.5000000000007,2179.214285714286,14.0,56.0
7100.0,11,703.4166666666674,2208.2500000000005,12.0,64.0
7200.0,11,719.8235294117653,2241.4117647058824,17.0,60.0
7300.0,11,740.1666666666673,2276.5555555555557,18.0,72.0
7400.0,11,759.4000000000009,2309.7333333333336,15.0,64.0
7500.0,11,777.1904761904769,2345.904761904762,21.0,70.0
7600.0,11,796.0769230769237,2386.423076923077,26.0,82.0
7700.0,11,827.9200000000005,2408.2400000000002,25.0,58.0
7800.0,11,855.6666666666671,2437.0740740740744,27.0,76.0
7900.0,11,887.2500000000003,2458.4375,32.0,78.0
8000.0,11,924.7000000000011,2479.4000000000005,10.0,62.0
8100.0,11,952.7272727272739,2487.9090909090914,11.0,70.0
8200.0,11,989.6428571428577,2512.571428571429,28.0,64.0
8300.0,11,1025.285714285715,2527.3333333333335,21.0,70.0
8400.0,11,1052.3636363636379,2544.0000000000005,11.0,64.0
8500.0,11,1065.8461538461552,2587.0769230769233,13.0,66.0
8600.0,11,1055.0000000000011,2621.1538461538466,13.0,70.0
8700.0,11,1039.958333333334,2647.1250000000005,24.0,62.0
8800.0,11,1021.1764705882362,2679.117647058824,17.0,70.0
8900.0,11,1013.1538461538473,2718.153846153847,13.0,66.0
9000.0,11,1016.3157894736852,2755.4736842105267,19.0,70.0
9100.0,11,1029.8333333333342,2790.666666666667,24.0,80.0
9200.0,11,1046.650000000001,2826.9500000000003,20.0,62.0
9300.0,11,1055.7692307692323,2863.615384615385,13.0,62.0
9400.0,11,1063.0769230769245,2904.307692307693,13.0,64.0
9500.0,11,1065.235294117648,2943.058823529412,17.0,64.0
9600.0,11,1083.4666666666672,2979.5,30.0,72.0
9700.0,11,1099.1764705882365,3015.9411764705887,17.0,58.0
9800.0,11,1120.7142857142862,3049.964285714286,28.0,72.0
9900.0,11,1144.0000000000011,3082.2222222222226,18.0,80.0
10000.0,11,1168.5714285714294,3122.0000000000005,21.0,76.0
0.0,12,49.5,50.25,4.0,26.0
100.0,12,54.53333333333356,23.19999999999999,15.0,54.0
200.0,12,55.045454545454625,-19.954545454545368,22.0,66.0
300.0,12,52.82142857142859,-55.714285714285516,28.0,74.0
400.0,12,60.55555555555559,-96.03703703703681,27.0,70.0
500.0,12,73.63636363636382,-130.99999999999937,11.0,58.0
600.0,12,90.37500000000011,-163.8124999999996,16.0,76.0
700.0,12,117.99999999999997,-179.99999999999952,12.0,72.0
800.0,12,156.08108108108107,-197.21621621621605,37.0,84.0
900.0,12,193.5882352941174,-212.47058823529386,17.0,72.0
1000.0,12,226.33333333333294,-230.1999999999996,15.0,68.0
1100.0,12,259.74999999999983,-242.18749999999957,16.0,60.0
1200.0,12,297.2499999999999,-251.59999999999974,20.0,68.0
1300.0,12,325.4444444444444,-269.0555555555553,18.0,68.0
1400.0,12,340.4166666666665,-303.66666666666623,12.0,64.0
1500.0,12,348.07692307692287,-339.92307692307645,13.0,64.0
1600.0,12,351.9999999999998,-376.8571428571425,14.0,62.0
1700.0,12,372.90625,-406.9687499999998,32.0,74.0
1800.0,12,387.41666666666646,-441.6666666666661,12.0,58.0
1900.0,12,400.5416666666665,-478.6666666666663,24.0,62.0
2000.0,12,405.76470588235264,-516.7058823529408,17.0,66.0
2100.0,12,421.0714285714285,-548.0357142857139,28.0,70.0
2200.0,12,435.6666666666664,-584.9999999999989,12.0,64.0
2300.0,12,455.51851851851836,-615.8148148148142,27.0,78.0
2400.0,12,473.6666666666663,-651.7333333333324,15.0,68.0
2500.0,12,484.1428571428567,-683.8571428571418,14.0,66.0
2600.0,12,492.27272727272634,-719.727272727271,11.0,64.0
2700.0,12,493.69999999999965,-755.3999999999994,30.0,68.0
2800.0,12,503.89473684210475,-790.6842105263148,19.0,58.0
2900.0,12,517.8333333333328,-826.2222222222213,18.0,62.0
3000.0,12,531.8399999999997,-870.5999999999992,25.0,76.0
3100.0,12,552.2962962962961,-907.8888888888881,27.0,68.0
3200.0,12,565.4117647058821,-950.1176470588222,17.0,74.0
3300.0,12,586.1052631578945,-977.8947368421042,19.0,70.0
3400.0,12,606.6666666666664,-1011.9999999999986,15.0,64.0
3500.0,12,629.1249999999999,-1050.2083333333326,24.0,74.0
3600.0,12,644.9999999999999,-1088.263157894736,19.0,66.0
3700.0,12,655.1578947368419,-1128.0526315789464,19.0,62.0
3800.0,12,661.4230769230768,-1165.6538461538455,26.0,74.0
3900.0,12,668.090909090909,-1201.424242424242,33.0,76.0
4000.0,12,675.8709677419354,-1238.129032258064,31.0,80.0
4100.0,12,689.4999999999999,-1275.9583333333326,24.0,64.0
4200.0,12,707.9999999999998,-1310.0999999999992,20.0,64.0
4300.0,12,727.0434782608695,-1341.521739130434,23.0,76.0
4400.0,12,752.46875,-1369.7499999999993,32.0,78.0
4500.0,12,778.8275862068965,-1395.3448275862063,29.0,70.0
4600.0,12,812.4615384615385,-1411.9230769230753,13.0,60.0
4700.0,12,849.0000000000001,-1427.349999999999,20.0,66.0
4800.0,12,886.8846153846155,-1438.5769230769222,26.0,66.0
4900.0,12,927.888888888889,-1448.9999999999986,18.0,68.0
5000.0,12,965.5714285714287,-1452.8214285714278,28.0,68.0
5100.0,12,1000.0000000000001,-1451.6206896551714,29.0,70.0
5200.0,12,1036.2380952380954,-1437.3333333333321,21.0,60.0
5300.0,12,1066.3333333333337,-1423.1666666666645,12.0,60.0
5400.0,12,1106.5555555555557,-1419.333333333332,18.0,64.0
5500.0,12,1150.4166666666667,-1421.7916666666656,24.0,72.0
5600.0,12,1184.0000000000002,-1431.7142857142837,14.0,58.0
5700.0,12,1221.0,-1448.833333333332,18.0,60.0
5800.0,12,1242.7333333333336,-1466.1999999999982,15.0,70.0
5900.0,12,1259.3076923076926,-1500.3846153846132,13.0,62.0
6000.0,12,1270.9,-1541.599999999999,30.0,76.0
6100.0,12,1270.6521739130437,-1573.1304347826076,23.0,68.0
6200.0,12,1254.1000000000004,-1612.8999999999974,10.0,64.0
6300.0,12,1246.1000000000004,-1637.4999999999975,10.0,64.0
6400.0,12,1234.8214285714284,-1676.2857142857133,28.0,64.0
6500.0,12,1230.941176470588,-1714.7647058823516,17.0,68.0
6600.0,12,1221.1874999999998,-1751.3124999999984,16.0,64.0
6700.0,12,1199.2499999999993,-1784.9999999999966,8.0,54.0
6800.0,12,1180.1818181818178,-1820.9999999999975,11.0,64.0
6900.0,12,1164.833333333333,-1863.055555555554,18.0,74.0
7000.0,12,1160.941176470588,-1890.8529411764698,34.0,66.0
7100.0,12,1151.7999999999997,-1925.1999999999975,10.0,60.0
7200.0,12,1139.941176470588,-1956.647058823528,17.0,70.0
7300.0,12,1125.05,-1986.449999999999,20.0,60.0
7400.0,12,1110.5882352941173,-2026.8235294117633,17.0,68.0
7500.0,12,1091.083333333333,-2065.333333333331,12.0,66.0
7600.0,12,1076.8,-2101.6799999999994,25.0,66.0
7700.0,12,1058.7777777777776,-2136.4999999999986,18.0,60.0
7800.0,12,1034.1904761904761,-2164.809523809523,21.0,72.0
7900.0,12,1004.7826086956522,-2188.086956521738,23.0,72.0
8000.0,12,974.16,-2219.799999999999,25.0,72.0
8100.0,12,945.5652173913044,-2234.3043478260856,23.0,70.0
8200.0,12,911.0000000000003,-2253.0909090909067,11.0,68.0
8300.0,12,876.9473684210528,-2271.0526315789457,19.0,62.0
8400.0,12,842.5714285714287,-2278.4642857142844,28.0,76.0
8500.0,12,809.0000000000001,-2282.037037037036,27.0,70.0
8600.0,12,778.6363636363641,-2274.0909090909063,11.0,66.0
8700.0,12,743.3703703703706,-2266.4814814814804,27.0,70.0
8800.0,12,702.8125000000002,-2255.562499999998,16.0,76.0
8900.0,12,674.6551724137933,-2235.620689655171,29.0,74.0
9000.0,12,638.2380952380953,-2215.333333333332,21.0,80.0
9100.0,12,600.7916666666667,-2200.333333333332,24.0,62.0
9200.0,12,563.8500000000003,-2194.7499999999986,20.0,78.0
9300.0,12,520.0370370370372,-2193.5925925925912,27.0,66.0
9400.0,12,486.8947368421057,-2209.0526315789457,19.0,70.0
9500.0,12,458.00000000000045,-2227.9999999999977,16.0,70.0
9600.0,12,422.76470588235327,-2247.5882352941157,17.0,56.0
9700.0,12,393.0000000000005,-2269.357142857141,14.0,62.0
9800.0,12,359.0689655172416,-2288.2068965517233,29.0,74.0
9900.0,12,323.97619047619065,-2307.1428571428564,42.0,80.0
10000.0,12,289.38888888888937,-2330.055555555554,18.0,68.0
0.0,13,50.0,49.5,2.0,14.0
100.0,13,79.06666666666645,41.8666666666666,30.0,74.0
200.0,13,118.07999999999976,40.27999999999995,25.0,66.0
300.0,13,157.4999999999996,39.649999999999935,20.0,64.0
400.0,13,194.99999999999983,45.87499999999996,32.0,70.0
500.0,13,233.99999999999974,60.827586206896555,29.0,82.0
600.0,13,272.8181818181811,77.8181818181819,11.0,52.0
700.0,13,311.4999999999996,93.55000000000004,20.0,66.0
800.0,13,349.5714285714282,106.14285714285707,21.0,66.0
900.0,13,386.1764705882348,117.7647058823529,17.0,60.0
1000.0,13,414.14285714285654,127.35714285714293,14.0,68.0
1100.0,13,452.3548387096772,140.1290322580646,31.0,76.0
1200.0,13,492.06666666666615,146.0666666666671,15.0,66.0
1300.0,13,534.0833333333325,158.1666666666671,12.0,58.0
1400.0,13,568.1666666666662,165.61111111111114,18.0,62.0
1500.0,13,607.5833333333326,173.08333333333331,12.0,58.0
1600.0,13,646.6956521739129,179.9565217391304,23.0,60.0
1700.0,13,682.4761904761904,188.85714285714286,21.0,66.0
1800.0,13,715.2499999999999,197.5,16.0,72.0
1900.0,13,756.6666666666665,203.33333333333348,15.0,60.0
2000.0,13,788.8125,200.87500000000017,16.0,58.0
2100.0,13,834.9285714285717,199.0000000000001,14.0,60.0
2200.0,13,873.0952380952383,208.00000000000023,21.0,60.0
2300.0,13,910.0869565217392,230.0434782608697,23.0,76.0
2400.0,13,944.4705882352945,243.70588235294147,17.0,74.0
2500.0,13,982.3684210526318,255.15789473684248,19.0,68.0
2600.0,13,1014.1764705882354,273.88235294117686,17.0,72.0
2700.0,13,1052.8235294117646,280.1764705882355,17.0,64.0
2800.0,13,1089.6000000000001,294.64000000000004,25.0,64.0
2900.0,13,1128.8333333333335,306.8333333333332,18.0,62.0
3000.0,13,1169.5714285714278,319.2857142857142,7.0,46.0
3100.0,13,1204.7307692307688,332.4230769230768,26.0,66.0
3200.0,13,1238.6249999999995,349.6874999999999,16.0,62.0
3300.0,13,1270.6428571428564,364.3571428571428,14.0,68.0
3400.0,13,1299.166666666666,386.24999999999994,12.0,62.0
3500.0,13,1332.6999999999994,406.1000000000001,10.0,62.0
3600.0,13,1368.7272727272723,411.1363636363636,22.0,64.0
3700.0,13,1408.708333333333,414.5833333333332,24.0,68.0
3800.0,13,1450.2631578947362,423.0526315789472,19.0,66.0
3900.0,13,1489.3999999999992,433.6666666666666,15.0,64.0
4000.0,13,1529.7352941176466,440.5588235294117,34.0,70.0
4100.0,13,1567.9999999999989,451.57142857142856,14.0,62.0
4200.0,13,1605.5499999999993,460.25000000000006,20.0,72.0
4300.0,13,1641.7083333333328,467.8333333333334,24.0,66.0
4400.0,13,1669.428571428571,495.4642857142858,28.0,76.0
4500.0,13,1683.4999999999995,526.6923076923077,26.0,72.0
4600.0,13,1691.6818181818178,565.8636363636365,22.0,76.0
4700.0,13,1695.4347826086953,603.1304347826089,23.0,64.0
4800.0,13,1711.2682926829266,641.2926829268293,41.0,90.0
4900.0,13,1726.4347826086953,677.3043478260869,23.0,82.0
5000.0,13,1753.1666666666663,711.8333333333333,18.0,64.0
5100.0,13,1765.222222222222,747.0555555555555,18.0,70.0
5200.0,13,1789.9666666666665,757.4666666666667,30.0,72.0
5300.0,13,1832.222222222222,765.6111111111113,18.0,60.0
5400.0,13,1861.0666666666664,757.8666666666667,15.0,68.0
5500.0,13,1903.2499999999998,744.5500000000002,20.0,72.0
5600.0,13,1933.933333333333,725.3333333333335,15.0,70.0
5700.0,13,1971.384615384615,703.9230769230771,13.0,68.0
5800.0,13,2006.380952380952,683.0000000000001,21.0,60.0
5900.0,13,2022.4999999999995,655.5000000000002,12.0,62.0
6000.0,13,2039.3571428571424,628.7142857142859,14.0,66.0
6100.0,13,2060.392857142857,606.7857142857144,28.0,62.0
6200.0,13,2088.7999999999997,573.0,15.0,62.0
6300.0,13,2109.363636363636,539.0909090909091,11.0,64.0
6400.0,13,2139.833333333333,520.4166666666667,12.0,72.0
6500.0,13,2167.2631578947367,487.42105263157896,19.0,66.0
6600.0,13,2186.8235294117644,454.52941176470597,17.0,72.0
6700.0,13,2202.2727272727266,429.54545454545473,11.0,64.0
6800.0,13,2208.592592592592,388.37037037037044,27.0,70.0
6900.0,13,2226.6896551724135,348.96551724137936,29.0,84.0
7000.0,13,2243.4999999999995,316.08333333333337,12.0,66.0
7100.0,13,2249.7391304347825,275.6521739130435,23.0,76.0
7200.0,13,2257.3333333333326,236.19999999999982,15.0,62.0
7300.0,13,2266.652173913043,197.0434782608694,23.0,76.0
7400.0,13,2285.9444444444443,156.55555555555532,18.0,74.0
7500.0,13,2308.5,131.6249999999998,16.0,64.0
7600.0,13,2344.095238095238,113.66666666666656,21.0,64.0
7700.0,13,2383.3124999999995,105.7499999999998,16.0,60.0
7800.0,13,2413.333333333333,89.26666666666651,15.0,62.0
7900.0,13,2443.428571428571,76.14285714285698,14.0,70.0
8000.0,13,2469.076923076923,60.69230769230755,13.0,64.0
8100.0,13,2508.4999999999995,47.64285714285695,14.0,56.0
8200.0,13,2537.625,39.40624999999987,32.0,74.0
8300.0,13,2569.9999999999995,22.166666666666586,18.0,76.0
8400.0,13,2586.411764705882,-13.352941176470594,17.0,76.0
8500.0,13,2597.9473684210525,-50.52631578947356,19.0,66.0
8600.0,13,2612.055555555555,-91.38888888888883,18.0,76.0
8700.0,13,2630.1052631578946,-125.47368421052622,19.0,70.0
8800.0,13,2644.6875,-153.75,16.0,60.0
8900.0,13,2661.36,-196.7599999999999,25.0,84.0
9000.0,13,2673.777777777778,-234.1111111111111,27.0,78.0
9100.0,13,2689.7916666666665,-268.16666666666663,24.0,64.0
9200.0,13,2706.181818181818,-303.0000000000001,11.0,62.0
9300.0,13,2739.111111111111,-305.925925925926,27.0,66.0
9400.0,13,2773.6923076923076,-293.30769230769226,26.0,68.0
9500.0,13,2810.6315789473683,-279.47368421052596,19.0,62.0
9600.0,13,2853.0,-265.62962962962933,27.0,64.0
9700.0,13,2885.285714285714,-248.99999999999946,21.0,62.0
9800.0,13,2919.3076923076924,-227.8461538461531,13.0,68.0
9900.0,13,2955.470588235294,-211.76470588235247,17.0,64.0
10000.0,13,2996.714285714286,-190.71428571428515,14.0,68.0
0.0,14,50.666666666666664,51.0,3.0,20.0
100.0,14,48.40000000000007,78.70000000000044,10.0,58.0
200.0,14,37.4615384615388,115.23076923076944,13.0,60.0
300.0,14,26.111111111111338,150.61111111111134,18.0,64.0
400.0,14,13.66666666666685,187.57142857142878,21.0,78.0
500.0,14,-1.956521739130153,228.1304347826089,23.0,66.0
600.0,14,-19.249999999999588,260.2500000000003,12.0,58.0
700.0,14,-34.1666666666665,292.66666666666674,24.0,68.0
800.0,14,-54.21739130434765,320.0434782608697,23.0,72.0
900.0,14,-74.1999999999996,352.66666666666697,15.0,66.0
1000.0,14,-101.3043478260866,385.73913043478285,23.0,60.0
1100.0,14,-139.9411764705881,393.05882352941194,34.0,74.0
1200.0,14,-176.5294117647056,404.00000000000034,17.0,68.0
1300.0,14,-215.1142857142856,419.97142857142876,35.0,74.0
1400.0,14,-252.72222222222197,427.00000000000017,18.0,54.0
1500.0,14,-292.06666666666626,437.266666666667,15.0,70.0
1600.0,14,-327.24999999999943,461.416666666667,12.0,62.0
1700.0,14,-351.3846153846149,489.5384615384619,13.0,66.0
1800.0,14,-375.66666666666634,523.4814814814815,27.0,60.0
1900.0,14,-392.38461538461473,556.8461538461542,13.0,74.0
2000.0,14,-404.5499999999996,589.9000000000001,20.0,66.0
2100.0,14,-418.63999999999976,632.48,25.0,76.0
2200.0,14,-438.9545454545452,669.0909090909089,22.0,74.0
2300.0,14,-459.2222222222219,701.4444444444441,9.0,56.0
2400.0,14,-482.47619047619037,738.2857142857142,21.0,66.0
2500.0,14,-498.4999999999999,772.1428571428568,14.0,66.0
2600.0,14,-529.9090909090908,791.9090909090901,11.0,66.0
2700.0,14,-560.9090909090907,805.5454545454538,11.0,56.0
2800.0,14,-591.7999999999998,825.6999999999992,10.0,58.0
2900.0,14,-620.3478260869565,841.1304347826083,23.0,68.0
3000.0,14,-653.9047619047618,846.6190476190471,21.0,72.0
3100.0,14,-684.157894736842,860.2105263157889,19.0,76.0
3200.0,14,-724.3636363636363,879.8181818181811,11.0,50.0
3300.0,14,-753.0909090909091,901.727272727272,11.0,58.0
3400.0,14,-782.611111111111,912.1111111111106,18.0,66.0
3500.0,14,-825.0416666666666,923.7499999999997,24.0,70.0
3600.0,14,-858.4705882352941,938.8235294117641,17.0,68.0
3700.0,14,-899.5000000000001,963.714285714285,14.0,64.0
3800.0,14,-924.5806451612904,989.1612903225803,31.0,72.0
3900.0,14,-963.1,1004.3499999999995,20.0,68.0
4000.0,14,-998.625,1032.937499999999,16.0,76.0
4100.0,14,-1023.6249999999999,1043.562499999999,16.0,66.0
4200.0,14,-1052.6,1060.8666666666659,15.0,62.0
4300.0,14,-1075.1666666666667,1094.0833333333323,12.0,68.0
4400.0,14,-1108.0833333333335,1110.541666666666,24.0,70.0
4500.0,14,-1153.0000000000002,1124.6666666666656,12.0,66.0
4600.0,14,-1188.75,1132.7999999999993,20.0,70.0
4700.0,14,-1221.9545454545455,1142.727272727272,22.0,74.0
4800.0,14,-1258.666666666667,1152.7777777777765,9.0,58.0
4900.0,14,-1291.4666666666667,1172.3333333333326,15.0,64.0
5000.0,14,-1324.769230769231,1189.3076923076915,13.0,64.0
5100.0,14,-1356.0,1201.8999999999992,10.0,58.0
5200.0,14,-1385.75,1219.5833333333326,12.0,64.0
5300.0,14,-1415.3,1235.999999999999,10.0,60.0
5400.0,14,-1457.72,1243.5999999999997,25.0,62.0
5500.0,14,-1489.45,1255.1999999999994,20.0,62.0
5600.0,14,-1522.625,1268.7499999999993,16.0,70.0
5700.0,14,-1559.85,1290.1999999999994,20.0,78.0
5800.0,14,-1594.2352941176468,1310.1764705882347,17.0,64.0
5900.0,14,-1633.307692307692,1330.6153846153838,13.0,70.0
6000.0,14,-1663.714285714285,1345.1428571428564,14.0,72.0
6100.0,14,-1691.727272727272,1360.7272727272716,11.0,66.0
6200.0,14,-1727.4117647058822,1380.9411764705878,34.0,78.0
6300.0,14,-1753.4999999999998,1406.4166666666654,12.0,66.0
6400.0,14,-1774.142857142857,1433.4285714285704,14.0,70.0
6500.0,14,-1809.2857142857142,1458.3571428571418,14.0,72.0
6600.0,14,-1842.5217391304348,1469.8695652173906,23.0,62.0
6700.0,14,-1868.5945945945946,1493.513513513513,37.0,82.0
6800.0,14,-1899.9285714285716,1517.5714285714275,14.0,62.0
6900.0,14,-1930.4444444444446,1535.2222222222204,9.0,58.0
7000.0,14,-1964.7083333333335,1551.5416666666658,24.0,58.0
7100.0,14,-1978.3076923076926,1572.0769230769217,13.0,62.0
7200.0,14,-1962.0000000000005,1613.636363636362,11.0,64.0
7300.0,14,-1945.791666666667,1649.4166666666658,24.0,72.0
7400.0,14,-1935.5500000000004,1692.199999999999,20.0,66.0
7500.0,14,-1930.055555555556,1725.6111111111097,18.0,66.0
7600.0,14,-1918.8461538461547,1768.9230769230749,13.0,62.0
7700.0,14,-1909.3157894736848,1804.3157894736828,19.0,66.0
7800.0,14,-1908.5000000000005,1843.7499999999989,24.0,62.0
7900.0,14,-1900.8888888888896,1880.7777777777765,18.0,60.0
8000.0,14,-1888.8235294117653,1916.5882352941162,17.0,68.0
8100.0,14,-1855.6500000000005,1940.0499999999988,20.0,74.0
8200.0,14,-1820.7500000000014,1962.7499999999973,8.0,58.0
8300.0,14,-1789.2083333333337,1976.2499999999989,24.0,74.0
8400.0,14,-1753.3181818181824,1997.9999999999989,22.0,68.0
8500.0,14,-1717.0000000000007,2012.6874999999984,16.0,70.0
8600.0,14,-1684.3636363636374,2023.363636363634,11.0,66.0
8700.0,14,-1658.4444444444448,2052.851851851851,27.0,78.0
8800.0,14,-1628.5357142857147,2080.892857142856,28.0,70.0
8900.0,14,-1597.3225806451617,2102.967741935483,31.0,80.0
9000.0,14,-1576.172413793104,2133.137931034482,29.0,74.0
9100.0,14,-1563.0909090909101,2161.9999999999973,11.0,64.0
9200.0,14,-1547.366666666667,2199.2666666666655,30.0,88.0
9300.0,14,-1537.363636363637,2230.3636363636347,22.0,68.0
9400.0,14,-1526.7777777777785,2271.611111111109,18.0,68.0
9500.0,14,-1516.5294117647065,2314.117647058821,17.0,66.0
9600.0,14,-1509.827586206897,2351.206896551723,29.0,64.0
9700.0,14,-1506.142857142858,2395.4999999999977,14.0,60.0
9800.0,14,-1509.1428571428576,2437.714285714285,28.0,76.0
9900.0,14,-1509.7777777777783,2476.185185185184,27.0,66.0
10000.0,14,-1516.7058823529421,2513.823529411763,17.0,56.0
0.0,15,49.199999999999996,50.0,5.0,30.0
100.0,15,18.79166666666667,45.33333333333342,24.0,68.0
200.0,15,-13.307692307692207,55.615384615384805,13.0,74.0
300.0,15,-26.62499999999993,86.00000000000023,24.0,58.0
400.0,15,-44.53333333333314,116.4666666666671,15.0,62.0
500.0,15,-60.333333333333044,148.66666666666754,9.0,64.0
600.0,15,-97.15999999999997,167.48000000000025,25.0,72.0
700.0,15,-129.7333333333333,188.66666666666714,15.0,68.0
800.0,15,-147.62499999999991,219.37500000000034,24.0,72.0
900.0,15,-164.09999999999985,257.1000000000009,10.0,62.0
1000.0,15,-174.17142857142852,303.914285714286,35.0,78.0
1100.0,15,-186.1428571428569,344.1428571428577,14.0,70.0
1200.0,15,-194.75999999999974,384.00000000000034,25.0,70.0
1300.0,15,-212.6874999999997,427.5000000000007,16.0,74.0
1400.0,15,-233.42857142857105,464.6428571428579,14.0,66.0
1500.0,15,-248.4999999999993,496.50000000000114,10.0,66.0
1600.0,15,-272.15384615384556,528.6153846153852,13.0,64.0
1700.0,15,-280.09523809523773,567.5714285714288,21.0,66.0
1800.0,15,-283.99999999999966,609.1724137931036,29.0,74.0
1900.0,15,-292.2105263157888,647.8421052631581,19.0,70.0
2000.0,15,-305.5384615384611,679.8846153846156,26.0,74.0
2100.0,15,-324.5294117647053,712.7058823529416,17.0,70.0
2200.0,15,-348.8260869565212,744.6956521739132,23.0,74.0
2300.0,15,-377.35714285714187,766.2142857142861,14.0,70.0
2400.0,15,-416.9999999999993,776.5652173913046,23.0,68.0
2500.0,15,-452.04347826086894,792.4782608695655,23.0,70.0
2600.0,15,-487.4999999999992,808.0625000000002,16.0,70.0
2700.0,15,-519.1999999999989,822.3000000000004,10.0,60.0
2800.0,15,-557.2631578947363,824.2631578947371,19.0,60.0
2900.0,15,-594.9545454545447,828.4545454545457,22.0,66.0
3000.0,15,-631.5238095238087,841.1904761904764,21.0,66.0
3100.0,15,-675.583333333332,862.9166666666669,12.0,58.0
3200.0,15,-679.999999999999,888.0625,16.0,68.0
3300.0,15,-672.3846153846141,926.7692307692308,13.0,68.0
3400.0,15,-640.3749999999989,950.875,16.0,72.0
3500.0,15,-603.7142857142849,974.904761904762,21.0,76.0
3600.0,15,-564.3999999999992,998.5000000000002,20.0,56.0
3700.0,15,-527.7826086956512,1020.7391304347827,23.0,74.0
3800.0,15,-497.9999999999993,1043.1724137931037,29.0,76.0
3900.0,15,-467.92857142857,1058.2142857142862,14.0,62.0
4000.0,15,-430.8461538461523,1080.461538461539,13.0,68.0
4100.0,15,-398.4444444444421,1085.8888888888898,9.0,64.0
4200.0,15,-358.23809523809433,1076.7619047619053,21.0,70.0
4300.0,15,-329.8181818181801,1066.0000000000014,11.0,66.0
4400.0,15,-290.5185185185179,1063.7037037037042,27.0,68.0
4500.0,15,-246.89999999999918,1063.750000000001,20.0,56.0
4600.0,15,-211.42105263157794,1053.315789473685,19.0,76.0
4700.0,15,-177.42857142856997,1038.0000000000011,14.0,74.0
4800.0,15,-144.89473684210412,1022.6315789473692,19.0,72.0
4900.0,15,-109.99999999999851,1006.2666666666676,15.0,60.0
5000.0,15,-73.11999999999892,985.4400000000005,25.0,74.0
5100.0,15,-33.947368421051195,970.5789473684217,19.0,68.0
5200.0,15,-5.461538461537373,946.3461538461544,26.0,64.0
5300.0,15,36.571428571430644,926.8571428571439,14.0,60.0
5400.0,15,68.46153846154071,906.7692307692321,13.0,66.0
5500.0,15,103.83333333333582,884.6666666666681,12.0,60.0
5600.0,15,134.56250000000173,863.8750000000011,16.0,64.0
5700.0,15,168.30769230769442,849.2307692307706,13.0,70.0
5800.0,15,200.8181818181831,829.2272727272735,22.0,62.0
5900.0,15,238.400000000002,815.2000000000012,15.0,62.0
6000.0,15,264.043478260871,787.4782608695659,23.0,68.0
6100.0,15,283.3846153846175,749.4615384615398,13.0,66.0
6200.0,15,296.66666666666845,707.4000000000012,15.0,70.0
6300.0,15,309.07142857143026,669.5714285714299,14.0,68.0
6400.0,15,314.6190476190487,629.7142857142866,21.0,66.0
6500.0,15,321.8888888888897,591.5925925925933,27.0,70.0
6600.0,15,340.8333333333345,551.8888888888899,18.0,68.0
6700.0,15,352.31818181818284,508.81818181818267,22.0,64.0
6800.0,15,361.90000000000225,479.600000000002,10.0,54.0
6900.0,15,369.76000000000096,453.04000000000093,25.0,70.0
7000.0,15,371.0344827586216,420.10344827586283,29.0,70.0
7100.0,15,368.3793103448285,383.5517241379319,29.0,64.0
7200.0,15,360.7666666666676,344.9000000000007,30.0,72.0
7300.0,15,345.9333333333353,308.73333333333477,15.0,64.0
7400.0,15,345.3125000000018,274.5625000000013,16.0,64.0
7500.0,15,353.3529411764721,238.52941176470716,17.0,62.0
7600.0,15,377.6296296296307,218.59259259259332,27.0,68.0
7700.0,15,417.0000000000021,209.71428571428686,14.0,62.0
7800.0,15,455.27272727273,197.54545454545595,11.0,62.0
7900.0,15,489.9285714285736,180.35714285714423,14.0,56.0
8000.0,15,524.9600000000012,168.1200000000008,25.0,74.0
8100.0,15,561.6666666666691,149.08333333333505,12.0,68.0
8200.0,15,596.4000000000019,135.0666666666679,15.0,64.0
8300.0,15,630.2000000000019,107.73333333333471,15.0,58.0
8400.0,15,648.5555555555572,78.05555555555664,18.0,54.0
8500.0,15,671.200000000001,43.96666666666731,30.0,76.0
8600.0,15,685.0909090909117,9.818181818183431,11.0,66.0
8700.0,15,705.6666666666686,-23.06666666666554,15.0,66.0
8800.0,15,721.5517241379321,-49.51724137930983,29.0,70.0
8900.0,15,727.6451612903235,-93.22580645161247,31.0,70.0
9000.0,15,737.121212121213,-128.45454545454507,33.0,76.0
9100.0,15,752.944444444446,-158.83333333333263,18.0,70.0
9200.0,15,771.916666666669,-192.6666666666654,12.0,62.0
9300.0,15,803.0434782608708,-208.26086956521672,23.0,64.0
9400.0,15,842.1666666666691,-220.41666666666544,12.0,64.0
9500.0,15,870.9523809523824,-230.4285714285707,21.0,60.0
9600.0,15,902.5384615384639,-242.9230769230757,13.0,60.0
9700.0,15,929.2500000000018,-256.312499999999,16.0,66.0
9800.0,15,961.7586206896563,-273.7586206896546,29.0,70.0
9900.0,15,994.4000000000032,-285.4999999999984,10.0,60.0
10000.0,15,1031.3636363636392,-297.7272727272712,11.0,62.0
0.0,16,49.6,48.8,5.0,30.0
100.0,16,46.741935483870925,18.19354838709667,31.0,74.0
200.0,16,50.12499999999966,-20.437500000000284,16.0,62.0
300.0,16,51.27272727272682,-52.04545454545471,22.0,60.0
400.0,16,47.44444444444394,-89.96296296296306,27.0,74.0
500.0,16,48.18749999999897,-129.50000000000028,16.0,70.0
600.0,16,42.12903225806397,-162.93548387096791,31.0,64.0
700.0,16,34.92857142857057,-203.17857142857176,28.0,66.0
800.0,16,27.59999999999917,-241.30000000000032,30.0,68.0
900.0,16,15.899999999997618,-277.9000000000008,10.0,60.0
1000.0,16,8.380952380951195,-313.5714285714289,21.0,64.0
1100.0,16,-11.692307692309612,-346.0769230769236,13.0,68.0
1200.0,16,-29.214285714287726,-376.35714285714346,14.0,66.0
1300.0,16,-46.92307692307899,-406.6153846153852,13.0,70.0
1400.0,16,-57.93333333333523,-442.00000000000034,15.0,74.0
1500.0,16,-74.55555555555867,-477.11111111111165,9.0,58.0
1600.0,16,-83.61538461538564,-513.269230769231,26.0,66.0
1700.0,16,-103.06250000000159,-546.8125000000003,16.0,66.0
1800.0,16,-123.03846153846257,-583.0000000000002,26.0,58.0
1900.0,16,-139.53333333333515,-618.0000000000005,15.0,70.0
2000.0,16,-160.78571428571627,-651.0000000000005,14.0,66.0
2100.0,16,-176.13636363636502,-679.6818181818186,22.0,64.0
2200.0,16,-200.5500000000015,-703.4500000000004,20.0,66.0
2300.0,16,-237.44444444444608,-726.8888888888894,18.0,74.0
2400.0,16,-260.88888888889,-747.2222222222225,27.0,68.0
2500.0,16,-282.3666666666676,-781.5000000000002,30.0,74.0
2600.0,16,-300.6153846153868,-823.4615384615392,13.0,66.0
2700.0,16,-319.58823529411944,-856.5294117647063,17.0,58.0
2800.0,16,-337.2105263157911,-879.947368421053,19.0,56.0
2900.0,16,-365.42105263158055,-909.7368421052636,19.0,66.0
3000.0,16,-376.8333333333346,-947.7083333333336,24.0,68.0
3100.0,16,-388.7142857142879,-975.0000000000003,14.0,64.0
3200.0,16,-401.46153846154084,-1017.3846153846159,13.0,62.0
3300.0,16,-415.00000000000125,-1051.2083333333337,24.0,72.0
3400.0,16,-431.80000000000103,-1087.0000000000002,30.0,76.0
3500.0,16,-443.5294117647076,-1123.4705882352946,17.0,62.0
3600.0,16,-455.9655172413804,-1164.8965517241381,29.0,70.0
3700.0,16,-460.23529411764787,-1203.4117647058824,34.0,68.0
3800.0,16,-471.45454545454675,-1246.0909090909092,22.0,74.0
3900.0,16,-499.6666666666696,-1269.2222222222226,9.0,56.0
4000.0,16,-528.2380952380963,-1279.1904761904764,21.0,70.0
4100.0,16,-560.0714285714303,-1285.714285714286,14.0,64.0
4200.0,16,-596.7666666666674,-1287.3000000000002,30.0,72.0
4300.0,16,-638.4482758620697,-1294.7241379310346,29.0,72.0
4400.0,16,-676.0000000000011,-1306.4000000000003,20.0,64.0
4500.0,16,-713.2857142857152,-1320.52380952381,21.0,64.0
4600.0,16,-745.1428571428586,-1326.428571428572,14.0,64.0
4700.0,16,-776.0000000000006,-1348.1621621621625,37.0,78.0
4800.0,16,-802.1333333333346,-1363.6000000000006,15.0,64.0
4900.0,16,-838.1666666666682,-1373.1666666666677,12.0,68.0
5000.0,16,-877.1111111111119,-1385.740740740741,27.0,76.0
5100.0,16,-910.7857142857157,-1396.8571428571436,14.0,60.0
5200.0,16,-942.0000000000008,-1397.9600000000005,25.0,78.0
5300.0,16,-978.9375000000013,-1405.6875000000007,16.0,58.0
5400.0,16,-1009.5625000000013,-1418.7500000000005,16.0,66.0
5500.0,16,-1049.214285714287,-1442.3571428571436,14.0,70.0
5600.0,16,-1081.3125000000011,-1458.687500000001,16.0,64.0
5700.0,16,-1119.900000000002,-1473.3000000000013,10.0,60.0
5800.0,16,-1148.850000000001,-1488.3500000000008,20.0,66.0
5900.0,16,-1187.850000000001,-1500.9500000000007,20.0,78.0
6000.0,16,-1213.0769230769247,-1533.076923076924,13.0,56.0
6100.0,16,-1222.800000000002,-1564.1000000000013,10.0,54.0
6200.0,16,-1231.4705882352953,-1592.705882352942,17.0,66.0
6300.0,16,-1243.6153846153861,-1630.5384615384621,13.0,66.0
6400.0,16,-1258.428571428572,-1659.821428571429,28.0,72.0
6500.0,16,-1274.9166666666683,-1697.8333333333337,12.0,60.0
6600.0,16,-1302.272727272729,-1737.0909090909095,11.0,56.0
6700.0,16,-1333.6250000000007,-1761.8750000000002,32.0,78.0
6800.0,16,-1367.4400000000007,-1781.6000000000001,25.0,66.0
6900.0,16,-1402.4705882352953,-1808.8235294117649,17.0,74.0
7000.0,16,-1433.230769230771,-1835.1538461538464,13.0,66.0
7100.0,16,-1453.538461538463,-1862.9230769230774,13.0,64.0
7200.0,16,-1467.5000000000016,-1897.9166666666674,12.0,68.0
7300.0,16,-1498.5000000000018,-1925.9166666666674,12.0,64.0
7400.0,16,-1534.391304347827,-1937.4782608695657,23.0,68.0
7500.0,16,-1572.0526315789484,-1951.4210526315794,19.0,58.0
7600.0,16,-1601.09090909091,-1964.9545454545457,22.0,78.0
7700.0,16,-1635.2222222222244,-1975.4444444444455,9.0,56.0
7800.0,16,-1673.3636363636372,-1984.8181818181822,22.0,64.0
7900.0,16,-1704.0714285714296,-2005.7142857142865,14.0,64.0
8000.0,16,-1738.3846153846166,-2026.3846153846162,13.0,70.0
8100.0,16,-1763.5625000000007,-2055.6875000000005,16.0,68.0
8200.0,16,-1795.6428571428576,-2082.8928571428573,28.0,64.0
8300.0,16,-1816.7500000000002,-2116.7857142857147,28.0,74.0
8400.0,16,-1834.3125000000005,-2156.2500000000005,16.0,64.0
8500.0,16,-1856.4000000000005,-2188.8,15.0,58.0
8600.0,16,-1878.0000000000002,-2221.5000000000005,22.0,68.0
8700.0,16,-1889.5,-2254.0625000000005,16.0,70.0
8800.0,16,-1898.969696969697,-2294.636363636364,33.0,82.0
8900.0,16,-1912.6000000000004,-2329.8,10.0,62.0
9000.0,16,-1920.3333333333335,-2362.5333333333333,15.0,68.0
9100.0,16,-1937.45,-2399.45,20.0,62.0
9200.0,16,-1957.1818181818182,-2429.2272727272725,22.0,78.0
9300.0,16,-1972.6875,-2470.5625,16.0,72.0
9400.0,16,-1985.0000000000002,-2509.9375,16.0,60.0
9500.0,16,-2002.4000000000003,-2544.7000000000003,10.0,60.0
9600.0,16,-2009.9375000000002,-2578.75,16.0,60.0
9700.0,16,-2009.878787878788,-2621.6969696969695,33.0,72.0
9800.0,16,-2001.4583333333337,-2658.25,24.0,60.0
9900.0,16,-1980.2727272727277,-2686.136363636364,22.0,72.0
10000.0,16,-1956.7272727272732,-2720.136363636364,22.0,64.0
0.0,17,50.0,50.0,1.0,8.0
100.0,17,15.80000000000013,47.79999999999992,20.0,62.0
200.0,17,-20.214285714285708,51.71428571428554,28.0,68.0
300.0,17,-55.13636363636357,60.90909090909083,22.0,66.0
400.0,17,-88.82142857142847,72.9642857142857,28.0,76.0
500.0,17,-127.72727272727262,75.72727272727268,22.0,72.0
600.0,17,-161.4230769230768,77.30769230769214,26.0,64.0
700.0,17,-196.1999999999998,61.86666666666635,15.0,60.0
800.0,17,-231.4999999999999,55.16666666666644,24.0,72.0
900.0,17,-270.4166666666667,37.291666666666494,24.0,74.0
1000.0,17,-302.69999999999993,18.19999999999963,10.0,66.0
1100.0,17,-327.7272727272726,-18.09090909090955,11.0,68.0
1200.0,17,-346.44999999999993,-50.35000000000027,20.0,70.0
1300.0,17,-364.3636363636359,-85.90909090909147,11.0,68.0
1400.0,17,-387.52631578947353,-113.31578947368459,19.0,66.0
1500.0,17,-423.111111111111,-133.0370370370373,27.0,72.0
1600.0,17,-461.59999999999945,-149.2666666666671,15.0,74.0
1700.0,17,-500.66666666666583,-172.666666666667,12.0,58.0
1800.0,17,-534.5294117647053,-192.58823529411802,17.0,76.0
1900.0,17,-575.9999999999997,-222.12121212121235,33.0,76.0
2000.0,17,-589.5454545454539,-230.27272727272756,22.0,66.0
2100.0,17,-553.2222222222215,-240.05555555555577,18.0,60.0
2200.0,17,-518.7272727272721,-259.13636363636374,22.0,58.0
2300.0,17,-483.27272727272606,-273.3636363636365,11.0,66.0
2400.0,17,-446.0937499999996,-280.90625000000006,32.0,72.0
2500.0,17,-413.42307692307634,-286.3076923076924,26.0,60.0
2600.0,17,-370.7222222222219,-288.2777777777779,36.0,70.0
2700.0,17,-328.3199999999994,-295.52000000000015,25.0,62.0
2800.0,17,-296.5161290322575,-308.1612903225807,31.0,70.0
2900.0,17,-258.14285714285575,-318.0000000000001,14.0,60.0
3000.0,17,-220.78571428571283,-332.28571428571433,14.0,66.0
3100.0,17,-191.64285714285575,-346.5714285714286,14.0,70.0
3200.0,17,-165.23529411764602,-378.47058823529414,17.0,64.0
3300.0,17,-144.4761904761897,-416.28571428571433,21.0,70.0
3400.0,17,-138.8947368421044,-443.57894736842104,19.0,64.0
3500.0,17,-130.0399999999993,-485.6800000000001,25.0,66.0
3600.0,17,-108.92857142857072,-507.42857142857144,28.0,66.0
3700.0,17,-76.17142857142804,-525.6857142857143,35.0,78.0
3800.0,17,-39.839999999999236,-537.8000000000001,25.0,66.0
3900.0,17,0.33333333333472787,-549.4666666666666,15.0,64.0
4000.0,17,36.42857142857301,-564.2857142857143,14.0,64.0
4100.0,17,78.84615384615527,-581.0,13.0,52.0
4200.0,17,109.7368421052642,-593.4736842105264,19.0,68.0
4300.0,17,145.17647058823658,-609.7058823529412,17.0,68.0
4400.0,17,177.66666666666796,-625.4000000000001,15.0,68.0
4500.0,17,211.11111111111222,-646.5000000000001,18.0,76.0
4600.0,17,237.7777777777803,-664.888888888889,9.0,60.0
4700.0,17,276.2352941176477,-663.6764705882352,34.0,74.0
4800.0,17,316.5588235294124,-665.3235294117648,34.0,70.0
4900.0,17,351.2727272727279,-675.6666666666667,33.0,76.0
5000.0,17,390.1428571428578,-683.1785714285714,28.0,70.0
5100.0,17,427.35483870967806,-694.0967741935483,31.0,72.0
5200.0,17,467.3750000000011,-708.1875,16.0,72.0
5300.0,17,500.11111111111313,-730.9999999999999,9.0,60.0
5400.0,17,517.2727272727288,-757.9999999999998,11.0,62.0
5500.0,17,537.2631578947379,-795.157894736842,19.0,64.0
5600.0,17,560.904761904763,-823.6666666666666,21.0,66.0
5700.0,17,602.0000000000009,-834.5600000000001,25.0,68.0
5800.0,17,638.6666666666679,-842.7777777777777,18.0,82.0
5900.0,17,671.1538461538477,-854.6153846153845,13.0,64.0
6000.0,17,703.9166666666681,-866.9999999999999,12.0,64.0
6100.0,17,743.4666666666677,-890.8666666666666,15.0,60.0
6200.0,17,770.8918918918923,-924.7297297297297,37.0,82.0
6300.0,17,795.1379310344832,-959.7241379310345,29.0,78.0
6400.0,17,815.6521739130442,-985.0,23.0,76.0
6500.0,17,843.416666666668,-997.0,12.0,60.0
6600.0,17,883.1764705882363,-1002.764705882353,17.0,72.0
6700.0,17,921.5625000000014,-1009.7499999999999,16.0,70.0
6800.0,17,957.8461538461554,-1017.7692307692306,13.0,72.0
6900.0,17,992.9333333333346,-1041.8,15.0,72.0
7000.0,17,1025.6428571428585,-1061.2857142857142,14.0,52.0
7100.0,17,1061.5000000000011,-1082.642857142857,14.0,64.0
7200.0,17,1094.6521739130442,-1099.6086956521738,23.0,68.0
7300.0,17,1132.29411764706,-1113.0588235294117,17.0,76.0
7400.0,17,1164.000000000001,-1132.9473684210525,19.0,72.0
7500.0,17,1191.722222222223,-1158.888888888889,18.0,72.0
7600.0,17,1208.8181818181831,-1191.2727272727275,11.0,68.0
7700.0,17,1222.7692307692319,-1217.2307692307695,13.0,72.0
7800.0,17,1229.9545454545462,-1250.2272727272727,22.0,60.0
7900.0,17,1224.481481481482,-1292.2592592592594,27.0,66.0
8000.0,17,1209.5000000000007,-1330.7,20.0,62.0
8100.0,17,1186.7368421052638,-1360.7368421052633,19.0,68.0
8200.0,17,1166.4210526315796,-1388.8947368421057,19.0,78.0
8300.0,17,1150.8333333333342,-1418.9444444444448,18.0,58.0
8400.0,17,1139.5454545454552,-1453.4545454545457,22.0,56.0
8500.0,17,1142.0000000000011,-1492.0000000000005,12.0,70.0
8600.0,17,1153.4615384615395,-1535.2307692307697,13.0,62.0
8700.0,17,1164.9000000000008,-1578.1000000000004,20.0,64.0
8800.0,17,1176.2500000000007,-1619.9000000000005,20.0,66.0
8900.0,17,1194.533333333334,-1652.0000000000007,15.0,62.0
9000.0,17,1212.3888888888894,-1688.3888888888894,18.0,72.0
9100.0,17,1234.368421052632,-1721.6315789473688,19.0,66.0
9200.0,17,1254.9500000000005,-1760.0000000000005,20.0,58.0
9300.0,17,1277.7368421052636,-1795.052631578948,19.0,60.0
9400.0,17,1293.571428571429,-1831.8571428571436,14.0,64.0
9500.0,17,1307.8571428571433,-1859.3571428571436,14.0,62.0
9600.0,17,1299.608695652174,-1893.7826086956525,23.0,66.0
9700.0,17,1291.4500000000003,-1929.8000000000004,20.0,62.0
9800.0,17,1282.333333333334,-1967.3333333333344,9.0,58.0
9900.0,17,1264.571428571429,-2006.285714285715,21.0,66.0
10000.0,17,1241.1176470588239,-2035.4705882352948,17.0,64.0
0.0,18,50.4,49.2,5.0,24.0
100.0,18,72.35999999999994,16.399999999999928,25.0,72.0
200.0,18,86.33333333333323,-20.11111111111137,9.0,64.0
300.0,18,97.20000000000002,-61.50000000000009,20.0,62.0
400.0,18,105.14285714285708,-102.50000000000033,14.0,64.0
500.0,18,118.65517241379311,-139.7931034482761,29.0,68.0
600.0,18,127.8666666666666,-176.46666666666684,30.0,78.0
700.0,18,139.74999999999986,-215.56250000000043,16.0,66.0
800.0,18,156.99999999999977,-248.8181818181825,11.0,66.0
900.0,18,162.40909090909065,-279.81818181818204,22.0,66.0
1000.0,18,172.0833333333328,-314.66666666666686,12.0,62.0
1100.0,18,165.47058823529372,-348.52941176470614,17.0,64.0
1200.0,18,137.13636363636328,-363.4545454545456,22.0,64.0
1300.0,18,103.99999999999959,-390.5000000000002,20.0,74.0
1400.0,18,74.77777777777735,-410.1111111111113,18.0,66.0
1500.0,18,42.88235294117602,-428.76470588235316,17.0,72.0
1600.0,18,13.611111111110752,-445.27777777777806,18.0,62.0
1700.0,18,-28.187500000000426,-459.1875000000004,16.0,78.0
1800.0,18,-62.25000000000019,-464.7083333333336,24.0,70.0
1900.0,18,-97.27777777777803,-464.83333333333366,18.0,60.0
2000.0,18,-125.68421052631601,-470.5263157894741,19.0,64.0
2100.0,18,-160.2307692307695,-478.0769230769238,13.0,72.0
2200.0,18,-199.08333333333368,-490.91666666666737,12.0,62.0
2300.0,18,-236.64285714285734,-506.6428571428577,14.0,64.0
2400.0,18,-265.3571428571431,-524.2142857142863,14.0,64.0
2500.0,18,-295.7826086956525,-537.7826086956525,23.0,66.0
2600.0,18,-328.18181818181847,-558.1818181818186,11.0,64.0
2700.0,18,-342.3636363636366,-589.3181818181821,22.0,70.0
2800.0,18,-351.94444444444485,-623.7222222222227,18.0,70.0
2900.0,18,-336.65217391304367,-665.9565217391308,23.0,84.0
3000.0,18,-312.40000000000026,-695.0500000000005,20.0,72.0
3100.0,18,-294.38461538461587,-728.9230769230777,13.0,60.0
3200.0,18,-274.0555555555557,-764.7222222222227,18.0,66.0
3300.0,18,-269.9200000000003,-802.2800000000004,25.0,66.0
3400.0,18,-280.5500000000003,-842.1000000000005,20.0,76.0
3500.0,18,-294.5000000000002,-874.9615384615389,26.0,70.0
3600.0,18,-297.85000000000025,-917.3500000000005,20.0,68.0
3700.0,18,-301.86956521739154,-954.9565217391307,23.0,66.0
3800.0,18,-317.4545454545457,-984.4545454545458,22.0,74.0
3900.0,18,-334.9090909090915,-1019.9090909090914,11.0,70.0
4000.0,18,-346.1739130434787,-1054.4782608695655,23.0,68.0
4100.0,18,-359.00000000000085,-1093.3333333333337,12.0,62.0
4200.0,18,-365.69565217391346,-1138.434782608696,23.0,66.0
4300.0,18,-384.6875000000007,-1176.7500000000002,16.0,62.0
4400.0,18,-406.1875000000005,-1216.3125000000002,16.0,68.0
4500.0,18,-420.69565217391346,-1248.7826086956522,23.0,64.0
4600.0,18,-427.6800000000004,-1284.7200000000003,25.0,74.0
4700.0,18,-436.8888888888893,-1327.5555555555559,18.0,64.0
4800.0,18,-454.31250000000057,-1360.1250000000002,16.0,68.0
4900.0,18,-480.8000000000005,-1389.8000000000002,15.0,62.0
5000.0,18,-517.6923076923085,-1409.3846153846157,13.0,64.0
5100.0,18,-557.52380952381,-1421.3809523809525,21.0,76.0
5200.0,18,-592.0000000000007,-1433.666666666667,12.0,64.0
5300.0,18,-624.6250000000005,-1447.0625000000002,16.0,80.0
5400.0,18,-657.0526315789476,-1472.842105263158,19.0,66.0
5500.0,18,-683.7500000000002,-1505.0,28.0,72.0
5600.0,18,-695.2000000000005,-1545.0,15.0,60.0
5700.0,18,-711.6153846153851,-1580.076923076923,13.0,66.0
5800.0,18,-735.586206896552,-1609.8620689655172,29.0,74.0
5900.0,18,-760.0769230769238,-1652.6153846153845,13.0,76.0
6000.0,18,-774.8846153846157,-1688.1153846153845,26.0,64.0
6100.0,18,-798.8333333333342,-1711.9166666666667,12.0,64.0
6200.0,18,-832.2500000000008,-1734.0,12.0,70.0
6300.0,18,-864.4615384615389,-1749.4615384615386,13.0,58.0
6400.0,18,-903.4000000000003,-1762.8,25.0,66.0
6500.0,18,-937.3157894736845,-1775.5789473684208,19.0,68.0
6600.0,18,-977.739130434783,-1790.0434782608693,23.0,62.0
6700.0,18,-1008.2352941176475,-1809.6470588235288,17.0,72.0
6800.0,18,-1032.7200000000005,-1846.8399999999997,25.0,72.0
6900.0,18,-1044.933333333334,-1878.7999999999997,15.0,68.0
7000.0,18,-1068.434782608696,-1909.7391304347825,23.0,62.0
7100.0,18,-1099.2000000000003,-1929.6666666666665,30.0,76.0
7200.0,18,-1134.3571428571436,-1952.2142857142849,14.0,58.0
7300.0,18,-1148.941176470589,-1983.7647058823522,17.0,62.0
7400.0,18,-1163.5555555555568,-2016.8888888888873,9.0,62.0
7500.0,18,-1196.1428571428576,-2033.071428571428,28.0,76.0
7600.0,18,-1228.733333333334,-2049.0666666666657,15.0,68.0
7700.0,18,-1269.166666666667,-2070.6249999999995,24.0,68.0
7800.0,18,-1304.2400000000002,-2084.6799999999994,25.0,72.0
7900.0,18,-1343.9583333333335,-2099.416666666666,24.0,70.0
8000.0,18,-1374.9473684210532,-2114.7368421052624,19.0,62.0
8100.0,18,-1403.8571428571433,-2129.3333333333326,21.0,72.0
8200.0,18,-1441.2666666666673,-2141.3333333333326,15.0,68.0
8300.0,18,-1482.5789473684215,-2145.631578947368,19.0,76.0
8400.0,18,-1524.1200000000003,-2154.1999999999994,25.0,64.0
8500.0,18,-1559.4000000000005,-2169.2999999999993,20.0,64.0
8600.0,18,-1587.1428571428576,-2193.904761904761,21.0,70.0
8700.0,18,-1613.6111111111118,-2219.1111111111104,18.0,68.0
8800.0,18,-1655.2500000000007,-2233.187499999999,16.0,62.0
8900.0,18,-1687.3913043478265,-2250.043478260869,23.0,74.0
9000.0,18,-1726.2000000000003,-2264.5599999999995,25.0,74.0
9100.0,18,-1751.7200000000003,-2282.399999999999,25.0,68.0
9200.0,18,-1792.105263157895,-2298.631578947368,19.0,64.0
9300.0,18,-1820.1875000000005,-2336.0624999999995,16.0,60.0
9400.0,18,-1841.5000000000005,-2373.4999999999995,14.0,68.0
9500.0,18,-1866.434782608696,-2404.2173913043475,23.0,74.0
9600.0,18,-1901.8695652173917,-2425.260869565217,23.0,66.0
9700.0,18,-1940.0000000000005,-2429.6956521739125,23.0,62.0
9800.0,18,-1975.7777777777783,-2447.1111111111104,18.0,70.0
9900.0,18,-2005.7222222222226,-2466.11111111111,18.0,68.0
10000.0,18,-2048.857142857143,-2485.857142857142,28.0,68.0
0.0,19,50.5,50.0,2.0,14.0
100.0,19,39.45000000000007,86.09999999999998,20.0,66.0
200.0,19,20.000000000000036,121.40000000000002,10.0,62.0
300.0,19,4.499999999999919,159.78571428571428,14.0,64.0
400.0,19,-8.733333333333448,200.6666666666666,15.0,72.0
500.0,19,-25.07142857142867,237.92857142857133,14.0,60.0
600.0,19,-35.97222222222227,272.8333333333334,36.0,78.0
700.0,19,-44.13043478260882,312.1304347826089,23.0,60.0
800.0,19,-55.750000000000284,356.3750000000001,24.0,68.0
900.0,19,-56.58333333333356,383.91666666666674,24.0,64.0
1000.0,19,-58.83333333333374,423.94444444444446,18.0,74.0
1100.0,19,-68.73076923076951,461.1923076923077,26.0,70.0
1200.0,19,-77.77777777777816,501.33333333333337,18.0,62.0
1300.0,19,-90.2000000000003,533.6000000000001,20.0,66.0
1400.0,19,-114.64285714285764,568.8571428571431,14.0,78.0
1500.0,19,-131.04545454545496,597.4545454545455,22.0,70.0
1600.0,19,-154.00000000000054,628.6111111111113,18.0,56.0
1700.0,19,-166.45833333333383,652.6666666666669,24.0,64.0
1800.0,19,-176.91666666666774,687.0833333333335,12.0,58.0
1900.0,19,-183.73913043478314,728.217391304348,23.0,64.0
2000.0,19,-203.31578947368493,758.6842105263161,19.0,74.0
2100.0,19,-230.8333333333337,780.3333333333335,30.0,76.0
2200.0,19,-268.0769230769241,800.6153846153846,13.0,74.0
2300.0,19,-302.0476190476196,824.7619047619048,21.0,68.0
2400.0,19,-340.91304347826144,841.2608695652174,23.0,62.0
2500.0,19,-379.93750000000057,853.75,16.0,62.0
2600.0,19,-413.583333333334,861.1666666666665,12.0,66.0
2700.0,19,-455.3333333333341,852.9999999999999,12.0,64.0
2800.0,19,-491.571428571429,834.5714285714284,14.0,64.0
2900.0,19,-527.8500000000003,819.1999999999999,20.0,76.0
3000.0,19,-558.8571428571431,802.5000000000002,14.0,62.0
3100.0,19,-596.7333333333335,789.6000000000003,15.0,66.0
3200.0,19,-633.5172413793105,777.6206896551724,29.0,70.0
3300.0,19,-668.2333333333335,770.2333333333333,30.0,66.0
3400.0,19,-705.0000000000005,753.5454545454546,11.0,62.0
3500.0,19,-703.7058823529413,711.7058823529411,17.0,66.0
3600.0,19,-702.1034482758622,675.551724137931,29.0,66.0
3700.0,19,-700.6400000000001,642.2799999999999,25.0,74.0
3800.0,19,-698.4615384615389,606.8461538461535,13.0,68.0
3900.0,19,-712.6774193548389,571.3548387096772,31.0,72.0
4000.0,19,-729.2592592592594,542.4814814814813,27.0,68.0
4100.0,19,-750.814814814815,512.4814814814813,27.0,74.0
4200.0,19,-766.3125000000002,479.87499999999966,16.0,70.0
4300.0,19,-784.3636363636365,448.69696969696935,33.0,76.0
4400.0,19,-801.6666666666667,407.7777777777772,18.0,66.0
4500.0,19,-826.5714285714287,366.71428571428515,21.0,66.0
4600.0,19,-847.851851851852,352.62962962962916,27.0,74.0
4700.0,19,-880.7777777777779,351.5555555555547,18.0,68.0
4800.0,19,-921.214285714286,348.42857142857014,14.0,66.0
4900.0,19,-956.2857142857144,335.9285714285707,28.0,66.0
5000.0,19,-995.8333333333337,324.8888888888878,18.0,66.0
5100.0,19,-1030.055555555556,301.7222222222211,18.0,78.0
5200.0,19,-1056.333333333334,271.41666666666487,12.0,70.0
5300.0,19,-1082.7333333333336,234.63333333333264,30.0,70.0
5400.0,19,-1100.0714285714294,202.07142857142722,14.0,72.0
5500.0,19,-1109.6000000000006,166.79999999999876,15.0,66.0
5600.0,19,-1116.0833333333342,134.91666666666515,12.0,64.0
5700.0,19,-1116.3600000000004,93.19999999999919,25.0,70.0
5800.0,19,-1114.2400000000005,57.99999999999918,25.0,72.0
5900.0,19,-1115.5263157894742,18.8947368421043,19.0,68.0
6000.0,19,-1116.0833333333335,-23.29166666666748,24.0,66.0
6100.0,19,-1132.4000000000008,-55.000000000001236,15.0,68.0
6200.0,19,-1162.055555555556,-82.50000000000097,18.0,76.0
6300.0,19,-1199.1111111111118,-95.88888888889005,18.0,68.0
6400.0,19,-1232.3636363636376,-110.54545454545661,11.0,70.0
6500.0,19,-1273.8500000000006,-125.75000000000111,20.0,80.0
6600.0,19,-1311.2631578947376,-148.47368421052738,19.0,74.0
6700.0,19,-1347.2105263157903,-172.1578947368431,19.0,64.0
6800.0,19,-1383.8333333333342,-192.16666666666774,18.0,58.0
6900.0,19,-1419.5882352941187,-204.11764705882462,17.0,72.0
7000.0,19,-1453.8571428571443,-218.71428571428714,14.0,66.0
7100.0,19,-1482.4000000000012,-230.86666666666807,15.0,62.0
7200.0,19,-1503.6666666666677,-261.2000000000014,15.0,72.0
7300.0,19,-1511.5714285714291,-300.82142857142935,28.0,68.0
7400.0,19,-1520.961538461539,-340.6153846153854,26.0,64.0
7500.0,19,-1543.0555555555566,-377.000000000001,18.0,56.0
7600.0,19,-1566.5555555555566,-403.2777777777787,18.0,70.0
7700.0,19,-1600.2000000000012,-423.2666666666677,15.0,66.0
7800.0,19,-1613.8461538461554,-455.846153846155,13.0,70.0
7900.0,19,-1634.2413793103456,-488.620689655173,29.0,74.0
8000.0,19,-1651.4000000000008,-522.5200000000007,25.0,68.0
8100.0,19,-1667.588235294119,-551.0000000000008,17.0,64.0
8200.0,19,-1689.5000000000018,-586.4166666666675,12.0,68.0
8300.0,19,-1720.4000000000015,-596.133333333334,15.0,70.0
8400.0,19,-1759.7272727272746,-608.6363636363648,11.0,56.0
8500.0,19,-1794.57142857143,-607.3571428571438,14.0,68.0
8600.0,19,-1831.1071428571436,-617.0000000000005,28.0,74.0
8700.0,19,-1868.0714285714294,-622.6071428571433,28.0,74.0
8800.0,19,-1904.8260869565227,-622.5652173913048,23.0,64.0
8900.0,19,-1942.5882352941187,-611.7647058823537,17.0,64.0
9000.0,19,-1973.6666666666674,-592.4166666666672,24.0,66.0
9100.0,19,-2011.2000000000019,-573.8000000000014,10.0,66.0
9200.0,19,-2043.4444444444455,-564.2222222222229,18.0,70.0
9300.0,19,-2073.923076923078,-544.4615384615395,13.0,62.0
9400.0,19,-2106.681818181819,-532.8181818181824,22.0,64.0
9500.0,19,-2134.384615384617,-515.7692307692319,13.0,62.0
9600.0,19,-2166.0526315789484,-511.2105263157903,19.0,68.0
9700.0,19,-2203.9523809523816,-519.8095238095246,21.0,58.0
9800.0,19,-2243.272727272729,-537.2727272727287,11.0,70.0
9900.0,19,-2284.200000000001,-555.7000000000008,20.0,66.0
10000.0,19,-2324.4545454545473,-573.0909090909105,11.0,66.0
0.0,2,50.0,50.5,2.0,14.0
100.0,2,24.444444444444414,40.500000000000085,18.0,62.0
200.0,2,-14.636363636363797,25.636363636363793,11.0,66.0
300.0,2,-18.12500000000017,1.5625000000000995,16.0,62.0
400.0,2,-44.94736842105291,-21.73684210526301,19.0,66.0
500.0,2,-81.27777777777803,-41.72222222222212,18.0,76.0
600.0,2,-123.03448275862081,-65.75862068965498,29.0,76.0
700.0,2,-163.10714285714295,-73.96428571428552,28.0,72.0
800.0,2,-203.9473684210526,-77.7368421052628,19.0,64.0
900.0,2,-236.74999999999994,-85.74999999999953,20.0,74.0
1000.0,2,-276.4736842105263,-99.05263157894701,19.0,64.0
1100.0,2,-311.23076923076906,-120.61538461538409,13.0,64.0
1200.0,2,-334.3636363636364,-150.54545454545396,11.0,66.0
1300.0,2,-346.5999999999999,-184.1999999999997,20.0,60.0
1400.0,2,-362.92307692307685,-220.7307692307691,26.0,78.0
1500.0,2,-372.26666666666654,-257.0999999999999,30.0,68.0
1600.0,2,-383.8571428571427,-299.42857142857133,14.0,74.0
1700.0,2,-402.4545454545452,-337.81818181818153,11.0,68.0
1800.0,2,-415.0526315789472,-371.05263157894706,19.0,68.0
1900.0,2,-422.08333333333303,-406.583333333333,12.0,62.0
2000.0,2,-423.4,-445.4399999999999,25.0,66.0
2100.0,2,-413.76923076923066,-479.9230769230767,13.0,68.0
2200.0,2,-402.45454545454527,-519.5454545454545,11.0,60.0
2300.0,2,-383.7142857142858,-554.9285714285716,14.0,70.0
2400.0,2,-365.85000000000014,-582.95,20.0,58.0
2500.0,2,-351.294117647059,-614.4705882352941,17.0,76.0
2600.0,2,-334.3076923076924,-645.2692307692308,26.0,70.0
2700.0,2,-304.28000000000003,-675.04,25.0,66.0
2800.0,2,-268.73076923076934,-700.2692307692307,26.0,76.0
2900.0,2,-236.26315789473702,-714.7894736842104,19.0,70.0
3000.0,2,-203.95652173913055,-736.9565217391303,23.0,74.0
3100.0,2,-171.0000000000001,-763.3448275862067,29.0,80.0
3200.0,2,-140.1000000000002,-778.7499999999998,20.0,62.0
3300.0,2,-121.73684210526339,-820.4210526315787,19.0,58.0
3400.0,2,-102.66666666666701,-854.3333333333328,12.0,62.0
3500.0,2,-85.47826086956542,-889.6521739130432,23.0,74.0
3600.0,2,-72.23076923076997,-925.7692307692301,13.0,66.0
3700.0,2,-61.875000000000654,-963.8124999999994,16.0,74.0
3800.0,2,-38.96666666666697,-986.2999999999996,30.0,78.0
3900.0,2,-15.80000000000058,-1008.2666666666661,15.0,74.0
4000.0,2,-9.500000000000341,-1046.708333333333,24.0,72.0
4100.0,2,-0.6818181818185565,-1080.181818181818,22.0,64.0
4200.0,2,8.333333333332595,-1124.2499999999995,12.0,62.0
4300.0,2,20.499999999999474,-1162.3124999999998,16.0,54.0
4400.0,2,35.61111111111076,-1191.0555555555552,18.0,66.0
4500.0,2,55.7499999999997,-1228.0499999999997,20.0,74.0
4600.0,2,77.99999999999974,-1261.2222222222222,18.0,68.0
4700.0,2,107.55555555555534,-1278.7777777777778,27.0,68.0
4800.0,2,139.88888888888854,-1294.0555555555554,18.0,74.0
4900.0,2,173.9999999999996,-1313.4117647058822,17.0,72.0
5000.0,2,211.647058823529,-1330.9411764705878,17.0,68.0
5100.0,2,242.15384615384585,-1361.0384615384612,26.0,84.0
5200.0,2,272.4999999999995,-1383.1874999999995,16.0,64.0
5300.0,2,309.09999999999906,-1400.8999999999992,10.0,52.0
5400.0,2,344.45161290322545,-1419.5161290322578,31.0,82.0
5500.0,2,381.99999999999943,-1436.1363636363635,22.0,70.0
5600.0,2,415.1363636363631,-1452.181818181818,22.0,68.0
5700.0,2,455.6315789473679,-1472.631578947368,19.0,74.0
5800.0,2,491.11111111111006,-1489.5555555555547,9.0,60.0
5900.0,2,524.5454545454537,-1506.8181818181813,11.0,60.0
6000.0,2,556.0434782608693,-1515.5217391304345,23.0,64.0
6100.0,2,593.5882352941171,-1531.5294117647054,17.0,70.0
6200.0,2,629.7999999999995,-1545.4666666666662,15.0,66.0
6300.0,2,662.6363636363628,-1555.818181818181,11.0,62.0
6400.0,2,708.2173913043473,-1558.652173913043,23.0,64.0
6500.0,2,749.1851851851847,-1562.1481481481476,27.0,82.0
6600.0,2,784.8636363636358,-1565.2272727272723,22.0,74.0
6700.0,2,819.5999999999993,-1573.6499999999996,20.0,66.0
6800.0,2,855.1499999999994,-1585.2999999999995,20.0,68.0
6900.0,2,893.4545454545444,-1595.90909090909,11.0,58.0
7000.0,2,932.6842105263153,-1613.7894736842102,19.0,66.0
7100.0,2,966.3157894736837,-1628.3157894736837,19.0,60.0
7200.0,2,995.2499999999995,-1642.5499999999995,20.0,72.0
7300.0,2,1026.6666666666658,-1657.6666666666658,12.0,68.0
7400.0,2,1041.1428571428567,-1687.499999999999,14.0,68.0
7500.0,2,1054.2666666666662,-1720.9333333333327,15.0,62.0
7600.0,2,1080.6896551724135,-1740.5517241379307,29.0,72.0
7700.0,2,1110.384615384615,-1749.730769230769,26.0,66.0
7800.0,2,1148.4687499999998,-1750.1874999999998,32.0,84.0
7900.0,2,1187.0624999999995,-1757.6249999999993,16.0,66.0
8000.0,2,1219.0999999999997,-1777.5999999999995,20.0,70.0
8100.0,2,1252.9999999999998,-1797.5789473684204,19.0,70.0
8200.0,2,1290.1111111111104,-1812.11111111111,9.0,54.0
8300.0,2,1320.4615384615383,-1823.9230769230765,26.0,80.0
8400.0,2,1355.3333333333328,-1845.444444444444,18.0,72.0
8500.0,2,1366.4666666666662,-1877.6666666666658,15.0,60.0
8600.0,2,1386.214285714285,-1910.999999999999,14.0,74.0
8700.0,2,1419.9999999999995,-1935.7727272727266,22.0,80.0
8800.0,2,1454.3333333333328,-1951.4444444444437,18.0,54.0
8900.0,2,1486.9230769230762,-1969.0769230769222,13.0,62.0
9000.0,2,1517.8999999999992,-1990.0999999999988,10.0,58.0
9100.0,2,1562.9999999999995,-2002.999999999999,17.0,64.0
9200.0,2,1608.9999999999995,-2012.999999999999,19.0,58.0
9300.0,2,1641.3999999999994,-2029.199999999999,15.0,66.0
9400.0,2,1681.5882352941173,-2040.5882352941167,17.0,62.0
9500.0,2,1718.4722222222222,-2050.2499999999995,36.0,82.0
9600.0,2,1756.5882352941173,-2057.823529411764,17.0,72.0
9700.0,2,1795.2499999999995,-2069.2999999999997,20.0,70.0
9800.0,2,1831.8571428571422,-2083.571428571428,14.0,62.0
9900.0,2,1870.5294117647056,-2094.2941176470586,34.0,74.0
10000.0,2,1914.0769230769226,-2109.6153846153843,26.0,68.0
0.0,20,50.0,50.0,1.0,8.0
100.0,20,78.53846153846159,36.38461538461527,13.0,64.0
200.0,20,110.09523809523822,25.904761904761884,21.0,68.0
300.0,20,149.8461538461539,16.923076923076948,26.0,74.0
400.0,20,188.8181818181819,5.181818181818409,11.0,62.0
500.0,20,207.20000000000013,-24.799999999999912,15.0,58.0
600.0,20,220.53333333333353,-59.66666666666659,15.0,68.0
700.0,20,254.57142857142867,-94.64285714285718,28.0,62.0
800.0,20,284.923076923077,-110.50000000000003,26.0,78.0
900.0,20,315.6153846153849,-123.23076923076931,13.0,70.0
1000.0,20,344.43478260869585,-134.2173913043478,23.0,72.0
1100.0,20,382.8823529411768,-136.52941176470563,17.0,64.0
1200.0,20,427.2083333333336,-130.74999999999983,24.0,72.0
1300.0,20,458.57894736842127,-118.21052631578931,19.0,72.0
1400.0,20,492.5714285714288,-114.52380952380933,21.0,58.0
1500.0,20,527.0000000000003,-114.2499999999998,16.0,74.0
1600.0,20,555.826086956522,-111.13043478260862,23.0,62.0
1700.0,20,591.6500000000003,-104.39999999999984,20.0,68.0
1800.0,20,629.7142857142859,-92.92857142857132,28.0,66.0
1900.0,20,664.266666666667,-71.06666666666635,15.0,66.0
2000.0,20,699.0800000000002,-51.5199999999998,25.0,72.0
2100.0,20,729.0000000000006,-38.64285714285696,14.0,62.0
2200.0,20,768.4347826086957,-27.999999999999886,23.0,64.0
2300.0,20,798.5454545454547,-12.272727272727153,11.0,68.0
2400.0,20,833.7083333333335,20.58333333333343,24.0,70.0
2500.0,20,855.5000000000003,56.77777777777781,18.0,68.0
2600.0,20,864.4210526315791,90.63157894736864,19.0,64.0
2700.0,20,877.666666666667,125.6000000000003,15.0,64.0
2800.0,20,893.1250000000002,156.0625000000001,16.0,64.0
2900.0,20,920.8461538461543,190.0769230769231,13.0,64.0
3000.0,20,936.2000000000004,226.7333333333335,15.0,66.0
3100.0,20,941.8421052631584,259.8947368421052,19.0,70.0
3200.0,20,945.5625000000005,293.43750000000006,16.0,62.0
3300.0,20,963.9090909090912,325.63636363636374,22.0,68.0
3400.0,20,982.0625000000005,354.3750000000001,16.0,72.0
3500.0,20,987.882352941177,389.0588235294118,17.0,70.0
3600.0,20,997.8333333333338,425.5416666666667,24.0,68.0
3700.0,20,1008.0000000000008,463.6923076923077,13.0,68.0
3800.0,20,1007.2941176470595,504.82352941176464,17.0,60.0
3900.0,20,1013.2000000000007,542.6666666666666,15.0,60.0
4000.0,20,1018.5000000000003,580.2692307692307,26.0,82.0
4100.0,20,1031.7083333333337,617.5833333333334,24.0,60.0
4200.0,20,1043.1428571428576,659.8928571428572,28.0,78.0
4300.0,20,1052.6000000000015,695.1000000000001,10.0,62.0
4400.0,20,1074.7000000000014,725.3999999999999,10.0,58.0
4500.0,20,1088.000000000001,760.3846153846154,13.0,64.0
4600.0,20,1098.5000000000005,800.9583333333331,24.0,70.0
4700.0,20,1112.4666666666674,844.8666666666667,15.0,70.0
4800.0,20,1130.1304347826092,878.4347826086956,23.0,76.0
4900.0,20,1149.2647058823532,907.4117647058823,34.0,74.0
5000.0,20,1187.809523809524,927.0476190476189,21.0,80.0
5100.0,20,1225.9655172413795,937.3448275862067,29.0,70.0
5200.0,20,1260.21052631579,949.2105263157893,19.0,70.0
5300.0,20,1296.5625000000007,965.2499999999999,16.0,66.0
5400.0,20,1328.7500000000007,969.6499999999997,20.0,68.0
5500.0,20,1368.62962962963,973.2962962962962,27.0,70.0
5600.0,20,1410.750000000001,985.9999999999998,16.0,58.0
5700.0,20,1445.2500000000011,1005.083333333333,12.0,62.0
5800.0,20,1481.0000000000007,1023.0526315789472,19.0,64.0
5900.0,20,1502.4000000000005,1056.4499999999998,20.0,64.0
6000.0,20,1519.5909090909097,1096.181818181818,22.0,62.0
6100.0,20,1542.1818181818194,1134.9090909090905,11.0,66.0
6200.0,20,1575.8095238095245,1152.9523809523807,21.0,76.0
6300.0,20,1608.428571428572,1170.2857142857142,28.0,74.0
6400.0,20,1641.0869565217397,1188.1304347826087,23.0,60.0
6500.0,20,1674.5909090909097,1195.2272727272727,22.0,62.0
6600.0,20,1711.4444444444457,1187.888888888889,9.0,64.0
6700.0,20,1738.250000000001,1168.0000000000002,12.0,64.0
6800.0,20,1769.0588235294124,1154.8235294117649,17.0,62.0
6900.0,20,1809.8235294117655,1147.7058823529414,17.0,66.0
7000.0,20,1848.7333333333343,1136.466666666667,15.0,60.0
7100.0,20,1889.2142857142862,1126.6071428571431,28.0,76.0
7200.0,20,1929.4444444444453,1118.7222222222224,18.0,58.0
7300.0,20,1967.5384615384628,1106.2307692307695,13.0,62.0
7400.0,20,2000.0000000000011,1084.058823529412,17.0,68.0
7500.0,20,2028.2857142857151,1060.6666666666667,21.0,68.0
7600.0,20,2060.3181818181824,1046.9545454545455,22.0,60.0
7700.0,20,2098.500000000001,1038.4285714285713,14.0,70.0
7800.0,20,2129.0476190476197,1020.2380952380951,21.0,64.0
7900.0,20,2168.6111111111118,1003.8333333333331,18.0,74.0
8000.0,20,2210.785714285715,990.2142857142853,14.0,70.0
8100.0,20,2237.681818181819,974.590909090909,22.0,68.0
8200.0,20,2276.3684210526326,967.578947368421,19.0,60.0
8300.0,20,2320.5000000000014,948.8333333333328,12.0,64.0
8400.0,20,2349.5806451612907,937.6451612903227,31.0,82.0
8500.0,20,2384.4285714285725,920.857142857143,14.0,62.0
8600.0,20,2413.6000000000017,907.0999999999999,10.0,66.0
8700.0,20,2445.9090909090924,893.2727272727271,11.0,62.0
8800.0,20,2483.722222222223,879.2222222222222,18.0,66.0
8900.0,20,2517.7142857142862,867.5714285714286,28.0,68.0
9000.0,20,2549.2307692307704,849.3076923076924,13.0,62.0
9100.0,20,2584.3888888888896,834.1666666666669,18.0,66.0
9200.0,20,2612.6153846153857,823.692307692308,13.0,62.0
9300.0,20,2647.090909090911,802.0000000000005,11.0,64.0
9400.0,20,2685.4761904761913,794.3809523809526,21.0,64.0
9500.0,20,2725.6538461538466,788.5000000000002,26.0,80.0
9600.0,20,2763.407407407408,784.5925925925928,27.0,64.0
9700.0,20,2797.500000000002,774.2500000000008,12.0,70.0
9800.0,20,2830.875000000001,756.5625000000007,16.0,62.0
9900.0,20,2867.5454545454563,746.3636363636374,11.0,66.0
10000.0,20,2903.200000000001,740.5333333333342,15.0,60.0
0.0,21,50.2,49.6,5.0,28.0
100.0,21,49.814814814814646,20.333333333333233,27.0,68.0
200.0,21,50.833333333333236,-14.900000000000034,30.0,74.0
300.0,21,52.68749999999993,-49.250000000000036,32.0,78.0
400.0,21,55.12499999999985,-85.70833333333346,24.0,66.0
500.0,21,61.291666666666494,-123.5833333333335,24.0,80.0
600.0,21,61.21052631578926,-163.42105263157902,19.0,66.0
700.0,21,58.54545454545439,-203.2727272727274,22.0,64.0
800.0,21,46.043478260869385,-244.6086956521741,23.0,64.0
900.0,21,29.714285714285406,-279.57142857142884,14.0,62.0
1000.0,21,16.99999999999981,-315.5714285714288,21.0,64.0
1100.0,21,-2.294117647058897,-344.7058823529414,17.0,80.0
1200.0,21,-20.299999999999983,-383.5000000000002,10.0,64.0
1300.0,21,-30.149999999999977,-419.15,20.0,64.0
1400.0,21,-41.2352941176473,-457.41176470588226,17.0,62.0
1500.0,21,-48.28125000000009,-496.9687499999999,32.0,72.0
1600.0,21,-56.30000000000031,-542.1999999999998,20.0,72.0
1700.0,21,-74.4285714285717,-575.190476190476,21.0,74.0
1800.0,21,-88.44827586206915,-613.8620689655172,29.0,72.0
1900.0,21,-109.38888888888914,-648.7222222222223,18.0,66.0
2000.0,21,-140.1428571428574,-665.7857142857143,14.0,70.0
2100.0,21,-167.60000000000042,-685.9000000000001,10.0,62.0
2200.0,21,-198.68421052631592,-701.4736842105264,19.0,72.0
2300.0,21,-236.42857142857142,-717.3809523809524,21.0,74.0
2400.0,21,-270.0476190476191,-736.4285714285716,21.0,68.0
2500.0,21,-303.5,-755.5000000000002,16.0,66.0
2600.0,21,-330.4166666666667,-782.3333333333337,12.0,56.0
2700.0,21,-361.64285714285705,-797.7142857142861,14.0,70.0
2800.0,21,-401.230769230769,-812.5384615384621,13.0,62.0
2900.0,21,-436.2499999999998,-828.2500000000003,16.0,74.0
3000.0,21,-460.84999999999985,-853.9500000000004,20.0,70.0
3100.0,21,-476.2121212121211,-893.4848484848486,33.0,78.0
3200.0,21,-484.99999999999943,-928.9166666666671,12.0,70.0
3300.0,21,-481.85714285714226,-960.5000000000003,14.0,62.0
3400.0,21,-467.20833333333303,-997.1666666666667,24.0,66.0
3500.0,21,-448.2499999999995,-1035.7000000000003,20.0,66.0
3600.0,21,-448.76190476190413,-1074.2857142857144,21.0,68.0
3700.0,21,-460.96428571428527,-1110.2142857142858,28.0,76.0
3800.0,21,-482.3999999999986,-1141.7000000000003,10.0,64.0
3900.0,21,-491.8666666666657,-1176.6,15.0,64.0
4000.0,21,-503.11538461538385,-1211.076923076923,26.0,76.0
4100.0,21,-517.9999999999985,-1241.2307692307693,13.0,60.0
4200.0,21,-529.7826086956516,-1280.6521739130435,23.0,72.0
4300.0,21,-545.3999999999986,-1312.9,10.0,60.0
4400.0,21,-570.7692307692297,-1345.923076923077,13.0,68.0
4500.0,21,-605.3076923076914,-1372.076923076923,13.0,68.0
4600.0,21,-633.8749999999993,-1392.5625000000002,16.0,74.0
4700.0,21,-649.3529411764697,-1426.6470588235295,17.0,68.0
4800.0,21,-673.1111111111103,-1459.0000000000002,18.0,66.0
4900.0,21,-694.8823529411756,-1498.2352941176473,17.0,64.0
5000.0,21,-711.2352941176463,-1532.0000000000002,17.0,80.0
5100.0,21,-723.9285714285704,-1566.4285714285716,14.0,70.0
5200.0,21,-740.9999999999994,-1598.6923076923078,26.0,68.0
5300.0,21,-754.4666666666662,-1636.2666666666667,30.0,64.0
5400.0,21,-771.0769230769221,-1673.6153846153848,13.0,70.0
5500.0,21,-792.9230769230758,-1709.769230769231,13.0,60.0
5600.0,21,-818.5769230769225,-1737.769230769231,26.0,58.0
5700.0,21,-833.6521739130429,-1776.3913043478267,23.0,64.0
5800.0,21,-849.6399999999994,-1816.2400000000005,25.0,74.0
5900.0,21,-862.6315789473678,-1852.8947368421057,19.0,64.0
6000.0,21,-879.3461538461532,-1881.5000000000005,26.0,74.0
6100.0,21,-894.5454545454531,-1919.8181818181827,11.0,66.0
6200.0,21,-915.6666666666653,-1951.4166666666674,12.0,70.0
6300.0,21,-937.624999999999,-1983.6250000000005,16.0,62.0
6400.0,21,-951.7692307692296,-2018.5384615384623,13.0,70.0
6500.0,21,-953.7916666666661,-2060.2500000000005,24.0,70.0
6600.0,21,-949.0555555555547,-2098.7222222222226,18.0,60.0
6700.0,21,-941.7692307692301,-2139.846153846154,26.0,68.0
6800.0,21,-932.130434782608,-2181.1739130434785,23.0,64.0
6900.0,21,-913.2727272727259,-2215.818181818182,11.0,66.0
7000.0,21,-892.142857142856,-2245.428571428572,14.0,68.0
7100.0,21,-876.2857142857137,-2282.5000000000005,28.0,68.0
7200.0,21,-857.3636363636349,-2316.000000000001,11.0,70.0
7300.0,21,-842.8571428571416,-2349.785714285715,14.0,70.0
7400.0,21,-827.9999999999993,-2384.3750000000005,24.0,80.0
7500.0,21,-812.2666666666655,-2425.466666666667,15.0,66.0
7600.0,21,-800.6521739130428,-2462.0869565217395,23.0,74.0
7700.0,21,-786.5833333333323,-2496.0833333333344,12.0,72.0
7800.0,21,-765.8749999999994,-2529.937500000001,16.0,62.0
7900.0,21,-751.6842105263153,-2565.5789473684217,19.0,70.0
8000.0,21,-740.9374999999995,-2596.3125000000005,16.0,66.0
8100.0,21,-722.4285714285711,-2634.3809523809527,21.0,76.0
8200.0,21,-715.0555555555553,-2671.2777777777783,18.0,64.0
8300.0,21,-704.7894736842102,-2710.736842105264,19.0,74.0
8400.0,21,-675.6999999999996,-2734.9500000000003,20.0,68.0
8500.0,21,-639.0833333333327,-2750.000000000001,12.0,66.0
8600.0,21,-601.6999999999998,-2771.6333333333337,30.0,82.0
8700.0,21,-563.6153846153841,-2783.615384615385,13.0,64.0
8800.0,21,-529.4374999999997,-2803.3750000000005,16.0,72.0
8900.0,21,-489.49999999999955,-2819.2222222222226,18.0,64.0
9000.0,21,-450.4999999999992,-2835.9166666666674,12.0,66.0
9100.0,21,-416.78571428571377,-2855.500000000001,14.0,60.0
9200.0,21,-376.09999999999945,-2877.7000000000007,20.0,62.0
9300.0,21,-350.275862068965,-2897.034482758621,29.0,76.0
9400.0,21,-314.82352941176396,-2918.705882352942,17.0,58.0
9500.0,21,-283.4285714285706,-2934.285714285715,14.0,70.0
9600.0,21,-248.066666666666,-2948.333333333334,15.0,62.0
9700.0,21,-205.73913043478217,-2967.173913043479,23.0,68.0
9800.0,21,-172.15789473684163,-2993.157894736843,19.0,68.0
9900.0,21,-134.56521739130395,-3004.4347826086964,23.0,66.0
10000.0,21,-101.07692307692244,-3016.2307692307704,13.0,68.0
0.0,22,49.8,50.2,5.0,26.0
100.0,22,22.999999999999833,34.06250000000022,16.0,60.0
200.0,22,-16.125000000000142,24.750000000000135,16.0,62.0
300.0,22,-45.00000000000008,-2.689655172413694,29.0,76.0
400.0,22,-59.428571428571665,-41.42857142857125,14.0,62.0
500.0,22,-67.59090909090929,-85.68181818181822,22.0,68.0
600.0,22,-67.52631578947393,-125.73684210526324,19.0,72.0
700.0,22,-66.44444444444466,-160.33333333333354,27.0,64.0
800.0,22,-58.89655172413809,-197.24137931034494,29.0,70.0
900.0,22,-53.714285714285836,-231.8928571428573,28.0,76.0
1000.0,22,-47.45000000000018,-269.7500000000001,20.0,68.0
1100.0,22,-37.54545454545476,-314.3636363636365,11.0,66.0
1200.0,22,-17.433333333333422,-337.8666666666668,30.0,64.0
1300.0,22,-6.900000000000176,-374.25000000000034,20.0,70.0
1400.0,22,7.6153846153843965,-418.0769230769234,26.0,70.0
1500.0,22,26.99999999999968,-456.5000000000008,10.0,70.0
1600.0,22,38.38461538461525,-484.1153846153849,26.0,70.0
1700.0,22,65.71428571428552,-499.428571428572,14.0,78.0
1800.0,22,88.66666666666663,-514.9523809523813,21.0,72.0
1900.0,22,125.49999999999996,-526.8571428571433,14.0,64.0
2000.0,22,160.2000000000001,-543.1500000000002,20.0,68.0
2100.0,22,203.20000000000013,-564.9000000000001,10.0,62.0
2200.0,22,229.06250000000009,-588.5625000000001,16.0,68.0
2300.0,22,241.4642857142858,-621.4642857142858,28.0,70.0
2400.0,22,247.06250000000006,-662.4375000000003,16.0,64.0
2500.0,22,265.93333333333356,-697.6000000000003,15.0,58.0
2600.0,22,281.6363636363641,-729.6363636363639,11.0,52.0
2700.0,22,296.7500000000004,-757.4166666666669,12.0,68.0
2800.0,22,319.16666666666686,-794.5000000000002,18.0,70.0
2900.0,22,336.83333333333394,-833.666666666667,12.0,66.0
3000.0,22,351.9411764705887,-865.2941176470591,17.0,72.0
3100.0,22,366.45000000000033,-899.8000000000001,20.0,64.0
3200.0,22,381.3000000000003,-931.5,20.0,70.0
3300.0,22,401.81250000000045,-965.4375,16.0,70.0
3400.0,22,415.6000000000005,-998.2,20.0,70.0
3500.0,22,417.9444444444451,-1031.6666666666667,18.0,60.0
3600.0,22,428.3571428571437,-1068.4285714285716,14.0,62.0
3700.0,22,454.8750000000005,-1095.6666666666665,24.0,72.0
3800.0,22,482.3888888888897,-1123.9444444444443,18.0,66.0
3900.0,22,502.64285714285825,-1162.7142857142856,14.0,64.0
4000.0,22,529.4782608695658,-1186.8695652173913,23.0,66.0
4100.0,22,543.3333333333344,-1212.6666666666665,12.0,66.0
4200.0,22,569.2500000000007,-1245.0833333333333,24.0,68.0
4300.0,22,590.5500000000009,-1278.6,20.0,58.0
4400.0,22,607.2500000000015,-1313.6666666666663,12.0,62.0
4500.0,22,612.500000000001,-1343.722222222222,18.0,74.0
4600.0,22,617.2631578947377,-1388.3684210526312,19.0,70.0
4700.0,22,639.6428571428582,-1414.9999999999995,14.0,76.0
4800.0,22,665.2727272727279,-1443.5454545454543,22.0,66.0
4900.0,22,688.2777777777784,-1474.0,18.0,68.0
5000.0,22,719.5833333333338,-1494.7083333333333,24.0,66.0
5100.0,22,756.3333333333338,-1510.9583333333333,24.0,74.0
5200.0,22,801.416666666667,-1516.4166666666665,36.0,78.0
5300.0,22,834.961538461539,-1507.3076923076924,26.0,70.0
5400.0,22,874.000000000001,-1492.909090909091,11.0,62.0
5500.0,22,905.6666666666675,-1473.6666666666665,12.0,56.0
5600.0,22,946.0000000000006,-1461.611111111111,18.0,60.0
5700.0,22,977.8666666666669,-1463.9333333333334,30.0,64.0
5800.0,22,1018.8500000000003,-1466.6499999999999,20.0,62.0
5900.0,22,1056.8000000000004,-1478.75,20.0,62.0
6000.0,22,1093.0000000000002,-1497.2500000000002,20.0,72.0
6100.0,22,1124.9411764705885,-1519.1764705882356,17.0,70.0
6200.0,22,1160.3333333333337,-1537.3333333333335,12.0,70.0
6300.0,22,1193.4000000000005,-1555.066666666667,15.0,78.0
6400.0,22,1232.6923076923083,-1579.3846153846157,13.0,64.0
6500.0,22,1266.4166666666672,-1601.1250000000002,24.0,74.0
6600.0,22,1291.41935483871,-1623.0645161290324,31.0,74.0
6700.0,22,1327.363636363637,-1637.9090909090912,22.0,76.0
6800.0,22,1359.8076923076928,-1654.115384615385,26.0,68.0
6900.0,22,1401.7083333333337,-1668.0000000000005,24.0,68.0
7000.0,22,1432.2777777777785,-1687.0555555555559,18.0,64.0
7100.0,22,1463.8181818181824,-1694.5909090909095,22.0,60.0
7200.0,22,1498.2352941176478,-1691.9411764705887,17.0,60.0
7300.0,22,1535.782608695653,-1676.2608695652177,23.0,62.0
7400.0,22,1563.250000000001,-1658.0000000000002,20.0,68.0
7500.0,22,1600.916666666668,-1644.916666666667,12.0,62.0
7600.0,22,1641.500000000001,-1640.1111111111113,18.0,52.0
7700.0,22,1668.961538461539,-1619.4230769230771,26.0,76.0
7800.0,22,1700.2631578947376,-1603.8421052631581,19.0,62.0
7900.0,22,1731.894736842106,-1590.263157894737,19.0,70.0
8000.0,22,1767.2727272727286,-1568.8181818181824,11.0,68.0
8100.0,22,1786.2727272727286,-1544.9090909090914,11.0,62.0
8200.0,22,1792.8000000000015,-1514.0000000000007,10.0,62.0
8300.0,22,1805.39393939394,-1475.6060606060607,33.0,78.0
8400.0,22,1812.9523809523819,-1437.9047619047622,21.0,70.0
8500.0,22,1818.9142857142863,-1397.2,35.0,86.0
8600.0,22,1822.0000000000011,-1359.619047619048,21.0,66.0
8700.0,22,1822.8750000000014,-1321.0000000000005,16.0,66.0
8800.0,22,1830.7500000000014,-1285.6875000000005,16.0,62.0
8900.0,22,1841.384615384617,-1253.6923076923083,13.0,64.0
9000.0,22,1858.1111111111122,-1217.1111111111113,18.0,64.0
9100.0,22,1873.5384615384633,-1177.4615384615388,13.0,64.0
9200.0,22,1889.1666666666686,-1143.8333333333337,12.0,72.0
9300.0,22,1912.4166666666686,-1124.7500000000005,12.0,64.0
9400.0,22,1927.0714285714305,-1094.571428571429,14.0,66.0
9500.0,22,1944.0000000000025,-1066.6000000000004,10.0,60.0
9600.0,22,1956.4545454545475,-1029.545454545455,11.0,66.0
9700.0,22,1971.9473684210539,-1002.0000000000002,19.0,78.0
9800.0,22,1982.3571428571447,-966.5714285714287,14.0,58.0
9900.0,22,1991.4583333333344,-931.9166666666669,24.0,64.0
10000.0,22,2002.5217391304357,-894.5217391304349,23.0,66.0
0.0,23,50.5,50.0,2.0,14.0
100.0,23,72.35714285714276,61.3571428571429,14.0,66.0
200.0,23,106.69230769230761,76.23076923076921,13.0,62.0
300.0,23,132.39999999999992,104.46666666666668,15.0,76.0
400.0,23,160.29629629629625,129.4814814814815,27.0,72.0
500.0,23,204.39999999999995,145.39999999999995,15.0,66.0
600.0,23,235.52380952380946,169.04761904761887,21.0,82.0
700.0,23,265.9,186.6999999999996,10.0,58.0
800.0,23,298.8571428571429,200.9285714285712,14.0,76.0
900.0,23,321.99999999999994,226.23076923076908,26.0,66.0
1000.0,23,349.35999999999996,254.5199999999998,25.0,74.0
1100.0,23,365.04761904761887,283.3333333333331,21.0,68.0
1200.0,23,369.969696969697,318.96969696969677,33.0,82.0
1300.0,23,361.7272727272727,359.90909090909076,22.0,60.0
1400.0,23,346.7741935483871,392.35483870967727,31.0,76.0
1500.0,23,322.14285714285694,416.71428571428544,21.0,74.0
1600.0,23,288.4333333333331,434.6333333333331,30.0,78.0
1700.0,23,254.90909090909045,456.09090909090844,11.0,58.0
1800.0,23,219.49999999999966,475.4285714285709,14.0,54.0
1900.0,23,183.39999999999955,494.69999999999925,10.0,58.0
2000.0,23,155.5384615384611,513.0769230769223,13.0,72.0
2100.0,23,122.3636363636361,512.2727272727268,22.0,72.0
2200.0,23,83.48148148148124,516.6666666666663,27.0,72.0
2300.0,23,45.57142857142817,516.5238095238091,21.0,62.0
2400.0,23,7.928571428571225,509.7142857142855,28.0,74.0
2500.0,23,-29.181818181818613,498.9999999999993,11.0,66.0
2600.0,23,-68.9545454545456,486.2727272727269,22.0,76.0
2700.0,23,-104.62500000000007,465.9583333333331,24.0,70.0
2800.0,23,-138.6153846153846,454.2307692307689,13.0,70.0
2900.0,23,-167.96000000000006,435.4799999999998,25.0,80.0
3000.0,23,-195.12000000000003,427.6799999999998,25.0,70.0
3100.0,23,-237.99999999999997,407.8333333333328,12.0,72.0
3200.0,23,-274.16,390.63999999999976,25.0,60.0
3300.0,23,-308.81818181818187,370.3181818181814,22.0,62.0
3400.0,23,-339.7083333333335,348.7499999999996,24.0,66.0
3500.0,23,-369.47826086956553,321.60869565217365,23.0,76.0
3600.0,23,-396.87500000000045,311.49999999999955,16.0,64.0
3700.0,23,-440.00000000000045,295.18749999999966,16.0,64.0
3800.0,23,-485.64285714285785,284.2857142857138,14.0,66.0
3900.0,23,-524.5500000000004,288.24999999999966,20.0,66.0
4000.0,23,-562.4117647058828,293.4705882352938,17.0,66.0
4100.0,23,-591.8333333333338,305.66666666666623,12.0,66.0
4200.0,23,-617.6000000000004,326.2499999999997,20.0,64.0
4300.0,23,-654.5000000000005,340.0714285714282,14.0,74.0
4400.0,23,-691.3500000000004,364.5499999999997,20.0,58.0
4500.0,23,-730.714285714286,380.2142857142849,14.0,60.0
4600.0,23,-745.0000000000002,404.2631578947362,19.0,72.0
4700.0,23,-747.3750000000005,438.06249999999943,16.0,78.0
4800.0,23,-759.1481481481484,480.7407407407404,27.0,68.0
4900.0,23,-766.3684210526319,515.6315789473679,19.0,64.0
5000.0,23,-769.9500000000003,553.6999999999996,20.0,62.0
5100.0,23,-755.1111111111119,592.11111111111,9.0,54.0
5200.0,23,-738.0909090909093,627.9090909090905,22.0,62.0
5300.0,23,-719.0625000000003,660.8749999999993,16.0,64.0
5400.0,23,-694.2000000000006,694.799999999999,10.0,64.0
5500.0,23,-664.5263157894741,724.7368421052627,19.0,72.0
5600.0,23,-638.3571428571435,735.5714285714279,14.0,72.0
5700.0,23,-610.0666666666672,749.7999999999994,15.0,64.0
5800.0,23,-591.7000000000003,779.6999999999997,30.0,76.0
5900.0,23,-576.2727272727279,813.2727272727263,11.0,66.0
6000.0,23,-566.3913043478265,854.95652173913,23.0,70.0
6100.0,23,-570.9655172413795,891.6206896551721,29.0,66.0
6200.0,23,-582.703703703704,930.7777777777773,27.0,78.0
6300.0,23,-599.0666666666673,961.799999999999,15.0,66.0
6400.0,23,-619.4444444444456,994.3333333333319,9.0,58.0
6500.0,23,-646.7500000000009,1013.5833333333325,12.0,66.0
6600.0,23,-657.9500000000005,1042.0999999999995,20.0,76.0
6700.0,23,-670.5357142857147,1078.285714285714,28.0,70.0
6800.0,23,-682.142857142858,1111.1428571428562,14.0,66.0
6900.0,23,-693.4705882352948,1142.3529411764698,17.0,72.0
7000.0,23,-705.5000000000013,1178.249999999999,12.0,72.0
7100.0,23,-710.6000000000007,1214.6999999999994,20.0,68.0
7200.0,23,-716.6428571428577,1253.9285714285709,28.0,70.0
7300.0,23,-729.0000000000005,1286.2608695652168,23.0,70.0
7400.0,23,-732.7500000000006,1325.7083333333328,24.0,64.0
7500.0,23,-715.6000000000012,1358.2999999999986,10.0,58.0
7600.0,23,-691.8000000000012,1393.8999999999987,10.0,66.0
7700.0,23,-666.8000000000006,1433.6499999999992,20.0,70.0
7800.0,23,-647.5000000000006,1467.318181818181,22.0,74.0
7900.0,23,-638.9655172413798,1502.0689655172407,29.0,72.0
8000.0,23,-621.6153846153857,1545.7692307692291,13.0,72.0
8100.0,23,-608.3000000000006,1581.199999999999,20.0,68.0
8200.0,23,-590.5714285714295,1614.357142857141,14.0,66.0
8300.0,23,-578.7000000000005,1653.1499999999987,20.0,70.0
8400.0,23,-558.7058823529414,1679.1470588235286,34.0,72.0
8500.0,23,-533.8333333333337,1711.249999999999,24.0,74.0
8600.0,23,-514.800000000001,1751.4999999999975,10.0,64.0
8700.0,23,-493.72222222222274,1786.6111111111097,18.0,62.0
8800.0,23,-474.05882352941217,1826.8235294117633,17.0,74.0
8900.0,23,-458.7619047619051,1861.4761904761892,21.0,62.0
9000.0,23,-440.8695652173916,1897.782608695651,23.0,66.0
9100.0,23,-428.96000000000026,1928.639999999999,25.0,64.0
9200.0,23,-414.61538461538487,1969.846153846153,26.0,68.0
9300.0,23,-396.80000000000035,2002.8666666666652,15.0,68.0
9400.0,23,-366.76923076923094,2029.9999999999982,13.0,62.0
9500.0,23,-330.0000000000001,2044.8181818181797,11.0,60.0
9600.0,23,-300.13043478260875,2067.7391304347816,23.0,74.0
9700.0,23,-277.5454545454547,2102.8181818181797,11.0,60.0
9800.0,23,-268.1818181818182,2134.4545454545437,11.0,68.0
9900.0,23,-239.0666666666667,2157.4666666666653,15.0,66.0
10000.0,23,-206.9230769230769,2180.423076923076,26.0,68.0
0.0,24,50.0,50.0,3.0,20.0
100.0,24,43.933333333333366,79.96666666666661,30.0,62.0
200.0,24,40.111111111111164,120.83333333333334,18.0,68.0
300.0,24,36.42307692307696,155.65384615384613,26.0,66.0
400.0,24,23.124999999999982,188.56249999999991,16.0,80.0
500.0,24,-2.9285714285714306,217.9285714285714,14.0,66.0
600.0,24,-20.35714285714282,246.357142857143,14.0,64.0
700.0,24,-34.966666666666754,285.9,30.0,72.0
800.0,24,-45.31250000000028,324.31250000000017,16.0,68.0
900.0,24,-58.3684210526317,360.10526315789485,19.0,72.0
1000.0,24,-72.12500000000004,397.06249999999994,16.0,66.0
1100.0,24,-84.9999999999998,432.0714285714288,14.0,70.0
1200.0,24,-95.15384615384593,465.0000000000004,13.0,66.0
1300.0,24,-104.61538461538447,494.53846153846206,13.0,66.0
1400.0,24,-96.94117647058806,536.2941176470591,17.0,72.0
1500.0,24,-86.43749999999997,572.8750000000003,16.0,60.0
1600.0,24,-77.43333333333342,610.6000000000003,30.0,70.0
1700.0,24,-56.571428571428676,639.7714285714287,35.0,76.0
1800.0,24,-20.46666666666691,656.4000000000003,15.0,76.0
1900.0,24,17.04999999999983,673.8500000000003,20.0,58.0
2000.0,24,48.599999999999646,691.6666666666671,15.0,58.0
2100.0,24,80.82352941176462,716.1176470588236,17.0,60.0
2200.0,24,109.99999999999997,744.0769230769232,13.0,58.0
2300.0,24,115.30000000000004,792.5000000000002,10.0,58.0
2400.0,24,110.04347826086955,823.7826086956522,23.0,60.0
2500.0,24,93.47368421052622,858.4736842105265,19.0,68.0
2600.0,24,84.25925925925921,895.8148148148149,27.0,72.0
2700.0,24,73.36363636363637,929.9545454545455,22.0,68.0
2800.0,24,56.952380952380906,970.7142857142857,21.0,74.0
2900.0,24,23.87999999999995,994.28,25.0,70.0
3000.0,24,-9.428571428571459,1006.1428571428571,14.0,66.0
3100.0,24,-40.35294117647062,1017.7058823529411,17.0,60.0
3200.0,24,-74.05555555555566,1035.3888888888887,18.0,64.0
3300.0,24,-102.50000000000018,1054.0,10.0,62.0
3400.0,24,-134.33333333333337,1069.9166666666663,12.0,62.0
3500.0,24,-170.1052631578948,1085.894736842105,19.0,66.0
3600.0,24,-198.5714285714285,1109.4642857142856,28.0,68.0
3700.0,24,-220.5833333333332,1143.916666666666,12.0,66.0
3800.0,24,-252.65384615384608,1168.2692307692305,26.0,68.0
3900.0,24,-281.58333333333314,1190.166666666666,12.0,62.0
4000.0,24,-293.76000000000005,1228.1199999999997,25.0,68.0
4100.0,24,-304.76470588235287,1260.9999999999993,17.0,62.0
4200.0,24,-325.7142857142856,1293.2857142857138,21.0,72.0
4300.0,24,-345.24999999999966,1327.4166666666654,12.0,70.0
4400.0,24,-368.8529411764704,1361.7647058823525,34.0,74.0
4500.0,24,-384.81249999999955,1400.1874999999989,16.0,72.0
4600.0,24,-392.23529411764673,1432.0588235294108,17.0,68.0
4700.0,24,-397.6190476190474,1471.3333333333323,21.0,62.0
4800.0,24,-417.2727272727267,1502.0909090909072,11.0,62.0
4900.0,24,-452.18181818181756,1518.9999999999982,11.0,64.0
5000.0,24,-483.74999999999943,1531.0833333333314,12.0,66.0
5100.0,24,-529.1538461538458,1540.3846153846146,26.0,68.0
5200.0,24,-565.8571428571425,1548.1904761904752,21.0,58.0
5300.0,24,-593.380952380952,1570.4285714285704,21.0,82.0
5400.0,24,-629.6499999999995,1588.099999999999,20.0,76.0
5500.0,24,-646.9999999999992,1613.1538461538446,13.0,68.0
5600.0,24,-668.043478260869,1646.695652173912,23.0,72.0
5700.0,24,-677.4545454545444,1679.6363636363617,11.0,64.0
5800.0,24,-677.7692307692304,1719.846153846153,26.0,66.0
5900.0,24,-672.393939393939,1762.787878787878,33.0,82.0
6000.0,24,-654.6249999999995,1795.7916666666656,24.0,72.0
6100.0,24,-641.7777777777773,1833.7222222222208,18.0,64.0
6200.0,24,-623.3999999999995,1872.2499999999986,20.0,82.0
6300.0,24,-613.3749999999997,1908.3749999999984,16.0,76.0
6400.0,24,-579.4999999999995,1920.4999999999982,14.0,68.0
6500.0,24,-563.4999999999995,1951.2499999999984,16.0,62.0
6600.0,24,-545.7142857142851,1983.3571428571415,14.0,66.0
6700.0,24,-524.1999999999991,2022.999999999998,10.0,62.0
6800.0,24,-510.416666666666,2059.499999999998,12.0,64.0
6900.0,24,-502.33333333333275,2090.499999999998,12.0,60.0
7000.0,24,-481.59999999999957,2127.799999999998,10.0,66.0
7100.0,24,-470.6249999999997,2161.4999999999986,16.0,62.0
7200.0,24,-450.3529411764704,2188.70588235294,17.0,62.0
7300.0,24,-426.4499999999997,2217.649999999999,20.0,66.0
7400.0,24,-403.9499999999998,2253.649999999999,20.0,62.0
7500.0,24,-391.7241379310344,2290.03448275862,29.0,70.0
7600.0,24,-372.695652173913,2319.217391304347,23.0,72.0
7700.0,24,-352.3333333333333,2351.809523809523,21.0,72.0
7800.0,24,-336.047619047619,2376.619047619047,21.0,66.0
7900.0,24,-328.4074074074074,2411.629629629629,27.0,70.0
8000.0,24,-332.94117647058823,2454.529411764705,17.0,62.0
8100.0,24,-327.65,2495.9499999999994,20.0,72.0
8200.0,24,-312.49999999999994,2531.8333333333326,18.0,64.0
8300.0,24,-295.9999999999999,2569.8888888888882,18.0,64.0
8400.0,24,-273.74999999999994,2609.0833333333326,12.0,68.0
8500.0,24,-249.17647058823547,2643.9411764705874,17.0,72.0
8600.0,24,-222.87096774193554,2679.5483870967737,31.0,72.0
8700.0,24,-206.53846153846143,2714.461538461537,13.0,64.0
8800.0,24,-187.6818181818181,2748.90909090909,22.0,70.0
8900.0,24,-166.58823529411748,2786.5882352941167,17.0,74.0
9000.0,24,-144.65384615384602,2807.6538461538453,26.0,74.0
9100.0,24,-114.5999999999996,2826.699999999998,10.0,62.0
9200.0,24,-76.9999999999998,2842.3124999999986,16.0,78.0
9300.0,24,-46.04545454545446,2867.999999999999,22.0,54.0
9400.0,24,-28.058823529411626,2902.0588235294103,17.0,72.0
9500.0,24,-17.11538461538447,2934.5769230769224,26.0,72.0
9600.0,24,-5.833333333333101,2961.5416666666656,24.0,72.0
9700.0,24,-1.5652173913041452,3000.9130434782596,23.0,64.0
9800.0,24,-10.416666666666345,3038.2499999999977,12.0,66.0
9900.0,24,-15.611111111110887,3072.444444444443,18.0,66.0
10000.0,24,-19.79999999999977,3109.4499999999985,20.0,68.0
0.0,25,50.166666666666664,51.166666666666664,6.0,32.0
100.0,25,40.739130434782695,83.04347826086965,23.0,52.0
200.0,25,34.689655172413794,124.4482758620692,29.0,66.0
300.0,25,27.27777777777765,165.88888888888934,18.0,68.0
400.0,25,12.166666666666465,203.61111111111165,18.0,70.0
500.0,25,10.559999999999683,235.0400000000003,25.0,64.0
600.0,25,27.1071428571426,270.9642857142861,28.0,76.0
700.0,25,40.29999999999952,305.3000000000007,20.0,74.0
800.0,25,50.72727272727251,335.48484848484884,33.0,72.0
900.0,25,64.43999999999974,374.8400000000005,25.0,66.0
1000.0,25,82.84999999999977,412.0500000000006,20.0,66.0
1100.0,25,99.99999999999947,446.07692307692395,13.0,68.0
1200.0,25,123.71428571428542,473.1428571428577,21.0,66.0
1300.0,25,158.18518518518485,483.666666666667,27.0,74.0
1400.0,25,200.46428571428544,493.89285714285745,28.0,78.0
1500.0,25,239.72222222222192,501.5000000000005,18.0,64.0
1600.0,25,280.1111111111108,517.444444444445,18.0,66.0
1700.0,25,316.7999999999998,532.4000000000004,25.0,78.0
1800.0,25,353.5454545454541,552.181818181819,11.0,60.0
1900.0,25,387.4999999999996,579.9166666666673,12.0,62.0
2000.0,25,401.49999999999966,606.428571428572,14.0,62.0
2100.0,25,415.93749999999966,636.8750000000005,16.0,64.0
2200.0,25,429.47619047619025,663.8571428571432,21.0,74.0
2300.0,25,463.9499999999997,681.4000000000005,20.0,72.0
2400.0,25,495.69999999999965,704.3500000000005,20.0,66.0
2500.0,25,528.8333333333326,720.6666666666674,12.0,64.0
2600.0,25,558.8999999999995,746.5000000000007,20.0,70.0
2700.0,25,593.2499999999992,762.9166666666677,12.0,62.0
2800.0,25,620.6666666666662,793.0000000000007,18.0,60.0
2900.0,25,632.9999999999995,831.5789473684216,19.0,74.0
3000.0,25,646.6799999999997,867.2000000000005,25.0,68.0
3100.0,25,660.4799999999997,907.1200000000005,25.0,76.0
3200.0,25,669.6999999999994,949.2000000000006,20.0,62.0
3300.0,25,681.7826086956516,986.7826086956528,23.0,66.0
3400.0,25,696.6111111111104,1029.8888888888898,18.0,72.0
3500.0,25,722.9499999999994,1049.7500000000007,20.0,70.0
3600.0,25,728.1249999999993,1088.812500000001,16.0,60.0
3700.0,25,744.7499999999997,1120.4166666666674,24.0,56.0
3800.0,25,769.0952380952377,1153.8095238095245,21.0,76.0
3900.0,25,782.9166666666661,1190.6666666666679,12.0,58.0
4000.0,25,806.5999999999993,1217.0000000000016,10.0,60.0
4100.0,25,841.1538461538454,1235.2307692307706,13.0,58.0
4200.0,25,864.4285714285708,1249.1428571428582,14.0,68.0
4300.0,25,899.2941176470584,1277.2352941176478,17.0,66.0
4400.0,25,923.2592592592589,1304.62962962963,27.0,72.0
4500.0,25,957.90909090909,1328.1818181818196,11.0,64.0
4600.0,25,994.5384615384608,1354.2307692307706,13.0,62.0
4700.0,25,1023.5833333333326,1376.416666666668,12.0,60.0
4800.0,25,1056.9999999999993,1390.8181818181838,11.0,70.0
4900.0,25,1074.9473684210523,1416.0526315789486,19.0,76.0
5000.0,25,1104.8421052631575,1437.7894736842118,19.0,80.0
5100.0,25,1144.4545454545446,1450.0909090909108,11.0,64.0
5200.0,25,1166.8235294117642,1464.2352941176484,17.0,72.0
5300.0,25,1186.117647058823,1491.9411764705897,17.0,76.0
5400.0,25,1206.714285714285,1528.1904761904773,21.0,68.0
5500.0,25,1228.1428571428564,1559.4285714285732,14.0,76.0
5600.0,25,1243.7058823529405,1586.1764705882367,17.0,66.0
5700.0,25,1255.214285714285,1625.7142857142874,14.0,72.0
5800.0,25,1281.954545454545,1660.6363636363649,22.0,72.0
5900.0,25,1296.8823529411761,1693.117647058825,17.0,70.0
6000.0,25,1311.2999999999997,1728.4000000000012,20.0,64.0
6100.0,25,1324.9999999999995,1759.3157894736855,19.0,66.0
6200.0,25,1345.2499999999995,1795.8500000000015,20.0,72.0
6300.0,25,1360.2857142857135,1832.285714285716,14.0,68.0
6400.0,25,1372.2173913043473,1868.0434782608706,23.0,66.0
6500.0,25,1387.0833333333326,1911.6666666666688,12.0,66.0
6600.0,25,1413.6363636363626,1938.818181818184,11.0,58.0
6700.0,25,1445.0769230769224,1956.4615384615406,13.0,66.0
6800.0,25,1459.8888888888882,1986.5555555555572,18.0,62.0
6900.0,25,1475.1538461538453,2023.7692307692328,13.0,74.0
7000.0,25,1495.6216216216214,2053.6756756756763,37.0,74.0
7100.0,25,1511.3571428571422,2087.2142857142876,14.0,68.0
7200.0,25,1519.0499999999997,2127.1000000000013,20.0,68.0
7300.0,25,1539.176470588235,2163.882352941178,17.0,56.0
7400.0,25,1554.8124999999998,2192.125000000002,16.0,76.0
7500.0,25,1571.8333333333326,2227.3333333333358,12.0,66.0
7600.0,25,1589.461538461538,2257.8076923076933,26.0,64.0
7700.0,25,1609.2307692307688,2285.153846153847,26.0,64.0
7800.0,25,1628.7777777777767,2315.777777777781,9.0,62.0
7900.0,25,1660.7916666666663,2337.5833333333344,24.0,70.0
8000.0,25,1691.0999999999992,2355.200000000003,10.0,62.0
8100.0,25,1728.2631578947367,2375.526315789475,19.0,60.0
8200.0,25,1763.9230769230765,2399.69230769231,13.0,64.0
8300.0,25,1796.2499999999998,2413.125000000002,16.0,66.0
8400.0,25,1826.9166666666663,2435.2500000000023,12.0,64.0
8500.0,25,1849.5555555555554,2466.1111111111127,18.0,66.0
8600.0,25,1863.7272727272725,2501.727272727275,11.0,62.0
8700.0,25,1884.3999999999999,2534.1666666666674,30.0,76.0
8800.0,25,1906.3888888888887,2567.3888888888905,18.0,60.0
8900.0,25,1926.8947368421052,2592.578947368422,19.0,64.0
9000.0,25,1955.7272727272727,2626.0000000000023,11.0,64.0
9100.0,25,1976.6875,2658.0625000000014,16.0,62.0
9200.0,25,1990.6521739130435,2687.217391304349,23.0,70.0
9300.0,25,2007.5,2724.642857142859,14.0,68.0
9400.0,25,2022.6000000000001,2761.666666666669,15.0,66.0
9500.0,25,2034.3125,2801.500000000001,32.0,70.0
9600.0,25,2041.0555555555559,2840.944444444446,18.0,70.0
9700.0,25,2054.166666666667,2885.5833333333358,12.0,60.0
9800.0,25,2077.1875,2919.375000000002,16.0,64.0
9900.0,25,2093.6521739130435,2953.6956521739144,23.0,62.0
10000.0,25,2109.4285714285716,2987.214285714288,14.0,62.0
0.0,26,50.5,49.5,2.0,14.0
100.0,26,65.89473684210525,17.526315789473767,19.0,70.0
200.0,26,88.625,-17.93749999999997,16.0,60.0
300.0,26,117.61111111111116,-48.22222222222216,36.0,78.0
400.0,26,140.92307692307696,-83.99999999999963,13.0,68.0
500.0,26,166.85714285714286,-113.49999999999964,14.0,62.0
600.0,26,166.32352941176475,-142.79411764705873,34.0,76.0
700.0,26,166.65217391304344,-179.7391304347825,23.0,70.0
800.0,26,172.8999999999998,-218.4999999999999,20.0,60.0
900.0,26,178.28124999999997,-261.78125000000006,32.0,82.0
1000.0,26,192.18181818181793,-299.5454545454547,11.0,64.0
1100.0,26,208.89473684210512,-331.7894736842106,19.0,68.0
1200.0,26,206.3333333333333,-376.51851851851853,27.0,68.0
1300.0,26,200.89655172413774,-412.8620689655173,29.0,66.0
1400.0,26,187.14285714285694,-444.66666666666674,21.0,56.0
1500.0,26,167.05555555555532,-481.1111111111113,18.0,78.0
1600.0,26,141.46153846153805,-518.5384615384618,13.0,70.0
1700.0,26,123.23529411764659,-551.5882352941178,17.0,72.0
1800.0,26,105.92307692307648,-580.7692307692312,13.0,66.0
1900.0,26,77.7272727272722,-606.1818181818187,11.0,64.0
2000.0,26,41.33333333333283,-621.9333333333336,15.0,74.0
2100.0,26,9.086956521738843,-640.3913043478263,23.0,76.0
2200.0,26,-22.692307692307978,-644.0769230769232,26.0,70.0
2300.0,26,-58.05555555555597,-655.6111111111114,18.0,66.0
2400.0,26,-97.50000000000047,-669.8571428571432,14.0,70.0
2500.0,26,-133.91666666666708,-677.0000000000002,24.0,64.0
2600.0,26,-170.00000000000068,-691.0909090909096,11.0,66.0
2700.0,26,-201.47619047619082,-711.0000000000003,21.0,72.0
2800.0,26,-223.11538461538493,-738.9615384615387,26.0,72.0
2900.0,26,-236.35294117647072,-775.1764705882356,34.0,72.0
3000.0,26,-239.27777777777817,-812.7222222222229,18.0,62.0
3100.0,26,-243.75000000000014,-848.1666666666672,24.0,62.0
3200.0,26,-242.85714285714303,-889.2380952380958,21.0,68.0
3300.0,26,-236.6250000000002,-927.2500000000005,24.0,64.0
3400.0,26,-217.11111111111126,-959.1111111111118,18.0,68.0
3500.0,26,-181.64000000000007,-965.3600000000005,25.0,66.0
3600.0,26,-139.7,-963.2500000000006,20.0,66.0
3700.0,26,-100.08695652173905,-960.9130434782614,23.0,70.0
3800.0,26,-63.130434782608724,-963.0434782608703,23.0,68.0
3900.0,26,-19.611111111111114,-975.1111111111121,18.0,68.0
4000.0,26,10.700000000000284,-994.0000000000019,10.0,56.0
4100.0,26,39.333333333333435,-1019.6666666666683,12.0,68.0
4200.0,26,58.92857142857122,-1050.8571428571443,14.0,64.0
4300.0,26,75.66666666666659,-1090.7916666666674,24.0,74.0
4400.0,26,87.73333333333318,-1123.533333333335,15.0,78.0
4500.0,26,105.79999999999995,-1162.560000000001,25.0,76.0
4600.0,26,118.99999999999991,-1197.7352941176478,34.0,80.0
4700.0,26,133.34999999999977,-1230.2500000000014,20.0,64.0
4800.0,26,151.13333333333304,-1264.400000000002,15.0,68.0
4900.0,26,169.99999999999955,-1296.5000000000023,12.0,64.0
5000.0,26,183.95454545454533,-1333.3636363636376,22.0,62.0
5100.0,26,202.09999999999994,-1369.7500000000014,20.0,76.0
5200.0,26,215.07692307692312,-1411.6923076923097,13.0,74.0
5300.0,26,229.25000000000009,-1451.0000000000011,20.0,64.0
5400.0,26,243.29411764705884,-1483.4117647058838,17.0,60.0
5500.0,26,249.2105263157895,-1520.7894736842118,19.0,78.0
5600.0,26,258.5588235294117,-1557.7647058823536,34.0,76.0
5700.0,26,276.5,-1590.1250000000016,16.0,62.0
5800.0,26,286.80000000000007,-1625.7500000000014,20.0,66.0
5900.0,26,289.2916666666667,-1664.2500000000011,24.0,72.0
6000.0,26,287.50000000000006,-1701.000000000002,14.0,56.0
6100.0,26,291.33333333333337,-1739.5333333333353,15.0,64.0
6200.0,26,309.72727272727263,-1778.7272727272752,11.0,60.0
6300.0,26,320.6470588235293,-1808.0588235294135,17.0,62.0
6400.0,26,335.4285714285711,-1844.5000000000023,14.0,68.0
6500.0,26,343.8999999999998,-1872.8500000000015,20.0,62.0
6600.0,26,361.2499999999999,-1904.2500000000036,8.0,58.0
6700.0,26,383.4166666666666,-1930.416666666669,12.0,68.0
6800.0,26,394.81818181818164,-1960.7272727272755,11.0,60.0
6900.0,26,427.6785714285714,-1979.2142857142867,28.0,72.0
7000.0,26,465.37499999999994,-1992.0833333333346,24.0,74.0
7100.0,26,496.86956521739137,-2005.2608695652189,23.0,64.0
7200.0,26,537.2,-2019.8666666666688,15.0,60.0
7300.0,26,573.3750000000002,-2029.000000000002,16.0,62.0
7400.0,26,603.1153846153849,-2051.0769230769242,26.0,70.0
7500.0,26,624.5833333333339,-2086.5000000000027,12.0,66.0
7600.0,26,641.916666666667,-2121.333333333335,24.0,82.0
7700.0,26,648.9310344827588,-2160.0689655172423,29.0,84.0
7800.0,26,653.2083333333335,-2200.7500000000014,24.0,72.0
7900.0,26,664.1578947368423,-2237.9473684210543,19.0,66.0
8000.0,26,680.826086956522,-2273.956521739132,23.0,62.0
8100.0,26,698.7272727272733,-2301.1818181818207,11.0,64.0
8200.0,26,707.0000000000002,-2340.437500000002,16.0,60.0
8300.0,26,711.4375000000001,-2381.625000000002,16.0,74.0
8400.0,26,725.1111111111113,-2408.944444444446,18.0,62.0
8500.0,26,748.8125000000002,-2445.000000000002,16.0,78.0
8600.0,26,774.6190476190477,-2472.619047619049,21.0,60.0
8700.0,26,802.0666666666668,-2488.6000000000017,15.0,70.0
8800.0,26,842.8750000000001,-2500.625000000002,16.0,66.0
8900.0,26,871.692307692308,-2517.3846153846175,13.0,64.0
9000.0,26,910.0000000000002,-2528.6086956521754,23.0,68.0
9100.0,26,952.3846153846158,-2548.923076923079,13.0,62.0
9200.0,26,988.8636363636366,-2579.4090909090924,22.0,76.0
9300.0,26,998.8235294117651,-2619.2941176470604,17.0,66.0
9400.0,26,1017.6250000000002,-2651.2083333333344,24.0,68.0
9500.0,26,1036.3500000000004,-2687.4500000000016,20.0,64.0
9600.0,26,1059.3200000000004,-2713.4800000000014,25.0,72.0
9700.0,26,1082.2631578947373,-2744.473684210528,19.0,66.0
9800.0,26,1099.3684210526321,-2782.157894736844,19.0,68.0
9900.0,26,1111.277777777778,-2824.500000000002,18.0,56.0
10000.0,26,1100.4615384615388,-2857.5769230769242,26.0,74.0
0.0,27,50.0,50.0,1.0,8.0
100.0,27,50.133333333333084,81.99999999999984,15.0,62.0
200.0,27,53.374999999999815,117.62499999999986,16.0,66.0
300.0,27,71.54999999999988,156.4499999999999,20.0,76.0
400.0,27,103.83333333333327,176.8888888888888,18.0,78.0
500.0,27,142.15789473684202,196.6842105263157,19.0,70.0
600.0,27,173.6666666666666,212.4000000000001,15.0,70.0
700.0,27,210.1176470588235,233.23529411764721,17.0,70.0
800.0,27,235.17647058823525,251.58823529411788,17.0,80.0
900.0,27,256.34999999999997,290.3000000000002,20.0,70.0
1000.0,27,275.357142857143,309.8571428571432,14.0,62.0
1100.0,27,313.68,323.92000000000013,25.0,64.0
1200.0,27,338.0,350.64000000000016,25.0,70.0
1300.0,27,345.5714285714284,377.85714285714323,14.0,62.0
1400.0,27,336.53846153846126,416.30769230769283,13.0,68.0
1500.0,27,316.9999999999998,448.352941176471,17.0,76.0
1600.0,27,288.6086956521737,471.6521739130437,23.0,70.0
1700.0,27,250.62499999999974,496.6250000000003,24.0,62.0
1800.0,27,222.3999999999993,513.2000000000006,10.0,66.0
1900.0,27,197.61538461538413,548.3846153846158,13.0,64.0
2000.0,27,185.20833333333303,564.4583333333336,24.0,68.0
2100.0,27,167.94736842105215,594.0526315789476,19.0,64.0
2200.0,27,151.69999999999908,632.4000000000007,10.0,68.0
2300.0,27,139.27272727272685,666.5000000000002,22.0,68.0
2400.0,27,127.11111111111073,700.6666666666669,18.0,74.0
2500.0,27,112.47058823529376,727.9411764705884,17.0,64.0
2600.0,27,97.77777777777747,767.3888888888891,18.0,70.0
2700.0,27,82.88888888888823,790.4444444444451,9.0,56.0
2800.0,27,61.839999999999726,817.5600000000004,25.0,72.0
2900.0,27,45.75999999999972,853.6000000000004,25.0,76.0
3000.0,27,33.66666666666639,891.0952380952385,21.0,76.0
3100.0,27,13.999999999999488,926.2500000000006,16.0,68.0
3200.0,27,-2.7000000000007702,961.700000000001,10.0,66.0
3300.0,27,-13.384615384615998,999.6153846153854,13.0,68.0
3400.0,27,-23.041666666666913,1043.0416666666672,24.0,76.0
3500.0,27,-39.31578947368457,1078.5263157894742,19.0,64.0
3600.0,27,-52.00000000000049,1114.3333333333342,12.0,52.0
3700.0,27,-67.90000000000059,1147.000000000001,10.0,62.0
3800.0,27,-83.52941176470623,1187.5294117647065,17.0,70.0
3900.0,27,-93.16666666666706,1218.2222222222229,18.0,64.0
4000.0,27,-101.8000000000004,1254.4666666666672,15.0,68.0
4100.0,27,-113.25000000000038,1293.0000000000005,12.0,64.0
4200.0,27,-131.00000000000045,1325.0000000000005,13.0,76.0
4300.0,27,-149.05882352941205,1353.7647058823534,17.0,64.0
4400.0,27,-163.54545454545485,1384.9090909090917,11.0,72.0
4500.0,27,-179.1818181818183,1422.5454545454547,22.0,76.0
4600.0,27,-192.56521739130446,1460.4347826086957,23.0,74.0
4700.0,27,-207.357142857143,1503.1785714285718,28.0,72.0
4800.0,27,-216.4615384615388,1529.692307692308,13.0,62.0
4900.0,27,-231.81250000000017,1567.1250000000005,16.0,58.0
5000.0,27,-240.20000000000007,1605.4000000000003,30.0,78.0
5100.0,27,-249.6315789473686,1636.1052631578953,19.0,60.0
5200.0,27,-272.2380952380954,1666.2857142857147,21.0,74.0
5300.0,27,-309.8695652173914,1689.5652173913047,23.0,74.0
5400.0,27,-348.0714285714286,1709.5000000000007,14.0,66.0
5500.0,27,-379.53846153846155,1728.2820512820515,39.0,82.0
5600.0,27,-406.72727272727263,1750.4545454545464,11.0,54.0
5700.0,27,-444.5882352941175,1773.7647058823536,17.0,64.0
5800.0,27,-488.4615384615384,1782.115384615385,26.0,74.0
5900.0,27,-518.3076923076922,1809.0769230769238,13.0,64.0
6000.0,27,-549.8461538461536,1824.6153846153852,13.0,66.0
6100.0,27,-591.413793103448,1825.034482758621,29.0,64.0
6200.0,27,-627.1923076923074,1823.5769230769233,26.0,66.0
6300.0,27,-661.9999999999999,1825.34375,32.0,76.0
6400.0,27,-703.1999999999998,1828.0666666666668,15.0,66.0
6500.0,27,-745.2857142857141,1845.1428571428573,14.0,76.0
6600.0,27,-782.8333333333331,1865.416666666667,12.0,64.0
6700.0,27,-821.0,1883.2941176470588,17.0,64.0
6800.0,27,-858.0,1897.5714285714284,14.0,68.0
6900.0,27,-893.2083333333335,1914.9166666666665,24.0,66.0
7000.0,27,-919.304347826087,1935.6086956521738,23.0,64.0
7100.0,27,-941.1250000000005,1968.5,8.0,56.0
7200.0,27,-972.7222222222225,1988.2777777777776,18.0,64.0
7300.0,27,-1002.3793103448278,2013.551724137931,29.0,76.0
7400.0,27,-1036.7647058823534,2034.2941176470588,17.0,72.0
7500.0,27,-1071.363636363637,2038.4545454545457,11.0,62.0
7600.0,27,-1105.1250000000002,2057.5833333333335,24.0,74.0
7700.0,27,-1139.8823529411768,2066.470588235294,17.0,62.0
7800.0,27,-1179.0000000000002,2065.65,20.0,68.0
7900.0,27,-1220.72,2056.12,25.0,70.0
8000.0,27,-1255.0434782608695,2042.4347826086957,23.0,72.0
8100.0,27,-1275.6999999999998,2025.2000000000005,10.0,62.0
8200.0,27,-1290.2857142857142,1999.3571428571431,14.0,70.0
8300.0,27,-1298.2727272727273,1972.0909090909095,11.0,62.0
8400.0,27,-1330.5666666666666,1952.5666666666668,30.0,68.0
8500.0,27,-1367.3076923076924,1930.1153846153848,26.0,78.0
8600.0,27,-1409.6666666666665,1910.5555555555559,18.0,72.0
8700.0,27,-1441.6363636363635,1888.0909090909095,11.0,68.0
8800.0,27,-1474.3809523809523,1876.761904761905,21.0,66.0
8900.0,27,-1511.923076923077,1867.6923076923083,13.0,60.0
9000.0,27,-1554.0909090909092,1854.4545454545457,22.0,64.0
9100.0,27,-1590.2272727272727,1839.8181818181822,22.0,72.0
9200.0,27,-1622.0,1821.285714285715,14.0,60.0
9300.0,27,-1655.9642857142856,1792.821428571429,28.0,74.0
9400.0,27,-1681.9166666666663,1766.5000000000005,12.0,60.0
9500.0,27,-1696.2666666666664,1732.066666666667,15.0,68.0
9600.0,27,-1712.2941176470586,1695.294117647059,17.0,66.0
9700.0,27,-1740.9999999999998,1669.6875000000002,16.0,66.0
9800.0,27,-1778.4444444444443,1650.4444444444446,27.0,74.0
9900.0,27,-1816.5384615384612,1640.4615384615386,13.0,60.0
10000.0,27,-1847.6874999999998,1618.75,16.0,72.0
0.0,28,49.5,49.5,2.0,14.0
100.0,28,30.07407407407408,59.11111111111126,27.0,80.0
200.0,28,-10.733333333333249,74.13333333333361,15.0,60.0
300.0,28,-45.949999999999854,92.20000000000027,20.0,68.0
400.0,28,-86.15789473684194,106.00000000000047,19.0,70.0
500.0,28,-121.14814814814805,102.14814814814862,27.0,82.0
600.0,28,-164.94999999999987,98.25000000000064,20.0,66.0
700.0,28,-200.13793103448268,89.17241379310383,29.0,70.0
800.0,28,-241.4782608695652,81.5217391304353,23.0,60.0
900.0,28,-277.3599999999999,63.52000000000049,25.0,68.0
1000.0,28,-316.95454545454544,40.77272727272792,22.0,70.0
1100.0,28,-354.2903225806451,29.064516129032736,31.0,74.0
1200.0,28,-391.76923076923066,16.230769230770342,13.0,64.0
1300.0,28,-427.09090909090867,2.0909090909104036,11.0,66.0
1400.0,28,-464.56249999999955,-17.874999999999005,16.0,58.0
1500.0,28,-492.42307692307656,-39.15384615384558,26.0,76.0
1600.0,28,-527.333333333333,-52.36666666666623,30.0,80.0
1700.0,28,-563.884615384615,-68.96153846153797,26.0,72.0
1800.0,28,-600.2499999999995,-82.64999999999948,20.0,64.0
1900.0,28,-627.1999999999997,-107.69999999999963,30.0,66.0
2000.0,28,-641.4210526315785,-133.2105263157888,19.0,70.0
2100.0,28,-644.3499999999997,-171.44999999999928,20.0,78.0
2200.0,28,-641.9199999999997,-204.2399999999994,25.0,68.0
2300.0,28,-637.9583333333331,-244.95833333333277,24.0,64.0
2400.0,28,-630.384615384615,-287.30769230769124,13.0,66.0
2500.0,28,-617.1666666666664,-327.499999999999,12.0,66.0
2600.0,28,-601.4210526315787,-366.368421052631,19.0,74.0
2700.0,28,-582.6666666666664,-396.99999999999915,15.0,70.0
2800.0,28,-562.6129032258062,-425.93548387096735,31.0,72.0
2900.0,28,-544.6666666666664,-461.66666666666583,15.0,68.0
3000.0,28,-555.9999999999995,-500.90909090908985,11.0,68.0
3100.0,28,-578.9999999999998,-530.8333333333322,12.0,60.0
3200.0,28,-600.3571428571428,-562.9285714285705,14.0,74.0
3300.0,28,-603.1363636363636,-607.9999999999994,22.0,66.0
3400.0,28,-598.08,-647.1599999999995,25.0,72.0
3500.0,28,-592.1500000000002,-680.0999999999993,20.0,62.0
3600.0,28,-599.9000000000004,-714.3499999999991,20.0,76.0
3700.0,28,-599.5185185185188,-748.8518518518512,27.0,62.0
3800.0,28,-600.9565217391306,-783.6086956521731,23.0,72.0
3900.0,28,-624.7500000000001,-814.0937499999993,32.0,78.0
4000.0,28,-640.9090909090913,-849.7272727272709,11.0,64.0
4100.0,28,-650.1111111111114,-877.4444444444433,18.0,64.0
4200.0,28,-660.5625000000005,-907.4999999999986,16.0,70.0
4300.0,28,-679.4482758620693,-940.3793103448269,29.0,74.0
4400.0,28,-694.3636363636368,-974.8181818181799,11.0,58.0
4500.0,28,-712.1176470588239,-1008.7647058823517,17.0,64.0
4600.0,28,-728.1538461538465,-1037.692307692306,13.0,60.0
4700.0,28,-757.1000000000008,-1055.3999999999978,10.0,62.0
4800.0,28,-790.2258064516132,-1084.870967741935,31.0,80.0
4900.0,28,-820.0000000000009,-1100.444444444442,9.0,60.0
5000.0,28,-858.3870967741939,-1122.0967741935476,31.0,74.0
5100.0,28,-886.9047619047624,-1141.7142857142849,21.0,70.0
5200.0,28,-914.4814814814818,-1172.851851851851,27.0,74.0
5300.0,28,-938.6250000000003,-1208.5416666666658,24.0,72.0
5400.0,28,-949.7142857142862,-1241.1428571428557,14.0,72.0
5500.0,28,-963.214285714286,-1281.2142857142844,14.0,62.0
5600.0,28,-980.7692307692312,-1317.8461538461524,13.0,62.0
5700.0,28,-993.8571428571432,-1352.4761904761897,21.0,66.0
5800.0,28,-993.9545454545458,-1389.818181818181,22.0,60.0
5900.0,28,-989.4500000000006,-1428.4499999999991,20.0,64.0
6000.0,28,-975.6086956521746,-1466.7826086956513,23.0,70.0
6100.0,28,-959.9444444444455,-1498.888888888888,18.0,62.0
6200.0,28,-945.870967741936,-1532.0322580645156,31.0,72.0
6300.0,28,-933.333333333335,-1564.4166666666656,12.0,66.0
6400.0,28,-921.2941176470599,-1602.5882352941169,17.0,72.0
6500.0,28,-899.600000000002,-1640.9999999999986,10.0,70.0
6600.0,28,-886.375000000001,-1683.4583333333328,24.0,70.0
6700.0,28,-880.111111111112,-1721.1851851851848,27.0,66.0
6800.0,28,-868.9545454545466,-1758.454545454545,22.0,64.0
6900.0,28,-846.880000000001,-1785.5999999999995,25.0,68.0
7000.0,28,-832.0909090909101,-1821.2272727272723,22.0,72.0
7100.0,28,-818.1538461538481,-1851.3076923076915,13.0,74.0
7200.0,28,-797.5714285714304,-1883.3571428571422,14.0,72.0
7300.0,28,-785.619047619049,-1921.1428571428569,21.0,66.0
7400.0,28,-776.1739130434796,-1959.5217391304345,23.0,64.0
7500.0,28,-764.7586206896563,-2003.9999999999998,29.0,78.0
7600.0,28,-756.615384615387,-2041.9999999999993,13.0,68.0
7700.0,28,-749.2903225806461,-2081.6451612903224,31.0,76.0
7800.0,28,-741.5000000000022,-2112.4285714285706,14.0,64.0
7900.0,28,-733.9047619047635,-2150.047619047619,21.0,62.0
8000.0,28,-711.1333333333345,-2182.933333333333,30.0,80.0
8100.0,28,-678.6250000000019,-2201.4374999999995,16.0,72.0
8200.0,28,-637.5000000000018,-2212.8124999999995,16.0,58.0
8300.0,28,-593.200000000003,-2231.599999999999,10.0,64.0
8400.0,28,-591.200000000003,-2254.399999999999,10.0,64.0
8500.0,28,-607.0909090909119,-2285.8181818181806,11.0,66.0
8600.0,28,-607.600000000002,-2311.933333333333,15.0,64.0
8700.0,28,-588.2500000000023,-2339.166666666666,12.0,68.0
8800.0,28,-558.7500000000033,-2360.1249999999986,8.0,56.0
8900.0,28,-528.2727272727298,-2370.090909090908,11.0,60.0
9000.0,28,-488.80000000000115,-2385.8399999999992,25.0,70.0
9100.0,28,-458.8181818181843,-2410.363636363635,11.0,60.0
9200.0,28,-432.0000000000008,-2435.8571428571427,35.0,76.0
9300.0,28,-406.1428571428581,-2455.7142857142853,28.0,72.0
9400.0,28,-367.71428571428703,-2474.666666666666,21.0,62.0
9500.0,28,-332.40000000000265,-2490.199999999998,10.0,64.0
9600.0,28,-302.2857142857157,-2497.7619047619037,21.0,68.0
9700.0,28,-263.5789473684226,-2502.4210526315783,19.0,72.0
9800.0,28,-221.8333333333344,-2501.1999999999994,30.0,80.0
9900.0,28,-180.86666666666883,-2485.6666666666656,15.0,66.0
10000.0,28,-145.95652173913174,-2475.6956521739125,23.0,66.0
0.0,29,50.0,50.0,1.0,8.0
100.0,29,18.41176470588236,65.00000000000003,17.0,66.0
200.0,29,-10.25,79.69999999999993,20.0,72.0
300.0,29,-31.611111111111086,105.55555555555551,18.0,72.0
400.0,29,-49.72727272727275,142.45454545454533,11.0,66.0
500.0,29,-61.99999999999992,176.54545454545442,22.0,62.0
600.0,29,-71.72727272727266,209.59090909090892,22.0,66.0
700.0,29,-81.08695652173917,252.82608695652152,23.0,68.0
800.0,29,-98.54545454545445,289.2727272727271,22.0,60.0
900.0,29,-116.68181818181806,323.36363636363615,22.0,68.0
1000.0,29,-132.8421052631579,361.5263157894734,19.0,56.0
1100.0,29,-154.05263157894723,397.4210526315788,19.0,70.0
1200.0,29,-168.736842105263,438.8421052631577,19.0,68.0
1300.0,29,-183.94444444444423,473.72222222222206,18.0,60.0
1400.0,29,-200.26086956521723,510.17391304347814,23.0,80.0
1500.0,29,-217.63636363636328,545.0909090909088,11.0,62.0
1600.0,29,-241.03846153846143,577.6538461538461,26.0,70.0
1700.0,29,-257.8888888888884,606.4444444444442,9.0,62.0
1800.0,29,-280.21428571428544,643.6428571428569,14.0,70.0
1900.0,29,-291.4,679.4499999999999,20.0,82.0
2000.0,29,-304.0869565217391,709.2608695652174,23.0,70.0
2100.0,29,-310.24999999999994,745.2916666666665,24.0,72.0
2200.0,29,-323.8333333333335,783.5555555555555,18.0,60.0
2300.0,29,-341.37500000000017,815.2083333333331,24.0,76.0
2400.0,29,-354.66666666666686,849.1666666666663,12.0,66.0
2500.0,29,-372.84615384615404,887.7692307692305,13.0,62.0
2600.0,29,-385.3157894736844,928.5263157894735,19.0,62.0
2700.0,29,-395.4782608695655,966.5217391304345,23.0,58.0
2800.0,29,-402.7307692307695,994.6923076923074,26.0,72.0
2900.0,29,-414.3571428571431,1031.9642857142853,28.0,68.0
3000.0,29,-424.5000000000005,1068.4166666666658,12.0,68.0
3100.0,29,-439.00000000000045,1110.5454545454536,11.0,62.0
3200.0,29,-455.7692307692311,1144.8461538461534,13.0,66.0
3300.0,29,-480.0000000000003,1178.8888888888885,18.0,62.0
3400.0,29,-507.9629629629632,1204.8888888888887,27.0,78.0
3500.0,29,-533.2142857142859,1237.178571428571,28.0,70.0
3600.0,29,-557.1666666666669,1265.6333333333332,30.0,70.0
3700.0,29,-572.1500000000003,1302.5499999999997,20.0,68.0
3800.0,29,-584.8260869565221,1340.5652173913043,23.0,74.0
3900.0,29,-603.631578947369,1381.894736842105,19.0,66.0
4000.0,29,-625.8148148148152,1417.9629629629628,27.0,74.0
4100.0,29,-652.9629629629634,1446.8518518518515,27.0,74.0
4200.0,29,-682.5000000000013,1463.2499999999986,8.0,58.0
4300.0,29,-711.0555555555561,1490.444444444444,18.0,70.0
4400.0,29,-721.300000000001,1530.199999999999,10.0,62.0
4500.0,29,-732.8571428571435,1557.857142857142,14.0,68.0
4600.0,29,-749.9090909090917,1590.9090909090899,11.0,62.0
4700.0,29,-773.9565217391307,1616.7826086956516,23.0,64.0
4800.0,29,-800.5555555555558,1645.0370370370367,27.0,70.0
4900.0,29,-814.8000000000004,1676.799999999999,10.0,60.0
5000.0,29,-832.4666666666669,1712.066666666666,15.0,58.0
5100.0,29,-854.1000000000005,1750.1999999999987,10.0,64.0
5200.0,29,-874.3000000000004,1780.0999999999985,10.0,58.0
5300.0,29,-897.2727272727276,1820.4090909090903,22.0,72.0
5400.0,29,-919.1739130434785,1853.4782608695648,23.0,64.0
5500.0,29,-952.1428571428573,1873.1904761904757,21.0,62.0
5600.0,29,-988.9230769230775,1894.2307692307684,13.0,52.0
5700.0,29,-1014.1904761904766,1910.1428571428567,21.0,74.0
5800.0,29,-1053.2727272727275,1918.4090909090905,22.0,74.0
5900.0,29,-1093.3000000000006,1939.3999999999992,10.0,56.0
6000.0,29,-1129.7352941176473,1948.411764705882,34.0,76.0
6100.0,29,-1168.727272727273,1958.4090909090905,22.0,74.0
6200.0,29,-1206.5833333333337,1976.7499999999993,12.0,68.0
6300.0,29,-1224.7222222222224,2002.8333333333328,18.0,68.0
6400.0,29,-1237.3157894736844,2038.4210526315783,19.0,66.0
6500.0,29,-1248.2777777777783,2079.999999999999,18.0,58.0
6600.0,29,-1261.1851851851854,2117.1851851851848,27.0,80.0
6700.0,29,-1279.3076923076926,2150.692307692307,26.0,70.0
6800.0,29,-1291.5333333333335,2189.266666666666,15.0,58.0
6900.0,29,-1314.7000000000003,2229.1999999999994,20.0,78.0
7000.0,29,-1324.5000000000002,2265.9642857142853,28.0,74.0
7100.0,29,-1328.769230769231,2301.6538461538457,26.0,64.0
7200.0,29,-1340.0454545454547,2342.7727272727266,22.0,66.0
7300.0,29,-1354.2857142857147,2384.214285714285,14.0,66.0
7400.0,29,-1377.3529411764707,2425.0588235294113,17.0,64.0
7500.0,29,-1393.1111111111113,2460.5185185185182,27.0,74.0
7600.0,29,-1406.818181818182,2496.5454545454536,11.0,70.0
7700.0,29,-1423.3000000000002,2529.5999999999985,10.0,66.0
7800.0,29,-1431.576923076923,2563.7307692307686,26.0,74.0
7900.0,29,-1428.2857142857144,2602.47619047619,21.0,64.0
8000.0,29,-1432.2413793103449,2638.03448275862,29.0,70.0
8100.0,29,-1437.6000000000001,2680.479999999999,25.0,66.0
8200.0,29,-1455.0,2715.363636363634,11.0,64.0
8300.0,29,-1471.0,2745.2608695652166,23.0,74.0
8400.0,29,-1482.1739130434783,2782.7391304347816,23.0,76.0
8500.0,29,-1497.730769230769,2816.923076923076,26.0,80.0
8600.0,29,-1507.8888888888882,2851.8888888888864,9.0,60.0
8700.0,29,-1528.333333333333,2885.9999999999986,15.0,64.0
8800.0,29,-1544.3571428571422,2925.2142857142844,14.0,68.0
8900.0,29,-1573.4848484848483,2944.787878787878,33.0,72.0
9000.0,29,-1611.714285714285,2951.42857142857,14.0,68.0
9100.0,29,-1649.8749999999995,2961.791666666666,24.0,68.0
9200.0,29,-1684.4583333333328,2979.291666666666,24.0,74.0
9300.0,29,-1721.5333333333324,2996.799999999999,15.0,60.0
9400.0,29,-1754.0909090909079,3008.4545454545437,11.0,68.0
9500.0,29,-1793.8695652173908,3011.91304347826,23.0,62.0
9600.0,29,-1829.1904761904757,3023.904761904761,21.0,70.0
9700.0,29,-1859.399999999999,3045.4999999999977,10.0,66.0
9800.0,29,-1890.3333333333326,3069.749999999998,12.0,64.0
9900.0,29,-1930.055555555555,3082.888888888888,18.0,64.0
10000.0,29,-1967.333333333333,3092.874999999999,24.0,64.0
0.0,3,50.0,50.0,1.0,8.0
100.0,3,73.35294117647067,66.88235294117628,17.0,56.0
200.0,3,115.17647058823525,80.176470588235,17.0,68.0
300.0,3,151.56249999999997,96.31249999999966,16.0,68.0
400.0,3,169.5,122.99999999999977,14.0,64.0
500.0,3,183.08695652173918,154.7391304347825,23.0,60.0
600.0,3,195.28571428571433,193.8095238095238,21.0,64.0
700.0,3,210.33333333333314,223.58333333333331,12.0,64.0
800.0,3,239.59999999999988,231.93333333333337,15.0,62.0
900.0,3,276.9166666666667,248.41666666666663,12.0,64.0
1000.0,3,310.2857142857143,261.99999999999994,28.0,74.0
1100.0,3,345.7142857142856,274.89285714285705,28.0,66.0
1200.0,3,384.5142857142857,284.8571428571429,35.0,78.0
1300.0,3,424.9090909090909,296.13636363636374,22.0,68.0
1400.0,3,460.1875000000001,306.56250000000017,16.0,60.0
1500.0,3,496.5714285714286,325.8214285714288,28.0,84.0
1600.0,3,520.5357142857143,347.82142857142867,28.0,74.0
1700.0,3,534.3333333333334,374.9047619047619,21.0,58.0
1800.0,3,549.0833333333335,403.7500000000001,12.0,70.0
1900.0,3,560.0,439.846153846154,13.0,66.0
2000.0,3,587.5,476.0000000000001,10.0,64.0
2100.0,3,597.7826086956522,506.34782608695645,23.0,64.0
2200.0,3,597.0,541.3809523809523,21.0,60.0
2300.0,3,586.3636363636365,580.7272727272726,11.0,58.0
2400.0,3,564.0000000000001,598.6666666666666,12.0,70.0
2500.0,3,533.4285714285716,624.5238095238094,21.0,72.0
2600.0,3,513.5000000000002,657.1999999999999,10.0,60.0
2700.0,3,490.9000000000001,690.5999999999999,20.0,60.0
2800.0,3,470.5454545454547,721.0909090909089,11.0,62.0
2900.0,3,456.62500000000006,752.9999999999999,16.0,64.0
3000.0,3,444.2068965517241,786.4137931034483,29.0,78.0
3100.0,3,428.22222222222234,822.5555555555554,9.0,56.0
3200.0,3,407.59375,862.65625,32.0,80.0
3300.0,3,401.7619047619047,902.8095238095236,21.0,70.0
3400.0,3,383.3333333333332,936.7777777777775,9.0,66.0
3500.0,3,351.6521739130435,950.0,23.0,70.0
3600.0,3,315.3999999999999,957.52,25.0,68.0
3700.0,3,281.65384615384613,965.5384615384617,26.0,62.0
3800.0,3,245.59259259259267,968.5185185185188,27.0,66.0
3900.0,3,207.1481481481482,971.666666666667,27.0,88.0
4000.0,3,166.79999999999978,982.8000000000005,10.0,64.0
4100.0,3,124.08695652173904,988.6956521739133,23.0,74.0
4200.0,3,88.91666666666657,987.2222222222224,36.0,74.0
4300.0,3,53.27272727272702,972.0000000000006,11.0,62.0
4400.0,3,14.805555555555511,956.2500000000002,36.0,78.0
4500.0,3,-24.250000000000043,950.7916666666667,24.0,66.0
4600.0,3,-61.77777777777787,950.3703703703706,27.0,66.0
4700.0,3,-91.99999999999996,966.6666666666669,15.0,66.0
4800.0,3,-126.23529411764713,982.9411764705884,17.0,66.0
4900.0,3,-169.91666666666697,996.8333333333334,12.0,66.0
5000.0,3,-205.47368421052647,1017.9473684210527,19.0,80.0
5100.0,3,-241.24999999999997,1026.6000000000001,20.0,72.0
5200.0,3,-279.0625,1042.125,16.0,70.0
5300.0,3,-308.59999999999997,1064.2,15.0,62.0
5400.0,3,-328.20588235294116,1100.9411764705883,34.0,76.0
5500.0,3,-345.6153846153845,1134.6153846153845,13.0,60.0
5600.0,3,-361.04,1173.28,25.0,74.0
5700.0,3,-378.0666666666667,1207.6,15.0,68.0
5800.0,3,-390.892857142857,1240.0,28.0,72.0
5900.0,3,-408.7272727272724,1276.0,11.0,62.0
6000.0,3,-429.95238095238074,1319.095238095238,21.0,68.0
6100.0,3,-448.75862068965506,1351.8275862068965,29.0,78.0
6200.0,3,-463.3225806451613,1391.1935483870968,31.0,74.0
6300.0,3,-483.59999999999997,1426.8000000000002,10.0,64.0
6400.0,3,-517.6666666666665,1442.666666666667,9.0,58.0
6500.0,3,-554.1249999999999,1459.125,24.0,68.0
6600.0,3,-596.7777777777777,1479.388888888889,18.0,62.0
6700.0,3,-629.5,1502.0000000000005,10.0,64.0
6800.0,3,-664.7142857142857,1520.071428571429,14.0,72.0
6900.0,3,-699.2727272727273,1534.0000000000005,11.0,56.0
7000.0,3,-733.5294117647059,1544.0000000000005,17.0,64.0
7100.0,3,-771.9999999999999,1560.833333333334,12.0,72.0
7200.0,3,-789.5384615384615,1594.615384615385,13.0,60.0
7300.0,3,-828.0,1613.5333333333338,15.0,66.0
7400.0,3,-861.4375000000001,1622.3750000000005,16.0,64.0
7500.0,3,-896.3636363636365,1636.0000000000002,33.0,78.0
7600.0,3,-932.3125000000001,1646.8750000000005,16.0,60.0
7700.0,3,-972.05,1659.5000000000005,20.0,74.0
7800.0,3,-1005.5833333333334,1677.583333333334,12.0,68.0
7900.0,3,-1031.6470588235293,1697.8823529411768,17.0,68.0
8000.0,3,-1048.2142857142856,1736.714285714286,14.0,66.0
8100.0,3,-1072.7777777777778,1770.5555555555559,18.0,70.0
8200.0,3,-1101.6363636363637,1787.4545454545457,11.0,62.0
8300.0,3,-1138.6785714285716,1814.0714285714287,28.0,76.0
8400.0,3,-1173.9230769230771,1827.0,13.0,64.0
8500.0,3,-1206.6190476190477,1836.3333333333333,21.0,62.0
8600.0,3,-1239.5714285714287,1855.1785714285713,28.0,76.0
8700.0,3,-1275.3200000000002,1870.0,25.0,72.0
8800.0,3,-1313.0952380952385,1890.8571428571427,21.0,68.0
8900.0,3,-1346.777777777778,1905.9999999999998,18.0,72.0
9000.0,3,-1374.4583333333335,1926.2083333333333,24.0,72.0
9100.0,3,-1414.9000000000003,1930.2499999999998,20.0,66.0
9200.0,3,-1451.7600000000004,1928.36,25.0,66.0
9300.0,3,-1488.6800000000003,1921.96,25.0,74.0
9400.0,3,-1523.8125000000005,1917.5625,16.0,60.0
9500.0,3,-1568.0555555555559,1923.111111111111,18.0,64.0
9600.0,3,-1603.6470588235297,1931.9411764705885,17.0,76.0
9700.0,3,-1637.0625000000005,1943.9375000000002,16.0,70.0
9800.0,3,-1670.939393939394,1958.6060606060607,33.0,82.0
9900.0,3,-1707.2000000000005,1967.0000000000002,10.0,60.0
10000.0,3,-1737.1290322580646,1977.516129032258,31.0,74.0
0.0,30,49.5,49.5,2.0,14.0
100.0,30,23.21428571428571,55.14285714285722,14.0,62.0
200.0,30,-12.785714285714349,64.35714285714305,14.0,60.0
300.0,30,-53.4,74.15000000000013,20.0,74.0
400.0,30,-91.23076923076916,95.07692307692315,13.0,56.0
500.0,30,-127.1428571428571,110.78571428571436,28.0,64.0
600.0,30,-161.58823529411757,126.1764705882355,17.0,66.0
700.0,30,-200.45454545454544,134.0454545454547,22.0,76.0
800.0,30,-238.71428571428572,143.85714285714312,14.0,66.0
900.0,30,-257.84615384615387,172.5384615384619,13.0,74.0
1000.0,30,-267.00000000000006,202.3333333333335,12.0,66.0
1100.0,30,-261.7142857142856,237.50000000000003,14.0,62.0
1200.0,30,-257.6333333333333,272.3333333333333,30.0,72.0
1300.0,30,-246.64285714285703,314.35714285714283,14.0,66.0
1400.0,30,-236.0588235294117,347.2352941176471,17.0,68.0
1500.0,30,-217.3000000000001,384.60000000000014,10.0,58.0
1600.0,30,-198.05882352941185,427.94117647058835,17.0,66.0
1700.0,30,-161.12000000000015,452.88,25.0,78.0
1800.0,30,-130.47368421052656,467.8947368421054,19.0,76.0
1900.0,30,-106.90000000000046,496.90000000000003,10.0,62.0
2000.0,30,-75.55555555555571,508.8333333333333,18.0,70.0
2100.0,30,-39.00000000000011,519.3199999999999,25.0,60.0
2200.0,30,-5.000000000000341,530.2499999999999,12.0,64.0
2300.0,30,24.874999999999723,540.3125000000001,16.0,66.0
2400.0,30,39.333333333333,568.1111111111113,18.0,60.0
2500.0,30,47.31818181818164,603.2727272727275,22.0,66.0
2600.0,30,58.458333333333115,630.9166666666669,24.0,66.0
2700.0,30,64.49999999999974,667.7500000000002,16.0,72.0
2800.0,30,84.31578947368392,704.1578947368422,19.0,78.0
2900.0,30,98.33333333333277,743.5555555555558,9.0,62.0
3000.0,30,110.49999999999963,784.2857142857142,14.0,62.0
3100.0,30,117.33333333333314,826.1249999999999,24.0,68.0
3200.0,30,134.41666666666617,865.1666666666665,12.0,68.0
3300.0,30,145.56521739130403,903.086956521739,23.0,72.0
3400.0,30,163.93749999999963,937.3125,16.0,66.0
3500.0,30,184.23076923076894,970.4615384615386,13.0,56.0
3600.0,30,203.0399999999999,1002.9599999999998,25.0,74.0
3700.0,30,217.92307692307656,1038.230769230769,13.0,62.0
3800.0,30,238.57142857142844,1077.7857142857144,14.0,64.0
3900.0,30,249.3999999999999,1113.3500000000001,20.0,80.0
4000.0,30,254.70833333333314,1151.2500000000002,24.0,64.0
4100.0,30,269.0714285714283,1188.8571428571431,14.0,64.0
4200.0,30,277.9523809523806,1226.714285714286,21.0,68.0
4300.0,30,294.69999999999965,1261.2500000000005,20.0,62.0
4400.0,30,313.70588235294076,1287.4117647058827,17.0,64.0
4500.0,30,344.59999999999945,1306.066666666667,15.0,62.0
4600.0,30,375.0344827586205,1310.0689655172416,29.0,80.0
4700.0,30,405.74999999999966,1329.5000000000005,12.0,62.0
4800.0,30,437.64705882352916,1355.4117647058827,17.0,62.0
4900.0,30,477.736842105263,1371.7368421052636,19.0,66.0
5000.0,30,516.3333333333331,1388.266666666667,15.0,72.0
5100.0,30,549.3846153846152,1399.692307692308,13.0,70.0
5200.0,30,582.2499999999999,1401.7500000000002,20.0,58.0
5300.0,30,618.9166666666664,1396.0000000000005,12.0,64.0
5400.0,30,658.9999999999998,1400.3809523809525,21.0,66.0
5500.0,30,695.0740740740739,1411.2222222222224,27.0,72.0
5600.0,30,729.7142857142852,1424.9285714285718,14.0,62.0
5700.0,30,766.1785714285711,1442.2500000000002,28.0,74.0
5800.0,30,798.7777777777774,1457.5000000000005,18.0,64.0
5900.0,30,831.6153846153841,1473.2307692307697,13.0,62.0
6000.0,30,865.206896551724,1468.8275862068967,29.0,64.0
6100.0,30,897.2499999999995,1450.0000000000005,12.0,68.0
6200.0,30,927.0555555555552,1429.2222222222226,18.0,76.0
6300.0,30,968.6874999999997,1415.1875000000005,16.0,66.0
6400.0,30,1007.2857142857141,1407.7142857142862,21.0,58.0
6500.0,30,1033.333333333333,1392.000000000001,12.0,64.0
6600.0,30,1069.153846153846,1378.3846153846164,13.0,66.0
6700.0,30,1104.7777777777776,1361.444444444445,18.0,64.0
6800.0,30,1139.533333333333,1362.8666666666675,15.0,62.0
6900.0,30,1167.7999999999997,1378.6000000000006,20.0,68.0
7000.0,30,1191.9090909090905,1402.863636363637,22.0,68.0
7100.0,30,1230.2222222222215,1414.444444444445,18.0,66.0
7200.0,30,1262.9374999999995,1407.6250000000007,16.0,64.0
7300.0,30,1298.4285714285709,1390.9285714285722,14.0,70.0
7400.0,30,1336.2307692307684,1379.0000000000011,13.0,70.0
7500.0,30,1364.4999999999995,1366.8000000000009,20.0,62.0
7600.0,30,1404.7499999999993,1351.1666666666679,12.0,64.0
7700.0,30,1434.681818181818,1332.2272727272734,22.0,80.0
7800.0,30,1469.3142857142855,1306.3142857142861,35.0,74.0
7900.0,30,1483.2352941176466,1265.4705882352953,17.0,68.0
8000.0,30,1489.2499999999993,1228.375000000001,16.0,60.0
8100.0,30,1496.7826086956516,1186.2608695652182,23.0,62.0
8200.0,30,1506.5882352941167,1148.470588235295,17.0,70.0
8300.0,30,1518.7692307692298,1116.1538461538473,13.0,56.0
8400.0,30,1538.2999999999993,1075.8500000000008,20.0,62.0
8500.0,30,1554.7692307692298,1038.0000000000011,13.0,58.0
8600.0,30,1564.9999999999993,999.2222222222231,18.0,66.0
8700.0,30,1572.499999999999,958.187500000001,16.0,78.0
8800.0,30,1587.9999999999993,917.4736842105272,19.0,68.0
8900.0,30,1599.2941176470579,880.7058823529421,17.0,74.0
9000.0,30,1610.5624999999989,850.000000000001,16.0,66.0
9100.0,30,1625.0434782608688,820.8260869565225,23.0,72.0
9200.0,30,1638.8636363636356,784.0454545454553,22.0,82.0
9300.0,30,1651.8571428571422,745.952380952382,21.0,64.0
9400.0,30,1678.9523809523803,714.2380952380963,21.0,62.0
9500.0,30,1707.9444444444437,690.4444444444457,18.0,72.0
9600.0,30,1744.2999999999986,674.2000000000024,10.0,62.0
9700.0,30,1781.7499999999989,664.500000000002,12.0,70.0
9800.0,30,1816.1363636363628,671.3181818181829,22.0,76.0
9900.0,30,1855.399999999999,685.7333333333347,15.0,60.0
10000.0,30,1892.133333333332,706.0000000000014,15.0,62.0
0.0,31,50.0,50.5,2.0,14.0
100.0,31,31.500000000000014,78.56250000000011,16.0,70.0
200.0,31,25.888888888888758,116.72222222222236,18.0,58.0
300.0,31,16.099999999999902,155.80000000000015,30.0,68.0
400.0,31,6.444444444444299,194.94444444444483,18.0,72.0
500.0,31,-7.250000000000085,224.56250000000048,16.0,68.0
600.0,31,-20.57142857142864,260.7142857142863,14.0,66.0
700.0,31,-23.19230769230775,299.8846153846157,26.0,78.0
800.0,31,-18.624999999999957,339.16666666666686,24.0,70.0
900.0,31,-3.999999999999787,371.3076923076927,13.0,64.0
1000.0,31,8.7500000000001,406.0625000000002,16.0,76.0
1100.0,31,34.08000000000001,438.4800000000002,25.0,74.0
1200.0,31,55.46666666666665,474.1666666666668,30.0,74.0
1300.0,31,79.61904761904752,495.42857142857156,21.0,72.0
1400.0,31,108.99999999999979,516.4500000000002,20.0,70.0
1500.0,31,143.38461538461513,529.0769230769232,13.0,64.0
1600.0,31,169.6363636363634,554.0,22.0,70.0
1700.0,31,192.79999999999927,595.2000000000002,10.0,60.0
1800.0,31,217.33333333333314,623.5714285714286,21.0,72.0
1900.0,31,244.44444444444417,659.4444444444443,18.0,64.0
2000.0,31,273.4090909090908,693.090909090909,22.0,62.0
2100.0,31,296.4166666666666,721.5833333333334,24.0,70.0
2200.0,31,310.23076923076894,746.923076923077,13.0,58.0
2300.0,31,330.4374999999998,785.9375000000002,16.0,60.0
2400.0,31,342.933333333333,817.266666666667,15.0,60.0
2500.0,31,360.4545454545448,861.8181818181821,11.0,58.0
2600.0,31,380.99999999999955,894.8571428571432,14.0,62.0
2700.0,31,404.958333333333,924.0000000000001,24.0,68.0
2800.0,31,432.44444444444406,941.5925925925926,27.0,74.0
2900.0,31,456.5294117647053,962.5294117647061,17.0,58.0
3000.0,31,471.6153846153838,996.4615384615387,13.0,64.0
3100.0,31,484.99999999999903,1034.0,12.0,62.0
3200.0,31,502.92307692307594,1076.3846153846155,13.0,68.0
3300.0,31,520.8333333333326,1115.4444444444443,18.0,62.0
3400.0,31,536.5499999999992,1152.1999999999998,20.0,62.0
3500.0,31,553.1666666666654,1189.4999999999998,12.0,56.0
3600.0,31,579.2857142857135,1220.7619047619046,21.0,80.0
3700.0,31,595.8181818181811,1258.0909090909088,22.0,60.0
3800.0,31,618.9999999999987,1300.1538461538457,13.0,70.0
3900.0,31,630.4999999999986,1336.2499999999995,12.0,54.0
4000.0,31,639.9999999999992,1370.2777777777776,18.0,66.0
4100.0,31,657.3076923076918,1407.9230769230767,26.0,78.0
4200.0,31,670.9374999999991,1438.7499999999998,16.0,64.0
4300.0,31,687.562499999999,1478.0624999999998,16.0,68.0
4400.0,31,703.7777777777761,1513.6666666666663,9.0,56.0
4500.0,31,722.4999999999992,1546.6111111111109,18.0,66.0
4600.0,31,753.6666666666657,1571.6666666666663,15.0,60.0
4700.0,31,791.6666666666662,1584.5714285714284,21.0,60.0
4800.0,31,825.9333333333327,1595.6666666666665,15.0,64.0
4900.0,31,858.4374999999994,1605.6249999999998,16.0,62.0
5000.0,31,894.1111111111102,1615.9999999999998,9.0,58.0
5100.0,31,936.4374999999994,1633.0624999999998,16.0,68.0
5200.0,31,971.7894736842102,1644.736842105263,19.0,60.0
5300.0,31,1007.1499999999997,1650.7999999999997,20.0,64.0
5400.0,31,1043.8571428571427,1663.8928571428569,28.0,88.0
5500.0,31,1073.1249999999995,1674.6874999999993,16.0,72.0
5600.0,31,1106.6666666666663,1687.4583333333328,24.0,60.0
5700.0,31,1145.7499999999993,1697.6249999999993,16.0,64.0
5800.0,31,1176.099999999999,1715.3999999999987,10.0,66.0
5900.0,31,1212.6086956521735,1733.043478260869,23.0,62.0
6000.0,31,1252.055555555555,1749.3888888888882,18.0,62.0
6100.0,31,1294.6956521739125,1774.3478260869558,23.0,62.0
6200.0,31,1322.7222222222215,1793.6111111111102,18.0,66.0
6300.0,31,1352.437499999999,1804.687499999999,16.0,68.0
6400.0,31,1378.4166666666654,1822.9166666666652,12.0,62.0
6500.0,31,1406.874999999999,1849.5624999999986,16.0,60.0
6600.0,31,1426.8181818181804,1889.5454545454527,11.0,66.0
6700.0,31,1447.374999999999,1920.8749999999989,16.0,66.0
6800.0,31,1461.090909090908,1954.636363636362,11.0,60.0
6900.0,31,1493.5882352941169,1966.8823529411752,17.0,64.0
7000.0,31,1521.413793103448,1990.9655172413786,29.0,74.0
7100.0,31,1556.5714285714275,2010.42857142857,14.0,70.0
7200.0,31,1583.5599999999995,2028.1599999999992,25.0,68.0
7300.0,31,1620.1818181818173,2044.5454545454527,11.0,64.0
7400.0,31,1654.7407407407404,2048.8888888888882,27.0,62.0
7500.0,31,1694.083333333333,2055.291666666666,24.0,72.0
7600.0,31,1722.2413793103447,2083.03448275862,29.0,80.0
7700.0,31,1760.5833333333328,2092.666666666665,12.0,70.0
7800.0,31,1799.2857142857138,2107.142857142856,14.0,64.0
7900.0,31,1837.5172413793102,2124.379310344827,29.0,70.0
8000.0,31,1871.653846153846,2146.423076923076,26.0,72.0
8100.0,31,1895.0454545454543,2178.545454545454,22.0,68.0
8200.0,31,1912.866666666666,2215.1999999999994,15.0,56.0
8300.0,31,1946.1666666666658,2237.499999999999,12.0,60.0
8400.0,31,1975.3846153846148,2253.076923076922,13.0,72.0
8500.0,31,2000.6666666666663,2266.599999999999,15.0,66.0
8600.0,31,2033.7826086956518,2281.91304347826,23.0,64.0
8700.0,31,2059.9999999999995,2307.363636363635,11.0,60.0
8800.0,31,2070.5999999999995,2337.799999999999,10.0,62.0
8900.0,31,2079.5294117647054,2367.4117647058815,17.0,64.0
9000.0,31,2090.1111111111104,2396.888888888888,9.0,58.0
9100.0,31,2108.428571428571,2434.0714285714275,14.0,70.0
9200.0,31,2127.95652173913,2470.95652173913,23.0,64.0
9300.0,31,2147.4999999999995,2511.562499999999,16.0,68.0
9400.0,31,2160.78947368421,2552.473684210526,19.0,70.0
9500.0,31,2179.652173913043,2589.1739130434776,23.0,64.0
9600.0,31,2185.199999999999,2629.599999999999,10.0,56.0
9700.0,31,2167.5999999999995,2669.4499999999994,20.0,72.0
9800.0,31,2149.3333333333326,2707.266666666666,15.0,72.0
9900.0,31,2113.6999999999994,2723.95,20.0,60.0
10000.0,31,2075.4999999999995,2740.5999999999995,20.0,74.0
0.0,32,50.0,50.0,1.0,8.0
100.0,32,24.250000000000146,59.00000000000026,12.0,62.0
200.0,32,-5.500000000000156,63.666666666666934,12.0,62.0
300.0,32,-34.428571428571544,84.80952380952392,21.0,76.0
400.0,32,-53.25000000000023,97.15000000000013,20.0,64.0
500.0,32,-82.47368421052664,121.68421052631598,19.0,70.0
600.0,32,-117.03333333333357,151.16666666666686,30.0,72.0
700.0,32,-147.33333333333366,179.45454545454555,33.0,84.0
800.0,32,-167.78571428571507,213.14285714285737,14.0,76.0
900.0,32,-185.70588235294184,250.0000000000002,17.0,74.0
1000.0,32,-203.31818181818235,274.909090909091,22.0,74.0
1100.0,32,-236.6000000000004,299.7200000000001,25.0,74.0
1200.0,32,-274.30434782608745,314.56521739130443,23.0,68.0
1300.0,32,-301.73333333333403,343.0666666666668,15.0,70.0
1400.0,32,-323.29032258064547,365.8387096774194,31.0,70.0
1500.0,32,-342.2142857142864,400.7142857142856,14.0,72.0
1600.0,32,-361.0714285714294,420.92857142857144,14.0,70.0
1700.0,32,-398.0833333333341,437.66666666666663,12.0,56.0
1800.0,32,-433.3333333333338,449.7777777777778,18.0,62.0
1900.0,32,-461.2352941176475,475.9411764705882,17.0,68.0
2000.0,32,-494.21739130434827,490.304347826087,23.0,74.0
2100.0,32,-528.4705882352947,505.88235294117635,17.0,72.0
2200.0,32,-556.8333333333342,511.0833333333332,12.0,66.0
2300.0,32,-593.7391304347832,515.9565217391304,23.0,64.0
2400.0,32,-626.3181818181823,523.2727272727273,22.0,74.0
2500.0,32,-666.0454545454552,541.2727272727271,22.0,66.0
2600.0,32,-692.4000000000011,533.3333333333331,15.0,62.0
2700.0,32,-737.0714285714297,522.9999999999998,14.0,66.0
2800.0,32,-768.8235294117657,505.23529411764684,17.0,66.0
2900.0,32,-800.7777777777787,489.2777777777776,18.0,64.0
3000.0,32,-838.7000000000018,471.1999999999997,10.0,64.0
3100.0,32,-858.4444444444453,435.77777777777766,18.0,62.0
3200.0,32,-871.818181818183,410.09090909090895,11.0,64.0
3300.0,32,-895.0000000000007,381.64,25.0,80.0
3400.0,32,-915.200000000001,348.85,20.0,68.0
3500.0,32,-924.5000000000009,315.1250000000001,24.0,70.0
3600.0,32,-936.2380952380962,282.00000000000006,21.0,64.0
3700.0,32,-950.4615384615399,245.23076923076945,13.0,68.0
3800.0,32,-968.4761904761915,212.76190476190487,21.0,66.0
3900.0,32,-981.0625000000015,176.0625000000002,16.0,60.0
4000.0,32,-1005.928571428573,139.57142857142858,14.0,80.0
4100.0,32,-1024.1250000000027,105.12500000000009,8.0,52.0
4200.0,32,-1033.5384615384623,68.15384615384613,26.0,68.0
4300.0,32,-1048.550000000001,33.950000000000024,20.0,62.0
4400.0,32,-1077.125000000001,15.2916666666666,24.0,64.0
4500.0,32,-1112.1785714285722,18.464285714285637,28.0,68.0
4600.0,32,-1148.1764705882365,31.705882352941188,17.0,64.0
4700.0,32,-1185.1764705882363,50.29411764705884,17.0,80.0
4800.0,32,-1216.3000000000009,73.25000000000003,20.0,66.0
4900.0,32,-1250.1428571428585,96.14285714285718,14.0,68.0
5000.0,32,-1270.2173913043484,131.4347826086956,23.0,68.0
5100.0,32,-1281.7619047619055,171.5714285714285,21.0,66.0
5200.0,32,-1294.535714285715,209.7857142857142,28.0,74.0
5300.0,32,-1309.7222222222233,255.83333333333337,18.0,68.0
5400.0,32,-1327.7500000000023,295.2500000000001,8.0,56.0
5500.0,32,-1345.5000000000018,332.0000000000001,10.0,60.0
5600.0,32,-1362.692307692309,372.00000000000045,13.0,58.0
5700.0,32,-1379.3888888888898,404.5555555555559,18.0,58.0
5800.0,32,-1395.0000000000018,438.9090909090917,11.0,66.0
5900.0,32,-1413.0434782608704,461.8695652173917,23.0,74.0
6000.0,32,-1443.6666666666674,473.6111111111118,18.0,66.0
6100.0,32,-1477.1500000000008,490.00000000000057,20.0,70.0
6200.0,32,-1519.0500000000006,498.75000000000045,20.0,64.0
6300.0,32,-1552.562500000001,520.9375000000008,16.0,62.0
6400.0,32,-1596.2413793103453,529.379310344828,29.0,68.0
6500.0,32,-1636.1666666666672,528.7500000000007,24.0,66.0
6600.0,32,-1673.458333333334,533.1666666666675,24.0,60.0
6700.0,32,-1711.0454545454552,535.9090909090918,22.0,72.0
6800.0,32,-1751.5882352941185,540.8823529411775,17.0,68.0
6900.0,32,-1788.0000000000011,551.0000000000015,11.0,66.0
7000.0,32,-1822.5555555555563,569.6666666666675,18.0,60.0
7100.0,32,-1866.0000000000007,587.4000000000007,20.0,70.0
7200.0,32,-1894.1000000000008,613.3000000000006,20.0,68.0
7300.0,32,-1928.8421052631586,637.2631578947376,19.0,66.0
7400.0,32,-1955.7000000000007,649.0500000000006,20.0,74.0
7500.0,32,-1985.5483870967746,674.7741935483875,31.0,74.0
7600.0,32,-2015.6666666666674,688.6666666666673,21.0,66.0
7700.0,32,-2039.2941176470597,707.4705882352948,17.0,62.0
7800.0,32,-2065.0454545454554,739.0454545454552,22.0,74.0
7900.0,32,-2086.7600000000007,780.8000000000005,25.0,64.0
8000.0,32,-2108.129032258065,814.129032258065,31.0,72.0
8100.0,32,-2119.333333333335,850.2500000000011,12.0,68.0
8200.0,32,-2130.666666666668,887.7333333333341,15.0,60.0
8300.0,32,-2143.444444444446,921.777777777779,9.0,56.0
8400.0,32,-2146.000000000001,966.5217391304352,23.0,62.0
8500.0,32,-2135.2777777777787,998.944444444445,18.0,70.0
8600.0,32,-2121.111111111113,1035.0000000000014,9.0,56.0
8700.0,32,-2103.111111111112,1073.7222222222229,18.0,66.0
8800.0,32,-2077.29411764706,1111.3529411764714,17.0,78.0
8900.0,32,-2051.3750000000014,1141.312500000001,16.0,84.0
9000.0,32,-2032.538461538463,1177.5384615384626,13.0,66.0
9100.0,32,-2001.0454545454556,1197.7272727272734,22.0,64.0
9200.0,32,-1963.9090909090933,1214.0000000000011,11.0,60.0
9300.0,32,-1930.1428571428587,1233.3571428571438,14.0,62.0
9400.0,32,-1895.0476190476204,1253.6666666666674,21.0,72.0
9500.0,32,-1862.800000000001,1258.8000000000006,30.0,72.0
9600.0,32,-1824.153846153847,1264.1538461538469,26.0,68.0
9700.0,32,-1794.2083333333344,1277.083333333334,24.0,64.0
9800.0,32,-1762.0769230769251,1285.3076923076935,13.0,68.0
9900.0,32,-1726.8000000000025,1294.7000000000014,10.0,62.0
10000.0,32,-1695.2352941176487,1280.5882352941185,17.0,66.0
0.0,33,49.333333333333336,50.333333333333336,3.0,18.0
100.0,33,35.66666666666683,82.55555555555563,18.0,56.0
200.0,33,14.875000000000263,120.18750000000017,16.0,68.0
300.0,33,0.5333333333336593,156.06666666666678,15.0,68.0
400.0,33,-26.470588235293846,184.52941176470597,17.0,64.0
500.0,33,-53.388888888888616,214.77777777777789,18.0,72.0
600.0,33,-88.57142857142796,226.42857142857147,14.0,72.0
700.0,33,-124.1538461538458,233.0384615384615,26.0,84.0
800.0,33,-160.46666666666638,229.76666666666665,30.0,72.0
900.0,33,-194.89655172413765,215.4137931034483,29.0,76.0
1000.0,33,-222.9999999999992,197.909090909091,11.0,60.0
1100.0,33,-244.9999999999991,173.30769230769246,13.0,68.0
1200.0,33,-273.21052631578897,145.2105263157897,19.0,68.0
1300.0,33,-298.42857142857116,117.00000000000006,28.0,70.0
1400.0,33,-328.31999999999965,92.88000000000004,25.0,84.0
1500.0,33,-363.06249999999943,74.1875000000002,16.0,72.0
1600.0,33,-384.27999999999963,48.48000000000021,25.0,70.0
1700.0,33,-415.94117647058783,23.823529411765033,17.0,80.0
1800.0,33,-450.7714285714284,5.00000000000011,35.0,80.0
1900.0,33,-487.76923076923043,-11.307692307692136,13.0,64.0
2000.0,33,-527.8947368421047,-22.05263157894737,19.0,68.0
2100.0,33,-569.6111111111103,-34.83333333333343,18.0,70.0
2200.0,33,-607.8888888888882,-55.9444444444446,18.0,72.0
2300.0,33,-642.2105263157888,-73.9473684210527,19.0,60.0
2400.0,33,-677.7999999999986,-91.00000000000011,10.0,62.0
2500.0,33,-717.8181818181804,-105.72727272727285,11.0,60.0
2600.0,33,-754.7142857142845,-116.78571428571442,14.0,62.0
2700.0,33,-779.5937499999995,-141.34375000000006,32.0,68.0
2800.0,33,-789.7999999999989,-175.00000000000023,15.0,66.0
2900.0,33,-794.6190476190468,-208.85714285714295,21.0,68.0
3000.0,33,-796.9999999999991,-253.21052631578954,19.0,62.0
3100.0,33,-800.8888888888883,-292.8148148148147,27.0,70.0
3200.0,33,-796.7142857142846,-326.85714285714266,14.0,68.0
3300.0,33,-783.9444444444438,-356.27777777777766,18.0,64.0
3400.0,33,-768.8999999999988,-387.9999999999999,10.0,60.0
3500.0,33,-776.5238095238091,-422.85714285714283,21.0,64.0
3600.0,33,-776.0952380952375,-463.7142857142856,21.0,66.0
3700.0,33,-783.6111111111105,-501.61111111111114,18.0,64.0
3800.0,33,-797.8461538461528,-534.8461538461539,13.0,60.0
3900.0,33,-831.0999999999995,-541.6500000000002,20.0,68.0
4000.0,33,-869.6153846153842,-544.7307692307694,26.0,66.0
4100.0,33,-910.9999999999995,-551.6538461538464,26.0,64.0
4200.0,33,-944.9999999999995,-566.5000000000002,18.0,64.0
4300.0,33,-976.4999999999992,-574.4166666666669,12.0,68.0
4400.0,33,-1015.999999999999,-596.9000000000001,10.0,68.0
4500.0,33,-1049.3333333333323,-614.7500000000001,12.0,62.0
4600.0,33,-1080.5769230769226,-610.4999999999999,26.0,64.0
4700.0,33,-1121.4166666666656,-607.0833333333333,12.0,66.0
4800.0,33,-1158.0344827586202,-600.2413793103448,29.0,66.0
4900.0,33,-1203.9333333333325,-581.8,15.0,64.0
5000.0,33,-1239.1739130434776,-560.695652173913,23.0,66.0
5100.0,33,-1268.4285714285702,-542.4285714285714,14.0,66.0
5200.0,33,-1269.4499999999994,-515.25,20.0,60.0
5300.0,33,-1260.7499999999993,-473.6000000000001,20.0,64.0
5400.0,33,-1248.3499999999992,-441.0,20.0,82.0
5500.0,33,-1233.8823529411757,-402.7058823529413,17.0,62.0
5600.0,33,-1204.5714285714275,-370.357142857143,14.0,62.0
5700.0,33,-1171.571428571428,-362.9285714285715,28.0,66.0
5800.0,33,-1136.124999999999,-360.4375000000001,16.0,68.0
5900.0,33,-1102.4210526315783,-366.4210526315791,19.0,60.0
6000.0,33,-1066.2222222222215,-378.38888888888897,18.0,68.0
6100.0,33,-1043.2083333333328,-395.5416666666667,24.0,64.0
6200.0,33,-1016.2857142857132,-420.92857142857156,14.0,66.0
6300.0,33,-994.3043478260863,-435.3913043478261,23.0,68.0
6400.0,33,-967.4705882352931,-450.70588235294116,17.0,62.0
6500.0,33,-942.0666666666662,-477.4,30.0,82.0
6600.0,33,-927.2499999999984,-505.87499999999994,8.0,56.0
6700.0,33,-901.4583333333328,-531.5416666666667,24.0,64.0
6800.0,33,-884.928571428571,-571.3214285714288,28.0,64.0
6900.0,33,-858.3333333333325,-589.2500000000005,12.0,62.0
7000.0,33,-842.9374999999995,-613.8750000000003,16.0,68.0
7100.0,33,-823.3749999999995,-644.3750000000002,16.0,78.0
7200.0,33,-801.4814814814812,-674.2222222222224,27.0,76.0
7300.0,33,-781.4838709677417,-703.0322580645163,31.0,74.0
7400.0,33,-764.5833333333327,-738.166666666667,12.0,56.0
7500.0,33,-756.8461538461532,-764.4615384615387,13.0,66.0
7600.0,33,-744.8421052631575,-798.0526315789475,19.0,68.0
7700.0,33,-725.3333333333328,-836.5333333333336,15.0,66.0
7800.0,33,-709.0999999999997,-874.8000000000001,20.0,62.0
7900.0,33,-694.944444444444,-901.388888888889,18.0,66.0
8000.0,33,-677.5714285714282,-934.214285714286,14.0,70.0
8100.0,33,-651.2222222222221,-969.1666666666667,18.0,64.0
8200.0,33,-635.3529411764705,-1015.0588235294118,17.0,60.0
8300.0,33,-621.28,-1053.32,25.0,74.0
8400.0,33,-605.0454545454544,-1079.9999999999998,22.0,56.0
8500.0,33,-580.8125,-1110.4687499999998,32.0,70.0
8600.0,33,-563.888888888889,-1144.6666666666663,9.0,62.0
8700.0,33,-551.2857142857143,-1177.8571428571424,14.0,64.0
8800.0,33,-542.8620689655173,-1218.4482758620688,29.0,74.0
8900.0,33,-544.3,-1263.2499999999995,20.0,66.0
9000.0,33,-559.4000000000001,-1298.299999999999,10.0,64.0
9100.0,33,-577.8823529411766,-1328.2352941176464,17.0,64.0
9200.0,33,-603.2439024390245,-1363.243902439024,41.0,86.0
9300.0,33,-620.7037037037038,-1395.481481481481,27.0,76.0
9400.0,33,-633.9285714285716,-1430.7142857142849,14.0,64.0
9500.0,33,-641.6999999999999,-1464.4999999999989,10.0,64.0
9600.0,33,-657.217391304348,-1503.565217391304,23.0,68.0
9700.0,33,-675.1000000000003,-1538.7499999999995,20.0,64.0
9800.0,33,-692.8823529411769,-1580.1764705882347,17.0,58.0
9900.0,33,-714.0909090909097,-1613.6363636363626,11.0,62.0
10000.0,33,-728.4761904761907,-1648.2857142857138,21.0,74.0
0.0,34,50.0,50.0,1.0,8.0
100.0,34,74.40540540540547,23.35135135135137,37.0,78.0
200.0,34,96.70000000000023,-12.599999999999682,10.0,54.0
300.0,34,83.31578947368439,-38.947368421052296,19.0,68.0
400.0,34,66.57142857142874,-76.09523809523782,21.0,72.0
500.0,34,55.44444444444451,-106.81481481481465,27.0,64.0
600.0,34,43.500000000000185,-141.68749999999955,16.0,68.0
700.0,34,29.333333333333574,-175.06666666666632,15.0,60.0
800.0,34,18.000000000000135,-216.52380952380926,21.0,74.0
900.0,34,-0.2903225806452241,-238.6451612903224,31.0,70.0
1000.0,34,-23.866666666666816,-269.2666666666663,15.0,66.0
1100.0,34,-42.50000000000025,-305.7499999999994,12.0,68.0
1200.0,34,-61.63636363636408,-341.99999999999926,11.0,58.0
1300.0,34,-81.2121212121214,-363.0303030303028,33.0,68.0
1400.0,34,-113.28571428571483,-381.6428571428566,14.0,74.0
1500.0,34,-142.85714285714351,-404.49999999999943,14.0,64.0
1600.0,34,-171.04545454545493,-429.9545454545451,22.0,74.0
1700.0,34,-189.07692307692363,-457.99999999999943,13.0,62.0
1800.0,34,-222.85714285714346,-483.57142857142804,14.0,60.0
1900.0,34,-253.4736842105268,-501.3157894736838,19.0,68.0
2000.0,34,-286.5454545454553,-520.636363636363,11.0,70.0
2100.0,34,-283.10000000000025,-552.9499999999997,20.0,62.0
2200.0,34,-274.91666666666714,-589.0833333333326,12.0,58.0
2300.0,34,-263.416666666667,-625.4166666666661,12.0,66.0
2400.0,34,-252.16666666666706,-658.333333333333,12.0,56.0
2500.0,34,-236.33333333333354,-696.1666666666665,24.0,58.0
2600.0,34,-225.5000000000004,-719.090909090909,22.0,68.0
2700.0,34,-211.53846153846217,-761.5384615384613,13.0,70.0
2800.0,34,-190.4166666666673,-795.9999999999999,12.0,68.0
2900.0,34,-172.0476190476195,-823.0,21.0,60.0
3000.0,34,-154.3157894736846,-852.8421052631577,19.0,68.0
3100.0,34,-138.50000000000088,-889.4999999999998,10.0,66.0
3200.0,34,-108.33333333333412,-913.1666666666665,12.0,68.0
3300.0,34,-87.47058823529483,-937.0000000000001,17.0,68.0
3400.0,34,-75.09090909091006,-966.5454545454546,11.0,64.0
3500.0,34,-41.909090909091375,-983.909090909091,22.0,60.0
3600.0,34,-4.200000000000472,-995.45,20.0,60.0
3700.0,34,31.59999999999925,-1010.7,10.0,64.0
3800.0,34,68.64999999999961,-1024.1,20.0,74.0
3900.0,34,109.39999999999935,-1029.8666666666663,15.0,64.0
4000.0,34,143.99999999999937,-1029.5714285714284,14.0,66.0
4100.0,34,172.29999999999916,-1008.1999999999996,10.0,66.0
4200.0,34,195.83333333333277,-977.2777777777776,18.0,68.0
4300.0,34,206.29032258064484,-938.9999999999999,31.0,72.0
4400.0,34,223.7619047619043,-903.5238095238094,21.0,74.0
4500.0,34,230.93749999999937,-866.0624999999997,16.0,64.0
4600.0,34,249.28571428571348,-831.6428571428565,14.0,72.0
4700.0,34,284.0833333333329,-811.083333333333,24.0,68.0
4800.0,34,315.99999999999903,-797.0999999999992,10.0,60.0
4900.0,34,359.1538461538452,-785.2307692307688,13.0,66.0
5000.0,34,396.78260869565156,-775.3913043478258,23.0,66.0
5100.0,34,438.41176470588164,-763.5882352941172,17.0,64.0
5200.0,34,470.214285714285,-748.0714285714279,14.0,62.0
5300.0,34,504.0952380952376,-727.0952380952375,21.0,60.0
5400.0,34,537.6923076923069,-712.846153846153,13.0,62.0
5500.0,34,568.5882352941171,-704.5294117647052,17.0,60.0
5600.0,34,613.2499999999997,-689.5833333333327,24.0,68.0
5700.0,34,646.458333333333,-680.4999999999993,24.0,68.0
5800.0,34,690.9999999999995,-668.8636363636358,22.0,78.0
5900.0,34,731.6470588235288,-657.5294117647052,17.0,62.0
6000.0,34,769.2142857142851,-644.7142857142851,14.0,66.0
6100.0,34,808.1199999999995,-634.5999999999996,25.0,68.0
6200.0,34,844.1578947368415,-622.7894736842101,19.0,72.0
6300.0,34,886.3076923076919,-612.1153846153842,26.0,76.0
6400.0,34,920.3076923076919,-601.384615384615,26.0,66.0
6500.0,34,958.7857142857135,-585.5714285714278,14.0,58.0
6600.0,34,995.8260869565212,-573.1739130434777,23.0,66.0
6700.0,34,1034.4999999999993,-558.7727272727267,22.0,74.0
6800.0,34,1070.7857142857135,-545.4999999999991,14.0,62.0
6900.0,34,1106.5882352941173,-525.4999999999997,34.0,72.0
7000.0,34,1142.629629629629,-499.0370370370366,27.0,78.0
7100.0,34,1171.461538461537,-484.0769230769223,13.0,66.0
7200.0,34,1206.7096774193542,-471.80645161290295,31.0,74.0
7300.0,34,1245.7199999999993,-450.2399999999998,25.0,74.0
7400.0,34,1275.851851851851,-443.7407407407406,27.0,68.0
7500.0,34,1305.9999999999984,-425.91666666666634,12.0,62.0
7600.0,34,1329.3999999999992,-398.8999999999998,20.0,68.0
7700.0,34,1346.6363636363621,-360.18181818181773,11.0,60.0
7800.0,34,1359.5263157894728,-326.7368421052628,19.0,70.0
7900.0,34,1378.874999999999,-291.31249999999966,16.0,60.0
8000.0,34,1400.538461538461,-266.1923076923075,26.0,74.0
8100.0,34,1441.0769230769217,-253.6923076923075,13.0,62.0
8200.0,34,1480.363636363635,-239.36363636363618,11.0,62.0
8300.0,34,1517.3571428571415,-224.4999999999999,14.0,72.0
8400.0,34,1535.53846153846,-189.15384615384608,13.0,60.0
8500.0,34,1550.6249999999986,-159.5625,16.0,72.0
8600.0,34,1569.0624999999986,-128.31250000000006,16.0,72.0
8700.0,34,1582.3181818181808,-94.36363636363637,22.0,68.0
8800.0,34,1586.545454545453,-60.63636363636352,11.0,60.0
8900.0,34,1598.4374999999989,-19.062499999999915,16.0,68.0
9000.0,34,1604.6799999999992,15.640000000000054,25.0,70.0
9100.0,34,1612.190476190475,57.38095238095252,21.0,64.0
9200.0,34,1626.315789473683,97.63157894736851,19.0,72.0
9300.0,34,1647.1304347826076,129.9130434782609,23.0,72.0
9400.0,34,1675.3749999999993,159.90000000000003,40.0,80.0
9500.0,34,1708.72727272727,174.90909090909088,11.0,62.0
9600.0,34,1743.2272727272714,195.31818181818176,22.0,82.0
9700.0,34,1774.3636363636335,206.090909090909,11.0,64.0
9800.0,34,1811.1176470588216,228.3529411764705,17.0,68.0
9900.0,34,1840.8749999999986,255.6666666666666,24.0,68.0
10000.0,34,1871.9599999999984,277.87999999999977,25.0,74.0
0.0,35,50.0,50.0,1.0,8.0
100.0,35,33.99999999999989,25.82608695652168,23.0,66.0
200.0,35,4.785714285714237,4.357142857142906,14.0,60.0
300.0,35,-30.44444444444447,-2.8518518518517197,27.0,70.0
400.0,35,-71.70370370370364,-4.33333333333313,27.0,62.0
500.0,35,-112.30769230769224,1.9230769230773779,13.0,64.0
600.0,35,-138.9500000000001,3.0000000000002274,20.0,66.0
700.0,35,-177.33333333333383,17.333333333334068,9.0,60.0
800.0,35,-199.00000000000028,41.52173913043507,23.0,66.0
900.0,35,-213.02941176470608,81.02941176470607,34.0,78.0
1000.0,35,-223.08333333333377,117.91666666666734,12.0,62.0
1100.0,35,-231.07692307692332,146.9615384615388,26.0,78.0
1200.0,35,-246.8461538461541,180.8461538461547,13.0,60.0
1300.0,35,-267.6666666666668,216.55555555555674,9.0,62.0
1400.0,35,-286.1250000000002,246.43750000000054,16.0,68.0
1500.0,35,-304.68750000000017,279.6250000000007,16.0,60.0
1600.0,35,-312.17948717948724,315.9230769230772,39.0,82.0
1700.0,35,-326.1764705882353,357.1176470588241,17.0,70.0
1800.0,35,-347.83333333333337,388.91666666666754,12.0,74.0
1900.0,35,-380.3333333333333,408.50000000000057,18.0,62.0
2000.0,35,-413.9999999999999,421.7692307692316,13.0,60.0
2100.0,35,-449.52173913043464,435.8260869565221,23.0,78.0
2200.0,35,-483.7499999999998,449.75000000000034,20.0,66.0
2300.0,35,-522.375,464.50000000000045,16.0,64.0
2400.0,35,-554.9444444444443,478.2777777777783,18.0,68.0
2500.0,35,-591.1249999999998,492.18750000000057,16.0,74.0
2600.0,35,-626.6153846153844,511.6923076923084,13.0,66.0
2700.0,35,-667.1249999999997,526.3125000000006,16.0,68.0
2800.0,35,-696.1333333333331,545.9333333333341,15.0,64.0
2900.0,35,-716.8749999999998,568.2500000000007,16.0,68.0
3000.0,35,-733.8124999999997,595.8125000000007,16.0,64.0
3100.0,35,-753.9090909090907,625.5454545454555,11.0,64.0
3200.0,35,-773.3999999999999,646.4400000000005,25.0,76.0
3300.0,35,-810.0689655172413,661.5517241379314,29.0,68.0
3400.0,35,-846.8749999999998,670.3125000000008,16.0,68.0
3500.0,35,-882.0526315789471,669.0526315789482,19.0,66.0
3600.0,35,-920.3999999999994,654.0666666666677,15.0,72.0
3700.0,35,-948.5999999999995,628.1000000000008,20.0,72.0
3800.0,35,-980.4166666666663,598.2500000000007,24.0,66.0
3900.0,35,-1012.3333333333328,576.5333333333343,15.0,68.0
4000.0,35,-1044.9199999999998,555.8800000000006,25.0,72.0
4100.0,35,-1079.5555555555554,543.5000000000008,18.0,76.0
4200.0,35,-1121.780487804878,540.9512195121955,41.0,76.0
4300.0,35,-1152.235294117647,519.0000000000008,17.0,72.0
4400.0,35,-1172.4736842105262,494.05263157894797,19.0,72.0
4500.0,35,-1198.0909090909095,475.2727272727284,11.0,52.0
4600.0,35,-1223.2500000000002,461.17857142857196,28.0,70.0
4700.0,35,-1257.0000000000002,448.27272727272833,11.0,66.0
4800.0,35,-1293.904761904762,432.23809523809587,21.0,70.0
4900.0,35,-1328.2,414.9200000000004,25.0,76.0
5000.0,35,-1363.8750000000007,402.2500000000018,8.0,54.0
5100.0,35,-1383.5833333333335,375.70833333333405,24.0,68.0
5200.0,35,-1401.3636363636365,347.31818181818255,22.0,68.0
5300.0,35,-1412.818181818182,312.6818181818189,22.0,70.0
5400.0,35,-1428.8,276.30000000000155,10.0,66.0
5500.0,35,-1438.5833333333333,232.66666666666777,12.0,62.0
5600.0,35,-1445.1428571428573,197.1071428571434,28.0,74.0
5700.0,35,-1453.578947368421,167.36842105263258,19.0,72.0
5800.0,35,-1460.0000000000002,122.68421052631675,19.0,64.0
5900.0,35,-1464.4814814814815,87.9629629629637,27.0,68.0
6000.0,35,-1461.1578947368423,47.89473684210645,19.0,64.0
6100.0,35,-1446.421052631579,10.789473684211657,19.0,78.0
6200.0,35,-1430.909090909091,-30.090909090907275,11.0,68.0
6300.0,35,-1420.689655172414,-68.79310344827508,29.0,66.0
6400.0,35,-1433.2500000000002,-108.999999999999,20.0,60.0
6500.0,35,-1447.0000000000002,-134.59999999999837,15.0,72.0
6600.0,35,-1457.6428571428573,-165.1428571428554,14.0,76.0
6700.0,35,-1461.7500000000002,-204.41666666666572,24.0,74.0
6800.0,35,-1469.6923076923078,-240.6923076923067,26.0,72.0
6900.0,35,-1481.8421052631581,-273.2105263157881,19.0,54.0
7000.0,35,-1506.7222222222226,-297.61111111110966,18.0,58.0
7100.0,35,-1540.0400000000002,-312.39999999999895,25.0,74.0
7200.0,35,-1567.875,-333.4999999999985,16.0,64.0
7300.0,35,-1604.25,-352.8124999999984,16.0,76.0
7400.0,35,-1638.0000000000002,-368.0999999999976,10.0,56.0
7500.0,35,-1672.7272727272727,-386.090909090907,11.0,66.0
7600.0,35,-1707.5652173913043,-408.4347826086946,23.0,80.0
7700.0,35,-1739.3,-427.9499999999988,20.0,70.0
7800.0,35,-1759.7333333333333,-461.8666666666651,15.0,62.0
7900.0,35,-1777.1538461538462,-497.6153846153827,13.0,70.0
8000.0,35,-1790.0,-526.0833333333314,12.0,66.0
8100.0,35,-1797.4827586206898,-563.7241379310337,29.0,70.0
8200.0,35,-1793.2500000000002,-602.9285714285705,28.0,66.0
8300.0,35,-1786.7058823529417,-643.2941176470574,17.0,60.0
8400.0,35,-1767.3181818181822,-677.2727272727262,22.0,76.0
8500.0,35,-1752.3076923076926,-711.9230769230752,13.0,60.0
8600.0,35,-1739.1538461538466,-747.3846153846137,13.0,70.0
8700.0,35,-1730.8333333333335,-782.3333333333314,12.0,66.0
8800.0,35,-1700.4285714285716,-806.8095238095227,21.0,74.0
8900.0,35,-1676.1428571428573,-823.2142857142841,14.0,66.0
9000.0,35,-1650.4,-848.9599999999989,25.0,78.0
9100.0,35,-1632.7272727272732,-880.6363636363612,11.0,70.0
9200.0,35,-1621.8695652173917,-918.3478260869553,23.0,64.0
9300.0,35,-1600.6470588235297,-956.0588235294099,17.0,62.0
9400.0,35,-1577.222222222223,-991.1111111111077,9.0,56.0
9500.0,35,-1558.7222222222229,-1026.5555555555538,18.0,64.0
9600.0,35,-1543.000000000001,-1057.9999999999966,9.0,62.0
9700.0,35,-1519.666666666667,-1084.4166666666656,24.0,76.0
9800.0,35,-1491.9500000000007,-1108.8499999999985,20.0,76.0
9900.0,35,-1456.3793103448281,-1134.896551724137,29.0,66.0
10000.0,35,-1433.7857142857151,-1175.2142857142837,14.0,74.0
0.0,36,50.25,49.5,4.0,26.0
100.0,36,59.91304347826081,75.78260869565226,23.0,68.0
200.0,36,62.11111111111103,105.33333333333346,27.0,74.0
300.0,36,52.84615384615385,140.53846153846186,13.0,72.0
400.0,36,25.999999999999968,164.00000000000034,17.0,64.0
500.0,36,11.049999999999875,195.45000000000022,20.0,78.0
600.0,36,-0.36363636363648766,227.13636363636385,22.0,64.0
700.0,36,-10.15384615384643,264.6923076923082,13.0,62.0
800.0,36,-19.357142857143245,301.8571428571433,14.0,64.0
900.0,36,-29.09523809523833,339.80952380952397,21.0,60.0
1000.0,36,-22.421052631579087,382.68421052631606,19.0,68.0
1100.0,36,-8.400000000000091,413.26666666666694,15.0,66.0
1200.0,36,13.947368421052566,440.9473684210528,19.0,72.0
1300.0,36,49.62499999999981,458.81250000000045,16.0,62.0
1400.0,36,83.59999999999982,478.73333333333363,15.0,68.0
1500.0,36,118.99999999999984,489.7647058823532,17.0,62.0
1600.0,36,153.05882352941143,504.52941176470614,17.0,72.0
1700.0,36,191.14285714285685,519.3333333333336,21.0,56.0
1800.0,36,226.2631578947366,533.7894736842109,19.0,74.0
1900.0,36,263.0833333333328,548.2500000000005,12.0,64.0
2000.0,36,300.07142857142816,571.714285714286,14.0,80.0
2100.0,36,330.6111111111108,587.0000000000003,18.0,66.0
2200.0,36,375.75999999999965,602.5200000000003,25.0,72.0
2300.0,36,413.1999999999988,603.0000000000009,10.0,64.0
2400.0,36,445.368421052631,605.0000000000007,19.0,76.0
2500.0,36,485.2857142857139,608.6428571428577,28.0,76.0
2600.0,36,521.6153846153842,592.0000000000006,26.0,74.0
2700.0,36,556.0909090909081,568.636363636365,11.0,60.0
2800.0,36,579.7666666666664,539.7000000000006,30.0,70.0
2900.0,36,599.3076923076916,505.6923076923091,13.0,66.0
3000.0,36,636.8181818181808,492.3636363636381,11.0,66.0
3100.0,36,675.3461538461535,478.3461538461546,26.0,82.0
3200.0,36,712.6818181818179,467.27272727272816,22.0,78.0
3300.0,36,753.0909090909083,447.4545454545471,11.0,64.0
3400.0,36,786.3999999999994,430.9333333333346,15.0,60.0
3500.0,36,812.4615384615381,402.65384615384687,26.0,74.0
3600.0,36,833.2499999999992,367.66666666666816,12.0,62.0
3700.0,36,844.8749999999997,325.41666666666737,24.0,76.0
3800.0,36,846.8095238095234,282.61904761904844,21.0,62.0
3900.0,36,858.2380952380948,241.14285714285776,21.0,76.0
4000.0,36,869.5294117647055,203.05882352941268,17.0,66.0
4100.0,36,892.2941176470586,177.41176470588331,17.0,70.0
4200.0,36,927.4166666666663,158.00000000000128,12.0,64.0
4300.0,36,969.03125,145.87500000000063,32.0,82.0
4400.0,36,1007.2380952380952,141.95238095238182,21.0,62.0
4500.0,36,1045.7916666666665,128.79166666666728,24.0,64.0
4600.0,36,1080.3888888888887,113.111111111112,18.0,66.0
4700.0,36,1113.9999999999998,94.75000000000107,12.0,58.0
4800.0,36,1154.9999999999998,74.73333333333406,15.0,68.0
4900.0,36,1190.7999999999997,61.46666666666719,15.0,64.0
5000.0,36,1226.9999999999995,52.00000000000061,11.0,60.0
5100.0,36,1258.7142857142856,37.19047619047664,21.0,66.0
5200.0,36,1290.4210526315787,24.00000000000043,19.0,66.0
5300.0,36,1316.9199999999998,7.720000000000418,25.0,74.0
5400.0,36,1338.2307692307693,-20.653846153845763,26.0,66.0
5500.0,36,1354.3076923076922,-60.07692307692204,13.0,60.0
5600.0,36,1363.2592592592594,-94.37037037036995,27.0,68.0
5700.0,36,1366.4736842105262,-133.5789473684205,19.0,62.0
5800.0,36,1380.3846153846152,-168.92307692307614,13.0,70.0
5900.0,36,1398.1666666666665,-202.33333333333252,12.0,66.0
6000.0,36,1425.3076923076922,-215.92307692307608,13.0,66.0
6100.0,36,1458.9999999999998,-231.1999999999988,10.0,56.0
6200.0,36,1491.0416666666665,-235.66666666666617,24.0,62.0
6300.0,36,1529.8421052631577,-228.73684210526244,19.0,62.0
6400.0,36,1562.230769230769,-217.38461538461428,13.0,66.0
6500.0,36,1603.315789473684,-204.26315789473603,19.0,68.0
6600.0,36,1633.0769230769226,-186.999999999999,13.0,66.0
6700.0,36,1668.2105263157891,-178.15789473684134,19.0,68.0
6800.0,36,1707.1666666666665,-171.66666666666612,24.0,58.0
6900.0,36,1748.8125,-151.18749999999926,16.0,68.0
7000.0,36,1783.8823529411764,-133.2352941176465,17.0,72.0
7100.0,36,1811.7368421052631,-115.10526315789411,19.0,66.0
7200.0,36,1833.9999999999998,-81.33333333333229,9.0,60.0
7300.0,36,1870.076923076923,-70.38461538461466,13.0,72.0
7400.0,36,1911.4814814814815,-70.14814814814787,27.0,70.0
7500.0,36,1949.6666666666665,-63.5925925925923,27.0,70.0
7600.0,36,1985.0555555555554,-49.88888888888874,18.0,70.0
7700.0,36,2025.238095238095,-32.523809523809334,21.0,72.0
7800.0,36,2061.590909090909,-14.909090909090764,22.0,74.0
7900.0,36,2099.5624999999995,-6.6874999999998295,16.0,68.0
8000.0,36,2135.8333333333326,-9.833333333333101,12.0,66.0
8100.0,36,2176.941176470588,-17.999999999999915,17.0,70.0
8200.0,36,2213.4999999999995,-26.900000000000034,20.0,66.0
8300.0,36,2252.8333333333326,-45.166666666666806,12.0,72.0
8400.0,36,2281.5999999999995,-74.60000000000011,15.0,66.0
8500.0,36,2308.78947368421,-92.5263157894739,19.0,72.0
8600.0,36,2343.7812499999995,-100.3437500000002,32.0,68.0
8700.0,36,2384.7499999999986,-110.91666666666715,12.0,58.0
8800.0,36,2421.1764705882347,-117.79411764705893,34.0,72.0
8900.0,36,2448.8333333333317,-133.75000000000023,12.0,64.0
9000.0,36,2475.894736842104,-159.68421052631592,19.0,64.0
9100.0,36,2492.7333333333318,-200.26666666666705,15.0,74.0
9200.0,36,2510.6666666666647,-232.0000000000004,12.0,74.0
9300.0,36,2536.499999999999,-257.4615384615387,26.0,66.0
9400.0,36,2574.95238095238,-264.904761904762,21.0,70.0
9500.0,36,2615.142857142856,-272.9523809523811,21.0,68.0
9600.0,36,2648.586206896551,-282.41379310344826,29.0,72.0
9700.0,36,2686.299999999998,-296.8000000000002,10.0,64.0
9800.0,36,2722.9999999999986,-306.20000000000016,15.0,68.0
9900.0,36,2746.4999999999986,-322.2222222222224,18.0,70.0
10000.0,36,2777.499999999998,-343.31250000000017,16.0,64.0
0.0,37,50.0,50.0,1.0,8.0
100.0,37,51.79310344827604,87.48275862068975,29.0,76.0
200.0,37,52.352941176470836,129.11764705882376,17.0,76.0
300.0,37,43.52941176470589,166.4705882352943,17.0,62.0
400.0,37,30.642857142857135,196.7142857142859,14.0,74.0
500.0,37,13.43749999999995,227.81250000000009,16.0,66.0
600.0,37,-5.714285714285694,263.74285714285725,35.0,78.0
700.0,37,-18.0,307.10000000000014,20.0,64.0
800.0,37,-29.200000000000088,341.2000000000002,10.0,62.0
900.0,37,-46.18181818181854,380.0000000000001,11.0,60.0
1000.0,37,-61.04761904761932,406.8095238095239,21.0,74.0
1100.0,37,-76.48000000000027,443.32000000000016,25.0,60.0
1200.0,37,-92.00000000000054,477.9333333333337,15.0,70.0
1300.0,37,-115.65384615384643,511.11538461538476,26.0,64.0
1400.0,37,-133.60000000000056,539.8000000000003,15.0,74.0
1500.0,37,-162.3125000000005,563.7500000000001,16.0,72.0
1600.0,37,-189.6800000000003,587.8000000000002,25.0,70.0
1700.0,37,-220.93333333333396,612.3333333333336,15.0,72.0
1800.0,37,-254.52941176470645,642.4705882352944,17.0,62.0
1900.0,37,-273.70967741935505,680.3225806451613,31.0,74.0
2000.0,37,-296.6666666666673,714.8888888888888,9.0,56.0
2100.0,37,-317.21428571428623,734.0,14.0,64.0
2200.0,37,-357.789473684211,753.3157894736842,19.0,68.0
2300.0,37,-390.38461538461604,778.2307692307693,13.0,70.0
2400.0,37,-428.3333333333341,791.1111111111109,9.0,58.0
2500.0,37,-453.0000000000003,809.8749999999999,24.0,68.0
2600.0,37,-488.13333333333367,820.4666666666666,15.0,64.0
2700.0,37,-519.2000000000003,833.5999999999998,15.0,66.0
2800.0,37,-559.8695652173914,851.0434782608694,23.0,66.0
2900.0,37,-595.4615384615385,869.2307692307692,26.0,64.0
3000.0,37,-638.1153846153845,886.0,26.0,68.0
3100.0,37,-674.2857142857142,896.6428571428572,14.0,64.0
3200.0,37,-717.875,907.7500000000001,16.0,68.0
3300.0,37,-765.0666666666667,920.4000000000001,15.0,62.0
3400.0,37,-792.8928571428573,943.0357142857143,28.0,74.0
3500.0,37,-821.2222222222226,959.3333333333334,9.0,66.0
3600.0,37,-854.3333333333336,979.0,9.0,62.0
3700.0,37,-892.8750000000002,991.4375,16.0,76.0
3800.0,37,-931.2857142857144,1010.2142857142857,28.0,74.0
3900.0,37,-970.0000000000003,1022.9999999999998,17.0,64.0
4000.0,37,-1011.1176470588239,1034.9999999999998,17.0,66.0
4100.0,37,-1045.2500000000005,1046.75,20.0,68.0
4200.0,37,-1085.5714285714291,1063.642857142857,14.0,72.0
4300.0,37,-1126.739130434783,1072.1739130434783,23.0,70.0
4400.0,37,-1164.2222222222229,1083.8888888888882,9.0,62.0
4500.0,37,-1204.428571428572,1099.0714285714282,14.0,58.0
4600.0,37,-1229.6400000000003,1124.3999999999996,25.0,68.0
4700.0,37,-1245.8461538461545,1162.3846153846148,13.0,60.0
4800.0,37,-1259.0000000000002,1202.1428571428569,21.0,72.0
4900.0,37,-1256.9444444444448,1244.1111111111106,18.0,70.0
5000.0,37,-1251.6250000000005,1288.6666666666663,24.0,68.0
5100.0,37,-1240.739130434783,1331.043478260869,23.0,74.0
5200.0,37,-1228.928571428572,1369.214285714285,14.0,64.0
5300.0,37,-1217.333333333334,1407.4999999999993,12.0,64.0
5400.0,37,-1201.0909090909097,1436.9999999999993,11.0,60.0
5500.0,37,-1185.3333333333337,1474.666666666666,18.0,64.0
5600.0,37,-1160.2000000000003,1511.4799999999996,25.0,70.0
5700.0,37,-1142.3333333333337,1544.7777777777774,18.0,68.0
5800.0,37,-1134.6000000000001,1583.8499999999997,20.0,66.0
5900.0,37,-1115.4615384615383,1615.1923076923074,26.0,70.0
6000.0,37,-1096.25,1646.9999999999998,16.0,72.0
6100.0,37,-1074.5454545454545,1675.5454545454543,11.0,72.0
6200.0,37,-1057.8181818181818,1706.4545454545455,22.0,68.0
6300.0,37,-1049.5185185185185,1742.4814814814815,27.0,74.0
6400.0,37,-1030.1290322580644,1780.9677419354837,31.0,86.0
6500.0,37,-1018.1666666666667,1822.2916666666665,24.0,74.0
6600.0,37,-1003.84,1858.56,25.0,70.0
6700.0,37,-995.7058823529412,1888.470588235294,17.0,68.0
6800.0,37,-984.0000000000001,1925.6999999999994,10.0,62.0
6900.0,37,-959.5,1969.083333333333,24.0,78.0
7000.0,37,-945.304347826087,2006.6521739130433,23.0,72.0
7100.0,37,-935.4193548387096,2046.6774193548385,31.0,78.0
7200.0,37,-921.9999999999998,2078.2,20.0,74.0
7300.0,37,-898.4999999999998,2108.45,20.0,68.0
7400.0,37,-883.8333333333331,2140.5,18.0,70.0
7500.0,37,-875.8571428571427,2177.7999999999997,35.0,72.0
7600.0,37,-869.8421052631577,2214.4210526315787,19.0,64.0
7700.0,37,-855.6874999999998,2244.8749999999995,16.0,62.0
7800.0,37,-838.8095238095237,2278.6666666666665,21.0,70.0
7900.0,37,-826.8399999999999,2307.4399999999996,25.0,76.0
8000.0,37,-818.1379310344828,2342.8275862068963,29.0,74.0
8100.0,37,-825.3478260869565,2381.6521739130435,23.0,60.0
8200.0,37,-844.904761904762,2416.7619047619046,21.0,84.0
8300.0,37,-871.8500000000001,2442.9,20.0,66.0
8400.0,37,-903.6400000000001,2453.64,25.0,70.0
8500.0,37,-943.0588235294117,2459.941176470588,17.0,66.0
8600.0,37,-978.7777777777777,2457.8518518518517,27.0,76.0
8700.0,37,-1016.0499999999997,2448.2999999999997,20.0,60.0
8800.0,37,-1049.2941176470583,2429.0588235294117,17.0,66.0
8900.0,37,-1066.9999999999998,2393.6923076923076,13.0,66.0
9000.0,37,-1079.4827586206895,2368.9655172413795,29.0,74.0
9100.0,37,-1091.0,2333.95,20.0,68.0
9200.0,37,-1103.3999999999996,2299.9,10.0,58.0
9300.0,37,-1119.75,2265.75,16.0,68.0
9400.0,37,-1142.4999999999998,2232.4000000000005,10.0,66.0
9500.0,37,-1147.5555555555554,2212.444444444445,18.0,66.0
9600.0,37,-1154.0312499999998,2173.90625,32.0,80.0
9700.0,37,-1171.4545454545448,2139.545454545455,11.0,60.0
9800.0,37,-1183.894736842105,2105.2631578947376,19.0,72.0
9900.0,37,-1210.9374999999995,2069.437500000001,16.0,62.0
10000.0,37,-1229.5499999999997,2049.9500000000007,20.0,58.0
0.0,38,50.0,50.0,1.0,8.0
100.0,38,17.14285714285716,42.71428571428576,28.0,76.0
200.0,38,-9.888888888888815,31.66666666666692,9.0,62.0
300.0,38,-47.38095238095221,30.000000000000007,21.0,66.0
400.0,38,-85.03846153846145,30.500000000000018,26.0,64.0
500.0,38,-123.08333333333324,32.08333333333353,12.0,68.0
600.0,38,-163.06666666666675,18.00000000000013,15.0,62.0
700.0,38,-200.1111111111112,-2.2222222222219727,9.0,62.0
800.0,38,-233.54545454545456,-16.227272727272833,22.0,78.0
900.0,38,-266.2,-40.3333333333335,15.0,66.0
1000.0,38,-307.9130434782609,-59.60869565217402,23.0,74.0
1100.0,38,-345.5000000000001,-73.8333333333336,18.0,64.0
1200.0,38,-370.13793103448285,-99.03448275862074,29.0,64.0
1300.0,38,-386.7500000000001,-134.29166666666669,24.0,78.0
1400.0,38,-407.7500000000001,-169.06250000000014,16.0,58.0
1500.0,38,-419.3750000000001,-206.09375000000014,32.0,80.0
1600.0,38,-436.1538461538465,-243.8461538461542,13.0,62.0
1700.0,38,-453.40000000000043,-281.70000000000056,10.0,64.0
1800.0,38,-459.3333333333334,-316.5416666666669,24.0,72.0
1900.0,38,-470.2727272727273,-343.5454545454551,11.0,60.0
2000.0,38,-485.33333333333326,-377.7500000000004,12.0,64.0
2100.0,38,-499.3124999999999,-409.1250000000002,16.0,70.0
2200.0,38,-510.8999999999999,-448.50000000000006,30.0,72.0
2300.0,38,-512.5555555555554,-487.72222222222234,18.0,60.0
2400.0,38,-509.9090909090909,-531.7727272727274,22.0,60.0
2500.0,38,-502.8333333333334,-571.3333333333337,12.0,64.0
2600.0,38,-492.8666666666667,-609.2000000000003,15.0,68.0
2700.0,38,-487.909090909091,-637.2727272727277,11.0,68.0
2800.0,38,-485.54545454545456,-672.1818181818185,22.0,64.0
2900.0,38,-489.5882352941175,-709.352941176471,17.0,66.0
3000.0,38,-503.5384615384613,-751.0000000000005,13.0,68.0
3100.0,38,-533.6363636363633,-770.2727272727278,11.0,60.0
3200.0,38,-574.6071428571429,-782.0357142857146,28.0,80.0
3300.0,38,-612.6206896551726,-782.7586206896555,29.0,74.0
3400.0,38,-656.375,-779.7500000000005,24.0,64.0
3500.0,38,-690.2631578947368,-772.052631578948,19.0,62.0
3600.0,38,-730.272727272727,-751.4545454545464,11.0,70.0
3700.0,38,-762.090909090909,-725.5909090909096,22.0,70.0
3800.0,38,-780.3333333333331,-698.6666666666673,15.0,64.0
3900.0,38,-798.1818181818181,-661.0000000000007,11.0,62.0
4000.0,38,-812.3749999999999,-640.0625000000002,16.0,68.0
4100.0,38,-830.7857142857142,-607.2142857142861,14.0,68.0
4200.0,38,-843.85,-568.1500000000004,20.0,74.0
4300.0,38,-861.3214285714284,-538.4285714285716,28.0,68.0
4400.0,38,-883.1499999999999,-507.35000000000014,20.0,70.0
4500.0,38,-895.2,-471.0666666666669,15.0,66.0
4600.0,38,-914.2941176470588,-441.58823529411785,17.0,74.0
4700.0,38,-939.142857142857,-408.4285714285717,14.0,64.0
4800.0,38,-969.8260869565215,-382.7391304347827,23.0,78.0
4900.0,38,-1006.2666666666664,-365.0666666666666,15.0,60.0
5000.0,38,-1025.363636363636,-330.9090909090907,11.0,64.0
5100.0,38,-1040.0999999999995,-300.6999999999997,10.0,64.0
5200.0,38,-1059.3703703703702,-278.3333333333333,27.0,70.0
5300.0,38,-1078.5263157894735,-244.78947368421052,19.0,76.0
5400.0,38,-1103.3529411764705,-206.47058823529412,17.0,58.0
5500.0,38,-1114.1249999999998,-183.99999999999997,16.0,66.0
5600.0,38,-1125.121212121212,-152.72727272727283,33.0,74.0
5700.0,38,-1137.1199999999997,-112.44000000000018,25.0,78.0
5800.0,38,-1158.5882352941173,-93.70588235294127,34.0,76.0
5900.0,38,-1197.6111111111106,-70.27777777777783,18.0,62.0
6000.0,38,-1231.90909090909,-52.9999999999998,11.0,64.0
6100.0,38,-1247.999999999999,-23.399999999999594,10.0,60.0
6200.0,38,-1280.692307692307,-18.92307692307658,13.0,72.0
6300.0,38,-1322.4999999999995,-13.649999999999721,20.0,60.0
6400.0,38,-1351.8888888888885,7.555555555555852,18.0,68.0
6500.0,38,-1372.4545454545448,41.27272727272768,11.0,68.0
6600.0,38,-1391.9374999999995,73.37500000000036,16.0,64.0
6700.0,38,-1417.4999999999995,101.1153846153848,26.0,66.0
6800.0,38,-1444.5999999999988,119.20000000000034,10.0,66.0
6900.0,38,-1464.208333333333,149.6666666666667,24.0,66.0
7000.0,38,-1485.666666666666,177.33333333333343,18.0,62.0
7100.0,38,-1499.130434782608,216.00000000000009,23.0,64.0
7200.0,38,-1522.827586206896,249.6206896551726,29.0,66.0
7300.0,38,-1538.4999999999986,282.5000000000008,10.0,64.0
7400.0,38,-1567.7692307692296,292.4615384615392,13.0,74.0
7500.0,38,-1603.4545454545448,305.72727272727303,22.0,76.0
7600.0,38,-1638.1818181818176,314.7272727272729,22.0,62.0
7700.0,38,-1676.187499999999,319.43750000000034,16.0,64.0
7800.0,38,-1711.7222222222215,327.3333333333336,18.0,74.0
7900.0,38,-1748.1111111111104,346.5000000000002,18.0,64.0
8000.0,38,-1771.0833333333323,376.5833333333337,12.0,66.0
8100.0,38,-1788.1111111111102,410.8888888888893,9.0,56.0
8200.0,38,-1796.5624999999995,445.37500000000017,16.0,62.0
8300.0,38,-1805.8399999999997,481.48000000000013,25.0,64.0
8400.0,38,-1818.1333333333328,513.7333333333336,15.0,62.0
8500.0,38,-1832.2307692307688,548.3076923076926,13.0,64.0
8600.0,38,-1856.0624999999998,554.3750000000001,16.0,70.0
8700.0,38,-1894.6470588235293,564.3529411764706,17.0,76.0
8800.0,38,-1927.5238095238092,577.4761904761904,21.0,72.0
8900.0,38,-1971.6875,590.9999999999999,16.0,70.0
9000.0,38,-1999.423076923077,613.8846153846154,26.0,64.0
9100.0,38,-2022.28,638.1200000000001,25.0,70.0
9200.0,38,-2031.8461538461538,682.5384615384618,13.0,64.0
9300.0,38,-2056.258064516129,714.6451612903228,31.0,72.0
9400.0,38,-2089.875,724.916666666667,24.0,72.0
9500.0,38,-2119.090909090909,738.8181818181826,11.0,70.0
9600.0,38,-2156.583333333333,755.0833333333342,12.0,68.0
9700.0,38,-2187.555555555555,765.3888888888894,18.0,74.0
9800.0,38,-2224.882352941176,783.1176470588241,17.0,64.0
9900.0,38,-2259.1874999999995,797.4375000000006,16.0,64.0
10000.0,38,-2289.7777777777774,817.8888888888899,9.0,60.0
0.0,39,49.666666666666664,49.333333333333336,3.0,18.0
100.0,39,44.93333333333333,13.066666666666599,30.0,72.0
200.0,39,50.032258064516114,-22.580645161290406,31.0,72.0
300.0,39,69.68750000000006,-53.25000000000028,16.0,76.0
400.0,39,89.59999999999998,-88.55000000000027,20.0,68.0
500.0,39,91.28571428571426,-124.77142857142873,35.0,82.0
600.0,39,94.21739130434771,-163.52173913043484,23.0,64.0
700.0,39,98.14999999999982,-203.40000000000003,20.0,68.0
800.0,39,110.28571428571404,-227.3571428571429,14.0,64.0
900.0,39,121.10526315789448,-274.73684210526324,19.0,64.0
1000.0,39,138.8333333333329,-306.6666666666668,12.0,62.0
1100.0,39,152.77777777777715,-340.33333333333377,9.0,62.0
1200.0,39,169.56249999999966,-374.43750000000006,16.0,68.0
1300.0,39,189.9374999999997,-404.9375000000001,16.0,66.0
1400.0,39,209.29999999999936,-438.5000000000003,10.0,64.0
1500.0,39,220.90476190476153,-460.3333333333335,21.0,68.0
1600.0,39,231.0909090909087,-494.09090909090924,22.0,70.0
1700.0,39,240.56521739130397,-521.217391304348,23.0,68.0
1800.0,39,258.5454545454543,-560.0909090909092,33.0,72.0
1900.0,39,271.9259259259255,-603.4444444444446,27.0,72.0
2000.0,39,282.3636363636354,-645.2727272727276,11.0,68.0
2100.0,39,306.7499999999996,-688.6250000000001,24.0,66.0
2200.0,39,308.24999999999966,-722.857142857143,28.0,72.0
2300.0,39,298.49999999999966,-761.4615384615386,26.0,74.0
2400.0,39,291.9999999999995,-796.2631578947371,19.0,74.0
2500.0,39,287.2857142857135,-843.3571428571429,14.0,66.0
2600.0,39,284.77777777777646,-883.4444444444446,9.0,62.0
2700.0,39,266.8124999999993,-927.5625,16.0,60.0
2800.0,39,254.81249999999935,-966.6875,16.0,68.0
2900.0,39,229.1999999999992,-991.9333333333333,15.0,66.0
3000.0,39,194.48275862068928,-997.448275862069,29.0,66.0
3100.0,39,159.2352941176464,-990.0,17.0,60.0
3200.0,39,118.95652173913004,-989.5652173913044,23.0,72.0
3300.0,39,74.54999999999959,-992.2499999999999,20.0,66.0
3400.0,39,39.99999999999949,-1007.7058823529411,17.0,60.0
3500.0,39,11.23999999999961,-1032.72,25.0,72.0
3600.0,39,-24.357142857143828,-1048.0,14.0,68.0
3700.0,39,-60.27777777777851,-1058.3333333333333,18.0,62.0
3800.0,39,-86.33333333333377,-1082.4444444444443,27.0,74.0
3900.0,39,-111.15384615384686,-1103.3076923076922,13.0,66.0
4000.0,39,-136.89473684210594,-1131.4210526315787,19.0,64.0
4100.0,39,-154.5000000000008,-1164.7142857142856,14.0,74.0
4200.0,39,-162.60000000000073,-1199.3333333333333,15.0,72.0
4300.0,39,-172.33333333333428,-1233.333333333333,12.0,58.0
4400.0,39,-194.09523809523859,-1270.2380952380952,21.0,86.0
4500.0,39,-206.78571428571493,-1300.642857142857,14.0,70.0
4600.0,39,-222.4545454545465,-1334.909090909091,11.0,64.0
4700.0,39,-236.00000000000068,-1367.2,15.0,62.0
4800.0,39,-239.70588235294176,-1400.4705882352941,17.0,68.0
4900.0,39,-240.15789473684268,-1444.0,19.0,64.0
5000.0,39,-247.50000000000063,-1486.4499999999998,20.0,68.0
5100.0,39,-269.0000000000009,-1519.9285714285713,14.0,68.0
5200.0,39,-283.4705882352948,-1553.9999999999998,17.0,62.0
5300.0,39,-299.0500000000005,-1590.1999999999996,20.0,72.0
5400.0,39,-317.2222222222235,-1625.2222222222215,9.0,62.0
5500.0,39,-329.2857142857149,-1661.238095238095,21.0,72.0
5600.0,39,-353.5882352941184,-1689.0588235294117,17.0,64.0
5700.0,39,-373.2500000000013,-1723.9166666666667,12.0,66.0
5800.0,39,-385.46153846153976,-1753.5384615384617,13.0,70.0
5900.0,39,-401.88461538461604,-1787.5384615384617,26.0,66.0
6000.0,39,-418.94736842105357,-1828.7894736842109,19.0,68.0
6100.0,39,-432.71428571428623,-1863.3428571428574,35.0,74.0
6200.0,39,-452.76923076923146,-1880.3846153846157,26.0,64.0
6300.0,39,-469.5882352941189,-1916.9411764705887,17.0,64.0
6400.0,39,-486.83333333333485,-1952.083333333334,12.0,64.0
6500.0,39,-507.7333333333345,-1990.9333333333336,15.0,72.0
6600.0,39,-520.8823529411775,-2030.1176470588236,17.0,56.0
6700.0,39,-534.6000000000016,-2072.0,10.0,56.0
6800.0,39,-539.0000000000011,-2118.5625,16.0,58.0
6900.0,39,-540.8888888888896,-2155.185185185185,27.0,64.0
7000.0,39,-550.0769230769247,-2192.0,13.0,68.0
7100.0,39,-586.2352941176483,-2208.470588235294,17.0,70.0
7200.0,39,-625.5625000000013,-2226.0625,16.0,70.0
7300.0,39,-664.8461538461554,-2244.076923076923,13.0,66.0
7400.0,39,-701.9285714285728,-2253.3571428571427,14.0,72.0
7500.0,39,-735.5000000000015,-2279.214285714286,14.0,70.0
7600.0,39,-775.666666666668,-2296.0666666666666,15.0,62.0
7700.0,39,-810.8400000000008,-2304.24,25.0,74.0
7800.0,39,-848.3703703703711,-2312.222222222222,27.0,70.0
7900.0,39,-885.5483870967748,-2321.451612903226,31.0,66.0
8000.0,39,-923.5000000000009,-2327.8181818181815,22.0,68.0
8100.0,39,-962.633333333334,-2334.733333333333,30.0,72.0
8200.0,39,-999.9166666666682,-2348.5,12.0,68.0
8300.0,39,-1039.9411764705894,-2363.7058823529414,17.0,64.0
8400.0,39,-1048.2941176470592,-2395.1176470588234,34.0,80.0
8500.0,39,-1055.9333333333348,-2431.8,15.0,64.0
8600.0,39,-1066.5714285714296,-2467.714285714286,21.0,62.0
8700.0,39,-1075.7037037037044,-2501.4814814814818,27.0,70.0
8800.0,39,-1092.428571428573,-2527.0,14.0,56.0
8900.0,39,-1120.1515151515157,-2548.848484848485,33.0,72.0
9000.0,39,-1155.857142857144,-2573.928571428571,14.0,62.0
9100.0,39,-1182.8500000000008,-2599.5999999999995,20.0,78.0
9200.0,39,-1194.1666666666683,-2634.4166666666656,12.0,60.0
9300.0,39,-1194.9600000000007,-2672.6399999999994,25.0,64.0
9400.0,39,-1197.0000000000007,-2707.499999999999,24.0,64.0
9500.0,39,-1197.923076923078,-2751.3846153846143,13.0,64.0
9600.0,39,-1203.6086956521744,-2792.217391304347,23.0,68.0
9700.0,39,-1202.9000000000005,-2827.5999999999995,30.0,72.0
9800.0,39,-1194.6153846153857,-2866.307692307691,13.0,60.0
9900.0,39,-1184.2222222222229,-2901.2222222222213,18.0,62.0
10000.0,39,-1172.5161290322585,-2934.677419354838,31.0,70.0
0.0,4,49.5,50.0,2.0,14.0
100.0,4,32.0624999999999,19.812499999999993,16.0,62.0
200.0,4,10.142857142856956,-15.571428571428513,14.0,68.0
300.0,4,-14.869565217391425,-49.26086956521727,23.0,66.0
400.0,4,-33.44444444444457,-86.44444444444446,18.0,66.0
500.0,4,-34.43478260869571,-122.5652173913044,23.0,64.0
600.0,4,-31.619047619047578,-159.90476190476193,21.0,64.0
700.0,4,-27.499999999999858,-196.09090909090895,22.0,62.0
800.0,4,-27.791666666666345,-234.66666666666646,24.0,66.0
900.0,4,-16.749999999999588,-274.79166666666646,24.0,66.0
1000.0,4,-4.1363636363631855,-314.181818181818,22.0,74.0
1100.0,4,9.285714285715049,-349.99999999999983,14.0,62.0
1200.0,4,31.59090909090958,-385.5909090909089,22.0,78.0
1300.0,4,54.41666666666737,-419.24999999999966,12.0,62.0
1400.0,4,70.8461538461545,-457.07692307692287,13.0,68.0
1500.0,4,77.69565217391346,-489.34782608695645,23.0,66.0
1600.0,4,95.82352941176524,-520.6470588235293,17.0,62.0
1700.0,4,110.53333333333404,-550.2666666666664,15.0,66.0
1800.0,4,122.93750000000082,-579.3124999999998,16.0,62.0
1900.0,4,139.14285714285802,-615.9285714285711,14.0,70.0
2000.0,4,165.473684210527,-650.9473684210523,19.0,60.0
2100.0,4,182.10000000000133,-690.9999999999991,10.0,60.0
2200.0,4,186.75000000000108,-720.4166666666658,12.0,64.0
2300.0,4,191.14285714285785,-756.9523809523805,21.0,60.0
2400.0,4,189.77272727272805,-797.9999999999997,22.0,64.0
2500.0,4,184.36363636363717,-840.6818181818179,22.0,64.0
2600.0,4,176.00000000000114,-878.7999999999998,15.0,62.0
2700.0,4,157.7142857142868,-915.142857142857,14.0,70.0
2800.0,4,136.5000000000005,-948.0416666666665,24.0,76.0
2900.0,4,132.00000000000085,-986.285714285714,14.0,64.0
3000.0,4,140.20000000000041,-1022.9199999999998,25.0,78.0
3100.0,4,156.10000000000088,-1051.9999999999995,10.0,62.0
3200.0,4,178.7857142857148,-1089.1428571428567,14.0,68.0
3300.0,4,189.10000000000025,-1122.9999999999998,30.0,68.0
3400.0,4,192.26666666666696,-1160.1999999999994,15.0,66.0
3500.0,4,195.26666666666696,-1198.866666666666,15.0,70.0
3600.0,4,203.7500000000004,-1239.0624999999995,16.0,66.0
3700.0,4,208.44000000000037,-1273.3999999999996,25.0,74.0
3800.0,4,217.52631578947427,-1312.315789473684,19.0,64.0
3900.0,4,239.6956521739136,-1341.2173913043475,23.0,58.0
4000.0,4,250.83333333333445,-1379.9166666666663,12.0,64.0
4100.0,4,257.9230769230779,-1414.461538461538,13.0,60.0
4200.0,4,283.50000000000034,-1447.5666666666666,30.0,72.0
4300.0,4,319.3636363636372,-1471.0909090909088,11.0,58.0
4400.0,4,348.60000000000105,-1484.4999999999998,10.0,66.0
4500.0,4,378.6666666666673,-1508.0666666666664,15.0,66.0
4600.0,4,398.90000000000083,-1536.6999999999998,10.0,60.0
4700.0,4,434.964285714286,-1538.5357142857142,28.0,66.0
4800.0,4,470.22222222222257,-1543.1851851851852,27.0,68.0
4900.0,4,512.0000000000005,-1548.4705882352944,17.0,66.0
5000.0,4,550.5200000000004,-1550.9600000000003,25.0,68.0
5100.0,4,591.3055555555559,-1547.3333333333335,36.0,80.0
5200.0,4,626.3750000000007,-1535.0625,16.0,70.0
5300.0,4,665.0769230769238,-1519.230769230769,13.0,70.0
5400.0,4,698.0400000000004,-1499.56,25.0,76.0
5500.0,4,725.0000000000009,-1481.0833333333328,12.0,62.0
5600.0,4,762.8461538461548,-1462.9999999999995,13.0,60.0
5700.0,4,794.1333333333341,-1441.2666666666664,15.0,68.0
5800.0,4,827.222222222223,-1424.722222222222,18.0,70.0
5900.0,4,863.7307692307699,-1414.6923076923074,26.0,84.0
6000.0,4,901.8000000000003,-1396.7333333333331,30.0,68.0
6100.0,4,940.3888888888896,-1390.5555555555552,18.0,68.0
6200.0,4,977.8000000000009,-1377.0666666666664,15.0,78.0
6300.0,4,1012.0344827586212,-1357.1724137931033,29.0,72.0
6400.0,4,1045.3636363636374,-1341.636363636363,11.0,66.0
6500.0,4,1079.3684210526324,-1316.3684210526312,19.0,66.0
6600.0,4,1103.5294117647068,-1286.8235294117644,17.0,66.0
6700.0,4,1114.7826086956527,-1243.7391304347823,23.0,70.0
6800.0,4,1132.4090909090914,-1212.2272727272725,22.0,76.0
6900.0,4,1147.2500000000007,-1178.2499999999998,20.0,62.0
7000.0,4,1179.3214285714291,-1144.4642857142856,28.0,78.0
7100.0,4,1200.366666666667,-1111.1333333333332,30.0,80.0
7200.0,4,1222.307692307693,-1071.230769230769,13.0,66.0
7300.0,4,1241.2258064516134,-1032.032258064516,31.0,74.0
7400.0,4,1255.708333333334,-999.8749999999999,24.0,72.0
7500.0,4,1253.3500000000004,-960.4749999999999,40.0,84.0
7600.0,4,1256.8888888888896,-924.8888888888887,27.0,72.0
7700.0,4,1276.7272727272743,-884.0909090909087,11.0,64.0
7800.0,4,1311.6000000000006,-859.9666666666665,30.0,76.0
7900.0,4,1347.1428571428578,-852.8571428571427,21.0,60.0
8000.0,4,1387.0000000000016,-838.6363636363632,11.0,66.0
8100.0,4,1418.6363636363644,-828.6363636363633,22.0,68.0
8200.0,4,1450.142857142858,-812.4761904761901,21.0,72.0
8300.0,4,1487.000000000001,-802.9230769230766,26.0,66.0
8400.0,4,1525.4000000000021,-791.4999999999992,10.0,56.0
8500.0,4,1563.5161290322587,-778.5161290322577,31.0,68.0
8600.0,4,1598.5000000000023,-764.7999999999993,10.0,62.0
8700.0,4,1613.0000000000011,-730.4285714285711,21.0,68.0
8800.0,4,1631.2000000000014,-692.7333333333329,15.0,64.0
8900.0,4,1641.2222222222235,-651.1111111111109,18.0,66.0
9000.0,4,1649.4615384615404,-614.384615384615,13.0,62.0
9100.0,4,1675.2857142857154,-588.9523809523807,21.0,72.0
9200.0,4,1706.040000000001,-573.4399999999998,25.0,78.0
9300.0,4,1742.0769230769254,-557.8461538461537,13.0,64.0
9400.0,4,1763.7333333333354,-527.1333333333332,15.0,66.0
9500.0,4,1782.7500000000036,-498.49999999999943,8.0,56.0
9600.0,4,1812.69230769231,-485.4615384615377,13.0,64.0
9700.0,4,1848.7058823529428,-469.58823529411694,17.0,58.0
9800.0,4,1890.6666666666677,-458.9629629629626,27.0,76.0
9900.0,4,1927.8181818181847,-442.27272727272646,11.0,58.0
10000.0,4,1962.6000000000015,-430.1499999999996,20.0,70.0
0.0,40,50.0,50.0,1.0,8.0
100.0,40,36.60869565217385,76.6521739130435,23.0,58.0
200.0,40,18.363636363636342,110.36363636363632,11.0,66.0
300.0,40,8.538461538461512,145.07692307692287,13.0,62.0
400.0,40,-10.07142857142864,180.78571428571422,14.0,68.0
500.0,40,-29.13636363636381,214.36363636363637,22.0,78.0
600.0,40,-47.45454545454599,253.27272727272765,11.0,64.0
700.0,40,-49.444444444444656,290.29629629629625,27.0,66.0
800.0,40,-47.38888888888917,328.8333333333332,18.0,68.0
900.0,40,-49.903225806451864,368.0967741935483,31.0,72.0
1000.0,40,-51.31578947368453,403.36842105263156,19.0,66.0
1100.0,40,-39.55555555555606,437.3333333333335,9.0,60.0
1200.0,40,-23.47619047619078,473.19047619047626,21.0,64.0
1300.0,40,-7.440000000000325,499.08000000000004,25.0,74.0
1400.0,40,25.99999999999961,525.2352941176474,17.0,70.0
1500.0,40,46.84210526315758,558.8421052631581,19.0,72.0
1600.0,40,66.71428571428544,599.1428571428573,21.0,70.0
1700.0,40,87.4782608695649,628.0869565217392,23.0,72.0
1800.0,40,105.74999999999966,659.7,20.0,64.0
1900.0,40,116.5999999999996,687.6,20.0,64.0
2000.0,40,123.4999999999997,721.9166666666666,24.0,64.0
2100.0,40,134.54166666666632,761.6666666666666,24.0,72.0
2200.0,40,161.92307692307665,782.2692307692307,26.0,70.0
2300.0,40,197.5454545454544,800.5757575757575,33.0,70.0
2400.0,40,235.61538461538407,806.5384615384613,13.0,66.0
2500.0,40,277.49999999999955,812.6499999999999,20.0,66.0
2600.0,40,311.9374999999994,829.1249999999998,16.0,62.0
2700.0,40,348.38461538461473,849.6923076923074,13.0,66.0
2800.0,40,384.4285714285712,865.8571428571428,35.0,86.0
2900.0,40,422.1599999999997,859.9199999999997,25.0,74.0
3000.0,40,460.88235294117607,843.2941176470583,17.0,66.0
3100.0,40,488.6428571428568,825.2142857142851,14.0,72.0
3200.0,40,514.8333333333329,822.944444444444,18.0,72.0
3300.0,40,550.1428571428567,812.4285714285709,21.0,64.0
3400.0,40,592.7777777777774,802.4999999999993,18.0,64.0
3500.0,40,632.0344827586205,783.8965517241376,29.0,70.0
3600.0,40,665.3499999999997,771.3499999999993,20.0,70.0
3700.0,40,695.1818181818179,756.6363636363631,22.0,80.0
3800.0,40,732.0952380952377,739.1428571428567,21.0,60.0
3900.0,40,765.9999999999997,711.9090909090905,22.0,76.0
4000.0,40,784.6666666666661,676.5833333333328,12.0,60.0
4100.0,40,807.7894736842102,647.2631578947365,19.0,64.0
4200.0,40,826.9230769230765,616.76923076923,13.0,64.0
4300.0,40,835.4210526315786,587.0526315789468,19.0,64.0
4400.0,40,847.8571428571425,551.6666666666661,21.0,66.0
4500.0,40,867.2352941176466,522.5294117647051,17.0,60.0
4600.0,40,888.9285714285709,486.9285714285702,14.0,78.0
4700.0,40,902.1666666666661,457.24999999999835,12.0,56.0
4800.0,40,911.9090909090904,426.1818181818163,11.0,64.0
4900.0,40,928.0526315789471,388.4736842105252,19.0,76.0
5000.0,40,943.7272727272722,349.9090909090889,11.0,68.0
5100.0,40,959.6999999999997,317.14999999999895,20.0,70.0
5200.0,40,978.03125,282.7187499999993,32.0,82.0
5300.0,40,996.2727272727271,251.81818181817974,11.0,64.0
5400.0,40,999.8,222.7999999999991,25.0,74.0
5500.0,40,1004.0399999999997,183.47999999999902,25.0,72.0
5600.0,40,1011.3333333333328,145.93333333333157,15.0,62.0
5700.0,40,1031.2272727272725,117.18181818181704,22.0,72.0
5800.0,40,1062.307692307692,81.38461538461328,13.0,66.0
5900.0,40,1087.9499999999996,46.049999999998555,20.0,64.0
6000.0,40,1097.2727272727266,9.45454545454251,11.0,64.0
6100.0,40,1104.1874999999995,-24.31250000000213,16.0,60.0
6200.0,40,1106.9230769230767,-63.57692307692443,26.0,66.0
6300.0,40,1121.1818181818176,-97.63636363636681,11.0,66.0
6400.0,40,1136.4642857142856,-134.17857142857267,28.0,82.0
6500.0,40,1150.5517241379307,-174.31034482758741,29.0,72.0
6600.0,40,1168.416666666666,-203.16666666666947,12.0,66.0
6700.0,40,1185.916666666666,-232.16666666666947,12.0,68.0
6800.0,40,1201.6874999999995,-269.06250000000205,16.0,66.0
6900.0,40,1229.5789473684208,-287.57894736842275,19.0,62.0
7000.0,40,1256.6129032258061,-307.8387096774204,31.0,68.0
7100.0,40,1284.4999999999993,-335.9375000000021,16.0,72.0
7200.0,40,1315.6874999999993,-356.125000000002,16.0,70.0
7300.0,40,1357.9999999999995,-369.5882352941195,17.0,74.0
7400.0,40,1394.1333333333325,-392.4666666666688,15.0,60.0
7500.0,40,1430.8181818181808,-411.2727272727301,11.0,66.0
7600.0,40,1454.5999999999992,-431.40000000000197,15.0,66.0
7700.0,40,1489.9999999999989,-448.2500000000025,12.0,62.0
7800.0,40,1517.7999999999986,-463.6000000000031,10.0,62.0
7900.0,40,1552.5599999999995,-488.0800000000012,25.0,78.0
8000.0,40,1590.481481481481,-503.0370370370381,27.0,82.0
8100.0,40,1620.9285714285702,-517.857142857145,14.0,72.0
8200.0,40,1652.7368421052624,-534.6315789473699,19.0,68.0
8300.0,40,1687.4999999999995,-543.000000000001,30.0,68.0
8400.0,40,1726.999999999999,-549.5714285714306,14.0,70.0
8500.0,40,1758.8095238095232,-565.7619047619062,21.0,58.0
8600.0,40,1783.2857142857135,-587.4285714285729,21.0,68.0
8700.0,40,1801.043478260869,-626.0000000000014,23.0,82.0
8800.0,40,1818.136363636363,-659.6818181818195,22.0,66.0
8900.0,40,1843.437499999999,-695.4375000000018,16.0,64.0
9000.0,40,1865.5454545454534,-732.1818181818207,11.0,68.0
9100.0,40,1883.181818181817,-756.2727272727299,11.0,66.0
9200.0,40,1916.6153846153838,-775.5384615384638,13.0,62.0
9300.0,40,1943.6153846153834,-793.153846153848,13.0,64.0
9400.0,40,1973.4999999999993,-812.6818181818192,22.0,68.0
9500.0,40,2003.739130434782,-839.6086956521749,23.0,64.0
9600.0,40,2024.5909090909086,-849.59090909091,22.0,66.0
9700.0,40,2060.624999999999,-855.2500000000016,16.0,66.0
9800.0,40,2096.2352941176464,-875.647058823531,17.0,68.0
9900.0,40,2131.481481481481,-868.8888888888898,27.0,76.0
10000.0,40,2153.2799999999993,-840.8000000000011,25.0,74.0
0.0,41,50.0,49.5,2.0,14.0
100.0,41,16.074074074073938,53.59259259259249,27.0,62.0
200.0,41,-25.90476190476211,56.76190476190471,21.0,66.0
300.0,41,-57.800000000000246,71.49999999999973,10.0,66.0
400.0,41,-77.11111111111131,107.38888888888874,18.0,72.0
500.0,41,-87.00000000000037,143.57142857142844,14.0,62.0
600.0,41,-90.42857142857181,178.09523809523807,21.0,64.0
700.0,41,-98.24242424242445,212.72727272727272,33.0,74.0
800.0,41,-110.00000000000041,256.66666666666686,12.0,62.0
900.0,41,-131.96153846153862,291.5384615384618,26.0,76.0
1000.0,41,-148.38888888888903,324.22222222222246,18.0,74.0
1100.0,41,-169.22222222222246,352.33333333333366,9.0,58.0
1200.0,41,-210.48275862068985,376.896551724138,29.0,86.0
1300.0,41,-239.63157894736878,386.4736842105264,19.0,68.0
1400.0,41,-277.9090909090913,403.2727272727275,11.0,64.0
1500.0,41,-312.73684210526346,418.2105263157896,19.0,56.0
1600.0,41,-354.7647058823535,439.4117647058826,17.0,64.0
1700.0,41,-393.96666666666704,458.8000000000001,30.0,66.0
1800.0,41,-437.76470588235344,477.11764705882376,17.0,64.0
1900.0,41,-480.0500000000003,491.3000000000002,20.0,82.0
2000.0,41,-520.0769230769235,506.5384615384618,13.0,66.0
2100.0,41,-560.5600000000002,523.6000000000001,25.0,70.0
2200.0,41,-595.4615384615389,538.3076923076925,13.0,76.0
2300.0,41,-631.6363636363641,558.454545454546,11.0,58.0
2400.0,41,-660.8823529411768,573.4705882352944,17.0,72.0
2500.0,41,-698.714285714286,590.7619047619049,21.0,64.0
2600.0,41,-741.4000000000003,598.5333333333334,15.0,58.0
2700.0,41,-772.666666666667,616.4166666666666,12.0,72.0
2800.0,41,-793.1000000000003,648.8499999999999,20.0,74.0
2900.0,41,-824.0555555555558,665.111111111111,18.0,80.0
3000.0,41,-858.0769230769233,681.3076923076922,13.0,68.0
3100.0,41,-892.2727272727277,702.5454545454544,11.0,58.0
3200.0,41,-914.8695652173915,719.0434782608696,23.0,72.0
3300.0,41,-944.7878787878789,739.939393939394,33.0,80.0
3400.0,41,-975.3125000000001,756.1249999999998,16.0,62.0
3500.0,41,-999.0588235294118,793.705882352941,17.0,70.0
3600.0,41,-1008.4285714285714,830.5714285714284,14.0,66.0
3700.0,41,-1030.9411764705883,864.2352941176471,17.0,70.0
3800.0,41,-1045.076923076923,905.9230769230769,13.0,70.0
3900.0,41,-1068.3,927.95,20.0,70.0
4000.0,41,-1106.962962962963,944.4444444444443,27.0,70.0
4100.0,41,-1130.925925925926,960.5185185185185,27.0,78.0
4200.0,41,-1163.5,984.2499999999997,20.0,58.0
4300.0,41,-1199.5882352941176,997.0588235294113,17.0,76.0
4400.0,41,-1227.8333333333335,1007.1666666666664,18.0,70.0
4500.0,41,-1262.4166666666665,1023.2499999999994,12.0,58.0
4600.0,41,-1300.4736842105262,1038.7894736842102,19.0,66.0
4700.0,41,-1334.952380952381,1046.285714285714,21.0,66.0
4800.0,41,-1373.5000000000002,1052.4642857142856,28.0,68.0
4900.0,41,-1406.6250000000005,1043.6874999999998,16.0,58.0
5000.0,41,-1441.625000000001,1027.3749999999998,16.0,66.0
5100.0,41,-1479.2500000000005,1013.892857142857,28.0,72.0
5200.0,41,-1516.7000000000016,994.3999999999995,10.0,60.0
5300.0,41,-1543.9000000000015,986.0999999999995,10.0,62.0
5400.0,41,-1577.187500000001,967.2499999999997,16.0,66.0
5500.0,41,-1606.142857142858,944.642857142857,14.0,66.0
5600.0,41,-1636.4482758620695,932.7241379310345,29.0,76.0
5700.0,41,-1672.1500000000008,923.9500000000002,20.0,70.0
5800.0,41,-1705.2105263157903,905.842105263158,19.0,72.0
5900.0,41,-1739.4444444444453,890.2222222222223,18.0,66.0
6000.0,41,-1778.444444444445,874.0370370370371,27.0,74.0
6100.0,41,-1808.4736842105272,860.1052631578946,19.0,58.0
6200.0,41,-1840.4117647058833,841.470588235294,17.0,64.0
6300.0,41,-1871.9047619047628,825.9047619047618,21.0,68.0
6400.0,41,-1908.500000000001,814.05,20.0,62.0
6500.0,41,-1949.3846153846162,818.8076923076925,26.0,62.0
6600.0,41,-1983.8181818181836,822.2727272727277,11.0,70.0
6700.0,41,-2021.208333333334,827.9583333333335,24.0,64.0
6800.0,41,-2057.000000000001,834.7200000000003,25.0,74.0
6900.0,41,-2103.5555555555566,838.7777777777782,18.0,64.0
7000.0,41,-2140.333333333335,835.0000000000003,12.0,64.0
7100.0,41,-2173.1764705882365,825.9411764705884,17.0,64.0
7200.0,41,-2201.300000000001,803.2000000000002,20.0,80.0
7300.0,41,-2232.1739130434794,789.3043478260871,23.0,70.0
7400.0,41,-2275.304347826088,784.5652173913045,23.0,66.0
7500.0,41,-2314.060606060607,773.9393939393942,33.0,74.0
7600.0,41,-2357.2000000000007,765.5600000000004,25.0,68.0
7700.0,41,-2404.2941176470604,751.3529411764711,17.0,60.0
7800.0,41,-2436.1333333333355,739.0000000000005,15.0,64.0
7900.0,41,-2470.4736842105276,719.3157894736845,19.0,66.0
8000.0,41,-2510.750000000001,707.2222222222224,36.0,76.0
8100.0,41,-2549.4666666666685,700.0000000000006,15.0,70.0
8200.0,41,-2581.94117647059,686.64705882353,17.0,72.0
8300.0,41,-2605.9411764705897,661.9411764705889,17.0,64.0
8400.0,41,-2622.1111111111127,627.2777777777784,18.0,68.0
8500.0,41,-2633.392857142858,592.1785714285719,28.0,64.0
8600.0,41,-2639.6923076923085,567.5000000000005,26.0,66.0
8700.0,41,-2653.2758620689665,538.0689655172416,29.0,72.0
8800.0,41,-2673.058823529413,499.35294117647095,17.0,70.0
8900.0,41,-2670.952380952382,456.00000000000045,21.0,68.0
9000.0,41,-2658.7222222222235,418.55555555555605,18.0,82.0
9100.0,41,-2631.000000000001,389.9655172413796,29.0,72.0
9200.0,41,-2612.0625000000014,354.75000000000045,16.0,60.0
9300.0,41,-2591.3333333333358,314.55555555555634,9.0,58.0
9400.0,41,-2572.4444444444466,278.6666666666674,9.0,64.0
9500.0,41,-2545.392857142858,247.00000000000017,28.0,72.0
9600.0,41,-2527.923076923078,212.15384615384667,13.0,66.0
9700.0,41,-2525.724137931035,180.6206896551726,29.0,66.0
9800.0,41,-2528.115384615385,142.07692307692326,26.0,66.0
9900.0,41,-2538.181818181819,106.36363636363653,22.0,66.0
10000.0,41,-2551.8181818181833,65.09090909090946,11.0,66.0
0.0,42,49.85714285714285,49.857142857142854,7.0,32.0
100.0,42,39.92307692307705,21.461538461538506,13.0,70.0
200.0,42,10.66666666666678,-1.7777777777777288,18.0,64.0
300.0,42,-14.89285714285711,-27.5,28.0,60.0
400.0,42,-39.73684210526311,-57.89473684210519,19.0,66.0
500.0,42,-71.2307692307692,-81.23076923076923,26.0,70.0
600.0,42,-112.0967741935483,-96.61290322580635,31.0,74.0
700.0,42,-152.2857142857139,-115.07142857142837,14.0,58.0
800.0,42,-196.81818181818178,-115.3181818181817,22.0,60.0
900.0,42,-233.23529411764702,-105.88235294117625,17.0,64.0
1000.0,42,-264.4285714285713,-94.76190476190459,21.0,66.0
1100.0,42,-298.54545454545433,-74.18181818181782,11.0,52.0
1200.0,42,-335.0555555555555,-59.388888888888616,18.0,66.0
1300.0,42,-371.9999999999998,-57.39999999999972,20.0,60.0
1400.0,42,-405.7599999999998,-52.159999999999755,25.0,76.0
1500.0,42,-442.15789473684197,-48.263157894736516,19.0,82.0
1600.0,42,-484.3199999999999,-34.35999999999969,25.0,78.0
1700.0,42,-509.53333333333313,-23.7999999999996,15.0,68.0
1800.0,42,-544.9166666666665,-0.24999999999950262,12.0,66.0
1900.0,42,-559.9166666666664,29.25000000000045,12.0,62.0
2000.0,42,-575.88,67.16000000000027,25.0,80.0
2100.0,42,-588.2187499999999,102.8437500000002,32.0,88.0
2200.0,42,-600.9130434782608,142.43478260869603,23.0,66.0
2300.0,42,-608.4615384615383,177.76923076923143,13.0,66.0
2400.0,42,-617.4666666666665,218.13333333333387,15.0,66.0
2500.0,42,-622.1499999999997,239.70000000000053,20.0,66.0
2600.0,42,-622.3214285714283,277.39285714285757,28.0,68.0
2700.0,42,-621.5999999999996,317.40000000000083,15.0,64.0
2800.0,42,-613.0714285714281,357.21428571428663,14.0,62.0
2900.0,42,-603.3999999999996,384.4666666666676,15.0,76.0
3000.0,42,-597.473684210526,418.8421052631586,19.0,70.0
3100.0,42,-590.7777777777774,461.6111111111119,18.0,68.0
3200.0,42,-579.1818181818177,499.63636363636465,11.0,64.0
3300.0,42,-555.1904761904759,534.476190476191,21.0,66.0
3400.0,42,-534.6956521739127,565.5652173913048,23.0,76.0
3500.0,42,-501.14285714285666,585.1428571428579,14.0,66.0
3600.0,42,-468.9999999999992,598.1428571428578,14.0,68.0
3700.0,42,-442.72222222222194,620.916666666667,36.0,80.0
3800.0,42,-406.51612903225765,638.5483870967746,31.0,72.0
3900.0,42,-368.30434782608637,645.3478260869572,23.0,66.0
4000.0,42,-328.2666666666657,639.6666666666678,15.0,74.0
4100.0,42,-294.5909090909085,638.5454545454553,22.0,74.0
4200.0,42,-256.3461538461534,647.961538461539,26.0,60.0
4300.0,42,-227.2499999999995,673.3500000000007,20.0,70.0
4400.0,42,-213.4374999999993,704.6250000000009,16.0,64.0
4500.0,42,-195.55555555555426,738.8888888888904,9.0,58.0
4600.0,42,-167.27586206896504,759.4827586206902,29.0,76.0
4700.0,42,-132.23529411764628,781.3529411764714,17.0,68.0
4800.0,42,-99.62499999999939,795.5416666666672,24.0,68.0
4900.0,42,-67.38461538461472,805.8846153846159,26.0,68.0
5000.0,42,-31.46153846153706,814.4615384615394,13.0,68.0
5100.0,42,1.3333333333344626,833.4000000000007,15.0,64.0
5200.0,42,30.733333333334336,855.8000000000006,15.0,58.0
5300.0,42,48.50000000000108,887.9166666666674,12.0,70.0
5400.0,42,47.8888888888894,922.3703703703707,27.0,68.0
5500.0,42,46.894736842105985,958.7894736842109,19.0,70.0
5600.0,42,48.27272727272771,1000.9090909090913,22.0,70.0
5700.0,42,59.11764705882409,1035.705882352942,17.0,66.0
5800.0,42,65.58823529411818,1070.7058823529417,17.0,64.0
5900.0,42,43.61111111111159,1101.7777777777783,18.0,64.0
6000.0,42,7.950000000000341,1122.0500000000004,20.0,62.0
6100.0,42,-25.909090909090537,1138.1363636363642,22.0,76.0
6200.0,42,-49.35714285714215,1167.2142857142865,14.0,70.0
6300.0,42,-64.69999999999877,1198.200000000001,10.0,62.0
6400.0,42,-85.86956521739086,1228.6086956521742,23.0,68.0
6500.0,42,-104.83333333333262,1265.333333333334,12.0,66.0
6600.0,42,-120.38461538461472,1295.7692307692314,13.0,70.0
6700.0,42,-121.93478260869547,1333.0652173913045,46.0,82.0
6800.0,42,-116.84615384615307,1378.0769230769238,13.0,62.0
6900.0,42,-131.6249999999993,1410.5000000000005,16.0,64.0
7000.0,42,-143.68749999999923,1443.1250000000005,16.0,70.0
7100.0,42,-156.83333333333226,1473.2500000000005,12.0,60.0
7200.0,42,-171.76923076922972,1502.692307692308,13.0,72.0
7300.0,42,-192.0769230769219,1546.9230769230774,13.0,60.0
7400.0,42,-220.85714285714175,1574.6428571428578,14.0,66.0
7500.0,42,-252.13636363636306,1597.4545454545457,22.0,74.0
7600.0,42,-284.5624999999991,1613.5000000000002,16.0,66.0
7700.0,42,-321.1333333333328,1631.0333333333335,30.0,80.0
7800.0,42,-353.99999999999886,1649.083333333334,12.0,72.0
7900.0,42,-370.44444444444366,1683.333333333334,18.0,66.0
8000.0,42,-391.99999999999875,1707.0000000000011,10.0,60.0
8100.0,42,-422.0833333333322,1724.9166666666677,12.0,66.0
8200.0,42,-452.69230769230643,1724.2307692307702,13.0,58.0
8300.0,42,-488.791666666666,1721.6666666666674,24.0,68.0
8400.0,42,-529.4230769230763,1716.1923076923083,26.0,66.0
8500.0,42,-560.1999999999986,1701.1000000000015,10.0,66.0
8600.0,42,-585.9545454545447,1679.0909090909097,22.0,68.0
8700.0,42,-622.6666666666655,1662.416666666668,12.0,64.0
8800.0,42,-654.7142857142851,1640.9523809523819,21.0,74.0
8900.0,42,-694.8275862068962,1617.5862068965523,29.0,80.0
9000.0,42,-732.8947368421046,1597.2631578947378,19.0,56.0
9100.0,42,-763.7499999999992,1579.7500000000011,16.0,64.0
9200.0,42,-799.7499999999992,1568.3500000000013,20.0,68.0
9300.0,42,-837.6818181818174,1553.8636363636374,22.0,68.0
9400.0,42,-871.6315789473675,1531.6315789473697,19.0,60.0
9500.0,42,-906.666666666666,1518.0952380952394,21.0,66.0
9600.0,42,-939.8181818181813,1509.4242424242434,33.0,74.0
9700.0,42,-982.2272727272722,1505.7727272727286,22.0,68.0
9800.0,42,-1017.249999999999,1514.5833333333358,12.0,66.0
9900.0,42,-1044.5499999999995,1535.6000000000013,20.0,70.0
10000.0,42,-1058.9411764705876,1568.0000000000016,17.0,66.0
0.0,43,50.0,50.0,1.0,8.0
100.0,43,68.95833333333329,36.62500000000006,24.0,72.0
200.0,43,108.31250000000009,23.437500000000146,16.0,64.0
300.0,43,142.99999999999966,1.0000000000000948,9.0,60.0
400.0,43,180.81818181818144,-13.454545454545197,11.0,64.0
500.0,43,220.43749999999974,-14.812499999999602,16.0,64.0
600.0,43,256.43749999999966,-25.874999999999545,16.0,62.0
700.0,43,292.5384615384609,-35.92307692307631,13.0,62.0
800.0,43,326.33333333333246,-49.55555555555466,9.0,62.0
900.0,43,357.0416666666663,-54.541666666666345,24.0,74.0
1000.0,43,380.47619047619,-73.42857142857106,21.0,64.0
1100.0,43,406.99999999999966,-100.22727272727228,22.0,62.0
1200.0,43,439.16666666666595,-118.41666666666578,12.0,68.0
1300.0,43,471.46153846153794,-130.8461538461529,13.0,68.0
1400.0,43,514.5624999999995,-141.12499999999918,16.0,66.0
1500.0,43,549.0714285714282,-148.1428571428562,14.0,62.0
1600.0,43,576.076923076923,-156.03846153846106,26.0,70.0
1700.0,43,615.6153846153845,-163.9230769230765,26.0,72.0
1800.0,43,655.7142857142857,-176.04761904761844,21.0,70.0
1900.0,43,689.1666666666666,-169.62499999999955,24.0,70.0
2000.0,43,719.6296296296297,-142.96296296296254,27.0,64.0
2100.0,43,733.909090909091,-114.63636363636243,11.0,60.0
2200.0,43,774.5000000000002,-95.49999999999864,10.0,64.0
2300.0,43,797.6400000000001,-73.71999999999952,25.0,70.0
2400.0,43,822.769230769231,-57.153846153845585,26.0,80.0
2500.0,43,847.8000000000001,-31.879999999999512,25.0,74.0
2600.0,43,869.4666666666668,-7.399999999999551,30.0,68.0
2700.0,43,887.9375000000005,20.06250000000082,16.0,66.0
2800.0,43,914.5652173913045,46.73913043478315,23.0,68.0
2900.0,43,933.7058823529416,82.64705882353022,17.0,76.0
3000.0,43,954.6956521739133,111.56521739130497,23.0,68.0
3100.0,43,981.0909090909096,133.45454545454677,11.0,72.0
3200.0,43,1014.8095238095241,153.23809523809592,21.0,76.0
3300.0,43,1048.2307692307695,175.96153846153908,26.0,76.0
3400.0,43,1059.4814814814818,206.29629629629696,27.0,66.0
3500.0,43,1064.1818181818185,243.27272727272805,22.0,66.0
3600.0,43,1074.3478260869567,276.1304347826093,23.0,74.0
3700.0,43,1091.0000000000002,312.23076923077025,13.0,62.0
3800.0,43,1107.6250000000002,344.3750000000009,16.0,66.0
3900.0,43,1139.2777777777778,366.77777777777845,18.0,66.0
4000.0,43,1179.8333333333333,389.33333333333417,12.0,66.0
4100.0,43,1207.4642857142856,410.0714285714289,28.0,68.0
4200.0,43,1234.0,433.76000000000033,25.0,68.0
4300.0,43,1263.818181818182,449.36363636363734,11.0,64.0
4400.0,43,1288.9,462.300000000001,10.0,64.0
4500.0,43,1320.7222222222222,487.11111111111154,18.0,64.0
4600.0,43,1356.25,501.6250000000002,32.0,76.0
4700.0,43,1390.3,515.6000000000005,10.0,62.0
4800.0,43,1425.4399999999998,528.9200000000002,25.0,68.0
4900.0,43,1466.76,543.2800000000002,25.0,74.0
5000.0,43,1499.0909090909092,566.1818181818187,11.0,64.0
5100.0,43,1528.2857142857142,594.2380952380954,21.0,56.0
5200.0,43,1559.1875,619.5625000000003,16.0,62.0
5300.0,43,1588.5,639.4500000000002,20.0,70.0
5400.0,43,1621.7272727272727,650.7272727272727,22.0,64.0
5500.0,43,1653.75,662.7500000000005,12.0,66.0
5600.0,43,1687.391304347826,679.7826086956525,23.0,70.0
5700.0,43,1716.8235294117646,697.352941176471,17.0,66.0
5800.0,43,1733.111111111111,732.6111111111114,18.0,70.0
5900.0,43,1750.7857142857142,770.071428571429,14.0,58.0
6000.0,43,1761.72,808.2800000000003,25.0,62.0
6100.0,43,1772.0588235294117,845.6470588235298,17.0,64.0
6200.0,43,1791.4210526315787,881.7368421052636,19.0,62.0
6300.0,43,1799.2272727272725,916.5454545454548,22.0,66.0
6400.0,43,1813.1818181818176,949.9090909090916,11.0,64.0
6500.0,43,1815.9199999999998,983.2400000000002,25.0,68.0
6600.0,43,1835.2105263157891,1022.7894736842107,19.0,54.0
6700.0,43,1843.0714285714282,1055.8571428571431,14.0,64.0
6800.0,43,1836.9047619047617,1099.1904761904764,21.0,66.0
6900.0,43,1827.176470588235,1136.1176470588236,17.0,72.0
7000.0,43,1809.6666666666665,1171.3333333333335,15.0,64.0
7100.0,43,1797.4210526315787,1211.5789473684213,19.0,74.0
7200.0,43,1764.8378378378377,1229.7567567567569,37.0,82.0
7300.0,43,1724.3043478260868,1235.1739130434785,23.0,70.0
7400.0,43,1686.1764705882351,1250.4705882352944,17.0,74.0
7500.0,43,1650.9473684210525,1266.1578947368423,19.0,62.0
7600.0,43,1615.9444444444443,1287.7222222222226,18.0,64.0
7700.0,43,1587.9999999999998,1305.0937500000002,32.0,70.0
7800.0,43,1557.0909090909088,1318.1818181818187,11.0,66.0
7900.0,43,1515.916666666666,1332.7500000000005,12.0,68.0
8000.0,43,1481.6666666666663,1351.5000000000007,12.0,70.0
8100.0,43,1452.4285714285709,1357.0714285714291,14.0,66.0
8200.0,43,1419.3529411764703,1354.7647058823534,17.0,58.0
8300.0,43,1385.176470588235,1344.5294117647063,17.0,60.0
8400.0,43,1360.8999999999996,1330.5500000000002,20.0,68.0
8500.0,43,1348.0869565217388,1298.521739130435,23.0,66.0
8600.0,43,1334.030303030303,1260.878787878788,33.0,68.0
8700.0,43,1314.153846153846,1225.9230769230771,13.0,70.0
8800.0,43,1298.8095238095236,1188.3333333333335,21.0,68.0
8900.0,43,1284.7142857142856,1152.7142857142858,14.0,60.0
9000.0,43,1270.3636363636363,1120.909090909091,11.0,66.0
9100.0,43,1253.7619047619048,1088.3809523809523,21.0,68.0
9200.0,43,1230.6842105263158,1055.6842105263158,19.0,72.0
9300.0,43,1211.0999999999997,1018.2000000000003,10.0,60.0
9400.0,43,1187.2307692307688,981.1538461538463,13.0,70.0
9500.0,43,1164.6842105263158,944.4210526315791,19.0,62.0
9600.0,43,1148.7368421052631,906.4210526315788,19.0,74.0
9700.0,43,1132.2857142857138,871.7142857142853,7.0,50.0
9800.0,43,1121.9999999999998,838.4999999999998,14.0,60.0
9900.0,43,1114.0999999999997,801.0999999999997,20.0,60.0
10000.0,43,1109.9999999999995,763.8571428571422,14.0,54.0
0.0,44,49.5,50.5,2.0,14.0
100.0,44,88.28571428571419,61.2857142857143,14.0,70.0
200.0,44,122.80952380952378,76.14285714285718,21.0,70.0
300.0,44,162.58333333333334,74.7499999999999,12.0,62.0
400.0,44,201.96296296296296,77.3333333333333,27.0,66.0
500.0,44,245.57142857142867,78.42857142857127,21.0,60.0
600.0,44,284.5000000000002,88.2499999999998,20.0,74.0
700.0,44,322.8181818181822,106.54545454545428,11.0,66.0
800.0,44,345.60000000000014,139.3999999999998,25.0,86.0
900.0,44,357.00000000000017,179.68181818181785,22.0,68.0
1000.0,44,369.3043478260871,211.95652173913007,23.0,72.0
1100.0,44,381.45454545454595,251.09090909090824,11.0,68.0
1200.0,44,399.714285714286,283.0714285714279,14.0,64.0
1300.0,44,414.2000000000003,313.93333333333266,15.0,68.0
1400.0,44,432.71428571428584,350.9047619047615,21.0,72.0
1500.0,44,446.15789473684237,385.52631578947324,19.0,78.0
1600.0,44,459.6363636363638,422.7727272727269,22.0,66.0
1700.0,44,470.3636363636367,452.18181818181733,11.0,66.0
1800.0,44,503.11764705882376,474.9411764705877,17.0,66.0
1900.0,44,540.9545454545456,475.4090909090904,22.0,72.0
2000.0,44,567.1578947368423,465.8421052631573,19.0,68.0
2100.0,44,597.6500000000002,441.2499999999994,20.0,64.0
2200.0,44,621.0000000000001,406.58823529411666,17.0,64.0
2300.0,44,643.4545454545456,370.1818181818169,11.0,62.0
2400.0,44,665.2307692307694,334.69230769230677,13.0,68.0
2500.0,44,689.769230769231,306.38461538461496,26.0,64.0
2600.0,44,703.0000000000002,278.3124999999993,16.0,66.0
2700.0,44,729.7714285714286,250.48571428571398,35.0,82.0
2800.0,44,746.8571428571429,222.71428571428493,14.0,64.0
2900.0,44,769.1904761904761,193.99999999999943,21.0,66.0
3000.0,44,784.9166666666666,151.20833333333283,24.0,82.0
3100.0,44,805.0799999999999,126.31999999999962,25.0,74.0
3200.0,44,821.0,91.99999999999947,21.0,66.0
3300.0,44,834.1935483870966,53.129032258064214,31.0,72.0
3400.0,44,853.7692307692301,11.384615384614817,13.0,62.0
3500.0,44,872.9285714285708,-26.285714285714832,14.0,64.0
3600.0,44,887.5294117647053,-61.294117647059345,17.0,64.0
3700.0,44,893.2399999999997,-101.96000000000022,25.0,72.0
3800.0,44,905.3333333333326,-138.8000000000006,15.0,58.0
3900.0,44,928.1249999999992,-172.62500000000054,16.0,68.0
4000.0,44,942.2352941176464,-207.94117647058866,17.0,64.0
4100.0,44,948.277777777777,-249.27777777777828,18.0,70.0
4200.0,44,957.4999999999993,-279.16666666666714,18.0,64.0
4300.0,44,979.7272727272715,-314.0000000000009,11.0,66.0
4400.0,44,995.8499999999993,-348.80000000000047,20.0,70.0
4500.0,44,1012.9166666666655,-389.08333333333445,12.0,64.0
4600.0,44,1029.3846153846143,-424.61538461538566,13.0,66.0
4700.0,44,1045.1874999999993,-459.62500000000074,16.0,60.0
4800.0,44,1059.9166666666658,-492.91666666666765,12.0,64.0
4900.0,44,1094.2307692307681,-523.6153846153856,13.0,68.0
5000.0,44,1133.7499999999989,-544.9166666666679,12.0,64.0
5100.0,44,1171.5454545454536,-553.2727272727284,11.0,66.0
5200.0,44,1204.999999999999,-567.727272727274,11.0,68.0
5300.0,44,1237.652173913043,-575.0000000000007,23.0,64.0
5400.0,44,1277.3684210526308,-579.2105263157903,19.0,58.0
5500.0,44,1310.78947368421,-601.6842105263165,19.0,56.0
5600.0,44,1344.374999999999,-623.7500000000008,16.0,64.0
5700.0,44,1378.833333333332,-648.4166666666678,12.0,62.0
5800.0,44,1417.8695652173908,-670.739130434783,23.0,62.0
5900.0,44,1456.1999999999994,-686.6000000000006,15.0,64.0
6000.0,44,1489.4999999999993,-703.4285714285718,14.0,66.0
6100.0,44,1521.699999999999,-723.1000000000006,10.0,60.0
6200.0,44,1559.0769230769226,-734.0000000000003,26.0,70.0
6300.0,44,1599.2307692307686,-753.0769230769238,13.0,66.0
6400.0,44,1632.3333333333328,-760.8888888888894,18.0,70.0
6500.0,44,1677.176470588235,-757.7058823529418,17.0,62.0
6600.0,44,1719.3333333333328,-761.0000000000007,15.0,64.0
6700.0,44,1753.0999999999992,-778.600000000001,10.0,68.0
6800.0,44,1791.9999999999995,-787.6153846153856,13.0,66.0
6900.0,44,1831.1176470588234,-803.6470588235298,17.0,68.0
7000.0,44,1863.3333333333333,-809.0000000000007,12.0,70.0
7100.0,44,1902.933333333333,-821.8666666666671,15.0,66.0
7200.0,44,1938.4999999999995,-829.5714285714291,14.0,68.0
7300.0,44,1976.0499999999997,-833.8500000000005,20.0,60.0
7400.0,44,2017.7499999999998,-836.0500000000005,20.0,68.0
7500.0,44,2038.9999999999998,-843.2142857142866,14.0,68.0
7600.0,44,2071.142857142857,-850.2142857142865,14.0,72.0
7700.0,44,2105.555555555555,-861.2777777777783,18.0,72.0
7800.0,44,2151.793103448276,-865.4482758620692,29.0,66.0
7900.0,44,2191.85,-871.7500000000005,20.0,62.0
8000.0,44,2224.916666666666,-882.083333333334,12.0,66.0
8100.0,44,2268.6153846153843,-900.0000000000007,13.0,66.0
8200.0,44,2297.928571428571,-922.7857142857149,14.0,64.0
8300.0,44,2316.9047619047615,-959.52380952381,21.0,66.0
8400.0,44,2333.722222222222,-995.527777777778,36.0,82.0
8500.0,44,2345.3437499999995,-1033.1250000000005,32.0,74.0
8600.0,44,2355.136363636363,-1069.3181818181824,22.0,72.0
8700.0,44,2372.7857142857138,-1101.000000000001,14.0,62.0
8800.0,44,2388.9999999999995,-1129.9285714285722,14.0,60.0
8900.0,44,2407.1249999999995,-1167.6250000000005,24.0,82.0
9000.0,44,2423.9999999999995,-1201.625000000001,16.0,72.0
9100.0,44,2428.0434782608695,-1240.565217391305,23.0,70.0
9200.0,44,2429.4347826086955,-1278.4782608695657,23.0,64.0
9300.0,44,2435.7142857142853,-1313.8928571428576,28.0,76.0
9400.0,44,2453.307692307692,-1346.6923076923083,13.0,66.0
9500.0,44,2473.3333333333326,-1388.2777777777783,18.0,72.0
9600.0,44,2495.588235294117,-1422.823529411765,17.0,70.0
9700.0,44,2504.5294117647054,-1459.588235294118,17.0,64.0
9800.0,44,2534.041666666666,-1482.166666666667,24.0,72.0
9900.0,44,2565.4285714285706,-1497.7142857142865,14.0,66.0
10000.0,44,2600.6923076923067,-1514.23076923077,13.0,64.0
0.0,45,50.0,50.0,1.0,8.0
100.0,45,26.576923076922956,57.07692307692312,26.0,60.0
200.0,45,-7.823529411764866,72.58823529411767,17.0,64.0
300.0,45,-44.3333333333336,87.59999999999994,15.0,66.0
400.0,45,-57.85000000000008,111.99999999999997,20.0,76.0
500.0,45,-69.00000000000009,150.07692307692304,13.0,60.0
600.0,45,-87.82857142857148,184.2,35.0,84.0
700.0,45,-104.07142857142867,210.74999999999991,28.0,68.0
800.0,45,-140.76923076923106,226.69230769230757,13.0,66.0
900.0,45,-180.12000000000018,246.75999999999988,25.0,76.0
1000.0,45,-210.8000000000003,273.0666666666663,15.0,80.0
1100.0,45,-238.65384615384625,302.23076923076906,26.0,70.0
1200.0,45,-273.15384615384625,314.1538461538459,13.0,64.0
1300.0,45,-305.47368421052624,330.89473684210503,19.0,64.0
1400.0,45,-338.74074074074076,340.99999999999994,27.0,70.0
1500.0,45,-376.33333333333337,355.05555555555554,18.0,64.0
1600.0,45,-407.00000000000006,365.5,22.0,64.0
1700.0,45,-437.7037037037038,378.7777777777778,27.0,72.0
1800.0,45,-476.03225806451616,388.77419354838713,31.0,70.0
1900.0,45,-510.02857142857147,401.88571428571436,35.0,72.0
2000.0,45,-550.1538461538462,402.96153846153845,26.0,64.0
2100.0,45,-585.0952380952382,399.142857142857,21.0,70.0
2200.0,45,-623.2307692307695,386.84615384615347,13.0,66.0
2300.0,45,-655.6000000000006,367.2999999999996,10.0,60.0
2400.0,45,-691.8461538461544,356.15384615384596,13.0,60.0
2500.0,45,-722.2105263157897,339.05263157894734,19.0,72.0
2600.0,45,-754.066666666667,317.8666666666667,15.0,62.0
2700.0,45,-787.3333333333336,303.9444444444445,18.0,68.0
2800.0,45,-815.9000000000005,284.80000000000007,10.0,58.0
2900.0,45,-853.416666666667,262.7499999999999,24.0,72.0
3000.0,45,-894.034482758621,249.20689655172407,29.0,70.0
3100.0,45,-921.5000000000006,224.9999999999999,16.0,62.0
3200.0,45,-951.1538461538466,200.3076923076922,13.0,68.0
3300.0,45,-980.4102564102566,175.35897435897434,39.0,80.0
3400.0,45,-1007.1724137931037,150.31034482758614,29.0,80.0
3500.0,45,-1033.2222222222226,123.11111111111117,18.0,62.0
3600.0,45,-1058.7692307692312,109.07692307692308,13.0,68.0
3700.0,45,-1090.7333333333333,90.79999999999997,15.0,66.0
3800.0,45,-1129.0000000000002,71.09090909090905,11.0,70.0
3900.0,45,-1163.5833333333333,49.49999999999985,12.0,62.0
4000.0,45,-1179.138888888889,14.083333333333327,36.0,76.0
4100.0,45,-1198.5384615384614,-15.230769230769212,13.0,64.0
4200.0,45,-1229.3636363636363,-37.40909090909081,22.0,68.0
4300.0,45,-1270.7241379310344,-57.517241379310214,29.0,78.0
4400.0,45,-1301.1176470588232,-73.70588235294105,17.0,60.0
4500.0,45,-1318.4347826086955,-107.0434782608694,23.0,74.0
4600.0,45,-1329.3749999999998,-146.68749999999972,16.0,60.0
4700.0,45,-1343.1666666666663,-189.41666666666606,12.0,62.0
4800.0,45,-1367.7599999999998,-229.51999999999967,25.0,72.0
4900.0,45,-1388.0344827586207,-257.6206896551723,29.0,76.0
5000.0,45,-1407.923076923077,-289.4615384615381,13.0,68.0
5100.0,45,-1422.4666666666667,-326.26666666666637,15.0,72.0
5200.0,45,-1440.7692307692307,-364.99999999999955,13.0,64.0
5300.0,45,-1455.3076923076922,-400.7692307692302,13.0,62.0
5400.0,45,-1472.142857142857,-443.47619047619,21.0,70.0
5500.0,45,-1490.6666666666667,-477.4999999999992,12.0,64.0
5600.0,45,-1510.4705882352941,-512.1764705882349,17.0,64.0
5700.0,45,-1530.304347826087,-542.6521739130433,23.0,70.0
5800.0,45,-1549.68,-576.8399999999998,25.0,68.0
5900.0,45,-1576.96,-610.7599999999998,25.0,78.0
6000.0,45,-1606.25,-628.8437499999999,32.0,70.0
6100.0,45,-1639.3571428571424,-640.2142857142853,14.0,64.0
6200.0,45,-1674.2499999999993,-652.8333333333328,12.0,58.0
6300.0,45,-1705.266666666666,-673.733333333333,15.0,68.0
6400.0,45,-1740.117647058823,-695.2941176470584,17.0,64.0
6500.0,45,-1776.8333333333328,-711.2916666666664,24.0,62.0
6600.0,45,-1810.9999999999993,-732.1764705882349,17.0,66.0
6700.0,45,-1844.1538461538453,-750.6153846153843,13.0,70.0
6800.0,45,-1876.9999999999995,-769.0952380952378,21.0,76.0
6900.0,45,-1914.461538461538,-786.7692307692306,26.0,82.0
7000.0,45,-1934.083333333333,-811.2916666666664,24.0,66.0
7100.0,45,-1945.1333333333328,-849.7999999999996,15.0,68.0
7200.0,45,-1957.3888888888885,-874.0555555555552,18.0,68.0
7300.0,45,-1971.8421052631575,-912.3684210526312,19.0,60.0
7400.0,45,-1981.2941176470583,-955.8235294117642,17.0,62.0
7500.0,45,-1988.8333333333328,-993.7777777777771,18.0,64.0
7600.0,45,-1997.9285714285709,-1031.2857142857135,14.0,66.0
7700.0,45,-2011.4545454545448,-1062.4545454545444,11.0,68.0
7800.0,45,-2038.363636363636,-1077.0909090909086,22.0,66.0
7900.0,45,-2075.7499999999995,-1090.2499999999993,16.0,70.0
8000.0,45,-2101.2857142857138,-1118.6190476190473,21.0,76.0
8100.0,45,-2111.187499999999,-1148.6249999999993,16.0,72.0
8200.0,45,-2123.8333333333326,-1190.9999999999993,18.0,68.0
8300.0,45,-2142.5263157894733,-1233.7368421052624,19.0,66.0
8400.0,45,-2181.636363636363,-1252.0909090909086,22.0,68.0
8500.0,45,-2216.6086956521735,-1256.1739130434776,23.0,68.0
8600.0,45,-2255.615384615384,-1268.0769230769217,13.0,60.0
8700.0,45,-2287.7727272727266,-1291.7727272727263,22.0,64.0
8800.0,45,-2316.2499999999995,-1316.349999999999,20.0,62.0
8900.0,45,-2343.380952380952,-1340.857142857142,21.0,68.0
9000.0,45,-2382.484848484848,-1368.1212121212116,33.0,82.0
9100.0,45,-2409.4705882352937,-1383.9999999999986,17.0,70.0
9200.0,45,-2450.9999999999995,-1405.7894736842093,19.0,64.0
9300.0,45,-2494.249999999999,-1424.5833333333312,12.0,60.0
9400.0,45,-2514.607142857142,-1446.6428571428562,28.0,68.0
9500.0,45,-2533.1111111111104,-1479.6666666666652,18.0,68.0
9600.0,45,-2556.9999999999995,-1511.6666666666652,18.0,64.0
9700.0,45,-2575.318181818181,-1541.9999999999989,22.0,80.0
9800.0,45,-2588.5999999999995,-1577.1333333333318,15.0,64.0
9900.0,45,-2607.0740740740735,-1600.6296296296287,27.0,70.0
10000.0,45,-2641.2380952380945,-1621.7619047619037,21.0,60.0
0.0,46,50.0,50.5,2.0,14.0
100.0,46,59.285714285714114,82.09523809523819,21.0,76.0
200.0,46,73.9999999999996,118.92307692307728,13.0,68.0
300.0,46,69.03571428571419,150.78571428571462,28.0,76.0
400.0,46,54.466666666666555,185.06666666666712,15.0,72.0
500.0,46,17.999999999999684,204.44444444444554,9.0,60.0
600.0,46,-18.227272727272847,211.81818181818215,22.0,56.0
700.0,46,-59.000000000000284,232.23529411764736,17.0,70.0
800.0,46,-97.35714285714346,253.85714285714295,14.0,60.0
900.0,46,-126.47619047619091,276.28571428571445,21.0,56.0
1000.0,46,-159.36842105263202,295.0526315789474,19.0,62.0
1100.0,46,-196.6923076923085,300.53846153846155,13.0,70.0
1200.0,46,-231.46666666666732,290.6666666666667,15.0,66.0
1300.0,46,-271.1818181818188,278.090909090909,11.0,62.0
1400.0,46,-310.9615384615387,270.576923076923,26.0,64.0
1500.0,46,-347.636363636364,264.22727272727263,22.0,64.0
1600.0,46,-389.2222222222232,247.11111111111066,9.0,62.0
1700.0,46,-420.8000000000005,215.4666666666664,15.0,60.0
1800.0,46,-461.23076923076985,192.5384615384613,13.0,58.0
1900.0,46,-484.72222222222257,176.4444444444444,18.0,60.0
2000.0,46,-519.9000000000001,165.09999999999997,30.0,66.0
2100.0,46,-559.769230769231,160.69230769230762,26.0,76.0
2200.0,46,-600.9375,159.24999999999994,32.0,78.0
2300.0,46,-642.0526315789474,151.36842105263145,19.0,54.0
2400.0,46,-675.7142857142858,142.21428571428564,14.0,66.0
2500.0,46,-703.8571428571429,132.5238095238094,21.0,72.0
2600.0,46,-744.0909090909093,125.13636363636365,22.0,74.0
2700.0,46,-783.3750000000002,114.2083333333333,24.0,70.0
2800.0,46,-821.6842105263161,104.94736842105249,19.0,66.0
2900.0,46,-860.9000000000005,90.79999999999977,10.0,62.0
3000.0,46,-883.5833333333337,74.91666666666642,12.0,66.0
3100.0,46,-912.0000000000006,55.4444444444442,9.0,60.0
3200.0,46,-920.0384615384617,12.999999999999956,26.0,72.0
3300.0,46,-924.3703703703704,-30.481481481481538,27.0,70.0
3400.0,46,-933.2666666666668,-68.93333333333355,15.0,66.0
3500.0,46,-940.0434782608697,-106.69565217391327,23.0,62.0
3600.0,46,-957.2121212121214,-132.51515151515167,33.0,74.0
3700.0,46,-987.0000000000003,-158.75000000000014,24.0,74.0
3800.0,46,-1026.6666666666674,-175.66666666666677,12.0,64.0
3900.0,46,-1056.6666666666677,-197.26666666666662,15.0,54.0
4000.0,46,-1081.0000000000005,-221.91304347826082,23.0,66.0
4100.0,46,-1112.0909090909097,-248.99999999999986,22.0,60.0
4200.0,46,-1137.500000000001,-277.6666666666664,12.0,60.0
4300.0,46,-1155.0625000000005,-311.5624999999998,16.0,68.0
4400.0,46,-1188.8461538461545,-331.8461538461536,13.0,66.0
4500.0,46,-1215.5000000000005,-335.68181818181813,22.0,74.0
4600.0,46,-1254.8846153846157,-336.38461538461524,26.0,76.0
4700.0,46,-1292.5833333333342,-352.7499999999998,12.0,70.0
4800.0,46,-1323.8333333333342,-364.33333333333314,12.0,58.0
4900.0,46,-1363.0000000000005,-378.24999999999983,20.0,64.0
5000.0,46,-1408.1052631578953,-386.3157894736841,19.0,62.0
5100.0,46,-1442.464285714286,-402.0714285714284,28.0,74.0
5200.0,46,-1478.7619047619053,-404.80952380952357,21.0,70.0
5300.0,46,-1521.5769230769235,-395.5384615384613,26.0,60.0
5400.0,46,-1560.8947368421059,-390.7894736842104,19.0,62.0
5500.0,46,-1599.692307692308,-388.8076923076921,26.0,60.0
5600.0,46,-1639.2941176470592,-380.70588235294105,17.0,70.0
5700.0,46,-1673.0909090909097,-356.99999999999983,11.0,56.0
5800.0,46,-1709.8888888888891,-352.1111111111112,18.0,64.0
5900.0,46,-1733.8181818181822,-321.0000000000001,11.0,64.0
6000.0,46,-1753.0625000000005,-285.50000000000017,16.0,68.0
6100.0,46,-1777.8888888888891,-259.13888888888897,36.0,70.0
6200.0,46,-1804.4444444444448,-225.4074074074075,27.0,64.0
6300.0,46,-1827.882352941177,-194.52941176470608,17.0,68.0
6400.0,46,-1844.0000000000002,-158.75757575757586,33.0,86.0
6500.0,46,-1863.5294117647063,-118.5882352941177,17.0,68.0
6600.0,46,-1878.9444444444448,-82.77777777777776,18.0,68.0
6700.0,46,-1894.200000000001,-47.799999999999656,10.0,62.0
6800.0,46,-1911.6428571428578,-9.857142857142563,14.0,62.0
6900.0,46,-1919.6153846153852,25.692307692307942,13.0,66.0
7000.0,46,-1938.9000000000005,57.70000000000012,20.0,68.0
7100.0,46,-1960.5652173913047,93.08695652173917,23.0,76.0
7200.0,46,-1979.2352941176473,119.88235294117655,17.0,66.0
7300.0,46,-2012.6296296296298,134.51851851851865,27.0,64.0
7400.0,46,-2051.8666666666672,147.13333333333338,15.0,60.0
7500.0,46,-2091.96,150.39999999999998,25.0,70.0
7600.0,46,-2132.5652173913045,147.73913043478262,23.0,68.0
7700.0,46,-2166.428571428572,150.142857142857,14.0,66.0
7800.0,46,-2198.615384615385,168.8461538461538,13.0,62.0
7900.0,46,-2233.083333333334,185.00000000000006,12.0,66.0
8000.0,46,-2264.352941176471,197.41176470588232,17.0,72.0
8100.0,46,-2298.333333333334,205.16666666666643,12.0,72.0
8200.0,46,-2328.6500000000005,229.44999999999982,20.0,74.0
8300.0,46,-2361.222222222223,257.4444444444441,9.0,58.0
8400.0,46,-2401.3030303030305,271.72727272727263,33.0,82.0
8500.0,46,-2436.076923076924,288.9999999999996,13.0,68.0
8600.0,46,-2468.133333333334,298.93333333333294,15.0,64.0
8700.0,46,-2503.562500000001,316.74999999999955,16.0,78.0
8800.0,46,-2538.157894736843,332.631578947368,19.0,62.0
8900.0,46,-2574.391304347827,348.4347826086952,23.0,70.0
9000.0,46,-2608.0588235294126,363.29411764705816,17.0,68.0
9100.0,46,-2638.321428571429,380.14285714285677,28.0,82.0
9200.0,46,-2673.0000000000014,392.74999999999926,12.0,58.0
9300.0,46,-2713.062500000001,411.8124999999994,16.0,68.0
9400.0,46,-2747.3478260869574,434.26086956521704,23.0,68.0
9500.0,46,-2788.8636363636374,452.6363636363632,22.0,66.0
9600.0,46,-2824.620689655173,464.62068965517216,29.0,76.0
9700.0,46,-2867.4444444444453,478.1111111111107,18.0,66.0
9800.0,46,-2902.4400000000005,498.9999999999997,25.0,64.0
9900.0,46,-2940.7777777777783,514.1851851851849,27.0,76.0
10000.0,46,-2978.6538461538466,526.1153846153842,26.0,68.0
0.0,47,50.0,50.0,1.0,8.0
100.0,47,15.411764705882392,37.47058823529405,17.0,64.0
200.0,47,-20.69565217391306,24.434782608695638,23.0,68.0
300.0,47,-55.720000000000034,20.119999999999937,25.0,64.0
400.0,47,-92.45161290322586,21.774193548387036,31.0,68.0
500.0,47,-130.84615384615395,35.23076923076897,13.0,64.0
600.0,47,-173.60869565217402,45.56521739130426,23.0,64.0
700.0,47,-215.34782608695664,58.73913043478257,23.0,68.0
800.0,47,-249.214285714286,76.85714285714273,14.0,62.0
900.0,47,-281.2500000000003,91.91666666666647,12.0,68.0
1000.0,47,-304.4400000000002,110.43999999999991,25.0,62.0
1100.0,47,-315.7037037037039,135.96296296296282,27.0,66.0
1200.0,47,-320.0000000000003,176.63157894736818,19.0,66.0
1300.0,47,-325.37500000000017,214.37499999999972,16.0,64.0
1400.0,47,-323.68181818181836,252.59090909090904,22.0,70.0
1500.0,47,-321.84210526315803,293.7894736842104,19.0,66.0
1600.0,47,-314.7857142857144,328.9285714285713,14.0,70.0
1700.0,47,-322.5454545454547,364.090909090909,22.0,70.0
1800.0,47,-345.86206896551744,389.4137931034482,29.0,74.0
1900.0,47,-364.20000000000044,424.66666666666646,15.0,56.0
2000.0,47,-372.7692307692313,461.1538461538458,13.0,60.0
2100.0,47,-386.76923076923134,490.3076923076918,13.0,70.0
2200.0,47,-403.6363636363643,527.1818181818173,11.0,62.0
2300.0,47,-423.95000000000056,556.9499999999994,20.0,68.0
2400.0,47,-444.4285714285723,588.499999999999,14.0,62.0
2500.0,47,-471.4210526315795,616.5789473684205,19.0,64.0
2600.0,47,-502.00000000000074,629.4117647058816,17.0,74.0
2700.0,47,-535.6111111111119,644.5555555555549,18.0,66.0
2800.0,47,-572.222222222223,655.1111111111104,18.0,66.0
2900.0,47,-599.8333333333344,671.4999999999989,12.0,60.0
3000.0,47,-631.6000000000005,699.7666666666662,30.0,72.0
3100.0,47,-667.1500000000008,717.4999999999992,20.0,68.0
3200.0,47,-703.8461538461551,733.6923076923068,13.0,70.0
3300.0,47,-737.611111111112,743.3888888888882,18.0,70.0
3400.0,47,-780.0312500000006,746.9062499999998,32.0,76.0
3500.0,47,-819.9677419354844,749.0322580645158,31.0,76.0
3600.0,47,-862.5000000000013,738.1666666666656,12.0,56.0
3700.0,47,-895.4210526315799,734.4736842105257,19.0,64.0
3800.0,47,-935.9333333333346,736.4666666666658,15.0,66.0
3900.0,47,-970.2352941176483,729.7058823529406,17.0,60.0
4000.0,47,-1003.1923076923085,721.6153846153843,26.0,72.0
4100.0,47,-1031.8461538461554,702.615384615384,13.0,64.0
4200.0,47,-1068.5714285714296,674.7619047619044,21.0,80.0
4300.0,47,-1110.6666666666683,658.0833333333325,12.0,62.0
4400.0,47,-1152.6000000000015,642.5333333333327,15.0,68.0
4500.0,47,-1189.2000000000014,619.3333333333327,15.0,60.0
4600.0,47,-1218.9375000000014,601.7499999999993,16.0,66.0
4700.0,47,-1256.5000000000011,586.9999999999995,20.0,56.0
4800.0,47,-1294.9583333333344,576.7916666666663,24.0,70.0
4900.0,47,-1336.7894736842118,565.1052631578943,19.0,78.0
5000.0,47,-1369.8333333333346,553.2222222222218,18.0,60.0
5100.0,47,-1405.1666666666683,545.3333333333328,12.0,68.0
5200.0,47,-1434.6250000000011,561.1874999999998,16.0,64.0
5300.0,47,-1457.000000000001,595.9047619047617,21.0,64.0
5400.0,47,-1473.8888888888907,628.2222222222217,9.0,62.0
5500.0,47,-1486.4705882352948,661.235294117647,17.0,64.0
5600.0,47,-1497.0416666666672,694.7083333333333,24.0,74.0
5700.0,47,-1515.3636363636374,733.0909090909091,11.0,64.0
5800.0,47,-1523.2500000000005,756.375,24.0,62.0
5900.0,47,-1533.6000000000013,796.1,10.0,62.0
6000.0,47,-1552.6666666666677,830.6666666666666,15.0,64.0
6100.0,47,-1565.8333333333346,864.8333333333335,12.0,66.0
6200.0,47,-1584.9090909090917,898.909090909091,22.0,72.0
6300.0,47,-1602.555555555556,927.0740740740742,27.0,76.0
6400.0,47,-1619.1666666666677,958.1111111111113,18.0,58.0
6500.0,47,-1626.666666666668,993.0833333333337,12.0,60.0
6600.0,47,-1629.285714285715,1022.3809523809526,21.0,72.0
6700.0,47,-1617.9523809523816,1039.0000000000002,21.0,66.0
6800.0,47,-1585.3750000000007,1022.9375000000001,16.0,70.0
6900.0,47,-1554.04347826087,1029.608695652174,23.0,66.0
7000.0,47,-1520.1250000000007,1041.9375,16.0,68.0
7100.0,47,-1486.1428571428576,1067.6190476190475,21.0,62.0
7200.0,47,-1456.100000000001,1090.7999999999997,10.0,60.0
7300.0,47,-1419.8888888888896,1105.3333333333333,18.0,72.0
7400.0,47,-1388.705882352942,1125.470588235294,17.0,76.0
7500.0,47,-1367.9130434782612,1160.1304347826085,23.0,80.0
7600.0,47,-1352.0312500000002,1196.59375,32.0,84.0
7700.0,47,-1336.3000000000002,1230.4666666666667,30.0,76.0
7800.0,47,-1330.5600000000002,1265.88,25.0,74.0
7900.0,47,-1323.4000000000003,1300.0000000000002,15.0,68.0
8000.0,47,-1309.7500000000005,1336.8750000000005,16.0,56.0
8100.0,47,-1288.4166666666672,1373.833333333334,12.0,70.0
8200.0,47,-1268.333333333334,1412.333333333334,12.0,60.0
8300.0,47,-1251.0476190476195,1453.7142857142862,21.0,72.0
8400.0,47,-1244.64,1491.2400000000005,25.0,70.0
8500.0,47,-1236.6666666666667,1534.619047619048,21.0,72.0
8600.0,47,-1220.7307692307693,1566.1153846153848,26.0,74.0
8700.0,47,-1207.2105263157896,1601.7368421052633,19.0,66.0
8800.0,47,-1187.0000000000002,1637.277777777778,18.0,68.0
8900.0,47,-1170.739130434783,1671.913043478261,23.0,70.0
9000.0,47,-1160.083333333334,1706.5833333333333,12.0,70.0
9100.0,47,-1142.5200000000004,1743.96,25.0,68.0
9200.0,47,-1127.2666666666673,1781.2666666666669,15.0,64.0
9300.0,47,-1114.7826086956527,1821.6521739130435,23.0,72.0
9400.0,47,-1101.555555555556,1855.3703703703704,27.0,74.0
9500.0,47,-1088.5882352941182,1894.0,17.0,68.0
9600.0,47,-1085.052631578948,1933.2105263157896,19.0,66.0
9700.0,47,-1079.142857142858,1970.357142857143,14.0,68.0
9800.0,47,-1065.3636363636372,2004.7272727272725,11.0,66.0
9900.0,47,-1046.733333333334,2029.9333333333332,15.0,62.0
10000.0,47,-1020.6896551724141,2061.655172413793,29.0,76.0
0.0,48,50.0,50.0,1.0,8.0
100.0,48,79.0769230769228,67.5384615384613,13.0,66.0
200.0,48,112.33333333333304,84.66666666666623,12.0,64.0
300.0,48,146.2222222222219,102.72222222222203,18.0,70.0
400.0,48,181.42857142857122,107.19047619047598,21.0,74.0
500.0,48,216.09999999999977,110.34999999999977,20.0,72.0
600.0,48,253.5925925925925,105.55555555555544,27.0,72.0
700.0,48,289.87499999999994,99.8333333333333,24.0,76.0
800.0,48,325.55172413793093,90.86206896551715,29.0,72.0
900.0,48,364.21428571428544,76.92857142857126,14.0,60.0
1000.0,48,405.9999999999998,61.399999999999906,20.0,66.0
1100.0,48,441.69565217391283,46.82608695652162,23.0,62.0
1200.0,48,471.6666666666665,26.08333333333295,12.0,64.0
1300.0,48,502.84999999999985,9.199999999999836,20.0,64.0
1400.0,48,534.8999999999996,-8.70000000000016,10.0,66.0
1500.0,48,548.3333333333334,-45.000000000000036,18.0,64.0
1600.0,48,564.3846153846154,-73.69230769230771,13.0,62.0
1700.0,48,582.2499999999998,-104.8333333333333,12.0,66.0
1800.0,48,625.7333333333331,-125.86666666666676,15.0,70.0
1900.0,48,664.5925925925924,-146.00000000000009,27.0,88.0
2000.0,48,700.0833333333329,-155.08333333333348,12.0,56.0
2100.0,48,741.3478260869562,-155.2608695652175,23.0,80.0
2200.0,48,775.9499999999995,-152.7000000000002,20.0,62.0
2300.0,48,816.1111111111104,-146.00000000000023,18.0,80.0
2400.0,48,856.9411764705875,-143.58823529411785,17.0,64.0
2500.0,48,890.2307692307687,-145.61538461538476,26.0,66.0
2600.0,48,928.1249999999995,-144.25000000000014,24.0,58.0
2700.0,48,971.6486486486483,-134.18918918918922,37.0,74.0
2800.0,48,1007.7619047619044,-122.0476190476192,21.0,84.0
2900.0,48,1039.6956521739128,-116.04347826086969,23.0,62.0
3000.0,48,1072.0624999999993,-102.68750000000009,16.0,74.0
3100.0,48,1080.884615384615,-68.65384615384627,26.0,74.0
3200.0,48,1098.0714285714278,-34.928571428571644,14.0,60.0
3300.0,48,1108.4642857142853,1.7142857142856087,28.0,68.0
3400.0,48,1120.3333333333333,36.857142857142804,21.0,70.0
3500.0,48,1132.0714285714282,77.07142857142834,14.0,66.0
3600.0,48,1151.1249999999998,112.93749999999977,16.0,66.0
3700.0,48,1159.9999999999995,149.99999999999977,14.0,62.0
3800.0,48,1172.05,188.17499999999998,40.0,82.0
3900.0,48,1187.8,228.2999999999999,10.0,66.0
4000.0,48,1201.8999999999999,261.95000000000005,20.0,70.0
4100.0,48,1222.818181818182,295.0000000000001,11.0,66.0
4200.0,48,1241.0555555555557,331.8888888888889,18.0,70.0
4300.0,48,1253.2400000000002,374.1999999999999,25.0,84.0
4400.0,48,1267.9523809523812,413.38095238095224,21.0,76.0
4500.0,48,1292.250000000001,445.6249999999995,8.0,54.0
4600.0,48,1308.6363636363644,472.1818181818178,11.0,66.0
4700.0,48,1316.8928571428573,514.7499999999999,28.0,74.0
4800.0,48,1327.521739130435,545.6956521739129,23.0,74.0
4900.0,48,1340.0769230769233,580.5769230769229,26.0,74.0
5000.0,48,1349.5609756097563,622.0975609756097,41.0,84.0
5100.0,48,1357.454545454546,664.8181818181815,22.0,74.0
5200.0,48,1369.4545454545462,705.5454545454542,11.0,62.0
5300.0,48,1400.2173913043482,733.1304347826084,23.0,68.0
5400.0,48,1438.1818181818182,749.1818181818176,11.0,60.0
5500.0,48,1474.0,759.1052631578943,19.0,62.0
5600.0,48,1512.764705882353,766.35294117647,17.0,64.0
5700.0,48,1550.764705882353,776.2352941176466,17.0,70.0
5800.0,48,1585.2307692307693,778.3461538461535,26.0,68.0
5900.0,48,1621.3478260869565,768.7826086956518,23.0,74.0
6000.0,48,1654.0,750.2631578947365,38.0,86.0
6100.0,48,1693.5714285714287,733.7142857142854,21.0,68.0
6200.0,48,1729.5357142857144,715.8571428571425,28.0,74.0
6300.0,48,1770.0000000000007,699.7999999999993,10.0,56.0
6400.0,48,1802.3571428571433,689.2142857142851,14.0,66.0
6500.0,48,1840.0000000000007,692.3499999999996,20.0,64.0
6600.0,48,1876.478260869566,688.6956521739127,23.0,76.0
6700.0,48,1920.0000000000011,696.2499999999995,16.0,66.0
6800.0,48,1941.0714285714298,724.4999999999994,14.0,68.0
6900.0,48,1957.07142857143,758.071428571428,14.0,66.0
7000.0,48,1974.875000000001,792.5416666666663,24.0,68.0
7100.0,48,1993.3000000000009,828.9499999999994,20.0,66.0
7200.0,48,2008.4166666666683,869.0833333333321,12.0,68.0
7300.0,48,2015.7500000000018,896.6666666666656,12.0,60.0
7400.0,48,2024.1578947368432,932.842105263157,19.0,66.0
7500.0,48,2036.695652173914,970.4782608695646,23.0,76.0
7600.0,48,2057.136363636365,1008.5454545454538,22.0,72.0
7700.0,48,2078.5142857142864,1036.4571428571423,35.0,82.0
7800.0,48,2091.120000000001,1055.6799999999994,25.0,68.0
7900.0,48,2123.1500000000015,1076.1499999999992,20.0,62.0
8000.0,48,2144.1176470588243,1094.85294117647,34.0,72.0
8100.0,48,2169.000000000001,1127.3333333333326,24.0,74.0
8200.0,48,2187.909090909092,1158.8636363636356,22.0,68.0
8300.0,48,2193.5000000000014,1197.624999999999,16.0,64.0
8400.0,48,2206.3750000000014,1232.3124999999989,16.0,72.0
8500.0,48,2220.0000000000014,1263.1874999999989,16.0,72.0
8600.0,48,2229.818181818184,1297.8181818181802,11.0,70.0
8700.0,48,2228.0625000000014,1336.6874999999989,16.0,64.0
8800.0,48,2228.391304347827,1372.5217391304338,23.0,64.0
8900.0,48,2211.833333333335,1408.222222222221,18.0,72.0
9000.0,48,2194.000000000002,1435.92857142857,14.0,62.0
9100.0,48,2155.42105263158,1456.4736842105253,19.0,64.0
9200.0,48,2119.5652173913054,1466.2173913043468,23.0,66.0
9300.0,48,2083.5789473684226,1478.2631578947357,19.0,76.0
9400.0,48,2067.444444444448,1507.3333333333308,9.0,56.0
9500.0,48,2047.2121212121222,1526.6060606060598,33.0,74.0
9600.0,48,2022.210526315791,1555.6842105263147,19.0,80.0
9700.0,48,2005.5714285714298,1591.4761904761895,21.0,64.0
9800.0,48,1980.761904761906,1613.6666666666656,21.0,64.0
9900.0,48,1961.2500000000011,1645.199999999999,20.0,76.0
10000.0,48,1958.8750000000014,1686.8749999999986,16.0,62.0
0.0,49,49.5,50.0,2.0,14.0
100.0,49,62.09677419354848,23.90322580645167,31.0,72.0
200.0,49,72.09523809523814,-9.809523809523697,21.0,74.0
300.0,49,88.99999999999994,-42.99999999999977,11.0,64.0
400.0,49,112.05000000000015,-72.74999999999993,20.0,74.0
500.0,49,141.923076923077,-87.07692307692304,13.0,62.0
600.0,49,182.89473684210543,-89.3157894736843,19.0,62.0
700.0,49,215.88888888888937,-106.88888888888917,9.0,62.0
800.0,49,255.07692307692332,-126.46153846153862,13.0,66.0
900.0,49,286.8333333333334,-144.08333333333354,12.0,56.0
1000.0,49,311.63157894736844,-166.1052631578949,19.0,66.0
1100.0,49,328.66666666666663,-196.2666666666668,15.0,72.0
1200.0,49,350.19230769230757,-223.73076923076934,26.0,62.0
1300.0,49,367.6363636363635,-254.09090909090918,22.0,72.0
1400.0,49,378.9999999999997,-288.55000000000007,20.0,74.0
1500.0,49,397.78124999999983,-322.71875,32.0,70.0
1600.0,49,409.59459459459447,-359.78378378378375,37.0,84.0
1700.0,49,402.42105263157856,-398.78947368421046,19.0,68.0
1800.0,49,385.5555555555548,-429.4444444444442,9.0,56.0
1900.0,49,368.7692307692303,-462.46153846153817,13.0,68.0
2000.0,49,333.09999999999945,-482.99999999999966,10.0,62.0
2100.0,49,298.77777777777766,-485.41666666666663,36.0,82.0
2200.0,49,257.75862068965495,-504.2413793103448,29.0,86.0
2300.0,49,231.9374999999999,-521.75,16.0,66.0
2400.0,49,186.63157894736827,-546.4210526315788,19.0,70.0
2500.0,49,156.55555555555537,-572.3888888888887,18.0,74.0
2600.0,49,143.24999999999946,-607.2499999999995,12.0,66.0
2700.0,49,126.9374999999996,-637.9999999999995,16.0,66.0
2800.0,49,110.27586206896541,-671.4482758620686,29.0,72.0
2900.0,49,96.3333333333329,-702.1999999999992,15.0,62.0
3000.0,49,87.69999999999968,-740.4499999999994,20.0,66.0
3100.0,49,75.08333333333265,-775.1666666666655,12.0,64.0
3200.0,49,61.3571428571426,-809.0357142857138,28.0,80.0
3300.0,49,49.77777777777757,-847.481481481481,27.0,72.0
3400.0,49,34.99999999999952,-883.9999999999992,15.0,66.0
3500.0,49,17.999999999999545,-918.9999999999992,17.0,64.0
3600.0,49,7.944444444444059,-950.4444444444437,18.0,68.0
3700.0,49,-1.2352941176474275,-973.9411764705874,17.0,66.0
3800.0,49,-29.33333333333381,-984.333333333332,12.0,60.0
3900.0,49,-73.00000000000016,-975.9642857142851,28.0,66.0
4000.0,49,-110.17647058823546,-965.6470588235283,17.0,58.0
4100.0,49,-139.84615384615404,-953.2307692307678,13.0,62.0
4200.0,49,-177.1666666666668,-946.11111111111,18.0,66.0
4300.0,49,-216.1250000000001,-934.0416666666657,24.0,72.0
4400.0,49,-260.1428571428574,-928.6190476190466,21.0,66.0
4500.0,49,-298.1600000000003,-935.319999999999,25.0,76.0
4600.0,49,-328.0000000000008,-951.0999999999973,10.0,62.0
4700.0,49,-355.92307692307725,-966.0769230769222,26.0,66.0
4800.0,49,-394.56250000000057,-983.6874999999985,16.0,64.0
4900.0,49,-426.3571428571435,-993.6428571428554,14.0,74.0
5000.0,49,-460.8235294117653,-998.7647058823516,17.0,66.0
5100.0,49,-499.75000000000045,-1001.6666666666658,24.0,64.0
5200.0,49,-537.7142857142861,-1013.3571428571421,28.0,66.0
5300.0,49,-574.4230769230774,-1033.3461538461531,26.0,78.0
5400.0,49,-616.3333333333343,-1050.4999999999982,12.0,62.0
5500.0,49,-653.5000000000007,-1072.1428571428557,14.0,70.0
5600.0,49,-686.9545454545457,-1087.590909090908,22.0,72.0
5700.0,49,-725.1052631578951,-1093.473684210525,19.0,70.0
5800.0,49,-763.6250000000003,-1087.249999999999,24.0,64.0
5900.0,49,-803.5238095238099,-1078.7619047619035,21.0,76.0
6000.0,49,-837.1739130434787,-1068.6956521739119,23.0,64.0
6100.0,49,-874.6875000000006,-1063.4374999999984,16.0,58.0
6200.0,49,-911.9166666666671,-1058.999999999999,24.0,66.0
6300.0,49,-951.5000000000008,-1065.6666666666647,12.0,58.0
6400.0,49,-988.8400000000004,-1076.639999999999,25.0,64.0
6500.0,49,-1030.7931034482763,-1094.344827586206,29.0,82.0
6600.0,49,-1068.6111111111118,-1116.9999999999989,18.0,72.0
6700.0,49,-1094.8333333333342,-1124.5833333333314,12.0,66.0
6800.0,49,-1136.9090909090914,-1113.9090909090899,22.0,60.0
6900.0,49,-1175.4666666666674,-1111.533333333332,15.0,64.0
7000.0,49,-1210.4375000000002,-1119.3124999999993,32.0,74.0
7100.0,49,-1249.4347826086962,-1128.5217391304336,23.0,68.0
7200.0,49,-1284.8125000000007,-1141.0624999999982,16.0,62.0
7300.0,49,-1315.1333333333341,-1158.7333333333315,15.0,62.0
7400.0,49,-1347.1500000000005,-1170.1499999999987,20.0,56.0
7500.0,49,-1378.652173913044,-1185.6521739130424,23.0,62.0
7600.0,49,-1410.6666666666672,-1212.6190476190463,21.0,62.0
7700.0,49,-1428.2307692307697,-1245.4615384615374,26.0,76.0
7800.0,49,-1418.2631578947376,-1276.8947368421038,19.0,66.0
7900.0,49,-1399.8333333333342,-1314.2499999999982,12.0,70.0
8000.0,49,-1389.8947368421059,-1355.7368421052618,19.0,70.0
8100.0,49,-1384.0500000000006,-1398.4999999999986,20.0,64.0
8200.0,49,-1397.909090909092,-1436.8181818181795,11.0,66.0
8300.0,49,-1412.5333333333342,-1467.1999999999982,15.0,62.0
8400.0,49,-1432.0000000000005,-1497.8260869565206,23.0,78.0
8500.0,49,-1460.5000000000005,-1520.7307692307681,26.0,72.0
8600.0,49,-1497.0000000000007,-1527.7692307692287,13.0,62.0
8700.0,49,-1537.0909090909101,-1543.4545454545432,11.0,64.0
8800.0,49,-1575.111111111112,-1557.7777777777765,18.0,62.0
8900.0,49,-1611.0555555555566,-1577.7222222222206,18.0,62.0
9000.0,49,-1640.6896551724144,-1605.793103448275,29.0,74.0
9100.0,49,-1676.9166666666674,-1629.9999999999989,24.0,62.0
9200.0,49,-1711.0000000000014,-1648.818181818179,11.0,64.0
9300.0,49,-1747.8461538461552,-1669.9999999999975,13.0,62.0
9400.0,49,-1786.8666666666677,-1681.5999999999979,15.0,54.0
9500.0,49,-1818.2222222222238,-1698.3333333333296,9.0,56.0
9600.0,49,-1859.1666666666679,-1710.5833333333308,12.0,64.0
9700.0,49,-1900.7000000000014,-1725.6999999999966,10.0,64.0
9800.0,49,-1921.9090909090924,-1763.090909090906,11.0,60.0
9900.0,49,-1941.6923076923088,-1803.7692307692284,13.0,60.0
10000.0,49,-1961.5294117647068,-1840.3529411764687,17.0,72.0
0.0,5,50.0,50.0,1.0,8.0
100.0,5,18.75862068965508,62.20689655172417,29.0,74.0
200.0,5,-12.315789473684262,77.84210526315788,19.0,68.0
300.0,5,-46.818181818181756,91.63636363636364,11.0,66.0
400.0,5,-83.09523809523812,100.52380952380955,21.0,66.0
500.0,5,-119.59999999999975,111.10000000000045,10.0,62.0
600.0,5,-149.99999999999983,138.29411764705912,17.0,68.0
700.0,5,-165.07142857142824,173.42857142857196,14.0,56.0
800.0,5,-171.2499999999999,204.4285714285717,28.0,70.0
900.0,5,-172.79166666666652,247.08333333333377,24.0,68.0
1000.0,5,-169.21739130434779,283.0434782608699,23.0,62.0
1100.0,5,-165.66666666666663,325.9047619047623,21.0,68.0
1200.0,5,-167.6428571428571,367.21428571428635,14.0,66.0
1300.0,5,-165.87499999999986,391.87500000000034,24.0,62.0
1400.0,5,-165.93548387096774,432.8709677419357,31.0,72.0
1500.0,5,-170.89473684210543,474.05263157894774,19.0,64.0
1600.0,5,-175.7368421052633,511.8947368421058,19.0,56.0
1700.0,5,-192.0769230769234,543.0769230769239,13.0,64.0
1800.0,5,-201.48275862068982,582.379310344828,29.0,80.0
1900.0,5,-225.7200000000002,609.3600000000005,25.0,74.0
2000.0,5,-259.00000000000017,623.8823529411771,17.0,64.0
2100.0,5,-290.57142857142867,634.7142857142863,14.0,66.0
2200.0,5,-327.9000000000002,653.700000000001,10.0,62.0
2300.0,5,-338.90909090909105,690.3636363636373,11.0,64.0
2400.0,5,-354.2142857142858,725.5000000000007,14.0,66.0
2500.0,5,-376.8333333333335,754.6666666666674,12.0,66.0
2600.0,5,-391.6818181818182,788.136363636364,22.0,70.0
2700.0,5,-413.1111111111111,824.6666666666678,9.0,66.0
2800.0,5,-423.4285714285714,854.8571428571433,21.0,68.0
2900.0,5,-433.590909090909,891.9090909090914,22.0,62.0
3000.0,5,-441.75757575757575,926.8484848484851,33.0,72.0
3100.0,5,-449.81249999999994,961.5000000000007,16.0,74.0
3200.0,5,-463.9999999999999,997.9375000000006,16.0,70.0
3300.0,5,-499.1538461538463,1020.8461538461546,13.0,64.0
3400.0,5,-540.2105263157895,1034.4736842105267,19.0,68.0
3500.0,5,-574.8947368421053,1054.8947368421057,19.0,70.0
3600.0,5,-605.3684210526316,1065.0000000000005,19.0,70.0
3700.0,5,-646.9999999999999,1069.3076923076928,13.0,64.0
3800.0,5,-680.4285714285713,1084.428571428572,14.0,64.0
3900.0,5,-717.8965517241379,1100.9655172413795,29.0,80.0
4000.0,5,-748.516129032258,1109.3225806451615,31.0,74.0
4100.0,5,-786.2105263157896,1122.0526315789477,19.0,66.0
4200.0,5,-812.9000000000001,1132.2666666666669,30.0,74.0
4300.0,5,-847.1818181818182,1128.545454545455,11.0,64.0
4400.0,5,-888.4444444444446,1118.851851851852,27.0,70.0
4500.0,5,-924.8000000000003,1101.7000000000003,10.0,64.0
4600.0,5,-951.8928571428572,1072.1785714285716,28.0,66.0
4700.0,5,-970.7857142857144,1036.5000000000005,14.0,66.0
4800.0,5,-982.1600000000001,997.6000000000003,25.0,64.0
4900.0,5,-1007.5000000000001,972.1538461538463,26.0,82.0
5000.0,5,-1025.2666666666669,945.1333333333334,15.0,60.0
5100.0,5,-1044.1111111111113,908.388888888889,18.0,66.0
5200.0,5,-1054.1764705882354,876.9411764705883,17.0,62.0
5300.0,5,-1070.6923076923078,841.0000000000001,13.0,62.0
5400.0,5,-1083.1764705882354,805.823529411765,17.0,66.0
5500.0,5,-1113.2857142857144,787.3571428571432,14.0,58.0
5600.0,5,-1149.266666666667,770.4000000000003,15.0,60.0
5700.0,5,-1169.3333333333335,733.2000000000003,15.0,60.0
5800.0,5,-1187.0000000000005,692.4000000000003,10.0,60.0
5900.0,5,-1207.4,657.266666666667,15.0,68.0
6000.0,5,-1221.4117647058824,619.9411764705884,34.0,82.0
6100.0,5,-1245.1,588.0500000000003,20.0,66.0
6200.0,5,-1264.0,550.571428571429,14.0,58.0
6300.0,5,-1276.6153846153845,513.8205128205129,39.0,80.0
6400.0,5,-1290.4814814814815,479.0370370370371,27.0,78.0
6500.0,5,-1318.6521739130433,455.9565217391305,23.0,74.0
6600.0,5,-1351.0399999999997,452.84000000000003,25.0,68.0
6700.0,5,-1391.4615384615379,457.1538461538463,13.0,68.0
6800.0,5,-1425.4999999999995,467.5714285714286,14.0,68.0
6900.0,5,-1463.4615384615379,475.6923076923076,13.0,66.0
7000.0,5,-1503.1904761904757,479.3809523809524,21.0,64.0
7100.0,5,-1541.4285714285706,490.3571428571429,14.0,74.0
7200.0,5,-1577.4499999999996,509.4499999999999,20.0,68.0
7300.0,5,-1608.7777777777776,529.3703703703703,27.0,68.0
7400.0,5,-1650.2307692307686,546.9230769230768,13.0,70.0
7500.0,5,-1680.1379310344826,564.4137931034481,29.0,76.0
7600.0,5,-1714.3684210526312,578.2105263157894,19.0,62.0
7700.0,5,-1745.1666666666663,596.4166666666663,12.0,68.0
7800.0,5,-1771.7142857142856,623.3571428571423,14.0,60.0
7900.0,5,-1800.9199999999998,646.7599999999998,25.0,72.0
8000.0,5,-1835.4999999999995,660.3124999999997,16.0,74.0
8100.0,5,-1869.5714285714282,675.642857142857,14.0,66.0
8200.0,5,-1910.1764705882351,696.3529411764704,17.0,72.0
8300.0,5,-1940.4666666666665,705.1333333333332,15.0,66.0
8400.0,5,-1987.458333333333,719.7083333333333,24.0,66.0
8500.0,5,-2022.9999999999998,742.8749999999999,16.0,66.0
8600.0,5,-2058.7142857142853,756.2142857142854,14.0,62.0
8700.0,5,-2080.642857142857,774.9285714285712,14.0,68.0
8800.0,5,-2095.9999999999995,807.2307692307689,13.0,56.0
8900.0,5,-2108.384615384615,838.8461538461536,13.0,64.0
9000.0,5,-2125.6956521739125,873.6956521739128,23.0,66.0
9100.0,5,-2139.0624999999995,909.1874999999997,16.0,62.0
9200.0,5,-2156.7857142857138,945.4999999999994,14.0,66.0
9300.0,5,-2170.6,980.4999999999997,20.0,68.0
9400.0,5,-2180.333333333333,1013.3333333333328,12.0,66.0
9500.0,5,-2206.0588235294113,1036.647058823529,17.0,64.0
9600.0,5,-2228.8823529411757,1068.882352941176,17.0,72.0
9700.0,5,-2244.583333333333,1103.3749999999995,24.0,62.0
9800.0,5,-2260.166666666666,1139.3333333333326,12.0,62.0
9900.0,5,-2281.2142857142853,1166.071428571428,14.0,62.0
10000.0,5,-2301.523809523809,1192.523809523809,21.0,62.0
0.0,50,49.25,50.5,4.0,24.0
100.0,50,34.83333333333339,83.08333333333344,12.0,56.0
200.0,50,7.866666666666614,98.06666666666685,15.0,58.0
300.0,50,-22.23076923076924,111.26923076923094,26.0,78.0
400.0,50,-55.083333333333535,101.33333333333373,12.0,64.0
500.0,50,-77.31250000000031,96.62500000000026,16.0,66.0
600.0,50,-113.82352941176492,108.4117647058825,17.0,66.0
700.0,50,-142.88888888888906,141.33333333333337,27.0,80.0
800.0,50,-156.0588235294121,177.76470588235293,17.0,70.0
900.0,50,-169.07142857142892,216.14285714285708,14.0,62.0
1000.0,50,-184.6000000000003,251.39999999999992,15.0,70.0
1100.0,50,-202.1304347826089,276.04347826086945,23.0,74.0
1200.0,50,-232.69230769230802,304.15384615384596,13.0,64.0
1300.0,50,-250.8695652173913,338.82608695652146,23.0,74.0
1400.0,50,-264.80000000000007,376.3999999999993,10.0,58.0
1500.0,50,-276.9310344827586,416.7241379310342,29.0,76.0
1600.0,50,-293.7272727272724,457.9090909090902,11.0,70.0
1700.0,50,-321.35294117647044,483.4705882352937,17.0,60.0
1800.0,50,-364.1666666666666,500.9999999999995,12.0,64.0
1900.0,50,-399.1785714285715,518.285714285714,28.0,72.0
2000.0,50,-434.0526315789475,526.5789473684207,19.0,74.0
2100.0,50,-466.50000000000034,540.7499999999998,12.0,56.0
2200.0,50,-509.8214285714288,560.3571428571428,28.0,82.0
2300.0,50,-551.416666666667,569.9166666666665,24.0,72.0
2400.0,50,-580.0952380952384,582.0476190476189,21.0,60.0
2500.0,50,-609.636363636364,599.4545454545454,22.0,70.0
2600.0,50,-648.9375000000005,608.5,16.0,80.0
2700.0,50,-688.945945945946,616.918918918919,37.0,80.0
2800.0,50,-731.9583333333335,612.2916666666667,24.0,68.0
2900.0,50,-765.5000000000003,580.5625000000001,16.0,60.0
3000.0,50,-774.0833333333336,542.8333333333335,12.0,64.0
3100.0,50,-800.8333333333336,508.50000000000017,18.0,64.0
3200.0,50,-816.0000000000002,473.68181818181836,22.0,74.0
3300.0,50,-834.7777777777782,439.55555555555605,9.0,64.0
3400.0,50,-857.0526315789476,412.263157894737,19.0,62.0
3500.0,50,-878.466666666667,385.0666666666669,15.0,64.0
3600.0,50,-902.4166666666667,353.7916666666669,24.0,84.0
3700.0,50,-913.5384615384617,318.3846153846159,13.0,66.0
3800.0,50,-930.1764705882354,288.70588235294156,17.0,80.0
3900.0,50,-942.3333333333335,247.87500000000026,24.0,74.0
4000.0,50,-947.0,215.23076923076965,13.0,66.0
4100.0,50,-960.0000000000005,179.5555555555563,9.0,54.0
4200.0,50,-981.2222222222224,142.666666666667,18.0,60.0
4300.0,50,-994.3684210526317,105.31578947368466,19.0,64.0
4400.0,50,-1008.2692307692307,65.92307692307733,26.0,68.0
4500.0,50,-1028.2,33.30000000000125,10.0,64.0
4600.0,50,-1064.0,14.055555555556206,18.0,60.0
4700.0,50,-1106.2592592592594,7.962962962963325,27.0,70.0
4800.0,50,-1146.4399999999998,4.840000000000373,25.0,66.0
4900.0,50,-1176.857142857143,1.1785714285716478,28.0,70.0
5000.0,50,-1214.6153846153845,-8.999999999999403,13.0,74.0
5100.0,50,-1237.7894736842106,-39.473684210526,19.0,68.0
5200.0,50,-1252.7777777777778,-71.99999999999915,9.0,52.0
5300.0,50,-1275.9444444444443,-82.44444444444409,18.0,72.0
5400.0,50,-1307.6363636363633,-93.8181818181813,11.0,60.0
5500.0,50,-1341.533333333333,-105.53333333333288,15.0,64.0
5600.0,50,-1375.1111111111106,-125.33333333333267,9.0,60.0
5700.0,50,-1418.384615384615,-141.46153846153794,13.0,74.0
5800.0,50,-1456.478260869565,-154.3913043478259,23.0,66.0
5900.0,50,-1495.0909090909088,-161.40909090909062,22.0,78.0
6000.0,50,-1530.0588235294115,-176.99999999999955,17.0,68.0
6100.0,50,-1567.9090909090905,-197.2272727272724,22.0,72.0
6200.0,50,-1596.7419354838707,-205.80645161290306,31.0,72.0
6300.0,50,-1635.9642857142856,-213.1428571428569,28.0,68.0
6400.0,50,-1667.1538461538455,-224.38461538461493,13.0,60.0
6500.0,50,-1695.1153846153843,-232.80769230769218,26.0,74.0
6600.0,50,-1728.8571428571427,-261.0476190476191,21.0,70.0
6700.0,50,-1742.9259259259259,-294.59259259259267,27.0,66.0
6800.0,50,-1745.4761904761904,-329.4285714285714,21.0,60.0
6900.0,50,-1729.9230769230765,-364.5384615384616,13.0,62.0
7000.0,50,-1711.2499999999998,-389.25000000000006,20.0,64.0
7100.0,50,-1690.8571428571424,-423.35714285714295,14.0,62.0
7200.0,50,-1672.9130434782605,-458.8695652173912,23.0,74.0
7300.0,50,-1660.9444444444441,-494.77777777777754,18.0,72.0
7400.0,50,-1644.5555555555552,-530.7777777777776,18.0,68.0
7500.0,50,-1622.2307692307686,-571.8461538461537,13.0,62.0
7600.0,50,-1599.5789473684206,-600.2631578947367,19.0,68.0
7700.0,50,-1583.9599999999998,-641.92,25.0,64.0
7800.0,50,-1575.4444444444441,-669.5185185185185,27.0,74.0
7900.0,50,-1572.5925925925924,-708.5185185185185,27.0,70.0
8000.0,50,-1576.375,-751.7916666666666,24.0,64.0
8100.0,50,-1587.2307692307693,-791.1538461538462,26.0,68.0
8200.0,50,-1603.6,-826.3333333333335,15.0,66.0
8300.0,50,-1631.6111111111109,-858.0555555555558,18.0,54.0
8400.0,50,-1655.4166666666667,-890.7500000000001,24.0,76.0
8500.0,50,-1669.5500000000002,-926.1999999999999,20.0,70.0
8600.0,50,-1685.9411764705885,-966.2941176470589,17.0,70.0
8700.0,50,-1701.3076923076924,-997.3846153846155,13.0,68.0
8800.0,50,-1715.8125000000002,-1032.4375000000002,16.0,64.0
8900.0,50,-1728.0,-1069.0952380952383,21.0,68.0
9000.0,50,-1737.0800000000002,-1109.24,25.0,70.0
9100.0,50,-1743.3529411764707,-1145.5294117647059,17.0,74.0
9200.0,50,-1761.2,-1184.6999999999998,20.0,82.0
9300.0,50,-1784.8064516129032,-1216.516129032258,31.0,66.0
9400.0,50,-1808.608695652174,-1250.2608695652173,23.0,62.0
9500.0,50,-1828.3076923076926,-1288.6923076923074,13.0,70.0
9600.0,50,-1850.2857142857144,-1315.0952380952378,21.0,62.0
9700.0,50,-1873.0000000000002,-1344.3684210526314,19.0,76.0
9800.0,50,-1883.5769230769233,-1373.653846153846,26.0,72.0
9900.0,50,-1892.3571428571431,-1407.4285714285713,14.0,62.0
10000.0,50,-1918.3846153846157,-1441.6923076923074,13.0,68.0
0.0,51,50.0,50.0,1.0,8.0
100.0,51,33.84999999999989,77.90000000000002,20.0,68.0
200.0,51,18.968749999999904,114.34375,32.0,82.0
300.0,51,3.461538461538304,153.4615384615383,13.0,74.0
400.0,51,-13.875000000000057,185.24999999999991,16.0,60.0
500.0,51,-32.999999999999986,218.21428571428558,14.0,68.0
600.0,51,-53.652173913043406,253.91304347826085,23.0,76.0
700.0,51,-70.13636363636364,288.77272727272725,22.0,72.0
800.0,51,-87.42105263157886,326.84210526315775,19.0,62.0
900.0,51,-104.62499999999983,362.87499999999983,16.0,72.0
1000.0,51,-128.82352941176453,390.1176470588233,17.0,64.0
1100.0,51,-157.9999999999999,398.35714285714255,14.0,68.0
1200.0,51,-189.99999999999991,399.42857142857116,14.0,58.0
1300.0,51,-223.91666666666669,381.99999999999983,24.0,62.0
1400.0,51,-256.9523809523809,360.61904761904736,21.0,74.0
1500.0,51,-296.87499999999994,336.34999999999985,40.0,74.0
1600.0,51,-334.9393939393939,324.42424242424227,33.0,78.0
1700.0,51,-375.52941176470574,317.4705882352937,17.0,70.0
1800.0,51,-416.33333333333303,300.8333333333328,12.0,60.0
1900.0,51,-453.6363636363633,293.45454545454487,11.0,70.0
2000.0,51,-489.49999999999994,281.0714285714282,14.0,68.0
2100.0,51,-529.9285714285716,267.99999999999966,14.0,68.0
2200.0,51,-565.4,251.93333333333294,15.0,68.0
2300.0,51,-600.1666666666666,234.8333333333328,12.0,66.0
2400.0,51,-630.1666666666667,221.5833333333328,12.0,64.0
2500.0,51,-660.2666666666669,222.39999999999944,15.0,66.0
2600.0,51,-697.1538461538464,235.99999999999943,13.0,64.0
2700.0,51,-727.3500000000001,262.89999999999964,20.0,74.0
2800.0,51,-754.0,292.53333333333296,15.0,74.0
2900.0,51,-772.4999999999999,317.7142857142852,14.0,66.0
3000.0,51,-803.2499999999999,336.08333333333263,12.0,66.0
3100.0,51,-834.6666666666666,344.8148148148145,27.0,68.0
3200.0,51,-870.3333333333333,357.8666666666662,15.0,72.0
3300.0,51,-895.3888888888889,372.91666666666646,36.0,70.0
3400.0,51,-943.4705882352941,386.0588235294113,17.0,70.0
3500.0,51,-968.421052631579,406.8421052631575,19.0,70.0
3600.0,51,-998.6666666666666,433.58333333333303,24.0,78.0
3700.0,51,-1021.3333333333334,462.8888888888886,18.0,64.0
3800.0,51,-1039.8235294117646,493.882352941176,17.0,58.0
3900.0,51,-1049.7272727272727,529.6363636363633,22.0,76.0
4000.0,51,-1059.6363636363637,567.727272727272,11.0,62.0
4100.0,51,-1086.7407407407409,603.9259259259255,27.0,72.0
4200.0,51,-1100.8421052631581,642.1052631578942,19.0,64.0
4300.0,51,-1112.727272727273,679.454545454545,22.0,62.0
4400.0,51,-1128.0909090909095,719.9090909090901,11.0,56.0
4500.0,51,-1143.7058823529414,755.7647058823524,17.0,68.0
4600.0,51,-1151.1200000000001,798.0799999999996,25.0,68.0
4700.0,51,-1168.5000000000002,836.9999999999992,16.0,66.0
4800.0,51,-1185.6315789473688,872.9999999999994,19.0,70.0
4900.0,51,-1201.2105263157898,908.8947368421047,19.0,62.0
5000.0,51,-1223.4090909090912,939.8636363636359,22.0,78.0
5100.0,51,-1247.935483870968,964.58064516129,31.0,76.0
5200.0,51,-1281.8750000000005,976.9374999999995,16.0,70.0
5300.0,51,-1317.5454545454554,996.1818181818173,11.0,64.0
5400.0,51,-1351.8400000000004,1014.3599999999997,25.0,78.0
5500.0,51,-1384.9166666666674,1032.3333333333326,12.0,60.0
5600.0,51,-1418.5789473684215,1040.368421052631,19.0,72.0
5700.0,51,-1456.0000000000007,1055.7999999999995,20.0,58.0
5800.0,51,-1489.6666666666677,1073.4999999999993,12.0,70.0
5900.0,51,-1520.642857142858,1090.6428571428564,14.0,66.0
6000.0,51,-1551.6428571428582,1110.0714285714275,14.0,68.0
6100.0,51,-1581.187500000001,1129.9999999999993,16.0,64.0
6200.0,51,-1616.400000000001,1155.599999999999,15.0,64.0
6300.0,51,-1645.7142857142862,1175.9999999999995,21.0,60.0
6400.0,51,-1678.3076923076928,1200.9999999999995,26.0,78.0
6500.0,51,-1711.625000000001,1211.2499999999995,16.0,74.0
6600.0,51,-1744.7333333333345,1224.1999999999994,15.0,68.0
6700.0,51,-1758.6400000000008,1254.7999999999995,25.0,60.0
6800.0,51,-1765.2413793103453,1291.8965517241377,29.0,78.0
6900.0,51,-1766.058823529413,1333.4705882352935,17.0,68.0
7000.0,51,-1770.7500000000011,1370.9999999999993,16.0,60.0
7100.0,51,-1791.529411764707,1413.0588235294113,17.0,62.0
7200.0,51,-1811.4230769230776,1451.884615384615,26.0,82.0
7300.0,51,-1825.8800000000008,1484.2399999999993,25.0,72.0
7400.0,51,-1845.0952380952388,1521.1904761904755,21.0,70.0
7500.0,51,-1862.6666666666674,1558.999999999999,21.0,60.0
7600.0,51,-1877.7692307692319,1594.230769230768,13.0,64.0
7700.0,51,-1901.3333333333346,1629.2499999999986,12.0,76.0
7800.0,51,-1914.478260869566,1665.1739130434776,23.0,70.0
7900.0,51,-1926.8461538461554,1703.9230769230753,13.0,64.0
8000.0,51,-1950.5789473684222,1738.8421052631568,19.0,70.0
8100.0,51,-1976.466666666668,1750.9999999999986,15.0,64.0
8200.0,51,-2013.07142857143,1776.7857142857129,14.0,68.0
8300.0,51,-2049.1250000000014,1791.5624999999989,16.0,78.0
8400.0,51,-2078.8125000000014,1807.8749999999989,16.0,58.0
8500.0,51,-2108.9230769230785,1829.6153846153832,13.0,66.0
8600.0,51,-2147.3333333333344,1844.809523809523,21.0,80.0
8700.0,51,-2183.250000000001,1861.099999999999,20.0,66.0
8800.0,51,-2221.4545454545473,1881.1818181818167,11.0,62.0
8900.0,51,-2259.23076923077,1882.26923076923,26.0,70.0
9000.0,51,-2300.083333333335,1891.9166666666654,12.0,68.0
9100.0,51,-2333.7619047619055,1909.4761904761897,21.0,72.0
9200.0,51,-2371.8095238095243,1926.7142857142849,21.0,70.0
9300.0,51,-2408.391304347827,1940.608695652173,23.0,68.0
9400.0,51,-2444.0370370370374,1945.814814814814,27.0,72.0
9500.0,51,-2475.2000000000007,1956.9333333333323,15.0,70.0
9600.0,51,-2511.518518518519,1958.4814814814808,27.0,72.0
9700.0,51,-2551.1428571428582,1961.1428571428557,14.0,64.0
9800.0,51,-2579.416666666667,1982.4583333333326,24.0,62.0
9900.0,51,-2611.666666666668,2007.7499999999986,12.0,62.0
10000.0,51,-2628.666666666668,2043.9166666666656,12.0,68.0
0.0,52,49.666666666666664,50.0,3.0,20.0
100.0,52,52.64285714285717,85.21428571428548,14.0,70.0
200.0,52,61.458333333333336,128.5833333333331,24.0,68.0
300.0,52,71.57142857142833,166.14285714285703,21.0,68.0
400.0,52,88.60869565217375,206.1304347826085,23.0,80.0
500.0,52,110.92857142857127,238.60714285714278,28.0,74.0
600.0,52,125.36363636363572,280.36363636363603,11.0,64.0
700.0,52,141.76470588235264,320.9411764705881,17.0,74.0
800.0,52,161.9999999999994,353.6999999999997,10.0,60.0
900.0,52,183.99999999999957,388.4999999999999,14.0,66.0
1000.0,52,199.72222222222183,423.83333333333337,18.0,66.0
1100.0,52,206.133333333333,459.20000000000016,15.0,66.0
1200.0,52,216.69999999999968,497.0000000000003,10.0,62.0
1300.0,52,224.49999999999957,531.8333333333335,12.0,62.0
1400.0,52,241.88888888888835,568.8888888888891,9.0,60.0
1500.0,52,264.428571428571,597.5714285714288,14.0,58.0
1600.0,52,273.2222222222215,628.3333333333337,9.0,58.0
1700.0,52,296.85714285714266,659.8214285714286,28.0,74.0
1800.0,52,317.7499999999995,680.4166666666669,12.0,64.0
1900.0,52,335.6923076923073,716.2307692307693,13.0,68.0
2000.0,52,361.99999999999943,746.5384615384617,13.0,52.0
2100.0,52,382.1999999999993,779.6,10.0,62.0
2200.0,52,403.42857142857093,814.7142857142858,14.0,66.0
2300.0,52,415.62499999999966,842.5,16.0,62.0
2400.0,52,431.733333333333,876.8666666666667,15.0,56.0
2500.0,52,444.928571428571,909.2142857142856,14.0,68.0
2600.0,52,467.57142857142816,939.9523809523808,21.0,70.0
2700.0,52,493.99999999999966,964.8620689655172,29.0,66.0
2800.0,52,528.1428571428563,978.2142857142854,14.0,72.0
2900.0,52,555.8749999999995,998.3749999999999,24.0,68.0
3000.0,52,586.0624999999992,1015.1874999999998,16.0,68.0
3100.0,52,625.8695652173908,1026.6956521739128,23.0,74.0
3200.0,52,658.699999999999,1038.1999999999994,10.0,64.0
3300.0,52,692.1333333333326,1058.1999999999996,15.0,66.0
3400.0,52,731.0416666666662,1070.7499999999998,24.0,60.0
3500.0,52,767.6999999999986,1086.999999999999,10.0,62.0
3600.0,52,792.9999999999994,1108.6551724137928,29.0,66.0
3700.0,52,831.8333333333327,1122.1249999999995,24.0,74.0
3800.0,52,865.5999999999983,1136.799999999999,10.0,68.0
3900.0,52,896.9285714285702,1149.8571428571422,14.0,76.0
4000.0,52,932.9285714285708,1161.785714285714,28.0,72.0
4100.0,52,974.5806451612898,1170.290322580645,31.0,70.0
4200.0,52,1017.2222222222217,1173.37037037037,27.0,70.0
4300.0,52,1054.899999999998,1160.499999999999,10.0,62.0
4400.0,52,1075.7272727272718,1130.2272727272725,22.0,66.0
4500.0,52,1103.0624999999993,1091.75,32.0,82.0
4600.0,52,1120.6666666666656,1053.7619047619044,21.0,60.0
4700.0,52,1133.4545454545444,1021.0454545454542,22.0,74.0
4800.0,52,1145.7307692307684,983.4999999999997,26.0,76.0
4900.0,52,1156.814814814814,951.1851851851849,27.0,72.0
5000.0,52,1173.5937499999993,915.5312499999998,32.0,86.0
5100.0,52,1194.6249999999986,878.4374999999998,16.0,76.0
5200.0,52,1213.0769230769213,844.3076923076919,13.0,68.0
5300.0,52,1248.8749999999984,817.4999999999998,16.0,68.0
5400.0,52,1285.249999999999,808.9166666666665,24.0,72.0
5500.0,52,1317.0999999999979,797.0999999999995,10.0,64.0
5600.0,52,1350.6666666666652,773.5999999999996,15.0,66.0
5700.0,52,1364.22222222222,740.6666666666663,9.0,60.0
5800.0,52,1374.090909090908,710.5909090909089,22.0,62.0
5900.0,52,1399.0833333333326,687.7083333333331,24.0,70.0
6000.0,52,1431.7894736842095,668.7894736842102,19.0,74.0
6100.0,52,1466.8333333333326,658.6666666666665,24.0,78.0
6200.0,52,1508.3421052631575,653.6842105263156,38.0,80.0
6300.0,52,1544.857142857142,637.6190476190474,21.0,62.0
6400.0,52,1576.9999999999993,619.2187499999999,32.0,72.0
6500.0,52,1612.722222222221,609.0555555555554,18.0,68.0
6600.0,52,1636.6249999999986,587.4999999999998,16.0,64.0
6700.0,52,1655.0555555555543,551.0555555555554,18.0,66.0
6800.0,52,1677.0499999999988,518.35,20.0,70.0
6900.0,52,1675.9999999999993,481.4814814814816,27.0,70.0
7000.0,52,1668.7692307692296,443.3076923076926,13.0,64.0
7100.0,52,1646.599999999999,410.8000000000002,15.0,70.0
7200.0,52,1623.0740740740737,384.0000000000002,27.0,76.0
7300.0,52,1603.9499999999994,351.9500000000001,20.0,62.0
7400.0,52,1594.923076923076,312.61538461538487,13.0,66.0
7500.0,52,1590.6499999999994,277.95,20.0,68.0
7600.0,52,1584.0370370370365,241.5925925925927,27.0,74.0
7700.0,52,1571.6666666666656,202.1666666666666,12.0,68.0
7800.0,52,1545.3809523809516,171.4761904761904,21.0,68.0
7900.0,52,1520.1999999999994,135.88000000000005,25.0,66.0
8000.0,52,1497.6176470588232,106.41176470588228,34.0,78.0
8100.0,52,1479.4285714285706,76.14285714285685,21.0,74.0
8200.0,52,1455.9166666666656,43.66666666666609,12.0,68.0
8300.0,52,1428.7999999999993,17.33333333333301,15.0,60.0
8400.0,52,1404.937499999999,-12.125000000000398,16.0,62.0
8500.0,52,1387.7777777777771,-53.50000000000023,18.0,66.0
8600.0,52,1367.7368421052624,-92.57894736842124,19.0,64.0
8700.0,52,1355.7999999999993,-132.65000000000015,20.0,70.0
8800.0,52,1341.1333333333323,-170.46666666666675,15.0,70.0
8900.0,52,1320.545454545453,-204.72727272727263,11.0,68.0
9000.0,52,1308.1999999999987,-244.06666666666663,15.0,76.0
9100.0,52,1281.7333333333322,-279.0666666666666,15.0,60.0
9200.0,52,1262.8484848484843,-311.21212121212113,33.0,72.0
9300.0,52,1252.0999999999992,-342.8999999999999,20.0,66.0
9400.0,52,1244.1363636363628,-387.59090909090924,22.0,62.0
9500.0,52,1231.2666666666655,-422.2000000000003,15.0,64.0
9600.0,52,1211.5999999999985,-461.4000000000005,10.0,66.0
9700.0,52,1195.187499999999,-493.81250000000034,16.0,68.0
9800.0,52,1183.437499999999,-532.1875000000003,16.0,74.0
9900.0,52,1155.3999999999992,-549.4800000000004,25.0,72.0
10000.0,52,1121.70588235294,-571.0000000000005,17.0,80.0
0.0,53,50.2,50.2,5.0,30.0
100.0,53,18.705882352941245,55.294117647058904,17.0,68.0
200.0,53,-18.2068965517241,60.068965517241445,29.0,74.0
300.0,53,-58.23529411764702,63.23529411764703,17.0,66.0
400.0,53,-97.56666666666663,62.6666666666667,30.0,64.0
500.0,53,-139.92857142857122,68.14285714285747,14.0,68.0
600.0,53,-176.74999999999977,77.12500000000016,16.0,62.0
700.0,53,-209.4285714285711,65.14285714285724,14.0,62.0
800.0,53,-248.13333333333307,50.000000000000135,15.0,60.0
900.0,53,-276.6666666666664,35.083333333333464,12.0,60.0
1000.0,53,-309.8260869565215,11.434782608695711,23.0,78.0
1100.0,53,-349.78947368421035,-4.7894736842102645,19.0,70.0
1200.0,53,-382.88235294117624,-30.117647058823266,17.0,80.0
1300.0,53,-421.3999999999997,-48.46666666666636,15.0,64.0
1400.0,53,-464.83333333333314,-61.99999999999978,12.0,68.0
1500.0,53,-498.705882352941,-80.6470588235293,17.0,66.0
1600.0,53,-529.7647058823529,-96.1764705882353,17.0,68.0
1700.0,53,-559.7,-102.05000000000003,20.0,74.0
1800.0,53,-588.3333333333337,-84.41666666666686,12.0,66.0
1900.0,53,-624.7272727272731,-67.00000000000023,11.0,64.0
2000.0,53,-662.0000000000003,-48.42857142857162,14.0,62.0
2100.0,53,-697.0625000000001,-37.1875000000002,32.0,68.0
2200.0,53,-729.7272727272727,-33.272727272728034,11.0,62.0
2300.0,53,-761.3999999999999,-50.30000000000084,10.0,62.0
2400.0,53,-798.8999999999999,-66.10000000000079,10.0,62.0
2500.0,53,-825.3749999999999,-76.93750000000043,16.0,60.0
2600.0,53,-859.8571428571427,-90.14285714285764,14.0,68.0
2700.0,53,-894.3749999999998,-99.12500000000045,16.0,70.0
2800.0,53,-931.9285714285712,-114.7142857142862,14.0,74.0
2900.0,53,-957.8749999999999,-134.7812500000002,32.0,66.0
3000.0,53,-992.2142857142853,-150.92857142857207,14.0,62.0
3100.0,53,-1009.2666666666662,-169.53333333333393,15.0,56.0
3200.0,53,-1032.9677419354837,-195.38709677419376,31.0,78.0
3300.0,53,-1067.2413793103447,-216.68965517241412,29.0,72.0
3400.0,53,-1108.9166666666665,-223.9583333333337,24.0,64.0
3500.0,53,-1148.52,-229.6000000000003,25.0,66.0
3600.0,53,-1188.2272727272727,-233.5454545454549,22.0,64.0
3700.0,53,-1230.2727272727273,-230.6363636363639,22.0,66.0
3800.0,53,-1255.842105263158,-206.68421052631606,19.0,70.0
3900.0,53,-1274.3157894736842,-176.78947368421072,19.0,68.0
4000.0,53,-1289.8666666666668,-149.06666666666692,15.0,72.0
4100.0,53,-1327.1176470588236,-127.70588235294132,17.0,58.0
4200.0,53,-1366.5000000000002,-110.05555555555569,18.0,68.0
4300.0,53,-1392.1428571428576,-76.857142857143,14.0,68.0
4400.0,53,-1412.166666666667,-43.83333333333328,18.0,70.0
4500.0,53,-1437.5454545454547,-14.424242424242308,33.0,72.0
4600.0,53,-1454.0588235294122,15.176470588235428,17.0,68.0
4700.0,53,-1463.2400000000002,55.320000000000135,25.0,68.0
4800.0,53,-1467.8000000000006,94.20000000000036,10.0,60.0
4900.0,53,-1470.4285714285716,135.76190476190487,21.0,70.0
5000.0,53,-1479.7333333333336,176.30000000000007,30.0,68.0
5100.0,53,-1494.1666666666672,216.2500000000002,12.0,64.0
5200.0,53,-1500.526315789474,247.94736842105283,19.0,64.0
5300.0,53,-1499.3225806451615,286.3870967741937,31.0,74.0
5400.0,53,-1506.4000000000003,322.35000000000036,20.0,58.0
5500.0,53,-1516.8333333333337,360.3888888888893,18.0,72.0
5600.0,53,-1525.2727272727275,399.0909090909096,22.0,66.0
5700.0,53,-1527.5000000000005,438.50000000000085,14.0,66.0
5800.0,53,-1516.9285714285718,476.8571428571439,14.0,64.0
5900.0,53,-1498.538461538462,501.92307692307804,13.0,70.0
6000.0,53,-1484.7333333333338,538.5333333333344,15.0,76.0
6100.0,53,-1466.0000000000007,571.8888888888907,9.0,56.0
6200.0,53,-1461.2121212121215,606.7878787878793,33.0,74.0
6300.0,53,-1462.8500000000004,648.450000000001,20.0,60.0
6400.0,53,-1475.166666666667,686.3333333333344,18.0,66.0
6500.0,53,-1479.0800000000002,717.6400000000007,25.0,66.0
6600.0,53,-1488.2903225806454,756.870967741936,31.0,70.0
6700.0,53,-1496.4545454545457,784.4090909090918,22.0,74.0
6800.0,53,-1505.9375000000005,822.5000000000011,16.0,60.0
6900.0,53,-1511.0909090909092,859.4090909090917,22.0,72.0
7000.0,53,-1524.0833333333335,899.4166666666681,12.0,66.0
7100.0,53,-1555.3809523809525,913.2857142857152,21.0,62.0
7200.0,53,-1585.9000000000003,932.9000000000019,10.0,62.0
7300.0,53,-1638.7391304347827,944.3478260869574,23.0,64.0
7400.0,53,-1679.0000000000002,945.0909090909099,22.0,64.0
7500.0,53,-1717.6500000000003,944.7500000000008,20.0,66.0
7600.0,53,-1757.5000000000005,949.666666666668,12.0,60.0
7700.0,53,-1798.384615384616,965.8461538461551,13.0,62.0
7800.0,53,-1836.0000000000007,980.7272727272741,11.0,64.0
7900.0,53,-1861.2500000000002,1003.5227272727277,44.0,78.0
8000.0,53,-1896.6500000000003,1023.300000000001,20.0,64.0
8100.0,53,-1926.5625000000005,1035.5625000000011,16.0,60.0
8200.0,53,-1965.6250000000002,1038.2187500000005,32.0,86.0
8300.0,53,-2000.785714285715,1024.7857142857156,14.0,70.0
8400.0,53,-2036.7058823529414,996.0000000000005,34.0,78.0
8500.0,53,-2055.100000000001,961.3000000000017,10.0,66.0
8600.0,53,-2069.6111111111118,928.0555555555565,18.0,74.0
8700.0,53,-2078.551724137931,890.3103448275867,29.0,62.0
8800.0,53,-2089.6875000000005,850.125000000001,16.0,68.0
8900.0,53,-2106.200000000001,820.2000000000015,10.0,60.0
9000.0,53,-2127.1724137931037,786.5517241379316,29.0,76.0
9100.0,53,-2138.642857142858,753.9285714285727,14.0,68.0
9200.0,53,-2151.2000000000003,712.8800000000008,25.0,72.0
9300.0,53,-2158.28,684.0800000000008,25.0,72.0
9400.0,53,-2176.1111111111113,651.8888888888902,18.0,66.0
9500.0,53,-2197.0000000000005,618.7500000000014,16.0,72.0
9600.0,53,-2217.3809523809527,582.2857142857152,21.0,72.0
9700.0,53,-2219.8,546.0000000000007,25.0,72.0
9800.0,53,-2223.357142857143,508.7857142857155,14.0,64.0
9900.0,53,-2233.6000000000004,473.20000000000175,10.0,58.0
10000.0,53,-2253.4583333333335,435.6250000000006,24.0,72.0
0.0,54,50.5,50.5,2.0,14.0
100.0,54,61.42105263157885,18.368421052631554,19.0,68.0
200.0,54,71.28571428571408,-19.0,14.0,72.0
300.0,54,93.43999999999988,-49.20000000000007,25.0,64.0
400.0,54,107.11538461538454,-77.00000000000014,26.0,60.0
500.0,54,116.77419354838693,-114.22580645161305,31.0,70.0
600.0,54,128.33333333333275,-150.55555555555614,9.0,58.0
700.0,54,145.73684210526284,-180.42105263157922,19.0,74.0
800.0,54,160.84615384615347,-224.00000000000023,13.0,72.0
900.0,54,178.7222222222219,-257.11111111111126,18.0,58.0
1000.0,54,189.87499999999972,-287.00000000000017,16.0,64.0
1100.0,54,201.86363636363618,-326.68181818181836,22.0,60.0
1200.0,54,214.46153846153808,-360.15384615384653,13.0,62.0
1300.0,54,245.16666666666643,-378.2083333333336,24.0,72.0
1400.0,54,281.6666666666662,-388.91666666666714,12.0,66.0
1500.0,54,312.8333333333331,-409.22222222222257,18.0,66.0
1600.0,54,347.53846153846115,-428.38461538461576,13.0,58.0
1700.0,54,394.08333333333303,-450.1666666666669,12.0,64.0
1800.0,54,405.2592592592591,-478.33333333333326,27.0,66.0
1900.0,54,420.9999999999999,-514.3999999999999,10.0,66.0
2000.0,54,440.09999999999997,-543.6999999999998,10.0,66.0
2100.0,54,456.7999999999999,-576.3199999999999,25.0,60.0
2200.0,54,483.63636363636317,-590.7272727272725,11.0,68.0
2300.0,54,508.1499999999997,-602.9999999999999,20.0,70.0
2400.0,54,545.5624999999997,-611.3749999999998,16.0,58.0
2500.0,54,576.9999999999997,-631.1874999999998,16.0,62.0
2600.0,54,601.7777777777776,-664.3888888888887,18.0,66.0
2700.0,54,617.2999999999996,-691.7499999999999,20.0,62.0
2800.0,54,639.6799999999997,-725.6399999999999,25.0,78.0
2900.0,54,652.6206896551722,-762.1034482758621,29.0,68.0
3000.0,54,667.9230769230763,-796.9230769230769,13.0,66.0
3100.0,54,687.1111111111106,-833.2222222222223,18.0,66.0
3200.0,54,717.7058823529408,-864.0588235294119,17.0,62.0
3300.0,54,749.3999999999995,-884.466666666667,15.0,62.0
3400.0,54,775.2272727272725,-897.3636363636366,22.0,64.0
3500.0,54,816.7142857142853,-912.571428571429,14.0,66.0
3600.0,54,853.3333333333331,-914.5000000000003,18.0,72.0
3700.0,54,892.1249999999998,-920.166666666667,24.0,70.0
3800.0,54,929.5999999999995,-928.8000000000005,15.0,60.0
3900.0,54,960.2307692307687,-950.0769230769238,13.0,66.0
4000.0,54,984.0624999999994,-961.6250000000006,16.0,64.0
4100.0,54,1022.862068965517,-964.6206896551727,29.0,64.0
4200.0,54,1063.7599999999995,-979.8400000000005,25.0,78.0
4300.0,54,1103.307692307692,-991.4230769230775,26.0,78.0
4400.0,54,1138.1428571428569,-1015.2500000000005,28.0,70.0
4500.0,54,1164.307692307692,-1045.6153846153852,26.0,70.0
4600.0,54,1190.4210526315783,-1077.5263157894742,19.0,52.0
4700.0,54,1211.90909090909,-1107.9090909090921,11.0,64.0
4800.0,54,1232.2727272727266,-1139.5454545454559,11.0,62.0
4900.0,54,1256.9999999999998,-1165.5000000000005,30.0,74.0
5000.0,54,1277.2727272727266,-1200.2727272727286,11.0,60.0
5100.0,54,1295.1666666666658,-1239.5000000000014,12.0,66.0
5200.0,54,1304.7142857142853,-1275.238095238096,21.0,66.0
5300.0,54,1317.7272727272718,-1314.0000000000016,11.0,68.0
5400.0,54,1324.0476190476186,-1353.8571428571438,21.0,66.0
5500.0,54,1337.2777777777771,-1389.4444444444455,18.0,70.0
5600.0,54,1366.0833333333326,-1403.9166666666683,12.0,66.0
5700.0,54,1407.5142857142855,-1420.828571428572,35.0,80.0
5800.0,54,1447.933333333333,-1432.9000000000005,30.0,70.0
5900.0,54,1487.6842105263154,-1448.4736842105274,19.0,66.0
6000.0,54,1523.4347826086953,-1462.1739130434792,23.0,62.0
6100.0,54,1554.307692307692,-1478.538461538463,13.0,68.0
6200.0,54,1588.6666666666665,-1494.2916666666674,24.0,74.0
6300.0,54,1620.3571428571424,-1512.4285714285727,14.0,72.0
6400.0,54,1644.4499999999996,-1539.1000000000008,20.0,68.0
6500.0,54,1672.380952380952,-1562.3333333333342,21.0,56.0
6600.0,54,1703.4999999999993,-1582.0714285714298,14.0,66.0
6700.0,54,1741.3333333333328,-1603.2000000000012,15.0,66.0
6800.0,54,1774.4545454545446,-1598.363636363638,11.0,66.0
6900.0,54,1781.458333333333,-1575.5416666666674,24.0,68.0
7000.0,54,1785.8148148148143,-1535.8518518518526,27.0,62.0
7100.0,54,1791.2777777777771,-1497.1666666666679,18.0,72.0
7200.0,54,1787.8571428571424,-1452.904761904763,21.0,74.0
7300.0,54,1781.117647058823,-1415.823529411766,17.0,66.0
7400.0,54,1765.2307692307684,-1380.4615384615402,13.0,68.0
7500.0,54,1741.4166666666663,-1361.5833333333342,24.0,80.0
7600.0,54,1709.3999999999992,-1352.9000000000021,10.0,66.0
7700.0,54,1666.2352941176464,-1350.1176470588248,17.0,62.0
7800.0,54,1624.6428571428564,-1351.2857142857158,14.0,64.0
7900.0,54,1585.0869565217386,-1354.4782608695662,23.0,64.0
8000.0,54,1549.7499999999995,-1363.3750000000011,24.0,66.0
8100.0,54,1524.499999999999,-1394.0714285714303,14.0,62.0
8200.0,54,1505.3333333333326,-1430.714285714287,21.0,74.0
8300.0,54,1490.1818181818169,-1465.3636363636388,11.0,70.0
8400.0,54,1474.6249999999982,-1494.7500000000034,8.0,56.0
8500.0,54,1465.399999999999,-1530.6500000000015,20.0,62.0
8600.0,54,1452.6363636363617,-1564.363636363639,11.0,68.0
8700.0,54,1439.6428571428555,-1593.8571428571447,14.0,74.0
8800.0,54,1438.2083333333323,-1627.1250000000011,24.0,62.0
8900.0,54,1443.8333333333314,-1664.5833333333355,12.0,64.0
9000.0,54,1442.4799999999993,-1703.6400000000012,25.0,62.0
9100.0,54,1445.071428571428,-1742.3928571428582,28.0,66.0
9200.0,54,1451.9473684210516,-1778.8421052631595,19.0,64.0
9300.0,54,1463.2941176470579,-1814.4705882352957,17.0,62.0
9400.0,54,1482.999999999999,-1855.1333333333355,15.0,70.0
9500.0,54,1500.7333333333324,-1897.1333333333355,15.0,70.0
9600.0,54,1519.2307692307684,-1934.4615384615408,13.0,68.0
9700.0,54,1529.055555555555,-1970.611111111113,18.0,72.0
9800.0,54,1542.8947368421047,-2008.3684210526333,19.0,62.0
9900.0,54,1557.071428571428,-2038.5714285714307,14.0,72.0
10000.0,54,1572.444444444444,-2057.5185185185196,27.0,70.0
0.0,55,50.0,50.0,1.0,8.0
100.0,55,55.09999999999998,19.699999999999896,20.0,56.0
200.0,55,63.04347826086956,-23.913043478260903,23.0,72.0
300.0,55,75.50000000000009,-61.04166666666659,24.0,68.0
400.0,55,86.48000000000003,-98.23999999999998,25.0,64.0
500.0,55,94.48275862068968,-138.68965517241375,29.0,72.0
600.0,55,87.62500000000023,-180.06250000000014,16.0,62.0
700.0,55,70.66666666666691,-208.0666666666669,15.0,72.0
800.0,55,57.23529411764716,-240.8823529411766,17.0,68.0
900.0,55,40.764705882353034,-278.8235294117648,17.0,62.0
1000.0,55,19.23076923076951,-311.23076923076934,13.0,62.0
1100.0,55,9.500000000000083,-350.6333333333333,30.0,70.0
1200.0,55,-1.4999999999997868,-386.63636363636374,22.0,68.0
1300.0,55,-13.363636363635791,-425.0000000000001,11.0,68.0
1400.0,55,-33.3333333333328,-463.5555555555557,9.0,56.0
1500.0,55,-55.733333333333135,-489.80000000000007,15.0,68.0
1600.0,55,-72.4999999999998,-521.3846153846155,26.0,62.0
1700.0,55,-87.86666666666612,-555.6666666666666,15.0,58.0
1800.0,55,-97.85185185185149,-593.2222222222222,27.0,64.0
1900.0,55,-109.21052631578893,-634.7368421052632,19.0,64.0
2000.0,55,-126.94117647058741,-675.8235294117646,17.0,74.0
2100.0,55,-155.99999999999955,-698.6451612903227,31.0,64.0
2200.0,55,-190.61111111111035,-708.0000000000002,18.0,64.0
2300.0,55,-227.49999999999886,-718.0833333333337,12.0,74.0
2400.0,55,-263.6818181818176,-732.8636363636365,22.0,74.0
2500.0,55,-297.7333333333326,-749.4666666666673,15.0,66.0
2600.0,55,-331.74999999999915,-768.0000000000008,12.0,62.0
2700.0,55,-371.99999999999955,-784.1250000000002,24.0,60.0
2800.0,55,-403.3076923076917,-804.9230769230777,13.0,66.0
2900.0,55,-431.2857142857139,-824.2380952380958,21.0,64.0
3000.0,55,-456.6538461538458,-854.3076923076927,26.0,70.0
3100.0,55,-478.9523809523805,-873.1904761904768,21.0,66.0
3200.0,55,-518.6799999999996,-876.5600000000005,25.0,68.0
3300.0,55,-557.473684210526,-891.6315789473691,19.0,66.0
3400.0,55,-597.043478260869,-894.04347826087,23.0,66.0
3500.0,55,-629.1739130434777,-883.6521739130438,23.0,66.0
3600.0,55,-656.2499999999998,-857.9375000000003,32.0,72.0
3700.0,55,-670.3076923076916,-826.9230769230777,13.0,60.0
3800.0,55,-685.0499999999996,-790.8000000000004,20.0,66.0
3900.0,55,-695.5185185185181,-749.8148148148151,27.0,74.0
4000.0,55,-708.9285714285705,-715.4285714285721,14.0,66.0
4100.0,55,-729.7999999999994,-685.5333333333341,15.0,68.0
4200.0,55,-765.3333333333329,-671.4761904761912,21.0,70.0
4300.0,55,-800.8636363636359,-658.5454545454551,22.0,62.0
4400.0,55,-841.4615384615382,-638.7307692307696,26.0,68.0
4500.0,55,-882.4166666666661,-623.8333333333344,12.0,62.0
4600.0,55,-917.428571428571,-610.2142857142865,14.0,62.0
4700.0,55,-947.238095238095,-598.7142857142862,21.0,64.0
4800.0,55,-989.6111111111109,-596.2777777777783,18.0,58.0
4900.0,55,-1028.9499999999998,-598.3500000000005,20.0,62.0
5000.0,55,-1067.631578947368,-600.7894736842111,19.0,68.0
5100.0,55,-1105.1176470588232,-611.7647058823536,17.0,70.0
5200.0,55,-1137.4374999999998,-626.3125000000007,16.0,66.0
5300.0,55,-1168.2399999999998,-635.4400000000003,25.0,72.0
5400.0,55,-1202.4999999999998,-638.5909090909095,22.0,66.0
5500.0,55,-1244.4444444444441,-636.0555555555561,18.0,66.0
5600.0,55,-1279.3999999999994,-626.1000000000008,10.0,60.0
5700.0,55,-1316.8666666666663,-611.2666666666672,15.0,60.0
5800.0,55,-1345.1666666666665,-592.6111111111115,18.0,68.0
5900.0,55,-1370.2222222222222,-566.9259259259262,27.0,64.0
6000.0,55,-1382.6923076923078,-531.7692307692314,13.0,60.0
6100.0,55,-1394.181818181818,-491.8181818181822,11.0,60.0
6200.0,55,-1401.3076923076924,-452.0000000000002,13.0,66.0
6300.0,55,-1410.0,-414.4375000000002,16.0,70.0
6400.0,55,-1412.8333333333335,-380.50000000000034,12.0,60.0
6500.0,55,-1424.1000000000001,-339.10000000000025,10.0,64.0
6600.0,55,-1430.818181818182,-296.6363636363639,11.0,64.0
6700.0,55,-1429.2222222222222,-257.33333333333326,18.0,60.0
6800.0,55,-1423.9411764705883,-219.35294117647032,17.0,58.0
6900.0,55,-1411.1904761904761,-183.095238095238,21.0,62.0
7000.0,55,-1394.52,-145.3599999999999,25.0,68.0
7100.0,55,-1382.3,-108.40000000000005,10.0,50.0
7200.0,55,-1369.76,-77.36000000000006,25.0,70.0
7300.0,55,-1355.9999999999995,-39.44444444444437,9.0,62.0
7400.0,55,-1334.090909090909,-3.454545454545368,11.0,64.0
7500.0,55,-1325.36,35.96000000000004,25.0,64.0
7600.0,55,-1312.8181818181818,75.59090909090915,22.0,70.0
7700.0,55,-1312.4615384615383,109.42307692307708,26.0,62.0
7800.0,55,-1333.0,154.1764705882354,34.0,76.0
7900.0,55,-1350.7272727272727,186.81818181818198,11.0,64.0
8000.0,55,-1372.625,229.4375000000001,16.0,60.0
8100.0,55,-1384.0,257.3750000000003,16.0,64.0
8200.0,55,-1395.7647058823527,275.294117647059,17.0,74.0
8300.0,55,-1428.869565217391,281.30434782608705,23.0,74.0
8400.0,55,-1466.7037037037035,287.7777777777779,27.0,70.0
8500.0,55,-1503.0384615384614,291.53846153846166,26.0,72.0
8600.0,55,-1533.333333333333,299.75000000000017,12.0,60.0
8700.0,55,-1569.9999999999998,317.95238095238096,21.0,70.0
8800.0,55,-1605.4999999999998,327.25,20.0,68.0
8900.0,55,-1639.538461538461,350.8461538461538,13.0,66.0
9000.0,55,-1676.3333333333328,368.4444444444444,18.0,68.0
9100.0,55,-1716.1052631578943,383.10526315789474,19.0,68.0
9200.0,55,-1754.444444444444,391.1111111111111,18.0,64.0
9300.0,55,-1785.8461538461531,401.46153846153845,13.0,62.0
9400.0,55,-1819.4444444444443,416.83333333333337,18.0,60.0
9500.0,55,-1850.7692307692305,436.76923076923094,13.0,58.0
9600.0,55,-1889.5,456.87500000000006,8.0,54.0
9700.0,55,-1927.6774193548388,478.9677419354839,31.0,88.0
9800.0,55,-1959.875,484.81249999999994,16.0,68.0
9900.0,55,-1998.0666666666666,495.66666666666663,15.0,66.0
10000.0,55,-2038.0,494.0869565217391,23.0,70.0
0.0,56,49.75,50.0,4.0,24.0
100.0,56,73.36363636363622,61.272727272727394,22.0,70.0
200.0,56,110.69230769230757,79.84615384615402,13.0,70.0
300.0,56,143.42857142857133,91.19047619047623,21.0,68.0
400.0,56,164.7999999999999,115.9000000000002,10.0,66.0
500.0,56,189.93749999999997,152.37500000000009,16.0,80.0
600.0,56,198.57142857142856,183.42857142857153,14.0,64.0
700.0,56,212.80000000000013,221.06666666666686,15.0,66.0
800.0,56,222.72727272727303,252.54545454545487,11.0,64.0
900.0,56,236.8333333333335,289.83333333333354,12.0,66.0
1000.0,56,253.83333333333346,323.7500000000003,12.0,68.0
1100.0,56,276.6666666666668,355.41666666666697,12.0,60.0
1200.0,56,286.764705882353,377.05882352941194,17.0,70.0
1300.0,56,311.53333333333336,405.46666666666687,15.0,56.0
1400.0,56,332.5384615384617,445.46153846153857,13.0,70.0
1500.0,56,355.66666666666697,476.58333333333354,12.0,58.0
1600.0,56,380.6000000000003,506.9000000000001,10.0,60.0
1700.0,56,402.63157894736855,534.8947368421053,19.0,64.0
1800.0,56,421.9090909090914,575.8181818181818,11.0,62.0
1900.0,56,448.13333333333344,607.1666666666666,30.0,76.0
2000.0,56,475.00000000000045,636.4615384615386,13.0,58.0
2100.0,56,508.1176470588239,655.7058823529412,17.0,70.0
2200.0,56,528.2000000000004,687.2666666666668,15.0,66.0
2300.0,56,542.6538461538462,721.1153846153846,26.0,78.0
2400.0,56,563.6999999999999,747.7666666666668,30.0,70.0
2500.0,56,593.6470588235293,772.2941176470592,17.0,66.0
2600.0,56,632.5624999999999,785.0000000000003,16.0,66.0
2700.0,56,660.8888888888888,797.8888888888893,9.0,62.0
2800.0,56,695.9666666666666,803.0000000000001,30.0,72.0
2900.0,56,733.8421052631578,814.4736842105265,19.0,64.0
3000.0,56,756.1052631578947,835.842105263158,19.0,62.0
3100.0,56,790.1818181818181,858.3636363636366,11.0,64.0
3200.0,56,828.25,871.3125000000002,16.0,66.0
3300.0,56,867.72,885.7200000000001,25.0,68.0
3400.0,56,904.8620689655173,902.9655172413794,29.0,84.0
3500.0,56,935.3333333333335,913.2499999999999,12.0,66.0
3600.0,56,974.2857142857143,919.4285714285713,14.0,66.0
3700.0,56,1009.7500000000001,934.8333333333335,12.0,62.0
3800.0,56,1040.9583333333335,954.7916666666667,24.0,70.0
3900.0,56,1072.0833333333335,978.1666666666671,12.0,50.0
4000.0,56,1106.3684210526317,993.3157894736844,19.0,82.0
4100.0,56,1140.1538461538462,1004.3846153846157,13.0,62.0
4200.0,56,1167.6799999999998,1024.68,25.0,74.0
4300.0,56,1193.375,1049.40625,32.0,68.0
4400.0,56,1223.625,1068.0,16.0,66.0
4500.0,56,1247.75,1088.6666666666665,12.0,56.0
4600.0,56,1259.3529411764705,1120.7647058823527,17.0,68.0
4700.0,56,1272.2142857142853,1151.9285714285713,14.0,70.0
4800.0,56,1284.6470588235293,1177.1764705882351,17.0,64.0
4900.0,56,1305.153846153846,1207.923076923077,13.0,64.0
5000.0,56,1324.1999999999998,1237.0,10.0,68.0
5100.0,56,1347.842105263158,1262.842105263158,19.0,72.0
5200.0,56,1372.0967741935485,1288.774193548387,31.0,74.0
5300.0,56,1394.8888888888891,1315.0555555555552,18.0,68.0
5400.0,56,1406.5833333333335,1353.6249999999998,24.0,68.0
5500.0,56,1427.8571428571433,1387.0714285714282,14.0,64.0
5600.0,56,1445.5000000000002,1425.4999999999998,26.0,78.0
5700.0,56,1463.454545454546,1457.5454545454543,11.0,62.0
5800.0,56,1500.1538461538464,1476.153846153846,13.0,64.0
5900.0,56,1531.0000000000002,1490.307692307692,13.0,68.0
6000.0,56,1572.3103448275863,1484.0,29.0,74.0
6100.0,56,1606.916666666667,1471.6666666666665,12.0,60.0
6200.0,56,1640.846153846154,1446.8461538461538,13.0,66.0
6300.0,56,1662.1176470588239,1416.0,17.0,62.0
6400.0,56,1684.2500000000005,1391.2499999999998,20.0,64.0
6500.0,56,1708.2500000000007,1356.0833333333333,12.0,64.0
6600.0,56,1729.5000000000005,1320.7727272727273,22.0,72.0
6700.0,56,1739.739130434783,1288.0434782608697,23.0,68.0
6800.0,56,1749.800000000001,1254.2000000000003,10.0,66.0
6900.0,56,1785.2500000000005,1235.7083333333333,24.0,64.0
7000.0,56,1821.9130434782612,1222.0869565217392,23.0,70.0
7100.0,56,1857.9000000000003,1201.7,20.0,68.0
7200.0,56,1898.7272727272732,1179.818181818182,11.0,64.0
7300.0,56,1929.7272727272734,1158.454545454545,11.0,68.0
7400.0,56,1950.823529411765,1127.1764705882351,17.0,62.0
7500.0,56,1966.714285714286,1104.6666666666663,21.0,68.0
7600.0,56,2001.7500000000005,1087.166666666666,12.0,64.0
7700.0,56,2041.3000000000002,1082.1999999999996,20.0,68.0
7800.0,56,2081.058823529412,1067.9411764705878,17.0,56.0
7900.0,56,2115.363636363637,1044.727272727272,11.0,62.0
8000.0,56,2161.3000000000006,1028.999999999999,10.0,62.0
8100.0,56,2201.105263157895,1009.9473684210523,19.0,60.0
8200.0,56,2241.6086956521744,995.5652173913039,23.0,66.0
8300.0,56,2278.21052631579,984.3157894736837,19.0,66.0
8400.0,56,2312.23076923077,969.5384615384609,13.0,64.0
8500.0,56,2338.727272727274,957.0909090909082,11.0,60.0
8600.0,56,2371.9090909090914,946.9545454545448,22.0,64.0
8700.0,56,2408.041666666667,941.9583333333328,24.0,64.0
8800.0,56,2447.9000000000005,939.6666666666662,30.0,68.0
8900.0,56,2476.7692307692323,929.8461538461529,13.0,66.0
9000.0,56,2513.750000000002,911.3333333333325,12.0,66.0
9100.0,56,2543.6666666666683,897.5833333333322,12.0,64.0
9200.0,56,2582.411764705884,873.0588235294109,17.0,70.0
9300.0,56,2610.214285714287,844.7142857142849,14.0,66.0
9400.0,56,2635.5000000000014,813.9444444444437,18.0,72.0
9500.0,56,2665.0833333333344,787.4999999999994,24.0,76.0
9600.0,56,2702.304347826088,764.2173913043472,23.0,78.0
9700.0,56,2727.750000000001,743.5833333333327,24.0,66.0
9800.0,56,2758.916666666669,729.9999999999987,12.0,68.0
9900.0,56,2790.7857142857156,710.3571428571418,14.0,66.0
10000.0,56,2830.3684210526326,701.8421052631571,19.0,64.0
0.0,57,50.0,50.0,1.0,8.0
100.0,57,66.0555555555556,38.38888888888883,18.0,66.0
200.0,57,96.78571428571438,27.428571428571534,14.0,70.0
300.0,57,123.0,19.695652173913103,23.0,70.0
400.0,57,167.21739130434793,18.304347826086996,23.0,66.0
500.0,57,203.6153846153848,26.538461538461636,13.0,68.0
600.0,57,241.4615384615386,34.92307692307706,13.0,62.0
700.0,57,269.5185185185186,55.0370370370371,27.0,78.0
800.0,57,303.92000000000013,66.71999999999997,25.0,80.0
900.0,57,336.1428571428572,86.66666666666659,21.0,70.0
1000.0,57,359.8750000000001,110.78124999999994,32.0,70.0
1100.0,57,375.64285714285717,150.60714285714283,28.0,66.0
1200.0,57,387.53571428571445,188.6785714285714,28.0,68.0
1300.0,57,393.83333333333366,235.00000000000017,18.0,66.0
1400.0,57,400.56000000000023,270.1600000000001,25.0,68.0
1500.0,57,409.5000000000002,310.1666666666669,12.0,58.0
1600.0,57,420.1052631578949,351.0000000000001,19.0,70.0
1700.0,57,440.00000000000034,385.3636363636365,11.0,60.0
1800.0,57,455.4782608695655,423.3913043478263,23.0,84.0
1900.0,57,459.30434782608734,461.434782608696,23.0,66.0
2000.0,57,466.33333333333394,502.4166666666672,12.0,62.0
2100.0,57,477.1666666666672,533.7500000000006,12.0,64.0
2200.0,57,493.10526315789497,563.1052631578951,19.0,68.0
2300.0,57,505.6923076923081,595.0769230769238,13.0,68.0
2400.0,57,531.2222222222224,623.2592592592597,27.0,64.0
2500.0,57,547.6666666666669,657.0666666666675,15.0,72.0
2600.0,57,552.0384615384615,692.4230769230775,26.0,66.0
2700.0,57,568.7368421052632,727.4736842105269,19.0,78.0
2800.0,57,590.2000000000002,760.7000000000005,20.0,56.0
2900.0,57,604.5000000000002,798.2857142857151,14.0,68.0
3000.0,57,616.9375000000001,831.4375000000008,16.0,68.0
3100.0,57,626.8,865.1500000000007,20.0,66.0
3200.0,57,633.5625,901.5000000000008,16.0,62.0
3300.0,57,662.7999999999998,933.1200000000005,25.0,66.0
3400.0,57,698.6190476190476,955.0476190476196,21.0,64.0
3500.0,57,722.0833333333334,974.5833333333343,12.0,68.0
3600.0,57,739.9166666666666,1009.8333333333343,12.0,64.0
3700.0,57,762.5217391304346,1046.5652173913052,23.0,62.0
3800.0,57,784.4399999999997,1089.3200000000006,25.0,66.0
3900.0,57,799.1538461538456,1131.2307692307706,13.0,74.0
4000.0,57,790.4444444444434,1165.3333333333358,9.0,60.0
4100.0,57,771.6249999999994,1196.0625000000014,16.0,72.0
4200.0,57,750.5217391304344,1233.7391304347834,23.0,64.0
4300.0,57,735.1999999999995,1264.8000000000015,15.0,64.0
4400.0,57,714.916666666666,1304.333333333335,12.0,60.0
4500.0,57,689.454545454545,1340.1818181818194,22.0,72.0
4600.0,57,676.5333333333328,1378.8666666666682,15.0,70.0
4700.0,57,666.6842105263153,1415.7894736842115,19.0,56.0
4800.0,57,655.4999999999992,1454.0833333333353,12.0,60.0
4900.0,57,635.1379310344824,1486.2413793103456,29.0,70.0
5000.0,57,621.8181818181811,1523.4545454545475,11.0,62.0
5100.0,57,610.2777777777774,1565.3333333333348,18.0,70.0
5200.0,57,600.1818181818177,1605.545454545457,11.0,62.0
5300.0,57,588.4999999999999,1638.4000000000015,20.0,68.0
5400.0,57,573.3499999999998,1673.9000000000015,20.0,62.0
5500.0,57,557.6666666666663,1707.666666666669,12.0,70.0
5600.0,57,540.3478260869563,1746.4347826086969,23.0,76.0
5700.0,57,523.4545454545449,1779.9090909090935,11.0,60.0
5800.0,57,499.11111111111086,1803.8518518518529,27.0,62.0
5900.0,57,465.53333333333285,1825.3333333333353,15.0,62.0
6000.0,57,429.45833333333303,1834.7083333333344,24.0,66.0
6100.0,57,393.63636363636294,1852.6363636363658,11.0,66.0
6200.0,57,359.1904761904758,1878.0476190476202,21.0,66.0
6300.0,57,327.9999999999993,1891.1666666666686,12.0,60.0
6400.0,57,301.772727272727,1911.3181818181827,22.0,70.0
6500.0,57,275.2222222222219,1928.6111111111122,18.0,68.0
6600.0,57,251.36363636363606,1956.9090909090917,22.0,66.0
6700.0,57,232.9393939393936,1981.363636363637,33.0,74.0
6800.0,57,204.4615384615376,2006.0000000000014,13.0,58.0
6900.0,57,176.38888888888823,2020.9444444444453,18.0,68.0
7000.0,57,140.54545454545348,2029.545454545456,11.0,60.0
7100.0,57,102.22222222222086,2041.7777777777799,9.0,58.0
7200.0,57,72.09090909090811,2055.3636363636383,11.0,68.0
7300.0,57,36.07142857142744,2070.928571428573,14.0,70.0
7400.0,57,5.499999999999015,2096.6111111111118,18.0,74.0
7500.0,57,-24.320000000000803,2117.9200000000005,25.0,72.0
7600.0,57,-55.23529411764825,2136.5294117647068,17.0,68.0
7700.0,57,-85.21739130434884,2163.1304347826094,23.0,74.0
7800.0,57,-108.3333333333353,2190.000000000001,12.0,64.0
7900.0,57,-137.1818181818204,2227.727272727274,11.0,62.0
8000.0,57,-158.73684210526446,2260.473684210527,19.0,70.0
8100.0,57,-170.96153846153933,2299.769230769231,26.0,82.0
8200.0,57,-187.00000000000128,2332.526315789474,19.0,64.0
8300.0,57,-200.66666666666822,2367.9333333333343,15.0,80.0
8400.0,57,-217.54545454545664,2404.727272727274,11.0,60.0
8500.0,57,-225.00000000000207,2440.0000000000014,10.0,60.0
8600.0,57,-239.76923076923225,2484.9230769230776,13.0,54.0
8700.0,57,-254.13793103448347,2520.4482758620693,29.0,82.0
8800.0,57,-264.61904761904856,2558.476190476191,21.0,66.0
8900.0,57,-281.6428571428586,2587.7142857142867,14.0,64.0
9000.0,57,-309.93750000000136,2599.437500000001,16.0,66.0
9100.0,57,-347.952380952382,2616.238095238096,21.0,60.0
9200.0,57,-383.5000000000018,2630.5000000000014,12.0,62.0
9300.0,57,-421.1538461538477,2659.384615384616,13.0,62.0
9400.0,57,-444.31818181818284,2685.9090909090914,22.0,74.0
9500.0,57,-480.56250000000136,2703.3750000000005,16.0,66.0
9600.0,57,-519.3888888888899,2723.888888888889,18.0,78.0
9700.0,57,-559.2500000000015,2737.583333333334,12.0,56.0
9800.0,57,-592.4000000000021,2748.600000000001,10.0,66.0
9900.0,57,-631.7333333333348,2762.8666666666672,15.0,62.0
10000.0,57,-655.8000000000022,2793.6000000000004,10.0,62.0
0.0,58,50.5,49.5,2.0,14.0
100.0,58,76.09999999999981,55.049999999999955,20.0,66.0
200.0,58,112.29166666666656,59.083333333333236,24.0,68.0
300.0,58,147.2222222222221,68.66666666666669,18.0,64.0
400.0,58,188.27272727272708,81.2727272727273,22.0,70.0
500.0,58,223.0624999999999,98.00000000000009,16.0,70.0
600.0,58,252.0588235294117,124.76470588235286,17.0,78.0
700.0,58,293.62962962962956,135.9259259259258,27.0,66.0
800.0,58,334.73333333333323,150.53333333333308,15.0,58.0
900.0,58,365.6249999999999,170.49999999999983,16.0,64.0
1000.0,58,397.785714285714,188.49999999999972,14.0,64.0
1100.0,58,436.90909090909054,208.7272727272722,11.0,66.0
1200.0,58,472.30434782608677,216.7391304347825,23.0,72.0
1300.0,58,516.9047619047616,227.99999999999983,21.0,70.0
1400.0,58,546.1428571428567,245.14285714285683,21.0,58.0
1500.0,58,574.1249999999995,280.16666666666623,24.0,66.0
1600.0,58,594.4615384615377,314.3076923076915,13.0,58.0
1700.0,58,632.1666666666663,337.4444444444439,18.0,68.0
1800.0,58,664.944444444444,351.16666666666606,18.0,72.0
1900.0,58,703.5833333333326,372.83333333333246,12.0,64.0
2000.0,58,733.2380952380948,392.28571428571377,21.0,66.0
2100.0,58,756.5294117647054,423.4117647058817,17.0,56.0
2200.0,58,787.6111111111107,440.4444444444439,18.0,68.0
2300.0,58,813.2580645161289,454.2903225806447,31.0,70.0
2400.0,58,845.111111111111,467.4999999999994,18.0,68.0
2500.0,58,879.7333333333331,490.3999999999993,15.0,66.0
2600.0,58,918.142857142857,511.7142857142849,14.0,66.0
2700.0,58,955.0666666666666,529.6666666666658,15.0,60.0
2800.0,58,991.1818181818181,544.6363636363625,11.0,60.0
2900.0,58,1008.8260869565219,571.7826086956517,23.0,66.0
3000.0,58,1022.0000000000001,612.666666666666,15.0,64.0
3100.0,58,1044.545454545455,639.9999999999989,11.0,58.0
3200.0,58,1078.9375,661.5624999999993,16.0,64.0
3300.0,58,1109.0714285714284,676.7857142857134,14.0,58.0
3400.0,58,1145.7241379310344,681.4827586206893,29.0,72.0
3500.0,58,1183.533333333333,680.7999999999993,15.0,60.0
3600.0,58,1225.3999999999999,672.3333333333322,15.0,68.0
3700.0,58,1261.6818181818182,660.9090909090902,22.0,62.0
3800.0,58,1290.2857142857144,636.7857142857132,14.0,60.0
3900.0,58,1331.0833333333335,615.4999999999986,12.0,66.0
4000.0,58,1373.95,600.5999999999992,20.0,68.0
4100.0,58,1411.3333333333335,585.9523809523803,21.0,64.0
4200.0,58,1445.1724137931037,577.4827586206891,29.0,74.0
4300.0,58,1485.3888888888894,562.6111111111103,18.0,56.0
4400.0,58,1514.250000000001,534.8333333333322,12.0,66.0
4500.0,58,1548.4000000000005,525.1333333333324,15.0,64.0
4600.0,58,1586.6363636363644,534.8181818181808,11.0,64.0
4700.0,58,1623.7692307692316,544.9999999999991,13.0,70.0
4800.0,58,1656.142857142858,558.2857142857133,14.0,64.0
4900.0,58,1686.3913043478265,579.1304347826082,23.0,78.0
5000.0,58,1719.777777777779,592.5555555555538,9.0,58.0
5100.0,58,1759.0000000000005,591.4210526315782,19.0,56.0
5200.0,58,1790.52380952381,593.666666666666,21.0,64.0
5300.0,58,1826.789473684211,580.4210526315783,19.0,64.0
5400.0,58,1862.8125000000007,566.9999999999991,16.0,64.0
5500.0,58,1898.5333333333342,558.0666666666657,15.0,60.0
5600.0,58,1929.3571428571438,549.2142857142846,14.0,66.0
5700.0,58,1962.0000000000007,531.1428571428564,21.0,66.0
5800.0,58,1995.8000000000009,510.0666666666657,15.0,62.0
5900.0,58,2026.2352941176478,484.2352941176463,17.0,70.0
6000.0,58,2064.857142857144,466.85714285714187,14.0,66.0
6100.0,58,2105.062500000001,456.68749999999915,16.0,74.0
6200.0,58,2134.2962962962965,452.29629629629596,27.0,70.0
6300.0,58,2173.571428571429,449.3809523809518,21.0,70.0
6400.0,58,2213.416666666667,449.0833333333329,24.0,62.0
6500.0,58,2254.0000000000005,444.0499999999995,20.0,62.0
6600.0,58,2295.3913043478265,441.2173913043473,23.0,66.0
6700.0,58,2330.500000000001,437.8124999999993,16.0,58.0
6800.0,58,2369.2142857142862,434.14285714285637,14.0,58.0
6900.0,58,2397.0000000000005,418.6923076923069,13.0,72.0
7000.0,58,2415.1578947368425,384.21052631578885,19.0,64.0
7100.0,58,2430.5909090909095,347.8636363636359,22.0,78.0
7200.0,58,2449.5384615384623,310.1538461538453,13.0,78.0
7300.0,58,2465.947368421053,271.15789473684157,19.0,70.0
7400.0,58,2480.500000000001,231.5714285714278,14.0,70.0
7500.0,58,2496.6842105263163,193.47368421052585,19.0,62.0
7600.0,58,2516.7692307692314,145.99999999999926,13.0,60.0
7700.0,58,2535.4210526315796,114.57894736842064,19.0,66.0
7800.0,58,2550.5454545454554,75.45454545454453,11.0,62.0
7900.0,58,2560.379310344828,39.03448275862034,29.0,84.0
8000.0,58,2564.0476190476197,7.333333333332803,21.0,64.0
8100.0,58,2565.6315789473692,-32.57894736842162,19.0,54.0
8200.0,58,2578.071428571429,-72.92857142857187,28.0,76.0
8300.0,58,2595.6500000000005,-99.55000000000058,20.0,72.0
8400.0,58,2623.9130434782614,-135.30434782608745,23.0,80.0
8500.0,58,2641.433333333334,-165.63333333333375,30.0,68.0
8600.0,58,2657.416666666667,-195.87500000000048,24.0,74.0
8700.0,58,2670.7272727272734,-234.45454545454646,11.0,60.0
8800.0,58,2692.1000000000013,-271.7000000000012,10.0,60.0
8900.0,58,2724.4500000000007,-287.95000000000056,20.0,60.0
9000.0,58,2762.1000000000013,-308.00000000000114,10.0,64.0
9100.0,58,2792.916666666668,-331.66666666666765,12.0,62.0
9200.0,58,2792.21052631579,-365.7368421052635,19.0,72.0
9300.0,58,2791.6666666666674,-400.76190476190527,21.0,74.0
9400.0,58,2782.7200000000007,-439.32000000000033,25.0,62.0
9500.0,58,2771.125000000001,-469.50000000000057,16.0,66.0
9600.0,58,2752.461538461539,-500.96153846153885,26.0,70.0
9700.0,58,2733.9285714285725,-537.7142857142865,14.0,72.0
9800.0,58,2731.736842105264,-570.052631578948,19.0,72.0
9900.0,58,2727.782608695653,-610.4782608695657,23.0,68.0
10000.0,58,2711.812500000001,-642.0000000000007,16.0,58.0
0.0,59,50.0,50.0,1.0,8.0
100.0,59,54.384615384615294,16.384615384615433,26.0,74.0
200.0,59,63.38888888888874,-19.55555555555553,18.0,70.0
300.0,59,74.05555555555553,-55.66666666666663,18.0,62.0
400.0,59,94.46153846153814,-92.23076923076918,13.0,60.0
500.0,59,110.52173913043463,-114.34782608695656,23.0,64.0
600.0,59,123.99999999999982,-157.11111111111114,18.0,64.0
700.0,59,148.93333333333328,-183.33333333333357,15.0,60.0
800.0,59,181.4210526315789,-193.42105263157896,19.0,68.0
900.0,59,221.95833333333326,-210.41666666666652,24.0,70.0
1000.0,59,259.09999999999985,-228.89999999999995,10.0,60.0
1100.0,59,289.7916666666666,-246.83333333333331,24.0,78.0
1200.0,59,330.0555555555554,-269.9444444444444,18.0,72.0
1300.0,59,360.05555555555543,-285.61111111111114,18.0,66.0
1400.0,59,397.55,-298.1499999999999,20.0,64.0
1500.0,59,437.9615384615386,-298.53846153846143,26.0,64.0
1600.0,59,478.20000000000016,-309.1199999999999,25.0,72.0
1700.0,59,519.8421052631583,-324.42105263157885,19.0,62.0
1800.0,59,552.9166666666673,-342.5833333333334,12.0,64.0
1900.0,59,579.0937500000002,-371.06250000000006,32.0,74.0
2000.0,59,609.1071428571431,-410.1071428571428,28.0,78.0
2100.0,59,627.0000000000005,-446.7058823529408,17.0,64.0
2200.0,59,650.2000000000006,-478.59999999999974,20.0,74.0
2300.0,59,682.5000000000007,-498.4999999999998,20.0,70.0
2400.0,59,724.8823529411771,-510.3529411764702,17.0,52.0
2500.0,59,761.400000000001,-521.9999999999995,10.0,60.0
2600.0,59,788.8000000000005,-532.6999999999997,20.0,66.0
2700.0,59,826.900000000001,-545.1999999999994,10.0,52.0
2800.0,59,857.2000000000008,-567.1999999999995,15.0,64.0
2900.0,59,884.4090909090914,-591.4999999999997,22.0,66.0
3000.0,59,922.4090909090913,-605.9090909090905,22.0,68.0
3100.0,59,952.133333333334,-622.9333333333328,15.0,62.0
3200.0,59,973.4285714285721,-652.2857142857138,14.0,68.0
3300.0,59,985.7222222222226,-691.0555555555551,18.0,62.0
3400.0,59,1002.3636363636372,-727.9999999999993,11.0,64.0
3500.0,59,1024.2380952380956,-749.2380952380947,21.0,62.0
3600.0,59,1042.9166666666677,-775.999999999999,12.0,62.0
3700.0,59,1074.944444444445,-797.666666666666,18.0,56.0
3800.0,59,1105.8461538461543,-816.8076923076918,26.0,70.0
3900.0,59,1141.631578947369,-823.6315789473676,19.0,68.0
4000.0,59,1182.705882352942,-838.8823529411754,17.0,68.0
4100.0,59,1215.2000000000012,-856.5999999999984,10.0,60.0
4200.0,59,1249.7142857142865,-872.0714285714274,14.0,76.0
4300.0,59,1259.0909090909097,-905.3181818181811,22.0,72.0
4400.0,59,1262.142857142858,-946.0714285714275,14.0,66.0
4500.0,59,1264.1578947368428,-989.5789473684204,19.0,64.0
4600.0,59,1281.411764705883,-1021.6470588235286,17.0,78.0
4700.0,59,1313.8571428571433,-1036.0476190476184,21.0,82.0
4800.0,59,1346.1851851851854,-1047.7777777777771,27.0,66.0
4900.0,59,1382.434782608696,-1062.3478260869558,23.0,76.0
5000.0,59,1404.4583333333337,-1078.2083333333326,24.0,66.0
5100.0,59,1436.4545454545457,-1098.4545454545446,22.0,72.0
5200.0,59,1475.6666666666672,-1111.3809523809514,21.0,66.0
5300.0,59,1518.1904761904766,-1131.9999999999989,21.0,66.0
5400.0,59,1556.5000000000007,-1145.2857142857126,14.0,72.0
5500.0,59,1598.526315789474,-1163.8421052631568,19.0,78.0
5600.0,59,1626.1739130434787,-1187.9565217391296,23.0,60.0
5700.0,59,1644.7000000000003,-1212.3999999999987,20.0,72.0
5800.0,59,1666.5454545454552,-1248.999999999998,11.0,64.0
5900.0,59,1675.0000000000002,-1274.2857142857135,35.0,74.0
6000.0,59,1684.0000000000002,-1310.439999999999,25.0,64.0
6100.0,59,1695.7272727272734,-1341.1818181818157,11.0,64.0
6200.0,59,1715.3750000000005,-1367.9999999999984,16.0,72.0
6300.0,59,1737.7058823529414,-1406.4705882352926,17.0,60.0
6400.0,59,1756.526315789474,-1441.4210526315776,19.0,60.0
6500.0,59,1770.5384615384621,-1482.076923076921,13.0,68.0
6600.0,59,1784.769230769231,-1526.5384615384605,26.0,76.0
6700.0,59,1799.333333333334,-1563.3333333333308,9.0,60.0
6800.0,59,1815.588235294118,-1590.176470588234,17.0,70.0
6900.0,59,1841.3333333333337,-1598.499999999998,12.0,66.0
7000.0,59,1879.1428571428573,-1598.4285714285695,14.0,64.0
7100.0,59,1914.6428571428573,-1601.9285714285695,14.0,66.0
7200.0,59,1953.65,-1592.949999999999,20.0,64.0
7300.0,59,1985.777777777778,-1577.8888888888875,18.0,64.0
7400.0,59,2018.3600000000001,-1557.199999999999,25.0,70.0
7500.0,59,2042.3913043478262,-1531.9565217391294,23.0,82.0
7600.0,59,2081.3684210526317,-1509.210526315788,19.0,68.0
7700.0,59,2115.666666666667,-1494.2666666666648,15.0,64.0
7800.0,59,2153.75,-1480.2499999999989,24.0,58.0
7900.0,59,2190.65,-1465.9999999999986,20.0,80.0
8000.0,59,2229.75,-1448.1999999999985,20.0,86.0
8100.0,59,2262.461538461538,-1433.5384615384594,13.0,64.0
8200.0,59,2286.470588235294,-1413.8823529411748,17.0,62.0
8300.0,59,2325.0,-1392.9285714285693,14.0,62.0
8400.0,59,2359.9166666666665,-1370.666666666664,12.0,62.0
8500.0,59,2391.5789473684213,-1345.789473684209,19.0,68.0
8600.0,59,2425.3529411764707,-1333.0588235294101,17.0,66.0
8700.0,59,2462.105263157895,-1320.5789473684197,19.0,70.0
8800.0,59,2506.736842105263,-1299.789473684209,19.0,78.0
8900.0,59,2539.1499999999996,-1280.9499999999987,20.0,68.0
9000.0,59,2574.44,-1262.639999999999,25.0,76.0
9100.0,59,2605.9999999999995,-1241.0588235294101,17.0,70.0
9200.0,59,2621.363636363636,-1213.2272727272714,22.0,74.0
9300.0,59,2642.848484848485,-1187.6060606060598,33.0,74.0
9400.0,59,2665.6428571428573,-1150.2142857142833,14.0,74.0
9500.0,59,2687.1304347826085,-1115.2173913043464,23.0,70.0
9600.0,59,2703.4545454545455,-1082.2727272727243,11.0,66.0
9700.0,59,2717.7727272727275,-1046.772727272726,22.0,68.0
9800.0,59,2733.0,-1014.1578947368405,19.0,64.0
9900.0,59,2761.8695652173915,-991.9565217391291,23.0,72.0
10000.0,59,2784.0000000000005,-976.1333333333314,15.0,66.0
0.0,6,50.5,50.0,2.0,14.0
100.0,6,73.44444444444423,66.38888888888886,18.0,60.0
200.0,6,100.45454545454533,86.9999999999999,22.0,68.0
300.0,6,129.66666666666646,104.80000000000001,15.0,72.0
400.0,6,170.03333333333322,116.6000000000001,30.0,78.0
500.0,6,194.5333333333332,139.0000000000001,15.0,78.0
600.0,6,220.774193548387,162.51612903225816,31.0,72.0
700.0,6,252.38461538461507,179.30769230769246,13.0,72.0
800.0,6,295.0555555555553,186.11111111111137,18.0,62.0
900.0,6,329.1999999999996,196.2000000000005,10.0,62.0
1000.0,6,365.333333333333,207.5000000000002,18.0,68.0
1100.0,6,395.7857142857138,220.42857142857164,14.0,64.0
1200.0,6,426.3749999999998,233.93750000000017,16.0,68.0
1300.0,6,460.5263157894734,239.94736842105277,19.0,62.0
1400.0,6,500.52941176470557,244.11764705882365,17.0,66.0
1500.0,6,536.6499999999996,251.4500000000001,20.0,70.0
1600.0,6,567.2941176470584,267.05882352941194,17.0,62.0
1700.0,6,600.5999999999997,284.7000000000002,20.0,68.0
1800.0,6,637.3749999999995,301.2500000000002,16.0,66.0
1900.0,6,675.6999999999996,324.4000000000003,10.0,64.0
2000.0,6,705.6923076923074,337.30769230769255,13.0,66.0
2100.0,6,735.8124999999998,345.62500000000017,16.0,62.0
2200.0,6,778.3076923076922,356.3076923076926,13.0,56.0
2300.0,6,814.0909090909091,367.22727272727286,22.0,74.0
2400.0,6,858.5263157894736,380.3157894736843,19.0,64.0
2500.0,6,891.4999999999998,397.9375000000001,16.0,66.0
2600.0,6,923.1999999999997,420.3333333333336,15.0,68.0
2700.0,6,947.2499999999999,453.12500000000017,24.0,70.0
2800.0,6,957.4999999999995,492.4375000000002,16.0,68.0
2900.0,6,977.7857142857137,530.857142857143,14.0,74.0
3000.0,6,1000.1249999999997,578.0416666666667,24.0,86.0
3100.0,6,1017.1333333333326,608.0000000000001,15.0,64.0
3200.0,6,1030.4117647058818,638.2941176470591,17.0,70.0
3300.0,6,1047.9285714285706,666.6428571428575,14.0,74.0
3400.0,6,1066.5999999999995,695.1200000000001,25.0,66.0
3500.0,6,1086.8124999999993,731.1250000000002,16.0,64.0
3600.0,6,1104.6999999999994,764.1000000000001,20.0,72.0
3700.0,6,1125.1666666666656,797.7500000000001,12.0,66.0
3800.0,6,1143.5833333333328,832.0,24.0,74.0
3900.0,6,1152.9166666666663,871.0416666666666,24.0,70.0
4000.0,6,1166.0999999999995,908.7,20.0,62.0
4100.0,6,1189.5454545454538,937.9090909090909,22.0,70.0
4200.0,6,1211.1176470588225,974.5882352941176,17.0,60.0
4300.0,6,1230.2941176470579,1012.2352941176471,17.0,76.0
4400.0,6,1252.2222222222213,1046.2222222222222,18.0,74.0
4500.0,6,1278.8666666666657,1064.7333333333333,15.0,66.0
4600.0,6,1312.3529411764698,1080.0588235294117,17.0,58.0
4700.0,6,1340.7368421052624,1105.157894736842,19.0,66.0
4800.0,6,1357.9583333333328,1137.4166666666667,24.0,60.0
4900.0,6,1371.5999999999992,1172.4666666666667,15.0,60.0
5000.0,6,1386.210526315789,1201.2631578947367,19.0,64.0
5100.0,6,1418.4999999999995,1220.392857142857,28.0,66.0
5200.0,6,1448.714285714285,1235.857142857143,21.0,68.0
5300.0,6,1486.0624999999995,1246.28125,32.0,72.0
5400.0,6,1523.5428571428567,1250.9714285714285,35.0,78.0
5500.0,6,1556.9999999999995,1250.9,20.0,70.0
5600.0,6,1594.1724137931033,1243.5862068965519,29.0,80.0
5700.0,6,1630.8749999999998,1229.0833333333335,24.0,70.0
5800.0,6,1669.3749999999995,1213.0,16.0,72.0
5900.0,6,1694.473684210526,1191.6315789473686,19.0,64.0
6000.0,6,1719.8235294117644,1183.058823529412,17.0,62.0
6100.0,6,1757.4761904761901,1175.761904761905,21.0,58.0
6200.0,6,1797.733333333333,1161.2666666666669,15.0,68.0
6300.0,6,1836.3076923076922,1148.346153846154,26.0,76.0
6400.0,6,1864.705882352941,1126.0000000000002,17.0,58.0
6500.0,6,1903.2222222222217,1110.2222222222226,9.0,54.0
6600.0,6,1944.2105263157891,1084.0526315789477,19.0,70.0
6700.0,6,1981.4374999999998,1068.2812500000002,32.0,78.0
6800.0,6,2017.3,1065.9333333333334,30.0,70.0
6900.0,6,2056.3846153846152,1062.076923076923,13.0,64.0
7000.0,6,2093.962962962963,1047.5555555555557,27.0,66.0
7100.0,6,2130.0882352941176,1038.3235294117646,34.0,86.0
7200.0,6,2168.521739130435,1028.0869565217392,23.0,72.0
7300.0,6,2203.7058823529414,1009.2352941176474,17.0,68.0
7400.0,6,2238.75,994.5833333333335,24.0,78.0
7500.0,6,2269.6000000000004,976.4000000000005,10.0,68.0
7600.0,6,2301.222222222222,954.2222222222226,9.0,56.0
7700.0,6,2332.9655172413795,921.0344827586208,29.0,82.0
7800.0,6,2354.733333333333,886.8000000000003,15.0,68.0
7900.0,6,2373.4545454545455,857.6363636363639,11.0,64.0
8000.0,6,2395.857142857143,829.5000000000002,14.0,66.0
8100.0,6,2417.714285714286,794.2142857142859,14.0,72.0
8200.0,6,2413.538461538462,765.0769230769232,13.0,62.0
8300.0,6,2405.3333333333335,734.1666666666669,12.0,66.0
8400.0,6,2388.1000000000004,696.6000000000001,10.0,66.0
8500.0,6,2350.545454545455,679.6363636363637,11.0,64.0
8600.0,6,2319.5789473684213,660.6842105263158,19.0,70.0
8700.0,6,2300.3333333333335,628.8666666666667,30.0,66.0
8800.0,6,2285.461538461539,591.8461538461539,13.0,60.0
8900.0,6,2266.866666666667,564.3999999999999,15.0,68.0
9000.0,6,2245.0,530.695652173913,23.0,66.0
9100.0,6,2220.8750000000005,497.74999999999994,16.0,78.0
9200.0,6,2200.7500000000005,469.3750000000001,16.0,68.0
9300.0,6,2188.066666666667,430.6666666666668,15.0,70.0
9400.0,6,2173.1875000000005,396.18750000000006,16.0,68.0
9500.0,6,2161.1818181818185,366.5454545454546,22.0,70.0
9600.0,6,2136.166666666667,349.0000000000003,18.0,72.0
9700.0,6,2101.6400000000003,345.92000000000024,25.0,60.0
9800.0,6,2062.833333333334,345.25000000000074,12.0,66.0
9900.0,6,2021.3125000000002,340.7812500000002,32.0,68.0
10000.0,6,1985.3333333333342,329.26666666666716,15.0,68.0
0.0,60,50.0,50.0,1.0,8.0
100.0,60,19.55999999999988,62.79999999999991,25.0,66.0
200.0,60,-14.548387096774306,75.67741935483868,31.0,70.0
300.0,60,-50.055555555555756,78.77777777777789,18.0,68.0
400.0,60,-78.17647058823549,60.64705882352957,17.0,68.0
500.0,60,-103.72727272727275,33.84848484848496,33.0,78.0
600.0,60,-114.6875000000002,-4.124999999999716,16.0,64.0
700.0,60,-125.47058823529427,-40.88235294117618,17.0,74.0
800.0,60,-128.0476190476191,-80.3809523809523,21.0,64.0
900.0,60,-119.15625000000006,-122.21874999999991,32.0,72.0
1000.0,60,-107.84210526315796,-157.97368421052627,38.0,76.0
1100.0,60,-99.58823529411788,-199.05882352941157,17.0,62.0
1200.0,60,-85.2857142857145,-237.38095238095224,21.0,82.0
1300.0,60,-66.7727272727274,-267.1363636363635,22.0,64.0
1400.0,60,-38.03125000000003,-291.53125,32.0,78.0
1500.0,60,-13.399999999999935,-313.93333333333334,15.0,70.0
1600.0,60,27.875000000000146,-324.1250000000001,16.0,64.0
1700.0,60,64.25000000000013,-343.33333333333337,12.0,64.0
1800.0,60,89.69230769230772,-370.84615384615387,26.0,68.0
1900.0,60,105.60000000000005,-403.93333333333356,15.0,72.0
2000.0,60,113.06249999999984,-442.1875000000001,16.0,58.0
2100.0,60,138.33333333333317,-475.66666666666686,18.0,62.0
2200.0,60,171.8571428571427,-496.09523809523824,21.0,66.0
2300.0,60,204.62068965517227,-514.5517241379312,29.0,72.0
2400.0,60,244.52173913043447,-513.8695652173915,23.0,64.0
2500.0,60,270.869565217391,-492.9565217391306,23.0,78.0
2600.0,60,286.78571428571405,-455.6428571428572,28.0,72.0
2700.0,60,295.99999999999926,-416.4166666666671,12.0,60.0
2800.0,60,317.2413793103446,-386.8275862068967,29.0,74.0
2900.0,60,341.2666666666661,-359.666666666667,15.0,62.0
3000.0,60,382.0666666666662,-337.0666666666671,15.0,58.0
3100.0,60,421.24999999999943,-323.0000000000006,12.0,68.0
3200.0,60,457.31578947368405,-324.0000000000006,19.0,68.0
3300.0,60,496.29166666666646,-327.25000000000057,24.0,68.0
3400.0,60,531.4193548387095,-329.06451612903277,31.0,82.0
3500.0,60,571.4545454545453,-338.68181818181904,22.0,60.0
3600.0,60,606.5789473684209,-347.89473684210645,19.0,66.0
3700.0,60,643.1739130434784,-347.1739130434792,23.0,64.0
3800.0,60,687.0909090909091,-353.50000000000097,22.0,64.0
3900.0,60,726.8571428571428,-349.14285714285825,21.0,72.0
4000.0,60,763.9999999999999,-366.09090909091134,11.0,62.0
4100.0,60,793.7142857142856,-384.35714285714465,14.0,66.0
4200.0,60,821.1666666666665,-397.16666666666885,12.0,60.0
4300.0,60,838.7333333333333,-427.73333333333426,30.0,78.0
4400.0,60,853.3809523809523,-465.33333333333474,21.0,64.0
4500.0,60,876.8333333333333,-492.6666666666674,36.0,76.0
4600.0,60,908.4615384615383,-518.4615384615405,13.0,70.0
4700.0,60,946.2608695652171,-530.3913043478273,23.0,82.0
4800.0,60,979.9090909090905,-544.6363636363661,11.0,56.0
4900.0,60,1018.3124999999998,-552.1250000000018,16.0,60.0
5000.0,60,1054.6086956521738,-567.8695652173926,23.0,64.0
5100.0,60,1086.6,-579.5333333333355,15.0,62.0
5200.0,60,1103.9999999999998,-609.6363636363668,11.0,60.0
5300.0,60,1132.2999999999997,-640.2500000000016,20.0,62.0
5400.0,60,1145.428571428571,-682.7857142857167,14.0,68.0
5500.0,60,1160.6666666666663,-715.6666666666695,12.0,66.0
5600.0,60,1174.0909090909086,-751.7272727272759,11.0,62.0
5700.0,60,1194.1304347826085,-788.0000000000015,23.0,68.0
5800.0,60,1206.958333333333,-827.0000000000014,24.0,68.0
5900.0,60,1214.9999999999993,-860.8333333333363,12.0,60.0
6000.0,60,1231.8461538461531,-895.307692307695,13.0,66.0
6100.0,60,1246.9999999999995,-930.6363636363651,22.0,76.0
6200.0,60,1249.90909090909,-964.1818181818212,11.0,58.0
6300.0,60,1250.583333333333,-1006.041666666668,24.0,64.0
6400.0,60,1247.35,-1048.0000000000016,20.0,64.0
6500.0,60,1240.5384615384614,-1087.8846153846166,26.0,66.0
6600.0,60,1223.7647058823525,-1121.1176470588255,17.0,70.0
6700.0,60,1209.1538461538455,-1155.0000000000025,13.0,62.0
6800.0,60,1189.2142857142853,-1195.5000000000025,14.0,64.0
6900.0,60,1174.8999999999996,-1241.6500000000017,20.0,88.0
7000.0,60,1158.4347826086953,-1286.13043478261,23.0,68.0
7100.0,60,1142.0499999999997,-1315.0500000000015,20.0,68.0
7200.0,60,1121.9999999999998,-1350.88888888889,27.0,72.0
7300.0,60,1111.3999999999996,-1390.0666666666687,15.0,60.0
7400.0,60,1106.7857142857138,-1430.000000000002,14.0,66.0
7500.0,60,1111.3999999999999,-1474.4000000000021,15.0,64.0
7600.0,60,1121.9230769230767,-1508.0000000000023,13.0,62.0
7700.0,60,1129.0769230769229,-1546.538461538464,13.0,68.0
7800.0,60,1137.8181818181815,-1584.727272727275,11.0,62.0
7900.0,60,1152.5263157894738,-1613.63157894737,19.0,66.0
8000.0,60,1168.047619047619,-1651.3333333333348,21.0,76.0
8100.0,60,1181.72,-1692.5200000000011,25.0,64.0
8200.0,60,1196.6315789473683,-1722.473684210528,19.0,74.0
8300.0,60,1212.4,-1753.7600000000014,25.0,76.0
8400.0,60,1230.8000000000002,-1792.2500000000016,20.0,68.0
8500.0,60,1251.5555555555559,-1826.2962962962974,27.0,74.0
8600.0,60,1258.636363636364,-1869.545454545456,22.0,64.0
8700.0,60,1276.2500000000007,-1909.187500000002,16.0,72.0
8800.0,60,1293.8846153846157,-1942.0384615384628,26.0,72.0
8900.0,60,1300.3913043478265,-1974.2608695652189,23.0,64.0
9000.0,60,1321.8000000000009,-2011.900000000003,10.0,64.0
9100.0,60,1343.0769230769235,-2044.846153846156,13.0,64.0
9200.0,60,1358.9333333333338,-2087.1333333333355,15.0,70.0
9300.0,60,1378.4166666666672,-2127.6666666666692,12.0,64.0
9400.0,60,1389.1000000000004,-2156.100000000003,10.0,62.0
9500.0,60,1392.8750000000002,-2187.7500000000014,24.0,66.0
9600.0,60,1401.3000000000004,-2224.000000000003,10.0,62.0
9700.0,60,1424.3846153846157,-2262.3076923076947,13.0,70.0
9800.0,60,1445.8125000000005,-2301.625000000002,16.0,66.0
9900.0,60,1469.1250000000002,-2321.500000000002,16.0,62.0
10000.0,60,1513.263157894737,-2337.9473684210543,19.0,66.0
0.0,61,50.0,50.0,1.0,8.0
100.0,61,79.63157894736847,66.47368421052622,19.0,68.0
200.0,61,118.08695652173907,87.52173913043461,23.0,64.0
300.0,61,155.9473684210527,101.99999999999969,19.0,64.0
400.0,61,195.40000000000015,116.29999999999949,10.0,60.0
500.0,61,228.6666666666668,131.24999999999955,12.0,64.0
600.0,61,253.63636363636374,144.6363636363631,11.0,64.0
700.0,61,289.0,144.928571428571,14.0,64.0
800.0,61,329.44444444444446,136.11111111111074,18.0,76.0
900.0,61,361.10000000000014,122.79999999999947,10.0,64.0
1000.0,61,378.45454545454567,88.04545454545429,22.0,78.0
1100.0,61,397.85714285714306,53.619047619047414,21.0,76.0
1200.0,61,410.70000000000016,24.799999999999834,20.0,58.0
1300.0,61,419.5000000000001,-11.312500000000057,32.0,74.0
1400.0,61,428.58333333333366,-44.75000000000025,12.0,68.0
1500.0,61,442.88235294117663,-80.64705882352956,17.0,58.0
1600.0,61,451.58333333333326,-114.33333333333364,12.0,68.0
1700.0,61,445.8571428571428,-154.23809523809547,21.0,68.0
1800.0,61,428.3749999999997,-185.18750000000045,16.0,66.0
1900.0,61,403.3913043478259,-218.34782608695684,23.0,74.0
2000.0,61,387.2222222222217,-254.8888888888897,9.0,58.0
2100.0,61,364.9999999999999,-279.10000000000025,30.0,68.0
2200.0,61,323.2666666666665,-288.3333333333339,15.0,62.0
2300.0,61,281.17241379310343,-288.137931034483,29.0,70.0
2400.0,61,241.4210526315788,-286.9473684210531,19.0,74.0
2500.0,61,211.99999999999991,-264.0833333333338,24.0,76.0
2600.0,61,189.642857142857,-227.57142857142946,14.0,64.0
2700.0,61,162.91666666666666,-197.33333333333462,12.0,60.0
2800.0,61,121.19999999999987,-185.26666666666776,15.0,64.0
2900.0,61,88.095238095238,-172.33333333333402,21.0,72.0
3000.0,61,52.39999999999982,-162.66666666666777,15.0,58.0
3100.0,61,10.523809523809302,-150.61904761904864,21.0,64.0
3200.0,61,-28.75000000000027,-136.80000000000126,20.0,74.0
3300.0,61,-59.555555555556225,-115.11111111111362,9.0,62.0
3400.0,61,-96.43750000000043,-90.00000000000152,16.0,70.0
3500.0,61,-125.93750000000045,-70.81250000000153,16.0,70.0
3600.0,61,-161.46666666666732,-55.06666666666821,15.0,56.0
3700.0,61,-197.05882352941242,-34.29411764706013,17.0,72.0
3800.0,61,-229.68000000000046,-9.160000000000977,25.0,64.0
3900.0,61,-251.41176470588292,22.941176470586697,17.0,56.0
4000.0,61,-267.15384615384716,56.692307692305576,13.0,70.0
4100.0,61,-279.0714285714294,91.14285714285529,14.0,70.0
4200.0,61,-287.2424242424246,130.90909090909008,33.0,74.0
4300.0,61,-300.5500000000005,168.24999999999852,20.0,72.0
4400.0,61,-311.7727272727277,198.68181818181682,22.0,68.0
4500.0,61,-317.6666666666672,235.44444444444275,18.0,62.0
4600.0,61,-313.3703703703707,275.5925925925917,27.0,72.0
4700.0,61,-302.7857142857149,311.78571428571263,14.0,60.0
4800.0,61,-296.9090909090917,349.09090909090696,11.0,60.0
4900.0,61,-273.72000000000037,378.519999999999,25.0,62.0
5000.0,61,-256.3076923076929,411.92307692307503,13.0,68.0
5100.0,61,-232.06666666666715,440.1999999999982,15.0,70.0
5200.0,61,-200.2692307692311,463.53846153846047,26.0,70.0
5300.0,61,-182.1538461538468,509.3846153846135,13.0,70.0
5400.0,61,-170.11764705882402,552.8823529411751,17.0,64.0
5500.0,61,-156.1111111111114,586.6666666666658,27.0,76.0
5600.0,61,-150.40000000000023,615.1599999999992,25.0,60.0
5700.0,61,-147.40000000000018,654.5333333333326,30.0,68.0
5800.0,61,-133.81250000000014,689.8437499999995,32.0,80.0
5900.0,61,-118.8695652173914,722.3478260869559,23.0,70.0
6000.0,61,-96.21739130434786,748.9999999999995,23.0,70.0
6100.0,61,-62.60000000000012,767.0499999999994,20.0,66.0
6200.0,61,-27.18750000000027,781.8124999999993,16.0,64.0
6300.0,61,8.272727272727149,813.8181818181813,22.0,74.0
6400.0,61,16.739130434782535,853.1739130434779,23.0,68.0
6500.0,61,23.11428571428571,892.8571428571425,35.0,74.0
6600.0,61,23.440000000000126,928.4399999999996,25.0,70.0
6700.0,61,27.800000000000146,967.4799999999996,25.0,62.0
6800.0,61,43.91666666666691,1010.8333333333327,12.0,68.0
6900.0,61,62.9444444444446,1045.3333333333328,18.0,66.0
7000.0,61,74.37500000000028,1085.562499999999,16.0,68.0
7100.0,61,105.26923076923097,1110.1923076923072,26.0,66.0
7200.0,61,133.81818181818213,1124.5454545454534,11.0,62.0
7300.0,61,169.70833333333331,1144.3333333333328,24.0,76.0
7400.0,61,202.3846153846153,1156.76923076923,13.0,62.0
7500.0,61,242.36363636363637,1142.9090909090903,11.0,68.0
7600.0,61,264.0625000000001,1110.9374999999995,16.0,66.0
7700.0,61,278.6470588235295,1078.5294117647056,17.0,64.0
7800.0,61,287.4615384615387,1047.307692307692,13.0,62.0
7900.0,61,303.1538461538462,1014.230769230769,13.0,54.0
8000.0,61,314.074074074074,978.1111111111111,27.0,70.0
8100.0,61,330.57142857142827,936.5714285714284,14.0,58.0
8200.0,61,345.4444444444438,906.3333333333333,9.0,60.0
8300.0,61,368.27777777777754,877.4444444444443,18.0,64.0
8400.0,61,381.411764705882,840.470588235294,17.0,60.0
8500.0,61,400.411764705882,807.6470588235293,17.0,56.0
8600.0,61,413.3571428571425,768.5714285714286,14.0,68.0
8700.0,61,432.4999999999991,744.75,8.0,52.0
8800.0,61,463.5833333333328,724.7499999999999,12.0,60.0
8900.0,61,493.99999999999955,704.2499999999999,16.0,60.0
9000.0,61,529.2857142857138,689.2142857142856,14.0,62.0
9100.0,61,559.7307692307689,677.7307692307692,26.0,70.0
9200.0,61,594.6363636363633,670.060606060606,33.0,76.0
9300.0,61,640.4285714285709,663.0952380952381,21.0,62.0
9400.0,61,675.2222222222215,654.5555555555554,18.0,62.0
9500.0,61,715.4999999999993,641.1499999999997,20.0,60.0
9600.0,61,749.3749999999995,619.1249999999999,32.0,72.0
9700.0,61,788.2222222222214,602.6111111111107,18.0,68.0
9800.0,61,832.1794871794868,591.5897435897434,39.0,86.0
9900.0,61,871.4583333333328,579.9166666666665,24.0,68.0
10000.0,61,908.2941176470581,556.8235294117646,17.0,62.0
0.0,62,48.5,49.333333333333336,6.0,32.0
100.0,62,23.157894736842206,33.842105263157876,19.0,64.0
200.0,62,-13.82142857142847,34.07142857142868,28.0,82.0
300.0,62,-53.82142857142834,39.60714285714287,28.0,68.0
400.0,62,-88.09999999999945,60.30000000000014,10.0,60.0
500.0,62,-111.19999999999978,88.08000000000014,25.0,76.0
600.0,62,-128.33333333333275,125.66666666666706,12.0,66.0
700.0,62,-151.64705882352897,163.23529411764733,17.0,62.0
800.0,62,-173.45833333333294,196.58333333333348,24.0,68.0
900.0,62,-205.27272727272634,221.45454545454575,11.0,62.0
1000.0,62,-236.94444444444397,244.7222222222224,18.0,68.0
1100.0,62,-276.1818181818175,261.63636363636385,11.0,68.0
1200.0,62,-311.4999999999996,276.6111111111112,18.0,74.0
1300.0,62,-347.1818181818178,296.77272727272737,22.0,70.0
1400.0,62,-385.66666666666623,324.94444444444457,18.0,66.0
1500.0,62,-411.16666666666583,341.0833333333336,12.0,62.0
1600.0,62,-449.8571428571425,368.78571428571433,28.0,74.0
1700.0,62,-484.99999999999955,379.9473684210526,19.0,62.0
1800.0,62,-516.2142857142851,403.2142857142856,14.0,64.0
1900.0,62,-549.5882352941171,423.8235294117646,17.0,62.0
2000.0,62,-584.5384615384608,444.53846153846155,13.0,70.0
2100.0,62,-601.5294117647053,465.29411764705867,17.0,58.0
2200.0,62,-613.1428571428567,494.8571428571427,21.0,74.0
2300.0,62,-629.1538461538455,524.9999999999999,13.0,66.0
2400.0,62,-644.5333333333328,561.1999999999999,15.0,68.0
2500.0,62,-655.3888888888886,591.4999999999999,18.0,66.0
2600.0,62,-669.2857142857139,624.9999999999999,14.0,58.0
2700.0,62,-684.8888888888886,669.2222222222221,18.0,64.0
2800.0,62,-695.9999999999992,693.444444444444,9.0,64.0
2900.0,62,-729.7499999999995,697.6249999999998,16.0,68.0
3000.0,62,-767.2142857142857,703.6071428571428,28.0,70.0
3100.0,62,-804.8750000000001,707.3749999999998,16.0,62.0
3200.0,62,-837.8571428571429,721.2857142857139,14.0,68.0
3300.0,62,-874.9230769230769,735.538461538461,13.0,62.0
3400.0,62,-914.9999999999999,751.2499999999994,12.0,74.0
3500.0,62,-955.3076923076922,775.846153846153,13.0,66.0
3600.0,62,-992.9285714285712,785.6428571428564,14.0,68.0
3700.0,62,-1029.7777777777776,786.4444444444442,27.0,58.0
3800.0,62,-1066.2666666666662,801.733333333333,15.0,68.0
3900.0,62,-1096.5294117647054,820.8823529411762,17.0,68.0
4000.0,62,-1135.0588235294115,841.7352941176468,34.0,84.0
4100.0,62,-1171.0909090909083,850.3636363636357,11.0,64.0
4200.0,62,-1208.538461538461,859.9230769230761,13.0,62.0
4300.0,62,-1246.9583333333333,855.708333333333,24.0,58.0
4400.0,62,-1286.9166666666665,857.7916666666664,24.0,64.0
4500.0,62,-1326.392857142857,857.4285714285712,28.0,70.0
4600.0,62,-1365.8888888888887,856.1111111111109,27.0,68.0
4700.0,62,-1401.3636363636363,860.3636363636359,22.0,68.0
4800.0,62,-1438.0625,874.4999999999997,32.0,82.0
4900.0,62,-1463.9166666666665,882.9583333333329,24.0,70.0
5000.0,62,-1505.4374999999998,886.8749999999994,16.0,64.0
5100.0,62,-1547.2142857142856,893.7142857142852,14.0,66.0
5200.0,62,-1585.7307692307693,903.6153846153843,26.0,72.0
5300.0,62,-1618.8846153846152,914.0384615384613,26.0,76.0
5400.0,62,-1653.2142857142856,934.6428571428568,14.0,60.0
5500.0,62,-1692.8125,952.3124999999995,16.0,66.0
5600.0,62,-1729.0625,966.1874999999994,16.0,58.0
5700.0,62,-1762.6923076923078,982.1923076923073,26.0,66.0
5800.0,62,-1796.5,1003.7499999999997,24.0,72.0
5900.0,62,-1835.8000000000002,1019.533333333333,30.0,84.0
6000.0,62,-1869.0500000000002,1030.0999999999995,20.0,74.0
6100.0,62,-1904.4444444444448,1035.1111111111104,18.0,60.0
6200.0,62,-1938.1578947368423,1040.052631578947,19.0,68.0
6300.0,62,-1980.076923076923,1051.9230769230765,26.0,78.0
6400.0,62,-2019.8275862068967,1063.9999999999995,29.0,68.0
6500.0,62,-2055.538461538462,1073.3076923076915,13.0,58.0
6600.0,62,-2089.4615384615386,1085.999999999999,13.0,66.0
6700.0,62,-2111.285714285714,1095.7619047619041,21.0,66.0
6800.0,62,-2144.84,1102.6399999999994,25.0,68.0
6900.0,62,-2181.071428571429,1116.9285714285704,14.0,66.0
7000.0,62,-2208.8947368421054,1134.263157894736,19.0,72.0
7100.0,62,-2244.25,1139.541666666666,24.0,70.0
7200.0,62,-2274.0000000000005,1153.312499999999,16.0,68.0
7300.0,62,-2312.7352941176473,1169.2647058823525,34.0,70.0
7400.0,62,-2336.3750000000005,1200.2187499999995,32.0,68.0
7500.0,62,-2370.000000000001,1223.5454545454527,11.0,64.0
7600.0,62,-2408.0769230769233,1243.0384615384608,26.0,80.0
7700.0,62,-2435.3200000000006,1260.2799999999993,25.0,80.0
7800.0,62,-2457.0000000000005,1289.799999999999,20.0,68.0
7900.0,62,-2478.263157894737,1311.5263157894726,19.0,70.0
8000.0,62,-2513.166666666667,1330.6249999999993,24.0,74.0
8100.0,62,-2548.0000000000005,1345.799999999999,20.0,60.0
8200.0,62,-2575.9444444444453,1382.4999999999989,18.0,70.0
8300.0,62,-2586.2631578947376,1416.421052631578,19.0,70.0
8400.0,62,-2597.8500000000004,1454.4499999999991,20.0,64.0
8500.0,62,-2613.8235294117653,1486.1764705882342,17.0,76.0
8600.0,62,-2640.3846153846157,1512.26923076923,26.0,70.0
8700.0,62,-2657.923076923077,1550.230769230768,13.0,66.0
8800.0,62,-2686.34375,1572.3749999999995,32.0,74.0
8900.0,62,-2720.3846153846157,1580.2692307692303,26.0,70.0
9000.0,62,-2750.0625000000005,1595.187499999999,16.0,66.0
9100.0,62,-2785.809523809524,1615.3333333333326,21.0,62.0
9200.0,62,-2820.470588235294,1630.2352941176462,17.0,66.0
9300.0,62,-2853.125,1649.874999999999,16.0,62.0
9400.0,62,-2887.818181818182,1657.7272727272714,11.0,56.0
9500.0,62,-2923.8684210526317,1673.736842105263,38.0,76.0
9600.0,62,-2958.8,1690.5499999999993,20.0,66.0
9700.0,62,-3003.684210526316,1712.4210526315783,19.0,62.0
9800.0,62,-3037.8571428571427,1724.285714285713,14.0,68.0
9900.0,62,-3078.6,1731.5333333333322,15.0,62.0
10000.0,62,-3117.681818181818,1737.6818181818176,22.0,74.0
0.0,63,50.5,50.5,2.0,14.0
100.0,63,81.59090909090905,61.909090909090786,22.0,72.0
200.0,63,116.61904761904748,71.57142857142853,21.0,60.0
300.0,63,141.33333333333317,93.94444444444437,18.0,76.0
400.0,63,176.12499999999974,115.74999999999991,16.0,68.0
500.0,63,213.23076923076874,125.46153846153864,13.0,68.0
600.0,63,245.8181818181812,140.27272727272762,11.0,58.0
700.0,63,268.07407407407374,166.29629629629648,27.0,60.0
800.0,63,286.6874999999993,198.18750000000026,16.0,64.0
900.0,63,312.7058823529408,225.3529411764708,34.0,76.0
1000.0,63,333.44999999999936,262.7500000000003,20.0,72.0
1100.0,63,350.9411764705875,292.4117647058826,17.0,64.0
1200.0,63,366.5999999999987,326.70000000000016,10.0,66.0
1300.0,63,389.84615384615324,354.34615384615387,26.0,68.0
1400.0,63,411.5882352941165,391.0588235294117,17.0,68.0
1500.0,63,419.90909090909,422.90909090909093,22.0,58.0
1600.0,63,416.8181818181808,462.63636363636357,22.0,72.0
1700.0,63,412.2499999999992,497.04166666666646,24.0,72.0
1800.0,63,410.5789473684202,535.7894736842103,19.0,74.0
1900.0,63,393.7692307692293,569.2307692307687,13.0,64.0
2000.0,63,359.2799999999993,581.3599999999998,25.0,66.0
2100.0,63,324.47058823529295,581.2941176470584,17.0,64.0
2200.0,63,287.399999999998,595.9999999999992,10.0,60.0
2300.0,63,246.46666666666528,615.6666666666662,15.0,64.0
2400.0,63,206.9999999999992,627.3846153846151,26.0,70.0
2500.0,63,169.43749999999864,631.0624999999995,16.0,60.0
2600.0,63,145.38888888888772,635.444444444444,18.0,62.0
2700.0,63,111.40740740740664,653.5555555555553,27.0,76.0
2800.0,63,81.65217391304257,657.9130434782605,23.0,72.0
2900.0,63,44.36363636363562,666.3181818181814,22.0,72.0
3000.0,63,3.8999999999983572,681.5999999999992,10.0,58.0
3100.0,63,-20.400000000001057,707.9333333333328,15.0,64.0
3200.0,63,-30.17391304347899,753.9130434782605,23.0,70.0
3300.0,63,-39.13333333333464,793.4666666666658,15.0,66.0
3400.0,63,-48.450000000000976,827.1499999999993,20.0,62.0
3500.0,63,-66.0000000000012,869.4285714285704,14.0,66.0
3600.0,63,-81.07142857142965,902.7857142857133,14.0,74.0
3700.0,63,-115.7307692307698,933.2307692307687,26.0,70.0
3800.0,63,-151.08333333333448,948.6666666666656,12.0,66.0
3900.0,63,-182.08333333333448,958.4166666666655,12.0,64.0
4000.0,63,-212.27777777777854,972.3888888888881,18.0,72.0
4100.0,63,-253.0869565217397,970.6521739130428,23.0,70.0
4200.0,63,-286.7272727272733,971.8636363636357,22.0,62.0
4300.0,63,-325.6666666666673,967.1428571428565,21.0,60.0
4400.0,63,-365.387096774194,966.9677419354834,31.0,76.0
4500.0,63,-399.80952380952436,975.8095238095233,21.0,68.0
4600.0,63,-436.60000000000076,985.1333333333326,15.0,72.0
4700.0,63,-477.33333333333405,988.3333333333327,18.0,66.0
4800.0,63,-512.8125000000007,982.2499999999994,16.0,56.0
4900.0,63,-549.0833333333343,971.8333333333325,12.0,66.0
5000.0,63,-590.4375000000007,969.6874999999993,16.0,60.0
5100.0,63,-633.0000000000003,978.2857142857139,28.0,84.0
5200.0,63,-668.5000000000002,991.8333333333329,30.0,82.0
5300.0,63,-712.0000000000006,1008.3749999999992,16.0,62.0
5400.0,63,-743.7500000000008,1023.2499999999989,12.0,68.0
5500.0,63,-775.8888888888896,1038.555555555555,18.0,70.0
5600.0,63,-804.0952380952389,1059.0476190476186,21.0,58.0
5700.0,63,-828.5454545454559,1071.5454545454536,11.0,62.0
5800.0,63,-863.5000000000007,1078.9499999999994,20.0,58.0
5900.0,63,-906.6363636363649,1092.4545454545444,11.0,62.0
6000.0,63,-934.555555555557,1117.333333333332,9.0,58.0
6100.0,63,-952.7142857142867,1155.4285714285704,14.0,58.0
6200.0,63,-975.3000000000006,1193.1999999999994,20.0,78.0
6300.0,63,-997.8787878787882,1227.5757575757573,33.0,82.0
6400.0,63,-1017.1666666666671,1263.1666666666663,24.0,64.0
6500.0,63,-1022.2413793103451,1293.1034482758616,29.0,68.0
6600.0,63,-1037.2222222222226,1335.1111111111109,27.0,72.0
6700.0,63,-1047.1304347826092,1374.6086956521735,23.0,66.0
6800.0,63,-1057.5000000000005,1411.2499999999993,16.0,68.0
6900.0,63,-1074.692307692308,1452.76923076923,13.0,72.0
7000.0,63,-1104.4000000000003,1474.6399999999996,25.0,74.0
7100.0,63,-1133.1818181818185,1489.954545454545,22.0,70.0
7200.0,63,-1175.5625000000007,1500.8749999999993,16.0,68.0
7300.0,63,-1210.1666666666672,1511.1111111111106,18.0,70.0
7400.0,63,-1247.09090909091,1534.1818181818176,11.0,62.0
7500.0,63,-1283.1111111111113,1545.6666666666665,27.0,84.0
7600.0,63,-1319.846153846154,1553.8461538461536,13.0,66.0
7700.0,63,-1346.3225806451615,1574.9677419354837,31.0,74.0
7800.0,63,-1377.9333333333338,1594.0666666666662,15.0,64.0
7900.0,63,-1413.3750000000005,1608.1249999999995,16.0,80.0
8000.0,63,-1451.7500000000005,1613.0833333333328,12.0,60.0
8100.0,63,-1492.2105263157898,1609.0526315789468,19.0,68.0
8200.0,63,-1528.4375000000005,1596.9374999999995,16.0,72.0
8300.0,63,-1537.1363636363637,1571.454545454545,22.0,68.0
8400.0,63,-1553.2105263157896,1535.2631578947364,19.0,68.0
8500.0,63,-1574.2916666666667,1507.9999999999998,24.0,74.0
8600.0,63,-1590.0,1478.8666666666663,15.0,70.0
8700.0,63,-1610.9230769230767,1451.76923076923,13.0,66.0
8800.0,63,-1634.133333333333,1419.9999999999993,15.0,70.0
8900.0,63,-1667.9999999999995,1400.1999999999991,15.0,78.0
9000.0,63,-1700.238095238095,1384.666666666666,21.0,68.0
9100.0,63,-1740.3571428571424,1367.857142857142,14.0,68.0
9200.0,63,-1769.5714285714282,1357.9285714285706,14.0,62.0
9300.0,63,-1807.0399999999997,1352.3199999999997,25.0,76.0
9400.0,63,-1846.542857142857,1333.5714285714284,35.0,78.0
9500.0,63,-1879.8666666666666,1309.3999999999996,15.0,68.0
9600.0,63,-1908.142857142857,1286.1428571428569,21.0,78.0
9700.0,63,-1931.5405405405404,1262.6486486486485,37.0,72.0
9800.0,63,-1967.1599999999999,1244.7999999999997,25.0,72.0
9900.0,63,-2010.774193548387,1232.0322580645159,31.0,70.0
10000.0,63,-2043.904761904762,1223.9523809523805,21.0,72.0
0.0,64,50.0,50.0,3.0,20.0
100.0,64,22.18181818181836,58.27272727272734,22.0,64.0
200.0,64,-7.999999999999744,84.85714285714305,14.0,64.0
300.0,64,-22.81249999999983,119.25000000000028,16.0,64.0
400.0,64,-41.16666666666665,156.0833333333339,12.0,70.0
500.0,64,-70.04166666666663,182.4166666666669,24.0,80.0
600.0,64,-102.16666666666663,198.083333333334,12.0,66.0
700.0,64,-135.07692307692298,218.07692307692372,13.0,58.0
800.0,64,-150.4444444444444,252.44444444444497,18.0,56.0
900.0,64,-171.00000000000006,286.63636363636436,11.0,64.0
1000.0,64,-194.37500000000006,320.56250000000045,16.0,62.0
1100.0,64,-216.50000000000023,360.00000000000045,12.0,64.0
1200.0,64,-233.20000000000013,392.6000000000003,20.0,64.0
1300.0,64,-247.20000000000007,429.9500000000003,20.0,78.0
1400.0,64,-265.1875000000001,460.6250000000002,16.0,66.0
1500.0,64,-297.2000000000001,488.0500000000003,20.0,60.0
1600.0,64,-335.8947368421052,503.8947368421056,19.0,60.0
1700.0,64,-373.4999999999998,525.1000000000005,10.0,66.0
1800.0,64,-391.66666666666646,551.0833333333338,12.0,64.0
1900.0,64,-410.61111111111103,571.777777777778,18.0,64.0
2000.0,64,-447.85714285714283,596.6428571428576,14.0,64.0
2100.0,64,-488.4333333333334,606.066666666667,30.0,78.0
2200.0,64,-518.0769230769232,624.9230769230777,13.0,66.0
2300.0,64,-534.6666666666667,664.0952380952386,21.0,80.0
2400.0,64,-547.1071428571428,700.8928571428577,28.0,74.0
2500.0,64,-559.2999999999997,733.6000000000006,20.0,62.0
2600.0,64,-569.9999999999995,772.4285714285724,14.0,70.0
2700.0,64,-590.6363636363631,804.9090909090921,11.0,64.0
2800.0,64,-624.461538461538,828.2307692307702,13.0,60.0
2900.0,64,-641.2499999999995,851.9166666666681,12.0,66.0
3000.0,64,-662.2499999999998,875.9500000000007,20.0,70.0
3100.0,64,-674.6923076923074,908.7692307692319,13.0,66.0
3200.0,64,-679.7407407407405,952.7407407407412,27.0,72.0
3300.0,64,-673.3888888888886,988.7777777777784,18.0,56.0
3400.0,64,-660.1249999999995,1018.8750000000015,8.0,54.0
3500.0,64,-645.576923076923,1052.615384615385,26.0,66.0
3600.0,64,-626.8461538461535,1083.153846153847,13.0,68.0
3700.0,64,-592.2499999999995,1109.5000000000011,12.0,70.0
3800.0,64,-558.1999999999997,1138.4500000000007,20.0,62.0
3900.0,64,-523.7272727272725,1151.6363636363642,22.0,60.0
4000.0,64,-481.6153846153843,1163.6923076923085,13.0,56.0
4100.0,64,-446.29999999999984,1171.166666666667,30.0,74.0
4200.0,64,-406.41666666666646,1176.2083333333337,24.0,72.0
4300.0,64,-369.5999999999997,1184.4400000000005,25.0,66.0
4400.0,64,-336.6399999999999,1208.4400000000005,25.0,66.0
4500.0,64,-305.61290322580646,1232.5806451612907,31.0,78.0
4600.0,64,-278.3124999999999,1251.625000000001,16.0,58.0
4700.0,64,-252.230769230769,1265.6923076923088,13.0,64.0
4800.0,64,-219.49999999999972,1290.9166666666677,12.0,58.0
4900.0,64,-202.09999999999954,1316.300000000001,10.0,62.0
5000.0,64,-179.08333333333317,1346.3333333333342,12.0,76.0
5100.0,64,-151.7419354838708,1371.7741935483875,31.0,68.0
5200.0,64,-112.8,1384.2500000000007,20.0,64.0
5300.0,64,-75.68750000000004,1405.500000000001,16.0,66.0
5400.0,64,-33.90909090909089,1426.1818181818194,11.0,64.0
5500.0,64,0.5000000000000088,1445.7307692307697,26.0,74.0
5600.0,64,35.55555555555544,1454.7777777777794,9.0,58.0
5700.0,64,71.54999999999997,1456.500000000001,20.0,78.0
5800.0,64,112.18181818181814,1456.7272727272732,22.0,64.0
5900.0,64,145.61111111111103,1438.111111111112,18.0,72.0
6000.0,64,181.84615384615367,1424.153846153847,13.0,56.0
6100.0,64,213.3571428571427,1416.500000000001,14.0,68.0
6200.0,64,246.65217391304336,1398.6956521739135,23.0,70.0
6300.0,64,263.43749999999966,1367.9375000000005,16.0,64.0
6400.0,64,272.8999999999994,1327.700000000001,10.0,64.0
6500.0,64,290.84999999999974,1288.4000000000005,20.0,62.0
6600.0,64,305.95238095238074,1253.380952380953,21.0,66.0
6700.0,64,330.68181818181796,1222.5909090909097,22.0,60.0
6800.0,64,358.39999999999975,1194.6666666666679,15.0,74.0
6900.0,64,378.46153846153845,1162.7692307692323,13.0,56.0
7000.0,64,397.71999999999997,1137.6000000000008,25.0,66.0
7100.0,64,434.76470588235287,1125.4117647058833,17.0,64.0
7200.0,64,457.4210526315789,1107.6842105263167,19.0,54.0
7300.0,64,491.66666666666674,1095.4285714285722,21.0,66.0
7400.0,64,530.8461538461539,1082.615384615386,13.0,74.0
7500.0,64,571.2500000000003,1062.2500000000027,8.0,56.0
7600.0,64,603.0,1043.050000000001,20.0,66.0
7700.0,64,635.1764705882352,1022.5000000000007,34.0,78.0
7800.0,64,665.6999999999999,1014.100000000001,20.0,64.0
7900.0,64,702.4545454545453,1016.0454545454556,22.0,64.0
8000.0,64,740.2142857142857,1013.3571428571446,14.0,68.0
8100.0,64,776.6296296296296,1016.000000000001,27.0,76.0
8200.0,64,814.625,1021.1250000000011,24.0,72.0
8300.0,64,859.310344827586,1019.9655172413803,29.0,62.0
8400.0,64,899.3225806451612,1008.8064516129042,31.0,72.0
8500.0,64,933.7647058823528,996.7647058823543,17.0,66.0
8600.0,64,966.8571428571427,977.3809523809535,21.0,74.0
8700.0,64,998.7499999999997,961.3333333333351,12.0,64.0
8800.0,64,1031.1428571428569,944.7142857142867,21.0,68.0
8900.0,64,1062.8999999999994,929.8000000000015,10.0,62.0
9000.0,64,1081.461538461538,899.7692307692317,13.0,70.0
9100.0,64,1100.2222222222217,863.6666666666681,9.0,58.0
9200.0,64,1135.7777777777771,842.8888888888902,9.0,62.0
9300.0,64,1167.9599999999996,819.7600000000004,25.0,70.0
9400.0,64,1203.9999999999995,799.7000000000005,20.0,72.0
9500.0,64,1241.6470588235288,790.2352941176474,17.0,66.0
9600.0,64,1275.5882352941173,763.0000000000002,17.0,78.0
9700.0,64,1305.782608695652,752.608695652174,23.0,72.0
9800.0,64,1342.3333333333328,742.3333333333334,9.0,60.0
9900.0,64,1382.333333333333,731.0666666666666,15.0,60.0
10000.0,64,1416.0952380952378,720.8095238095239,21.0,64.0
0.0,65,49.5,49.5,2.0,14.0
100.0,65,75.76470588235297,55.70588235294105,17.0,74.0
200.0,65,114.66666666666664,70.16666666666669,12.0,62.0
300.0,65,144.3529411764707,94.88235294117655,17.0,60.0
400.0,65,169.4285714285715,123.31428571428577,35.0,74.0
500.0,65,190.00000000000006,158.2666666666669,15.0,74.0
600.0,65,207.46666666666667,190.00000000000006,15.0,66.0
700.0,65,244.18750000000003,212.25000000000017,16.0,66.0
800.0,65,273.8461538461539,229.46153846153865,13.0,64.0
900.0,65,307.2142857142856,235.7142857142858,14.0,62.0
1000.0,65,344.2399999999999,243.3600000000001,25.0,64.0
1100.0,65,385.6470588235293,257.64705882352956,17.0,60.0
1200.0,65,419.68749999999983,283.3750000000001,16.0,58.0
1300.0,65,454.46666666666636,303.1333333333333,15.0,74.0
1400.0,65,489.9166666666663,317.41666666666686,12.0,64.0
1500.0,65,531.4999999999999,331.63636363636374,22.0,84.0
1600.0,65,567.0714285714282,345.5714285714287,14.0,60.0
1700.0,65,603.9230769230768,351.8076923076923,26.0,66.0
1800.0,65,642.8787878787876,360.8181818181818,33.0,82.0
1900.0,65,681.7857142857138,378.2142857142855,14.0,70.0
2000.0,65,719.2352941176467,388.176470588235,17.0,68.0
2100.0,65,746.9565217391302,401.173913043478,23.0,68.0
2200.0,65,783.9615384615381,423.8076923076921,26.0,78.0
2300.0,65,808.3124999999994,450.1249999999996,16.0,64.0
2400.0,65,840.2142857142851,455.9999999999995,14.0,62.0
2500.0,65,876.1428571428567,461.2380952380948,21.0,58.0
2600.0,65,912.7777777777773,471.8888888888885,18.0,58.0
2700.0,65,951.9166666666658,491.4999999999994,12.0,70.0
2800.0,65,994.2352941176465,499.29411764705833,17.0,60.0
2900.0,65,1029.130434782608,501.99999999999966,23.0,64.0
3000.0,65,1064.4736842105258,497.3684210526312,19.0,68.0
3100.0,65,1105.1999999999987,493.49999999999943,10.0,64.0
3200.0,65,1143.666666666666,491.1249999999997,24.0,70.0
3300.0,65,1176.4705882352935,480.5882352941173,17.0,74.0
3400.0,65,1207.7826086956518,463.6956521739128,23.0,66.0
3500.0,65,1239.3999999999994,450.3199999999998,25.0,76.0
3600.0,65,1278.1428571428562,438.8571428571426,14.0,64.0
3700.0,65,1316.9333333333325,431.73333333333306,15.0,62.0
3800.0,65,1353.5357142857138,427.5714285714284,28.0,70.0
3900.0,65,1391.0555555555547,424.27777777777754,18.0,62.0
4000.0,65,1428.9999999999993,420.12499999999983,24.0,70.0
4100.0,65,1468.7999999999993,414.7599999999999,25.0,66.0
4200.0,65,1508.9130434782603,401.52173913043464,23.0,60.0
4300.0,65,1546.1904761904757,398.6666666666666,21.0,66.0
4400.0,65,1586.7999999999993,394.9999999999999,15.0,66.0
4500.0,65,1627.407407407407,395.5925925925925,27.0,60.0
4600.0,65,1662.227272727272,401.22727272727263,22.0,64.0
4700.0,65,1702.4999999999993,410.12499999999983,16.0,58.0
4800.0,65,1735.9999999999995,436.9285714285712,28.0,68.0
4900.0,65,1755.0769230769222,466.9230769230766,13.0,58.0
5000.0,65,1784.9999999999986,489.87499999999966,8.0,56.0
5100.0,65,1817.1874999999995,505.0624999999997,16.0,70.0
5200.0,65,1843.8461538461531,523.0769230769226,13.0,68.0
5300.0,65,1875.0952380952376,538.238095238095,21.0,66.0
5400.0,65,1909.3181818181813,547.5454545454542,22.0,60.0
5500.0,65,1947.0833333333326,562.1666666666663,12.0,58.0
5600.0,65,1984.857142857142,571.4999999999998,14.0,70.0
5700.0,65,2002.8888888888875,603.3333333333329,9.0,58.0
5800.0,65,2021.1111111111097,641.3333333333331,9.0,58.0
5900.0,65,2036.2142857142849,672.4285714285713,14.0,70.0
6000.0,65,2051.454545454544,699.9090909090909,11.0,68.0
6100.0,65,2058.233333333333,727.6000000000001,30.0,74.0
6200.0,65,2072.6296296296296,769.6666666666667,27.0,70.0
6300.0,65,2084.4999999999995,802.0454545454546,22.0,70.0
6400.0,65,2098.772727272727,840.5,22.0,70.0
6500.0,65,2110.772727272727,872.7272727272727,22.0,66.0
6600.0,65,2121.9047619047615,907.0,21.0,66.0
6700.0,65,2131.9999999999995,946.4000000000001,10.0,62.0
6800.0,65,2139.2631578947367,977.8947368421052,19.0,68.0
6900.0,65,2142.5151515151515,1015.969696969697,33.0,82.0
7000.0,65,2148.4,1055.0,25.0,66.0
7100.0,65,2149.925925925926,1090.5925925925926,27.0,64.0
7200.0,65,2161.4736842105262,1132.8421052631581,19.0,74.0
7300.0,65,2174.9166666666665,1176.9166666666667,12.0,68.0
7400.0,65,2199.828571428571,1205.7142857142858,35.0,76.0
7500.0,65,2222.8947368421054,1232.1052631578948,19.0,74.0
7600.0,65,2242.0526315789475,1262.684210526316,19.0,64.0
7700.0,65,2253.6296296296296,1305.4074074074076,27.0,72.0
7800.0,65,2269.5000000000005,1333.9166666666672,12.0,66.0
7900.0,65,2291.1500000000005,1368.4500000000005,20.0,66.0
8000.0,65,2302.823529411765,1410.0000000000007,17.0,72.0
8100.0,65,2335.6206896551726,1434.0344827586212,29.0,74.0
8200.0,65,2367.5454545454545,1438.0909090909104,11.0,62.0
8300.0,65,2402.7,1455.5000000000016,10.0,64.0
8400.0,65,2436.4444444444443,1468.6296296296302,27.0,74.0
8500.0,65,2473.0,1481.275862068966,29.0,72.0
8600.0,65,2497.862068965517,1499.862068965518,29.0,80.0
8700.0,65,2525.230769230769,1518.0769230769242,13.0,62.0
8800.0,65,2559.0714285714284,1536.9285714285725,14.0,58.0
8900.0,65,2590.2173913043475,1538.0869565217397,23.0,66.0
9000.0,65,2623.45,1550.7500000000007,20.0,62.0
9100.0,65,2653.7894736842104,1566.578947368422,19.0,78.0
9200.0,65,2689.6875,1577.5000000000011,16.0,68.0
9300.0,65,2726.0333333333333,1572.233333333334,30.0,82.0
9400.0,65,2766.55,1549.750000000001,20.0,74.0
9500.0,65,2805.0000000000005,1524.6923076923088,13.0,66.0
9600.0,65,2845.2857142857147,1511.6428571428582,14.0,62.0
9700.0,65,2879.7058823529414,1497.7058823529424,17.0,66.0
9800.0,65,2918.7647058823536,1489.0000000000011,17.0,64.0
9900.0,65,2957.5333333333338,1472.1333333333346,15.0,70.0
10000.0,65,2998.6428571428573,1454.4285714285727,14.0,58.0
0.0,66,49.25,49.5,4.0,26.0
100.0,66,33.33333333333334,35.90476190476189,21.0,74.0
200.0,66,5.100000000000182,2.8500000000000285,20.0,64.0
300.0,66,-21.16666666666636,-29.0000000000001,12.0,66.0
400.0,66,-54.18181818181794,-53.4545454545454,11.0,66.0
500.0,66,-90.14999999999988,-78.85000000000011,20.0,64.0
600.0,66,-120.76470588235283,-99.11764705882374,17.0,60.0
700.0,66,-142.3529411764705,-129.41176470588263,17.0,74.0
800.0,66,-167.4615384615384,-165.69230769230802,13.0,60.0
900.0,66,-202.91666666666657,-192.50000000000043,12.0,62.0
1000.0,66,-233.84615384615392,-195.7692307692312,13.0,62.0
1100.0,66,-267.736842105263,-198.84210526315823,19.0,62.0
1200.0,66,-302.7368421052632,-215.57894736842138,19.0,70.0
1300.0,66,-345.1481481481481,-223.92592592592632,27.0,70.0
1400.0,66,-384.1999999999999,-230.1333333333341,15.0,66.0
1500.0,66,-429.2777777777776,-225.77777777777845,18.0,66.0
1600.0,66,-463.3478260869563,-213.4782608695657,23.0,60.0
1700.0,66,-496.2173913043476,-190.17391304347862,23.0,68.0
1800.0,66,-533.2857142857139,-168.0000000000006,14.0,76.0
1900.0,66,-573.7999999999997,-148.3000000000002,20.0,66.0
2000.0,66,-609.5999999999993,-133.4000000000003,10.0,58.0
2100.0,66,-640.2105263157889,-131.26315789473708,19.0,68.0
2200.0,66,-684.4285714285709,-122.2142857142857,28.0,66.0
2300.0,66,-716.0357142857138,-112.78571428571435,28.0,68.0
2400.0,66,-749.3333333333321,-100.91666666666681,12.0,56.0
2500.0,66,-758.2592592592588,-69.03703703703712,27.0,66.0
2600.0,66,-779.4736842105257,-31.368421052631646,19.0,78.0
2700.0,66,-794.3999999999991,10.13333333333331,15.0,62.0
2800.0,66,-809.3888888888881,46.6666666666665,18.0,78.0
2900.0,66,-824.3636363636351,83.45454545454528,11.0,64.0
3000.0,66,-832.3888888888881,124.33333333333331,18.0,58.0
3100.0,66,-844.2142857142848,157.85714285714278,14.0,66.0
3200.0,66,-863.0869565217387,186.52173913043475,23.0,70.0
3300.0,66,-874.9999999999989,218.25,12.0,72.0
3400.0,66,-884.5624999999995,255.28125,32.0,72.0
3500.0,66,-888.592592592592,296.7777777777778,27.0,78.0
3600.0,66,-890.3333333333325,337.33333333333326,18.0,62.0
3700.0,66,-887.5499999999992,370.9499999999999,20.0,60.0
3800.0,66,-885.6190476190468,411.7142857142858,21.0,64.0
3900.0,66,-873.4285714285702,446.2857142857144,14.0,64.0
4000.0,66,-860.1923076923069,468.38461538461553,26.0,72.0
4100.0,66,-841.3999999999986,504.73333333333346,15.0,64.0
4200.0,66,-828.4666666666652,533.9333333333336,15.0,64.0
4300.0,66,-809.6923076923061,570.3076923076925,13.0,54.0
4400.0,66,-803.4736842105253,605.7894736842106,19.0,60.0
4500.0,66,-784.9047619047609,643.4285714285716,21.0,66.0
4600.0,66,-771.2307692307677,684.6923076923078,13.0,64.0
4700.0,66,-750.6521739130426,715.1304347826087,23.0,64.0
4800.0,66,-738.2857142857133,754.7142857142858,21.0,68.0
4900.0,66,-729.222222222221,791.1666666666669,18.0,72.0
5000.0,66,-710.9499999999989,825.6000000000001,20.0,68.0
5100.0,66,-689.6666666666648,866.7500000000003,12.0,62.0
5200.0,66,-672.4117647058811,899.5294117647062,17.0,70.0
5300.0,66,-646.999999999999,923.5833333333335,24.0,72.0
5400.0,66,-622.3124999999992,949.5312500000002,32.0,76.0
5500.0,66,-607.9999999999978,982.9090909090914,11.0,64.0
5600.0,66,-607.095238095237,1015.5714285714289,21.0,64.0
5700.0,66,-605.1999999999989,1053.1500000000003,20.0,64.0
5800.0,66,-602.3199999999991,1090.6800000000003,25.0,66.0
5900.0,66,-595.9047619047609,1130.761904761905,21.0,68.0
6000.0,66,-583.8749999999985,1167.2500000000005,16.0,64.0
6100.0,66,-574.4999999999989,1206.9545454545457,22.0,66.0
6200.0,66,-552.066666666665,1235.866666666667,15.0,60.0
6300.0,66,-525.3333333333317,1264.8000000000002,15.0,66.0
6400.0,66,-510.07142857142685,1302.0000000000002,14.0,74.0
6500.0,66,-493.9090909090887,1334.727272727273,11.0,62.0
6600.0,66,-475.9999999999981,1371.2857142857147,14.0,74.0
6700.0,66,-453.272727272725,1406.454545454546,11.0,66.0
6800.0,66,-430.583333333331,1432.5833333333337,12.0,62.0
6900.0,66,-412.749999999998,1475.7500000000002,16.0,74.0
7000.0,66,-401.99999999999693,1514.4545454545457,11.0,66.0
7100.0,66,-384.6153846153819,1552.3076923076926,13.0,62.0
7200.0,66,-369.1111111111076,1595.5555555555559,9.0,62.0
7300.0,66,-350.22222222222047,1618.9444444444446,18.0,68.0
7400.0,66,-322.94736842105107,1654.947368421053,19.0,64.0
7500.0,66,-311.8124999999981,1687.0625000000002,16.0,62.0
7600.0,66,-291.6206896551714,1725.5172413793102,29.0,76.0
7700.0,66,-281.199999999998,1755.3999999999999,15.0,66.0
7800.0,66,-259.3599999999988,1788.0,25.0,62.0
7900.0,66,-229.24999999999866,1812.8,20.0,72.0
8000.0,66,-209.46666666666505,1838.5999999999997,15.0,70.0
8100.0,66,-203.89473684210395,1871.4210526315787,19.0,66.0
8200.0,66,-194.90476190476062,1910.285714285714,21.0,64.0
8300.0,66,-181.17391304347709,1939.3478260869563,23.0,76.0
8400.0,66,-162.33333333333192,1976.833333333333,18.0,70.0
8500.0,66,-128.0909090909066,1993.3636363636356,11.0,68.0
8600.0,66,-88.95238095237951,1999.1428571428567,21.0,74.0
8700.0,66,-52.954545454544025,2020.8636363636358,22.0,70.0
8800.0,66,-19.666666666665776,2038.8611111111109,36.0,78.0
8900.0,66,19.84210526315965,2052.1052631578946,19.0,68.0
9000.0,66,51.60000000000339,2068.2999999999993,10.0,52.0
9100.0,66,86.89473684210701,2081.8421052631575,19.0,64.0
9200.0,66,119.00000000000335,2095.7999999999993,10.0,66.0
9300.0,66,156.10000000000326,2109.8999999999996,10.0,64.0
9400.0,66,168.95833333333462,2136.75,24.0,66.0
9500.0,66,187.77777777777953,2171.6666666666665,18.0,78.0
9600.0,66,221.96153846153965,2189.0769230769233,26.0,72.0
9700.0,66,258.8333333333352,2208.666666666667,18.0,70.0
9800.0,66,295.5200000000014,2231.7200000000003,25.0,76.0
9900.0,66,337.83333333333536,2244.5555555555557,18.0,68.0
10000.0,66,379.65217391304503,2260.4782608695655,23.0,60.0
0.0,67,50.5,48.833333333333336,6.0,34.0
100.0,67,82.05263157894741,53.47368421052619,19.0,68.0
200.0,67,118.88461538461536,54.115384615384514,26.0,66.0
300.0,67,162.80645161290326,64.51612903225808,31.0,70.0
400.0,67,202.42857142857147,78.85714285714275,21.0,62.0
500.0,67,244.1000000000001,92.59999999999965,10.0,62.0
600.0,67,258.38461538461536,114.99999999999976,13.0,64.0
700.0,67,280.7333333333333,146.33333333333323,15.0,64.0
800.0,67,311.73076923076917,169.9230769230769,26.0,74.0
900.0,67,347.7999999999998,187.9,10.0,68.0
1000.0,67,373.53333333333313,205.0666666666667,15.0,64.0
1100.0,67,399.74999999999983,231.95833333333346,24.0,72.0
1200.0,67,414.20689655172407,258.1379310344828,29.0,70.0
1300.0,67,430.2307692307691,295.92307692307713,13.0,68.0
1400.0,67,447.35714285714295,329.28571428571456,14.0,72.0
1500.0,67,460.764705882353,363.8823529411767,17.0,64.0
1600.0,67,479.92307692307713,398.6923076923081,13.0,60.0
1700.0,67,493.88888888888897,431.51851851851876,27.0,74.0
1800.0,67,514.125,472.62500000000034,24.0,70.0
1900.0,67,523.6666666666666,511.50000000000045,12.0,66.0
2000.0,67,537.7777777777778,544.666666666667,9.0,62.0
2100.0,67,555.3333333333334,584.4333333333334,30.0,78.0
2200.0,67,571.3181818181819,624.1363636363639,22.0,70.0
2300.0,67,574.375,667.5937500000001,32.0,82.0
2400.0,67,583.5882352941176,709.8235294117649,17.0,66.0
2500.0,67,602.4999999999999,743.7000000000004,10.0,68.0
2600.0,67,620.6666666666666,783.2500000000005,12.0,60.0
2700.0,67,636.5454545454545,822.0000000000003,11.0,66.0
2800.0,67,653.3571428571427,845.8571428571432,14.0,68.0
2900.0,67,666.0555555555554,877.9444444444448,18.0,64.0
3000.0,67,678.833333333333,911.5000000000007,12.0,58.0
3100.0,67,692.8181818181818,954.4848484848488,33.0,70.0
3200.0,67,702.1153846153845,992.5000000000005,26.0,70.0
3300.0,67,716.4,1023.7333333333337,30.0,78.0
3400.0,67,730.04,1062.4800000000005,25.0,66.0
3500.0,67,750.9310344827585,1096.0344827586212,29.0,84.0
3600.0,67,781.7647058823525,1113.8235294117653,17.0,66.0
3700.0,67,809.7999999999994,1120.800000000001,10.0,64.0
3800.0,67,842.6666666666661,1145.4166666666674,12.0,62.0
3900.0,67,859.6153846153842,1182.8461538461543,13.0,64.0
4000.0,67,872.9687499999999,1215.3125000000002,32.0,70.0
4100.0,67,891.473684210526,1251.3157894736846,19.0,68.0
4200.0,67,914.7407407407405,1284.925925925926,27.0,74.0
4300.0,67,937.0999999999995,1323.6000000000006,10.0,58.0
4400.0,67,962.7142857142853,1338.1428571428576,21.0,70.0
4500.0,67,999.9047619047615,1343.714285714286,21.0,66.0
4600.0,67,1039.1428571428569,1350.0000000000005,21.0,64.0
4700.0,67,1086.0499999999993,1362.3000000000004,20.0,64.0
4800.0,67,1120.136363636363,1369.8181818181822,22.0,72.0
4900.0,67,1157.666666666666,1378.444444444445,18.0,60.0
5000.0,67,1194.571428571428,1397.3333333333337,21.0,62.0
5100.0,67,1217.866666666666,1429.2666666666673,15.0,60.0
5200.0,67,1239.3333333333328,1461.2000000000005,15.0,72.0
5300.0,67,1257.772727272727,1505.636363636364,22.0,60.0
5400.0,67,1267.5499999999997,1543.5500000000004,20.0,74.0
5500.0,67,1274.6,1582.5600000000004,25.0,70.0
5600.0,67,1291.4166666666663,1611.6666666666674,12.0,62.0
5700.0,67,1305.9374999999995,1648.4375000000007,16.0,64.0
5800.0,67,1323.722222222222,1687.944444444445,18.0,64.0
5900.0,67,1341.833333333333,1726.0000000000007,18.0,60.0
6000.0,67,1373.5384615384612,1755.0000000000007,13.0,66.0
6100.0,67,1399.8333333333333,1767.6944444444448,36.0,74.0
6200.0,67,1436.6923076923072,1783.6923076923085,13.0,66.0
6300.0,67,1472.9130434782605,1803.7391304347832,23.0,68.0
6400.0,67,1510.6923076923074,1815.6923076923088,13.0,60.0
6500.0,67,1547.5384615384612,1828.4615384615395,13.0,72.0
6600.0,67,1576.5294117647056,1847.4117647058831,17.0,66.0
6700.0,67,1590.1666666666663,1880.250000000001,12.0,66.0
6800.0,67,1597.1,1924.5000000000005,30.0,86.0
6900.0,67,1606.1176470588234,1970.2352941176478,17.0,66.0
7000.0,67,1610.913043478261,2008.8260869565224,23.0,72.0
7100.0,67,1625.6666666666667,2042.6666666666683,12.0,66.0
7200.0,67,1641.7499999999998,2074.083333333335,12.0,58.0
7300.0,67,1660.7857142857142,2098.214285714287,14.0,74.0
7400.0,67,1684.6923076923074,2137.1538461538476,13.0,66.0
7500.0,67,1715.285714285714,2160.7142857142867,21.0,62.0
7600.0,67,1744.7777777777774,2188.3333333333344,18.0,74.0
7700.0,67,1764.1874999999998,2230.9375000000014,16.0,66.0
7800.0,67,1785.1666666666663,2266.3333333333353,12.0,66.0
7900.0,67,1799.0999999999997,2298.0000000000023,10.0,66.0
8000.0,67,1830.375,2321.1250000000014,16.0,58.0
8100.0,67,1871.9999999999998,2343.8571428571445,14.0,64.0
8200.0,67,1892.4074074074072,2369.000000000001,27.0,76.0
8300.0,67,1913.9411764705878,2402.588235294119,17.0,62.0
8400.0,67,1935.3499999999997,2436.350000000001,20.0,74.0
8500.0,67,1951.6111111111106,2471.500000000001,18.0,82.0
8600.0,67,1958.6296296296293,2502.9259259259265,27.0,72.0
8700.0,67,1967.0624999999995,2543.2500000000014,16.0,62.0
8800.0,67,1982.9374999999995,2568.1875000000014,16.0,62.0
8900.0,67,1999.588235294117,2605.4705882352955,17.0,76.0
9000.0,67,2008.0769230769226,2647.69230769231,13.0,66.0
9100.0,67,2016.3999999999999,2688.320000000001,25.0,66.0
9200.0,67,2033.772727272727,2717.1818181818194,22.0,76.0
9300.0,67,2044.0833333333328,2753.8333333333358,12.0,62.0
9400.0,67,2054.9523809523807,2787.6666666666683,21.0,70.0
9500.0,67,2074.0999999999995,2820.700000000003,10.0,62.0
9600.0,67,2076.6896551724135,2851.4137931034493,29.0,70.0
9700.0,67,2088.76923076923,2891.7692307692328,13.0,62.0
9800.0,67,2099.615384615384,2930.923076923079,13.0,62.0
9900.0,67,2119.2999999999997,2958.6500000000015,20.0,68.0
10000.0,67,2135.3999999999996,2990.3333333333353,15.0,70.0
0.0,68,50.0,50.0,1.0,8.0
100.0,68,26.12500000000004,65.45833333333336,24.0,72.0
200.0,68,5.900000000000108,90.49999999999989,10.0,64.0
300.0,68,-13.500000000000085,127.39999999999988,10.0,64.0
400.0,68,-41.869565217391504,146.9565217391304,23.0,70.0
500.0,68,-76.4444444444447,166.1111111111113,9.0,60.0
600.0,68,-109.37931034482772,180.2758620689656,29.0,82.0
700.0,68,-148.50000000000028,192.93750000000017,16.0,68.0
800.0,68,-182.64285714285757,203.42857142857156,14.0,74.0
900.0,68,-224.56250000000037,222.87500000000006,16.0,72.0
1000.0,68,-253.89655172413822,237.9310344827586,29.0,68.0
1100.0,68,-287.75000000000045,249.625,16.0,70.0
1200.0,68,-321.2500000000002,274.6875,16.0,72.0
1300.0,68,-350.13333333333355,298.0,15.0,72.0
1400.0,68,-368.6000000000002,332.59999999999997,20.0,70.0
1500.0,68,-391.37500000000017,361.625,24.0,60.0
1600.0,68,-413.1200000000002,387.0800000000001,25.0,66.0
1700.0,68,-438.9375000000001,412.5625000000001,32.0,74.0
1800.0,68,-476.6428571428575,431.214285714286,14.0,62.0
1900.0,68,-507.11111111111165,449.444444444445,9.0,64.0
2000.0,68,-534.4000000000001,466.5666666666669,30.0,74.0
2100.0,68,-560.2592592592592,488.9629629629633,27.0,72.0
2200.0,68,-597.3750000000001,507.1875000000006,16.0,66.0
2300.0,68,-627.45,532.3000000000005,20.0,72.0
2400.0,68,-647.6956521739131,563.4782608695657,23.0,80.0
2500.0,68,-667.6000000000004,589.8000000000013,10.0,62.0
2600.0,68,-684.7272727272727,621.9090909090921,11.0,66.0
2700.0,68,-681.0000000000001,663.2580645161296,31.0,74.0
2800.0,68,-680.2222222222225,704.3333333333344,18.0,60.0
2900.0,68,-680.0588235294122,738.7647058823543,17.0,60.0
3000.0,68,-683.466666666667,778.833333333334,30.0,76.0
3100.0,68,-685.1071428571431,816.1428571428579,28.0,66.0
3200.0,68,-688.7500000000003,853.3500000000012,20.0,74.0
3300.0,68,-703.8461538461543,885.1538461538476,13.0,72.0
3400.0,68,-723.9333333333337,914.0000000000011,15.0,60.0
3500.0,68,-736.7500000000002,951.2916666666673,24.0,68.0
3600.0,68,-739.5909090909093,984.181818181819,22.0,70.0
3700.0,68,-725.727272727273,1017.9090909090925,11.0,64.0
3800.0,68,-708.3333333333335,1048.500000000001,18.0,68.0
3900.0,68,-694.3125000000002,1077.875000000001,16.0,62.0
4000.0,68,-683.7619047619049,1109.238095238096,21.0,68.0
4100.0,68,-666.2500000000002,1147.0000000000011,16.0,62.0
4200.0,68,-652.4285714285716,1178.190476190477,21.0,66.0
4300.0,68,-631.6923076923078,1217.0000000000014,13.0,66.0
4400.0,68,-619.2777777777778,1246.6111111111122,18.0,70.0
4500.0,68,-609.0588235294119,1280.2352941176484,17.0,66.0
4600.0,68,-593.764705882353,1313.823529411766,17.0,66.0
4700.0,68,-573.5000000000005,1348.3000000000025,10.0,60.0
4800.0,68,-562.0769230769233,1388.6153846153866,13.0,66.0
4900.0,68,-548.7777777777779,1421.0000000000014,18.0,74.0
5000.0,68,-533.4000000000004,1454.3000000000027,10.0,62.0
5100.0,68,-512.6944444444446,1477.1944444444453,36.0,72.0
5200.0,68,-492.4000000000003,1508.9000000000028,10.0,62.0
5300.0,68,-482.1818181818183,1551.6969696969704,33.0,80.0
5400.0,68,-477.80000000000007,1586.2000000000025,10.0,62.0
5500.0,68,-467.6875000000001,1626.2500000000016,16.0,58.0
5600.0,68,-448.2307692307695,1659.2307692307713,13.0,68.0
5700.0,68,-431.0000000000001,1689.1481481481492,27.0,74.0
5800.0,68,-413.70588235294133,1728.5294117647074,17.0,72.0
5900.0,68,-391.6666666666668,1757.4074074074085,27.0,80.0
6000.0,68,-373.0000000000003,1790.6923076923101,13.0,56.0
6100.0,68,-349.769230769231,1825.8461538461563,13.0,64.0
6200.0,68,-322.00000000000045,1853.615384615387,13.0,66.0
6300.0,68,-296.11111111111126,1875.962962962964,27.0,80.0
6400.0,68,-278.46153846153896,1905.3076923076944,13.0,60.0
6500.0,68,-254.90000000000055,1938.700000000003,10.0,60.0
6600.0,68,-230.42857142857196,1967.0714285714307,14.0,68.0
6700.0,68,-210.10000000000068,2004.600000000003,10.0,56.0
6800.0,68,-196.22727272727303,2039.2727272727286,22.0,64.0
6900.0,68,-179.96296296296325,2076.4814814814827,27.0,72.0
7000.0,68,-171.0000000000008,2112.0000000000027,11.0,64.0
7100.0,68,-156.11111111111188,2149.2222222222254,9.0,52.0
7200.0,68,-129.23076923076962,2171.3076923076933,26.0,66.0
7300.0,68,-100.52941176470615,2193.5588235294126,34.0,70.0
7400.0,68,-65.23076923076997,2212.69230769231,13.0,56.0
7500.0,68,-61.812500000000625,2247.312500000002,16.0,68.0
7600.0,68,-73.9375000000005,2284.937500000002,16.0,64.0
7700.0,68,-91.92307692307753,2318.538461538464,13.0,76.0
7800.0,68,-109.13333333333388,2357.600000000002,15.0,68.0
7900.0,68,-126.85714285714336,2394.2857142857165,14.0,78.0
8000.0,68,-146.31578947368445,2422.7368421052647,19.0,76.0
8100.0,68,-179.93750000000009,2434.687500000002,16.0,64.0
8200.0,68,-208.18181818181853,2448.2727272727293,11.0,66.0
8300.0,68,-224.95833333333348,2480.8333333333344,24.0,68.0
8400.0,68,-250.15000000000003,2511.750000000001,20.0,76.0
8500.0,68,-267.52173913043487,2540.3478260869574,23.0,62.0
8600.0,68,-290.64285714285734,2575.285714285716,14.0,76.0
8700.0,68,-318.9473684210529,2606.7368421052647,19.0,68.0
8800.0,68,-340.1111111111115,2640.444444444446,18.0,60.0
8900.0,68,-355.81818181818244,2671.6363636363662,11.0,56.0
9000.0,68,-368.709677419355,2706.096774193549,31.0,70.0
9100.0,68,-382.66666666666686,2740.3333333333344,30.0,78.0
9200.0,68,-404.6818181818184,2778.545454545456,22.0,82.0
9300.0,68,-421.35294117647106,2817.000000000002,17.0,66.0
9400.0,68,-448.74074074074105,2845.851851851853,27.0,68.0
9500.0,68,-474.80000000000024,2879.000000000001,25.0,74.0
9600.0,68,-492.333333333334,2912.888888888892,9.0,60.0
9700.0,68,-513.7857142857146,2949.8571428571445,14.0,62.0
9800.0,68,-533.4000000000004,2981.2000000000016,15.0,68.0
9900.0,68,-556.1176470588239,3016.176470588237,17.0,70.0
10000.0,68,-589.6470588235297,3044.0588235294135,17.0,64.0
0.0,69,49.50000000000001,51.74999999999999,8.0,38.0
100.0,69,49.56250000000006,82.37499999999991,16.0,64.0
200.0,69,41.36363636363607,118.81818181818136,11.0,60.0
300.0,69,33.62962962962955,157.03703703703684,27.0,70.0
400.0,69,21.777777777777683,194.72222222222206,36.0,86.0
500.0,69,13.363636363636141,226.8181818181814,22.0,70.0
600.0,69,4.759999999999864,263.2799999999996,25.0,66.0
700.0,69,-7.941176470588374,307.3529411764698,17.0,74.0
800.0,69,-22.923076923077133,345.6923076923067,13.0,58.0
900.0,69,-36.68750000000023,377.31249999999926,16.0,62.0
1000.0,69,-43.176470588235546,414.82352941176407,17.0,68.0
1100.0,69,-64.54166666666686,445.3333333333329,24.0,68.0
1200.0,69,-81.12500000000014,482.6874999999993,16.0,68.0
1300.0,69,-86.8461538461543,520.6923076923068,13.0,60.0
1400.0,69,-98.2000000000004,551.9999999999992,15.0,64.0
1500.0,69,-116.3846153846158,580.4615384615375,13.0,72.0
1600.0,69,-136.545454545455,618.9090909090896,11.0,66.0
1700.0,69,-159.40000000000018,652.1599999999994,25.0,86.0
1800.0,69,-173.50000000000034,682.1999999999985,10.0,62.0
1900.0,69,-195.1304347826089,712.3043478260863,23.0,76.0
2000.0,69,-223.2692307692309,740.1538461538457,26.0,78.0
2100.0,69,-258.5000000000001,759.9545454545449,22.0,68.0
2200.0,69,-286.5,764.7777777777773,18.0,64.0
2300.0,69,-328.64,761.6799999999996,25.0,66.0
2400.0,69,-360.0357142857142,744.1428571428569,28.0,72.0
2500.0,69,-398.92857142857144,726.4285714285709,14.0,66.0
2600.0,69,-433.29166666666663,706.083333333333,24.0,72.0
2700.0,69,-472.29999999999984,679.7499999999995,20.0,74.0
2800.0,69,-508.08333333333326,662.9999999999995,12.0,66.0
2900.0,69,-532.9583333333333,643.0416666666664,24.0,74.0
3000.0,69,-562.6428571428571,627.1428571428567,14.0,64.0
3100.0,69,-597.4666666666667,612.5333333333327,15.0,66.0
3200.0,69,-625.1428571428571,615.4285714285706,14.0,70.0
3300.0,69,-658.1999999999999,638.7199999999996,25.0,64.0
3400.0,69,-694.2,649.4666666666664,30.0,68.0
3500.0,69,-729.090909090909,661.6363636363626,11.0,70.0
3600.0,69,-766.625,676.5312499999997,32.0,74.0
3700.0,69,-802.9473684210526,686.7894736842098,19.0,68.0
3800.0,69,-841.8846153846154,697.9999999999995,26.0,78.0
3900.0,69,-878.6333333333334,711.6666666666662,30.0,80.0
4000.0,69,-913.727272727273,729.9090909090896,11.0,66.0
4100.0,69,-923.3333333333335,755.2222222222216,18.0,72.0
4200.0,69,-937.4705882352943,798.3529411764698,17.0,60.0
4300.0,69,-958.0000000000003,830.3333333333323,12.0,70.0
4400.0,69,-985.3103448275864,852.1379310344824,29.0,74.0
4500.0,69,-1020.8000000000002,865.1499999999995,20.0,58.0
4600.0,69,-1055.3125000000002,886.8749999999994,16.0,76.0
4700.0,69,-1076.3333333333335,912.7916666666663,24.0,64.0
4800.0,69,-1094.066666666667,941.5333333333325,15.0,76.0
4900.0,69,-1105.615384615385,977.1153846153841,26.0,72.0
5000.0,69,-1122.333333333334,1003.4666666666657,15.0,54.0
5100.0,69,-1149.0000000000005,1030.6999999999994,20.0,70.0
5200.0,69,-1167.1739130434787,1058.3043478260865,23.0,72.0
5300.0,69,-1194.8750000000002,1081.9999999999998,32.0,74.0
5400.0,69,-1226.7000000000007,1097.999999999999,10.0,64.0
5500.0,69,-1263.0526315789477,1120.6315789473679,19.0,78.0
5600.0,69,-1299.2000000000005,1137.6666666666658,15.0,64.0
5700.0,69,-1338.0000000000007,1154.2499999999989,12.0,58.0
5800.0,69,-1380.2000000000005,1166.8666666666659,15.0,62.0
5900.0,69,-1415.3809523809527,1181.7619047619044,21.0,54.0
6000.0,69,-1456.461538461539,1196.999999999999,13.0,64.0
6100.0,69,-1497.4000000000003,1207.1333333333325,15.0,64.0
6200.0,69,-1531.3928571428573,1223.8571428571424,28.0,76.0
6300.0,69,-1560.4285714285716,1247.6071428571424,28.0,82.0
6400.0,69,-1568.0000000000002,1285.4999999999993,22.0,72.0
6500.0,69,-1574.0714285714287,1323.2499999999995,28.0,68.0
6600.0,69,-1575.7500000000005,1359.062499999999,16.0,62.0
6700.0,69,-1578.533333333334,1400.3333333333323,15.0,62.0
6800.0,69,-1589.6250000000005,1441.041666666666,24.0,70.0
6900.0,69,-1603.3888888888894,1478.2222222222215,18.0,72.0
7000.0,69,-1620.137931034483,1516.5517241379305,29.0,76.0
7100.0,69,-1631.8518518518522,1548.8148148148143,27.0,64.0
7200.0,69,-1653.052631578948,1583.421052631578,19.0,62.0
7300.0,69,-1662.3571428571436,1623.071428571427,14.0,70.0
7400.0,69,-1679.6666666666674,1663.8333333333317,12.0,70.0
7500.0,69,-1695.3500000000004,1687.799999999999,20.0,68.0
7600.0,69,-1710.866666666667,1723.866666666665,15.0,68.0
7700.0,69,-1725.0909090909095,1758.2727272727252,11.0,72.0
7800.0,69,-1729.3846153846157,1790.692307692306,13.0,66.0
7900.0,69,-1739.2307692307695,1816.8461538461522,13.0,66.0
8000.0,69,-1760.9444444444446,1851.9999999999989,18.0,70.0
8100.0,69,-1784.8095238095239,1875.0476190476181,21.0,64.0
8200.0,69,-1816.5,1894.8571428571413,14.0,66.0
8300.0,69,-1849.4285714285713,1914.92857142857,14.0,78.0
8400.0,69,-1865.6666666666665,1949.8333333333317,12.0,72.0
8500.0,69,-1882.0833333333333,1975.0833333333317,12.0,66.0
8600.0,69,-1908.7916666666667,2003.999999999999,24.0,66.0
8700.0,69,-1935.6296296296298,2022.9629629629621,27.0,70.0
8800.0,69,-1965.357142857143,2034.2857142857133,28.0,70.0
8900.0,69,-2001.6666666666667,2039.1333333333316,15.0,68.0
9000.0,69,-2040.4516129032259,2047.2258064516122,31.0,76.0
9100.0,69,-2077.2857142857147,2051.214285714284,14.0,72.0
9200.0,69,-2112.4193548387098,2062.7419354838703,31.0,66.0
9300.0,69,-2151.764705882353,2074.588235294116,17.0,58.0
9400.0,69,-2188.5652173913045,2095.3478260869556,23.0,62.0
9500.0,69,-2216.6190476190477,2115.5238095238087,21.0,64.0
9600.0,69,-2239.3636363636365,2138.60606060606,33.0,78.0
9700.0,69,-2255.2500000000005,2175.499999999998,12.0,62.0
9800.0,69,-2289.925925925926,2187.2592592592587,27.0,76.0
9900.0,69,-2328.0833333333335,2188.4583333333326,24.0,66.0
10000.0,69,-2365.7200000000003,2193.7599999999993,25.0,76.0
0.0,7,50.25,49.75,4.0,24.0
100.0,7,80.13333333333345,57.06666666666662,15.0,60.0
200.0,7,129.1923076923078,52.038461538461554,26.0,68.0
300.0,7,161.8000000000003,40.39999999999993,15.0,60.0
400.0,7,197.28571428571465,29.57142857142846,14.0,54.0
500.0,7,238.63636363636425,21.363636363636246,11.0,58.0
600.0,7,266.00000000000034,5.105263157894808,19.0,68.0
700.0,7,292.7000000000002,-18.949999999999818,20.0,62.0
800.0,7,310.69230769230796,-48.53846153846128,13.0,74.0
900.0,7,330.421052631579,-79.36842105263143,19.0,66.0
1000.0,7,341.23529411764713,-112.76470588235283,17.0,70.0
1100.0,7,350.16666666666663,-148.11111111111103,18.0,64.0
1200.0,7,354.25,-190.33333333333331,24.0,78.0
1300.0,7,377.88461538461536,-219.50000000000003,26.0,72.0
1400.0,7,414.1304347826087,-236.1739130434783,23.0,66.0
1500.0,7,448.6000000000001,-248.45000000000005,20.0,74.0
1600.0,7,481.69230769230785,-266.30769230769243,13.0,64.0
1700.0,7,518.5555555555555,-283.05555555555554,18.0,64.0
1800.0,7,553.6428571428572,-308.2142857142857,14.0,66.0
1900.0,7,577.1666666666667,-338.61111111111114,18.0,64.0
2000.0,7,595.125,-374.62499999999983,8.0,54.0
2100.0,7,610.6750000000001,-411.59999999999997,40.0,76.0
2200.0,7,626.1538461538463,-442.99999999999994,13.0,64.0
2300.0,7,648.3333333333334,-479.74999999999994,12.0,66.0
2400.0,7,669.1333333333333,-500.40000000000003,15.0,60.0
2500.0,7,704.6842105263161,-509.421052631579,19.0,64.0
2600.0,7,737.909090909091,-523.3636363636365,22.0,62.0
2700.0,7,765.8750000000001,-532.1250000000002,16.0,70.0
2800.0,7,802.7857142857144,-545.6428571428573,14.0,74.0
2900.0,7,837.8000000000001,-564.0000000000002,15.0,68.0
3000.0,7,873.1818181818181,-587.454545454546,11.0,58.0
3100.0,7,910.8888888888888,-609.8888888888891,18.0,64.0
3200.0,7,938.7826086956521,-635.1304347826089,23.0,68.0
3300.0,7,948.6666666666665,-672.2500000000002,12.0,66.0
3400.0,7,958.1249999999999,-707.0833333333335,24.0,70.0
3500.0,7,971.8235294117644,-741.294117647059,17.0,64.0
3600.0,7,976.4090909090908,-774.2727272727274,22.0,72.0
3700.0,7,976.285714285714,-810.4285714285716,21.0,60.0
3800.0,7,961.6333333333332,-849.3666666666667,30.0,76.0
3900.0,7,944.6666666666663,-893.3333333333336,15.0,68.0
4000.0,7,906.9999999999995,-911.9230769230772,13.0,72.0
4100.0,7,870.4444444444441,-923.1666666666669,18.0,64.0
4200.0,7,831.8260869565214,-937.5652173913044,23.0,70.0
4300.0,7,803.0344827586202,-959.8620689655171,29.0,74.0
4400.0,7,763.5294117647051,-968.0588235294116,17.0,66.0
4500.0,7,722.3333333333327,-970.5416666666665,24.0,62.0
4600.0,7,688.6249999999994,-961.3333333333331,24.0,70.0
4700.0,7,655.4444444444437,-947.6666666666665,18.0,70.0
4800.0,7,618.1538461538449,-936.230769230769,13.0,64.0
4900.0,7,581.529411764705,-920.2352941176468,17.0,62.0
5000.0,7,546.7894736842096,-904.3157894736839,19.0,78.0
5100.0,7,509.2499999999992,-897.7916666666665,24.0,62.0
5200.0,7,468.76923076922924,-870.1538461538458,13.0,70.0
5300.0,7,438.28571428571337,-848.333333333333,21.0,78.0
5400.0,7,400.29411764705793,-830.8235294117644,17.0,60.0
5500.0,7,367.1666666666653,-818.2499999999994,12.0,64.0
5600.0,7,350.0499999999992,-782.7499999999997,20.0,64.0
5700.0,7,333.0769230769215,-744.9230769230763,13.0,66.0
5800.0,7,314.22222222222103,-705.0555555555551,18.0,76.0
5900.0,7,300.7391304347816,-664.2173913043475,23.0,68.0
6000.0,7,278.14285714285603,-639.333333333333,21.0,68.0
6100.0,7,263.27272727272606,-600.1363636363634,22.0,72.0
6200.0,7,252.68421052631436,-562.5789473684207,19.0,60.0
6300.0,7,248.89655172413705,-526.7586206896549,29.0,82.0
6400.0,7,236.63636363636147,-489.9090909090903,11.0,64.0
6500.0,7,229.17647058823388,-465.5294117647055,17.0,74.0
6600.0,7,217.89999999999768,-430.3999999999994,10.0,66.0
6700.0,7,195.49999999999764,-396.69999999999936,10.0,68.0
6800.0,7,179.29166666666583,-368.7083333333331,24.0,70.0
6900.0,7,161.9090909090901,-328.4545454545451,22.0,70.0
7000.0,7,141.27272727272674,-308.0909090909089,33.0,70.0
7100.0,7,119.13043478260794,-279.04347826086934,23.0,72.0
7200.0,7,102.77272727272654,-245.5454545454543,22.0,76.0
7300.0,7,88.76190476190388,-207.99999999999977,21.0,68.0
7400.0,7,72.59999999999856,-170.59999999999965,15.0,62.0
7500.0,7,54.74999999999947,-144.11111111111097,36.0,76.0
7600.0,7,32.05555555555455,-118.38888888888874,18.0,64.0
7700.0,7,2.9999999999985314,-96.08333333333321,12.0,64.0
7800.0,7,-12.000000000000753,-63.60869565217388,23.0,70.0
7900.0,7,-26.78125000000051,-21.25000000000003,32.0,78.0
8000.0,7,-42.62500000000065,16.124999999999858,24.0,64.0
8100.0,7,-62.38888888888979,51.05555555555541,18.0,66.0
8200.0,7,-80.9000000000009,70.89999999999989,20.0,60.0
8300.0,7,-96.25000000000087,99.79999999999995,20.0,66.0
8400.0,7,-110.00000000000077,135.14999999999995,20.0,76.0
8500.0,7,-128.9000000000017,172.5999999999998,10.0,66.0
8600.0,7,-163.13333333333443,178.79999999999978,15.0,66.0
8700.0,7,-201.90000000000154,188.49999999999955,10.0,66.0
8800.0,7,-237.85714285714377,197.92857142857113,14.0,60.0
8900.0,7,-281.53846153846246,208.1538461538458,13.0,68.0
9000.0,7,-310.666666666668,226.11111111111057,9.0,62.0
9100.0,7,-344.16666666666754,239.91666666666634,12.0,66.0
9200.0,7,-375.16666666666725,254.83333333333334,18.0,70.0
9300.0,7,-406.21052631578993,269.578947368421,19.0,76.0
9400.0,7,-437.06250000000045,283.125,16.0,62.0
9500.0,7,-477.4347826086959,287.5217391304348,23.0,60.0
9600.0,7,-511.107142857143,305.10714285714295,28.0,66.0
9700.0,7,-542.545454545455,322.9090909090912,11.0,62.0
9800.0,7,-569.0000000000002,353.31578947368445,19.0,76.0
9900.0,7,-589.0344827586208,381.34482758620726,29.0,64.0
10000.0,7,-615.5000000000001,406.2500000000004,20.0,70.0
0.0,70,50.5,49.5,2.0,14.0
100.0,70,52.961538461538424,18.615384615384695,26.0,68.0
200.0,70,54.4230769230768,-12.4999999999999,26.0,70.0
300.0,70,63.444444444444215,-50.777777777777594,18.0,62.0
400.0,70,92.18181818181804,-86.63636363636348,33.0,86.0
500.0,70,101.18181818181812,-125.09090909090891,22.0,60.0
600.0,70,105.84999999999991,-165.89999999999986,20.0,76.0
700.0,70,112.3333333333332,-196.11111111111094,18.0,72.0
800.0,70,120.68571428571421,-232.31428571428557,35.0,70.0
900.0,70,136.52380952380938,-272.47619047619025,21.0,68.0
1000.0,70,152.76666666666668,-309.9666666666665,30.0,72.0
1100.0,70,170.80000000000013,-335.3999999999994,10.0,58.0
1200.0,70,208.76923076923086,-343.07692307692247,13.0,56.0
1300.0,70,242.35294117647067,-364.05882352941126,17.0,68.0
1400.0,70,281.33333333333354,-378.2499999999993,12.0,66.0
1500.0,70,316.7777777777781,-399.88888888888795,9.0,58.0
1600.0,70,354.5000000000001,-419.7999999999996,20.0,68.0
1700.0,70,390.61538461538476,-441.9230769230764,13.0,70.0
1800.0,70,413.7368421052632,-467.4736842105261,19.0,66.0
1900.0,70,432.67857142857144,-499.4285714285712,28.0,80.0
2000.0,70,453.26666666666654,-533.4666666666664,15.0,70.0
2100.0,70,466.9230769230769,-562.8076923076922,26.0,70.0
2200.0,70,479.9259259259259,-594.1481481481479,27.0,64.0
2300.0,70,503.17647058823536,-634.9411764705877,17.0,70.0
2400.0,70,524.1538461538461,-672.0769230769224,13.0,70.0
2500.0,70,542.3333333333334,-714.916666666666,12.0,64.0
2600.0,70,549.3333333333334,-750.7333333333328,15.0,54.0
2700.0,70,570.2499999999999,-775.8749999999994,16.0,70.0
2800.0,70,599.5454545454543,-793.7272727272723,11.0,68.0
2900.0,70,638.315789473684,-813.894736842105,19.0,62.0
3000.0,70,677.7777777777777,-827.1111111111107,18.0,62.0
3100.0,70,710.8095238095237,-840.5238095238092,21.0,62.0
3200.0,70,747.9523809523807,-855.7619047619042,21.0,58.0
3300.0,70,782.2499999999998,-878.4374999999993,16.0,70.0
3400.0,70,822.8461538461535,-893.7692307692299,13.0,56.0
3500.0,70,856.8333333333328,-907.0833333333326,12.0,60.0
3600.0,70,898.7999999999994,-922.7999999999992,10.0,64.0
3700.0,70,940.0499999999997,-941.0999999999995,20.0,62.0
3800.0,70,979.6666666666662,-951.8666666666659,15.0,70.0
3900.0,70,1015.3999999999997,-957.7199999999996,25.0,60.0
4000.0,70,1059.1999999999994,-976.5999999999988,10.0,60.0
4100.0,70,1084.296296296296,-1015.2222222222217,27.0,80.0
4200.0,70,1103.083333333333,-1051.6666666666656,12.0,62.0
4300.0,70,1113.6190476190475,-1089.3809523809518,21.0,54.0
4400.0,70,1129.5217391304345,-1122.7826086956516,23.0,64.0
4500.0,70,1151.0799999999997,-1153.9199999999996,25.0,76.0
4600.0,70,1165.8461538461536,-1192.692307692307,13.0,66.0
4700.0,70,1194.7222222222222,-1214.055555555555,18.0,78.0
4800.0,70,1231.391304347826,-1212.2173913043473,23.0,60.0
4900.0,70,1267.1111111111109,-1203.7222222222217,18.0,68.0
5000.0,70,1300.6666666666663,-1194.2380952380947,21.0,64.0
5100.0,70,1330.6923076923072,-1196.3076923076912,13.0,62.0
5200.0,70,1365.5769230769229,-1195.3076923076917,26.0,66.0
5300.0,70,1403.181818181818,-1187.2272727272718,22.0,70.0
5400.0,70,1440.7037037037035,-1174.7777777777771,27.0,66.0
5500.0,70,1476.4736842105262,-1160.9999999999993,19.0,64.0
5600.0,70,1511.6153846153845,-1148.6923076923067,13.0,66.0
5700.0,70,1553.607142857143,-1144.6428571428567,28.0,64.0
5800.0,70,1592.5238095238094,-1133.5238095238087,21.0,70.0
5900.0,70,1628.9999999999998,-1122.2173913043473,23.0,74.0
6000.0,70,1663.9166666666663,-1102.6666666666654,12.0,66.0
6100.0,70,1693.5666666666664,-1075.8999999999994,30.0,76.0
6200.0,70,1713.0416666666665,-1043.3333333333326,24.0,66.0
6300.0,70,1735.8999999999996,-998.7999999999986,10.0,64.0
6400.0,70,1753.7499999999995,-963.7499999999989,12.0,62.0
6500.0,70,1763.1363636363635,-922.4545454545448,22.0,68.0
6600.0,70,1769.5263157894735,-885.5263157894731,19.0,74.0
6700.0,70,1780.6153846153845,-847.4615384615375,13.0,64.0
6800.0,70,1800.6923076923076,-816.7692307692304,26.0,78.0
6900.0,70,1814.333333333333,-779.3333333333326,12.0,64.0
7000.0,70,1826.157894736842,-742.9473684210521,19.0,70.0
7100.0,70,1841.3076923076924,-707.807692307692,26.0,78.0
7200.0,70,1850.88,-669.9199999999998,25.0,70.0
7300.0,70,1866.3333333333333,-634.7499999999995,12.0,66.0
7400.0,70,1877.5625,-603.4999999999997,16.0,58.0
7500.0,70,1886.5263157894738,-562.1052631578945,19.0,64.0
7600.0,70,1881.4166666666665,-522.6666666666661,12.0,60.0
7700.0,70,1867.666666666666,-475.08333333333263,12.0,64.0
7800.0,70,1857.4999999999998,-445.16666666666623,18.0,68.0
7900.0,70,1843.1333333333332,-410.79999999999944,15.0,72.0
8000.0,70,1825.9999999999998,-382.6666666666656,9.0,60.0
8100.0,70,1807.3478260869565,-357.13043478260823,23.0,80.0
8200.0,70,1787.5789473684208,-319.47368421052585,19.0,74.0
8300.0,70,1769.3333333333333,-278.27777777777726,18.0,70.0
8400.0,70,1740.6666666666665,-254.6666666666656,9.0,64.0
8500.0,70,1707.53125,-230.8124999999997,32.0,84.0
8600.0,70,1672.2380952380954,-221.7142857142852,21.0,72.0
8700.0,70,1643.611111111111,-201.83333333333277,18.0,58.0
8800.0,70,1625.769230769231,-165.76923076922998,13.0,66.0
8900.0,70,1602.8064516129032,-127.58064516128997,31.0,78.0
9000.0,70,1591.0500000000002,-90.54999999999939,20.0,74.0
9100.0,70,1573.53125,-63.09374999999972,32.0,78.0
9200.0,70,1565.357142857143,-24.428571428571004,28.0,66.0
9300.0,70,1556.611111111111,16.88888888888941,18.0,64.0
9400.0,70,1546.3846153846157,53.92307692307757,13.0,56.0
9500.0,70,1542.0000000000002,78.15000000000029,20.0,70.0
9600.0,70,1558.0588235294117,116.94117647058877,17.0,72.0
9700.0,70,1575.1875,157.56250000000054,16.0,64.0
9800.0,70,1602.3999999999999,183.6000000000008,15.0,70.0
9900.0,70,1627.4347826086957,205.39130434782655,23.0,68.0
10000.0,70,1659.8823529411766,225.64705882353002,17.0,64.0
0.0,71,50.2,48.8,5.0,28.0
100.0,71,57.047619047619094,19.80952380952396,21.0,70.0
200.0,71,73.31250000000004,-10.374999999999773,16.0,68.0
300.0,71,86.99999999999994,-43.13333333333308,15.0,62.0
400.0,71,88.2941176470588,-80.82352941176444,17.0,68.0
500.0,71,79.79999999999997,-118.39999999999976,15.0,66.0
600.0,71,64.78571428571418,-145.785714285714,14.0,70.0
700.0,71,49.464285714285595,-177.32142857142847,28.0,68.0
800.0,71,36.57142857142828,-217.142857142857,21.0,72.0
900.0,71,20.809523809523604,-251.7142857142855,21.0,70.0
1000.0,71,22.83333333333311,-290.33333333333286,18.0,54.0
1100.0,71,29.079999999999828,-326.1599999999995,25.0,62.0
1200.0,71,55.47058823529381,-345.1176470588227,17.0,66.0
1300.0,71,88.28571428571384,-359.9999999999991,14.0,64.0
1400.0,71,114.76190476190449,-379.80952380952317,21.0,68.0
1500.0,71,136.6666666666662,-417.2666666666659,15.0,68.0
1600.0,71,166.6799999999996,-443.7199999999996,25.0,60.0
1700.0,71,202.99999999999937,-464.52941176470523,17.0,70.0
1800.0,71,232.8421052631574,-471.31578947368365,19.0,66.0
1900.0,71,270.41176470588175,-462.3529411764699,17.0,68.0
2000.0,71,309.0909090909081,-446.4545454545444,11.0,60.0
2100.0,71,346.4583333333329,-429.5416666666661,24.0,76.0
2200.0,71,386.9374999999993,-422.1249999999991,16.0,68.0
2300.0,71,422.8499999999995,-425.3999999999992,20.0,80.0
2400.0,71,458.31818181818153,-433.31818181818096,22.0,66.0
2500.0,71,484.59999999999974,-462.9666666666659,30.0,68.0
2600.0,71,506.9999999999995,-497.19999999999897,20.0,74.0
2700.0,71,530.7499999999997,-515.6249999999994,32.0,68.0
2800.0,71,567.1818181818176,-529.4999999999992,22.0,66.0
2900.0,71,605.0833333333328,-529.2499999999991,24.0,64.0
3000.0,71,644.9473684210519,-518.157894736841,19.0,70.0
3100.0,71,685.5238095238087,-507.047619047618,21.0,72.0
3200.0,71,698.5882352941167,-467.82352941176333,17.0,72.0
3300.0,71,713.562499999999,-432.18749999999847,16.0,78.0
3400.0,71,737.8124999999989,-394.49999999999847,16.0,66.0
3500.0,71,750.8695652173906,-378.2173913043466,23.0,60.0
3600.0,71,787.9999999999989,-360.999999999998,14.0,68.0
3700.0,71,821.0833333333326,-366.8749999999988,24.0,66.0
3800.0,71,862.2999999999985,-381.59999999999735,10.0,62.0
3900.0,71,901.7499999999995,-388.08333333333263,36.0,78.0
4000.0,71,938.1249999999993,-393.2083333333322,24.0,62.0
4100.0,71,976.7499999999991,-397.1999999999986,20.0,74.0
4200.0,71,1013.4166666666652,-414.5833333333309,12.0,62.0
4300.0,71,1047.9999999999986,-425.8333333333309,12.0,66.0
4400.0,71,1087.7142857142844,-433.42857142856946,14.0,66.0
4500.0,71,1123.277777777777,-436.44444444444304,18.0,58.0
4600.0,71,1162.7307692307686,-437.84615384615296,26.0,68.0
4700.0,71,1202.4444444444434,-429.6666666666654,18.0,62.0
4800.0,71,1234.4285714285702,-413.9999999999983,14.0,70.0
4900.0,71,1272.249999999999,-394.69999999999874,20.0,66.0
5000.0,71,1316.7187499999995,-383.8749999999992,32.0,70.0
5100.0,71,1351.217391304347,-367.26086956521624,23.0,72.0
5200.0,71,1389.4999999999986,-351.74999999999784,12.0,72.0
5300.0,71,1421.9090909090903,-328.2727272727262,22.0,76.0
5400.0,71,1459.999999999999,-313.5714285714267,14.0,74.0
5500.0,71,1477.1499999999992,-283.6999999999987,20.0,74.0
5600.0,71,1488.9444444444437,-253.8333333333317,18.0,68.0
5700.0,71,1499.7777777777771,-212.2222222222211,27.0,78.0
5800.0,71,1506.4999999999993,-166.74999999999886,28.0,68.0
5900.0,71,1520.4444444444432,-137.5555555555539,18.0,74.0
6000.0,71,1538.2105263157885,-99.78947368420909,19.0,66.0
6100.0,71,1567.8636363636356,-91.18181818181705,22.0,64.0
6200.0,71,1603.9090909090892,-81.9090909090888,11.0,66.0
6300.0,71,1634.4999999999984,-63.083333333331375,12.0,68.0
6400.0,71,1646.6666666666656,-26.13333333333172,15.0,70.0
6500.0,71,1656.9230769230762,10.153846153847107,26.0,74.0
6600.0,71,1666.304347826086,46.95652173913155,23.0,68.0
6700.0,71,1680.1999999999985,83.66666666666825,15.0,66.0
6800.0,71,1691.8999999999978,110.50000000000237,10.0,60.0
6900.0,71,1703.7083333333323,142.79166666666768,24.0,68.0
7000.0,71,1709.9999999999993,179.2083333333344,24.0,76.0
7100.0,71,1719.149999999999,214.7500000000012,20.0,68.0
7200.0,71,1731.0799999999992,241.960000000001,25.0,68.0
7300.0,71,1736.4230769230762,281.9230769230778,26.0,66.0
7400.0,71,1748.2631578947357,320.36842105263275,19.0,68.0
7500.0,71,1757.2666666666653,353.3333333333348,15.0,70.0
7600.0,71,1778.7999999999993,388.6800000000009,25.0,74.0
7700.0,71,1790.2307692307677,424.15384615384795,13.0,68.0
7800.0,71,1788.1764705882342,460.2352941176483,17.0,64.0
7900.0,71,1768.6249999999977,496.0000000000026,8.0,56.0
8000.0,71,1757.5714285714273,536.2142857142873,14.0,60.0
8100.0,71,1744.545454545453,576.636363636366,11.0,64.0
8200.0,71,1724.1249999999989,602.3750000000016,16.0,64.0
8300.0,71,1699.117647058823,626.0000000000007,34.0,74.0
8400.0,71,1664.4285714285704,641.142857142858,28.0,62.0
8500.0,71,1624.374999999999,649.2812500000008,32.0,68.0
8600.0,71,1588.736842105262,659.1578947368434,19.0,72.0
8700.0,71,1570.3529411764694,690.2941176470603,17.0,64.0
8800.0,71,1551.0999999999979,723.5000000000023,10.0,68.0
8900.0,71,1528.571428571427,745.5714285714303,14.0,66.0
9000.0,71,1501.9642857142849,777.7857142857151,28.0,74.0
9100.0,71,1495.0499999999988,811.1000000000012,20.0,64.0
9200.0,71,1482.0416666666656,850.7500000000009,24.0,78.0
9300.0,71,1468.7692307692291,892.2307692307709,13.0,60.0
9400.0,71,1452.086956521738,926.000000000001,23.0,64.0
9500.0,71,1436.9999999999982,958.5000000000016,14.0,72.0
9600.0,71,1416.5555555555525,990.4444444444467,9.0,56.0
9700.0,71,1401.967741935483,1026.3870967741943,31.0,84.0
9800.0,71,1383.3199999999988,1059.200000000001,25.0,76.0
9900.0,71,1375.1304347826074,1097.4782608695664,23.0,76.0
10000.0,71,1353.0909090909065,1129.2727272727295,11.0,64.0
0.0,72,50.0,50.5,2.0,14.0
100.0,72,59.736842105263136,83.00000000000011,19.0,68.0
200.0,72,74.99999999999991,116.35294117647078,17.0,68.0
300.0,72,97.57142857142853,152.7142857142858,21.0,68.0
400.0,72,114.49999999999997,186.85714285714317,14.0,68.0
500.0,72,143.0666666666666,214.53333333333367,15.0,66.0
600.0,72,163.0416666666666,236.91666666666688,24.0,64.0
700.0,72,187.6923076923071,267.76923076923134,13.0,66.0
800.0,72,218.04347826086902,292.8260869565221,23.0,66.0
900.0,72,251.999999999999,317.30769230769283,13.0,72.0
1000.0,72,265.99999999999926,357.57894736842144,19.0,66.0
1100.0,72,275.29166666666595,400.50000000000034,24.0,72.0
1200.0,72,288.84848484848436,435.6060606060608,33.0,80.0
1300.0,72,299.062499999999,475.56250000000057,16.0,58.0
1400.0,72,305.2580645161285,515.4516129032261,31.0,80.0
1500.0,72,319.47368421052556,550.6842105263162,19.0,68.0
1600.0,72,326.5999999999991,584.2000000000005,15.0,66.0
1700.0,72,340.0416666666661,615.5000000000002,24.0,68.0
1800.0,72,360.1111111111097,645.444444444445,9.0,58.0
1900.0,72,378.4117647058816,673.117647058824,17.0,66.0
2000.0,72,393.5652173913038,704.3913043478265,23.0,66.0
2100.0,72,414.8333333333326,736.2222222222227,18.0,64.0
2200.0,72,435.4999999999984,771.6000000000009,10.0,62.0
2300.0,72,455.3333333333325,802.7142857142862,21.0,64.0
2400.0,72,483.6666666666655,836.1333333333342,15.0,68.0
2500.0,72,500.05882352941074,871.7058823529419,17.0,62.0
2600.0,72,511.47058823529306,908.5294117647064,17.0,58.0
2700.0,72,522.4799999999992,945.1600000000003,25.0,80.0
2800.0,72,533.5599999999993,981.4000000000004,25.0,66.0
2900.0,72,548.933333333332,1013.4666666666673,15.0,64.0
3000.0,72,561.9999999999987,1045.4666666666674,15.0,60.0
3100.0,72,574.3749999999993,1086.5625000000002,32.0,72.0
3200.0,72,584.6923076923065,1123.6923076923083,13.0,68.0
3300.0,72,600.9374999999991,1156.2500000000005,16.0,58.0
3400.0,72,624.0833333333321,1188.666666666667,12.0,66.0
3500.0,72,639.7857142857133,1229.9285714285716,14.0,72.0
3600.0,72,651.6774193548383,1266.3225806451615,31.0,74.0
3700.0,72,647.1578947368414,1302.6315789473686,19.0,62.0
3800.0,72,639.7058823529404,1336.8235294117649,17.0,62.0
3900.0,72,639.8928571428568,1369.5000000000002,28.0,66.0
4000.0,72,638.7083333333329,1411.6250000000002,24.0,66.0
4100.0,72,647.6296296296292,1452.5555555555557,27.0,74.0
4200.0,72,655.7999999999993,1493.6,15.0,60.0
4300.0,72,666.7499999999995,1529.45,20.0,66.0
4400.0,72,673.8636363636359,1567.7727272727273,22.0,68.0
4500.0,72,693.6666666666661,1601.6666666666667,15.0,64.0
4600.0,72,714.6999999999996,1629.7,20.0,72.0
4700.0,72,741.3999999999999,1664.7666666666667,30.0,78.0
4800.0,72,764.9642857142854,1691.6785714285716,28.0,62.0
4900.0,72,785.4374999999993,1716.0625000000005,16.0,64.0
5000.0,72,818.7499999999992,1739.3333333333337,12.0,68.0
5100.0,72,839.2666666666661,1768.5333333333333,15.0,74.0
5200.0,72,863.0303030303028,1806.2424242424242,33.0,74.0
5300.0,72,877.9285714285709,1843.5000000000002,14.0,64.0
5400.0,72,886.3888888888883,1880.0,18.0,68.0
5500.0,72,876.9523809523805,1916.809523809524,21.0,70.0
5600.0,72,865.846153846153,1956.1538461538464,13.0,70.0
5700.0,72,844.666666666666,1981.9333333333336,15.0,60.0
5800.0,72,820.5624999999994,2009.5000000000002,16.0,68.0
5900.0,72,799.8888888888882,2044.888888888889,18.0,62.0
6000.0,72,782.5882352941169,2078.176470588235,17.0,74.0
6100.0,72,775.8214285714281,2106.5714285714284,28.0,78.0
6200.0,72,767.8749999999995,2141.0,24.0,64.0
6300.0,72,758.3809523809518,2179.238095238095,21.0,72.0
6400.0,72,745.2222222222215,2212.222222222222,18.0,72.0
6500.0,72,731.2105263157888,2251.157894736842,19.0,60.0
6600.0,72,719.1999999999994,2288.45,20.0,68.0
6700.0,72,694.0322580645156,2318.290322580645,31.0,84.0
6800.0,72,657.6666666666662,2326.185185185185,27.0,70.0
6900.0,72,622.1176470588229,2339.6470588235293,17.0,72.0
7000.0,72,588.999999999999,2354.9090909090905,11.0,66.0
7100.0,72,556.6363636363626,2374.9090909090905,11.0,62.0
7200.0,72,524.7391304347822,2390.869565217391,23.0,70.0
7300.0,72,491.6999999999989,2404.499999999999,10.0,64.0
7400.0,72,448.8571428571424,2413.47619047619,21.0,64.0
7500.0,72,409.4999999999988,2428.599999999999,10.0,60.0
7600.0,72,366.0833333333328,2447.583333333333,24.0,64.0
7700.0,72,327.90909090908957,2464.9999999999995,11.0,68.0
7800.0,72,284.3928571428567,2473.8571428571427,28.0,74.0
7900.0,72,241.91666666666586,2492.8333333333326,12.0,62.0
8000.0,72,207.80952380952348,2508.4761904761904,21.0,70.0
8100.0,72,175.57142857142833,2527.1071428571427,28.0,64.0
8200.0,72,146.9999999999996,2554.2777777777774,18.0,60.0
8300.0,72,115.99999999999966,2576.315789473684,19.0,68.0
8400.0,72,85.1874999999998,2594.78125,32.0,76.0
8500.0,72,52.82352941176428,2612.3529411764703,17.0,72.0
8600.0,72,16.84615384615328,2627.6153846153843,13.0,66.0
8700.0,72,-16.235294117647513,2631.941176470588,17.0,68.0
8800.0,72,-43.25000000000022,2644.833333333333,24.0,68.0
8900.0,72,-70.83333333333384,2664.4999999999995,12.0,64.0
9000.0,72,-100.04545454545483,2683.2272727272725,22.0,68.0
9100.0,72,-133.6153846153852,2703.0769230769224,13.0,68.0
9200.0,72,-171.1000000000004,2720.45,20.0,64.0
9300.0,72,-214.57142857142884,2735.380952380952,21.0,64.0
9400.0,72,-248.90000000000026,2751.699999999999,10.0,62.0
9500.0,72,-278.0000000000004,2768.1249999999986,8.0,56.0
9600.0,72,-306.54285714285726,2799.5714285714284,35.0,78.0
9700.0,72,-328.50000000000034,2829.9166666666656,12.0,64.0
9800.0,72,-364.75000000000006,2843.428571428571,28.0,76.0
9900.0,72,-390.83333333333366,2848.5833333333326,12.0,70.0
10000.0,72,-426.9285714285718,2856.142857142857,14.0,64.0
0.0,73,49.5,49.25,4.0,24.0
100.0,73,26.00000000000003,33.08333333333341,36.0,82.0
200.0,73,-9.749999999999915,22.875000000000263,16.0,74.0
300.0,73,-48.636363636363576,10.727272727273037,11.0,62.0
400.0,73,-63.83333333333348,-19.33333333333296,12.0,66.0
500.0,73,-75.62500000000006,-57.499999999999744,16.0,66.0
600.0,73,-81.83999999999995,-99.2,25.0,70.0
700.0,73,-95.91666666666643,-141.41666666666686,12.0,64.0
800.0,73,-117.7272727272725,-169.90909090909125,11.0,62.0
900.0,73,-152.3333333333332,-188.9333333333336,15.0,68.0
1000.0,73,-172.6666666666666,-222.33333333333348,18.0,70.0
1100.0,73,-190.13333333333327,-256.8000000000002,15.0,62.0
1200.0,73,-198.99999999999994,-286.7333333333334,15.0,66.0
1300.0,73,-228.68421052631575,-324.26315789473693,19.0,64.0
1400.0,73,-243.14285714285705,-359.71428571428595,14.0,62.0
1500.0,73,-264.85,-392.6500000000002,20.0,62.0
1600.0,73,-285.25000000000006,-428.50000000000045,8.0,48.0
1700.0,73,-311.7777777777779,-439.1111111111116,9.0,62.0
1800.0,73,-338.5714285714286,-455.7857142857145,14.0,64.0
1900.0,73,-370.03225806451616,-480.5483870967743,31.0,68.0
2000.0,73,-388.2142857142858,-510.4285714285716,14.0,60.0
2100.0,73,-420.20000000000005,-538.7333333333335,15.0,62.0
2200.0,73,-460.79999999999995,-560.1600000000002,25.0,78.0
2300.0,73,-482.82608695652175,-577.1304347826089,23.0,68.0
2400.0,73,-501.5625000000001,-612.59375,32.0,68.0
2500.0,73,-524.8823529411768,-657.764705882353,17.0,74.0
2600.0,73,-546.8636363636366,-691.318181818182,22.0,66.0
2700.0,73,-559.5000000000005,-721.3333333333336,12.0,60.0
2800.0,73,-568.7500000000007,-754.7500000000002,12.0,60.0
2900.0,73,-585.6428571428576,-788.0000000000001,14.0,70.0
3000.0,73,-601.1875000000005,-817.9375000000001,16.0,64.0
3100.0,73,-619.222222222223,-854.8888888888889,9.0,62.0
3200.0,73,-636.7391304347831,-893.7391304347826,23.0,68.0
3300.0,73,-641.1764705882359,-933.2941176470588,17.0,64.0
3400.0,73,-643.933333333334,-972.1999999999997,15.0,64.0
3500.0,73,-659.6521739130438,-1012.1739130434781,23.0,64.0
3600.0,73,-671.8518518518522,-1051.2222222222222,27.0,72.0
3700.0,73,-683.7777777777783,-1089.6666666666665,18.0,70.0
3800.0,73,-683.8095238095242,-1128.0476190476188,21.0,52.0
3900.0,73,-673.666666666667,-1167.2592592592591,27.0,70.0
4000.0,73,-647.8823529411771,-1195.8235294117644,17.0,66.0
4100.0,73,-611.6250000000006,-1211.958333333333,24.0,76.0
4200.0,73,-588.5000000000011,-1227.714285714285,14.0,64.0
4300.0,73,-571.0000000000015,-1255.8181818181813,11.0,62.0
4400.0,73,-551.6923076923091,-1293.7692307692303,13.0,82.0
4500.0,73,-557.714285714287,-1327.7857142857138,14.0,70.0
4600.0,73,-560.7619047619058,-1365.4285714285709,21.0,68.0
4700.0,73,-582.2857142857159,-1400.0714285714278,14.0,66.0
4800.0,73,-598.5263157894748,-1443.2631578947362,19.0,60.0
4900.0,73,-612.07142857143,-1478.499999999999,14.0,72.0
5000.0,73,-628.4687500000007,-1519.6874999999995,32.0,76.0
5100.0,73,-646.8000000000014,-1550.7333333333327,15.0,76.0
5200.0,73,-685.6666666666679,-1566.8888888888882,18.0,66.0
5300.0,73,-725.0833333333351,-1578.7499999999989,12.0,60.0
5400.0,73,-763.4375000000008,-1597.8749999999995,32.0,78.0
5500.0,73,-799.2592592592603,-1605.2962962962956,27.0,74.0
5600.0,73,-836.727272727274,-1591.4090909090903,22.0,70.0
5700.0,73,-862.5714285714299,-1567.666666666666,21.0,68.0
5800.0,73,-883.363636363639,-1527.5454545454534,11.0,62.0
5900.0,73,-898.5555555555588,-1487.6666666666652,9.0,56.0
6000.0,73,-919.3333333333352,-1448.599999999999,15.0,82.0
6100.0,73,-917.8000000000011,-1415.5999999999995,25.0,62.0
6200.0,73,-904.5882352941192,-1377.764705882352,17.0,66.0
6300.0,73,-887.0000000000015,-1343.529411764705,17.0,64.0
6400.0,73,-868.7142857142875,-1302.857142857142,14.0,72.0
6500.0,73,-839.8666666666684,-1272.5999999999992,15.0,56.0
6600.0,73,-806.0769230769249,-1260.0769230769224,13.0,68.0
6700.0,73,-769.076923076925,-1235.9999999999995,13.0,62.0
6800.0,73,-722.5454545454568,-1213.9999999999995,11.0,66.0
6900.0,73,-693.409090909092,-1186.4090909090905,22.0,64.0
7000.0,73,-676.7894736842119,-1151.2105263157891,19.0,64.0
7100.0,73,-653.785714285716,-1109.9999999999995,14.0,62.0
7200.0,73,-640.1111111111123,-1077.333333333333,18.0,66.0
7300.0,73,-624.200000000002,-1050.5999999999995,10.0,66.0
7400.0,73,-606.6470588235306,-1023.7647058823527,17.0,66.0
7500.0,73,-587.0769230769248,-993.9230769230765,13.0,72.0
7600.0,73,-571.7000000000011,-957.9499999999997,20.0,62.0
7700.0,73,-552.3333333333351,-923.9166666666662,12.0,64.0
7800.0,73,-537.3636363636373,-888.4545454545452,22.0,72.0
7900.0,73,-507.5000000000013,-868.4999999999995,18.0,74.0
8000.0,73,-462.800000000001,-850.9999999999995,20.0,72.0
8100.0,73,-440.1428571428581,-817.380952380952,21.0,74.0
8200.0,73,-408.37500000000057,-801.8437499999998,32.0,76.0
8300.0,73,-367.50000000000153,-789.8333333333322,12.0,62.0
8400.0,73,-330.2500000000009,-776.1499999999994,20.0,76.0
8500.0,73,-295.14285714285796,-762.1428571428565,21.0,66.0
8600.0,73,-263.4444444444449,-749.3888888888886,36.0,74.0
8700.0,73,-233.21428571428672,-738.1428571428564,14.0,52.0
8800.0,73,-213.38095238095303,-717.4761904761901,21.0,72.0
8900.0,73,-201.9411764705891,-680.1176470588231,17.0,64.0
9000.0,73,-189.80000000000157,-638.399999999999,10.0,62.0
9100.0,73,-173.1153846153852,-615.8076923076919,26.0,62.0
9200.0,73,-147.56521739130497,-586.8695652173909,23.0,78.0
9300.0,73,-111.10000000000115,-574.8999999999992,10.0,66.0
9400.0,73,-76.50000000000108,-564.099999999999,10.0,62.0
9500.0,73,-52.12000000000047,-559.7999999999996,25.0,62.0
9600.0,73,-11.071428571429252,-552.4999999999992,14.0,64.0
9700.0,73,21.684210526315297,-531.8421052631572,19.0,68.0
9800.0,73,54.16666666666597,-510.6666666666661,18.0,66.0
9900.0,73,82.31249999999912,-496.49999999999943,16.0,66.0
10000.0,73,114.1578947368412,-481.21052631578914,19.0,70.0
0.0,74,50.5,50.0,2.0,14.0
100.0,74,88.05555555555537,60.83333333333318,18.0,68.0
200.0,74,124.99999999999983,64.5238095238095,21.0,62.0
300.0,74,164.53846153846075,72.15384615384636,13.0,62.0
400.0,74,199.45454545454464,91.81818181818203,11.0,72.0
500.0,74,220.99999999999932,128.3846153846158,13.0,74.0
600.0,74,233.04999999999973,160.00000000000017,20.0,66.0
700.0,74,236.26666666666648,199.3333333333334,30.0,84.0
800.0,74,240.94999999999973,231.75000000000014,20.0,66.0
900.0,74,247.33333333333312,269.29166666666686,24.0,68.0
1000.0,74,259.6666666666663,307.33333333333354,18.0,68.0
1100.0,74,264.74999999999955,343.1875000000003,16.0,70.0
1200.0,74,278.4999999999995,377.72222222222223,18.0,62.0
1300.0,74,294.33333333333263,411.59999999999974,15.0,66.0
1400.0,74,311.6923076923073,455.1923076923075,26.0,72.0
1500.0,74,333.85185185185145,486.3333333333332,27.0,74.0
1600.0,74,352.43749999999955,517.0624999999995,16.0,72.0
1700.0,74,373.29999999999967,543.8999999999996,20.0,74.0
1800.0,74,402.82608695652146,548.6521739130433,23.0,66.0
1900.0,74,434.2857142857138,562.0714285714283,14.0,74.0
2000.0,74,469.4999999999997,569.7499999999998,16.0,64.0
2100.0,74,509.8666666666663,574.8666666666661,15.0,68.0
2200.0,74,542.6296296296293,600.4814814814812,27.0,68.0
2300.0,74,572.8124999999995,619.2499999999997,16.0,80.0
2400.0,74,592.4736842105259,643.8421052631576,19.0,70.0
2500.0,74,623.708333333333,671.8749999999998,24.0,74.0
2600.0,74,656.3749999999998,689.7083333333331,24.0,74.0
2700.0,74,681.0606060606059,705.3030303030301,33.0,74.0
2800.0,74,692.4999999999998,744.8076923076922,26.0,66.0
2900.0,74,701.0666666666663,782.4666666666665,15.0,66.0
3000.0,74,716.8095238095234,818.3809523809523,21.0,62.0
3100.0,74,727.4545454545446,860.727272727272,11.0,62.0
3200.0,74,723.4285714285711,891.2142857142854,28.0,64.0
3300.0,74,702.7142857142851,930.7142857142852,14.0,64.0
3400.0,74,671.6249999999995,945.3749999999994,16.0,66.0
3500.0,74,640.0624999999997,963.3124999999993,16.0,72.0
3600.0,74,604.4999999999994,977.8999999999991,10.0,64.0
3700.0,74,567.7647058823527,992.0588235294113,17.0,70.0
3800.0,74,540.9999999999997,1003.3999999999996,20.0,74.0
3900.0,74,498.9444444444442,1017.4444444444439,18.0,66.0
4000.0,74,459.59090909090895,1038.1818181818178,22.0,78.0
4100.0,74,418.8260869565216,1044.6956521739125,23.0,82.0
4200.0,74,395.99999999999966,1053.0769230769222,13.0,66.0
4300.0,74,359.1818181818177,1065.0909090909086,11.0,66.0
4400.0,74,327.0714285714279,1074.9999999999995,14.0,64.0
4500.0,74,292.99999999999926,1088.083333333333,12.0,68.0
4600.0,74,251.69999999999956,1091.7499999999998,20.0,64.0
4700.0,74,211.4999999999997,1099.9090909090905,22.0,82.0
4800.0,74,181.9374999999995,1117.6249999999995,16.0,64.0
4900.0,74,146.84615384615336,1134.9230769230762,13.0,68.0
5000.0,74,101.37499999999963,1153.4999999999995,16.0,68.0
5100.0,74,73.84615384615337,1169.9999999999995,13.0,74.0
5200.0,74,30.708333333333126,1172.7499999999998,24.0,58.0
5300.0,74,-7.894736842105502,1179.9999999999998,19.0,72.0
5400.0,74,-51.307692307692605,1192.7692307692305,13.0,68.0
5500.0,74,-84.44827586206915,1199.896551724138,29.0,64.0
5600.0,74,-122.70000000000024,1209.3999999999999,20.0,74.0
5700.0,74,-156.65000000000035,1221.3999999999996,20.0,70.0
5800.0,74,-188.8000000000006,1236.5999999999992,10.0,64.0
5900.0,74,-215.36363636363706,1266.727272727272,11.0,66.0
6000.0,74,-234.11111111111148,1296.4444444444441,18.0,70.0
6100.0,74,-258.4705882352944,1326.7941176470586,34.0,78.0
6200.0,74,-276.0416666666671,1363.2916666666665,24.0,60.0
6300.0,74,-300.92857142857224,1393.4999999999995,14.0,52.0
6400.0,74,-316.18181818181944,1423.9999999999993,11.0,60.0
6500.0,74,-352.87500000000057,1430.3749999999995,16.0,66.0
6600.0,74,-389.6923076923083,1449.0769230769226,13.0,64.0
6700.0,74,-426.541666666667,1459.208333333333,24.0,68.0
6800.0,74,-464.7000000000005,1470.0999999999997,20.0,72.0
6900.0,74,-497.2727272727281,1484.636363636363,11.0,60.0
7000.0,74,-533.6500000000004,1500.4499999999998,20.0,64.0
7100.0,74,-571.1052631578953,1519.1578947368419,19.0,58.0
7200.0,74,-608.6774193548391,1530.8387096774193,31.0,80.0
7300.0,74,-645.3000000000005,1557.7999999999997,20.0,66.0
7400.0,74,-676.3181818181823,1584.6363636363635,22.0,70.0
7500.0,74,-710.4583333333338,1591.9583333333333,24.0,66.0
7600.0,74,-748.380952380953,1608.6190476190475,21.0,66.0
7700.0,74,-778.5000000000007,1614.5,16.0,60.0
7800.0,74,-814.4736842105267,1607.3684210526314,19.0,74.0
7900.0,74,-852.0000000000009,1590.25,8.0,50.0
8000.0,74,-890.0000000000008,1577.7777777777778,9.0,62.0
8100.0,74,-929.1176470588239,1569.4117647058824,17.0,72.0
8200.0,74,-968.4375000000005,1552.5625,16.0,66.0
8300.0,74,-1000.8333333333337,1539.6999999999998,30.0,68.0
8400.0,74,-1037.6666666666672,1528.1249999999998,24.0,72.0
8500.0,74,-1064.9523809523814,1515.2857142857142,21.0,66.0
8600.0,74,-1094.434782608696,1496.9565217391305,23.0,66.0
8700.0,74,-1128.8461538461545,1482.5384615384612,13.0,64.0
8800.0,74,-1157.352941176471,1462.2941176470588,17.0,72.0
8900.0,74,-1192.8571428571431,1437.5714285714284,21.0,66.0
9000.0,74,-1222.8181818181824,1407.8181818181818,11.0,66.0
9100.0,74,-1258.3333333333335,1386.0666666666666,15.0,68.0
9200.0,74,-1294.0,1373.5,24.0,64.0
9300.0,74,-1332.818181818182,1359.3636363636367,11.0,62.0
9400.0,74,-1372.8333333333335,1349.1666666666667,36.0,80.0
9500.0,74,-1410.608695652174,1354.4782608695655,23.0,68.0
9600.0,74,-1432.7727272727275,1387.0909090909095,22.0,72.0
9700.0,74,-1456.9565217391305,1421.7826086956525,23.0,76.0
9800.0,74,-1470.8333333333335,1457.0000000000007,12.0,60.0
9900.0,74,-1492.5000000000002,1482.8888888888896,18.0,58.0
10000.0,74,-1523.3529411764707,1509.0000000000007,17.0,64.0
0.0,75,49.5,50.5,2.0,14.0
100.0,75,42.09090909090903,84.18181818181823,11.0,66.0
200.0,75,26.000000000000007,113.10000000000022,10.0,68.0
300.0,75,-6.2916666666668135,126.41666666666676,24.0,72.0
400.0,75,-40.25000000000054,144.87500000000034,8.0,54.0
500.0,75,-73.00000000000021,163.53333333333362,15.0,68.0
600.0,75,-118.80000000000003,182.6000000000003,30.0,78.0
700.0,75,-152.76000000000005,196.04000000000036,25.0,72.0
800.0,75,-190.777777777778,213.66666666666714,18.0,64.0
900.0,75,-223.05555555555577,225.1111111111115,18.0,64.0
1000.0,75,-257.6470588235298,244.7058823529416,17.0,72.0
1100.0,75,-299.0434782608698,257.0869565217395,23.0,66.0
1200.0,75,-339.15789473684225,271.368421052632,19.0,76.0
1300.0,75,-373.18181818181847,289.9090909090917,11.0,66.0
1400.0,75,-392.2500000000002,323.18750000000057,16.0,66.0
1500.0,75,-403.0000000000005,353.00000000000085,10.0,64.0
1600.0,75,-421.16666666666725,388.9166666666673,12.0,70.0
1700.0,75,-432.11111111111154,424.72222222222274,18.0,66.0
1800.0,75,-434.9230769230773,462.2692307692311,26.0,64.0
1900.0,75,-448.1052631578953,507.73684210526375,19.0,62.0
2000.0,75,-457.15384615384687,540.3076923076933,13.0,66.0
2100.0,75,-473.00000000000057,573.5000000000007,16.0,80.0
2200.0,75,-487.9583333333337,609.7083333333338,24.0,80.0
2300.0,75,-500.15000000000026,645.2000000000005,20.0,64.0
2400.0,75,-512.5185185185187,687.0370370370374,27.0,68.0
2500.0,75,-509.1111111111115,726.8888888888895,18.0,64.0
2600.0,75,-495.27272727272765,758.909090909092,11.0,64.0
2700.0,75,-484.6250000000002,796.5000000000008,16.0,62.0
2800.0,75,-471.8500000000002,838.1500000000008,20.0,70.0
2900.0,75,-460.36666666666684,875.7666666666672,30.0,72.0
3000.0,75,-452.5652173913045,914.1304347826094,23.0,66.0
3100.0,75,-437.5000000000004,957.5714285714297,14.0,64.0
3200.0,75,-419.0384615384618,1000.6923076923083,26.0,74.0
3300.0,75,-398.71428571428595,1036.7619047619055,21.0,78.0
3400.0,75,-381.2500000000004,1073.4166666666677,12.0,64.0
3500.0,75,-360.3571428571431,1111.642857142858,14.0,62.0
3600.0,75,-338.344827586207,1138.7241379310349,29.0,66.0
3700.0,75,-311.15000000000003,1160.6000000000004,20.0,72.0
3800.0,75,-267.66666666666686,1179.2222222222229,18.0,72.0
3900.0,75,-234.1333333333335,1187.0333333333335,30.0,72.0
4000.0,75,-195.7333333333336,1199.7333333333338,15.0,66.0
4100.0,75,-171.00000000000026,1216.7692307692314,13.0,64.0
4200.0,75,-164.4761904761907,1250.3809523809527,21.0,66.0
4300.0,75,-164.04347826086968,1292.0869565217392,23.0,64.0
4400.0,75,-161.8235294117649,1328.1764705882356,17.0,64.0
4500.0,75,-154.85185185185202,1366.4444444444446,27.0,62.0
4600.0,75,-132.61538461538515,1399.384615384616,13.0,64.0
4700.0,75,-108.54545454545509,1420.272727272728,11.0,56.0
4800.0,75,-92.33333333333385,1449.2500000000007,12.0,64.0
4900.0,75,-90.00000000000027,1481.8636363636367,22.0,64.0
5000.0,75,-89.35000000000045,1524.8000000000004,20.0,70.0
5100.0,75,-92.76190476190509,1564.571428571429,21.0,60.0
5200.0,75,-94.93750000000063,1604.8750000000005,16.0,56.0
5300.0,75,-92.78260869565267,1647.0000000000002,23.0,62.0
5400.0,75,-85.05263157894785,1686.3157894736844,19.0,66.0
5500.0,75,-58.31818181818223,1722.6818181818185,22.0,66.0
5600.0,75,-22.13333333333391,1750.133333333334,15.0,70.0
5700.0,75,16.624999999999012,1775.375000000001,8.0,54.0
5800.0,75,48.8421052631576,1785.9473684210532,19.0,66.0
5900.0,75,87.93749999999955,1805.3125000000005,16.0,66.0
6000.0,75,133.95652173913015,1813.5217391304352,23.0,72.0
6100.0,75,171.94444444444417,1823.2222222222229,18.0,72.0
6200.0,75,192.99999999999977,1849.9523809523814,21.0,70.0
6300.0,75,212.68181818181787,1876.2272727272732,22.0,74.0
6400.0,75,232.61904761904725,1893.1428571428576,21.0,68.0
6500.0,75,267.0357142857141,1897.7500000000005,28.0,70.0
6600.0,75,303.16666666666646,1899.2777777777783,18.0,66.0
6700.0,75,344.1249999999998,1899.7916666666672,24.0,62.0
6800.0,75,381.6428571428569,1893.2857142857151,14.0,72.0
6900.0,75,407.66666666666646,1879.1428571428576,21.0,68.0
7000.0,75,441.29999999999956,1861.4000000000012,10.0,64.0
7100.0,75,470.27777777777754,1841.0000000000007,18.0,68.0
7200.0,75,500.2499999999998,1828.2916666666672,24.0,72.0
7300.0,75,526.0526315789471,1802.631578947369,19.0,74.0
7400.0,75,551.9523809523806,1775.476190476191,21.0,68.0
7500.0,75,584.3181818181816,1766.2727272727277,22.0,72.0
7600.0,75,618.0909090909087,1750.6363636363649,11.0,68.0
7700.0,75,642.7142857142856,1722.1428571428578,28.0,74.0
7800.0,75,666.3636363636358,1695.545454545456,11.0,58.0
7900.0,75,692.0999999999996,1664.2000000000016,10.0,56.0
8000.0,75,722.9999999999999,1650.0555555555563,18.0,76.0
8100.0,75,754.9411764705881,1630.7058823529421,17.0,74.0
8200.0,75,779.6842105263157,1604.6315789473692,19.0,70.0
8300.0,75,793.9375,1572.937500000001,16.0,68.0
8400.0,75,810.4545454545454,1537.0909090909104,11.0,54.0
8500.0,75,844.8666666666668,1515.9333333333338,30.0,76.0
8600.0,75,877.5454545454551,1507.1818181818196,11.0,56.0
8700.0,75,916.826086956522,1498.5217391304354,23.0,74.0
8800.0,75,949.7600000000003,1481.0000000000007,25.0,72.0
8900.0,75,983.0000000000003,1469.1428571428582,14.0,64.0
9000.0,75,1018.4782608695654,1465.5217391304354,23.0,62.0
9100.0,75,1054.105263157895,1462.4736842105272,19.0,58.0
9200.0,75,1098.0666666666668,1445.400000000001,15.0,70.0
9300.0,75,1136.7647058823532,1441.0588235294126,17.0,66.0
9400.0,75,1171.8620689655174,1437.8275862068972,29.0,72.0
9500.0,75,1206.818181818182,1430.9090909090917,22.0,70.0
9600.0,75,1247.4210526315792,1427.8421052631588,19.0,64.0
9700.0,75,1285.6000000000006,1421.066666666668,15.0,68.0
9800.0,75,1326.0000000000005,1407.4400000000007,25.0,70.0
9900.0,75,1361.5200000000004,1401.2000000000007,25.0,64.0
10000.0,75,1399.3750000000005,1396.7500000000007,24.0,66.0
0.0,76,50.0,50.0,1.0,8.0
100.0,76,20.42307692307683,52.11538461538456,26.0,70.0
200.0,76,-8.615384615384755,72.07692307692295,13.0,56.0
300.0,76,-38.50000000000008,93.49999999999994,18.0,72.0
400.0,76,-55.92307692307708,128.69230769230757,13.0,66.0
500.0,76,-72.66666666666684,167.16666666666646,12.0,64.0
600.0,76,-91.71428571428586,195.35714285714266,14.0,58.0
700.0,76,-109.66666666666693,227.08333333333292,12.0,66.0
800.0,76,-127.75000000000021,261.6666666666663,12.0,72.0
900.0,76,-143.26666666666688,301.46666666666636,15.0,60.0
1000.0,76,-156.54166666666688,337.4999999999997,24.0,68.0
1100.0,76,-163.84210526315843,372.3157894736839,19.0,82.0
1200.0,76,-163.1428571428577,415.61904761904754,21.0,70.0
1300.0,76,-157.45454545454606,450.6818181818181,22.0,68.0
1400.0,76,-147.77777777777857,493.33333333333314,18.0,62.0
1500.0,76,-137.1304347826093,527.3478260869564,23.0,76.0
1600.0,76,-111.70588235294201,547.8823529411761,17.0,58.0
1700.0,76,-76.91666666666735,569.458333333333,24.0,70.0
1800.0,76,-59.17647058823638,599.0588235294115,17.0,66.0
1900.0,76,-35.24000000000068,634.5599999999997,25.0,70.0
2000.0,76,-25.150000000000887,676.7499999999997,20.0,66.0
2100.0,76,-13.454545454547358,709.9090909090903,11.0,66.0
2200.0,76,-7.590909090910046,740.2272727272725,22.0,62.0
2300.0,76,7.709677419354112,776.5161290322579,31.0,86.0
2400.0,76,31.099999999998932,801.4499999999997,20.0,70.0
2500.0,76,68.11111111110989,816.3888888888885,18.0,62.0
2600.0,76,107.84615384615222,831.0769230769225,13.0,66.0
2700.0,76,142.18749999999844,854.9999999999997,16.0,74.0
2800.0,76,179.83333333333223,872.3749999999997,24.0,74.0
2900.0,76,217.09090909090682,883.0909090909083,11.0,70.0
3000.0,76,248.315789473683,897.3157894736838,19.0,68.0
3100.0,76,283.33333333333235,915.0476190476185,21.0,78.0
3200.0,76,312.9999999999988,935.7368421052626,19.0,64.0
3300.0,76,353.571428571427,949.5714285714275,14.0,62.0
3400.0,76,386.8124999999983,959.2499999999991,16.0,62.0
3500.0,76,426.53846153845967,967.5384615384605,13.0,66.0
3600.0,76,469.391304347825,985.3043478260862,23.0,62.0
3700.0,76,507.7058823529405,1000.8529411764702,34.0,76.0
3800.0,76,545.0714285714271,1012.7142857142849,14.0,74.0
3900.0,76,583.4999999999985,1015.7857142857133,14.0,62.0
4000.0,76,622.2105263157885,1005.947368421052,19.0,56.0
4100.0,76,657.9374999999987,987.5624999999993,16.0,64.0
4200.0,76,691.4999999999983,971.4999999999991,12.0,72.0
4300.0,76,716.5909090909081,963.9090909090903,22.0,64.0
4400.0,76,747.0799999999991,969.4799999999996,25.0,78.0
4500.0,76,780.4545454545433,988.7272727272717,11.0,62.0
4600.0,76,809.1538461538453,997.3461538461535,26.0,70.0
4700.0,76,848.4583333333323,1003.5416666666662,24.0,62.0
4800.0,76,877.3529411764692,1019.882352941176,17.0,70.0
4900.0,76,915.090909090907,1031.0909090909083,11.0,62.0
5000.0,76,948.4285714285703,1041.238095238095,21.0,64.0
5100.0,76,979.1666666666654,1054.6666666666665,18.0,66.0
5200.0,76,1018.8823529411751,1068.3529411764705,17.0,64.0
5300.0,76,1045.882352941175,1088.2941176470588,17.0,62.0
5400.0,76,1080.2999999999988,1102.9499999999998,20.0,64.0
5500.0,76,1120.2999999999988,1108.8,20.0,60.0
5600.0,76,1163.9999999999989,1115.909090909091,22.0,70.0
5700.0,76,1200.9130434782599,1127.4347826086957,23.0,70.0
5800.0,76,1238.8181818181797,1134.6363636363637,11.0,66.0
5900.0,76,1285.1666666666658,1135.25,24.0,74.0
6000.0,76,1321.9444444444432,1128.2777777777778,18.0,64.0
6100.0,76,1355.6842105263145,1115.7368421052631,19.0,62.0
6200.0,76,1391.8928571428564,1104.5714285714287,28.0,80.0
6300.0,76,1430.3888888888875,1104.9999999999998,18.0,70.0
6400.0,76,1470.6874999999986,1115.8749999999998,16.0,64.0
6500.0,76,1510.1304347826078,1128.478260869565,23.0,66.0
6600.0,76,1543.6923076923063,1146.1538461538457,13.0,66.0
6700.0,76,1565.333333333332,1181.9999999999995,12.0,70.0
6800.0,76,1588.8181818181804,1219.4545454545453,11.0,66.0
6900.0,76,1602.8571428571418,1254.2857142857142,14.0,66.0
7000.0,76,1622.454545454544,1288.181818181818,11.0,70.0
7100.0,76,1657.1999999999991,1303.3,20.0,62.0
7200.0,76,1701.6666666666652,1315.4999999999998,12.0,68.0
7300.0,76,1734.583333333332,1330.9166666666665,12.0,70.0
7400.0,76,1761.3214285714278,1348.7857142857142,28.0,62.0
7500.0,76,1802.7368421052622,1364.2105263157894,19.0,70.0
7600.0,76,1827.7777777777767,1383.8888888888887,18.0,62.0
7700.0,76,1842.7391304347818,1422.1739130434783,23.0,70.0
7800.0,76,1855.8888888888866,1454.0000000000002,9.0,60.0
7900.0,76,1854.5454545454536,1492.2727272727273,22.0,70.0
8000.0,76,1842.2380952380943,1524.4761904761906,21.0,68.0
8100.0,76,1834.2380952380943,1562.5238095238094,21.0,72.0
8200.0,76,1835.8666666666654,1595.2666666666667,15.0,62.0
8300.0,76,1851.0909090909074,1631.5454545454545,11.0,66.0
8400.0,76,1849.6538461538455,1670.0384615384617,26.0,72.0
8500.0,76,1841.3636363636347,1712.909090909091,11.0,56.0
8600.0,76,1808.4230769230762,1738.1923076923076,26.0,66.0
8700.0,76,1773.8888888888869,1748.8888888888885,9.0,52.0
8800.0,76,1726.733333333332,1762.333333333333,15.0,60.0
8900.0,76,1700.6315789473674,1781.4210526315787,19.0,56.0
9000.0,76,1673.7586206896544,1805.3448275862067,29.0,66.0
9100.0,76,1644.176470588234,1817.1176470588234,17.0,58.0
9200.0,76,1623.499999999999,1834.5384615384614,26.0,72.0
9300.0,76,1612.769230769229,1875.153846153846,13.0,56.0
9400.0,76,1616.2352941176455,1920.3529411764705,17.0,62.0
9500.0,76,1621.5999999999972,1956.2999999999997,10.0,62.0
9600.0,76,1625.5499999999986,1992.1,20.0,62.0
9700.0,76,1643.4545454545428,2022.4545454545453,11.0,68.0
9800.0,76,1665.4444444444412,2062.4444444444443,9.0,64.0
9900.0,76,1690.7999999999984,2078.1,20.0,68.0
10000.0,76,1725.0967741935474,2090.774193548387,31.0,76.0
0.0,77,50.0,50.0,1.0,8.0
100.0,77,46.944444444444485,30.722222222222157,18.0,72.0
200.0,77,34.7407407407408,-11.444444444444542,27.0,72.0
300.0,77,23.357142857142975,-38.42857142857164,14.0,68.0
400.0,77,1.7727272727272934,-70.72727272727278,22.0,68.0
500.0,77,-17.40000000000012,-101.60000000000022,10.0,68.0
600.0,77,-39.428571428571516,-137.92857142857167,14.0,66.0
700.0,77,-52.30000000000031,-184.70000000000024,20.0,78.0
800.0,77,-65.80000000000042,-228.40000000000043,15.0,56.0
900.0,77,-78.85714285714334,-268.42857142857173,14.0,68.0
1000.0,77,-76.1904761904765,-303.0000000000002,21.0,60.0
1100.0,77,-65.4000000000004,-340.066666666667,15.0,68.0
1200.0,77,-51.8571428571433,-368.9285714285719,14.0,74.0
1300.0,77,-53.94736842105305,-402.789473684211,19.0,62.0
1400.0,77,-56.318181818182076,-440.7727272727276,22.0,74.0
1500.0,77,-39.947368421052964,-473.8421052631584,19.0,72.0
1600.0,77,-23.500000000000327,-513.2857142857149,14.0,62.0
1700.0,77,-22.6818181818183,-542.9545454545458,22.0,66.0
1800.0,77,-24.277777777777956,-576.3888888888893,18.0,64.0
1900.0,77,-21.944444444444997,-609.2222222222225,18.0,64.0
2000.0,77,-9.173913043478663,-648.826086956522,23.0,70.0
2100.0,77,6.714285714285195,-680.5714285714288,14.0,72.0
2200.0,77,22.312499999999453,-718.9375000000002,16.0,56.0
2300.0,77,40.5999999999993,-751.7000000000004,10.0,54.0
2400.0,77,61.59999999999961,-787.6000000000001,20.0,72.0
2500.0,77,76.95652173913005,-827.826086956522,23.0,62.0
2600.0,77,100.07692307692244,-867.0769230769233,13.0,66.0
2700.0,77,116.84999999999978,-902.5500000000002,20.0,64.0
2800.0,77,129.11111111111055,-935.2222222222226,9.0,62.0
2900.0,77,145.77777777777735,-963.0000000000005,9.0,64.0
3000.0,77,153.4090909090907,-996.0454545454546,22.0,64.0
3100.0,77,152.42105263157885,-1032.3157894736844,19.0,62.0
3200.0,77,144.46666666666667,-1071.5333333333335,15.0,64.0
3300.0,77,116.07407407407412,-1088.1481481481483,27.0,74.0
3400.0,77,88.19047619047635,-1105.3333333333335,21.0,66.0
3500.0,77,59.666666666666714,-1125.1111111111113,18.0,68.0
3600.0,77,21.78571428571434,-1141.8571428571436,14.0,64.0
3700.0,77,-7.647058823529306,-1162.0000000000007,17.0,72.0
3800.0,77,-26.357142857142748,-1195.0714285714291,14.0,70.0
3900.0,77,-30.999999999999943,-1230.3448275862072,29.0,68.0
4000.0,77,-37.31818181818183,-1264.7727272727277,22.0,60.0
4100.0,77,-46.6363636363641,-1306.818181818183,11.0,66.0
4200.0,77,-70.46153846153882,-1326.3846153846162,13.0,64.0
4300.0,77,-101.21739130434807,-1338.434782608696,23.0,66.0
4400.0,77,-144.416666666667,-1346.0833333333342,12.0,68.0
4500.0,77,-181.27272727272774,-1359.4545454545462,11.0,66.0
4600.0,77,-195.52173913043498,-1386.04347826087,23.0,64.0
4700.0,77,-220.29411764705907,-1418.7058823529417,17.0,78.0
4800.0,77,-231.6000000000003,-1452.5000000000007,10.0,66.0
4900.0,77,-239.43750000000017,-1488.1875000000005,16.0,66.0
5000.0,77,-265.1176470588237,-1519.823529411765,17.0,66.0
5100.0,77,-291.40000000000043,-1534.3000000000006,10.0,68.0
5200.0,77,-323.8214285714287,-1535.4642857142858,28.0,72.0
5300.0,77,-364.65384615384636,-1544.2692307692307,26.0,68.0
5400.0,77,-405.3750000000003,-1559.1250000000002,16.0,56.0
5500.0,77,-436.70000000000044,-1573.4000000000003,10.0,60.0
5600.0,77,-469.16666666666686,-1589.4166666666667,12.0,66.0
5700.0,77,-503.8823529411766,-1600.4117647058824,17.0,62.0
5800.0,77,-540.9411764705884,-1606.9411764705885,17.0,68.0
5900.0,77,-569.529411764706,-1620.7058823529414,17.0,64.0
6000.0,77,-596.7272727272729,-1636.9090909090912,11.0,64.0
6100.0,77,-631.5000000000001,-1656.4000000000005,10.0,64.0
6200.0,77,-664.2608695652174,-1673.826086956522,23.0,62.0
6300.0,77,-698.4230769230769,-1684.5384615384617,26.0,72.0
6400.0,77,-734.7058823529412,-1704.2352941176473,17.0,72.0
6500.0,77,-773.0769230769231,-1720.8461538461543,13.0,70.0
6600.0,77,-806.6,-1738.9333333333338,15.0,60.0
6700.0,77,-839.9285714285714,-1748.3571428571433,14.0,70.0
6800.0,77,-878.3846153846152,-1765.384615384616,13.0,62.0
6900.0,77,-911.7142857142856,-1783.809523809524,21.0,64.0
7000.0,77,-946.258064516129,-1797.0000000000002,31.0,74.0
7100.0,77,-983.4666666666668,-1813.4000000000003,15.0,70.0
7200.0,77,-1015.0000000000002,-1827.7000000000005,10.0,66.0
7300.0,77,-1054.7619047619048,-1844.5238095238094,21.0,68.0
7400.0,77,-1088.3333333333337,-1860.3999999999996,15.0,70.0
7500.0,77,-1114.2222222222224,-1856.2777777777774,18.0,64.0
7600.0,77,-1149.1666666666672,-1873.8333333333326,12.0,66.0
7700.0,77,-1181.1000000000008,-1892.499999999999,10.0,58.0
7800.0,77,-1217.0000000000007,-1899.4615384615377,13.0,66.0
7900.0,77,-1250.6000000000006,-1914.466666666666,15.0,62.0
8000.0,77,-1277.2380952380956,-1941.1904761904755,21.0,64.0
8100.0,77,-1305.538461538462,-1969.0769230769222,13.0,66.0
8200.0,77,-1329.2666666666669,-1999.8666666666657,15.0,62.0
8300.0,77,-1361.1666666666667,-2020.9999999999986,12.0,66.0
8400.0,77,-1395.2631578947369,-2039.0526315789466,19.0,68.0
8500.0,77,-1429.9166666666665,-2045.833333333332,12.0,62.0
8600.0,77,-1463.6470588235295,-2060.3529411764694,17.0,60.0
8700.0,77,-1494.4642857142858,-2077.499999999999,28.0,72.0
8800.0,77,-1534.8500000000001,-2089.3499999999985,20.0,66.0
8900.0,77,-1569.7333333333338,-2111.7333333333318,15.0,64.0
9000.0,77,-1610.7000000000007,-2133.1999999999975,10.0,64.0
9100.0,77,-1646.826086956522,-2149.1304347826076,23.0,68.0
9200.0,77,-1680.6800000000003,-2159.559999999999,25.0,68.0
9300.0,77,-1712.9090909090917,-2163.6363636363612,11.0,62.0
9400.0,77,-1752.3333333333335,-2174.0666666666657,30.0,72.0
9500.0,77,-1795.615384615385,-2183.846153846153,26.0,68.0
9600.0,77,-1830.9629629629633,-2194.518518518518,27.0,70.0
9700.0,77,-1864.6666666666672,-2209.047619047618,21.0,72.0
9800.0,77,-1899.2857142857151,-2225.7857142857124,14.0,74.0
9900.0,77,-1925.1000000000013,-2240.7999999999975,10.0,66.0
10000.0,77,-1943.5714285714291,-2268.7619047619037,21.0,70.0
0.0,78,50.666666666666664,49.666666666666664,3.0,18.0
100.0,78,84.07999999999988,55.71999999999993,25.0,68.0
200.0,78,119.95238095238086,63.666666666666494,21.0,66.0
300.0,78,154.64516129032256,72.22580645161281,31.0,76.0
400.0,78,194.33333333333331,87.46666666666651,15.0,58.0
500.0,78,228.8461538461538,111.30769230769226,13.0,66.0
600.0,78,248.44444444444477,151.11111111111103,9.0,58.0
700.0,78,281.16666666666686,163.66666666666654,12.0,64.0
800.0,78,316.73333333333346,183.39999999999986,15.0,78.0
900.0,78,351.7826086956523,185.13043478260857,23.0,74.0
1000.0,78,385.8000000000002,189.7333333333333,15.0,66.0
1100.0,78,410.3500000000002,207.10000000000005,20.0,70.0
1200.0,78,436.5454545454548,229.8636363636365,22.0,64.0
1300.0,78,459.4210526315793,268.52631578947376,19.0,60.0
1400.0,78,492.8857142857145,293.3142857142858,35.0,86.0
1500.0,78,530.9523809523813,289.90476190476204,21.0,72.0
1600.0,78,571.8947368421055,281.26315789473705,19.0,68.0
1700.0,78,606.0000000000005,264.8750000000004,16.0,64.0
1800.0,78,633.8181818181824,236.454545454546,11.0,66.0
1900.0,78,652.1000000000004,203.7000000000004,10.0,62.0
2000.0,78,683.8000000000002,178.40000000000032,10.0,64.0
2100.0,78,723.3157894736843,160.10526315789502,19.0,62.0
2200.0,78,763.9000000000001,153.35000000000022,20.0,76.0
2300.0,78,803.7307692307693,143.00000000000017,26.0,68.0
2400.0,78,844.6666666666669,130.66666666666725,9.0,64.0
2500.0,78,872.1818181818185,110.18181818181866,11.0,58.0
2600.0,78,906.1666666666671,100.91666666666713,12.0,72.0
2700.0,78,937.2727272727275,79.18181818181876,11.0,66.0
2800.0,78,969.6666666666667,67.46666666666694,15.0,72.0
2900.0,78,1010.8823529411767,53.41176470588271,17.0,66.0
3000.0,78,1044.3000000000004,31.00000000000057,10.0,64.0
3100.0,78,1079.8125,11.00000000000042,16.0,66.0
3200.0,78,1120.0,-1.6428571428567835,14.0,62.0
3300.0,78,1161.6875,-16.812499999999716,16.0,72.0
3400.0,78,1203.2777777777778,-25.555555555555372,18.0,60.0
3500.0,78,1237.9000000000003,-38.799999999999685,10.0,64.0
3600.0,78,1253.909090909091,-64.36363636363606,11.0,64.0
3700.0,78,1268.1428571428573,-97.64285714285694,14.0,70.0
3800.0,78,1288.6000000000004,-134.29999999999978,10.0,62.0
3900.0,78,1310.7000000000003,-171.94999999999993,20.0,76.0
4000.0,78,1322.0000000000005,-200.59999999999988,15.0,62.0
4100.0,78,1335.529411764706,-239.1764705882352,17.0,70.0
4200.0,78,1355.7058823529412,-274.58823529411745,17.0,64.0
4300.0,78,1376.0909090909092,-311.9090909090906,11.0,64.0
4400.0,78,1388.3913043478262,-342.3043478260868,23.0,78.0
4500.0,78,1406.5454545454547,-377.4545454545454,11.0,64.0
4600.0,78,1431.4761904761908,-410.33333333333326,21.0,60.0
4700.0,78,1445.636363636364,-444.27272727272737,11.0,62.0
4800.0,78,1459.555555555556,-476.5555555555556,9.0,64.0
4900.0,78,1475.9705882352944,-510.38235294117646,34.0,78.0
5000.0,78,1480.4642857142858,-544.8928571428571,28.0,74.0
5100.0,78,1492.3636363636367,-581.8181818181818,11.0,68.0
5200.0,78,1525.0833333333335,-588.083333333333,12.0,68.0
5300.0,78,1560.9166666666667,-598.8333333333331,24.0,64.0
5400.0,78,1594.9333333333334,-599.6666666666663,15.0,64.0
5500.0,78,1623.2,-587.7999999999997,15.0,66.0
5600.0,78,1646.157894736842,-576.4736842105262,19.0,70.0
5700.0,78,1686.0000000000002,-560.5454545454546,11.0,60.0
5800.0,78,1715.3793103448277,-535.4482758620691,29.0,76.0
5900.0,78,1748.7500000000002,-518.8333333333335,12.0,68.0
6000.0,78,1779.3333333333335,-498.7500000000001,12.0,62.0
6100.0,78,1812.3333333333335,-483.9166666666669,12.0,58.0
6200.0,78,1829.3076923076926,-451.4615384615386,26.0,66.0
6300.0,78,1855.1111111111113,-420.6111111111113,18.0,64.0
6400.0,78,1882.72,-388.48000000000013,25.0,64.0
6500.0,78,1904.294117647059,-353.0000000000001,17.0,70.0
6600.0,78,1932.818181818182,-321.09090909090907,22.0,72.0
6700.0,78,1948.5833333333335,-289.16666666666674,12.0,66.0
6800.0,78,1975.8500000000001,-256.70000000000005,20.0,72.0
6900.0,78,1989.842105263158,-218.68421052631578,19.0,64.0
7000.0,78,2001.4210526315792,-185.21052631578948,19.0,72.0
7100.0,78,2017.3076923076928,-149.84615384615384,13.0,64.0
7200.0,78,2035.4000000000008,-113.39999999999992,10.0,64.0
7300.0,78,2071.411764705883,-94.76470588235289,17.0,60.0
7400.0,78,2107.818181818182,-88.09090909090907,33.0,74.0
7500.0,78,2148.571428571429,-80.85714285714278,14.0,68.0
7600.0,78,2181.3571428571436,-67.92857142857133,14.0,68.0
7700.0,78,2211.857142857143,-44.476190476190496,21.0,62.0
7800.0,78,2242.7857142857147,-23.07142857142857,14.0,62.0
7900.0,78,2276.1111111111118,-1.5000000000000568,18.0,58.0
8000.0,78,2304.1785714285716,18.96428571428574,28.0,66.0
8100.0,78,2311.518518518519,60.18518518518512,27.0,74.0
8200.0,78,2325.000000000001,95.30769230769224,13.0,64.0
8300.0,78,2332.285714285715,119.14285714285698,14.0,70.0
8400.0,78,2352.96,151.71999999999983,25.0,74.0
8500.0,78,2373.2000000000007,181.79999999999973,10.0,60.0
8600.0,78,2387.5000000000005,219.5555555555553,18.0,60.0
8700.0,78,2403.5789473684213,254.84210526315758,19.0,78.0
8800.0,78,2428.3478260869565,285.08695652173884,23.0,64.0
8900.0,78,2450.25,320.69999999999976,20.0,66.0
9000.0,78,2466.470588235294,352.52941176470586,17.0,72.0
9100.0,78,2482.0588235294117,388.7058823529412,17.0,68.0
9200.0,78,2506.5333333333333,423.2000000000001,15.0,74.0
9300.0,78,2541.25,441.75000000000017,16.0,60.0
9400.0,78,2578.5416666666665,448.8333333333335,24.0,70.0
9500.0,78,2618.8333333333335,462.16666666666697,12.0,66.0
9600.0,78,2656.464285714286,475.78571428571445,28.0,82.0
9700.0,78,2693.8333333333335,484.9166666666669,12.0,66.0
9800.0,78,2723.4074074074074,509.1851851851854,27.0,70.0
9900.0,78,2753.277777777778,525.777777777778,18.0,72.0
10000.0,78,2783.2352941176473,541.4117647058828,17.0,66.0
0.0,79,50.0,50.0,1.0,8.0
100.0,79,44.52941176470596,15.823529411764673,17.0,60.0
200.0,79,23.000000000000156,-22.666666666666742,18.0,62.0
300.0,79,5.238095238095238,-56.47619047619056,21.0,66.0
400.0,79,-1.099999999999966,-91.33333333333353,30.0,70.0
500.0,79,0.6666666666666666,-134.7500000000001,24.0,66.0
600.0,79,4.555555555555623,-175.70370370370375,27.0,68.0
700.0,79,6.071428571428393,-214.42857142857167,14.0,60.0
800.0,79,23.69230769230774,-252.30769230769258,13.0,64.0
900.0,79,38.40000000000008,-286.95000000000016,20.0,74.0
1000.0,79,39.800000000000104,-324.35000000000025,20.0,74.0
1100.0,79,59.857142857142904,-355.2857142857146,14.0,62.0
1200.0,79,78.68000000000005,-390.08000000000027,25.0,66.0
1300.0,79,93.33333333333339,-421.33333333333394,12.0,68.0
1400.0,79,119.7777777777779,-457.27777777777794,18.0,68.0
1500.0,79,138.06666666666683,-490.0666666666669,15.0,66.0
1600.0,79,160.23076923076962,-524.9230769230769,13.0,64.0
1700.0,79,188.4000000000002,-553.7500000000001,20.0,72.0
1800.0,79,225.57142857142875,-570.7142857142859,21.0,68.0
1900.0,79,269.05882352941194,-585.2352941176474,17.0,62.0
2000.0,79,303.6666666666669,-603.2222222222229,9.0,60.0
2100.0,79,340.60000000000025,-619.3500000000004,20.0,66.0
2200.0,79,373.34782608695673,-637.7391304347829,23.0,72.0
2300.0,79,388.9565217391306,-672.0434782608696,23.0,66.0
2400.0,79,395.714285714286,-707.7142857142857,14.0,68.0
2500.0,79,409.92857142857156,-745.5000000000001,14.0,72.0
2600.0,79,426.4666666666667,-779.8666666666669,15.0,70.0
2700.0,79,446.3684210526316,-794.0000000000002,19.0,62.0
2800.0,79,477.25,-810.166666666667,12.0,70.0
2900.0,79,502.3333333333332,-834.777777777778,18.0,64.0
3000.0,79,517.0499999999998,-872.6500000000003,20.0,66.0
3100.0,79,534.0999999999997,-902.4000000000004,20.0,66.0
3200.0,79,555.7727272727271,-933.545454545455,22.0,68.0
3300.0,79,586.1176470588235,-948.3529411764712,17.0,72.0
3400.0,79,612.235294117647,-965.8235294117653,17.0,70.0
3500.0,79,648.8823529411764,-983.8235294117653,17.0,62.0
3600.0,79,670.4999999999995,-1005.1666666666675,12.0,60.0
3700.0,79,711.4545454545446,-1016.1818181818189,11.0,60.0
3800.0,79,751.9130434782603,-1029.7826086956525,23.0,66.0
3900.0,79,788.2083333333328,-1043.541666666667,24.0,66.0
4000.0,79,826.4999999999989,-1051.8000000000006,10.0,62.0
4100.0,79,850.9499999999994,-1061.7000000000003,20.0,66.0
4200.0,79,889.4999999999992,-1077.7857142857147,14.0,64.0
4300.0,79,916.8709677419351,-1102.7419354838712,31.0,80.0
4400.0,79,940.6774193548383,-1127.2903225806454,31.0,78.0
4500.0,79,963.78947368421,-1151.3157894736846,19.0,66.0
4600.0,79,1003.5172413793099,-1149.8965517241381,29.0,80.0
4700.0,79,1044.8064516129027,-1152.2258064516132,31.0,72.0
4800.0,79,1084.0465116279065,-1173.9767441860467,43.0,82.0
4900.0,79,1118.421052631578,-1199.3157894736846,19.0,66.0
5000.0,79,1148.999999999999,-1213.0500000000004,20.0,64.0
5100.0,79,1170.0666666666655,-1251.0666666666673,15.0,66.0
5200.0,79,1184.2222222222201,-1282.0000000000014,9.0,58.0
5300.0,79,1198.7894736842095,-1304.631578947369,19.0,66.0
5400.0,79,1217.1874999999995,-1331.3125000000005,32.0,74.0
5500.0,79,1232.9999999999993,-1372.2173913043484,23.0,68.0
5600.0,79,1246.3333333333323,-1411.5833333333346,12.0,58.0
5700.0,79,1277.5652173913038,-1418.9130434782614,23.0,72.0
5800.0,79,1313.642857142856,-1440.2857142857154,14.0,76.0
5900.0,79,1343.9230769230758,-1464.2307692307704,13.0,60.0
6000.0,79,1366.4583333333328,-1494.458333333334,24.0,66.0
6100.0,79,1394.4399999999996,-1526.0400000000006,25.0,70.0
6200.0,79,1405.5652173913038,-1565.260869565218,23.0,72.0
6300.0,79,1421.727272727272,-1604.6363636363644,11.0,66.0
6400.0,79,1451.1999999999991,-1630.5000000000007,10.0,66.0
6500.0,79,1471.7499999999995,-1666.6875000000007,16.0,66.0
6600.0,79,1468.6799999999998,-1700.9200000000003,25.0,64.0
6700.0,79,1454.9999999999995,-1743.200000000001,10.0,64.0
6800.0,79,1431.6818181818178,-1775.0000000000005,22.0,74.0
6900.0,79,1407.1999999999994,-1806.4000000000005,15.0,62.0
7000.0,79,1392.3999999999994,-1850.0000000000005,20.0,66.0
7100.0,79,1379.799999999999,-1887.800000000001,10.0,58.0
7200.0,79,1359.714285714285,-1923.2857142857151,14.0,64.0
7300.0,79,1329.3333333333328,-1955.1904761904768,21.0,66.0
7400.0,79,1288.958333333333,-1967.5000000000007,24.0,60.0
7500.0,79,1253.0999999999995,-1982.1000000000015,10.0,64.0
7600.0,79,1219.5499999999995,-2007.3500000000006,20.0,76.0
7700.0,79,1189.3888888888885,-2008.8888888888896,18.0,70.0
7800.0,79,1150.666666666666,-2005.1333333333341,15.0,64.0
7900.0,79,1115.6428571428564,-2009.5714285714296,14.0,64.0
8000.0,79,1086.6842105263154,-2030.473684210527,19.0,76.0
8100.0,79,1050.210526315789,-2050.2631578947376,19.0,66.0
8200.0,79,1011.4545454545452,-2066.2272727272734,22.0,64.0
8300.0,79,975.1333333333328,-2084.800000000001,15.0,66.0
8400.0,79,943.647058823529,-2098.5294117647068,17.0,62.0
8500.0,79,899.3333333333329,-2106.1666666666674,18.0,62.0
8600.0,79,862.7333333333332,-2121.8666666666672,30.0,70.0
8700.0,79,825.3529411764704,-2132.882352941177,34.0,74.0
8800.0,79,791.5555555555552,-2148.055555555556,18.0,60.0
8900.0,79,753.7692307692303,-2162.2307692307704,13.0,68.0
9000.0,79,724.4999999999994,-2184.6000000000013,10.0,64.0
9100.0,79,687.7333333333331,-2203.8666666666677,15.0,68.0
9200.0,79,651.8823529411762,-2218.9411764705887,17.0,68.0
9300.0,79,627.4285714285712,-2229.07142857143,14.0,60.0
9400.0,79,594.9545454545453,-2228.545454545455,22.0,66.0
9500.0,79,562.9166666666665,-2213.333333333335,12.0,72.0
9600.0,79,541.2727272727271,-2178.0000000000014,11.0,62.0
9700.0,79,521.3846153846151,-2139.0000000000014,13.0,64.0
9800.0,79,502.5999999999999,-2107.7333333333345,15.0,72.0
9900.0,79,489.09090909090895,-2073.272727272728,22.0,72.0
10000.0,79,473.05263157894706,-2032.8421052631588,19.0,78.0
0.0,8,49.75,50.25,4.0,24.0
100.0,8,22.699999999999903,58.90000000000009,10.0,66.0
200.0,8,-11.545454545454675,48.136363636363555,22.0,64.0
300.0,8,-38.705882352941295,28.235294117646937,17.0,64.0
400.0,8,-66.36363636363649,15.454545454545299,11.0,66.0
500.0,8,-104.59999999999994,-0.33333333333364124,15.0,64.0
600.0,8,-140.111111111111,-16.722222222222598,18.0,60.0
700.0,8,-177.8461538461536,-37.230769230769695,13.0,68.0
800.0,8,-211.7857142857142,-54.392857142857274,28.0,76.0
900.0,8,-249.18181818181768,-73.00000000000045,11.0,68.0
1000.0,8,-290.6999999999997,-90.20000000000027,20.0,68.0
1100.0,8,-324.4999999999996,-106.66666666666697,18.0,64.0
1200.0,8,-357.9999999999997,-125.9500000000003,20.0,76.0
1300.0,8,-398.8888888888884,-147.11111111111137,18.0,68.0
1400.0,8,-430.18749999999943,-163.50000000000017,16.0,66.0
1500.0,8,-465.9999999999988,-174.62500000000028,8.0,58.0
1600.0,8,-493.48571428571404,-197.1428571428572,35.0,70.0
1700.0,8,-517.083333333333,-233.45833333333343,24.0,78.0
1800.0,8,-543.533333333333,-262.53333333333336,15.0,62.0
1900.0,8,-578.3636363636358,-286.5454545454545,11.0,60.0
2000.0,8,-597.9259259259256,-313.92592592592587,27.0,78.0
2100.0,8,-623.0740740740737,-333.66666666666663,27.0,80.0
2200.0,8,-662.4285714285704,-349.0000000000001,14.0,62.0
2300.0,8,-696.4444444444429,-370.1111111111112,9.0,56.0
2400.0,8,-705.199999999999,-396.13333333333316,15.0,66.0
2500.0,8,-723.666666666665,-434.3333333333331,9.0,58.0
2600.0,8,-733.1764705882349,-465.9411764705882,34.0,76.0
2700.0,8,-743.8095238095232,-502.9523809523808,21.0,66.0
2800.0,8,-756.9999999999986,-542.4545454545454,11.0,62.0
2900.0,8,-771.3846153846143,-576.5384615384617,13.0,64.0
3000.0,8,-787.6874999999991,-606.4375000000001,16.0,62.0
3100.0,8,-817.9090909090896,-630.8181818181819,11.0,64.0
3200.0,8,-847.9999999999987,-646.111111111111,9.0,62.0
3300.0,8,-891.7368421052624,-653.9473684210526,19.0,66.0
3400.0,8,-929.619047619047,-658.9047619047618,21.0,64.0
3500.0,8,-965.8571428571421,-664.3571428571427,14.0,58.0
3600.0,8,-1000.0666666666657,-672.8666666666666,15.0,68.0
3700.0,8,-1039.714285714285,-687.5357142857143,28.0,76.0
3800.0,8,-1076.1052631578937,-693.8421052631579,19.0,74.0
3900.0,8,-1113.555555555555,-690.0370370370371,27.0,62.0
4000.0,8,-1154.0588235294108,-681.1764705882354,17.0,74.0
4100.0,8,-1187.9230769230755,-660.4615384615386,13.0,60.0
4200.0,8,-1199.8823529411754,-617.7058823529412,17.0,64.0
4300.0,8,-1220.4347826086948,-584.0,23.0,78.0
4400.0,8,-1232.0999999999983,-551.5999999999999,10.0,66.0
4500.0,8,-1255.9285714285702,-512.5,14.0,72.0
4600.0,8,-1268.8333333333323,-468.2222222222222,18.0,66.0
4700.0,8,-1276.6999999999982,-432.6,10.0,60.0
4800.0,8,-1282.4399999999994,-400.28,25.0,74.0
4900.0,8,-1296.9090909090894,-372.5454545454546,11.0,66.0
5000.0,8,-1331.6315789473676,-359.0000000000001,19.0,68.0
5100.0,8,-1365.3684210526308,-344.00000000000017,19.0,72.0
5200.0,8,-1398.2105263157887,-324.10526315789497,19.0,60.0
5300.0,8,-1434.676470588235,-312.3529411764707,34.0,74.0
5400.0,8,-1460.5555555555552,-290.48148148148164,27.0,78.0
5500.0,8,-1493.090909090908,-269.81818181818215,11.0,60.0
5600.0,8,-1538.333333333333,-261.1481481481482,27.0,72.0
5700.0,8,-1573.1249999999993,-248.93749999999977,16.0,64.0
5800.0,8,-1608.3333333333328,-233.7142857142854,21.0,68.0
5900.0,8,-1636.9999999999989,-215.9999999999995,12.0,62.0
6000.0,8,-1649.4999999999995,-196.9583333333331,24.0,70.0
6100.0,8,-1659.1428571428564,-163.92857142857116,14.0,64.0
6200.0,8,-1675.9999999999995,-112.49999999999974,14.0,64.0
6300.0,8,-1700.1111111111106,-77.8333333333331,18.0,72.0
6400.0,8,-1722.0588235294113,-39.76470588235267,17.0,66.0
6500.0,8,-1734.888888888888,4.944444444444596,18.0,62.0
6600.0,8,-1746.2999999999993,44.0500000000002,20.0,72.0
6700.0,8,-1770.277777777777,68.6666666666668,18.0,68.0
6800.0,8,-1808.437499999999,82.56249999999997,16.0,70.0
6900.0,8,-1845.70588235294,93.35294117647055,17.0,66.0
7000.0,8,-1882.9999999999984,106.76923076923065,13.0,68.0
7100.0,8,-1923.6923076923063,124.46153846153845,13.0,64.0
7200.0,8,-1953.5555555555545,139.22222222222226,18.0,72.0
7300.0,8,-1990.3199999999993,149.8800000000001,25.0,64.0
7400.0,8,-2031.4166666666654,161.16666666666686,12.0,66.0
7500.0,8,-2056.7894736842095,171.05263157894748,19.0,68.0
7600.0,8,-2094.7222222222213,179.9444444444445,18.0,74.0
7700.0,8,-2132.9333333333325,184.13333333333344,15.0,56.0
7800.0,8,-2171.9285714285706,195.60714285714286,28.0,64.0
7900.0,8,-2204.909090909089,204.81818181818178,11.0,66.0
8000.0,8,-2230.2592592592587,232.11111111111111,27.0,74.0
8100.0,8,-2249.230769230768,265.15384615384613,13.0,60.0
8200.0,8,-2266.2105263157887,299.89473684210515,19.0,72.0
8300.0,8,-2279.3499999999995,331.05,20.0,64.0
8400.0,8,-2299.1333333333323,366.0,15.0,74.0
8500.0,8,-2324.124999999999,393.9375,16.0,62.0
8600.0,8,-2345.3599999999997,426.12000000000006,25.0,64.0
8700.0,8,-2361.624999999999,457.1875000000001,16.0,64.0
8800.0,8,-2374.294117647058,481.23529411764724,17.0,62.0
8900.0,8,-2385.1333333333323,508.0,15.0,60.0
9000.0,8,-2396.3684210526308,536.0,19.0,64.0
9100.0,8,-2411.0526315789466,570.0000000000001,19.0,68.0
9200.0,8,-2427.1333333333323,609.3333333333336,15.0,66.0
9300.0,8,-2439.249999999999,647.3750000000003,16.0,66.0
9400.0,8,-2451.8666666666654,680.0666666666672,15.0,68.0
9500.0,8,-2465.0666666666652,720.6000000000005,15.0,68.0
9600.0,8,-2476.562499999999,749.6250000000005,16.0,60.0
9700.0,8,-2490.727272727271,789.636363636364,11.0,64.0
9800.0,8,-2506.2307692307677,816.9230769230774,13.0,62.0
9900.0,8,-2522.333333333332,852.1333333333336,15.0,66.0
10000.0,8,-2538.2142857142844,877.0000000000001,14.0,70.0
0.0,80,50.0,49.5,2.0,14.0
100.0,80,83.70000000000002,58.200000000000045,20.0,76.0
200.0,80,115.62499999999991,68.75000000000014,16.0,66.0
300.0,80,150.4117647058823,76.88235294117655,17.0,64.0
400.0,80,184.74999999999994,98.16666666666674,12.0,68.0
500.0,80,216.5,117.00000000000014,14.0,66.0
600.0,80,246.31034482758633,131.68965517241386,29.0,64.0
700.0,80,290.105263157895,150.47368421052656,19.0,64.0
800.0,80,318.21428571428595,163.50000000000034,14.0,66.0
900.0,80,353.65217391304367,176.21739130434804,23.0,72.0
1000.0,80,394.35714285714323,188.28571428571465,14.0,62.0
1100.0,80,437.1111111111113,199.88888888888926,18.0,66.0
1200.0,80,472.42857142857156,209.5000000000001,28.0,74.0
1300.0,80,517.8181818181823,222.27272727272788,11.0,56.0
1400.0,80,547.5000000000003,239.14285714285762,14.0,64.0
1500.0,80,581.1333333333337,257.4000000000004,15.0,70.0
1600.0,80,613.0909090909097,280.1818181818186,11.0,62.0
1700.0,80,641.9090909090912,293.8636363636366,22.0,64.0
1800.0,80,675.4545454545464,305.6363636363641,11.0,64.0
1900.0,80,709.5000000000005,316.3181818181821,22.0,64.0
2000.0,80,751.23076923077,329.61538461538515,13.0,64.0
2100.0,80,780.153846153847,344.6923076923084,13.0,70.0
2200.0,80,811.0526315789479,363.368421052632,19.0,66.0
2300.0,80,846.9166666666672,375.91666666666714,12.0,64.0
2400.0,80,883.0909090909098,392.2727272727279,11.0,68.0
2500.0,80,908.3125000000006,387.0000000000004,16.0,78.0
2600.0,80,945.0000000000007,396.7272727272733,11.0,68.0
2700.0,80,974.0357142857146,417.3214285714288,28.0,78.0
2800.0,80,1006.2777777777782,440.7777777777781,18.0,68.0
2900.0,80,1024.5000000000002,469.77777777777817,18.0,72.0
3000.0,80,1041.6000000000001,512.0800000000005,25.0,72.0
3100.0,80,1057.0769230769233,546.3076923076931,13.0,58.0
3200.0,80,1067.6000000000001,580.6500000000004,20.0,68.0
3300.0,80,1076.8846153846155,619.1538461538465,26.0,78.0
3400.0,80,1096.125,649.7812500000003,32.0,74.0
3500.0,80,1113.9629629629628,684.8518518518523,27.0,66.0
3600.0,80,1131.36,718.3200000000005,25.0,76.0
3700.0,80,1156.9499999999998,740.6000000000006,20.0,64.0
3800.0,80,1187.9444444444441,756.833333333334,18.0,64.0
3900.0,80,1221.0624999999995,765.6875000000008,16.0,66.0
4000.0,80,1260.4999999999995,780.6000000000007,20.0,64.0
4100.0,80,1295.3333333333326,787.6666666666677,12.0,64.0
4200.0,80,1339.6666666666663,780.0000000000006,18.0,70.0
4300.0,80,1378.212121212121,766.3333333333337,33.0,72.0
4400.0,80,1415.2499999999995,758.5000000000013,12.0,62.0
4500.0,80,1442.928571428571,742.500000000001,14.0,64.0
4600.0,80,1479.1111111111106,725.1111111111123,9.0,56.0
4700.0,80,1500.4761904761901,696.5238095238101,21.0,78.0
4800.0,80,1510.4999999999995,657.7500000000008,12.0,64.0
4900.0,80,1528.4761904761901,618.571428571429,21.0,66.0
5000.0,80,1544.7857142857138,577.0714285714291,14.0,62.0
5100.0,80,1564.6842105263154,546.4210526315794,19.0,78.0
5200.0,80,1578.4166666666663,509.6666666666677,12.0,60.0
5300.0,80,1589.4374999999995,469.56250000000074,16.0,74.0
5400.0,80,1602.9032258064515,431.645161290323,31.0,82.0
5500.0,80,1620.1666666666663,395.79166666666725,24.0,76.0
5600.0,80,1643.499999999999,358.10000000000116,10.0,62.0
5700.0,80,1658.0399999999997,312.12000000000046,25.0,74.0
5800.0,80,1682.2399999999998,280.4000000000005,25.0,74.0
5900.0,80,1699.0769230769224,244.53846153846274,13.0,70.0
6000.0,80,1731.222222222222,223.92592592592652,27.0,72.0
6100.0,80,1761.4193548387093,203.6774193548392,31.0,74.0
6200.0,80,1799.7499999999993,192.50000000000102,16.0,70.0
6300.0,80,1836.0624999999993,181.87500000000102,16.0,64.0
6400.0,80,1868.838709677419,160.0000000000005,31.0,74.0
6500.0,80,1904.8999999999994,146.65000000000077,20.0,70.0
6600.0,80,1941.9999999999995,123.00000000000067,24.0,68.0
6700.0,80,1986.9999999999993,109.16666666666804,12.0,66.0
6800.0,80,2023.6363636363628,100.09090909091047,11.0,68.0
6900.0,80,2061.7272727272725,88.86363636363703,22.0,66.0
7000.0,80,2096.333333333333,70.11111111111265,9.0,52.0
7100.0,80,2107.899999999999,43.30000000000145,10.0,60.0
7200.0,80,2115.157894736842,7.6315789473693005,19.0,64.0
7300.0,80,2126.0499999999997,-32.39999999999911,20.0,76.0
7400.0,80,2135.3846153846152,-66.6153846153831,13.0,66.0
7500.0,80,2165.85,-93.14999999999914,20.0,78.0
7600.0,80,2196.142857142857,-110.35714285714162,14.0,62.0
7700.0,80,2231.9523809523807,-129.42857142857056,21.0,66.0
7800.0,80,2268.176470588235,-139.8235294117635,17.0,76.0
7900.0,80,2307.8846153846152,-145.80769230769147,26.0,64.0
8000.0,80,2344.0909090909086,-150.90909090909003,22.0,66.0
8100.0,80,2385.4999999999995,-162.58333333333178,12.0,56.0
8200.0,80,2419.6666666666665,-185.07407407407345,27.0,74.0
8300.0,80,2456.9375,-206.56249999999903,16.0,70.0
8400.0,80,2490.4666666666667,-223.99999999999892,15.0,68.0
8500.0,80,2513.1538461538457,-238.3846153846141,13.0,64.0
8600.0,80,2551.8461538461534,-254.69230769230649,13.0,64.0
8700.0,80,2587.391304347826,-281.2173913043473,23.0,74.0
8800.0,80,2622.9230769230767,-300.2307692307682,13.0,58.0
8900.0,80,2647.7272727272725,-319.9999999999994,22.0,64.0
9000.0,80,2679.5416666666665,-342.29166666666606,24.0,68.0
9100.0,80,2709.6923076923076,-364.9230769230759,13.0,66.0
9200.0,80,2739.375,-382.24999999999903,16.0,64.0
9300.0,80,2773.5333333333333,-399.99999999999886,15.0,68.0
9400.0,80,2805.296296296296,-421.25925925925856,27.0,76.0
9500.0,80,2842.8571428571427,-441.47619047618963,21.0,70.0
9600.0,80,2876.4999999999995,-462.62499999999875,16.0,70.0
9700.0,80,2905.6923076923076,-481.1153846153839,26.0,78.0
9800.0,80,2916.1578947368416,-514.6315789473672,19.0,64.0
9900.0,80,2933.0,-545.6363636363627,22.0,76.0
10000.0,80,2959.7,-581.9999999999981,10.0,54.0
0.0,81,49.5,49.5,2.0,14.0
100.0,81,24.363636363636342,51.363636363636466,11.0,64.0
200.0,81,-13.952380952381006,47.619047619047706,21.0,64.0
300.0,81,-50.35294117647085,39.76470588235314,17.0,58.0
400.0,81,-86.90909090909157,19.818181818182207,11.0,60.0
500.0,81,-122.0666666666672,4.7333333333336665,15.0,64.0
600.0,81,-161.5600000000004,5.600000000000091,25.0,66.0
700.0,81,-197.8823529411769,16.823529411764895,17.0,70.0
800.0,81,-234.44444444444477,32.61111111111111,18.0,66.0
900.0,81,-264.6666666666675,59.11111111111096,9.0,60.0
1000.0,81,-282.7777777777784,86.22222222222194,9.0,62.0
1100.0,81,-296.7647058823534,123.64705882352919,17.0,62.0
1200.0,81,-310.00000000000034,157.68421052631564,19.0,66.0
1300.0,81,-333.5714285714291,186.28571428571433,14.0,66.0
1400.0,81,-367.36363636363706,200.36363636363637,11.0,68.0
1500.0,81,-399.2857142857149,219.35714285714286,14.0,64.0
1600.0,81,-430.0000000000002,220.8064516129033,31.0,64.0
1700.0,81,-472.64705882352973,224.17647058823547,17.0,66.0
1800.0,81,-503.0952380952383,237.47619047619065,21.0,70.0
1900.0,81,-537.9090909090913,248.36363636363672,11.0,64.0
2000.0,81,-569.4000000000002,263.3333333333335,15.0,68.0
2100.0,81,-586.0500000000002,283.85000000000025,20.0,64.0
2200.0,81,-610.1666666666666,300.11111111111137,18.0,66.0
2300.0,81,-642.25,306.91666666666697,12.0,68.0
2400.0,81,-670.9374999999999,319.56250000000034,16.0,62.0
2500.0,81,-702.8799999999998,342.0000000000003,25.0,84.0
2600.0,81,-736.6249999999998,358.68750000000045,16.0,58.0
2700.0,81,-777.2499999999998,366.5500000000003,20.0,64.0
2800.0,81,-814.8499999999998,387.1000000000002,20.0,66.0
2900.0,81,-842.0909090909088,405.9090909090913,11.0,72.0
3000.0,81,-869.6249999999995,417.50000000000045,16.0,66.0
3100.0,81,-904.4166666666662,430.9166666666674,12.0,60.0
3200.0,81,-929.9545454545452,448.045454545455,22.0,78.0
3300.0,81,-962.1724137931033,475.6896551724142,29.0,82.0
3400.0,81,-1003.3636363636361,494.1363636363641,22.0,70.0
3500.0,81,-1043.0476190476188,502.95238095238136,21.0,66.0
3600.0,81,-1080.961538461538,516.9230769230772,26.0,70.0
3700.0,81,-1110.428571428571,526.9523809523813,21.0,72.0
3800.0,81,-1144.5833333333328,541.8333333333339,12.0,70.0
3900.0,81,-1163.3571428571424,567.0000000000005,14.0,62.0
4000.0,81,-1183.705882352941,599.6470588235298,17.0,72.0
4100.0,81,-1197.4999999999998,627.5000000000002,20.0,72.0
4200.0,81,-1193.5454545454543,670.0000000000005,11.0,66.0
4300.0,81,-1187.4374999999995,707.6875000000003,16.0,66.0
4400.0,81,-1164.5999999999997,743.0000000000003,15.0,78.0
4500.0,81,-1140.190476190476,776.857142857143,21.0,70.0
4600.0,81,-1118.3333333333328,799.1666666666667,18.0,68.0
4700.0,81,-1085.9583333333328,820.125,24.0,68.0
4800.0,81,-1052.7142857142849,833.357142857143,14.0,66.0
4900.0,81,-1016.6999999999992,847.4,20.0,68.0
5000.0,81,-976.7368421052624,858.157894736842,19.0,64.0
5100.0,81,-958.7999999999984,889.8999999999997,10.0,60.0
5200.0,81,-947.3333333333318,925.1666666666665,12.0,66.0
5300.0,81,-918.6249999999991,946.4583333333335,24.0,74.0
5400.0,81,-880.4166666666657,949.3333333333335,24.0,72.0
5500.0,81,-842.6799999999992,955.8000000000001,25.0,76.0
5600.0,81,-803.1538461538447,969.2307692307696,13.0,72.0
5700.0,81,-772.999999999999,983.6315789473687,19.0,66.0
5800.0,81,-742.1249999999989,991.7500000000002,16.0,68.0
5900.0,81,-712.4761904761896,1005.4761904761906,21.0,70.0
6000.0,81,-671.9999999999992,1022.4782608695654,23.0,64.0
6100.0,81,-642.4782608695645,1037.8695652173915,23.0,62.0
6200.0,81,-613.8571428571415,1057.357142857143,14.0,64.0
6300.0,81,-580.5555555555536,1077.6666666666667,9.0,58.0
6400.0,81,-542.4999999999991,1087.7,20.0,64.0
6500.0,81,-504.07692307692156,1105.5384615384617,13.0,70.0
6600.0,81,-470.83333333333235,1119.7222222222224,18.0,64.0
6700.0,81,-430.9999999999993,1134.3703703703704,27.0,70.0
6800.0,81,-394.6470588235284,1145.764705882353,17.0,72.0
6900.0,81,-364.2941176470579,1157.235294117647,17.0,66.0
7000.0,81,-325.59999999999934,1165.95,20.0,62.0
7100.0,81,-286.5833333333328,1174.8333333333333,24.0,70.0
7200.0,81,-245.99999999999926,1199.9375,16.0,66.0
7300.0,81,-217.33333333333218,1218.7499999999998,12.0,62.0
7400.0,81,-185.5999999999993,1228.2499999999998,20.0,60.0
7500.0,81,-143.5666666666663,1217.6,30.0,74.0
7600.0,81,-125.5624999999992,1186.5624999999998,16.0,64.0
7700.0,81,-120.4166666666661,1143.833333333333,24.0,70.0
7800.0,81,-119.86363636363572,1105.272727272727,22.0,70.0
7900.0,81,-122.31999999999945,1068.4799999999998,25.0,60.0
8000.0,81,-135.59999999999866,1028.3999999999996,10.0,60.0
8100.0,81,-135.619047619047,993.190476190476,21.0,66.0
8200.0,81,-125.13333333333252,952.5333333333331,15.0,60.0
8300.0,81,-113.99999999999878,926.4545454545454,11.0,68.0
8400.0,81,-114.33333333333255,900.0000000000001,18.0,64.0
8500.0,81,-118.49999999999942,863.8750000000001,24.0,76.0
8600.0,81,-128.26315789473603,831.4736842105265,19.0,64.0
8700.0,81,-133.09999999999917,795.1500000000001,20.0,76.0
8800.0,81,-141.35294117646959,750.4117647058825,17.0,64.0
8900.0,81,-154.90909090908966,719.0909090909092,11.0,64.0
9000.0,81,-174.76923076922975,684.923076923077,13.0,66.0
9100.0,81,-193.04545454545402,639.6363636363637,22.0,68.0
9200.0,81,-203.83333333333292,597.3333333333334,30.0,64.0
9300.0,81,-214.72222222222155,563.9444444444446,18.0,66.0
9400.0,81,-235.42857142857076,529.2857142857146,14.0,58.0
9500.0,81,-252.4999999999996,494.4500000000001,20.0,70.0
9600.0,81,-266.2631578947365,456.94736842105266,19.0,64.0
9700.0,81,-271.322580645161,418.22580645161275,31.0,68.0
9800.0,81,-275.1666666666664,378.6666666666664,30.0,76.0
9900.0,81,-285.9285714285709,336.7857142857136,14.0,74.0
10000.0,81,-298.92307692307634,302.6153846153839,13.0,68.0
0.0,82,50.0,50.0,1.0,8.0
100.0,82,79.32352941176478,39.73529411764713,34.0,74.0
200.0,82,112.52380952380972,29.23809523809544,21.0,74.0
300.0,82,139.6111111111113,15.555555555555738,18.0,66.0
400.0,82,171.28571428571445,8.661854302599316e-14,21.0,76.0
500.0,82,206.31818181818196,-23.227272727272705,22.0,78.0
600.0,82,238.45000000000016,-36.75000000000002,20.0,66.0
700.0,82,268.5833333333336,-56.666666666667,12.0,62.0
800.0,82,302.6842105263159,-64.94736842105266,19.0,64.0
900.0,82,336.875,-82.12499999999984,16.0,70.0
1000.0,82,378.5714285714288,-99.9285714285713,14.0,62.0
1100.0,82,414.0000000000001,-113.44444444444431,18.0,68.0
1200.0,82,455.71428571428584,-120.96428571428562,28.0,84.0
1300.0,82,490.84210526315786,-127.94736842105242,19.0,64.0
1400.0,82,528.6666666666666,-136.22222222222206,18.0,70.0
1500.0,82,570.4782608695651,-143.78260869565196,23.0,74.0
1600.0,82,606.4761904761903,-152.14285714285705,21.0,68.0
1700.0,82,644.9090909090907,-168.18181818181796,11.0,60.0
1800.0,82,679.9999999999999,-187.06666666666644,15.0,70.0
1900.0,82,699.7142857142856,-221.6428571428569,14.0,68.0
2000.0,82,691.6842105263157,-252.52631578947356,19.0,68.0
2100.0,82,683.3076923076924,-297.15384615384585,13.0,62.0
2200.0,82,668.058823529412,-335.4705882352939,17.0,70.0
2300.0,82,646.9375000000002,-369.74999999999955,16.0,74.0
2400.0,82,631.5652173913046,-406.26086956521715,23.0,70.0
2500.0,82,617.4166666666671,-442.1666666666661,12.0,60.0
2600.0,82,598.0909090909093,-475.9999999999995,11.0,62.0
2700.0,82,579.8500000000001,-506.74999999999966,20.0,70.0
2800.0,82,565.0344827586208,-536.4827586206894,29.0,66.0
2900.0,82,550.4285714285717,-568.9999999999995,14.0,64.0
3000.0,82,536.1304347826089,-603.869565217391,23.0,66.0
3100.0,82,524.9000000000002,-644.0999999999998,20.0,70.0
3200.0,82,515.0625000000002,-682.3749999999995,16.0,58.0
3300.0,82,499.1000000000002,-709.8499999999997,20.0,68.0
3400.0,82,468.23809523809547,-733.47619047619,21.0,74.0
3500.0,82,430.3125000000002,-749.4999999999995,16.0,66.0
3600.0,82,395.2941176470588,-762.9999999999994,17.0,68.0
3700.0,82,350.68749999999983,-777.9374999999995,16.0,70.0
3800.0,82,317.1333333333332,-792.5999999999996,15.0,74.0
3900.0,82,281.78571428571405,-810.5714285714281,14.0,68.0
4000.0,82,236.1290322580644,-814.6451612903223,31.0,82.0
4100.0,82,199.11764705882337,-822.0588235294113,17.0,66.0
4200.0,82,160.9999999999999,-833.7647058823525,17.0,70.0
4300.0,82,121.74999999999972,-844.916666666666,12.0,66.0
4400.0,82,79.69999999999968,-858.5999999999991,10.0,60.0
4500.0,82,44.2,-867.6571428571426,35.0,78.0
4600.0,82,5.722222222222222,-874.9999999999995,18.0,72.0
4700.0,82,-29.083333333333357,-891.4166666666661,12.0,62.0
4800.0,82,-64.15384615384627,-908.9999999999995,13.0,74.0
4900.0,82,-92.00000000000003,-925.0666666666663,15.0,68.0
5000.0,82,-126.1999999999999,-943.7999999999995,15.0,66.0
5100.0,82,-164.20000000000005,-962.2999999999992,10.0,52.0
5200.0,82,-197.89473684210535,-975.210526315789,19.0,70.0
5300.0,82,-234.17142857142863,-981.942857142857,35.0,86.0
5400.0,82,-269.51851851851865,-984.333333333333,27.0,68.0
5500.0,82,-308.1666666666668,-985.0416666666663,24.0,72.0
5600.0,82,-352.0000000000002,-981.0499999999996,20.0,60.0
5700.0,82,-394.15000000000043,-970.7499999999995,20.0,70.0
5800.0,82,-435.7083333333337,-955.5833333333331,24.0,72.0
5900.0,82,-468.08333333333434,-941.1666666666661,12.0,56.0
6000.0,82,-505.45454545454646,-921.5454545454538,11.0,66.0
6100.0,82,-512.6363636363641,-891.954545454545,22.0,66.0
6200.0,82,-508.5555555555561,-851.7222222222216,18.0,70.0
6300.0,82,-498.20833333333366,-814.4999999999997,24.0,70.0
6400.0,82,-488.8000000000003,-779.1599999999996,25.0,66.0
6500.0,82,-470.35714285714323,-742.071428571428,14.0,64.0
6600.0,82,-448.0666666666672,-712.5333333333328,15.0,64.0
6700.0,82,-416.105263157895,-699.7368421052627,19.0,64.0
6800.0,82,-374.40909090909133,-691.954545454545,22.0,68.0
6900.0,82,-336.2777777777784,-684.6666666666662,18.0,66.0
7000.0,82,-298.1428571428577,-686.9999999999997,21.0,58.0
7100.0,82,-262.1333333333344,-679.7999999999994,15.0,62.0
7200.0,82,-219.38461538461675,-660.2307692307685,13.0,66.0
7300.0,82,-206.85714285714405,-633.7142857142849,14.0,72.0
7400.0,82,-191.83333333333434,-600.9999999999992,18.0,62.0
7500.0,82,-182.2352941176482,-566.9999999999992,17.0,66.0
7600.0,82,-198.90909090909253,-541.2727272727261,11.0,58.0
7700.0,82,-219.55555555555654,-516.6666666666661,18.0,56.0
7800.0,82,-246.4666666666672,-484.36666666666633,30.0,72.0
7900.0,82,-270.86363636363706,-457.363636363636,22.0,64.0
8000.0,82,-287.5294117647069,-421.76470588235253,17.0,68.0
8100.0,82,-309.812500000001,-388.18749999999955,16.0,62.0
8200.0,82,-339.9090909090917,-366.0909090909088,22.0,74.0
8300.0,82,-369.6250000000013,-343.4999999999996,16.0,60.0
8400.0,82,-398.95454545454646,-330.40909090909054,22.0,60.0
8500.0,82,-433.16666666666845,-309.9166666666661,12.0,70.0
8600.0,82,-462.7727272727284,-281.95454545454515,22.0,60.0
8700.0,82,-476.42857142857326,-247.85714285714258,14.0,62.0
8800.0,82,-471.08000000000106,-210.03999999999982,25.0,68.0
8900.0,82,-457.6666666666689,-171.4999999999996,12.0,68.0
9000.0,82,-441.53846153846354,-141.07692307692258,13.0,64.0
9100.0,82,-415.50000000000114,-125.68181818181787,22.0,66.0
9200.0,82,-379.7500000000013,-114.34999999999964,20.0,58.0
9300.0,82,-343.3636363636387,-96.8181818181809,11.0,70.0
9400.0,82,-311.0909090909111,-79.27272727272646,11.0,60.0
9500.0,82,-284.23529411764827,-56.647058823528894,17.0,62.0
9600.0,82,-256.2105263157907,-30.736842105262653,19.0,64.0
9700.0,82,-213.3333333333361,-9.222222222221461,9.0,60.0
9800.0,82,-187.19230769230867,13.192307692308038,26.0,64.0
9900.0,82,-152.92307692307875,22.615384615385235,13.0,64.0
10000.0,82,-125.16666666666795,14.555555555555973,18.0,68.0
0.0,83,50.0,50.5,2.0,14.0
100.0,83,19.400000000000183,62.49999999999998,20.0,70.0
200.0,83,-13.545454545454234,82.09090909090868,11.0,66.0
300.0,83,-48.11111111111098,95.81481481481461,27.0,66.0
400.0,83,-83.3749999999996,114.74999999999932,8.0,56.0
500.0,83,-101.03124999999991,139.59374999999977,32.0,70.0
600.0,83,-120.82352941176457,168.882352941176,17.0,68.0
700.0,83,-151.99999999999997,191.59999999999934,15.0,54.0
800.0,83,-188.86206896551718,207.65517241379283,29.0,80.0
900.0,83,-225.38095238095235,214.19047619047598,21.0,66.0
1000.0,83,-260.8750000000001,227.12499999999963,16.0,64.0
1100.0,83,-293.3846153846155,236.6923076923075,26.0,80.0
1200.0,83,-332.6666666666669,248.23809523809484,21.0,80.0
1300.0,83,-369.05263157894774,263.84210526315746,19.0,72.0
1400.0,83,-393.6000000000002,285.6857142857141,35.0,70.0
1500.0,83,-427.83333333333377,305.3333333333327,12.0,62.0
1600.0,83,-462.0769230769236,310.0769230769225,13.0,62.0
1700.0,83,-498.0000000000004,319.8181818181812,11.0,64.0
1800.0,83,-526.8571428571432,340.14285714285666,14.0,64.0
1900.0,83,-551.7857142857148,363.8571428571424,14.0,68.0
2000.0,83,-586.4615384615388,382.7692307692305,13.0,70.0
2100.0,83,-628.2500000000002,389.4374999999997,16.0,62.0
2200.0,83,-669.0857142857144,384.39999999999986,35.0,82.0
2300.0,83,-712.8571428571433,379.4999999999996,14.0,66.0
2400.0,83,-751.0666666666673,366.93333333333277,15.0,66.0
2500.0,83,-787.7916666666672,364.9583333333331,24.0,62.0
2600.0,83,-827.1304347826092,368.39130434782584,23.0,72.0
2700.0,83,-868.1428571428579,373.71428571428555,21.0,64.0
2800.0,83,-906.0769230769243,384.153846153846,13.0,66.0
2900.0,83,-942.250000000001,398.9999999999998,16.0,72.0
3000.0,83,-960.2857142857154,429.5714285714284,14.0,62.0
3100.0,83,-976.1333333333342,464.5333333333331,15.0,66.0
3200.0,83,-996.4210526315796,491.57894736842087,19.0,76.0
3300.0,83,-1017.321428571429,523.9642857142856,28.0,82.0
3400.0,83,-1033.3600000000004,557.1599999999999,25.0,72.0
3500.0,83,-1050.794871794872,593.051282051282,39.0,80.0
3600.0,83,-1055.1333333333337,633.6999999999999,30.0,72.0
3700.0,83,-1071.2222222222229,671.6666666666664,18.0,60.0
3800.0,83,-1079.750000000001,712.8124999999998,16.0,62.0
3900.0,83,-1098.6315789473688,746.2894736842104,38.0,80.0
4000.0,83,-1106.444444444445,782.5555555555554,27.0,66.0
4100.0,83,-1126.0000000000018,817.8749999999992,8.0,54.0
4200.0,83,-1147.535714285715,853.6071428571427,28.0,80.0
4300.0,83,-1160.478260869566,883.478260869565,23.0,68.0
4400.0,83,-1173.1000000000017,924.7999999999996,10.0,60.0
4500.0,83,-1167.2800000000007,959.1999999999998,25.0,78.0
4600.0,83,-1148.125000000001,989.2499999999997,16.0,64.0
4700.0,83,-1113.4166666666672,1002.3333333333331,24.0,62.0
4800.0,83,-1070.7647058823536,1006.3529411764702,17.0,64.0
4900.0,83,-1033.3125000000007,1018.0624999999994,16.0,62.0
5000.0,83,-992.6153846153853,1030.9230769230762,13.0,74.0
5100.0,83,-952.5454545454554,1041.9999999999989,11.0,58.0
5200.0,83,-919.0952380952386,1051.7619047619044,21.0,68.0
5300.0,83,-879.4000000000008,1051.9999999999995,20.0,64.0
5400.0,83,-837.6666666666675,1054.9999999999998,21.0,78.0
5500.0,83,-797.6666666666673,1068.9629629629628,27.0,72.0
5600.0,83,-756.714285714287,1079.7142857142853,14.0,64.0
5700.0,83,-722.8666666666678,1089.8666666666663,15.0,58.0
5800.0,83,-683.3043478260877,1093.9565217391303,23.0,66.0
5900.0,83,-644.2307692307701,1093.5769230769229,26.0,68.0
6000.0,83,-606.8571428571436,1095.6071428571427,28.0,74.0
6100.0,83,-569.5000000000011,1092.1249999999998,16.0,76.0
6200.0,83,-532.1200000000008,1091.4799999999998,25.0,72.0
6300.0,83,-495.9285714285729,1082.5714285714282,14.0,70.0
6400.0,83,-462.41666666666754,1066.708333333333,24.0,78.0
6500.0,83,-423.4583333333343,1051.4166666666665,24.0,70.0
6600.0,83,-394.42105263158015,1038.9999999999998,19.0,72.0
6700.0,83,-364.84000000000094,1045.4399999999998,25.0,70.0
6800.0,83,-328.05882352941325,1055.9999999999995,17.0,70.0
6900.0,83,-301.25000000000125,1071.7999999999995,20.0,62.0
7000.0,83,-263.80769230769323,1077.8076923076922,26.0,64.0
7100.0,83,-226.00000000000063,1080.8999999999999,30.0,66.0
7200.0,83,-185.94444444444545,1086.6111111111106,18.0,78.0
7300.0,83,-143.63636363636456,1097.681818181818,22.0,64.0
7400.0,83,-105.58333333333512,1111.3333333333328,12.0,66.0
7500.0,83,-67.41176470588354,1125.117647058823,17.0,62.0
7600.0,83,-32.00000000000142,1136.5999999999995,15.0,62.0
7700.0,83,1.7894736842094612,1158.4210526315785,19.0,68.0
7800.0,83,32.562499999999446,1171.0312499999998,32.0,74.0
7900.0,83,69.73333333333215,1175.1333333333328,15.0,62.0
8000.0,83,108.48148148148069,1177.4444444444441,27.0,60.0
8100.0,83,150.7777777777765,1177.9999999999995,18.0,62.0
8200.0,83,186.87499999999855,1184.3124999999995,16.0,68.0
8300.0,83,228.78260869565133,1195.4347826086953,23.0,86.0
8400.0,83,267.1818181818166,1206.8181818181808,11.0,48.0
8500.0,83,298.4615384615371,1228.7692307692298,13.0,62.0
8600.0,83,317.5999999999982,1264.4999999999989,10.0,56.0
8700.0,83,350.70588235294014,1284.058823529411,17.0,66.0
8800.0,83,389.27272727272555,1301.0909090909079,11.0,72.0
8900.0,83,416.99999999999886,1312.999999999999,16.0,64.0
9000.0,83,451.799999999998,1331.5999999999985,10.0,68.0
9100.0,83,493.39999999999816,1354.3999999999985,10.0,66.0
9200.0,83,505.30769230769073,1384.53846153846,13.0,66.0
9300.0,83,523.92857142857,1419.3571428571415,14.0,62.0
9400.0,83,539.5714285714275,1452.1904761904755,21.0,66.0
9500.0,83,546.9473684210515,1481.5263157894728,19.0,62.0
9600.0,83,557.3333333333314,1516.5833333333321,12.0,56.0
9700.0,83,579.6999999999989,1540.8999999999992,20.0,64.0
9800.0,83,616.5416666666657,1554.916666666666,24.0,66.0
9900.0,83,658.7272727272716,1564.454545454545,22.0,70.0
10000.0,83,696.2399999999991,1575.6799999999996,25.0,70.0
0.0,84,50.0,49.5,2.0,14.0
100.0,84,46.52173913043466,12.91304347826084,23.0,64.0
200.0,84,25.78947368421061,-21.84210526315806,19.0,66.0
300.0,84,12.083333333333508,-55.083333333333805,12.0,62.0
400.0,84,-2.208333333333073,-87.95833333333366,24.0,72.0
500.0,84,-22.64999999999968,-122.05000000000044,20.0,74.0
600.0,84,-46.30769230769187,-154.307692307693,13.0,64.0
700.0,84,-84.77272727272704,-171.2272727272731,22.0,72.0
800.0,84,-124.3333333333329,-185.20000000000064,15.0,74.0
900.0,84,-166.7499999999995,-199.62500000000026,16.0,72.0
1000.0,84,-192.7692307692302,-209.07692307692344,13.0,70.0
1100.0,84,-230.09523809523773,-207.71428571428595,21.0,58.0
1200.0,84,-270.91304347826053,-206.39130434782624,23.0,64.0
1300.0,84,-311.26666666666597,-206.93333333333362,15.0,66.0
1400.0,84,-347.65217391304316,-222.30434782608717,23.0,70.0
1500.0,84,-369.27272727272657,-237.5454545454548,11.0,66.0
1600.0,84,-401.5599999999996,-245.28,25.0,60.0
1700.0,84,-442.99999999999926,-253.85714285714272,14.0,68.0
1800.0,84,-472.89655172413757,-267.58620689655174,29.0,68.0
1900.0,84,-517.8749999999994,-286.0000000000001,16.0,68.0
2000.0,84,-554.3636363636355,-300.0000000000002,11.0,64.0
2100.0,84,-590.4374999999995,-321.4375000000003,16.0,66.0
2200.0,84,-624.4782608695648,-342.39130434782624,23.0,72.0
2300.0,84,-663.0909090909087,-363.21212121212136,33.0,76.0
2400.0,84,-692.9999999999986,-379.6666666666669,9.0,62.0
2500.0,84,-727.090909090908,-400.4545454545456,11.0,66.0
2600.0,84,-769.6249999999993,-404.5,24.0,76.0
2700.0,84,-807.5925925925919,-407.9629629629629,27.0,68.0
2800.0,84,-845.1999999999994,-410.64000000000004,25.0,72.0
2900.0,84,-885.7894736842098,-411.3684210526316,19.0,68.0
3000.0,84,-926.3999999999994,-405.11999999999995,25.0,76.0
3100.0,84,-966.4999999999991,-402.42857142857144,14.0,64.0
3200.0,84,-1006.0909090909082,-408.09090909090924,11.0,66.0
3300.0,84,-1031.1428571428564,-429.8571428571429,14.0,70.0
3400.0,84,-1073.2666666666657,-441.93333333333317,15.0,72.0
3500.0,84,-1109.619047619047,-456.42857142857133,21.0,74.0
3600.0,84,-1147.8124999999993,-466.3124999999998,16.0,66.0
3700.0,84,-1183.7199999999996,-472.87999999999977,25.0,68.0
3800.0,84,-1227.3333333333323,-472.19999999999953,15.0,64.0
3900.0,84,-1267.7058823529405,-471.70588235294076,17.0,74.0
4000.0,84,-1305.6153846153836,-480.92307692307634,13.0,66.0
4100.0,84,-1335.0499999999993,-496.3499999999996,20.0,62.0
4200.0,84,-1380.1428571428564,-510.47619047619014,21.0,64.0
4300.0,84,-1424.2499999999993,-522.6249999999995,16.0,60.0
4400.0,84,-1450.37037037037,-545.6666666666663,27.0,74.0
4500.0,84,-1479.5882352941169,-569.8823529411759,17.0,60.0
4600.0,84,-1509.3499999999995,-596.5999999999995,20.0,60.0
4700.0,84,-1527.5714285714282,-631.3809523809518,21.0,66.0
4800.0,84,-1544.133333333333,-661.3999999999993,15.0,60.0
4900.0,84,-1558.7037037037035,-683.481481481481,27.0,62.0
5000.0,84,-1582.538461538461,-711.9230769230762,13.0,60.0
5100.0,84,-1594.7894736842102,-737.8421052631574,19.0,64.0
5200.0,84,-1611.4999999999995,-779.6249999999993,16.0,60.0
5300.0,84,-1623.3749999999998,-815.6249999999995,24.0,76.0
5400.0,84,-1630.7419354838707,-858.4516129032255,31.0,66.0
5500.0,84,-1643.7499999999998,-892.0833333333326,12.0,72.0
5600.0,84,-1671.0,-915.7727272727268,22.0,68.0
5700.0,84,-1693.9166666666665,-939.4999999999992,12.0,74.0
5800.0,84,-1730.7499999999998,-960.7083333333329,24.0,78.0
5900.0,84,-1766.785714285714,-986.9999999999993,14.0,62.0
6000.0,84,-1789.8999999999996,-1009.399999999999,10.0,66.0
6100.0,84,-1808.2592592592591,-1046.6296296296293,27.0,70.0
6200.0,84,-1830.681818181818,-1079.272727272727,22.0,64.0
6300.0,84,-1848.1071428571427,-1112.5357142857142,28.0,66.0
6400.0,84,-1863.2916666666665,-1141.3333333333333,24.0,66.0
6500.0,84,-1881.9999999999998,-1175.9999999999998,17.0,66.0
6600.0,84,-1892.8461538461536,-1213.5384615384612,13.0,70.0
6700.0,84,-1908.076923076923,-1239.8461538461536,26.0,72.0
6800.0,84,-1933.6666666666667,-1259.1111111111106,9.0,56.0
6900.0,84,-1968.2000000000003,-1273.3999999999994,15.0,66.0
7000.0,84,-2004.9310344827588,-1285.2068965517237,29.0,66.0
7100.0,84,-2034.1000000000001,-1302.899999999999,10.0,64.0
7200.0,84,-2051.823529411765,-1327.6470588235288,17.0,66.0
7300.0,84,-2072.3888888888887,-1358.2777777777771,18.0,66.0
7400.0,84,-2080.6785714285716,-1394.2142857142853,28.0,72.0
7500.0,84,-2098.8181818181815,-1432.4999999999995,22.0,62.0
7600.0,84,-2113.6666666666665,-1468.7222222222215,18.0,76.0
7700.0,84,-2120.333333333333,-1498.9333333333325,15.0,68.0
7800.0,84,-2130.173913043478,-1534.4782608695648,23.0,66.0
7900.0,84,-2123.8181818181815,-1566.9090909090905,22.0,78.0
8000.0,84,-2097.178571428571,-1590.4642857142853,28.0,78.0
8100.0,84,-2061.5185185185182,-1609.37037037037,27.0,76.0
8200.0,84,-2023.461538461538,-1629.0769230769224,13.0,64.0
8300.0,84,-1986.0370370370367,-1637.222222222222,27.0,68.0
8400.0,84,-1948.1153846153843,-1652.653846153846,26.0,68.0
8500.0,84,-1924.8499999999997,-1663.8999999999999,20.0,70.0
8600.0,84,-1889.777777777777,-1684.4444444444441,9.0,62.0
8700.0,84,-1850.9999999999993,-1698.7499999999998,12.0,60.0
8800.0,84,-1824.818181818181,-1713.2727272727268,11.0,66.0
8900.0,84,-1778.9999999999993,-1730.2499999999995,12.0,66.0
9000.0,84,-1742.4999999999995,-1744.6428571428567,14.0,58.0
9100.0,84,-1712.1923076923074,-1769.4999999999998,26.0,68.0
9200.0,84,-1673.9199999999998,-1774.1999999999996,25.0,60.0
9300.0,84,-1627.5999999999995,-1765.0666666666664,15.0,62.0
9400.0,84,-1589.4999999999993,-1744.2499999999995,12.0,62.0
9500.0,84,-1555.222222222222,-1727.2222222222222,27.0,72.0
9600.0,84,-1516.866666666666,-1713.7333333333331,15.0,72.0
9700.0,84,-1472.9999999999995,-1703.3999999999999,15.0,72.0
9800.0,84,-1435.307692307692,-1691.8461538461536,13.0,70.0
9900.0,84,-1402.9999999999993,-1674.7272727272725,11.0,54.0
10000.0,84,-1368.7142857142853,-1660.6190476190477,21.0,68.0
0.0,85,50.5,50.5,2.0,14.0
100.0,85,54.24999999999975,17.49999999999999,16.0,68.0
200.0,85,67.83333333333307,-14.416666666666927,12.0,62.0
300.0,85,83.45454545454508,-45.45454545454581,11.0,64.0
400.0,85,92.78947368421034,-88.21052631578962,19.0,62.0
500.0,85,106.04761904761894,-121.42857142857166,21.0,72.0
600.0,85,119.07142857142848,-153.71428571428595,14.0,72.0
700.0,85,136.94999999999987,-188.0500000000001,20.0,64.0
800.0,85,161.65384615384602,-214.3076923076924,26.0,70.0
900.0,85,180.8181818181816,-250.45454545454578,11.0,64.0
1000.0,85,188.05263157894728,-292.1578947368423,19.0,62.0
1100.0,85,199.05882352941174,-331.47058823529426,17.0,58.0
1200.0,85,219.72222222222223,-365.2222222222223,18.0,74.0
1300.0,85,243.2142857142856,-391.4285714285715,14.0,70.0
1400.0,85,268.7142857142857,-429.0714285714286,14.0,68.0
1500.0,85,303.5789473684211,-451.2105263157894,19.0,82.0
1600.0,85,340.31578947368416,-471.78947368421046,19.0,74.0
1700.0,85,356.5999999999999,-499.7,10.0,60.0
1800.0,85,372.6363636363636,-526.3636363636365,11.0,60.0
1900.0,85,399.23999999999995,-545.5200000000001,25.0,80.0
2000.0,85,425.56,-563.4,25.0,62.0
2100.0,85,459.15384615384625,-578.3076923076925,13.0,62.0
2200.0,85,480.7333333333334,-596.3000000000002,30.0,72.0
2300.0,85,498.7777777777778,-633.9629629629632,27.0,70.0
2400.0,85,508.9166666666665,-667.1666666666671,12.0,72.0
2500.0,85,516.3636363636364,-704.7727272727275,22.0,64.0
2600.0,85,528.1071428571428,-744.6071428571431,28.0,74.0
2700.0,85,538.5999999999998,-781.8500000000004,20.0,70.0
2800.0,85,550.181818181818,-810.227272727273,22.0,68.0
2900.0,85,563.1818181818184,-843.8181818181824,11.0,72.0
3000.0,85,576.8750000000001,-873.7500000000005,16.0,72.0
3100.0,85,599.6315789473686,-920.2631578947372,19.0,76.0
3200.0,85,610.684210526316,-961.0000000000002,19.0,62.0
3300.0,85,626.9500000000002,-998.3500000000003,20.0,68.0
3400.0,85,651.0909090909093,-1042.1818181818185,11.0,62.0
3500.0,85,669.2105263157896,-1075.2105263157896,19.0,70.0
3600.0,85,682.1578947368422,-1106.0000000000002,19.0,74.0
3700.0,85,691.84,-1128.7600000000002,25.0,70.0
3800.0,85,700.45,-1155.3000000000002,20.0,64.0
3900.0,85,715.0666666666666,-1189.7333333333336,15.0,62.0
4000.0,85,733.4444444444445,-1223.1111111111113,27.0,64.0
4100.0,85,750.9166666666666,-1252.0416666666667,24.0,76.0
4200.0,85,762.2499999999998,-1289.6250000000002,16.0,64.0
4300.0,85,768.705882352941,-1323.235294117647,17.0,66.0
4400.0,85,777.4642857142857,-1357.25,28.0,68.0
4500.0,85,785.1578947368422,-1396.5263157894738,19.0,70.0
4600.0,85,809.4137931034483,-1431.551724137931,29.0,70.0
4700.0,85,822.9999999999999,-1471.8695652173913,23.0,64.0
4800.0,85,834.6666666666666,-1514.2962962962963,27.0,66.0
4900.0,85,838.1875,-1552.125,16.0,74.0
5000.0,85,853.1304347826086,-1593.0869565217392,23.0,74.0
5100.0,85,869.0555555555554,-1628.1666666666667,18.0,68.0
5200.0,85,891.4761904761905,-1667.5238095238094,21.0,74.0
5300.0,85,905.2,-1694.7333333333331,15.0,78.0
5400.0,85,930.590909090909,-1720.3181818181815,22.0,60.0
5500.0,85,947.3870967741937,-1758.9354838709676,31.0,74.0
5600.0,85,962.8235294117646,-1798.176470588235,17.0,64.0
5700.0,85,975.8181818181818,-1827.636363636363,11.0,62.0
5800.0,85,976.5000000000001,-1856.3999999999996,20.0,66.0
5900.0,85,986.6428571428572,-1888.9999999999995,14.0,66.0
6000.0,85,1004.6956521739131,-1918.0869565217388,23.0,64.0
6100.0,85,1028.7142857142858,-1950.928571428571,28.0,70.0
6200.0,85,1046.4545454545455,-1984.2272727272723,22.0,72.0
6300.0,85,1059.6875,-2016.3124999999995,16.0,72.0
6400.0,85,1078.0,-2053.8333333333326,12.0,66.0
6500.0,85,1088.9411764705883,-2089.411764705882,17.0,66.0
6600.0,85,1098.4545454545453,-2123.454545454545,22.0,62.0
6700.0,85,1109.8499999999997,-2166.6499999999996,20.0,68.0
6800.0,85,1113.333333333333,-2208.9523809523807,21.0,78.0
6900.0,85,1116.5599999999997,-2242.16,25.0,64.0
7000.0,85,1123.9499999999996,-2277.45,20.0,64.0
7100.0,85,1133.0555555555552,-2312.6666666666665,18.0,64.0
7200.0,85,1136.5454545454543,-2353.272727272727,22.0,58.0
7300.0,85,1140.2777777777774,-2394.1666666666665,18.0,62.0
7400.0,85,1154.5384615384612,-2428.6923076923076,13.0,70.0
7500.0,85,1170.7222222222222,-2463.333333333333,18.0,68.0
7600.0,85,1195.6249999999998,-2496.6875,16.0,74.0
7700.0,85,1217.7083333333333,-2528.7083333333335,24.0,66.0
7800.0,85,1238.315789473684,-2568.105263157895,19.0,76.0
7900.0,85,1264.833333333333,-2597.5,18.0,64.0
8000.0,85,1300.0999999999997,-2618.1,10.0,66.0
8100.0,85,1337.258064516129,-2635.0967741935483,31.0,70.0
8200.0,85,1372.53125,-2645.8125,32.0,82.0
8300.0,85,1411.0,-2663.4166666666665,12.0,66.0
8400.0,85,1430.2142857142858,-2697.0714285714284,14.0,64.0
8500.0,85,1451.7272727272725,-2733.5454545454545,11.0,62.0
8600.0,85,1477.7058823529412,-2757.7058823529414,34.0,70.0
8700.0,85,1512.4000000000003,-2777.7000000000003,10.0,66.0
8800.0,85,1542.25,-2804.107142857143,28.0,66.0
8900.0,85,1568.428571428571,-2821.3333333333335,21.0,64.0
9000.0,85,1601.8124999999998,-2842.125,16.0,64.0
9100.0,85,1640.3636363636363,-2856.0,22.0,66.0
9200.0,85,1678.0,-2875.5333333333338,15.0,74.0
9300.0,85,1717.0,-2892.0000000000005,19.0,72.0
9400.0,85,1745.0714285714287,-2911.7142857142862,14.0,72.0
9500.0,85,1766.5909090909092,-2940.818181818182,22.0,72.0
9600.0,85,1779.7500000000002,-2980.0625000000005,16.0,70.0
9700.0,85,1797.8750000000002,-3017.2500000000005,16.0,70.0
9800.0,85,1814.0,-3047.166666666667,30.0,80.0
9900.0,85,1833.5714285714287,-3081.1428571428573,14.0,76.0
10000.0,85,1865.916666666667,-3102.916666666667,24.0,68.0
0.0,86,50.0,50.0,1.0,8.0
100.0,86,82.59999999999997,40.53333333333324,15.0,68.0
200.0,86,110.7777777777777,17.7777777777777,18.0,64.0
300.0,86,143.22727272727263,4.409090909090971,22.0,68.0
400.0,86,181.2608695652172,-5.1304347826087735,23.0,70.0
500.0,86,220.49999999999986,-18.944444444444514,18.0,64.0
600.0,86,254.3636363636362,-24.27272727272721,22.0,62.0
700.0,86,287.58333333333326,-32.49999999999994,12.0,64.0
800.0,86,322.4166666666666,-55.249999999999936,24.0,74.0
900.0,86,364.62499999999983,-65.62499999999989,16.0,64.0
1000.0,86,397.64285714285694,-81.42857142857156,14.0,62.0
1100.0,86,428.533333333333,-108.26666666666685,15.0,74.0
1200.0,86,459.0833333333333,-126.58333333333358,12.0,62.0
1300.0,86,485.7727272727273,-144.1363636363638,22.0,70.0
1400.0,86,517.6428571428571,-159.64285714285734,14.0,60.0
1500.0,86,559.2608695652173,-183.7826086956523,23.0,68.0
1600.0,86,597.55,-199.00000000000009,40.0,78.0
1700.0,86,637.45,-214.0000000000002,20.0,66.0
1800.0,86,668.0000000000001,-232.46153846153874,13.0,68.0
1900.0,86,682.8461538461538,-258.53846153846195,13.0,66.0
2000.0,86,703.2857142857142,-296.07142857142895,14.0,66.0
2100.0,86,712.7647058823528,-323.94117647058874,17.0,60.0
2200.0,86,725.9999999999999,-358.7142857142863,14.0,68.0
2300.0,86,729.6296296296296,-389.29629629629653,27.0,68.0
2400.0,86,718.142857142857,-426.50000000000057,14.0,68.0
2500.0,86,698.9166666666664,-456.75000000000057,12.0,64.0
2600.0,86,687.4999999999998,-493.33333333333394,12.0,64.0
2700.0,86,673.6666666666666,-542.1250000000003,24.0,70.0
2800.0,86,660.6923076923077,-582.1538461538468,13.0,66.0
2900.0,86,646.714285714286,-621.7857142857148,14.0,74.0
3000.0,86,626.6428571428575,-656.0714285714291,14.0,60.0
3100.0,86,603.7777777777782,-697.6666666666677,9.0,58.0
3200.0,86,589.904761904762,-729.9523809523813,21.0,74.0
3300.0,86,574.357142857143,-768.1428571428576,14.0,66.0
3400.0,86,549.0740740740742,-801.5925925925928,27.0,68.0
3500.0,86,527.2666666666668,-831.9000000000002,30.0,74.0
3600.0,86,509.60000000000014,-868.6000000000003,25.0,74.0
3700.0,86,476.23076923076934,-897.9230769230777,13.0,68.0
3800.0,86,438.3636363636365,-905.2727272727282,11.0,52.0
3900.0,86,401.8571428571429,-916.5000000000007,14.0,64.0
4000.0,86,363.36000000000007,-931.8400000000004,25.0,70.0
4100.0,86,331.25806451612914,-945.193548387097,31.0,74.0
4200.0,86,294.8529411764707,-955.5882352941179,34.0,82.0
4300.0,86,256.13636363636385,-963.4545454545458,22.0,74.0
4400.0,86,219.22727272727286,-966.545454545455,22.0,62.0
4500.0,86,183.36363636363637,-960.0000000000003,22.0,70.0
4600.0,86,146.42857142857133,-944.464285714286,28.0,74.0
4700.0,86,120.99999999999997,-927.0666666666673,15.0,66.0
4800.0,86,89.37037037037034,-891.2962962962966,27.0,76.0
4900.0,86,57.499999999999794,-875.4545454545457,22.0,72.0
5000.0,86,13.749999999999721,-855.2916666666671,24.0,64.0
5100.0,86,-22.833333333333655,-839.3888888888894,18.0,66.0
5200.0,86,-66.30000000000022,-824.9500000000005,20.0,72.0
5300.0,86,-105.4117647058827,-814.2941176470595,17.0,72.0
5400.0,86,-139.0645161290325,-802.8709677419359,31.0,84.0
5500.0,86,-180.85714285714346,-793.3571428571438,14.0,62.0
5600.0,86,-217.2962962962967,-783.9629629629635,27.0,70.0
5700.0,86,-254.2333333333337,-774.2666666666672,30.0,70.0
5800.0,86,-292.0000000000006,-755.857142857144,14.0,74.0
5900.0,86,-336.21739130434827,-749.9130434782618,23.0,66.0
6000.0,86,-384.1724137931039,-746.3793103448284,29.0,66.0
6100.0,86,-417.9375000000008,-746.5000000000014,16.0,60.0
6200.0,86,-456.3750000000008,-747.1250000000013,16.0,62.0
6300.0,86,-496.0769230769236,-758.4615384615392,26.0,66.0
6400.0,86,-537.6875000000008,-773.6250000000014,16.0,70.0
6500.0,86,-572.3888888888896,-784.88888888889,18.0,58.0
6600.0,86,-606.0000000000007,-795.7368421052643,19.0,66.0
6700.0,86,-643.1600000000005,-818.0800000000008,25.0,78.0
6800.0,86,-680.3809523809532,-834.5238095238105,21.0,66.0
6900.0,86,-718.4166666666682,-851.2500000000016,12.0,60.0
7000.0,86,-754.416666666668,-867.8333333333347,12.0,64.0
7100.0,86,-799.3448275862075,-885.8965517241385,29.0,74.0
7200.0,86,-835.3571428571436,-897.1428571428578,28.0,74.0
7300.0,86,-868.615384615386,-905.8461538461553,13.0,64.0
7400.0,86,-903.5333333333349,-916.4000000000012,15.0,68.0
7500.0,86,-942.0000000000016,-931.3076923076935,13.0,66.0
7600.0,86,-979.8750000000013,-946.3750000000008,16.0,74.0
7700.0,86,-1008.1923076923084,-961.4230769230774,26.0,66.0
7800.0,86,-1043.6363636363653,-981.0909090909101,11.0,66.0
7900.0,86,-1080.3103448275867,-989.137931034483,29.0,78.0
8000.0,86,-1117.0476190476197,-1006.2380952380958,21.0,84.0
8100.0,86,-1152.9666666666672,-1018.5666666666671,30.0,78.0
8200.0,86,-1193.8518518518522,-1038.1111111111115,27.0,74.0
8300.0,86,-1221.800000000001,-1047.1000000000013,10.0,64.0
8400.0,86,-1257.3076923076933,-1067.3846153846162,13.0,62.0
8500.0,86,-1290.0370370370376,-1085.8518518518524,27.0,74.0
8600.0,86,-1327.7647058823538,-1095.705882352942,17.0,64.0
8700.0,86,-1360.1923076923083,-1113.3076923076928,26.0,74.0
8800.0,86,-1389.931034482759,-1124.379310344828,29.0,68.0
8900.0,86,-1429.062500000001,-1142.500000000001,16.0,60.0
9000.0,86,-1469.1428571428585,-1153.8571428571438,14.0,56.0
9100.0,86,-1511.0555555555568,-1169.611111111112,18.0,66.0
9200.0,86,-1542.363636363638,-1183.3636363636376,11.0,64.0
9300.0,86,-1576.88888888889,-1203.0555555555563,18.0,64.0
9400.0,86,-1615.7142857142865,-1206.6428571428576,28.0,64.0
9500.0,86,-1658.3333333333348,-1208.2000000000007,15.0,64.0
9600.0,86,-1700.9545454545464,-1210.2272727272734,22.0,70.0
9700.0,86,-1738.7083333333344,-1208.4166666666672,24.0,62.0
9800.0,86,-1777.277777777779,-1209.8333333333342,18.0,64.0
9900.0,86,-1817.07142857143,-1217.0714285714294,14.0,66.0
10000.0,86,-1850.8000000000013,-1226.4666666666676,15.0,68.0
0.0,87,49.8,50.6,5.0,24.0
100.0,87,62.5217391304347,78.34782608695652,23.0,76.0
200.0,87,69.42105263157885,113.78947368421044,19.0,66.0
300.0,87,80.93749999999994,151.3124999999998,16.0,70.0
400.0,87,103.10526315789464,185.6842105263156,19.0,72.0
500.0,87,131.48717948717942,204.15384615384608,39.0,80.0
600.0,87,168.69230769230757,215.65384615384582,26.0,68.0
700.0,87,199.49999999999937,221.6999999999993,10.0,66.0
800.0,87,234.49999999999977,231.16666666666634,24.0,76.0
900.0,87,275.71428571428555,232.28571428571388,21.0,64.0
1000.0,87,316.5714285714283,237.4285714285711,21.0,70.0
1100.0,87,354.66666666666646,250.9444444444438,18.0,68.0
1200.0,87,394.4799999999998,261.35999999999956,25.0,68.0
1300.0,87,427.307692307692,275.84615384615284,13.0,76.0
1400.0,87,461.76923076923043,286.999999999999,13.0,68.0
1500.0,87,498.384615384615,308.5384615384605,13.0,74.0
1600.0,87,535.1999999999996,323.6666666666658,15.0,64.0
1700.0,87,571.9354838709676,338.96774193548345,31.0,78.0
1800.0,87,602.583333333333,356.4166666666662,24.0,78.0
1900.0,87,635.9523809523805,379.52380952380895,21.0,78.0
2000.0,87,669.6666666666663,400.0416666666662,24.0,80.0
2100.0,87,704.3749999999994,424.4374999999993,16.0,58.0
2200.0,87,739.6842105263154,443.1052631578941,19.0,80.0
2300.0,87,771.1785714285711,465.6785714285711,28.0,82.0
2400.0,87,813.1249999999994,475.3749999999993,16.0,74.0
2500.0,87,854.5555555555543,495.7777777777764,9.0,58.0
2600.0,87,895.9285714285705,502.4285714285704,14.0,56.0
2700.0,87,934.0869565217386,501.99999999999943,23.0,64.0
2800.0,87,975.4399999999995,503.59999999999945,25.0,62.0
2900.0,87,1016.6363636363631,508.4999999999994,22.0,70.0
3000.0,87,1056.2258064516125,505.32258064516077,31.0,74.0
3100.0,87,1098.7105263157891,499.1052631578943,38.0,80.0
3200.0,87,1136.0526315789466,497.6842105263149,19.0,78.0
3300.0,87,1180.1578947368412,496.421052631578,19.0,62.0
3400.0,87,1216.6923076923063,513.6153846153832,13.0,66.0
3500.0,87,1248.277777777777,525.9444444444432,18.0,70.0
3600.0,87,1284.5333333333322,540.7333333333319,15.0,64.0
3700.0,87,1322.1153846153838,557.1923076923069,26.0,76.0
3800.0,87,1344.5652173913033,589.4782608695645,23.0,64.0
3900.0,87,1357.5624999999986,624.2499999999991,16.0,72.0
4000.0,87,1373.1249999999986,659.1249999999991,16.0,74.0
4100.0,87,1384.749999999998,694.5833333333325,12.0,68.0
4200.0,87,1406.0384615384605,731.1923076923073,26.0,70.0
4300.0,87,1416.944444444443,760.1111111111105,18.0,70.0
4400.0,87,1419.7999999999988,798.4799999999996,25.0,86.0
4500.0,87,1433.6249999999964,834.9999999999985,8.0,48.0
4600.0,87,1448.4999999999968,867.3999999999987,10.0,62.0
4700.0,87,1457.416666666664,896.0833333333323,12.0,68.0
4800.0,87,1482.9499999999985,912.6499999999994,20.0,64.0
4900.0,87,1521.0869565217376,931.5652173913038,23.0,68.0
5000.0,87,1567.384615384613,951.5384615384604,13.0,66.0
5100.0,87,1589.2222222222204,963.9444444444435,18.0,58.0
5200.0,87,1625.7916666666654,983.9583333333327,24.0,74.0
5300.0,87,1661.7499999999973,992.2499999999987,12.0,60.0
5400.0,87,1695.4782608695639,997.0434782608689,23.0,64.0
5500.0,87,1732.7499999999977,1014.4374999999993,16.0,66.0
5600.0,87,1770.812499999998,1023.8124999999992,16.0,60.0
5700.0,87,1804.9999999999975,1036.0714285714278,14.0,60.0
5800.0,87,1840.8499999999983,1050.1999999999996,20.0,74.0
5900.0,87,1874.999999999998,1066.5294117647054,17.0,60.0
6000.0,87,1917.0799999999988,1079.9999999999998,25.0,64.0
6100.0,87,1956.4583333333321,1100.9166666666663,24.0,76.0
6200.0,87,1993.30769230769,1125.9230769230762,13.0,64.0
6300.0,87,2035.7777777777762,1141.6666666666663,18.0,62.0
6400.0,87,2071.249999999999,1159.916666666666,24.0,72.0
6500.0,87,2110.190476190475,1172.0952380952372,21.0,66.0
6600.0,87,2145.319999999999,1174.3599999999994,25.0,72.0
6700.0,87,2178.7333333333313,1187.1999999999991,15.0,72.0
6800.0,87,2213.909090909088,1201.4545454545444,11.0,66.0
6900.0,87,2246.6874999999977,1230.312499999999,16.0,76.0
7000.0,87,2280.0399999999986,1259.1999999999994,25.0,58.0
7100.0,87,2310.769230769228,1276.9230769230758,13.0,72.0
7200.0,87,2350.599999999999,1288.5666666666662,30.0,66.0
7300.0,87,2388.4210526315774,1297.421052631578,19.0,64.0
7400.0,87,2420.599999999998,1314.3999999999987,15.0,68.0
7500.0,87,2460.7857142857124,1327.3571428571415,14.0,74.0
7600.0,87,2493.1818181818157,1343.6363636363621,11.0,66.0
7700.0,87,2538.2307692307672,1364.5384615384603,13.0,64.0
7800.0,87,2580.1249999999986,1383.4999999999989,16.0,78.0
7900.0,87,2617.4999999999986,1397.999999999999,20.0,64.0
8000.0,87,2652.631578947367,1418.842105263157,19.0,70.0
8100.0,87,2676.9999999999973,1451.1249999999986,8.0,52.0
8200.0,87,2698.7619047619037,1478.1904761904757,21.0,72.0
8300.0,87,2717.071428571427,1510.8571428571424,14.0,66.0
8400.0,87,2742.999999999998,1536.2499999999993,12.0,56.0
8500.0,87,2764.9444444444434,1557.9999999999995,18.0,74.0
8600.0,87,2777.2380952380945,1595.9047619047615,21.0,66.0
8700.0,87,2795.0476190476184,1625.3809523809518,21.0,74.0
8800.0,87,2807.3636363636347,1660.999999999999,11.0,66.0
8900.0,87,2831.3846153846143,1684.2307692307684,13.0,64.0
9000.0,87,2863.5714285714275,1698.357142857142,14.0,50.0
9100.0,87,2892.1818181818167,1710.3636363636356,11.0,66.0
9200.0,87,2929.9047619047615,1723.0714285714282,42.0,90.0
9300.0,87,2971.9285714285697,1735.6428571428562,14.0,62.0
9400.0,87,2998.2173913043466,1761.7826086956516,23.0,64.0
9500.0,87,3033.999999999999,1780.3461538461534,26.0,76.0
9600.0,87,3073.599999999998,1793.5333333333326,15.0,62.0
9700.0,87,3104.937499999998,1810.3124999999993,16.0,58.0
9800.0,87,3138.437499999998,1824.3749999999993,16.0,56.0
9900.0,87,3172.499999999998,1843.357142857142,14.0,62.0
10000.0,87,3205.749999999999,1863.1999999999994,20.0,68.0
0.0,88,50.5,50.5,4.0,20.0
100.0,88,80.42307692307689,62.884615384615465,26.0,66.0
200.0,88,129.04166666666663,81.91666666666686,24.0,62.0
300.0,88,165.5,99.65384615384633,26.0,82.0
400.0,88,197.5,111.16666666666688,12.0,64.0
500.0,88,226.54545454545456,127.31818181818204,22.0,76.0
600.0,88,265.8124999999999,145.00000000000026,16.0,68.0
700.0,88,304.2307692307694,161.84615384615404,13.0,64.0
800.0,88,325.17857142857144,193.3928571428573,28.0,80.0
900.0,88,348.30000000000007,217.80000000000015,20.0,60.0
1000.0,88,379.93749999999994,230.12500000000037,16.0,70.0
1100.0,88,411.9285714285713,248.5000000000005,14.0,66.0
1200.0,88,447.90909090909054,261.8181818181825,11.0,72.0
1300.0,88,486.07692307692275,274.15384615384664,13.0,68.0
1400.0,88,516.6923076923075,291.5384615384621,13.0,66.0
1500.0,88,537.230769230769,323.6538461538465,26.0,70.0
1600.0,88,553.0666666666665,357.8000000000005,15.0,70.0
1700.0,88,563.1666666666666,395.58333333333405,12.0,70.0
1800.0,88,582.142857142857,430.21428571428646,14.0,62.0
1900.0,88,604.7333333333332,460.0666666666676,15.0,74.0
2000.0,88,630.8571428571429,483.4285714285721,21.0,68.0
2100.0,88,662.4074074074075,510.444444444445,27.0,72.0
2200.0,88,697.2857142857143,528.7142857142868,14.0,74.0
2300.0,88,722.9374999999999,544.375000000001,16.0,68.0
2400.0,88,759.1249999999999,566.8750000000011,16.0,72.0
2500.0,88,785.176470588235,599.5882352941187,17.0,66.0
2600.0,88,810.3529411764703,630.9411764705893,17.0,72.0
2700.0,88,829.3684210526313,673.0526315789482,19.0,70.0
2800.0,88,842.2916666666664,713.833333333334,24.0,76.0
2900.0,88,849.9166666666664,746.208333333334,24.0,72.0
3000.0,88,855.3499999999997,785.2500000000008,20.0,66.0
3100.0,88,866.9999999999999,827.3636363636368,22.0,62.0
3200.0,88,883.4117647058822,864.411764705883,17.0,62.0
3300.0,88,894.9374999999999,885.0000000000007,16.0,66.0
3400.0,88,908.9999999999998,919.5333333333343,15.0,72.0
3500.0,88,927.6923076923075,954.7692307692316,13.0,56.0
3600.0,88,948.4999999999997,990.8000000000013,10.0,64.0
3700.0,88,971.4838709677418,1022.5806451612908,31.0,80.0
3800.0,88,987.5454545454543,1063.4545454545462,22.0,60.0
3900.0,88,1004.9999999999997,1098.8333333333346,12.0,68.0
4000.0,88,1030.9545454545453,1134.181818181819,22.0,74.0
4100.0,88,1050.894736842105,1164.3684210526321,19.0,56.0
4200.0,88,1080.5833333333328,1185.9166666666679,12.0,62.0
4300.0,88,1097.8888888888887,1209.8333333333342,18.0,72.0
4400.0,88,1130.8260869565215,1214.1739130434787,23.0,66.0
4500.0,88,1170.9999999999995,1221.7647058823536,17.0,64.0
4600.0,88,1212.3076923076917,1241.3846153846164,13.0,70.0
4700.0,88,1245.9999999999995,1248.9375000000005,16.0,60.0
4800.0,88,1283.0909090909088,1262.4090909090912,22.0,62.0
4900.0,88,1316.380952380952,1271.0952380952388,21.0,64.0
5000.0,88,1357.833333333333,1284.722222222223,18.0,64.0
5100.0,88,1385.5454545454538,1294.0909090909106,11.0,64.0
5200.0,88,1424.8399999999997,1303.4400000000007,25.0,66.0
5300.0,88,1462.5454545454536,1313.5454545454559,11.0,70.0
5400.0,88,1495.4374999999993,1330.5625000000007,16.0,66.0
5500.0,88,1532.136363636363,1339.6818181818187,22.0,72.0
5600.0,88,1569.4210526315785,1342.5789473684213,19.0,74.0
5700.0,88,1609.3461538461534,1339.346153846154,26.0,72.0
5800.0,88,1650.454545454545,1326.5909090909092,22.0,70.0
5900.0,88,1679.8928571428569,1296.107142857143,28.0,74.0
6000.0,88,1702.052631578947,1262.2631578947369,19.0,70.0
6100.0,88,1714.944444444444,1230.2222222222224,18.0,68.0
6200.0,88,1726.4571428571426,1191.8000000000002,35.0,78.0
6300.0,88,1741.7272727272725,1149.5454545454547,22.0,68.0
6400.0,88,1758.2727272727266,1113.0909090909095,11.0,70.0
6500.0,88,1772.3076923076915,1081.3076923076926,13.0,64.0
6600.0,88,1785.333333333333,1046.5833333333335,24.0,70.0
6700.0,88,1792.7142857142853,1007.4285714285717,21.0,64.0
6800.0,88,1807.5999999999992,974.4000000000005,10.0,66.0
6900.0,88,1828.9999999999995,931.9285714285718,14.0,68.0
7000.0,88,1843.571428571428,893.3571428571433,14.0,64.0
7100.0,88,1862.2272727272723,857.8636363636367,22.0,74.0
7200.0,88,1876.7058823529405,819.6470588235298,17.0,72.0
7300.0,88,1892.1999999999994,792.3333333333338,15.0,76.0
7400.0,88,1911.083333333333,750.0833333333338,24.0,78.0
7500.0,88,1929.1764705882347,719.9411764705889,17.0,72.0
7600.0,88,1947.9999999999989,682.0909090909101,11.0,62.0
7700.0,88,1983.166666666666,686.8750000000005,24.0,64.0
7800.0,88,2017.8888888888882,706.8888888888895,18.0,76.0
7900.0,88,2059.11111111111,726.4444444444458,9.0,58.0
8000.0,88,2093.3529411764703,746.8823529411774,17.0,62.0
8100.0,88,2111.3888888888882,770.3888888888897,18.0,62.0
8200.0,88,2128.9047619047615,808.333333333334,21.0,64.0
8300.0,88,2142.7499999999995,842.125000000001,16.0,70.0
8400.0,88,2168.1999999999994,873.6000000000009,15.0,60.0
8500.0,88,2187.3124999999995,906.3750000000009,16.0,62.0
8600.0,88,2205.8461538461534,946.0000000000011,13.0,72.0
8700.0,88,2221.2142857142853,979.0714285714296,14.0,66.0
8800.0,88,2235.3571428571427,1018.3571428571441,14.0,64.0
8900.0,88,2256.1999999999994,1043.2000000000016,10.0,66.0
9000.0,88,2295.0999999999995,1063.600000000002,10.0,62.0
9100.0,88,2328.1,1068.4000000000008,20.0,78.0
9200.0,88,2361.9473684210525,1074.3684210526326,19.0,62.0
9300.0,88,2393.157894736842,1096.4736842105272,19.0,60.0
9400.0,88,2432.083333333333,1109.916666666668,12.0,64.0
9500.0,88,2472.375,1124.2500000000007,24.0,70.0
9600.0,88,2510.3999999999996,1139.000000000002,10.0,54.0
9700.0,88,2542.0434782608695,1151.1304347826097,23.0,62.0
9800.0,88,2579.407407407407,1169.8888888888898,27.0,78.0
9900.0,88,2614.583333333333,1182.3333333333344,24.0,78.0
10000.0,88,2644.333333333333,1204.2666666666685,15.0,66.0
0.0,89,50.0,50.0,1.0,8.0
100.0,89,80.16216216216213,51.45945945945941,37.0,70.0
200.0,89,117.95652173913052,49.69565217391305,23.0,70.0
300.0,89,157.93333333333345,40.40000000000032,15.0,66.0
400.0,89,197.40909090909105,48.13636363636388,22.0,72.0
500.0,89,230.13333333333355,63.06666666666709,15.0,64.0
600.0,89,262.92592592592604,80.62962962962996,27.0,76.0
700.0,89,302.2380952380954,95.28571428571479,21.0,64.0
800.0,89,336.4705882352943,112.88235294117703,17.0,62.0
900.0,89,372.38461538461587,128.9230769230779,13.0,64.0
1000.0,89,413.92857142857196,141.21428571428646,14.0,74.0
1100.0,89,448.3333333333339,154.66666666666754,15.0,72.0
1200.0,89,481.94117647058863,174.41176470588312,17.0,62.0
1300.0,89,515.136363636364,196.54545454545513,22.0,78.0
1400.0,89,550.7500000000006,217.4000000000007,20.0,62.0
1500.0,89,584.076923076924,229.38461538461647,13.0,78.0
1600.0,89,622.4347826086962,238.6956521739137,23.0,64.0
1700.0,89,654.8823529411775,250.4117647058834,17.0,64.0
1800.0,89,689.3809523809532,266.52380952381037,21.0,68.0
1900.0,89,725.7222222222232,284.94444444444525,18.0,66.0
2000.0,89,769.5294117647071,306.3529411764716,17.0,64.0
2100.0,89,799.9230769230786,326.4615384615398,13.0,70.0
2200.0,89,817.4500000000012,363.9000000000007,20.0,70.0
2300.0,89,832.4444444444457,392.27777777777857,18.0,66.0
2400.0,89,850.5925925925934,424.8518518518524,27.0,70.0
2500.0,89,861.7083333333344,464.20833333333405,24.0,66.0
2600.0,89,877.6000000000022,497.50000000000153,10.0,58.0
2700.0,89,896.8571428571443,533.0714285714296,14.0,62.0
2800.0,89,907.8000000000014,568.4000000000008,15.0,68.0
2900.0,89,921.8846153846162,602.3461538461543,26.0,76.0
3000.0,89,936.9090909090919,640.3636363636367,22.0,82.0
3100.0,89,959.2727272727282,670.1818181818186,22.0,70.0
3200.0,89,972.0000000000014,701.8750000000005,16.0,66.0
3300.0,89,1004.7692307692316,732.6538461538464,26.0,70.0
3400.0,89,1041.0909090909101,751.6818181818184,22.0,80.0
3500.0,89,1079.153846153848,763.0000000000001,13.0,66.0
3600.0,89,1118.2500000000016,778.1875000000001,16.0,66.0
3700.0,89,1155.8333333333346,792.0,18.0,64.0
3800.0,89,1185.0263157894742,813.6842105263158,38.0,74.0
3900.0,89,1218.700000000001,830.7000000000002,20.0,64.0
4000.0,89,1260.2272727272737,845.0000000000001,22.0,72.0
4100.0,89,1292.058823529413,866.8235294117649,17.0,74.0
4200.0,89,1320.941176470589,892.6470588235294,34.0,78.0
4300.0,89,1336.5833333333344,929.0000000000001,24.0,66.0
4400.0,89,1348.3888888888903,966.0555555555557,18.0,64.0
4500.0,89,1361.933333333335,1002.4666666666667,15.0,70.0
4600.0,89,1381.7000000000025,1034.8999999999999,10.0,66.0
4700.0,89,1392.69230769231,1062.7692307692307,13.0,64.0
4800.0,89,1386.0625000000018,1094.8125000000002,16.0,68.0
4900.0,89,1353.444444444446,1114.777777777778,18.0,64.0
5000.0,89,1322.9166666666688,1131.2500000000002,12.0,60.0
5100.0,89,1291.846153846155,1144.0384615384617,26.0,64.0
5200.0,89,1256.6000000000015,1156.2500000000002,20.0,74.0
5300.0,89,1239.5263157894753,1164.4736842105265,19.0,60.0
5400.0,89,1222.7272727272755,1196.5454545454547,11.0,66.0
5500.0,89,1198.210526315791,1227.0526315789473,19.0,64.0
5600.0,89,1180.6923076923088,1256.7307692307693,26.0,74.0
5700.0,89,1166.4615384615408,1292.4615384615386,13.0,72.0
5800.0,89,1172.0000000000011,1330.625,24.0,70.0
5900.0,89,1185.2307692307716,1373.461538461538,13.0,60.0
6000.0,89,1203.0000000000016,1410.9499999999998,20.0,66.0
6100.0,89,1226.0714285714307,1448.2142857142853,14.0,64.0
6200.0,89,1253.1818181818196,1474.5454545454543,22.0,74.0
6300.0,89,1284.181818181821,1497.3636363636358,11.0,66.0
6400.0,89,1318.423076923078,1510.6923076923074,26.0,72.0
6500.0,89,1360.000000000001,1513.8285714285714,35.0,82.0
6600.0,89,1402.120000000001,1516.56,25.0,72.0
6700.0,89,1441.4230769230778,1511.423076923077,26.0,68.0
6800.0,89,1462.2857142857151,1488.5714285714284,28.0,76.0
6900.0,89,1480.250000000002,1453.5833333333333,12.0,66.0
7000.0,89,1493.6071428571438,1426.1785714285713,28.0,68.0
7100.0,89,1506.4000000000012,1388.35,20.0,66.0
7200.0,89,1523.5000000000011,1351.5384615384614,26.0,78.0
7300.0,89,1543.9615384615395,1322.7692307692307,26.0,60.0
7400.0,89,1576.5384615384635,1300.6923076923076,13.0,66.0
7500.0,89,1611.500000000002,1273.4999999999998,12.0,62.0
7600.0,89,1646.8636363636374,1261.8181818181818,22.0,74.0
7700.0,89,1692.0714285714303,1251.8571428571427,14.0,62.0
7800.0,89,1739.1904761904773,1232.9523809523807,21.0,70.0
7900.0,89,1771.9375000000014,1209.6249999999998,16.0,66.0
8000.0,89,1796.0434782608706,1175.7391304347823,23.0,76.0
8100.0,89,1797.4705882352955,1144.8823529411761,17.0,56.0
8200.0,89,1788.9523809523823,1110.7619047619046,21.0,70.0
8300.0,89,1778.240000000001,1076.2399999999998,25.0,70.0
8400.0,89,1757.785714285716,1046.6428571428569,14.0,70.0
8500.0,89,1749.3043478260881,1004.1304347826085,23.0,72.0
8600.0,89,1736.5000000000023,971.0999999999997,10.0,66.0
8700.0,89,1735.0434782608706,936.9999999999999,23.0,70.0
8800.0,89,1736.8333333333342,898.1999999999998,30.0,64.0
8900.0,89,1747.8620689655181,858.6896551724136,29.0,74.0
9000.0,89,1760.6250000000016,821.1249999999999,16.0,76.0
9100.0,89,1774.222222222223,795.5555555555555,27.0,76.0
9200.0,89,1792.4500000000012,766.1499999999999,20.0,66.0
9300.0,89,1826.0000000000011,743.6842105263156,19.0,66.0
9400.0,89,1860.6666666666692,729.6666666666666,9.0,64.0
9500.0,89,1899.0000000000014,718.0555555555555,18.0,68.0
9600.0,89,1937.7000000000025,697.5,10.0,66.0
9700.0,89,1964.0952380952394,678.5238095238094,21.0,76.0
9800.0,89,2004.6250000000018,659.8749999999999,16.0,66.0
9900.0,89,2033.5000000000011,643.7916666666665,24.0,76.0
10000.0,89,2067.437500000002,632.1249999999998,16.0,68.0
0.0,9,49.5,49.5,2.0,14.0
100.0,9,55.130434782608674,18.34782608695649,23.0,64.0
200.0,9,63.833333333333314,-16.083333333333186,12.0,66.0
300.0,9,83.39999999999992,-52.59999999999984,10.0,60.0
400.0,9,99.9,-84.00000000000009,10.0,66.0
500.0,9,108.35714285714275,-116.92857142857159,14.0,66.0
600.0,9,115.73684210526308,-155.5263157894738,19.0,66.0
700.0,9,134.55555555555543,-194.07407407407422,27.0,74.0
800.0,9,152.63636363636346,-228.8181818181822,11.0,56.0
900.0,9,169.99999999999966,-264.9090909090912,11.0,54.0
1000.0,9,186.4999999999999,-303.08333333333366,12.0,64.0
1100.0,9,201.2499999999999,-342.6500000000002,20.0,66.0
1200.0,9,223.9411764705881,-377.00000000000017,17.0,66.0
1300.0,9,245.0000000000001,-404.3809523809526,21.0,64.0
1400.0,9,260.4000000000001,-437.3000000000005,10.0,62.0
1500.0,9,277.6956521739132,-477.9565217391306,23.0,78.0
1600.0,9,300.0666666666669,-515.466666666667,15.0,66.0
1700.0,9,327.67741935483883,-538.6451612903227,31.0,72.0
1800.0,9,362.05263157894757,-557.5789473684213,19.0,60.0
1900.0,9,391.3333333333337,-576.7777777777783,9.0,62.0
2000.0,9,429.8333333333336,-588.0833333333337,12.0,58.0
2100.0,9,464.4000000000003,-597.1333333333337,15.0,60.0
2200.0,9,499.3181818181821,-599.5000000000002,22.0,64.0
2300.0,9,540.0000000000002,-592.4800000000001,25.0,70.0
2400.0,9,577.545454545455,-566.818181818182,11.0,66.0
2500.0,9,608.1666666666671,-551.5,12.0,64.0
2600.0,9,636.2000000000005,-536.4000000000001,10.0,64.0
2700.0,9,660.791666666667,-506.0416666666668,24.0,66.0
2800.0,9,694.5384615384621,-486.4615384615386,13.0,74.0
2900.0,9,729.3529411764712,-490.3529411764707,17.0,56.0
3000.0,9,765.7222222222225,-507.3333333333334,18.0,66.0
3100.0,9,800.6250000000003,-521.3125000000001,16.0,66.0
3200.0,9,819.9375000000005,-531.3749999999999,16.0,66.0
3300.0,9,852.3333333333338,-544.1333333333333,15.0,54.0
3400.0,9,887.2352941176475,-566.2352941176471,17.0,68.0
3500.0,9,917.833333333334,-583.3333333333334,12.0,66.0
3600.0,9,947.6111111111115,-607.5000000000001,18.0,72.0
3700.0,9,985.2631578947373,-623.6315789473684,19.0,64.0
3800.0,9,1013.0666666666672,-636.2000000000003,15.0,60.0
3900.0,9,1049.5000000000007,-653.0000000000003,10.0,62.0
4000.0,9,1080.7142857142862,-668.3571428571431,14.0,64.0
4100.0,9,1105.588235294118,-692.1764705882355,17.0,76.0
4200.0,9,1121.294117647059,-719.1764705882354,17.0,62.0
4300.0,9,1143.2666666666669,-748.6666666666665,15.0,66.0
4400.0,9,1172.8285714285714,-771.7142857142858,35.0,76.0
4500.0,9,1211.3846153846155,-784.9999999999999,13.0,72.0
4600.0,9,1238.04,-800.5999999999999,25.0,72.0
4700.0,9,1268.1176470588239,-818.1176470588233,17.0,66.0
4800.0,9,1298.6818181818182,-828.0454545454545,22.0,64.0
4900.0,9,1338.7619047619048,-836.9523809523808,21.0,68.0
5000.0,9,1380.4545454545455,-846.8409090909091,44.0,82.0
5100.0,9,1416.0,-859.9374999999999,16.0,66.0
5200.0,9,1457.3666666666666,-870.7333333333333,30.0,76.0
5300.0,9,1492.888888888889,-888.9444444444442,18.0,68.0
5400.0,9,1524.6363636363635,-905.181818181818,11.0,68.0
5500.0,9,1555.1999999999998,-919.5999999999999,20.0,62.0
5600.0,9,1579.083333333333,-948.2499999999998,12.0,64.0
5700.0,9,1594.2631578947369,-981.2105263157894,19.0,62.0
5800.0,9,1607.857142857143,-1020.1428571428571,21.0,68.0
5900.0,9,1628.3333333333335,-1051.9333333333332,15.0,66.0
6000.0,9,1650.8695652173913,-1088.695652173913,23.0,64.0
6100.0,9,1674.918918918919,-1121.4864864864865,37.0,74.0
6200.0,9,1691.3333333333333,-1159.333333333333,9.0,58.0
6300.0,9,1708.0,-1196.45,20.0,60.0
6400.0,9,1725.9047619047617,-1226.4761904761904,21.0,72.0
6500.0,9,1745.9166666666667,-1264.9583333333335,24.0,64.0
6600.0,9,1752.0,-1305.0869565217392,23.0,66.0
6700.0,9,1759.9,-1341.3,20.0,58.0
6800.0,9,1777.1,-1371.3,20.0,66.0
6900.0,9,1791.8,-1407.4999999999998,10.0,64.0
7000.0,9,1806.0833333333333,-1444.4999999999998,12.0,60.0
7100.0,9,1820.4999999999998,-1479.3,20.0,68.0
7200.0,9,1835.4166666666663,-1506.0,12.0,62.0
7300.0,9,1858.6249999999993,-1532.6250000000005,8.0,58.0
7400.0,9,1882.3749999999995,-1554.1250000000002,16.0,62.0
7500.0,9,1906.5624999999995,-1582.2500000000002,16.0,64.0
7600.0,9,1926.6111111111106,-1623.9444444444448,18.0,62.0
7700.0,9,1940.8999999999996,-1665.1000000000004,20.0,74.0
7800.0,9,1955.884615384615,-1707.4615384615388,26.0,74.0
7900.0,9,1973.9999999999995,-1739.6666666666672,12.0,76.0
8000.0,9,1989.3999999999999,-1778.514285714286,35.0,86.0
8100.0,9,1998.3703703703702,-1816.3703703703704,27.0,74.0
8200.0,9,2013.2777777777776,-1851.8333333333335,18.0,66.0
8300.0,9,2013.206896551724,-1892.0,29.0,66.0
8400.0,9,2023.1499999999996,-1930.9000000000003,20.0,74.0
8500.0,9,2036.705882352941,-1969.2352941176473,17.0,68.0
8600.0,9,2036.8421052631577,-2008.3157894736844,19.0,70.0
8700.0,9,2039.2777777777774,-2042.1111111111113,18.0,66.0
8800.0,9,2045.4687499999998,-2077.15625,32.0,66.0
8900.0,9,2057.6249999999995,-2114.0833333333335,24.0,70.0
9000.0,9,2066.8275862068963,-2149.034482758621,29.0,68.0
9100.0,9,2070.260869565217,-2182.0434782608695,23.0,74.0
9200.0,9,2079.066666666666,-2220.2000000000003,15.0,70.0
9300.0,9,2095.35294117647,-2258.1764705882356,17.0,66.0
9400.0,9,2108.8421052631575,-2293.842105263158,19.0,66.0
9500.0,9,2119.599999999999,-2331.3,10.0,64.0
9600.0,9,2127.230769230768,-2364.461538461538,13.0,62.0
9700.0,9,2143.7999999999993,-2404.2,20.0,66.0
9800.0,9,2162.105263157894,-2440.684210526316,19.0,78.0
9900.0,9,2180.7647058823522,-2476.823529411765,17.0,74.0
10000.0,9,2195.791666666666,-2500.7916666666665,24.0,74.0
0.0,90,50.0,50.5,2.0,14.0
100.0,90,18.692307692307757,41.923076923076934,26.0,64.0
200.0,90,-18.882352941176464,22.764705882353084,17.0,60.0
300.0,90,-56.28571428571421,5.21428571428582,14.0,68.0
400.0,90,-101.33333333333319,-16.466666666666455,15.0,62.0
500.0,90,-122.57142857142856,-36.42857142857137,21.0,70.0
600.0,90,-159.80000000000027,-53.84999999999995,20.0,64.0
700.0,90,-197.30000000000052,-72.2,10.0,62.0
800.0,90,-213.40909090909116,-104.45454545454554,22.0,76.0
900.0,90,-226.86666666666707,-140.4666666666667,15.0,72.0
1000.0,90,-243.44444444444514,-178.44444444444463,9.0,56.0
1100.0,90,-259.7272727272733,-217.45454545454572,11.0,62.0
1200.0,90,-278.23809523809547,-248.38095238095252,21.0,56.0
1300.0,90,-295.00000000000045,-284.26666666666694,15.0,64.0
1400.0,90,-306.5555555555559,-320.3333333333337,18.0,62.0
1500.0,90,-318.77777777777806,-358.37037037037055,27.0,64.0
1600.0,90,-330.3333333333339,-389.55555555555594,9.0,62.0
1700.0,90,-348.8695652173915,-417.1739130434785,23.0,80.0
1800.0,90,-373.4761904761907,-455.1428571428571,21.0,80.0
1900.0,90,-397.3333333333335,-489.5416666666667,24.0,70.0
2000.0,90,-423.4800000000002,-517.1200000000001,25.0,74.0
2100.0,90,-443.86666666666696,-552.6666666666669,15.0,68.0
2200.0,90,-454.6428571428574,-594.714285714286,14.0,66.0
2300.0,90,-474.0000000000004,-624.7500000000003,12.0,62.0
2400.0,90,-496.70967741935493,-647.2580645161291,31.0,74.0
2500.0,90,-537.3750000000003,-668.1250000000005,8.0,58.0
2600.0,90,-566.5000000000003,-688.5000000000001,14.0,66.0
2700.0,90,-606.0384615384618,-704.5000000000001,26.0,70.0
2800.0,90,-642.9375000000005,-723.3125000000001,16.0,72.0
2900.0,90,-679.0000000000003,-743.8461538461538,13.0,68.0
3000.0,90,-701.636363636364,-772.8181818181822,11.0,66.0
3100.0,90,-716.2000000000003,-805.9500000000002,20.0,66.0
3200.0,90,-729.3125000000001,-844.0312500000001,32.0,74.0
3300.0,90,-744.5333333333338,-877.2000000000002,15.0,68.0
3400.0,90,-755.4736842105267,-910.1578947368423,19.0,64.0
3500.0,90,-778.7500000000006,-943.2499999999999,12.0,62.0
3600.0,90,-806.166666666667,-969.8,30.0,68.0
3700.0,90,-837.5000000000003,-995.6153846153846,26.0,72.0
3800.0,90,-862.2000000000005,-1018.0,15.0,62.0
3900.0,90,-879.0000000000005,-1046.909090909091,11.0,62.0
4000.0,90,-886.0416666666669,-1081.2083333333333,24.0,72.0
4100.0,90,-897.8823529411767,-1118.8235294117646,17.0,64.0
4200.0,90,-918.636363636364,-1152.8181818181815,11.0,66.0
4300.0,90,-948.4090909090912,-1172.2272727272727,22.0,68.0
4400.0,90,-973.1200000000002,-1191.36,25.0,68.0
4500.0,90,-985.7777777777786,-1219.4444444444443,9.0,58.0
4600.0,90,-995.0000000000006,-1252.7142857142856,14.0,62.0
4700.0,90,-1001.6666666666671,-1291.625,24.0,66.0
4800.0,90,-1006.1200000000003,-1332.28,25.0,64.0
4900.0,90,-1012.6000000000007,-1367.7333333333333,15.0,64.0
5000.0,90,-1011.7307692307696,-1406.8846153846155,26.0,68.0
5100.0,90,-998.000000000001,-1442.2000000000003,10.0,58.0
5200.0,90,-982.3076923076932,-1477.6923076923078,13.0,76.0
5300.0,90,-951.8421052631585,-1503.3157894736842,19.0,64.0
5400.0,90,-916.8421052631585,-1514.578947368421,19.0,60.0
5500.0,90,-879.0666666666675,-1518.2,15.0,68.0
5600.0,90,-839.4516129032262,-1521.2903225806454,31.0,72.0
5700.0,90,-799.9375000000007,-1534.6250000000002,16.0,54.0
5800.0,90,-765.3750000000007,-1553.6875000000002,16.0,68.0
5900.0,90,-732.176470588236,-1567.8235294117646,17.0,66.0
6000.0,90,-699.6666666666675,-1588.8333333333335,12.0,66.0
6100.0,90,-677.2608695652178,-1609.5217391304348,23.0,64.0
6200.0,90,-642.9375000000006,-1640.0625000000002,16.0,58.0
6300.0,90,-614.2000000000006,-1651.0666666666668,15.0,64.0
6400.0,90,-585.8461538461545,-1666.076923076923,13.0,64.0
6500.0,90,-556.7777777777782,-1684.3333333333335,18.0,74.0
6600.0,90,-522.7428571428574,-1702.0857142857144,35.0,80.0
6700.0,90,-492.13333333333355,-1715.3000000000002,30.0,80.0
6800.0,90,-452.9545454545457,-1731.5909090909092,22.0,66.0
6900.0,90,-420.0000000000002,-1743.5384615384617,39.0,82.0
7000.0,90,-384.6000000000006,-1749.8666666666668,15.0,68.0
7100.0,90,-347.2307692307696,-1751.076923076923,26.0,64.0
7200.0,90,-311.0000000000004,-1750.6206896551723,29.0,80.0
7300.0,90,-270.7727272727278,-1747.181818181818,22.0,66.0
7400.0,90,-230.45454545454658,-1738.9999999999998,11.0,60.0
7500.0,90,-211.11111111111174,-1728.5555555555554,18.0,70.0
7600.0,90,-174.50000000000117,-1713.4999999999998,10.0,56.0
7700.0,90,-142.13333333333418,-1698.4666666666665,15.0,70.0
7800.0,90,-113.84615384615424,-1678.8461538461538,26.0,68.0
7900.0,90,-74.60000000000075,-1661.4666666666665,15.0,66.0
8000.0,90,-45.916666666667076,-1635.8333333333333,24.0,76.0
8100.0,90,-7.80000000000058,-1626.9333333333332,15.0,60.0
8200.0,90,30.84210526315749,-1618.842105263158,19.0,70.0
8300.0,90,67.05263157894713,-1603.8947368421052,19.0,74.0
8400.0,90,106.6999999999993,-1578.8999999999999,10.0,62.0
8500.0,90,125.49999999999946,-1547.7142857142856,14.0,60.0
8600.0,90,154.7096774193546,-1520.4516129032256,31.0,78.0
8700.0,90,188.44117647058812,-1509.0882352941176,34.0,72.0
8800.0,90,224.36363636363572,-1505.272727272727,11.0,52.0
8900.0,90,260.66666666666623,-1499.5238095238094,21.0,62.0
9000.0,90,300.95833333333286,-1491.7499999999998,24.0,72.0
9100.0,90,333.3636363636351,-1471.5454545454543,11.0,72.0
9200.0,90,355.9499999999993,-1442.6,20.0,60.0
9300.0,90,382.0499999999993,-1427.8,20.0,62.0
9400.0,90,412.583333333332,-1415.8333333333335,12.0,66.0
9500.0,90,449.81818181818113,-1414.9090909090908,22.0,60.0
9600.0,90,481.0714285714276,-1400.3571428571427,14.0,60.0
9700.0,90,519.8095238095232,-1384.4761904761904,21.0,76.0
9800.0,90,553.9999999999993,-1359.6153846153848,13.0,64.0
9900.0,90,581.1666666666661,-1342.666666666667,18.0,78.0
10000.0,90,621.0909090909082,-1324.3636363636365,11.0,64.0
0.0,91,49.5,50.5,2.0,14.0
100.0,91,18.000000000000124,65.2999999999998,10.0,66.0
200.0,91,1.347826086956492,93.21739130434779,23.0,66.0
300.0,91,-9.500000000000128,124.12499999999994,24.0,66.0
400.0,91,-29.599999999999937,166.19999999999985,20.0,64.0
500.0,91,-47.42857142857124,195.85714285714255,14.0,68.0
600.0,91,-65.1999999999999,234.35999999999987,25.0,66.0
700.0,91,-79.81249999999986,273.375,16.0,68.0
800.0,91,-93.99999999999973,306.90909090909093,11.0,68.0
900.0,91,-96.04166666666647,326.12499999999994,24.0,66.0
1000.0,91,-84.35714285714275,356.92857142857133,14.0,66.0
1100.0,91,-71.66666666666654,399.0833333333332,12.0,60.0
1200.0,91,-53.88888888888892,440.7777777777777,27.0,68.0
1300.0,91,-38.750000000000156,471.7499999999999,16.0,64.0
1400.0,91,-25.200000000000315,508.6,20.0,70.0
1500.0,91,-5.7058823529416,541.5882352941177,17.0,58.0
1600.0,91,7.2777777777774055,575.5000000000001,18.0,60.0
1700.0,91,17.066666666666165,602.7333333333335,15.0,62.0
1800.0,91,39.285714285713766,630.4285714285717,14.0,66.0
1900.0,91,64.99999999999935,648.1000000000004,10.0,60.0
2000.0,91,84.09090909090884,678.1363636363639,22.0,76.0
2100.0,91,90.4687499999998,716.3437500000001,32.0,72.0
2200.0,91,104.92857142857098,750.1428571428573,14.0,74.0
2300.0,91,119.95238095238061,788.8095238095239,21.0,76.0
2400.0,91,144.7499999999997,819.5833333333335,24.0,70.0
2500.0,91,159.58823529411717,859.764705882353,17.0,64.0
2600.0,91,175.60869565217354,899.5652173913044,23.0,68.0
2700.0,91,182.95999999999975,941.0799999999999,25.0,58.0
2800.0,91,200.16666666666632,974.888888888889,18.0,68.0
2900.0,91,215.08333333333272,1003.0,12.0,64.0
3000.0,91,254.2499999999997,1014.375,24.0,72.0
3100.0,91,298.4666666666661,1016.4666666666667,15.0,62.0
3200.0,91,342.1904761904758,1012.8571428571429,21.0,62.0
3300.0,91,378.9999999999993,1006.7500000000001,12.0,60.0
3400.0,91,411.692307692307,985.6923076923078,13.0,66.0
3500.0,91,450.2173913043474,978.6956521739131,23.0,60.0
3600.0,91,487.1538461538453,961.9230769230771,13.0,64.0
3700.0,91,517.3749999999992,944.7500000000002,16.0,64.0
3800.0,91,549.357142857142,920.4285714285718,14.0,60.0
3900.0,91,582.6470588235288,897.8235294117649,17.0,70.0
4000.0,91,619.0666666666658,880.3333333333333,15.0,76.0
4100.0,91,639.5789473684202,855.2105263157895,19.0,58.0
4200.0,91,652.3124999999991,824.5624999999997,16.0,66.0
4300.0,91,668.2941176470581,798.3529411764703,17.0,60.0
4400.0,91,697.3571428571421,776.9285714285711,14.0,62.0
4500.0,91,725.3636363636352,756.363636363636,11.0,56.0
4600.0,91,751.2307692307683,733.9999999999998,13.0,74.0
4700.0,91,782.1333333333329,720.4333333333333,30.0,74.0
4800.0,91,816.043478260869,707.5217391304346,23.0,64.0
4900.0,91,849.3529411764698,692.1176470588234,17.0,62.0
5000.0,91,879.2499999999994,681.7857142857142,28.0,70.0
5100.0,91,923.9999999999992,665.1666666666665,18.0,66.0
5200.0,91,954.0714285714274,644.9999999999999,14.0,74.0
5300.0,91,992.4999999999993,620.7727272727271,22.0,70.0
5400.0,91,1028.47619047619,600.8095238095236,21.0,76.0
5500.0,91,1061.2777777777771,618.2222222222221,18.0,76.0
5600.0,91,1076.1764705882345,644.5882352941176,17.0,62.0
5700.0,91,1098.9090909090896,677.0000000000001,11.0,60.0
5800.0,91,1116.1999999999991,705.3333333333335,15.0,68.0
5900.0,91,1125.9999999999993,742.25,20.0,64.0
6000.0,91,1140.857142857142,777.9999999999999,14.0,76.0
6100.0,91,1157.5999999999997,812.8399999999999,25.0,70.0
6200.0,91,1171.8749999999995,843.0625,16.0,68.0
6300.0,91,1192.538461538461,868.6923076923075,13.0,64.0
6400.0,91,1211.1538461538457,904.0769230769229,13.0,62.0
6500.0,91,1245.2916666666665,927.7499999999999,24.0,64.0
6600.0,91,1284.8,942.6999999999997,10.0,62.0
6700.0,91,1313.9166666666665,956.5833333333329,12.0,56.0
6800.0,91,1351.111111111111,953.333333333333,18.0,68.0
6900.0,91,1377.5714285714287,938.3571428571423,14.0,70.0
7000.0,91,1416.846153846154,915.4615384615377,13.0,60.0
7100.0,91,1441.1428571428573,876.9047619047614,21.0,74.0
7200.0,91,1458.0000000000002,836.7647058823522,17.0,76.0
7300.0,91,1486.0909090909092,815.9999999999994,22.0,64.0
7400.0,91,1519.7,797.099999999999,10.0,64.0
7500.0,91,1553.8461538461536,770.0769230769223,13.0,50.0
7600.0,91,1588.2285714285713,751.8571428571425,35.0,72.0
7700.0,91,1625.7222222222222,739.777777777777,18.0,60.0
7800.0,91,1640.1249999999998,707.9166666666661,24.0,64.0
7900.0,91,1661.9374999999998,669.4374999999991,16.0,70.0
8000.0,91,1679.5624999999998,631.249999999999,16.0,64.0
8100.0,91,1694.533333333333,603.3999999999987,15.0,68.0
8200.0,91,1698.5454545454543,561.6818181818173,22.0,66.0
8300.0,91,1693.4210526315787,521.9473684210516,19.0,60.0
8400.0,91,1679.833333333333,489.8888888888879,18.0,66.0
8500.0,91,1660.8095238095236,457.61904761904674,21.0,82.0
8600.0,91,1655.9999999999998,422.51999999999936,25.0,74.0
8700.0,91,1655.3928571428567,382.28571428571377,28.0,70.0
8800.0,91,1653.4999999999995,343.2692307692302,26.0,60.0
8900.0,91,1665.3571428571418,306.78571428571314,14.0,64.0
9000.0,91,1680.6249999999989,269.81249999999886,16.0,58.0
9100.0,91,1711.1999999999982,244.4999999999981,10.0,58.0
9200.0,91,1744.2222222222201,222.11111111110898,9.0,64.0
9300.0,91,1768.3333333333323,205.71428571428487,21.0,60.0
9400.0,91,1799.7499999999986,183.18749999999895,16.0,70.0
9500.0,91,1839.894736842104,165.3684210526308,19.0,76.0
9600.0,91,1874.3043478260859,134.82608695652112,23.0,66.0
9700.0,91,1892.0909090909079,105.09090909090837,22.0,62.0
9800.0,91,1906.478260869564,62.08695652173851,23.0,70.0
9900.0,91,1929.3749999999984,23.249999999999,16.0,68.0
10000.0,91,1944.6842105263142,-3.105263157895692,19.0,70.0
0.0,92,49.666666666666664,50.333333333333336,3.0,18.0
100.0,92,39.4374999999999,28.062500000000092,16.0,72.0
200.0,92,22.608695652173804,-17.086956521738927,23.0,68.0
300.0,92,6.499999999999676,-53.59999999999956,10.0,62.0
400.0,92,-36.72727272727288,-77.31818181818164,22.0,68.0
500.0,92,-69.93750000000023,-93.62499999999977,16.0,76.0
600.0,92,-104.64705882352962,-114.05882352941158,17.0,66.0
700.0,92,-131.81818181818213,-133.81818181818159,11.0,60.0
800.0,92,-158.9285714285716,-166.28571428571405,14.0,58.0
900.0,92,-175.30769230769258,-199.9230769230767,13.0,62.0
1000.0,92,-174.23076923076948,-224.15384615384593,13.0,62.0
1100.0,92,-179.51724137931055,-266.34482758620686,29.0,72.0
1200.0,92,-180.10000000000025,-306.93333333333317,30.0,80.0
1300.0,92,-164.53333333333384,-343.46666666666647,15.0,58.0
1400.0,92,-144.15384615384664,-381.3076923076921,13.0,64.0
1500.0,92,-130.6000000000002,-411.6333333333332,30.0,70.0
1600.0,92,-101.64285714285727,-435.8571428571428,28.0,74.0
1700.0,92,-70.65000000000022,-452.6999999999998,20.0,68.0
1800.0,92,-33.600000000000364,-472.4999999999993,10.0,66.0
1900.0,92,2.352941176470314,-492.5294117647055,17.0,74.0
2000.0,92,42.87999999999991,-500.7599999999997,25.0,74.0
2100.0,92,76.3636363636362,-513.7272727272721,11.0,62.0
2200.0,92,113.54999999999998,-534.0999999999996,20.0,66.0
2300.0,92,141.56521739130432,-552.7391304347823,23.0,60.0
2400.0,92,182.8181818181817,-570.363636363636,11.0,64.0
2500.0,92,212.28,-586.3599999999999,25.0,72.0
2600.0,92,257.0000000000003,-603.076923076923,13.0,64.0
2700.0,92,292.2916666666668,-613.0416666666665,24.0,68.0
2800.0,92,323.52941176470614,-632.9411764705881,17.0,64.0
2900.0,92,359.33333333333394,-656.9999999999999,9.0,58.0
3000.0,92,380.80000000000047,-685.6666666666666,15.0,78.0
3100.0,92,407.6666666666676,-706.8888888888889,9.0,56.0
3200.0,92,448.80000000000103,-719.5000000000001,10.0,64.0
3300.0,92,469.45454545454635,-753.8181818181821,11.0,64.0
3400.0,92,480.5454545454551,-797.4545454545457,22.0,66.0
3500.0,92,513.7692307692312,-802.9230769230771,26.0,64.0
3600.0,92,547.0416666666672,-790.7916666666669,24.0,72.0
3700.0,92,581.5000000000008,-774.1666666666669,18.0,68.0
3800.0,92,613.4210526315796,-760.7368421052633,19.0,70.0
3900.0,92,640.4117647058832,-739.2941176470591,17.0,64.0
4000.0,92,659.1538461538474,-708.7692307692312,13.0,64.0
4100.0,92,686.250000000001,-688.6250000000002,16.0,64.0
4200.0,92,724.0400000000006,-678.3600000000001,25.0,78.0
4300.0,92,755.7894736842114,-657.4210526315791,19.0,62.0
4400.0,92,794.0454545454552,-633.818181818182,22.0,74.0
4500.0,92,810.9000000000007,-612.1500000000001,20.0,68.0
4600.0,92,827.166666666668,-567.8333333333335,12.0,60.0
4700.0,92,842.9285714285721,-534.1428571428572,28.0,80.0
4800.0,92,841.3913043478269,-496.4782608695652,23.0,68.0
4900.0,92,843.6800000000006,-457.88000000000005,25.0,64.0
5000.0,92,846.5909090909097,-422.63636363636374,22.0,64.0
5100.0,92,840.315789473685,-381.4736842105264,19.0,66.0
5200.0,92,824.2500000000013,-347.7500000000002,12.0,62.0
5300.0,92,797.4285714285724,-319.35714285714295,14.0,68.0
5400.0,92,766.1578947368428,-304.3157894736843,19.0,70.0
5500.0,92,736.9166666666677,-286.75,12.0,66.0
5600.0,92,704.6250000000006,-268.70833333333337,24.0,64.0
5700.0,92,675.6190476190483,-257.3333333333334,21.0,66.0
5800.0,92,640.4166666666679,-244.08333333333343,12.0,72.0
5900.0,92,614.1379310344834,-223.1034482758621,29.0,76.0
6000.0,92,592.0625000000009,-199.06249999999991,16.0,68.0
6100.0,92,582.0714285714296,-171.42857142857133,14.0,70.0
6200.0,92,574.5652173913049,-147.65217391304347,23.0,66.0
6300.0,92,562.7000000000007,-114.59999999999994,20.0,74.0
6400.0,92,555.0000000000008,-76.18749999999987,16.0,64.0
6500.0,92,543.2692307692313,-34.07692307692301,26.0,74.0
6600.0,92,533.8888888888903,4.000000000000221,9.0,62.0
6700.0,92,507.91304347826156,40.26086956521756,23.0,66.0
6800.0,92,485.7333333333345,78.66666666666694,15.0,64.0
6900.0,92,464.06666666666797,107.46666666666691,15.0,68.0
7000.0,92,439.34782608695735,135.6956521739132,23.0,62.0
7100.0,92,424.5714285714299,177.21428571428584,14.0,66.0
7200.0,92,415.0833333333346,212.08333333333346,12.0,68.0
7300.0,92,399.9333333333344,246.2000000000002,15.0,72.0
7400.0,92,375.0909090909098,277.0454545454546,22.0,68.0
7500.0,92,350.1000000000014,301.9000000000001,10.0,62.0
7600.0,92,305.5625000000008,322.6875000000001,16.0,68.0
7700.0,92,276.8461538461548,341.4615384615387,13.0,64.0
7800.0,92,249.41935483871,368.1612903225807,31.0,72.0
7900.0,92,212.18181818181927,382.9090909090908,11.0,50.0
8000.0,92,180.82352941176538,398.76470588235287,17.0,56.0
8100.0,92,144.05882352941242,417.4117647058823,17.0,70.0
8200.0,92,105.28571428571477,421.76190476190465,21.0,66.0
8300.0,92,62.758620689655565,433.5172413793104,29.0,76.0
8400.0,92,20.10344827586248,444.17241379310366,29.0,68.0
8500.0,92,-17.73333333333261,458.8666666666671,15.0,62.0
8600.0,92,-43.28571428571379,476.5714285714288,21.0,74.0
8700.0,92,-76.94117647058756,494.11764705882376,17.0,70.0
8800.0,92,-83.09523809523759,519.2857142857144,21.0,66.0
8900.0,92,-88.55555555555485,557.2777777777782,18.0,70.0
9000.0,92,-89.79999999999934,591.2000000000004,20.0,68.0
9100.0,92,-89.47058823529328,625.5294117647063,17.0,66.0
9200.0,92,-92.41666666666609,666.5833333333336,24.0,66.0
9300.0,92,-101.78947368420977,702.5263157894741,19.0,62.0
9400.0,92,-118.1333333333323,732.5333333333338,15.0,56.0
9500.0,92,-137.49999999999844,777.1000000000006,10.0,62.0
9600.0,92,-150.5294117647051,815.1176470588239,17.0,58.0
9700.0,92,-182.49999999999906,833.6428571428575,14.0,64.0
9800.0,92,-214.93333333333257,855.6000000000004,15.0,62.0
9900.0,92,-246.0952380952375,865.2380952380955,21.0,66.0
10000.0,92,-278.999999999999,881.5384615384617,13.0,54.0
0.0,93,50.0,49.5,2.0,14.0
100.0,93,60.679999999999964,18.719999999999924,25.0,70.0
200.0,93,66.33333333333326,-20.2222222222222,18.0,68.0
300.0,93,68.03846153846145,-56.96153846153844,26.0,66.0
400.0,93,68.1666666666665,-96.75000000000006,12.0,62.0
500.0,93,57.57142857142854,-130.50000000000003,14.0,66.0
600.0,93,39.29999999999999,-166.05,20.0,64.0
700.0,93,18.799999999999955,-200.40000000000003,10.0,64.0
800.0,93,4.411764705882386,-237.94117647058818,17.0,68.0
900.0,93,-5.470588235294258,-279.4117647058822,17.0,64.0
1000.0,93,-16.380952380952493,-313.95238095238085,21.0,74.0
1100.0,93,-29.35714285714296,-352.2857142857141,14.0,64.0
1200.0,93,-41.00000000000005,-383.92592592592575,27.0,74.0
1300.0,93,-55.94444444444454,-418.2777777777776,18.0,74.0
1400.0,93,-74.27272727272725,-451.13636363636346,22.0,62.0
1500.0,93,-85.79999999999987,-484.9999999999998,20.0,66.0
1600.0,93,-103.31818181818166,-519.1363636363634,22.0,78.0
1700.0,93,-112.35999999999979,-560.1199999999998,25.0,72.0
1800.0,93,-122.81818181818134,-588.363636363636,11.0,62.0
1900.0,93,-121.42307692307675,-626.0,26.0,68.0
2000.0,93,-113.23529411764696,-660.8235294117646,17.0,62.0
2100.0,93,-101.8999999999999,-700.5,10.0,62.0
2200.0,93,-80.53846153846142,-736.6923076923077,13.0,66.0
2300.0,93,-70.39999999999988,-760.9499999999999,20.0,60.0
2400.0,93,-52.22222222222195,-790.1111111111113,9.0,66.0
2500.0,93,-37.40624999999993,-828.5312500000001,32.0,68.0
2600.0,93,-14.578947368421026,-853.7894736842105,19.0,62.0
2700.0,93,21.06666666666682,-870.9333333333334,15.0,64.0
2800.0,93,50.25000000000009,-886.5500000000001,20.0,74.0
2900.0,93,90.65517241379314,-902.8620689655172,29.0,84.0
3000.0,93,131.0952380952381,-915.952380952381,21.0,64.0
3100.0,93,161.36842105263173,-930.2631578947369,19.0,76.0
3200.0,93,195.50000000000017,-945.7083333333334,24.0,70.0
3300.0,93,229.50000000000017,-960.1538461538462,26.0,80.0
3400.0,93,269.63636363636397,-976.4545454545458,11.0,56.0
3500.0,93,311.5000000000001,-991.0000000000002,14.0,66.0
3600.0,93,340.68421052631595,-995.1052631578949,19.0,62.0
3700.0,93,372.0909090909094,-1007.5454545454546,11.0,66.0
3800.0,93,410.08333333333366,-1026.5000000000002,12.0,60.0
3900.0,93,436.4545454545457,-1048.0454545454547,22.0,62.0
4000.0,93,479.6875000000004,-1062.1250000000002,16.0,68.0
4100.0,93,518.3333333333336,-1076.8333333333335,18.0,62.0
4200.0,93,558.0714285714292,-1090.142857142857,14.0,58.0
4300.0,93,573.6000000000004,-1129.2666666666667,15.0,74.0
4400.0,93,579.9230769230775,-1157.076923076923,13.0,62.0
4500.0,93,593.0500000000004,-1191.4499999999998,20.0,70.0
4600.0,93,604.2380952380956,-1229.952380952381,21.0,58.0
4700.0,93,629.9615384615388,-1264.1153846153845,26.0,78.0
4800.0,93,649.5000000000005,-1299.0416666666667,24.0,66.0
4900.0,93,663.4117647058827,-1335.9117647058824,34.0,74.0
5000.0,93,676.1052631578953,-1364.7368421052631,19.0,64.0
5100.0,93,698.4285714285719,-1393.857142857143,21.0,62.0
5200.0,93,715.4500000000006,-1424.55,20.0,66.0
5300.0,93,736.1818181818193,-1453.4545454545455,11.0,64.0
5400.0,93,751.5882352941184,-1480.0588235294117,17.0,64.0
5500.0,93,769.400000000001,-1507.2666666666667,15.0,64.0
5600.0,93,788.111111111112,-1529.9999999999998,18.0,66.0
5700.0,93,803.2000000000007,-1563.3,20.0,84.0
5800.0,93,823.8500000000007,-1589.75,20.0,80.0
5900.0,93,846.5294117647068,-1623.1176470588232,17.0,74.0
6000.0,93,863.6666666666678,-1650.416666666666,12.0,68.0
6100.0,93,885.708333333334,-1682.1249999999998,24.0,80.0
6200.0,93,895.8750000000011,-1721.3124999999995,16.0,70.0
6300.0,93,905.9000000000017,-1755.8999999999994,10.0,66.0
6400.0,93,904.3333333333339,-1796.0416666666665,24.0,64.0
6500.0,93,895.736842105264,-1833.2631578947364,19.0,62.0
6600.0,93,871.5517241379316,-1853.8275862068963,29.0,76.0
6700.0,93,848.750000000001,-1883.4999999999998,16.0,70.0
6800.0,93,832.7619047619057,-1917.285714285714,21.0,74.0
6900.0,93,818.6250000000013,-1951.3124999999995,16.0,72.0
7000.0,93,795.2857142857154,-1984.1428571428569,21.0,84.0
7100.0,93,774.2222222222246,-2022.5555555555552,9.0,64.0
7200.0,93,760.1538461538476,-2053.6923076923076,13.0,68.0
7300.0,93,743.8333333333348,-2093.2499999999995,12.0,64.0
7400.0,93,711.478260869566,-2124.4347826086955,23.0,62.0
7500.0,93,675.9473684210535,-2140.0,19.0,76.0
7600.0,93,635.565217391305,-2149.608695652174,23.0,62.0
7700.0,93,599.2608695652182,-2164.9565217391305,23.0,74.0
7800.0,93,562.7692307692321,-2190.5384615384614,13.0,68.0
7900.0,93,529.9473684210535,-2205.0526315789475,19.0,68.0
8000.0,93,491.52941176470694,-2199.0588235294117,17.0,60.0
8100.0,93,462.00000000000125,-2181.066666666667,15.0,64.0
8200.0,93,426.96153846153913,-2155.269230769231,26.0,72.0
8300.0,93,392.66666666666794,-2141.5,12.0,64.0
8400.0,93,357.4117647058834,-2123.529411764706,17.0,70.0
8500.0,93,337.65000000000094,-2097.9,20.0,76.0
8600.0,93,317.29411764705975,-2066.7647058823527,17.0,74.0
8700.0,93,297.0322580645167,-2045.4516129032256,31.0,78.0
8800.0,93,263.0769230769245,-2050.384615384615,13.0,66.0
8900.0,93,232.17391304347905,-2055.739130434782,23.0,72.0
9000.0,93,196.57142857142978,-2072.714285714285,14.0,64.0
9100.0,93,158.56250000000108,-2082.999999999999,16.0,70.0
9200.0,93,117.00000000000126,-2095.8461538461534,13.0,66.0
9300.0,93,76.90000000000086,-2099.4999999999995,20.0,68.0
9400.0,93,35.79411764705941,-2106.1176470588234,34.0,86.0
9500.0,93,0.7692307692322646,-2122.846153846153,13.0,72.0
9600.0,93,-39.49999999999833,-2137.9166666666656,12.0,60.0
9700.0,93,-78.29629629629558,-2142.9999999999995,27.0,68.0
9800.0,93,-123.31818181818079,-2148.863636363636,22.0,60.0
9900.0,93,-162.19999999999845,-2161.399999999999,15.0,70.0
10000.0,93,-198.7777777777765,-2179.055555555555,18.0,60.0
0.0,94,49.0,50.333333333333336,3.0,20.0
100.0,94,53.04166666666661,81.54166666666674,24.0,64.0
200.0,94,62.36363636363637,124.36363636363642,22.0,70.0
300.0,94,74.00000000000013,166.00000000000006,17.0,64.0
400.0,94,82.08000000000006,199.31999999999996,25.0,68.0
500.0,94,89.94736842105284,232.63157894736838,19.0,66.0
600.0,94,111.21052631578975,243.63157894736818,19.0,60.0
700.0,94,148.80000000000032,258.19999999999976,15.0,68.0
800.0,94,189.05555555555583,276.7222222222219,18.0,68.0
900.0,94,220.87500000000028,292.43749999999966,16.0,56.0
1000.0,94,255.2727272727279,311.363636363636,11.0,62.0
1100.0,94,286.1500000000003,330.7499999999998,20.0,76.0
1200.0,94,313.30769230769255,350.07692307692287,26.0,78.0
1300.0,94,352.9444444444447,361.7777777777774,18.0,76.0
1400.0,94,397.00000000000017,368.41176470588175,17.0,62.0
1500.0,94,438.28571428571445,360.928571428571,14.0,68.0
1600.0,94,477.42857142857156,330.21428571428527,14.0,62.0
1700.0,94,504.1666666666667,310.2777777777774,18.0,70.0
1800.0,94,548.4,293.8999999999997,30.0,82.0
1900.0,94,579.7058823529412,282.23529411764656,17.0,70.0
2000.0,94,616.6875,288.68749999999943,16.0,60.0
2100.0,94,652.851851851852,300.48148148148107,27.0,68.0
2200.0,94,687.8125000000001,315.1874999999995,16.0,82.0
2300.0,94,722.7,331.24999999999966,20.0,70.0
2400.0,94,759.9285714285716,348.4999999999996,14.0,72.0
2500.0,94,801.851851851852,345.03703703703684,27.0,72.0
2600.0,94,836.8000000000002,328.3599999999999,25.0,68.0
2700.0,94,868.0909090909095,304.5454545454544,22.0,78.0
2800.0,94,884.5172413793105,286.86206896551715,29.0,70.0
2900.0,94,892.0000000000002,249.53846153846126,13.0,68.0
3000.0,94,883.2857142857146,211.8571428571427,14.0,64.0
3100.0,94,870.483870967742,173.32258064516122,31.0,74.0
3200.0,94,858.7916666666667,131.95833333333326,24.0,68.0
3300.0,94,843.5,94.83333333333319,18.0,58.0
3400.0,94,825.1363636363637,64.18181818181802,22.0,76.0
3500.0,94,788.6153846153846,47.76923076923042,13.0,76.0
3600.0,94,762.2307692307693,39.07692307692257,13.0,64.0
3700.0,94,723.9310344827587,37.51724137931013,29.0,68.0
3800.0,94,690.5789473684214,29.631578947368055,19.0,64.0
3900.0,94,659.0000000000002,15.826086956521522,23.0,70.0
4000.0,94,628.2380952380955,9.571428571428296,21.0,64.0
4100.0,94,593.4210526315793,12.157894736841794,19.0,60.0
4200.0,94,552.3888888888893,9.166666666666345,18.0,66.0
4300.0,94,521.1578947368424,13.78947368421021,19.0,74.0
4400.0,94,487.9629629629632,16.703703703703408,27.0,70.0
4500.0,94,448.3000000000001,17.133333333333102,30.0,68.0
4600.0,94,410.50000000000017,21.714285714285527,28.0,68.0
4700.0,94,367.4000000000005,39.99999999999933,10.0,62.0
4800.0,94,343.71428571428584,66.85714285714265,28.0,66.0
4900.0,94,320.13333333333355,101.06666666666636,15.0,62.0
5000.0,94,301.4444444444446,129.88888888888857,18.0,68.0
5100.0,94,282.72727272727326,168.6363636363634,11.0,64.0
5200.0,94,266.6000000000006,198.9999999999997,10.0,66.0
5300.0,94,246.53571428571445,232.28571428571414,28.0,76.0
5400.0,94,228.70000000000056,269.6999999999995,10.0,64.0
5500.0,94,209.1111111111116,302.4444444444436,9.0,56.0
5600.0,94,184.71428571428618,328.21428571428515,14.0,70.0
5700.0,94,165.70000000000056,363.49999999999915,10.0,62.0
5800.0,94,146.27777777777797,398.8888888888885,18.0,72.0
5900.0,94,129.84615384615384,440.46153846153777,13.0,68.0
6000.0,94,106.23529411764692,460.9999999999995,17.0,72.0
6100.0,94,74.77272727272715,486.3636363636359,22.0,72.0
6200.0,94,40.85714285714282,508.4285714285709,14.0,64.0
6300.0,94,0.5555555555553977,519.7777777777768,9.0,56.0
6400.0,94,-35.24999999999997,530.6428571428568,28.0,80.0
6500.0,94,-62.15151515151513,545.2424242424239,33.0,74.0
6600.0,94,-99.80000000000017,549.6999999999995,20.0,62.0
6700.0,94,-138.92307692307702,551.2307692307688,26.0,66.0
6800.0,94,-175.05263157894748,563.8421052631574,19.0,64.0
6900.0,94,-216.42857142857142,574.8571428571423,21.0,64.0
7000.0,94,-251.04761904761918,583.9999999999995,21.0,70.0
7100.0,94,-292.41666666666674,594.5416666666663,24.0,76.0
7200.0,94,-336.1538461538465,605.3076923076916,13.0,64.0
7300.0,94,-375.7333333333334,625.1999999999992,15.0,62.0
7400.0,94,-416.5454545454545,638.6363636363625,11.0,66.0
7500.0,94,-451.81818181818176,653.2727272727263,11.0,64.0
7600.0,94,-489.68181818181813,669.1818181818178,22.0,70.0
7700.0,94,-531.1904761904763,685.8095238095233,21.0,66.0
7800.0,94,-546.3548387096774,697.0645161290319,31.0,70.0
7900.0,94,-555.0,732.5333333333331,30.0,76.0
8000.0,94,-566.3333333333335,769.4444444444432,9.0,60.0
8100.0,94,-588.4545454545455,795.9999999999995,22.0,68.0
8200.0,94,-611.7826086956522,827.5652173913039,23.0,68.0
8300.0,94,-625.7857142857143,857.7857142857134,14.0,72.0
8400.0,94,-647.529411764706,899.1764705882347,17.0,66.0
8500.0,94,-656.8750000000001,939.9999999999994,16.0,62.0
8600.0,94,-664.0666666666666,974.9999999999993,15.0,72.0
8700.0,94,-677.7083333333333,1017.9999999999994,24.0,64.0
8800.0,94,-691.7272727272725,1055.4999999999995,22.0,76.0
8900.0,94,-709.2307692307689,1088.0769230769222,13.0,70.0
9000.0,94,-736.3999999999995,1108.7999999999993,15.0,70.0
9100.0,94,-773.7727272727269,1120.954545454545,22.0,66.0
9200.0,94,-816.0833333333325,1133.9166666666656,12.0,66.0
9300.0,94,-850.863636363636,1148.3181818181813,22.0,58.0
9400.0,94,-882.6999999999992,1164.999999999999,10.0,68.0
9500.0,94,-921.071428571428,1153.4999999999993,14.0,62.0
9600.0,94,-949.380952380952,1134.1904761904757,21.0,60.0
9700.0,94,-978.9285714285708,1116.4285714285706,14.0,68.0
9800.0,94,-1014.1111111111109,1100.2222222222217,27.0,80.0
9900.0,94,-1046.636363636363,1081.9999999999989,11.0,66.0
10000.0,94,-1081.461538461538,1056.4615384615374,13.0,60.0
0.0,95,50.0,50.0,1.0,8.0
100.0,95,41.54166666666665,19.000000000000018,24.0,70.0
200.0,95,27.769230769230788,-15.769230769230774,13.0,66.0
300.0,95,13.384615384615559,-54.538461538461576,13.0,62.0
400.0,95,-6.928571428571232,-94.42857142857152,14.0,72.0
500.0,95,-18.199999999999875,-134.46666666666692,15.0,60.0
600.0,95,-28.59999999999991,-171.0500000000003,20.0,64.0
700.0,95,-44.2631578947367,-215.7894736842109,19.0,66.0
800.0,95,-63.05882352941159,-254.58823529411816,17.0,68.0
900.0,95,-72.12499999999979,-286.43750000000057,16.0,66.0
1000.0,95,-80.49999999999982,-327.16666666666737,12.0,62.0
1100.0,95,-105.31249999999989,-372.3125000000005,16.0,76.0
1200.0,95,-128.2142857142856,-397.2142857142864,14.0,78.0
1300.0,95,-159.5555555555555,-412.5555555555568,9.0,54.0
1400.0,95,-190.0799999999999,-432.12000000000046,25.0,72.0
1500.0,95,-230.58333333333314,-448.58333333333417,12.0,64.0
1600.0,95,-258.24999999999955,-468.2500000000008,12.0,62.0
1700.0,95,-291.63157894736815,-486.68421052631624,19.0,74.0
1800.0,95,-324.2999999999994,-499.50000000000074,10.0,58.0
1900.0,95,-356.90909090909037,-517.363636363637,11.0,66.0
2000.0,95,-393.73684210526295,-526.0526315789477,19.0,68.0
2100.0,95,-423.1176470588233,-532.2352941176473,17.0,66.0
2200.0,95,-458.3888888888884,-526.0,18.0,66.0
2300.0,95,-492.49999999999903,-514.1000000000001,10.0,64.0
2400.0,95,-530.6874999999993,-503.6250000000001,16.0,64.0
2500.0,95,-567.9642857142853,-490.67857142857156,28.0,78.0
2600.0,95,-602.4782608695646,-470.608695652174,23.0,76.0
2700.0,95,-636.1499999999993,-456.30000000000024,20.0,66.0
2800.0,95,-674.9285714285704,-441.2142857142861,14.0,78.0
2900.0,95,-709.529411764705,-420.17647058823553,17.0,64.0
3000.0,95,-744.1818181818167,-409.54545454545496,11.0,62.0
3100.0,95,-774.4666666666656,-393.466666666667,15.0,72.0
3200.0,95,-810.3529411764697,-378.35294117647084,17.0,66.0
3300.0,95,-843.8437499999995,-370.9687500000001,32.0,76.0
3400.0,95,-880.3913043478256,-353.1739130434785,23.0,78.0
3500.0,95,-909.6470588235286,-335.11764705882376,17.0,64.0
3600.0,95,-915.2962962962958,-304.5185185185186,27.0,74.0
3700.0,95,-922.2499999999994,-266.375,24.0,62.0
3800.0,95,-938.0624999999991,-230.37500000000006,16.0,62.0
3900.0,95,-952.0999999999984,-190.4,10.0,62.0
4000.0,95,-970.7777777777771,-161.85185185185185,27.0,70.0
4100.0,95,-983.0999999999995,-139.1,30.0,70.0
4200.0,95,-1004.4210526315778,-110.7894736842105,19.0,70.0
4300.0,95,-1016.9411764705869,-78.23529411764696,17.0,68.0
4400.0,95,-1043.7499999999989,-46.59999999999999,20.0,78.0
4500.0,95,-1064.2083333333323,-12.04166666666653,24.0,64.0
4600.0,95,-1082.571428571427,20.71428571428598,14.0,64.0
4700.0,95,-1099.9411764705872,61.94117647058832,17.0,64.0
4800.0,95,-1109.1999999999991,94.20000000000013,20.0,66.0
4900.0,95,-1120.2608695652166,128.73913043478268,23.0,68.0
5000.0,95,-1148.3333333333323,155.5000000000001,18.0,76.0
5100.0,95,-1176.8666666666657,167.6000000000002,15.0,62.0
5200.0,95,-1215.6818181818173,173.2727272727273,22.0,58.0
5300.0,95,-1255.3749999999993,169.00000000000006,24.0,68.0
5400.0,95,-1287.421052631578,145.4210526315791,19.0,68.0
5500.0,95,-1315.821428571428,114.64285714285717,28.0,74.0
5600.0,95,-1344.349999999999,87.19999999999996,20.0,66.0
5700.0,95,-1370.9583333333326,67.49999999999999,24.0,76.0
5800.0,95,-1409.0909090909074,48.090909090909165,11.0,68.0
5900.0,95,-1444.9166666666654,27.500000000000032,12.0,62.0
6000.0,95,-1471.9374999999989,11.000000000000078,16.0,62.0
6100.0,95,-1483.7499999999984,-22.583333333333258,12.0,62.0
6200.0,95,-1496.285714285713,-55.499999999999936,14.0,68.0
6300.0,95,-1513.999999999999,-89.52941176470583,17.0,62.0
6400.0,95,-1531.0999999999985,-123.5,10.0,66.0
6500.0,95,-1538.541666666666,-169.2916666666667,24.0,64.0
6600.0,95,-1547.749999999999,-204.3125,16.0,66.0
6700.0,95,-1562.2727272727266,-242.81818181818176,11.0,66.0
6800.0,95,-1570.2666666666662,-283.8666666666666,15.0,62.0
6900.0,95,-1587.9999999999998,-318.7058823529411,17.0,60.0
7000.0,95,-1603.7777777777774,-355.3333333333332,18.0,66.0
7100.0,95,-1612.4761904761901,-386.3809523809523,21.0,68.0
7200.0,95,-1619.8636363636363,-423.81818181818176,22.0,60.0
7300.0,95,-1627.9285714285713,-462.35714285714295,14.0,60.0
7400.0,95,-1647.2999999999997,-495.9000000000001,20.0,70.0
7500.0,95,-1662.1764705882351,-535.2352941176471,17.0,64.0
7600.0,95,-1681.0,-571.0,19.0,62.0
7700.0,95,-1701.4615384615383,-609.9230769230769,13.0,62.0
7800.0,95,-1710.2,-647.4,15.0,64.0
7900.0,95,-1728.0416666666667,-686.0833333333333,24.0,76.0
8000.0,95,-1745.7500000000005,-713.2499999999999,8.0,56.0
8100.0,95,-1764.1818181818187,-749.5454545454545,11.0,60.0
8200.0,95,-1774.7894736842106,-781.2105263157895,19.0,64.0
8300.0,95,-1785.2352941176473,-823.0588235294117,17.0,72.0
8400.0,95,-1797.3000000000002,-866.8,10.0,66.0
8500.0,95,-1805.684210526316,-904.7894736842105,19.0,70.0
8600.0,95,-1819.1111111111115,-940.4444444444446,18.0,70.0
8700.0,95,-1838.6000000000006,-980.2,10.0,66.0
8800.0,95,-1858.333333333334,-1008.888888888889,9.0,58.0
8900.0,95,-1878.5833333333335,-1042.3333333333335,24.0,72.0
9000.0,95,-1895.3333333333335,-1074.857142857143,21.0,70.0
9100.0,95,-1912.3200000000002,-1108.7600000000002,25.0,64.0
9200.0,95,-1931.4210526315794,-1140.0526315789475,19.0,68.0
9300.0,95,-1967.461538461539,-1161.769230769231,13.0,62.0
9400.0,95,-2003.4375000000005,-1184.2500000000002,16.0,64.0
9500.0,95,-2047.846153846154,-1200.8461538461538,26.0,84.0
9600.0,95,-2084.7647058823536,-1206.5294117647059,17.0,60.0
9700.0,95,-2119.9629629629635,-1202.0,27.0,68.0
9800.0,95,-2161.0000000000005,-1204.125,24.0,66.0
9900.0,95,-2193.6000000000004,-1206.72,25.0,72.0
10000.0,95,-2230.333333333334,-1209.6666666666667,15.0,60.0
0.0,96,49.666666666666664,49.833333333333336,6.0,38.0
100.0,96,35.066666666666755,27.99999999999993,30.0,78.0
200.0,96,14.900000000000023,-4.050000000000097,20.0,68.0
300.0,96,-8.444444444444542,-34.33333333333351,18.0,64.0
400.0,96,-26.900000000000233,-70.4500000000003,20.0,72.0
500.0,96,-49.142857142857466,-95.04761904761938,21.0,72.0
600.0,96,-82.23809523809567,-117.38095238095268,21.0,64.0
700.0,96,-117.09090909090946,-137.6363636363638,22.0,70.0
800.0,96,-149.56666666666706,-154.1000000000001,30.0,68.0
900.0,96,-184.72727272727374,-169.63636363636408,11.0,66.0
1000.0,96,-210.4500000000006,-197.10000000000022,20.0,62.0
1100.0,96,-245.04545454545524,-216.40909090909116,22.0,64.0
1200.0,96,-273.1818181818197,-228.6363636363641,11.0,66.0
1300.0,96,-304.0476190476199,-255.04761904761926,21.0,62.0
1400.0,96,-320.22222222222405,-289.5555555555563,9.0,54.0
1500.0,96,-341.8823529411775,-323.7058823529416,17.0,60.0
1600.0,96,-360.3529411764716,-355.117647058824,17.0,60.0
1700.0,96,-381.0588235294129,-391.11764705882393,17.0,74.0
1800.0,96,-400.50000000000074,-417.3000000000004,20.0,72.0
1900.0,96,-414.09090909091054,-449.0909090909097,11.0,62.0
2000.0,96,-431.35714285714397,-484.1428571428577,14.0,62.0
2100.0,96,-450.81818181818306,-519.7272727272731,11.0,66.0
2200.0,96,-479.88461538461615,-547.7307692307693,26.0,68.0
2300.0,96,-510.0588235294129,-571.2941176470589,17.0,64.0
2400.0,96,-545.8333333333344,-586.666666666667,18.0,66.0
2500.0,96,-579.8333333333347,-597.2500000000005,12.0,62.0
2600.0,96,-599.4400000000007,-619.7600000000002,25.0,72.0
2700.0,96,-613.384615384617,-654.692307692308,13.0,62.0
2800.0,96,-626.3157894736853,-688.7368421052635,19.0,66.0
2900.0,96,-641.900000000002,-725.7000000000005,10.0,64.0
3000.0,96,-653.0833333333342,-750.6250000000001,24.0,62.0
3100.0,96,-672.0000000000017,-788.3000000000002,10.0,58.0
3200.0,96,-692.5882352941186,-814.4117647058824,17.0,64.0
3300.0,96,-716.9259259259265,-850.7407407407408,27.0,76.0
3400.0,96,-731.0000000000009,-880.3684210526316,19.0,66.0
3500.0,96,-747.8095238095245,-913.3333333333333,21.0,70.0
3600.0,96,-766.3636363636376,-959.0909090909091,11.0,72.0
3700.0,96,-789.9500000000007,-990.0,20.0,60.0
3800.0,96,-817.545454545456,-1031.7272727272727,11.0,64.0
3900.0,96,-845.4722222222226,-1058.8055555555557,36.0,78.0
4000.0,96,-869.5000000000007,-1084.0000000000002,26.0,70.0
4100.0,96,-887.6000000000017,-1113.6000000000004,10.0,64.0
4200.0,96,-918.6000000000007,-1134.5600000000002,25.0,68.0
4300.0,96,-957.8461538461553,-1149.0769230769233,13.0,62.0
4400.0,96,-999.454545454547,-1167.727272727273,11.0,58.0
4500.0,96,-1034.1818181818198,-1187.181818181819,11.0,70.0
4600.0,96,-1066.3636363636376,-1205.9090909090917,11.0,64.0
4700.0,96,-1100.8181818181824,-1232.6818181818187,22.0,58.0
4800.0,96,-1130.4838709677424,-1251.8064516129036,31.0,78.0
4900.0,96,-1165.9375000000011,-1270.3125000000007,16.0,62.0
5000.0,96,-1194.4814814814822,-1283.444444444445,27.0,72.0
5100.0,96,-1225.454545454547,-1299.9090909090921,11.0,66.0
5200.0,96,-1263.400000000001,-1323.4000000000008,15.0,66.0
5300.0,96,-1293.1200000000006,-1353.8000000000004,25.0,80.0
5400.0,96,-1329.2307692307702,-1370.076923076924,13.0,64.0
5500.0,96,-1370.7272727272734,-1386.181818181819,22.0,76.0
5600.0,96,-1405.1176470588243,-1397.941176470589,17.0,80.0
5700.0,96,-1431.3846153846164,-1414.7692307692319,13.0,60.0
5800.0,96,-1462.0666666666675,-1435.4666666666676,15.0,72.0
5900.0,96,-1490.3157894736848,-1458.1052631578955,19.0,66.0
6000.0,96,-1526.2727272727284,-1471.0000000000011,11.0,62.0
6100.0,96,-1566.5833333333346,-1488.666666666668,12.0,66.0
6200.0,96,-1597.8000000000009,-1513.4666666666678,15.0,62.0
6300.0,96,-1631.4117647058831,-1526.6470588235304,17.0,58.0
6400.0,96,-1671.0000000000005,-1532.0555555555566,18.0,82.0
6500.0,96,-1706.0909090909095,-1547.3636363636372,22.0,70.0
6600.0,96,-1740.0454545454547,-1564.6363636363642,22.0,64.0
6700.0,96,-1769.666666666667,-1576.8666666666675,15.0,72.0
6800.0,96,-1797.1333333333334,-1591.2666666666678,15.0,70.0
6900.0,96,-1825.7142857142858,-1604.9285714285725,14.0,74.0
7000.0,96,-1856.0526315789473,-1623.2105263157903,19.0,80.0
7100.0,96,-1891.1764705882354,-1632.8823529411773,17.0,72.0
7200.0,96,-1931.2857142857142,-1648.7857142857151,14.0,58.0
7300.0,96,-1975.6153846153845,-1672.153846153847,13.0,54.0
7400.0,96,-2005.0526315789473,-1688.2105263157903,19.0,64.0
7500.0,96,-2042.3124999999998,-1697.625000000001,16.0,66.0
7600.0,96,-2083.157894736842,-1701.5789473684217,19.0,64.0
7700.0,96,-2116.4999999999995,-1698.3333333333346,12.0,66.0
7800.0,96,-2154.157894736842,-1684.4210526315796,19.0,70.0
7900.0,96,-2189.8888888888887,-1674.9444444444453,18.0,74.0
8000.0,96,-2226.9999999999995,-1661.333333333334,18.0,64.0
8100.0,96,-2256.285714285714,-1646.7142857142862,28.0,64.0
8200.0,96,-2289.85,-1631.0500000000006,20.0,66.0
8300.0,96,-2315.2222222222217,-1603.333333333334,18.0,62.0
8400.0,96,-2345.181818181818,-1585.363636363637,22.0,78.0
8500.0,96,-2383.142857142857,-1574.4285714285722,14.0,62.0
8600.0,96,-2418.5999999999995,-1564.100000000001,10.0,64.0
8700.0,96,-2451.828571428571,-1547.2000000000003,35.0,74.0
8800.0,96,-2485.0,-1532.1428571428582,14.0,58.0
8900.0,96,-2524.9473684210525,-1522.105263157896,19.0,68.0
9000.0,96,-2561.416666666666,-1513.583333333335,12.0,64.0
9100.0,96,-2599.166666666666,-1501.7500000000018,12.0,64.0
9200.0,96,-2623.3999999999996,-1500.800000000001,20.0,72.0
9300.0,96,-2664.9,-1499.7000000000012,20.0,66.0
9400.0,96,-2709.4583333333335,-1489.875000000001,24.0,72.0
9500.0,96,-2751.285714285714,-1481.4761904761915,21.0,64.0
9600.0,96,-2791.2608695652175,-1472.8260869565227,23.0,76.0
9700.0,96,-2829.3199999999997,-1466.920000000001,25.0,74.0
9800.0,96,-2866.318181818182,-1463.3636363636374,22.0,64.0
9900.0,96,-2910.3333333333335,-1463.9166666666677,24.0,64.0
10000.0,96,-2950.181818181818,-1463.0454545454556,22.0,56.0
0.0,97,50.0,49.75,4.0,26.0
100.0,97,52.850000000000236,13.450000000000063,20.0,72.0
200.0,97,60.85000000000018,-24.74999999999973,20.0,66.0
300.0,97,69.483870967742,-62.70967741935452,31.0,76.0
400.0,97,77.09090909090918,-100.90909090909004,11.0,64.0
500.0,97,94.95238095238098,-134.95238095238045,21.0,78.0
600.0,97,120.4444444444443,-173.88888888888843,18.0,72.0
700.0,97,142.83333333333317,-201.16666666666623,18.0,66.0
800.0,97,159.3571428571426,-240.428571428571,14.0,64.0
900.0,97,165.51724137931018,-274.1724137931032,29.0,66.0
1000.0,97,171.7999999999997,-310.99999999999943,15.0,62.0
1100.0,97,191.88888888888863,-340.944444444444,18.0,58.0
1200.0,97,210.78571428571414,-368.892857142857,28.0,76.0
1300.0,97,230.16666666666617,-402.74999999999955,12.0,68.0
1400.0,97,266.21428571428555,-422.8928571428569,28.0,84.0
1500.0,97,299.6666666666663,-446.4166666666665,12.0,66.0
1600.0,97,327.4615384615381,-463.8461538461537,13.0,72.0
1700.0,97,362.3333333333328,-476.58333333333314,12.0,68.0
1800.0,97,402.3124999999996,-494.8749999999999,16.0,62.0
1900.0,97,435.4999999999995,-509.69999999999965,10.0,64.0
2000.0,97,450.5263157894736,-534.9999999999998,19.0,66.0
2100.0,97,479.5789473684209,-555.5789473684208,19.0,68.0
2200.0,97,511.15999999999985,-563.1999999999998,25.0,70.0
2300.0,97,551.1000000000001,-568.8,20.0,70.0
2400.0,97,584.6521739130436,-581.9130434782606,23.0,70.0
2500.0,97,626.3571428571431,-605.4999999999998,14.0,58.0
2600.0,97,662.444444444445,-625.222222222222,9.0,58.0
2700.0,97,691.571428571429,-637.5714285714286,14.0,64.0
2800.0,97,728.6153846153849,-649.5,26.0,70.0
2900.0,97,761.8928571428575,-658.1428571428571,28.0,66.0
3000.0,97,800.6666666666671,-661.952380952381,21.0,68.0
3100.0,97,834.7500000000005,-675.4166666666665,12.0,64.0
3200.0,97,867.608695652174,-693.7391304347825,23.0,64.0
3300.0,97,897.3846153846157,-710.6153846153845,13.0,76.0
3400.0,97,929.2857142857146,-724.5714285714283,14.0,60.0
3500.0,97,965.9500000000002,-734.5499999999998,20.0,70.0
3600.0,97,1004.0714285714287,-737.2499999999999,28.0,72.0
3700.0,97,1037.2105263157896,-751.7105263157894,38.0,82.0
3800.0,97,1078.8000000000006,-771.3999999999994,10.0,64.0
3900.0,97,1109.2500000000005,-791.4999999999997,12.0,58.0
4000.0,97,1134.7727272727275,-811.9999999999998,22.0,72.0
4100.0,97,1166.5806451612905,-833.7419354838707,31.0,74.0
4200.0,97,1202.090909090909,-848.2727272727269,22.0,70.0
4300.0,97,1238.1923076923076,-858.1923076923072,26.0,78.0
4400.0,97,1277.086956521739,-867.1739130434777,23.0,70.0
4500.0,97,1319.0454545454543,-874.9999999999994,22.0,78.0
4600.0,97,1334.0499999999997,-906.9499999999995,20.0,70.0
4700.0,97,1350.153846153846,-939.9999999999993,13.0,74.0
4800.0,97,1363.7391304347825,-970.652173913043,23.0,60.0
4900.0,97,1371.4166666666665,-1011.0833333333326,12.0,64.0
5000.0,97,1386.2857142857142,-1042.190476190476,21.0,64.0
5100.0,97,1391.96,-1081.3199999999997,25.0,62.0
5200.0,97,1401.04,-1114.6,25.0,68.0
5300.0,97,1404.3000000000002,-1140.9999999999998,20.0,62.0
5400.0,97,1409.5384615384614,-1182.7692307692307,13.0,66.0
5500.0,97,1429.409090909091,-1208.8636363636363,22.0,64.0
5600.0,97,1443.2,-1245.7499999999998,20.0,66.0
5700.0,97,1447.1875,-1289.9062499999998,32.0,72.0
5800.0,97,1451.3,-1329.6499999999996,20.0,68.0
5900.0,97,1469.96875,-1368.3749999999998,32.0,84.0
6000.0,97,1487.857142857143,-1397.1904761904761,21.0,62.0
6100.0,97,1506.9583333333333,-1430.25,24.0,66.0
6200.0,97,1520.7647058823527,-1461.235294117647,17.0,68.0
6300.0,97,1518.2068965517242,-1501.9310344827584,29.0,72.0
6400.0,97,1518.9999999999998,-1541.6666666666665,12.0,62.0
6500.0,97,1520.6190476190475,-1582.5714285714284,21.0,62.0
6600.0,97,1515.6399999999999,-1621.9999999999998,25.0,64.0
6700.0,97,1494.103448275862,-1658.9999999999998,29.0,76.0
6800.0,97,1468.5454545454545,-1673.0909090909088,22.0,70.0
6900.0,97,1446.4285714285716,-1694.5357142857142,28.0,72.0
7000.0,97,1431.5833333333335,-1728.9166666666663,12.0,68.0
7100.0,97,1425.0400000000002,-1766.8799999999999,25.0,66.0
7200.0,97,1403.451612903226,-1793.516129032258,31.0,68.0
7300.0,97,1362.2000000000007,-1814.2,10.0,64.0
7400.0,97,1328.0000000000007,-1836.1,10.0,64.0
7500.0,97,1304.9375000000002,-1873.34375,32.0,76.0
7600.0,97,1283.2916666666672,-1901.375,24.0,76.0
7700.0,97,1262.533333333334,-1930.3333333333333,15.0,64.0
7800.0,97,1243.9333333333338,-1957.3999999999996,15.0,60.0
7900.0,97,1228.3750000000005,-1976.3124999999998,16.0,62.0
8000.0,97,1189.41935483871,-1990.1612903225805,31.0,70.0
8100.0,97,1155.7500000000005,-2010.958333333333,24.0,58.0
8200.0,97,1124.437500000001,-2033.7499999999998,16.0,66.0
8300.0,97,1084.7000000000012,-2046.0999999999995,10.0,66.0
8400.0,97,1047.5897435897439,-2057.153846153846,39.0,80.0
8500.0,97,1010.4375000000007,-2063.375,16.0,66.0
8600.0,97,983.6086956521744,-2090.695652173913,23.0,62.0
8700.0,97,949.8461538461543,-2114.7692307692305,26.0,70.0
8800.0,97,916.323529411765,-2130.2941176470586,34.0,76.0
8900.0,97,877.2105263157902,-2143.2105263157896,19.0,80.0
9000.0,97,841.166666666668,-2163.8333333333335,12.0,62.0
9100.0,97,805.1666666666675,-2176.0,18.0,64.0
9200.0,97,766.437500000001,-2190.875,16.0,58.0
9300.0,97,724.9444444444454,-2202.055555555555,18.0,70.0
9400.0,97,690.357142857144,-2205.8571428571427,14.0,70.0
9500.0,97,657.0000000000007,-2215.192307692307,26.0,66.0
9600.0,97,621.9166666666681,-2222.916666666666,12.0,68.0
9700.0,97,596.5714285714295,-2248.7142857142853,21.0,66.0
9800.0,97,583.1000000000017,-2287.599999999999,10.0,60.0
9900.0,97,564.5833333333347,-2318.8333333333326,12.0,64.0
10000.0,97,539.5714285714297,-2351.6428571428564,14.0,60.0
0.0,98,49.0,49.0,3.0,20.0
100.0,98,44.28571428571435,13.714285714285687,21.0,62.0
200.0,98,32.75000000000014,-24.500000000000085,16.0,70.0
300.0,98,13.285714285714382,-48.21428571428591,28.0,70.0
400.0,98,-16.37931034482746,-79.4827586206899,29.0,76.0
500.0,98,-54.46153846153827,-98.30769230769317,13.0,50.0
600.0,98,-87.79999999999984,-113.86666666666743,15.0,74.0
700.0,98,-126.64705882352922,-132.05882352941245,17.0,70.0
800.0,98,-164.70370370370338,-153.88888888888928,27.0,68.0
900.0,98,-200.24999999999926,-168.66666666666745,12.0,64.0
1000.0,98,-242.2799999999996,-176.9200000000004,25.0,64.0
1100.0,98,-279.18518518518476,-197.81481481481512,27.0,72.0
1200.0,98,-309.3571428571419,-218.07142857142924,14.0,60.0
1300.0,98,-342.0909090909085,-234.27272727272776,22.0,80.0
1400.0,98,-377.7142857142846,-247.2857142857149,14.0,64.0
1500.0,98,-407.92307692307634,-268.9615384615388,26.0,72.0
1600.0,98,-427.6428571428561,-298.7857142857148,14.0,64.0
1700.0,98,-443.7272727272712,-338.363636363637,11.0,68.0
1800.0,98,-451.0588235294107,-380.00000000000045,17.0,68.0
1900.0,98,-452.46666666666596,-420.76666666666694,30.0,68.0
2000.0,98,-459.1666666666655,-457.3333333333339,18.0,64.0
2100.0,98,-459.4827586206889,-496.27586206896575,29.0,82.0
2200.0,98,-463.6451612903219,-537.935483870968,31.0,70.0
2300.0,98,-473.7727272727262,-577.4545454545457,22.0,64.0
2400.0,98,-495.4615384615366,-605.6153846153851,13.0,60.0
2500.0,98,-526.363636363634,-625.9090909090914,11.0,66.0
2600.0,98,-562.9166666666656,-635.8333333333335,24.0,68.0
2700.0,98,-595.7058823529396,-658.0000000000002,17.0,78.0
2800.0,98,-608.7777777777749,-686.4444444444451,9.0,60.0
2900.0,98,-624.1818181818157,-722.8181818181822,11.0,64.0
3000.0,98,-638.1999999999986,-754.9000000000003,20.0,60.0
3100.0,98,-656.5384615384594,-791.5384615384619,13.0,64.0
3200.0,98,-673.7083333333321,-828.6666666666669,24.0,78.0
3300.0,98,-688.7931034482749,-855.6206896551726,29.0,80.0
3400.0,98,-700.4666666666651,-898.2,15.0,70.0
3500.0,98,-718.4999999999975,-937.8000000000001,10.0,62.0
3600.0,98,-745.4999999999989,-971.75,24.0,78.0
3700.0,98,-772.0476190476179,-1002.1428571428571,21.0,70.0
3800.0,98,-790.4444444444431,-1041.0,18.0,68.0
3900.0,98,-812.3333333333306,-1080.6666666666665,9.0,58.0
4000.0,98,-819.0624999999986,-1113.6875,16.0,62.0
4100.0,98,-820.8749999999986,-1153.4375,16.0,70.0
4200.0,98,-820.7499999999982,-1195.9999999999995,12.0,62.0
4300.0,98,-825.7499999999982,-1232.8333333333333,12.0,64.0
4400.0,98,-833.0416666666656,-1269.9999999999998,24.0,74.0
4500.0,98,-851.1499999999988,-1306.6999999999998,20.0,70.0
4600.0,98,-880.7647058823516,-1323.7647058823527,17.0,74.0
4700.0,98,-916.8571428571421,-1340.2857142857142,28.0,74.0
4800.0,98,-950.3749999999989,-1351.8749999999998,16.0,58.0
4900.0,98,-987.6363636363628,-1363.7727272727268,22.0,58.0
5000.0,98,-1015.4999999999987,-1385.6249999999995,16.0,64.0
5100.0,98,-1039.7586206896544,-1415.2758620689654,29.0,76.0
5200.0,98,-1051.2499999999989,-1452.6249999999995,16.0,70.0
5300.0,98,-1058.6666666666652,-1490.9999999999993,12.0,66.0
5400.0,98,-1068.272727272726,-1523.5454545454536,11.0,72.0
5500.0,98,-1102.937499999999,-1551.5624999999993,16.0,70.0
5600.0,98,-1128.2941176470579,-1572.4117647058818,17.0,66.0
5700.0,98,-1141.124999999999,-1617.2499999999993,16.0,52.0
5800.0,98,-1158.307692307691,-1653.0769230769224,13.0,62.0
5900.0,98,-1182.9999999999989,-1692.5624999999995,16.0,64.0
6000.0,98,-1200.5909090909083,-1731.8181818181813,22.0,82.0
6100.0,98,-1224.2499999999986,-1756.5833333333323,12.0,66.0
6200.0,98,-1256.8499999999995,-1781.4999999999993,20.0,64.0
6300.0,98,-1291.7647058823522,-1796.058823529411,17.0,60.0
6400.0,98,-1331.727272727272,-1809.3181818181813,22.0,70.0
6500.0,98,-1368.1249999999995,-1825.0312499999995,32.0,82.0
6600.0,98,-1398.2499999999993,-1843.1499999999992,20.0,64.0
6700.0,98,-1432.0999999999985,-1859.4999999999984,10.0,64.0
6800.0,98,-1467.1999999999996,-1870.7428571428568,35.0,76.0
6900.0,98,-1513.6818181818173,-1869.2727272727266,22.0,62.0
7000.0,98,-1545.7916666666658,-1852.6249999999993,24.0,82.0
7100.0,98,-1569.9999999999986,-1818.9999999999989,14.0,64.0
7200.0,98,-1584.7826086956516,-1779.6521739130428,23.0,64.0
7300.0,98,-1605.3571428571424,-1756.2499999999993,28.0,66.0
7400.0,98,-1636.045454545454,-1731.999999999999,22.0,62.0
7500.0,98,-1669.9999999999984,-1710.4999999999984,10.0,66.0
7600.0,98,-1685.1818181818167,-1681.8181818181802,11.0,66.0
7700.0,98,-1718.499999999999,-1658.2222222222213,18.0,70.0
7800.0,98,-1734.5454545454531,-1622.454545454544,11.0,62.0
7900.0,98,-1750.677419354838,-1587.903225806451,31.0,78.0
8000.0,98,-1762.833333333332,-1557.8333333333314,12.0,64.0
8100.0,98,-1769.4615384615372,-1515.4615384615367,13.0,64.0
8200.0,98,-1789.1818181818169,-1486.1818181818162,11.0,62.0
8300.0,98,-1811.9230769230758,-1451.0769230769215,13.0,64.0
8400.0,98,-1834.6071428571424,-1421.5357142857135,28.0,76.0
8500.0,98,-1847.9999999999993,-1382.4090909090899,22.0,66.0
8600.0,98,-1866.7499999999989,-1345.4999999999982,12.0,64.0
8700.0,98,-1871.2592592592587,-1302.5185185185176,27.0,70.0
8800.0,98,-1877.4230769230762,-1256.923076923076,26.0,66.0
8900.0,98,-1884.384615384614,-1223.9999999999982,13.0,66.0
9000.0,98,-1912.7142857142849,-1204.4285714285702,21.0,68.0
9100.0,98,-1951.7499999999989,-1193.4374999999982,16.0,68.0
9200.0,98,-1990.076923076922,-1177.8461538461515,13.0,64.0
9300.0,98,-2020.9333333333323,-1158.7333333333315,15.0,74.0
9400.0,98,-2058.363636363635,-1138.8181818181795,11.0,62.0
9500.0,98,-2084.999999999998,-1105.6249999999964,8.0,52.0
9600.0,98,-2102.433333333333,-1070.9333333333325,30.0,78.0
9700.0,98,-2115.687499999999,-1039.2499999999984,16.0,60.0
9800.0,98,-2136.35294117647,-1001.5294117647044,17.0,64.0
9900.0,98,-2151.888888888888,-966.1111111111097,18.0,68.0
10000.0,98,-2157.9677419354834,-934.0967741935475,31.0,72.0
0.0,99,50.5,49.5,2.0,14.0
100.0,99,78.71428571428574,30.619047619047684,21.0,70.0
200.0,99,110.33333333333344,14.133333333333432,15.0,64.0
300.0,99,143.48000000000008,-2.0399999999999636,25.0,68.0
400.0,99,182.06250000000003,-7.71875,32.0,66.0
500.0,99,218.6538461538462,-19.423076923076835,26.0,64.0
600.0,99,259.16666666666674,-44.055555555555244,18.0,76.0
700.0,99,300.65384615384613,-56.499999999999694,26.0,72.0
800.0,99,345.57894736842104,-71.5789473684206,19.0,62.0
900.0,99,380.58333333333354,-87.58333333333267,12.0,68.0
1000.0,99,406.5909090909092,-112.27272727272691,22.0,62.0
1100.0,99,434.1818181818185,-130.36363636363535,11.0,56.0
1200.0,99,462.23529411764736,-154.58823529411694,17.0,74.0
1300.0,99,482.89655172413825,-181.58620689655126,29.0,74.0
1400.0,99,501.75000000000074,-221.99999999999886,12.0,62.0
1500.0,99,518.7727272727276,-258.22727272727224,22.0,66.0
1600.0,99,533.4230769230772,-295.9999999999996,26.0,74.0
1700.0,99,557.4666666666675,-334.9999999999993,15.0,74.0
1800.0,99,590.4615384615392,-353.7692307692299,13.0,60.0
1900.0,99,633.6666666666671,-362.9583333333328,24.0,66.0
2000.0,99,668.2000000000004,-373.49999999999943,20.0,66.0
2100.0,99,703.5000000000003,-392.85714285714187,14.0,64.0
2200.0,99,738.8000000000003,-402.73333333333244,15.0,62.0
2300.0,99,750.2333333333335,-431.63333333333276,30.0,68.0
2400.0,99,756.1818181818182,-469.45454545454385,11.0,66.0
2500.0,99,783.0303030303031,-497.545454545454,33.0,74.0
2600.0,99,813.0714285714289,-517.5714285714272,14.0,60.0
2700.0,99,844.3000000000002,-530.6499999999991,20.0,72.0
2800.0,99,878.6956521739132,-551.2608695652166,23.0,70.0
2900.0,99,899.2333333333336,-572.3333333333328,30.0,80.0
3000.0,99,932.6818181818186,-596.2727272727266,22.0,72.0
3100.0,99,968.4000000000005,-612.1999999999991,20.0,74.0
3200.0,99,1000.6500000000004,-630.0499999999992,20.0,80.0
3300.0,99,1039.4722222222226,-655.7222222222218,36.0,78.0
3400.0,99,1063.5000000000005,-683.26923076923,26.0,68.0
3500.0,99,1082.611111111112,-720.2222222222213,18.0,72.0
3600.0,99,1096.0000000000007,-754.666666666666,21.0,66.0
3700.0,99,1110.7096774193553,-795.2903225806447,31.0,70.0
3800.0,99,1124.9411764705892,-827.9999999999992,17.0,62.0
3900.0,99,1138.111111111112,-862.055555555555,18.0,76.0
4000.0,99,1162.1200000000008,-892.0799999999996,25.0,70.0
4100.0,99,1184.7419354838717,-913.5161290322577,31.0,76.0
4200.0,99,1210.4230769230776,-940.2692307692304,26.0,74.0
4300.0,99,1244.615384615386,-963.8461538461532,13.0,66.0
4400.0,99,1277.181818181819,-985.2727272727269,22.0,64.0
4500.0,99,1308.3333333333353,-1006.6666666666658,9.0,64.0
4600.0,99,1330.6500000000008,-1044.0499999999995,20.0,68.0
4700.0,99,1354.0000000000007,-1062.5238095238092,21.0,68.0
4800.0,99,1389.8823529411773,-1068.647058823529,17.0,60.0
4900.0,99,1427.5000000000014,-1088.3999999999992,10.0,60.0
5000.0,99,1464.0000000000007,-1103.8749999999995,16.0,70.0
5100.0,99,1484.3750000000007,-1128.1249999999995,16.0,66.0
5200.0,99,1489.6500000000003,-1167.4499999999996,20.0,62.0
5300.0,99,1485.4375000000005,-1207.7499999999995,16.0,66.0
5400.0,99,1471.583333333334,-1242.166666666666,12.0,70.0
5500.0,99,1456.526315789474,-1276.9473684210523,19.0,66.0
5600.0,99,1442.1428571428573,-1305.7619047619044,21.0,70.0
5700.0,99,1414.7727272727275,-1327.6363636363633,22.0,70.0
5800.0,99,1383.2500000000005,-1331.3124999999993,16.0,68.0
5900.0,99,1345.2500000000005,-1334.4374999999993,16.0,64.0
6000.0,99,1310.0322580645163,-1328.9354838709673,31.0,68.0
6100.0,99,1272.263157894737,-1318.947368421052,19.0,66.0
6200.0,99,1241.4444444444446,-1301.4444444444432,9.0,60.0
6300.0,99,1209.875,-1281.291666666666,24.0,74.0
6400.0,99,1176.5,-1262.2083333333328,24.0,80.0
6500.0,99,1144.6315789473686,-1245.8421052631572,19.0,64.0
6600.0,99,1105.2222222222224,-1230.7777777777762,9.0,64.0
6700.0,99,1068.842105263158,-1218.7368421052624,19.0,66.0
6800.0,99,1027.8823529411766,-1200.294117647058,17.0,72.0
6900.0,99,988.2105263157897,-1180.78947368421,19.0,52.0
7000.0,99,956.5714285714289,-1162.357142857142,14.0,66.0
7100.0,99,922.9629629629632,-1155.1481481481476,27.0,72.0
7200.0,99,883.8888888888891,-1144.666666666666,18.0,66.0
7300.0,99,857.6800000000002,-1121.3599999999994,25.0,74.0
7400.0,99,831.2857142857144,-1085.0476190476184,21.0,76.0
7500.0,99,813.2352941176472,-1044.8823529411757,17.0,76.0
7600.0,99,793.857142857143,-1007.2142857142849,14.0,64.0
7700.0,99,780.6400000000001,-966.9999999999995,25.0,68.0
7800.0,99,749.2727272727275,-941.7272727272723,22.0,68.0
7900.0,99,717.3000000000004,-919.0999999999992,10.0,64.0
8000.0,99,684.294117647059,-902.8235294117644,17.0,52.0
8100.0,99,658.2500000000003,-883.4999999999994,8.0,50.0
8200.0,99,614.3125000000002,-877.1874999999995,16.0,68.0
8300.0,99,572.9411764705884,-865.4117647058818,17.0,66.0
8400.0,99,538.6000000000001,-850.7999999999994,15.0,62.0
8500.0,99,498.6842105263159,-844.8947368421049,19.0,58.0
8600.0,99,459.51724137931035,-845.4827586206893,29.0,74.0
8700.0,99,423.6363636363635,-848.7727272727268,22.0,66.0
8800.0,99,381.37500000000006,-849.0416666666663,24.0,62.0
8900.0,99,345.6875,-842.4999999999993,16.0,72.0
9000.0,99,321.2608695652173,-814.8695652173908,23.0,70.0
9100.0,99,309.8571428571428,-774.9047619047614,21.0,68.0
9200.0,99,303.1874999999996,-735.5624999999993,16.0,62.0
9300.0,99,286.7647058823526,-702.5882352941171,17.0,68.0
9400.0,99,266.07142857142804,-665.1428571428563,14.0,54.0
9500.0,99,262.19047619047586,-623.3333333333328,21.0,66.0
9600.0,99,259.9374999999999,-584.4687499999995,32.0,78.0
9700.0,99,252.27272727272702,-545.6363636363624,11.0,64.0
9800.0,99,236.74999999999972,-508.3333333333321,12.0,66.0
9900.0,99,224.4444444444443,-474.88888888888806,18.0,64.0
10000.0,99,208.9999999999996,-438.9999999999984,9.0,56.0