time,id,com_1,com_2,area,surface
0,1,49.5,50,2,14
100,1,51.3225806451613,47.6774193548387,31,62
200,1,54.3333333333333,43.1515151515151,33,64
300,1,56.75,38.09375,32,62
400,1,59.3428571428571,33.0571428571429,35,66
500,1,60.0606060606061,28.030303030303,33,64
600,1,64.9354838709678,26.6451612903226,31,62
700,1,68.8484848484848,32.8787878787879,33,64
800,1,70.4545454545455,29.7272727272727,33,64
900,1,66.030303030303,28.7272727272727,33,66
1000,1,61.7272727272727,32.1515151515151,33,62
1100,1,59,35.1818181818182,33,66
1200,1,62.7428571428572,33.8571428571428,35,66
1300,1,69.3529411764706,29.7058823529412,34,64
1400,1,73.7575757575758,27.8484848484848,33,66
1500,1,74.8235294117647,33.7058823529412,34,64
1600,1,71.8787878787879,38.969696969697,33,64
1700,1,67.3030303030303,43.2424242424243,33,62
1800,1,62.5,46,34,62
1900,1,57.6666666666667,47.1818181818182,33,64
2000,1,54.75,49.8125,32,62
2100,1,55.6111111111111,51.8888888888889,36,66
2200,1,59.7352941176471,56,34,62
2300,1,64.125,59.125,32,64
2400,1,68.5757575757576,58.9090909090909,33,64
2500,1,70.4411764705882,54.2941176470588,34,64
2600,1,73.9090909090909,51.4848484848485,33,62
2700,1,73.1818181818182,45.8787878787879,33,66
2800,1,69.5,40.9117647058824,34,66
2900,1,65.34375,40.28125,32,62
3000,1,61.8235294117647,43.8235294117647,34,64
3100,1,61,48.6363636363636,33,64
3200,1,59.84375,54.71875,32,64
3300,1,56.625,54.625,32,62
3400,1,53.7096774193548,57.1290322580645,31,64
3500,1,53.2727272727273,61.6666666666667,33,64
3600,1,56.6129032258064,61.2258064516129,31,62
3700,1,59.030303030303,57.4848484848485,33,64
3800,1,63.8064516129032,53.3548387096774,31,62
3900,1,68.3823529411765,51.9705882352941,34,66
4000,1,74.8529411764706,49.4411764705882,34,66
4100,1,79.5,48.3529411764706,34,64
4200,1,81.7647058823529,41.7647058823529,34,66
4300,1,83.9375,39.21875,32,64
4400,1,83.2258064516129,35.7096774193548,31,64
4500,1,85.2121212121212,29.969696969697,33,64
4600,1,80.4516129032258,28.1612903225806,31,66
4700,1,76.9411764705882,24.3529411764706,34,64
4800,1,79.516129032258,20.5161290322581,31,62
4900,1,82,17.3235294117647,34,64
5000,1,88.5588235294118,14.5,34,66
5100,1,91.71875,14.25,32,62
5200,1,94.7272727272727,9.90909090909091,33,64
5300,1,91.1290322580645,7.19354838709677,31,64
5400,1,89.1935483870968,2.64516129032258,31,60
5500,1,85.6666666666667,-0.484848484848484,33,64
5600,1,80.6060606060606,-3,33,64
5700,1,74.9714285714286,-4.2285714285714,35,66
5800,1,69.1764705882353,-6.17647058823532,34,62
5900,1,65.4545454545455,-5.27272727272728,33,64
6000,1,62.0967741935484,-5.83870967741936,31,62
6100,1,54.3125,-1.46875,32,64
6200,1,50.0882352941177,-6.23529411764706,34,64
6300,1,47.2121212121212,-11.6969696969697,33,66
6400,1,39.7878787878788,-16.0909090909091,33,62
6500,1,35.5454545454546,-18.3030303030303,33,64
6600,1,32.28125,-22.71875,32,62
6700,1,29.030303030303,-26.9090909090909,33,64
6800,1,27.9411764705882,-32.9411764705882,34,64
6900,1,26.2352941176471,-37.5294117647059,34,64
7000,1,22.4848484848485,-38.969696969697,33,64
7100,1,15.7428571428571,-35.1142857142857,35,64
7200,1,13.21875,-40.78125,32,64
7300,1,7.64705882352941,-41.5,34,64
7400,1,1.65625,-41.09375,32,62
7500,1,-3.90909090909092,-43.7575757575758,33,62
7600,1,-6.23529411764704,-44.0882352941177,34,64
7700,1,-10.25,-46.375,32,64
7800,1,-13.65625,-48.71875,32,64
7900,1,-17.6060606060606,-46.5151515151515,33,62
8000,1,-21.8709677419355,-48.0967741935484,31,62
8100,1,-28.71875,-47.375,32,62
8200,1,-28.0588235294118,-45.3235294117647,34,66
8300,1,-28.3529411764706,-39.8529411764706,34,64
8400,1,-24.9354838709677,-36.0967741935484,31,64
8500,1,-20.6666666666667,-36.9666666666667,30,62
8600,1,-15.84375,-35.28125,32,64
8700,1,-13.1764705882353,-33.9117647058823,34,64
8800,1,-14.2727272727273,-31.1212121212122,33,64
8900,1,-15.8,-27.3666666666667,30,64
9000,1,-12.5625,-27.71875,32,64
9100,1,-7.9142857142857,-29.4857142857143,35,66
9200,1,-2,-30,33,64
9300,1,2.21875,-30.34375,32,62
9400,1,1.54545454545455,-35.7272727272727,33,64
9500,1,4.84375,-38.9375,32,64
9600,1,7.87878787878788,-42.4848484848485,33,64
9700,1,3.33333333333333,-42.2121212121212,33,66
9800,1,1.70967741935483,-36.8064516129032,31,62
9900,1,-0.625,-33.5,32,62
10000,1,-0.53125,-30.75,32,62
0,2,50,50,1,8
100,2,51.0909090909091,53.6060606060606,33,66
200,2,56.764705882353,55.1764705882353,34,64
300,2,62.3939393939394,54.1818181818182,33,66
400,2,65.8235294117647,51.6176470588235,34,64
500,2,66.2424242424242,49.0606060606061,33,64
600,2,65.9705882352941,44.7647058823529,34,66
700,2,61.7058823529412,41.5,34,62
800,2,57.3333333333333,41.6060606060606,33,64
900,2,53.4516129032258,41.258064516129,31,64
1000,2,49.0909090909091,45.2727272727273,33,64
1100,2,47.1515151515152,44.5151515151515,33,64
1200,2,49.71875,38.03125,32,64
1300,2,50.4848484848485,31.1515151515151,33,62
1400,2,52.6451612903226,25.6129032258064,31,62
1500,2,52.9393939393939,21.3636363636364,33,64
1600,2,56.6571428571429,19.8,35,66
1700,2,59.1935483870968,21.3870967741936,31,62
1800,2,64.3548387096774,24.6129032258065,31,64
1900,2,59.5555555555556,30.3055555555556,36,66
2000,2,56,37.264705882353,34,64
2100,2,53.3125,42.125,32,64
2200,2,49.8965517241379,44.551724137931,29,64
2300,2,44.6060606060606,44.2121212121212,33,64
2400,2,40.125,41.34375,32,64
2500,2,37.4242424242424,45.9393939393939,33,62
2600,2,34.3939393939394,49.5454545454546,33,66
2700,2,29.0606060606061,51.3030303030303,33,66
2800,2,24,54.1470588235294,34,64
2900,2,22.5757575757576,51,33,66
3000,2,21.6774193548387,44.8064516129032,31,64
3100,2,26.2424242424242,39.6060606060606,33,64
3200,2,31.34375,40.90625,32,62
3300,2,36.5357142857143,42.3571428571429,28,60
3400,2,43.030303030303,43.5454545454545,33,64
3500,2,43.9677419354839,46.4838709677419,31,62
3600,2,38.4545454545455,48.6060606060606,33,66
3700,2,35.7058823529412,44.5,34,62
3800,2,35.8529411764706,38.4411764705882,34,64
3900,2,35.21875,33.28125,32,64
4000,2,40.7941176470588,32.9117647058824,34,64
4100,2,43.6764705882353,30.6176470588235,34,64
4200,2,48.4848484848485,29.1515151515151,33,62
4300,2,51.625,27.03125,32,62
4400,2,50.8387096774194,20.9032258064516,31,64
4500,2,55.9354838709678,20.6129032258064,31,64
4600,2,62.8484848484849,22.5151515151515,33,62
4700,2,67,25.2258064516129,31,62
4800,2,72.09375,23.46875,32,64
4900,2,71.1212121212121,16.0909090909091,33,64
5000,2,69.7096774193548,10,31,62
5100,2,67.8285714285714,3.34285714285714,35,66
5200,2,68.1764705882353,4.29411764705882,34,64
5300,2,67.125,6.75,32,68
5400,2,60.6129032258064,9.67741935483871,31,62
5500,2,56.5161290322581,5.16129032258065,31,64
5600,2,53.5625,1.15625,32,62
5700,2,49.1818181818182,-3.27272727272728,33,62
5800,2,48.0625,-6.78125,32,64
5900,2,44.264705882353,-10.4411764705882,34,66
6000,2,45.3636363636364,-14.969696969697,33,64
6100,2,45.2333333333333,-19.5333333333333,30,60
6200,2,40.6875,-25.1875,32,64
6300,2,37.3529411764706,-30.4117647058824,34,66
6400,2,34.2121212121212,-36.4545454545454,33,62
6500,2,30.7647058823529,-35.8823529411765,34,64
6600,2,25,-32.4545454545455,33,64
6700,2,20.6363636363636,-31.0909090909091,33,64
6800,2,19.1,-26.7333333333333,30,60
6900,2,20.75,-23.375,32,64
7000,2,23.7096774193548,-19.9354838709677,31,62
7100,2,27,-18.09375,32,64
7200,2,31.1515151515152,-14.5757575757576,33,64
7300,2,32.6875,-10.90625,32,62
7400,2,37.1290322580645,-8.38709677419354,31,62
7500,2,39.4516129032258,-8.16129032258064,31,62
7600,2,44.8125,-6.1875,32,62
7700,2,50.4666666666667,-6.76666666666668,30,64
7800,2,56.3529411764706,-6.91176470588232,34,64
7900,2,60.3939393939394,-7.75757575757576,33,64
8000,2,63.8823529411765,-5.5,34,64
8100,2,66.6129032258064,0.58064516129032,31,64
8200,2,70.2058823529412,2.91176470588235,34,64
8300,2,74.6774193548387,0.387096774193552,31,62
8400,2,80.0967741935484,-4.06451612903224,31,64
8500,2,83.84375,-8.43749999999996,32,62
8600,2,88.7878787878788,-10.6363636363636,33,64
8700,2,91.5757575757576,-5.5151515151515,33,64
8800,2,95.2333333333333,-7.3,30,62
8900,2,99.030303030303,-9.42424242424242,33,62
9000,2,103.096774193548,-10.5483870967742,31,64
9100,2,105.709677419355,-12.8064516129032,31,62
9200,2,110.9375,-13.75,32,64
9300,2,117.323529411765,-15.5,34,64
9400,2,117.483870967742,-19.9032258064516,31,62
9500,2,122.064516129032,-20.7096774193549,31,62
9600,2,125.774193548387,-16,31,62
9700,2,127.727272727273,-9.84848484848486,33,62
9800,2,130.21875,-6.21875000000004,32,64
9900,2,132.033333333333,-4.03333333333336,30,62
10000,2,137,-8.1875,32,62
0,3,50,50,1,8
100,3,46.3333333333333,50.4242424242424,33,62
200,3,41.3611111111111,49.1944444444444,36,66
300,3,37.4375,46.46875,32,62
400,3,31.3225806451613,45.2258064516129,31,64
500,3,26.2857142857143,48.4285714285714,35,68
600,3,26.4516129032258,53.2903225806452,31,62
700,3,27.8333333333333,57.6333333333333,30,62
800,3,25.030303030303,61.2424242424242,33,64
900,3,24.15625,67.1875,32,62
1000,3,21.9375,68.78125,32,64
1100,3,16.7647058823529,64.4117647058823,34,64
1200,3,10.6363636363636,64.3939393939394,33,66
1300,3,3.90625,62.75,32,64
1400,3,-0.0857142857142748,62.1428571428571,35,64
1500,3,-1.90625,56.125,32,64
1600,3,-7.48484848484848,54.3939393939394,33,64
1700,3,-12.8787878787879,53.8484848484849,33,66
1800,3,-18.6285714285714,54.0285714285714,35,66
1900,3,-19.65625,58.46875,32,64
2000,3,-18.2727272727273,62.9393939393939,33,64
2100,3,-18.5454545454546,65.3636363636363,33,64
2200,3,-20.6875,70.46875,32,62
2300,3,-24.1875,72.78125,32,66
2400,3,-22.5666666666667,77.3,30,64
2500,3,-27.258064516129,76.516129032258,31,66
2600,3,-33.0645161290323,74.4193548387097,31,60
2700,3,-35.4193548387097,68.0645161290323,31,64
2800,3,-40.0555555555555,66.8888888888889,36,66
2900,3,-46.9117647058823,68.3529411764706,34,64
3000,3,-51.2647058823529,70.3235294117647,34,66
3100,3,-57,71.3030303030303,33,64
3200,3,-57.0322580645161,75.1612903225807,31,62
3300,3,-51.8484848484848,78.1818181818182,33,64
3400,3,-48,78.7352941176471,34,62
3500,3,-49.1764705882353,85.3529411764706,34,66
3600,3,-50.8064516129032,89.2258064516129,31,62
3700,3,-52.2571428571429,87.8,35,66
3800,3,-48.2727272727273,88.3636363636364,33,64
3900,3,-44.4516129032258,86.9032258064516,31,62
4000,3,-39.25,83.59375,32,64
4100,3,-38.1212121212121,79.2424242424242,33,64
4200,3,-38.59375,74.34375,32,64
4300,3,-41.6666666666667,69.5151515151515,33,66
4400,3,-43.71875,65.25,32,64
4500,3,-47.1515151515151,61.3939393939394,33,64
4600,3,-50.78125,59.8125,32,64
4700,3,-52.8125,57,32,64
4800,3,-56,56.5882352941177,34,66
4900,3,-61.1212121212121,56.2424242424242,33,66
5000,3,-66,56.5,34,62
5100,3,-72.5,54.235294117647,34,66
5200,3,-77.46875,55.21875,32,62
5300,3,-83.258064516129,58.6451612903226,31,64
5400,3,-86.9375,61.25,32,64
5500,3,-89.7666666666667,62.3,30,60
5600,3,-92.2903225806452,59.0322580645161,31,62
5700,3,-95.5,55.5,34,64
5800,3,-99.34375,53.09375,32,62
5900,3,-98.96875,49.9375,32,64
6000,3,-96.8709677419355,45.6774193548387,31,64
6100,3,-97.4516129032258,42.741935483871,31,64
6200,3,-100.1875,46.15625,32,64
6300,3,-97.1818181818182,50.3939393939394,33,64
6400,3,-99.9117647058823,53.6764705882353,34,64
6500,3,-98.9375,59.15625,32,66
6600,3,-97.9411764705882,63.8823529411765,34,64
6700,3,-97.6216216216216,67.2432432432433,37,66
6800,3,-98,71.0333333333333,30,64
6900,3,-101.542857142857,73.0857142857143,35,64
7000,3,-107.515151515152,72.3939393939394,33,62
7100,3,-109.242424242424,65.6969696969697,33,62
7200,3,-112.333333333333,62.4545454545454,33,64
7300,3,-117.133333333333,65.5333333333333,30,60
7400,3,-113.15625,69.75,32,62
7500,3,-108,71.71875,32,64
7600,3,-104.3125,74.9375,32,62
7700,3,-101.903225806452,81.1935483870968,31,60
7800,3,-98.84375,83.9375,32,64
7900,3,-97.6363636363636,90.2424242424242,33,64
8000,3,-99.7878787878788,93.6363636363636,33,64
8100,3,-101.866666666667,100.066666666667,30,62
8200,3,-97.3125,102,32,64
8300,3,-92.3939393939394,95.7272727272727,33,64
8400,3,-92.09375,91.6875,32,64
8500,3,-87.375,88.6875,32,64
8600,3,-82.1666666666667,86.5333333333334,30,64
8700,3,-82.25,79.84375,32,62
8800,3,-80.4705882352941,74.9411764705882,34,64
8900,3,-77.3636363636364,74.5454545454546,33,64
9000,3,-71.4117647058823,79.4705882352941,34,66
9100,3,-67.5666666666667,83.0333333333333,30,62
9200,3,-65.5714285714286,87.7714285714286,35,64
9300,3,-65.030303030303,94.1818181818182,33,64
9400,3,-61.0322580645161,99.9032258064516,31,62
9500,3,-59.3870967741935,106.903225806452,31,64
9600,3,-58.0645161290323,111.451612903226,31,62
9700,3,-60.4838709677419,114.032258064516,31,62
9800,3,-62.7741935483871,120.032258064516,31,64
9900,3,-67.969696969697,122.484848484848,33,66
10000,3,-72.9310344827586,121.275862068966,29,62
0,4,50,50.5,2,14
100,4,52.6470588235294,49.5588235294118,34,64
200,4,59.0588235294118,48.6764705882353,34,64
300,4,63.28125,53.96875,32,62
400,4,67.5151515151515,57.1515151515152,33,62
500,4,70.7941176470588,58.235294117647,34,66
600,4,70.0909090909091,52.969696969697,33,64
700,4,63.6969696969697,51.5757575757576,33,64
800,4,59.71875,53.5,32,62
900,4,55.125,53.0625,32,62
1000,4,50.030303030303,55.6363636363636,33,64
1100,4,45.9090909090909,56.2424242424242,33,62
1200,4,45.375,55.28125,32,62
1300,4,45.84375,49.21875,32,64
1400,4,44.5454545454546,42.5757575757576,33,64
1500,4,44.030303030303,36.8181818181818,33,64
1600,4,42.6666666666667,30.969696969697,33,64
1700,4,43.625,23.40625,32,62
1800,4,49.1935483870968,22.7096774193548,31,64
1900,4,52.6774193548387,25.4838709677419,31,62
2000,4,57.8181818181818,23.0909090909091,33,64
2100,4,58,20.2333333333333,30,62
2200,4,59.6470588235294,16.9411764705882,34,64
2300,4,57.9117647058824,11.3235294117647,34,66
2400,4,54.6451612903226,6.96774193548387,31,64
2500,4,53.6129032258065,1.61290322580645,31,62
2600,4,49.9090909090909,-1.66666666666669,33,64
2700,4,47.15625,1,32,62
2800,4,41.2121212121212,4.48484848484848,33,64
2900,4,35.9375,6.84375,32,62
3000,4,30.8387096774194,5.7741935483871,31,62
3100,4,27.03125,2.71875,32,62
3200,4,23.1515151515152,0.333333333333329,33,64
3300,4,27.0967741935484,-2.19354838709675,31,60
3400,4,30.3529411764706,0.411764705882348,34,64
3500,4,34.5294117647059,5.94117647058823,34,64
3600,4,36.4545454545455,12.8181818181818,33,66
3700,4,40.9705882352941,13.9705882352941,34,64
3800,4,42.3939393939394,9.93939393939394,33,64
3900,4,37.8484848484849,8.33333333333333,33,64
4000,4,38.40625,9.53125,32,64
4100,4,43.8529411764706,13.1470588235294,34,66
4200,4,45.5,19,32,62
4300,4,44.1470588235294,23.4705882352941,34,64
4400,4,45.2352941176471,27.4117647058823,34,64
4500,4,42.264705882353,29.1470588235294,34,64
4600,4,37.7352941176471,30,34,62
4700,4,33.4666666666667,28.4,30,62
4800,4,30.9375,30.9375,32,62
4900,4,28.030303030303,35.3030303030303,33,66
5000,4,31.4838709677419,41.1935483870968,31,62
5100,4,30,45.5882352941177,34,66
5200,4,28.0882352941176,50.5588235294118,34,64
5300,4,25.030303030303,52.9393939393939,33,66
5400,4,16.0909090909091,52.030303030303,33,66
5500,4,12.5454545454545,49.6060606060606,33,64
5600,4,14.7428571428571,44.7714285714286,35,64
5700,4,15.1515151515152,41.2727272727273,33,66
5800,4,18.4705882352941,36.8823529411765,34,66
5900,4,20.7714285714286,31.2857142857143,35,66
6000,4,20.1666666666667,26.25,36,66
6100,4,21.3103448275862,21,29,60
6200,4,16.5806451612903,14.741935483871,31,64
6300,4,11.6060606060606,12.3636363636364,33,64
6400,4,7.06451612903226,9,31,62
6500,4,1.47058823529412,5.05882352941177,34,64
6600,4,0.818181818181818,-1.75757575757576,33,64
6700,4,0.114285714285714,-8.02857142857142,35,66
6800,4,2.45161290322581,-14.1290322580645,31,64
6900,4,2.61764705882353,-16.9705882352941,34,64
7000,4,3.36363636363637,-21.2424242424242,33,64
7100,4,-1.84375,-22.8125,32,62
7200,4,-5.84848484848486,-22.4242424242424,33,64
7300,4,-6.58823529411764,-18.0882352941177,34,66
7400,4,-3.09375,-15.5,32,64
7500,4,-2.65714285714286,-20.7714285714286,35,64
7600,4,-1.90625,-26.40625,32,64
7700,4,-0.848484848484844,-30.0909090909091,33,62
7800,4,-2.88235294117646,-32.9411764705882,34,64
7900,4,-2.27272727272728,-36.5454545454545,33,64
8000,4,-3.08571428571427,-40.6857142857143,35,64
8100,4,0.733333333333334,-42.1333333333333,30,60
8200,4,5,-45,33,64
8300,4,6.79310344827586,-48.5862068965517,29,62
8400,4,6.375,-53.15625,32,60
8500,4,2.09375,-55.71875,32,64
8600,4,4.6875,-50.28125,32,62
8700,4,4.25806451612904,-44.6129032258064,31,60
8800,4,-0.125,-42.90625,32,62
8900,4,-5.14705882352943,-45.9411764705882,34,64
9000,4,-6.16129032258064,-49.1612903225806,31,62
9100,4,-11.4848484848485,-50.3939393939394,33,66
9200,4,-14.6060606060606,-54.1515151515151,33,66
9300,4,-19.84375,-57.28125,32,64
9400,4,-25.34375,-55.96875,32,64
9500,4,-23.75,-48.8125,32,64
9600,4,-23.3548387096774,-45.258064516129,31,64
9700,4,-24.53125,-40.3125,32,64
9800,4,-24.9428571428572,-36.3428571428571,35,64
9900,4,-21.939393939394,-30.8181818181818,33,66
10000,4,-16.8387096774194,-29.3870967741936,31,62
0,5,51,50.25,4,22
100,5,56.030303030303,44.5757575757576,33,64
200,5,60.0909090909091,42.1515151515151,33,62
300,5,63.6875,37.8125,32,64
400,5,61.625,35.03125,32,64
500,5,59.1612903225806,33.4516129032258,31,64
600,5,63.9166666666667,33.4444444444444,36,66
700,5,67.4242424242424,38.0909090909091,33,64
800,5,71.09375,36.1875,32,64
900,5,67.3055555555556,35.0833333333333,36,68
1000,5,62.6060606060606,32.4242424242424,33,64
1100,5,59.5,29.71875,32,62
1200,5,62.7941176470588,30.0882352941176,34,64
1300,5,57.4411764705882,32.5588235294118,34,64
1400,5,55.0294117647059,30.7647058823529,34,66
1500,5,52.8333333333333,34.7,30,62
1600,5,53.5,39.71875,32,64
1700,5,57.9142857142857,42.0571428571429,35,66
1800,5,59.0333333333333,46.1333333333333,30,62
1900,5,57.2058823529412,49.8823529411765,34,64
2000,5,58.375,54.25,32,64
2100,5,58.9428571428571,61.9142857142857,35,66
2200,5,57.9677419354839,68.5806451612903,31,62
2300,5,61.375,70.09375,32,62
2400,5,64.3030303030303,66.1515151515152,33,64
2500,5,61.030303030303,64.1818181818182,33,64
2600,5,54.2121212121212,62.9090909090909,33,62
2700,5,51,58.4,35,64
2800,5,49.1666666666667,53.1,30,62
2900,5,45.8387096774194,47.8387096774194,31,64
3000,5,39.1764705882353,44,34,64
3100,5,34.3125,39.53125,32,64
3200,5,32.4705882352941,35.3529411764706,34,64
3300,5,32.6571428571429,30.9428571428572,35,64
3400,5,31.8484848484848,25.9090909090909,33,62
3500,5,28.0909090909091,25.2121212121212,33,62
3600,5,24.5151515151515,29.3030303030303,33,66
3700,5,23.8275862068966,34.448275862069,29,62
3800,5,28.8484848484848,38.8181818181818,33,64
3900,5,32.3235294117647,42.264705882353,34,64
4000,5,38.9117647058824,42.8235294117647,34,64
4100,5,42.0967741935484,39.0645161290323,31,62
4200,5,44.030303030303,36.9393939393939,33,66
4300,5,46.4516129032258,32.5483870967742,31,64
4400,5,46,29.3939393939394,33,64
4500,5,40.53125,29.40625,32,64
4600,5,37.0294117647059,28.9705882352941,34,64
4700,5,35.1666666666667,26.1333333333333,30,60
4800,5,31.9354838709677,28.3870967741935,31,64
4900,5,26.1212121212121,34.5757575757576,33,64
5000,5,22.46875,38.875,32,64
5100,5,16.9677419354839,39.0967741935484,31,62
5200,5,18.3333333333333,35.25,36,66
5300,5,17.2727272727273,31.1212121212121,33,64
5400,5,14.6363636363636,26.4545454545455,33,66
5500,5,10.5161290322581,23.5806451612903,31,64
5600,5,10.3548387096774,25.9677419354839,31,62
5700,5,8.28125,30.375,32,64
5800,5,3.22857142857143,35.1714285714286,35,66
5900,5,-2.58064516129032,36.4516129032258,31,62
6000,5,-6.35294117647058,36.0294117647059,34,66
6100,5,-15.7241379310345,39.6551724137931,29,62
6200,5,-18.8064516129032,35.8709677419355,31,66
6300,5,-18.258064516129,33.1290322580645,31,64
6400,5,-13.4117647058824,34,34,64
6500,5,-10.1176470588236,32.5294117647059,34,66
6600,5,-5.15151515151516,29.0909090909091,33,62
6700,5,-0.6875,32.65625,32,66
6800,5,3.03225806451613,38.5161290322581,31,62
6900,5,7.33333333333333,35.3666666666667,30,62
7000,5,9.78125,28.90625,32,64
7100,5,8.24242424242424,22.4848484848485,33,64
7200,5,5.06666666666666,17.1666666666667,30,64
7300,5,0.515151515151516,15.3939393939394,33,62
7400,5,-2.63636363636364,12.2121212121212,33,66
7500,5,-6.57575757575758,13.4242424242424,33,62
7600,5,-9.74193548387096,14.3548387096774,31,60
7700,5,-13.8181818181818,10.0606060606061,33,64
7800,5,-15.1470588235294,4.73529411764706,34,64
7900,5,-20.125,0.625,32,64
8000,5,-24.5151515151515,-1.90909090909088,33,62
8100,5,-25.030303030303,-5.8181818181818,33,64
8200,5,-28.8484848484849,-5.66666666666669,33,64
8300,5,-27.4375,0.78125,32,62
8400,5,-28.969696969697,5.72727272727273,33,64
8500,5,-28.5483870967742,11.0967741935484,31,62
8600,5,-26.235294117647,15.7647058823529,34,64
8700,5,-22.741935483871,14.0967741935484,31,64
8800,5,-24.2903225806452,18.2903225806452,31,60
8900,5,-29.2424242424242,17.3333333333333,33,64
9000,5,-32.34375,13.96875,32,64
9100,5,-35.4117647058823,19,34,64
9200,5,-39.625,20.84375,32,60
9300,5,-41.96875,25.25,32,62
9400,5,-42.2121212121212,29.9090909090909,33,64
9500,5,-42.3030303030303,35.8787878787879,33,64
9600,5,-49.2647058823529,35.5882352941176,34,66
9700,5,-53.8787878787879,36.2121212121212,33,66
9800,5,-54.1142857142857,31.1142857142857,35,64
9900,5,-47.1379310344828,30.0689655172414,29,62
10000,5,-41.28125,32.53125,32,64
0,6,49.3333333333333,50,3,20
100,6,47.0277777777778,48.3055555555556,36,64
200,6,43.5483870967742,52.3548387096774,31,64
300,6,41.4242424242424,54.7272727272727,33,68
400,6,35.3870967741936,56.3548387096774,31,62
500,6,28.59375,58.78125,32,64
600,6,29.3939393939394,55.6666666666667,33,64
700,6,35.7714285714286,50.6857142857143,35,66
800,6,41.7096774193548,49.741935483871,31,62
900,6,46.1333333333333,47.7,30,64
1000,6,49.4242424242424,41,33,66
1100,6,51.2424242424242,36.5757575757576,33,62
1200,6,51.7333333333333,29.7,30,62
1300,6,52.9,24.8,30,62
1400,6,53.8787878787879,28.2121212121212,33,64
1500,6,52.9411764705882,33.5294117647059,34,64
1600,6,57.5757575757576,33.2727272727273,33,64
1700,6,55.7575757575758,30.9090909090909,33,62
1800,6,55.375,26.03125,32,66
1900,6,60.7878787878788,26.3939393939394,33,64
2000,6,63.90625,28.875,32,62
2100,6,66.53125,35.0625,32,64
2200,6,64.375,36.1875,32,64
2300,6,58.5428571428571,38.1714285714286,35,66
2400,6,56.9354838709677,42.9032258064516,31,64
2500,6,60.1612903225806,47.9032258064516,31,64
2600,6,63.0909090909091,44.3030303030303,33,66
2700,6,65.8387096774194,41.1612903225807,31,62
2800,6,72.1818181818182,43.030303030303,33,62
2900,6,78.1333333333333,42.8333333333333,30,60
3000,6,80.2727272727273,46.7878787878788,33,66
3100,6,87.3548387096774,47.0967741935484,31,62
3200,6,91.6666666666666,45.8181818181818,33,64
3300,6,98.0571428571429,46.8,35,66
3400,6,102.571428571429,48.4,35,66
3500,6,106.375,52.15625,32,60
3600,6,106.848484848485,52.2727272727273,33,62
3700,6,102.6,50.7333333333333,30,62
3800,6,104.972222222222,45.6944444444444,36,64
3900,6,108.848484848485,44.4848484848485,33,64
4000,6,113.21875,45.5625,32,62
4100,6,119.363636363636,48.8787878787879,33,66
4200,6,124.633333333333,47.4666666666667,30,62
4300,6,122.75,42.71875,32,62
4400,6,119.088235294118,40.4411764705882,34,64
4500,6,116.393939393939,39.0909090909091,33,64
4600,6,117.060606060606,34.3939393939394,33,64
4700,6,116.181818181818,29.969696969697,33,62
4800,6,118.612903225806,24.8064516129032,31,62
4900,6,121.645161290323,20.8064516129032,31,62
5000,6,124.4375,17.75,32,64
5100,6,125.942857142857,13.2,35,68
5200,6,126.117647058824,10.4705882352941,34,66
5300,6,128.2,15.9333333333333,30,62
5400,6,135.114285714286,16.7714285714286,35,66
5500,6,138.46875,13.875,32,64
5600,6,141.193548387097,10.4516129032258,31,62
5700,6,146.161290322581,13.4193548387097,31,64
5800,6,148.967741935484,15.8709677419355,31,62
5900,6,143.969696969697,18.7575757575758,33,64
6000,6,140.818181818182,21.969696969697,33,62
6100,6,145.21875,21.5625,32,62
6200,6,150.46875,25.125,32,62
6300,6,155.774193548387,27.5161290322581,31,66
6400,6,154.58064516129,31.3870967741935,31,64
6500,6,150.029411764706,28.0882352941176,34,64
6600,6,143.625,31.5,32,64
6700,6,139.6875,30.28125,32,64
6800,6,137.151515151515,33.0909090909091,33,64
6900,6,139.727272727273,34.3333333333333,33,64
7000,6,146.354838709677,31.8709677419355,31,62
7100,6,151.258064516129,30.3870967741936,31,64
7200,6,154.823529411765,30.1470588235294,34,64
7300,6,156.03125,22.90625,32,62
7400,6,150.333333333333,21.2121212121212,33,66
7500,6,150.617647058824,14.0294117647059,34,64
7600,6,148.21875,9.1875,32,62
7700,6,150.225806451613,4.90322580645161,31,64
7800,6,151.147058823529,-0.529411764705884,34,64
7900,6,148.484848484848,-6.63636363636364,33,64
8000,6,147.121212121212,-14.3939393939394,33,64
8100,6,153.84375,-19,32,62
8200,6,156.709677419355,-24.4516129032258,31,60
8300,6,162.545454545455,-26.8484848484848,33,64
8400,6,163.15625,-31.125,32,66
8500,6,156.96875,-32.09375,32,62
8600,6,151,-28.8333333333333,30,60
8700,6,147.96875,-27.4375,32,64
8800,6,143.636363636364,-27.5151515151515,33,64
8900,6,140.375,-30.28125,32,62
9000,6,135.40625,-34.71875,32,64
9100,6,132.90625,-34,32,64
9200,6,128.909090909091,-31.2727272727273,33,64
9300,6,125.914285714286,-32.5428571428571,35,64
9400,6,126.212121212121,-32.8484848484848,33,64
9500,6,122.03125,-32.875,32,64
9600,6,117.758620689655,-30.448275862069,29,60
9700,6,114.411764705882,-26,34,64
9800,6,111.515151515152,-22.0909090909091,33,62
9900,6,106.515151515152,-20.3939393939394,33,62
10000,6,106,-24.3030303030303,33,64
0,7,51,50.3333333333333,3,20
100,7,54.3333333333333,47.8787878787879,33,64
200,7,59.1515151515152,50.3030303030303,33,66
300,7,63.0857142857143,53.8571428571428,35,64
400,7,65.5588235294118,56.8235294117647,34,66
500,7,70,61.5,32,62
600,7,73.0909090909091,64.7878787878788,33,66
700,7,78.5,63.4117647058824,34,64
800,7,84.0625,67.5625,32,62
900,7,86.28125,65.59375,32,62
1000,7,86.25,62.84375,32,64
1100,7,85.3333333333333,58.9090909090909,33,64
1200,7,90.5,56.1875,32,62
1300,7,97.8787878787879,50.7575757575758,33,64
1400,7,101.161290322581,50.4516129032258,31,64
1500,7,101.9,53.0666666666667,30,62
1600,7,100.387096774194,60,31,64
1700,7,97.7352941176471,64.3823529411765,34,66
1800,7,94.2258064516129,65.0645161290322,31,64
1900,7,94.7096774193549,69.4516129032258,31,64
2000,7,90.9714285714286,71.4,35,64
2100,7,85.1666666666667,69.4333333333333,30,64
2200,7,80.5,66.09375,32,64
2300,7,77,69.84375,32,64
2400,7,80.5,73.0625,32,64
2500,7,84.7878787878788,71.6666666666667,33,64
2600,7,89.9,72.4,30,64
2700,7,95.59375,74.65625,32,62
2800,7,100.09375,73.75,32,64
2900,7,104.15625,69.4375,32,66
3000,7,104.935483870968,65.7741935483871,31,64
3100,7,101.382352941176,63.3823529411765,34,64
3200,7,103.484848484848,61.2121212121212,33,64
3300,7,106.806451612903,56.0322580645161,31,62
3400,7,108.121212121212,53.5757575757576,33,64
3500,7,112.857142857143,52.3714285714286,35,68
3600,7,113.25,48.875,32,64
3700,7,117.242424242424,46.6969696969697,33,64
3800,7,117.5,43.125,32,64
3900,7,119.65625,39.09375,32,64
4000,7,124.451612903226,40.5483870967742,31,62
4100,7,128,41.1935483870968,31,66
4200,7,126.235294117647,44.5882352941177,34,66
4300,7,119.545454545455,46.3939393939394,33,64
4400,7,116.060606060606,50.7878787878788,33,66
4500,7,117.225806451613,54.741935483871,31,64
4600,7,123.735294117647,56.3529411764706,34,64
4700,7,131.34375,58.3125,32,62
4800,7,137.53125,61.1875,32,62
4900,7,140.424242424242,58.4242424242424,33,62
5000,7,135.371428571429,52.3428571428571,35,66
5100,7,132.5,52.09375,32,64
5200,7,127.625,48,32,64
5300,7,123.34375,47.28125,32,64
5400,7,118.69696969697,44.4242424242424,33,64
5500,7,118.727272727273,41.1515151515152,33,62
5600,7,123.823529411765,39.1764705882353,34,66
5700,7,126.875,41.40625,32,62
5800,7,129.058823529412,46.6470588235294,34,66
5900,7,133.264705882353,42.2058823529412,34,64
6000,7,134.966666666667,38.2666666666667,30,64
6100,7,132.911764705882,31.6176470588235,34,66
6200,7,130.818181818182,24.0909090909091,33,64
6300,7,127.617647058824,18.8529411764706,34,64
6400,7,122.15625,17.375,32,60
6500,7,122.741935483871,10.8387096774194,31,64
6600,7,124.676470588235,6,34,64
6700,7,125.46875,0.46875,32,64
6800,7,126.882352941176,-2.97058823529412,34,66
6900,7,127.838709677419,-7.70967741935485,31,64
7000,7,121.848484848485,-8.42424242424239,33,64
7100,7,117.727272727273,-6.18181818181822,33,62
7200,7,117.677419354839,-1.87096774193547,31,62
7300,7,117.41935483871,5.45161290322581,31,62
7400,7,115.1875,9.1875,32,62
7500,7,112.515151515152,14.5151515151515,33,66
7600,7,109.909090909091,18.0909090909091,33,64
7700,7,106.823529411765,22.8235294117647,34,62
7800,7,103.46875,25.375,32,64
7900,7,99.2,28.1714285714286,35,66
8000,7,93.7333333333333,34.1333333333333,30,62
8100,7,92.2424242424242,37,33,64
8200,7,91.3529411764706,44.6470588235294,34,64
8300,7,88.28125,46.4375,32,64
8400,7,83.4,45,35,64
8500,7,77.9354838709677,44.1290322580645,31,62
8600,7,75.2903225806452,39.258064516129,31,62
8700,7,75.53125,33.9375,32,62
8800,7,71.53125,28.75,32,62
8900,7,69.0588235294118,27.4117647058823,34,66
9000,7,68.8823529411764,33,34,64
9100,7,70.6875,37.90625,32,64
9200,7,67.1818181818182,40.4545454545454,33,64
9300,7,65.5757575757576,45.0606060606061,33,64
9400,7,61.2727272727273,46.8181818181818,33,62
9500,7,57.9677419354839,50.1290322580645,31,64
9600,7,53.4848484848485,53.5151515151515,33,64
9700,7,49.5333333333334,58,30,62
9800,7,42.1515151515152,59.5151515151515,33,62
9900,7,38.71875,58.1875,32,62
10000,7,39.6,51.9666666666667,30,62
0,8,50,50,1,8
100,8,52.3142857142857,46.3714285714286,35,66
200,8,58.2058823529412,42.0588235294118,34,66
300,8,62.7333333333333,41.2333333333333,30,60
400,8,65.6969696969697,37.8484848484849,33,64
500,8,65.3636363636363,32.4242424242424,33,64
600,8,71.3125,27.3125,32,64
700,8,72.4117647058824,21.7352941176471,34,66
800,8,72.8529411764706,17.1764705882353,34,66
900,8,77.15625,12.65625,32,64
1000,8,81.1764705882353,11.1764705882353,34,62
1100,8,87.3055555555556,15.25,36,66
1200,8,92.4054054054054,19.972972972973,37,66
1300,8,95.4848484848485,18.0909090909091,33,62
1400,8,93.0606060606061,14.7575757575758,33,64
1500,8,88.6060606060606,11.969696969697,33,64
1600,8,83.625,9.84375,32,60
1700,8,78.78125,10.625,32,64
1800,8,80.7575757575758,16.6060606060606,33,64
1900,8,77.8484848484848,19.6363636363636,33,64
2000,8,71.9117647058823,20.7941176470588,34,64
2100,8,72.5588235294118,25.9705882352941,34,66
2200,8,77.3030303030303,31.2424242424242,33,62
2300,8,83.2222222222222,29.7222222222222,36,68
2400,8,89.5666666666667,29.7333333333333,30,62
2500,8,92.5483870967742,27.2903225806452,31,62
2600,8,96.1515151515151,22.0909090909091,33,64
2700,8,95.3823529411765,15.1470588235294,34,64
2800,8,91.96875,11.25,32,62
2900,8,86.2058823529411,15.7941176470588,34,66
3000,8,88.6764705882353,21.7941176470588,34,66
3100,8,90.3939393939394,25.4848484848485,33,64
3200,8,95.0285714285714,28.4,35,64
3300,8,101.838709677419,29.1612903225806,31,62
3400,8,108.294117647059,28.5,34,62
3500,8,112.371428571429,30.4285714285714,35,64
3600,8,114.65625,33.65625,32,62
3700,8,108.78125,39.875,32,62
3800,8,111.5,44.3235294117647,34,66
3900,8,115.15625,42.34375,32,62
4000,8,119.030303030303,36.9090909090909,33,64
4100,8,118.787878787879,30.0909090909091,33,62
4200,8,115,29.5882352941176,34,64
4300,8,112.852941176471,25.6470588235294,34,64
4400,8,116.205882352941,18.9117647058824,34,64
4500,8,119.575757575758,14.1515151515152,33,64
4600,8,125.323529411765,12.9117647058824,34,64
4700,8,132.03125,9.4375,32,64
4800,8,138.787878787879,9.27272727272727,33,64
4900,8,142.176470588235,12.8235294117647,34,62
5000,8,137.861111111111,15.3888888888889,36,64
5100,8,136.029411764706,19.4117647058824,34,66
5200,8,139.323529411765,23.5588235294118,34,64
5300,8,134.794117647059,28.6470588235294,34,66
5400,8,136.233333333333,33.4333333333333,30,64
5500,8,136.484848484848,38.060606060606,33,64
5600,8,140.058823529412,38.1176470588235,34,64
5700,8,144.5625,38.21875,32,62
5800,8,148.96875,39.59375,32,62
5900,8,156.266666666667,36.5,30,62
6000,8,155.588235294118,30.5588235294118,34,64
6100,8,152.117647058824,32.6470588235294,34,64
6200,8,146.848484848485,30.0909090909091,33,62
6300,8,141.78125,30.875,32,64
6400,8,138.212121212121,32.1515151515152,33,64
6500,8,134,28.5714285714286,35,68
6600,8,129.6,23.0666666666667,30,62
6700,8,124.090909090909,21.5454545454545,33,62
6800,8,124.764705882353,16.9117647058824,34,64
6900,8,126.794117647059,10.5588235294118,34,64
7000,8,122.647058823529,10.4117647058824,34,64
7100,8,117.085714285714,13.8571428571429,35,66
7200,8,113.677419354839,18.8709677419355,31,62
7300,8,116.7,21.6666666666667,30,62
7400,8,116.870967741935,16.2903225806452,31,60
7500,8,116.266666666667,10.6333333333333,30,64
7600,8,120.111111111111,10.2222222222222,36,66
7700,8,123.882352941176,7.35294117647059,34,64
7800,8,129.393939393939,9.75757575757576,33,64
7900,8,132.65625,7.65625,32,62
8000,8,129.636363636364,4.39393939393939,33,64
8100,8,126,4.27272727272727,33,66
8200,8,120.46875,7.9375,32,62
8300,8,117.151515151515,12.7878787878788,33,64
8400,8,112.0625,16.21875,32,64
8500,8,113.21875,20.125,32,64
8600,8,113.75,24.28125,32,62
8700,8,113.84375,30.1875,32,62
8800,8,117.129032258065,35.1935483870968,31,62
8900,8,118.71875,38.5,32,66
9000,8,115.969696969697,42.2424242424242,33,64
9100,8,113.354838709677,48.3870967741936,31,62
9200,8,109.9375,52.90625,32,64
9300,8,104.903225806452,53.9677419354839,31,62
9400,8,100.878787878788,57.6969696969697,33,66
9500,8,96.6129032258064,62.0967741935484,31,64
9600,8,94.1515151515152,67.6666666666667,33,66
9700,8,92.75,71.5625,32,62
9800,8,94.4193548387097,75.8387096774194,31,62
9900,8,101.617647058824,78.6764705882353,34,64
10000,8,106.371428571429,81.7714285714286,35,64
0,9,49.5,50.5,2,14
100,9,51.03125,53.59375,32,64
200,9,54.8857142857143,59,35,66
300,9,60.0588235294118,61.2647058823529,34,66
400,9,62.1290322580645,64.4516129032258,31,64
500,9,64.6857142857143,67.6,35,64
600,9,71.5,69.3235294117647,34,64
700,9,76.1176470588235,68.8235294117647,34,66
800,9,79.8064516129032,64.6451612903226,31,64
900,9,83.4848484848485,65.9090909090909,33,62
1000,9,88.4516129032258,63.6774193548387,31,64
1100,9,93.2121212121212,63.2121212121212,33,66
1200,9,96.0666666666667,65.5666666666667,30,62
1300,9,98.78125,65.78125,32,62
1400,9,103.085714285714,63.5428571428572,35,64
1500,9,106.235294117647,56.7352941176471,34,66
1600,9,111.444444444444,53.9166666666666,36,66
1700,9,116.272727272727,50.0909090909091,33,66
1800,9,117.757575757576,43.969696969697,33,64
1900,9,121.138888888889,41.8333333333333,36,66
2000,9,127.970588235294,43.6764705882353,34,64
2100,9,128.451612903226,47.5806451612903,31,60
2200,9,126.970588235294,53.5588235294118,34,66
2300,9,122.28125,54.71875,32,62
2400,9,119.852941176471,61,34,64
2500,9,115.53125,64.5625,32,64
2600,9,115.032258064516,69.9032258064516,31,62
2700,9,114.46875,76,32,66
2800,9,117.176470588235,80.4117647058823,34,64
2900,9,121.28125,78.28125,32,64
3000,9,125.774193548387,77.2258064516129,31,62
3100,9,128.457142857143,79.8571428571428,35,66
3200,9,130.40625,85.65625,32,64
3300,9,126.34375,87.96875,32,64
3400,9,122.212121212121,83.0909090909091,33,66
3500,9,121.558823529412,78.0588235294118,34,64
3600,9,117.242424242424,74.9696969696969,33,66
3700,9,111.441176470588,77.3235294117647,34,64
3800,9,107.451612903226,79.9354838709678,31,62
3900,9,112.28125,82.71875,32,62
4000,9,111.294117647059,87.9705882352941,34,66
4100,9,108.393939393939,93.3333333333333,33,64
4200,9,104.117647058824,96.8529411764706,34,64
4300,9,104.9375,101.78125,32,62
4400,9,108.15625,103.75,32,64
4500,9,115.5625,105.46875,32,64
4600,9,121.090909090909,105.757575757576,33,64
4700,9,121.909090909091,101.757575757576,33,62
4800,9,125.15625,97.625,32,60
4900,9,129.457142857143,94.5714285714286,35,64
5000,9,134.433333333333,91.9666666666666,30,60
5100,9,140.771428571429,88.5714285714286,35,64
5200,9,146.483870967742,87.5161290322581,31,62
5300,9,151,87.21875,32,64
5400,9,157.636363636364,87.7575757575758,33,64
5500,9,162.228571428571,89.1714285714286,35,66
5600,9,167.647058823529,89.1470588235294,34,64
5700,9,174.363636363636,88.969696969697,33,64
5800,9,178.909090909091,89.9090909090909,33,64
5900,9,180.314285714286,88.4,35,64
6000,9,176,86.1470588235294,34,64
6100,9,169.176470588235,86.1176470588235,34,64
6200,9,162.705882352941,84.7352941176471,34,66
6300,9,158.342857142857,86.9428571428571,35,64
6400,9,155.575757575758,90.1818181818182,33,64
6500,9,157.1,94.1333333333333,30,64
6600,9,165.393939393939,96.2424242424242,33,64
6700,9,168.5,92.5,34,64
6800,9,170.606060606061,88.9090909090909,33,64
6900,9,166.129032258065,84.4516129032258,31,62
7000,9,168.628571428571,85.7714285714286,35,64
7100,9,167.71875,90.0625,32,64
7200,9,163.137931034483,91.9655172413793,29,62
7300,9,159.969696969697,90.3333333333333,33,66
7400,9,155.058823529412,86.3529411764706,34,64
7500,9,151.441176470588,83.264705882353,34,66
7600,9,149.151515151515,80.6363636363637,33,64
7700,9,148.454545454545,73.5757575757576,33,64
7800,9,146.088235294118,65.8235294117647,34,64
7900,9,142.151515151515,62.7272727272727,33,62
8000,9,137.354838709677,58.1612903225806,31,64
8100,9,131.033333333333,57.8666666666667,30,62
8200,9,126.34375,54.71875,32,62
8300,9,129,49.9117647058823,34,64
8400,9,134.6,49,35,64
8500,9,137.0625,47.21875,32,64
8600,9,135.354838709677,43.1935483870968,31,62
8700,9,134.5,39.5625,32,64
8800,9,130.741935483871,34.8064516129032,31,62
8900,9,126.235294117647,33.2647058823529,34,66
9000,9,124.032258064516,29.516129032258,31,62
9100,9,123.258064516129,24.1935483870968,31,62
9200,9,123.967741935484,19.2903225806452,31,62
9300,9,118.25,19.28125,32,62
9400,9,120.617647058824,23.8529411764706,34,64
9500,9,122.575757575758,26.0909090909091,33,64
9600,9,122,28.6666666666667,33,64
9700,9,127.647058823529,26.2647058823529,34,64
9800,9,130.882352941176,22,34,64
9900,9,130.4375,17.25,32,64
10000,9,134.30303030303,18.3939393939394,33,64
0,10,50.3333333333333,49.3333333333333,3,18
100,10,49.0625,51.6875,32,64
200,10,48.0909090909091,54.6060606060606,33,64
300,10,44.3225806451613,55.6129032258065,31,64
400,10,46.8823529411765,50.0882352941177,34,66
500,10,48.0967741935484,45.7096774193548,31,64
600,10,52.7096774193548,43.6451612903226,31,62
700,10,53.25,48.53125,32,62
800,10,55.9117647058824,52.1176470588235,34,66
900,10,62.59375,54.09375,32,64
1000,10,62.2258064516129,49.0967741935484,31,62
1100,10,57.96875,45.09375,32,62
1200,10,60.8235294117647,41.1176470588235,34,66
1300,10,64.4117647058824,36.9117647058824,34,64
1400,10,62.65625,32.71875,32,64
1500,10,57,31.3870967741935,31,62
1600,10,60.3235294117647,26.3235294117647,34,64
1700,10,62.7,22.4,30,62
1800,10,67.5757575757576,24.7575757575758,33,64
1900,10,71.1935483870968,26.5483870967742,31,64
2000,10,74.84375,31.15625,32,64
2100,10,75.90625,34.71875,32,64
2200,10,79.9090909090909,35.4848484848485,33,64
2300,10,82.90625,40.03125,32,62
2400,10,85.0277777777778,44.4166666666667,36,68
2500,10,87.9677419354839,46.741935483871,31,64
2600,10,92.09375,42.625,32,64
2700,10,96.8,37.2,30,64
2800,10,102.277777777778,36.3333333333333,36,66
2900,10,107.46875,34.8125,32,62
3000,10,113.428571428571,28.8285714285714,35,66
3100,10,117,26.5,32,62
3200,10,122.75,28.25,32,62
3300,10,124.96875,30.28125,32,64
3400,10,121.741935483871,32.0967741935484,31,62
3500,10,119.375,35.46875,32,64
3600,10,114.8125,38.375,32,64
3700,10,109.03125,36.5,32,64
3800,10,103.69696969697,36.1818181818182,33,66
3900,10,97.0909090909091,36.6969696969697,33,62
4000,10,91.2058823529412,37.9117647058823,34,64
4100,10,88.1875,39.59375,32,66
4200,10,85.0294117647059,36.235294117647,34,64
4300,10,85,33.5,34,62
4400,10,90.1176470588235,28.5,34,64
4500,10,88.3428571428572,22.7714285714286,35,64
4600,10,88.030303030303,18.3333333333333,33,66
4700,10,92.939393939394,17.1515151515152,33,66
4800,10,97.59375,16.84375,32,64
4900,10,100.485714285714,13.5428571428571,35,66
5000,10,100.176470588235,7.1764705882353,34,62
5100,10,97,6.58823529411765,34,64
5200,10,91.2222222222222,5.77777777777778,27,62
5300,10,87.9999999999999,10.3333333333333,33,64
5400,10,88.7878787878788,15.8181818181818,33,66
5500,10,93.0882352941176,20.7647058823529,34,64
5600,10,91,23.5,34,62
5700,10,86.7575757575758,19,33,64
5800,10,83.9374999999999,19.90625,32,64
5900,10,84.2857142857143,17.1714285714286,35,64
6000,10,87.5625,13.71875,32,62
6100,10,90.9117647058823,17.5,34,66
6200,10,93.0645161290323,13.3870967741935,31,64
6300,10,93.3125,10.8125,32,64
6400,10,87.6363636363636,8.93939393939394,33,66
6500,10,84.9,6.53333333333333,30,64
6600,10,79.75,2.4375,32,66
6700,10,81.0666666666667,-2.73333333333332,30,62
6800,10,81.3235294117647,-7.41176470588236,34,64
6900,10,84.34375,-9.59375,32,62
7000,10,86.53125,-5.96875,32,64
7100,10,87.3225806451613,0.58064516129032,31,62
7200,10,91.2727272727273,7.84848484848484,33,66
7300,10,94.7714285714285,3.08571428571429,35,64
7400,10,96.0588235294118,-0.558823529411754,34,64
7500,10,101.030303030303,-0.242424242424235,33,64
7600,10,104.0625,4.09375,32,64
7700,10,105.870967741935,9.96774193548387,31,62
7800,10,103.625,14.15625,32,66
7900,10,100.741935483871,10.1935483870968,31,64
8000,10,96.0967741935484,10.2903225806452,31,64
8100,10,92.1176470588235,14.5294117647059,34,66
8200,10,89.0967741935484,18.1935483870968,31,62
8300,10,92.4411764705882,22.7941176470588,34,64
8400,10,98.3030303030303,23,33,64
8500,10,97.75,27.8125,32,64
8600,10,92.7714285714285,28.5714285714286,35,64
8700,10,86.25,27.7777777777778,36,66
8800,10,84.65625,23.78125,32,62
8900,10,80.1764705882353,19.5588235294118,34,66
9000,10,74.375,19.78125,32,64
9100,10,72.0967741935484,16.9677419354839,31,64
9200,10,76.5757575757576,10.969696969697,33,62
9300,10,78.2285714285714,6.25714285714285,35,64
9400,10,79.6176470588235,0.911764705882348,34,64
9500,10,81.65625,-1.78125,32,62
9600,10,88,-2.3125,32,64
9700,10,90.1333333333334,-7.03333333333336,30,62
9800,10,87.1612903225807,-11.5806451612903,31,64
9900,10,86.483870967742,-13.7096774193548,31,66
10000,10,82.2121212121212,-13.4545454545455,33,66
0,11,50,49.6666666666667,3,20
100,11,53.3125,44.09375,32,64
200,11,58.0666666666667,43.4,30,64
300,11,56.5,39.8666666666667,30,62
400,11,58.4375,33.625,32,64
500,11,62.6875,34.625,32,62
600,11,67.09375,34.3125,32,62
700,11,72.1764705882353,35.6764705882353,34,66
800,11,79,35.6764705882353,34,68
900,11,84.4193548387097,34.0967741935484,31,66
1000,11,83.9375,30.84375,32,62
1100,11,89.3939393939394,25.2121212121212,33,64
1200,11,92.516129032258,25.6451612903226,31,62
1300,11,97.0882352941176,25.3529411764706,34,64
1400,11,99.75,20.625,32,66
1500,11,102.9375,16.15625,32,62
1600,11,106.176470588235,10,34,64
1700,11,108.78125,1.875,32,62
1800,11,110.352941176471,-1.32352941176472,34,64
1900,11,113.333333333333,-4.1818181818182,33,64
2000,11,114.935483870968,-2.3225806451613,31,62
2100,11,109.241379310345,-0.448275862068954,29,62
2200,11,104,2.46666666666667,30,62
2300,11,99.90625,0.625,32,66
2400,11,98.4848484848485,-3.6060606060606,33,62
2500,11,93.71875,-6,32,62
2600,11,90.875,-8.4375,32,64
2700,11,87.0606060606061,-10.7272727272727,33,66
2800,11,82.9032258064516,-6.87096774193546,31,62
2900,11,78.3823529411765,-7.1764705882353,34,64
3000,11,74.5625,-12.1875,32,66
3100,11,72.030303030303,-16.3939393939394,33,64
3200,11,69.7741935483871,-18.8064516129032,31,62
3300,11,68.40625,-22.46875,32,64
3400,11,73.3529411764706,-24.4117647058823,34,66
3500,11,71.7428571428571,-31.5428571428572,35,64
3600,11,73.1935483870968,-37.3225806451613,31,64
3700,11,75.4117647058823,-42.4705882352941,34,68
3800,11,79.8125,-44.6875,32,64
3900,11,84.40625,-50.09375,32,64
4000,11,89.0909090909091,-54.7878787878788,33,62
4100,11,93.2,-59.6571428571429,35,66
4200,11,98.5882352941176,-61.8823529411765,34,64
4300,11,102.424242424242,-66.2424242424242,33,64
4400,11,107.647058823529,-67.9411764705882,34,64
4500,11,111.735294117647,-65.8823529411765,34,68
4600,11,116.424242424242,-69.5757575757576,33,62
4700,11,117.969696969697,-71.969696969697,33,66
4800,11,117.083333333333,-75.9722222222222,36,64
4900,11,115.571428571429,-81.0571428571428,35,64
5000,11,116.787878787879,-87.6666666666667,33,66
5100,11,111.470588235294,-90.1764705882353,34,66
5200,11,106.258064516129,-89.9032258064516,31,62
5300,11,102.848484848485,-93.3333333333333,33,66
5400,11,103.466666666667,-99,30,62
5500,11,100.485714285714,-104.114285714286,35,64
5600,11,98.2727272727273,-108.212121212121,33,66
5700,11,97.21875,-111.65625,32,62
5800,11,99.3235294117647,-117.382352941176,34,64
5900,11,102.058823529412,-120.941176470588,34,64
6000,11,101.242424242424,-125.090909090909,33,64
6100,11,99.7647058823529,-130.852941176471,34,64
6200,11,92.6285714285714,-134.171428571429,35,66
6300,11,87.5625,-137.4375,32,62
6400,11,90.7647058823529,-134.382352941176,34,64
6500,11,95.7878787878788,-136.878787878788,33,66
6600,11,97.7428571428572,-142.257142857143,35,66
6700,11,97.3823529411765,-149.147058823529,34,64
6800,11,96.5151515151515,-150.363636363636,33,64
6900,11,96.2941176470588,-143.441176470588,34,66
7000,11,94.8787878787879,-140.69696969697,33,64
7100,11,90.875,-135.65625,32,64
7200,11,93.3529411764706,-134.294117647059,34,64
7300,11,97.75,-137.21875,32,66
7400,11,99.5806451612903,-138.58064516129,31,64
7500,11,106.058823529412,-140.558823529412,34,64
7600,11,111.0625,-141.1875,32,64
7700,11,115.78125,-138,32,66
7800,11,113.470588235294,-134.764705882353,34,64
7900,11,107.764705882353,-134.117647058824,34,66
8000,11,103.666666666667,-132.966666666667,30,62
8100,11,99.375,-132.21875,32,64
8200,11,95.5428571428571,-126.914285714286,35,64
8300,11,101.7,-126.533333333333,30,62
8400,11,111.375,-125.78125,32,64
8500,11,115.363636363636,-128.727272727273,33,66
8600,11,117.65625,-130.09375,32,66
8700,11,121,-135,35,64
8800,11,118.935483870968,-139.741935483871,31,62
8900,11,118.21875,-142.8125,32,62
9000,11,114.272727272727,-141.818181818182,33,64
9100,11,113.828571428571,-135.428571428571,35,66
9200,11,115.911764705882,-132.647058823529,34,64
9300,11,122.612903225806,-133.258064516129,31,62
9400,11,127.625,-136.09375,32,62
9500,11,125.058823529412,-139.764705882353,34,64
9600,11,121.371428571429,-140.771428571429,35,64
9700,11,116.354838709677,-146.387096774194,31,62
9800,11,111.90625,-148.0625,32,64
9900,11,104.676470588235,-149.411764705882,34,64
10000,11,98.78125,-146.65625,32,64
0,12,50,50,1,8
100,12,45.5454545454546,46.7272727272727,33,64
200,12,43.7096774193548,38.8709677419355,31,64
300,12,43.5151515151515,33.8484848484849,33,64
400,12,40.4242424242424,29.5151515151515,33,64
500,12,38.969696969697,26.7878787878788,33,64
600,12,32.3125,28.96875,32,64
700,12,33.0606060606061,32.7272727272727,33,66
800,12,37.4375,32.96875,32,64
900,12,42.09375,36.6875,32,66
1000,12,47.2727272727273,41.2121212121212,33,64
1100,12,48.4117647058823,45.2352941176471,34,66
1200,12,48.7714285714286,49.9142857142857,35,64
1300,12,53.3636363636364,52.1212121212121,33,64
1400,12,54.5757575757576,47.969696969697,33,62
1500,12,55.5625,42.6875,32,64
1600,12,56.2258064516129,39,31,62
1700,12,52.5428571428571,34.9142857142857,35,66
1800,12,49.7428571428572,29.2285714285714,35,66
1900,12,53.2285714285714,26.3428571428571,35,66
2000,12,59.75,25.28125,32,62
2100,12,64.969696969697,21.4242424242424,33,64
2200,12,67.34375,14.65625,32,62
2300,12,66.6060606060606,9.12121212121212,33,64
2400,12,68.7575757575758,4.3030303030303,33,62
2500,12,69.0909090909091,-2.12121212121212,33,64
2600,12,66.7714285714286,-7,35,64
2700,12,63.3235294117647,-10.9117647058823,34,66
2800,12,62.3428571428571,-16.9428571428572,35,64
2900,12,64.3939393939394,-22.9393939393939,33,64
3000,12,69.8709677419355,-23.9032258064516,31,62
3100,12,74.9032258064516,-23.9354838709677,31,62
3200,12,78.6774193548387,-22.516129032258,31,62
3300,12,83.1176470588235,-24.3823529411765,34,64
3400,12,85.7878787878788,-28.2121212121212,33,66
3500,12,84.3823529411765,-35.0294117647059,34,66
3600,12,86.96875,-39.46875,32,64
3700,12,88.5625,-44.09375,32,62
3800,12,86.1470588235294,-47.6764705882353,34,64
3900,12,83.7878787878788,-51.969696969697,33,64
4000,12,77.3030303030303,-53.4242424242424,33,64
4100,12,72.4,-52.6,30,64
4200,12,64.969696969697,-51.1515151515151,33,64
4300,12,59.8125,-48.75,32,62
4400,12,55.6875,-48.375,32,62
4500,12,50.0285714285714,-47.4,35,64
4600,12,45.5151515151515,-48.6060606060606,33,62
4700,12,42.09375,-50.8125,32,64
4800,12,38,-56.1515151515151,33,64
4900,12,34.125,-56.6875,32,64
5000,12,33.0588235294118,-53.0882352941177,34,64
5100,12,33.741935483871,-47.1290322580645,31,62
5200,12,29.3714285714286,-44.8571428571429,35,66
5300,12,25.9375,-50.25,32,62
5400,12,30.8571428571429,-51.8,35,66
5500,12,34.6875,-53.40625,32,62
5600,12,39.4838709677419,-55.2258064516129,31,64
5700,12,42.1470588235294,-51.5588235294118,34,66
5800,12,41.3333333333333,-44.4666666666667,30,62
5900,12,41.1290322580645,-40.1290322580645,31,62
6000,12,38.84375,-35.6875,32,64
6100,12,41.2903225806452,-31.258064516129,31,62
6200,12,44.7575757575758,-30.6666666666667,33,62
6300,12,42.4516129032258,-33.7096774193548,31,62
6400,12,37.6666666666667,-40.8181818181818,33,64
6500,12,33.875,-38.1875,32,62
6600,12,30.1818181818182,-40.969696969697,33,62
6700,12,26.5588235294118,-44.4411764705882,34,64
6800,12,23.969696969697,-48.1818181818182,33,64
6900,12,21.4857142857143,-54.6,35,64
7000,12,23.1470588235294,-57.4411764705882,34,64
7100,12,22.4242424242424,-51.3333333333333,33,62
7200,12,18.3142857142857,-50.0571428571429,35,66
7300,12,13.46875,-50.9375,32,62
7400,12,16.6363636363636,-53.6363636363636,33,64
7500,12,21.3235294117647,-49.7941176470588,34,66
7600,12,21.34375,-47.375,32,64
7700,12,19.5757575757576,-41.6060606060606,33,64
7800,12,14.7941176470588,-38.235294117647,34,64
7900,12,15.7352941176471,-33.9117647058823,34,64
8000,12,19.1764705882353,-31.0588235294118,34,66
8100,12,23.3333333333333,-26.4242424242424,33,64
8200,12,27.4375,-21.0625,32,64
8300,12,25.4242424242424,-17,33,66
8400,12,23.7272727272727,-12.3636363636364,33,62
8500,12,19.6969696969697,-11,33,64
8600,12,15.7941176470588,-14.7058823529412,34,64
8700,12,11.8787878787879,-16.4242424242424,33,64
8800,12,6.24242424242424,-14.3333333333333,33,64
8900,12,0.911764705882353,-11.8529411764706,34,64
9000,12,0.323529411764705,-7.08823529411764,34,64
9100,12,4.78125,-6.0625,32,64
9200,12,10.7272727272727,-4.45454545454544,33,64
9300,12,17.5142857142857,-1.59999999999998,35,66
9400,12,20.875,2.15625,32,62
9500,12,23.8857142857143,5.88571428571429,35,64
9600,12,28.2903225806452,5.54838709677419,31,62
9700,12,31.4193548387097,8.03225806451613,31,62
9800,12,33,12.8064516129032,31,64
9900,12,37.96875,12.34375,32,64
10000,12,41.5483870967742,8.70967741935483,31,64
0,13,50,50,1,8
100,13,48.78125,45.96875,32,64
200,13,47.8823529411765,43.0588235294118,34,64
300,13,51.6129032258064,38.9677419354839,31,62
400,13,53.969696969697,41.7272727272727,33,64
500,13,56.5151515151515,46.6666666666667,33,66
600,13,56.6571428571429,52.8857142857143,35,68
700,13,57.939393939394,57.8484848484849,33,64
800,13,61.59375,61.53125,32,64
900,13,65.969696969697,59.3333333333333,33,64
1000,13,70.5588235294118,54.764705882353,34,64
1100,13,76,51.4838709677419,31,64
1200,13,74.34375,47.09375,32,62
1300,13,70.125,41.6875,32,64
1400,13,67.9393939393939,40.9090909090909,33,64
1500,13,67.625,35.09375,32,64
1600,13,71.1612903225806,31.0645161290323,31,62
1700,13,76,34.8235294117647,34,64
1800,13,72.8,39.0857142857143,35,64
1900,13,68.2727272727273,39.4848484848485,33,64
2000,13,66.2727272727273,35.3939393939394,33,64
2100,13,72.3428571428571,34.0571428571428,35,64
2200,13,76.2258064516129,35.4193548387097,31,62
2300,13,74.5151515151515,39.1212121212121,33,64
2400,13,70.6666666666666,37.0606060606061,33,62
2500,13,72.0645161290323,33.0967741935484,31,62
2600,13,75.8666666666667,30.1666666666667,30,60
2700,13,80.3548387096774,31.7096774193548,31,62
2800,13,87.2,30,30,62
2900,13,92.1290322580645,31.6774193548387,31,62
3000,13,96.9090909090909,28.3636363636364,33,64
3100,13,103.5,27.6875,32,66
3200,13,108.114285714286,24.2285714285714,35,66
3300,13,110.09375,22.625,32,62
3400,13,106.176470588235,23.5588235294118,34,64
3500,13,100.5,24.7058823529412,34,62
3600,13,96.0645161290323,22.8064516129032,31,62
3700,13,100.46875,17.9375,32,62
3800,13,104.121212121212,15.2424242424242,33,64
3900,13,109.15625,11.5625,32,62
4000,13,112.636363636364,9.27272727272728,33,66
4100,13,118.272727272727,8.93939393939394,33,64
4200,13,123.3125,7.4375,32,64
4300,13,128.171428571429,10.7142857142857,35,66
4400,13,133.4375,11.375,32,64
4500,13,138.030303030303,10.969696969697,33,64
4600,13,142.272727272727,14.2727272727273,33,64
4700,13,144.628571428571,17.5714285714286,35,66
4800,13,147.15625,20.6875,32,64
4900,13,151.28125,21.03125,32,62
5000,13,157.225806451613,19.5806451612903,31,62
5100,13,161.909090909091,16.5454545454545,33,62
5200,13,165.558823529412,19.2647058823529,34,66
5300,13,169.909090909091,22.5454545454545,33,62
5400,13,175.166666666667,19.7333333333333,30,62
5500,13,178.542857142857,14.1142857142857,35,66
5600,13,180.90625,10.6875,32,66
5700,13,184.870967741935,13.0967741935484,31,64
5800,13,187.875,18.15625,32,62
5900,13,194.4375,22.34375,32,62
6000,13,195.058823529412,26.6764705882353,34,66
6100,13,188.483870967742,25.4516129032258,31,62
6200,13,188.34375,21.75,32,64
6300,13,185.71875,17.1875,32,62
6400,13,184.647058823529,13.0588235294118,34,64
6500,13,182.606060606061,10.8181818181818,33,64
6600,13,178,13.8611111111111,36,66
6700,13,176.354838709677,17.0967741935484,31,62
6800,13,177.388888888889,21.8611111111111,36,64
6900,13,182.969696969697,24.6666666666667,33,64
7000,13,188.117647058824,28.5882352941176,34,64
7100,13,192.787878787879,30.6363636363636,33,66
7200,13,196.161290322581,32.8387096774194,31,62
7300,13,199.515151515152,37.030303030303,33,64
7400,13,201.727272727273,31.8787878787879,33,66
7500,13,197.387096774194,28.7741935483871,31,64
7600,13,192.258064516129,26.8709677419355,31,64
7700,13,186.558823529412,21.3235294117647,34,64
7800,13,183.352941176471,17.3235294117647,34,64
7900,13,182.393939393939,13.5151515151515,33,62
8000,13,177.9375,8.4375,32,66
8100,13,172.771428571429,8.74285714285714,35,64
8200,13,176.69696969697,14.0606060606061,33,64
8300,13,179.5,18.625,32,62
8400,13,182.090909090909,25.5151515151515,33,62
8500,13,185.25,27.6875,32,64
8600,13,189.625,25.3125,32,64
8700,13,193.636363636364,29,33,64
8800,13,195.0625,33.375,32,62
8900,13,194.081081081081,36.1621621621622,37,66
9000,13,186.818181818182,33.2727272727273,33,62
9100,13,182.967741935484,30.4516129032258,31,64
9200,13,189.352941176471,32.3235294117647,34,64
9300,13,191.558823529412,35.8529411764706,34,64
9400,13,190.823529411765,41.5588235294118,34,64
9500,13,196.4375,41.25,32,64
9600,13,200.882352941176,37.1470588235294,34,64
9700,13,206.28125,39.84375,32,62
9800,13,210.645161290323,41.6129032258065,31,62
9900,13,211.387096774194,47.1612903225807,31,62
10000,13,209.129032258065,51.258064516129,31,66
0,14,50.5,50.5,2,14
100,14,53.3666666666667,53.0333333333333,30,62
200,14,59.7941176470588,53.8529411764706,34,66
300,14,62.0909090909091,58.1515151515152,33,64
400,14,62.7575757575758,64.1818181818182,33,64
500,14,61.8181818181818,68.9090909090909,33,64
600,14,62.8823529411765,74.3235294117647,34,66
700,14,66.5882352941177,78.1176470588235,34,64
800,14,62.7428571428572,83.7714285714286,35,64
900,14,62.2941176470588,86.3529411764706,34,66
1000,14,63.1875,90.96875,32,64
1100,14,63.9032258064516,94.6129032258064,31,62
1200,14,67.2903225806452,98.5483870967742,31,60
1300,14,69.5588235294118,103.970588235294,34,64
1400,14,77.8484848484848,102.636363636364,33,64
1500,14,78.4375,101.15625,32,62
1600,14,74.0625,97.8125,32,64
1700,14,68,98.5483870967742,31,62
1800,14,64.2941176470588,96.7941176470588,34,64
1900,14,58.3333333333333,93.9393939393939,33,62
2000,14,53.3636363636364,96.3333333333333,33,64
2100,14,48.1515151515152,98.0606060606061,33,66
2200,14,43,92.7352941176471,34,64
2300,14,38.2121212121212,91.7878787878788,33,64
2400,14,35.34375,96.6875000000001,32,62
2500,14,34.764705882353,101.911764705882,34,64
2600,14,40.15625,106.25,32,64
2700,14,43.46875,103.9375,32,64
2800,14,46.030303030303,97.4242424242424,33,62
2900,14,45.9333333333333,91.1666666666667,30,62
3000,14,43.8181818181818,83.969696969697,33,62
3100,14,39.4242424242424,85.5757575757576,33,62
3200,14,37.9032258064516,89.4516129032258,31,66
3300,14,32.40625,87.46875,32,64
3400,14,28.6969696969697,85.0909090909091,33,62
3500,14,23.625,83.21875,32,64
3600,14,20.6363636363636,80.3030303030303,33,66
3700,14,15.0588235294118,81.9411764705883,34,64
3800,14,8.4,83.6857142857143,35,64
3900,14,8.15625,89.8125,32,62
4000,14,12.3666666666667,94.5666666666667,30,62
4100,14,9.59375,95.6562500000001,32,64
4200,14,8.8,99.7666666666667,30,62
4300,14,2.51515151515152,104.484848484848,33,64
4400,14,4.45454545454545,107.575757575758,33,64
4500,14,8.36666666666667,111.233333333333,30,62
4600,14,13.1333333333333,114.233333333333,30,62
4700,14,19.0833333333333,115.694444444444,36,66
4800,14,23.96875,116.90625,32,62
4900,14,24.258064516129,112.451612903226,31,64
5000,14,24.8125,107.5,32,62
5100,14,22,101.21875,32,62
5200,14,21.4411764705882,95.0882352941176,34,66
5300,14,24.5483870967742,91.741935483871,31,62
5400,14,23.8787878787879,87.6060606060606,33,64
5500,14,20.1666666666667,87.9,30,62
5600,14,14.9375,89.09375,32,62
5700,14,6.87878787878788,90.4848484848485,33,64
5800,14,1.48387096774194,90.258064516129,31,62
5900,14,4.34375,92.90625,32,66
6000,14,12.8529411764706,90.9705882352941,34,64
6100,14,17,86.3870967741935,31,60
6200,14,19.4848484848485,81.4848484848485,33,64
6300,14,20.6470588235294,76.2647058823529,34,66
6400,14,16.1764705882353,70.5,34,64
6500,14,17.5625,66.1875,32,62
6600,14,14.96875,61.5625,32,66
6700,14,11.1612903225806,60.6129032258065,31,62
6800,14,11.3939393939394,55.3939393939394,33,64
6900,14,9.61764705882353,50.9411764705882,34,66
7000,14,7.91176470588235,44.5588235294118,34,66
7100,14,7.19354838709677,40.3225806451613,31,62
7200,14,7.8235294117647,34.764705882353,34,64
7300,14,3,28.6060606060606,33,64
7400,14,-0.757575757575765,24.969696969697,33,64
7500,14,-2.53333333333332,18.7333333333333,30,60
7600,14,-2.24242424242424,14.5757575757576,33,62
7700,14,-3,7.57575757575758,33,64
7800,14,-7.84848484848486,5.84848484848484,33,62
7900,14,-13.5161290322581,5.6774193548387,31,64
8000,14,-18.2424242424243,4.15151515151516,33,66
8100,14,-20.8484848484849,4.72727272727273,33,62
8200,14,-22.0645161290323,9.35483870967742,31,66
8300,14,-27.125,13,32,64
8400,14,-31.9411764705882,15.3823529411765,34,66
8500,14,-35.9090909090909,18.1818181818182,33,64
8600,14,-41.0909090909091,18.1212121212121,33,66
8700,14,-45.1764705882353,14.4411764705882,34,64
8800,14,-48.9411764705882,18.7941176470588,34,64
8900,14,-54.1470588235294,19.0588235294118,34,64
9000,14,-57.875,23.90625,32,62
9100,14,-60.1612903225806,28.2258064516129,31,64
9200,14,-61.1212121212121,36.6363636363636,33,66
9300,14,-63.4375,40.40625,32,64
9400,14,-67.6666666666667,43.4242424242424,33,62
9500,14,-73.4848484848485,42.969696969697,33,64
9600,14,-76.9375,39.84375,32,62
9700,14,-79.3529411764706,35.6470588235294,34,66
9800,14,-82.5757575757576,31.2727272727273,33,64
9900,14,-85.6857142857143,26.6571428571429,35,66
10000,14,-90.90625,23.71875,32,64
0,15,49.3333333333333,49,3,20
100,15,55.5161290322581,49.1935483870968,31,66
200,15,58.0571428571429,53.9428571428571,35,64
300,15,56.8611111111111,59.6111111111111,36,64
400,15,59.8484848484849,64.1212121212121,33,64
500,15,64.21875,61,32,62
600,15,67.78125,56.375,32,64
700,15,73.3870967741936,51.3548387096774,31,62
800,15,74.1612903225806,45.1290322580645,31,62
900,15,75,38,35,64
1000,15,81.15625,36,32,64
1100,15,86,32.15625,32,64
1200,15,91.5151515151515,28.6363636363636,33,66
1300,15,86.2258064516129,25.5161290322581,31,62
1400,15,82.4333333333333,19.7666666666667,30,62
1500,15,82.25,13.15625,32,62
1600,15,84.6,10.3142857142857,35,64
1700,15,89.0833333333333,8.22222222222222,36,66
1800,15,92.5454545454545,8.66666666666666,33,66
1900,15,95.65625,8.625,32,62
2000,15,93,2.82857142857143,35,64
2100,15,97,0.588235294117647,34,64
2200,15,101,4.125,32,62
2300,15,100.65625,7.09375,32,64
2400,15,97.5625,5.6875,32,62
2500,15,101.878787878788,2.78787878787879,33,64
2600,15,107.483870967742,0.774193548387097,31,62
2700,15,107.235294117647,-4.11764705882354,34,66
2800,15,104.903225806452,-7,31,62
2900,15,101.30303030303,-12.6060606060606,33,64
3000,15,104,-16.3333333333333,33,64
3100,15,104.875,-18.875,32,62
3200,15,105.787878787879,-23.8484848484848,33,64
3300,15,105.566666666667,-28.4,30,64
3400,15,102.647058823529,-31.5588235294118,34,66
3500,15,100.540540540541,-34.2162162162162,37,66
3600,15,99.3870967741936,-38.8387096774193,31,64
3700,15,93.2121212121212,-40.4545454545455,33,66
3800,15,86.5,-40.5,32,60
3900,15,79.7666666666667,-41.9666666666667,30,62
4000,15,76.4516129032258,-48.0967741935484,31,64
4100,15,79.5454545454546,-50.8484848484848,33,64
4200,15,80.7333333333333,-56.6333333333333,30,62
4300,15,84.5,-56,32,62
4400,15,90.1515151515152,-57.4545454545455,33,64
4500,15,94.03125,-52.28125,32,62
4600,15,95.4857142857143,-49.0285714285714,35,66
4700,15,100.09375,-46.21875,32,64
4800,15,104.75,-46.9375,32,66
4900,15,110.266666666667,-51.3333333333333,30,62
5000,15,115.142857142857,-52.8571428571429,35,68
5100,15,119.606060606061,-55.3939393939394,33,64
5200,15,123.090909090909,-53.1515151515151,33,64
5300,15,127.545454545455,-48.2727272727273,33,64
5400,15,133.424242424242,-44.4242424242424,33,64
5500,15,140.41935483871,-42.0645161290323,31,62
5600,15,142.264705882353,-46.1470588235294,34,66
5700,15,139.96875,-50.3125,32,64
5800,15,136.771428571429,-53.6857142857143,35,66
5900,15,130.21875,-55.46875,32,62
6000,15,124.914285714286,-52.6857142857143,35,64
6100,15,120.878787878788,-52.030303030303,33,64
6200,15,116.53125,-51.25,32,62
6300,15,111.0625,-51.40625,32,64
6400,15,104.147058823529,-53.7058823529412,34,64
6500,15,99.7272727272727,-50.9090909090909,33,66
6600,15,95.90625,-53.875,32,62
6700,15,92.8787878787879,-58.7272727272727,33,66
6800,15,88.5454545454546,-60.3636363636364,33,64
6900,15,87,-64.5,32,62
7000,15,87.7714285714286,-69.5428571428571,35,66
7100,15,91.5,-72.0588235294118,34,66
7200,15,96.25,-69.9444444444444,36,66
7300,15,100.15625,-67.0625,32,62
7400,15,103.529411764706,-63.5,34,64
7500,15,108.34375,-63.78125,32,62
7600,15,113.1875,-64.21875,32,66
7700,15,111.58064516129,-60.8709677419355,31,62
7800,15,106.441176470588,-64.6470588235294,34,66
7900,15,106.878787878788,-69.9393939393939,33,64
8000,15,111.40625,-70.5,32,64
8100,15,116.90625,-71.59375,32,62
8200,15,120.970588235294,-67.5588235294118,34,64
8300,15,125.735294117647,-66.5588235294118,34,64
8400,15,130.484848484848,-65.2424242424242,33,64
8500,15,129.121212121212,-62.7878787878788,33,64
8600,15,123.806451612903,-61.0645161290323,31,66
8700,15,119.242424242424,-60.3939393939394,33,64
8800,15,118.352941176471,-55.2647058823529,34,66
8900,15,117.411764705882,-49.5,34,64
9000,15,110.212121212121,-49,33,64
9100,15,109.6875,-52.9375,32,62
9200,15,106,-54,37,64
9300,15,102.484848484848,-56.6363636363636,33,64
9400,15,99.625,-61.46875,32,66
9500,15,99.4571428571429,-65.0857142857143,35,64
9600,15,98.3548387096774,-70.6774193548387,31,62
9700,15,95.8823529411764,-75.1470588235294,34,66
9800,15,92.1612903225806,-78.0645161290323,31,62
9900,15,91.4666666666666,-81.7666666666667,30,62
10000,15,96.4705882352941,-80.7647058823529,34,64
0,16,50,50,1,8
100,16,48.5625,53.53125,32,62
200,16,43.71875,54.40625,32,64
300,16,44.84375,57.53125,32,66
400,16,48.3125,57.15625,32,64
500,16,52.8484848484849,57.6060606060606,33,64
600,16,58.2941176470588,62.6470588235294,34,64
700,16,59.7741935483871,65.5161290322581,31,62
800,16,56.5357142857143,71.6071428571429,28,62
900,16,51.5,74.0333333333333,30,64
1000,16,49.1818181818182,74.4848484848485,33,64
1100,16,47.2352941176471,72.0588235294118,34,66
1200,16,43.4375,68.21875,32,62
1300,16,40.264705882353,66.7058823529412,34,64
1400,16,41.4193548387097,62.6774193548387,31,62
1500,16,47.1935483870968,63.1612903225806,31,66
1600,16,46.7352941176471,68.1764705882353,34,64
1700,16,44.5806451612903,73.0322580645161,31,62
1800,16,45.741935483871,79.3548387096774,31,64
1900,16,41.1212121212121,83.2424242424242,33,64
2000,16,37.8,86.7428571428572,35,66
2100,16,37.21875,91.8125,32,64
2200,16,37.1290322580645,99.4838709677419,31,62
2300,16,40.6875,102.59375,32,62
2400,16,46.34375,104.96875,32,66
2500,16,50.258064516129,101.709677419355,31,62
2600,16,52.2352941176471,98.2647058823529,34,66
2700,16,55.258064516129,95,31,62
2800,16,54.0625,87.09375,32,62
2900,16,54.5294117647059,82.7941176470588,34,66
3000,16,58.1764705882353,76.1764705882353,34,62
3100,16,53.1818181818182,76.0909090909091,33,64
3200,16,52.15625,81.4375,32,62
3300,16,53.3333333333333,87.2727272727273,33,66
3400,16,60.3103448275862,89.0689655172414,29,62
3500,16,60.25,93.4999999999999,32,62
3600,16,60.625,98.28125,32,62
3700,16,60.8235294117647,102.558823529412,34,66
3800,16,59.483870967742,106.870967741935,31,64
3900,16,62.0606060606061,108.151515151515,33,64
4000,16,64.1515151515152,104.848484848485,33,62
4100,16,68.6363636363637,102.757575757576,33,64
4200,16,70.1212121212121,101.333333333333,33,64
4300,16,65.28125,98.34375,32,62
4400,16,62.6666666666667,97.4242424242424,33,64
4500,16,57.6451612903226,96.0322580645161,31,62
4600,16,52.3125,94.4375,32,66
4700,16,49.375,102.09375,32,66
4800,16,46.2424242424242,104.424242424242,33,62
4900,16,41.1714285714286,108.685714285714,35,64
5000,16,39.969696969697,112.272727272727,33,64
5100,16,41.6451612903226,117.741935483871,31,60
5200,16,38.09375,118.375,32,62
5300,16,35.8235294117647,114.205882352941,34,66
5400,16,34.6666666666667,108.606060606061,33,64
5500,16,36.84375,104.96875,32,64
5600,16,36.9090909090909,97.8484848484849,33,62
5700,16,35,92.5,32,62
5800,16,30.1034482758621,91.0344827586207,29,62
5900,16,26.0571428571429,95.2857142857143,35,64
6000,16,23.40625,99.84375,32,64
6100,16,18.0322580645161,98.8064516129032,31,62
6200,16,15.6451612903226,95.9032258064516,31,64
6300,16,17.75,92.71875,32,64
6400,16,17.3870967741935,86.8064516129032,31,64
6500,16,14.2571428571429,82.5428571428571,35,64
6600,16,13.59375,77.4375,32,62
6700,16,12.0909090909091,72.6363636363636,33,68
6800,16,9.03030303030303,67.9393939393939,33,64
6900,16,2.08823529411765,64.7352941176471,34,64
7000,16,1.67741935483871,58.8709677419355,31,62
7100,16,-0.400000000000006,55.9333333333333,30,62
7200,16,3,52.5,32,62
7300,16,4.62857142857143,48.8,35,66
7400,16,3.34375,44.65625,32,62
7500,16,7.53125,42.34375,32,62
7600,16,13.2571428571429,44.1142857142857,35,64
7700,16,16.8823529411765,44.7941176470588,34,64
7800,16,19.8484848484848,40.1515151515152,33,62
7900,16,24.21875,36.46875,32,66
8000,16,24.09375,31.625,32,64
8100,16,25.7,28.4666666666667,30,62
8200,16,22.6060606060606,23.3333333333333,33,64
8300,16,26.90625,21.59375,32,64
8400,16,31,20.3030303030303,33,64
8500,16,35.9117647058824,22.9411764705882,34,64
8600,16,38,22.8181818181818,33,64
8700,16,41.6666666666667,20.8484848484848,33,66
8800,16,39.1724137931035,16.2068965517241,29,62
8900,16,37.7272727272727,11.0606060606061,33,64
9000,16,41.5357142857143,7.60714285714286,28,62
9100,16,47.3333333333333,4.93333333333334,30,62
9200,16,51,8.94117647058823,34,66
9300,16,53.71875,12.3125,32,62
9400,16,57.4848484848485,11.9393939393939,33,64
9500,16,60.2727272727273,11.2121212121212,33,64
9600,16,62.5142857142857,5.88571428571429,35,64
9700,16,61.9117647058824,3.64705882352941,34,64
9800,16,62.5,-1.46875,32,64
9900,16,59.4666666666667,-4.16666666666669,30,62
10000,16,54.9032258064516,-3,31,62
0,17,50,50,1,8
100,17,50.3235294117647,53.2941176470588,34,66
200,17,48,59,35,64
300,17,48.375,65.09375,32,62
400,17,48.6470588235294,71.4117647058824,34,64
500,17,50.5,76.8235294117647,34,66
600,17,48.1764705882353,80,34,64
700,17,41.3529411764706,79.2058823529412,34,64
800,17,40.25,74.09375,32,64
900,17,43.3529411764706,71.2941176470588,34,64
1000,17,48.1515151515151,68.5454545454546,33,64
1100,17,49.1818181818182,64.7575757575758,33,64
1200,17,46.5294117647059,60.7352941176471,34,64
1300,17,40.8181818181818,58.7272727272727,33,64
1400,17,36.7272727272727,61.6666666666667,33,66
1500,17,37.2727272727273,67.3030303030303,33,64
1600,17,37.2352941176471,72.9411764705882,34,66
1700,17,40.4848484848485,74.3333333333333,33,64
1800,17,45.9090909090909,80.4545454545455,33,62
1900,17,44.8529411764706,84.3529411764706,34,64
2000,17,44.96875,90.09375,32,62
2100,17,39.2121212121212,91.4848484848485,33,64
2200,17,41.8787878787879,93.0909090909091,33,64
2300,17,42.4193548387097,97.6774193548387,31,62
2400,17,40.625,102.65625,32,62
2500,17,39.875,108.9375,32,66
2600,17,34.0588235294118,111.705882352941,34,66
2700,17,29.0571428571429,112.571428571429,35,64
2800,17,23.2121212121212,112.333333333333,33,64
2900,17,20.0571428571429,115.885714285714,35,64
3000,17,18.90625,123.96875,32,64
3100,17,22.8823529411765,126,34,64
3200,17,29.625,126.34375,32,62
3300,17,32,122.451612903226,31,64
3400,17,35.5151515151515,119.090909090909,33,62
3500,17,40.1818181818182,113.969696969697,33,64
3600,17,41.3225806451613,108.645161290323,31,64
3700,17,42.5625,102.40625,32,64
3800,17,48.2857142857143,101.942857142857,35,66
3900,17,54.1470588235294,100.705882352941,34,64
4000,17,58.3939393939394,98.0303030303031,33,64
4100,17,61.5806451612903,99.1290322580645,31,64
4200,17,63.0294117647059,105.029411764706,34,64
4300,17,66.2121212121212,108.060606060606,33,64
4400,17,67.1142857142857,105.114285714286,35,64
4500,17,71.34375,101.4375,32,62
4600,17,75.84375,102.5625,32,62
4700,17,80.7714285714286,103.171428571429,35,66
4800,17,81.4375,99,32,64
4900,17,77.6363636363636,101.727272727273,33,64
5000,17,73.0606060606061,97.060606060606,33,66
5100,17,72.5,93.0937500000001,32,62
5200,17,73.53125,89.46875,32,64
5300,17,72.1515151515151,85.3939393939394,33,66
5400,17,69.4117647058824,81.1764705882353,34,66
5500,17,71.7714285714286,76.6857142857143,35,66
5600,17,76.9705882352941,75.9705882352941,34,64
5700,17,82.3428571428571,79.0571428571429,35,64
5800,17,85.09375,83.40625,32,66
5900,17,86.3333333333333,81.7878787878788,33,64
6000,17,84.5151515151515,78.1515151515152,33,62
6100,17,90.1818181818182,76.6363636363636,33,64
6200,17,93.7142857142857,73.8285714285714,35,64
6300,17,98.0666666666667,72.8666666666667,30,60
6400,17,101.8,70.6666666666667,30,62
6500,17,106.545454545455,64.7272727272727,33,64
6600,17,108.090909090909,60.9393939393939,33,64
6700,17,113.363636363636,60.8181818181818,33,64
6800,17,120.34375,60.28125,32,66
6900,17,124.424242424242,59.5757575757576,33,62
7000,17,130.264705882353,61.9117647058823,34,64
7100,17,128.117647058824,64.6470588235294,34,64
7200,17,125.5,61.71875,32,64
7300,17,121.885714285714,60.1714285714285,35,66
7400,17,117.914285714286,64.2285714285715,35,68
7500,17,118.628571428571,70,35,64
7600,17,122,74.96875,32,64
7700,17,126.818181818182,73.7575757575758,33,66
7800,17,128.823529411765,70.7647058823529,34,64
7900,17,129.457142857143,65.6857142857143,35,66
8000,17,129.352941176471,61.8235294117647,34,64
8100,17,122.9375,58.1875,32,64
8200,17,119.258064516129,55.3870967741936,31,60
8300,17,114.878787878788,55.969696969697,33,64
8400,17,119.484848484848,58.2727272727273,33,64
8500,17,124.375,56.28125,32,64
8600,17,130.088235294118,54.2647058823529,34,66
8700,17,135.212121212121,52.5151515151515,33,64
8800,17,139.379310344828,56.8275862068966,29,62
8900,17,140.15625,61.0625,32,64
9000,17,137.628571428571,66.2571428571429,35,66
9100,17,138.21875,71.78125,32,62
9200,17,140,77.0606060606061,33,64
9300,17,136.032258064516,80.8064516129032,31,62
9400,17,134.354838709677,83.5161290322581,31,64
9500,17,133.147058823529,81.0294117647059,34,64
9600,17,136.30303030303,77.4545454545454,33,64
9700,17,133.75,78.8125,32,62
9800,17,129.823529411765,83.2352941176471,34,66
9900,17,129.645161290323,87.3548387096774,31,62
10000,17,127.545454545455,91.8484848484849,33,64
0,18,49.5,50.5,2,14
100,18,52.5151515151515,51.3939393939394,33,64
200,18,56.4827586206897,51.0344827586207,29,62
300,18,58.5151515151515,46.7272727272727,33,64
400,18,56.6176470588235,41.8529411764706,34,64
500,18,54.28125,38.1875,32,64
600,18,49.7714285714286,32.4285714285714,35,64
700,18,49.75,28.21875,32,64
800,18,50.3030303030303,21.7575757575758,33,62
900,18,52.84375,20.375,32,60
1000,18,55.1212121212121,21.4848484848485,33,64
1100,18,55.0606060606061,27.6363636363636,33,64
1200,18,51.3636363636364,32.0909090909091,33,64
1300,18,47.8787878787879,33.7272727272727,33,64
1400,18,50.4571428571429,29.6571428571429,35,66
1500,18,54.5757575757576,28.7272727272727,33,64
1600,18,57.84375,21.46875,32,66
1700,18,57.2352941176471,17.0294117647059,34,66
1800,18,60.258064516129,12.1935483870968,31,62
1900,18,65.34375,10.78125,32,62
2000,18,68.1176470588235,6.41176470588235,34,66
2100,18,64.7741935483871,3.90322580645161,31,62
2200,18,59.1666666666667,5.2,30,64
2300,18,53.8823529411765,4.88235294117647,34,64
2400,18,51.21875,6.34375,32,64
2500,18,54.8529411764706,6.79411764705882,34,66
2600,18,61.5142857142857,4.08571428571428,35,68
2700,18,60.3529411764706,-1.6764705882353,34,64
2800,18,55.1764705882353,-1.44117647058825,34,64
2900,18,49.625,2.3125,32,62
3000,18,46.5151515151515,4.15151515151516,33,62
3100,18,40.5454545454545,6.27272727272727,33,64
3200,18,35.21875,5.46875,32,64
3300,18,27.8235294117647,3.82352941176471,34,66
3400,18,25.5142857142857,0.599999999999994,35,64
3500,18,21.6774193548387,-2.12903225806453,31,62
3600,18,18.0588235294118,-3.64705882352943,34,66
3700,18,13.9090909090909,-1.78787878787875,33,62
3800,18,13.0606060606061,-8.21212121212125,33,66
3900,18,18.2666666666667,-13.9,30,62
4000,18,22.28125,-17.6875,32,62
4100,18,27.0909090909091,-15.1515151515152,33,62
4200,18,31.0588235294118,-11.6764705882353,34,64
4300,18,29.3428571428571,-8.14285714285715,35,66
4400,18,28.5,-2.78571428571428,28,62
4500,18,30.2903225806452,1.74193548387096,31,62
4600,18,31.0625,8.46875,32,62
4700,18,32.4857142857143,11.9142857142857,35,66
4800,18,32.8787878787879,18.6969696969697,33,66
4900,18,27.6470588235294,21.9705882352941,34,64
5000,18,30.8529411764706,26.7647058823529,34,64
5100,18,33.6363636363636,28.4848484848485,33,64
5200,18,39.8181818181818,29.7878787878788,33,64
5300,18,45.1714285714286,29.4857142857143,35,66
5400,18,49.6363636363636,24.4545454545455,33,64
5500,18,54,19.7666666666667,30,64
5600,18,58.78125,16.9375,32,64
5700,18,55.28125,16.5625,32,62
5800,18,51.8529411764706,17.3235294117647,34,64
5900,18,47.969696969697,19.5757575757576,33,64
6000,18,46.6571428571429,18.0571428571428,35,64
6100,18,52.0882352941177,16.1470588235294,34,64
6200,18,54.40625,13.25,32,64
6300,18,51.4242424242424,10.9090909090909,33,64
6400,18,46.21875,10,32,66
6500,18,41.258064516129,6.12903225806451,31,62
6600,18,37.5277777777778,4.63888888888889,36,66
6700,18,34.0882352941177,7.58823529411765,34,64
6800,18,31.3823529411765,9.08823529411765,34,64
6900,18,28.6774193548387,6.41935483870968,31,64
7000,18,30.6451612903226,0.258064516129039,31,62
7100,18,28.6875,-5.46875,32,62
7200,18,26.5,-8,34,62
7300,18,22.6666666666667,-8.16666666666669,30,62
7400,18,16,-9.51612903225808,31,64
7500,18,10.625,-7.15625000000004,32,60
7600,18,7.85294117647059,-5.2941176470588,34,64
7700,18,8.26470588235294,2.29411764705883,34,64
7800,18,7.51612903225806,8.58064516129032,31,64
7900,18,6.42424242424242,14.6666666666667,33,62
8000,18,3.23529411764706,19.4705882352941,34,64
8100,18,3.76470588235294,25.4705882352941,34,66
8200,18,6.82352941176471,29.7352941176471,34,64
8300,18,9.34375,31.90625,32,62
8400,18,7.08571428571429,36.8857142857143,35,66
8500,18,5.02941176470588,39.0294117647059,34,64
8600,18,0.28125,38.53125,32,64
8700,18,-2.30555555555556,41.9722222222222,36,64
8800,18,-1.61290322580643,46.1935483870968,31,64
8900,18,0.529411764705884,47.9411764705882,34,64
9000,18,8.13513513513513,46.8918918918919,37,66
9100,18,10.9090909090909,41.2424242424242,33,64
9200,18,9.82857142857142,36.7142857142857,35,64
9300,18,5.61290322580645,36.5161290322581,31,64
9400,18,0.454545454545453,37.2121212121212,33,62
9500,18,0.59375,39.8125,32,64
9600,18,-3.06666666666666,42.9333333333333,30,62
9700,18,-6.82352941176472,47,34,64
9800,18,-4.73333333333332,50.9333333333333,30,62
9900,18,-0.8125,56.25,32,62
10000,18,0.72727272727272,62.030303030303,33,66
0,19,50.5,50,6,34
100,19,50.5,52.5,34,64
200,19,49.53125,50.53125,32,64
300,19,52.0322580645161,46.9354838709677,31,64
400,19,56.1176470588235,44.5882352941176,34,64
500,19,53.2121212121212,41.3636363636364,33,64
600,19,48.0625,39,32,64
700,19,42.8064516129032,40.5483870967742,31,64
800,19,45.15625,44.4375,32,62
900,19,49.09375,43.9375,32,62
1000,19,54.5,42,34,62
1100,19,59.7352941176471,46.3235294117647,34,66
1200,19,65.4242424242424,48.7575757575758,33,62
1300,19,72.4848484848485,44.2727272727273,33,64
1400,19,75.7058823529412,46.7058823529412,34,66
1500,19,81,41.3636363636364,33,64
1600,19,81.3548387096774,35.7096774193548,31,62
1700,19,75.6176470588235,31.7941176470588,34,66
1800,19,71.6451612903226,29.7096774193548,31,62
1900,19,75.4848484848485,27.3333333333333,33,64
2000,19,73.764705882353,23.1764705882353,34,64
2100,19,66.8709677419355,22.6129032258065,31,62
2200,19,61.8125,22.5,32,62
2300,19,57.2727272727273,25.1515151515151,33,62
2400,19,55.6129032258065,23.0967741935484,31,62
2500,19,55.3636363636364,17.5454545454545,33,64
2600,19,50.5666666666667,12.5666666666667,30,62
2700,19,52.1935483870968,8.12903225806452,31,64
2800,19,58.6470588235294,8.8235294117647,34,64
2900,19,60.9090909090909,12.9090909090909,33,64
3000,19,62.9310344827586,16.2413793103448,29,60
3100,19,69.0666666666667,13.5,30,64
3200,19,73.75,11.3125,32,64
3300,19,71.1875,10.8125,32,66
3400,19,66.7941176470588,13.9117647058823,34,64
3500,19,62.0606060606061,17.1212121212121,33,64
3600,19,60.15625,20.75,32,64
3700,19,64.5882352941177,22.6470588235294,34,66
3800,19,71.3225806451613,22.4516129032258,31,64
3900,19,74.1212121212121,15.8484848484848,33,64
4000,19,76.3529411764706,8.88235294117647,34,64
4100,19,83.3823529411765,8.32352941176471,34,66
4200,19,86.9090909090909,7.78787878787879,33,62
4300,19,84.7941176470588,13,34,68
4400,19,80.21875,14.375,32,64
4500,19,82.1212121212121,20.2121212121212,33,64
4600,19,75.9393939393939,22.6666666666667,33,62
4700,19,70.3870967741936,24.7741935483871,31,62
4800,19,71.5757575757576,29.0909090909091,33,64
4900,19,68.4117647058823,30.7647058823529,34,68
5000,19,63.7647058823529,31.3823529411765,34,66
5100,19,60.9375,28.375,32,64
5200,19,55.1290322580645,28.0967741935484,31,62
5300,19,49.9354838709677,29.9354838709677,31,64
5400,19,45.5428571428572,34.2,35,64
5500,19,41.2424242424242,31.3333333333333,33,62
5600,19,39.030303030303,23.8787878787879,33,64
5700,19,37.3870967741936,18.3548387096774,31,62
5800,19,34.2352941176471,13.2352941176471,34,64
5900,19,29.8333333333333,12.1,30,62
6000,19,26,14.78125,32,62
6100,19,22.21875,16.15625,32,64
6200,19,17.4516129032258,19.9032258064516,31,62
6300,19,11.6,17.3142857142857,35,68
6400,19,6.875,16.625,32,64
6500,19,2.73529411764706,16,34,64
6600,19,-1.56666666666666,14.5666666666667,30,62
6700,19,-6.51612903225804,19.0967741935484,31,62
6800,19,-8.67741935483872,22.6451612903226,31,62
6900,19,-11.7096774193548,24.5483870967742,31,62
7000,19,-18.0285714285714,25.7714285714286,35,66
7100,19,-22.060606060606,27.6666666666667,33,64
7200,19,-23,34.6571428571428,35,66
7300,19,-26.625,31.78125,32,64
7400,19,-31.125,27.84375,32,68
7500,19,-32.3870967741935,25.4838709677419,31,62
7600,19,-28.5,28.8125,32,62
7700,19,-23.1515151515152,29.969696969697,33,66
7800,19,-17.1176470588235,32.3823529411765,34,64
7900,19,-10.5161290322581,32.4838709677419,31,62
8000,19,-8.4375,35.0625,32,64
8100,19,-4.1875,34.28125,32,64
8200,19,1.67647058823529,32,34,64
8300,19,6.9375,30.1875,32,64
8400,19,8.5,25.71875,32,64
8500,19,12,21.0606060606061,33,64
8600,19,10.8484848484848,15.5151515151515,33,62
8700,19,17.0857142857143,15.3142857142857,35,64
8800,19,20.8,17.6333333333333,30,64
8900,19,24.030303030303,16.4242424242424,33,62
9000,19,28.0967741935484,18.8709677419355,31,62
9100,19,33.5588235294118,20.4411764705882,34,64
9200,19,37.0857142857143,19.4285714285714,35,64
9300,19,41.6969696969697,22.4242424242424,33,66
9400,19,42.9310344827586,27.4137931034483,29,60
9500,19,42.7666666666667,31.2,30,66
9600,19,47.25,31.3125,32,66
9700,19,47.7941176470588,36.7058823529412,34,64
9800,19,44.9705882352941,39.9705882352941,34,64
9900,19,43.3030303030303,43.7575757575758,33,62
10000,19,48.7575757575758,42.8484848484849,33,64
0,20,51.2,51.2,5,26
100,20,46.4333333333333,53.8,30,60
200,20,44.2285714285714,59.2571428571429,35,64
300,20,43.4857142857143,62.7142857142857,35,66
400,20,40.40625,66.875,32,62
500,20,36.0588235294118,68.4411764705882,34,64
600,20,29.7741935483871,66.741935483871,31,62
700,20,27.15625,64.65625,32,66
800,20,24.6764705882353,68.2647058823529,34,66
900,20,22.46875,72.25,32,62
1000,20,17.3428571428571,77.6285714285715,35,66
1100,20,14.0277777777778,78.9166666666667,36,64
1200,20,8.57575757575757,82.7575757575758,33,62
1300,20,3.46666666666667,83.5,30,62
1400,20,-0.935483870967744,82.6451612903226,31,62
1500,20,-1.94117647058825,76.8529411764706,34,64
1600,20,-0.685714285714283,72.4857142857143,35,66
1700,20,4.35483870967742,69.3870967741936,31,62
1800,20,5.06451612903226,62.5806451612903,31,60
1900,20,1.35294117647059,60.1470588235294,34,64
2000,20,-2.21875,60.625,32,66
2100,20,-8.1875,57.125,32,62
2200,20,-12.9666666666667,60,30,62
2300,20,-15.5757575757576,65.0909090909091,33,64
2400,20,-16.75,68.84375,32,64
2500,20,-19.0588235294118,71.7647058823529,34,68
2600,20,-24.2727272727273,69.5151515151515,33,66
2700,20,-28.5625,68.28125,32,64
2800,20,-30.5714285714286,63.9142857142857,35,64
2900,20,-34.6176470588235,63.1764705882353,34,64
3000,20,-37.2647058823529,64.6470588235294,34,66
3100,20,-38.34375,60.59375,32,62
3200,20,-41.1515151515151,55.7272727272727,33,62
3300,20,-37.3333333333333,49.6111111111111,36,66
3400,20,-36.34375,42.6875,32,62
3500,20,-37.7272727272727,38.9090909090909,33,64
3600,20,-34.7272727272727,34.3636363636364,33,64
3700,20,-39.3030303030303,30.2727272727273,33,64
3800,20,-39.8285714285714,21.5142857142857,35,66
3900,20,-36.4848484848485,23.8484848484849,33,64
4000,20,-37.6969696969697,27.0606060606061,33,64
4100,20,-33.7058823529412,32.5,34,62
4200,20,-36.8787878787879,37.8484848484849,33,64
4300,20,-36.9705882352941,43.6176470588235,34,64
4400,20,-40,46.2424242424242,33,64
4500,20,-45.2,47.4571428571429,35,64
4600,20,-48,44.21875,32,62
4700,20,-54.15625,43.8125,32,62
4800,20,-54.5151515151515,39.6060606060606,33,62
4900,20,-55.1818181818182,35.030303030303,33,62
5000,20,-59.4838709677419,36.1612903225806,31,62
5100,20,-64.0967741935484,37.7096774193548,31,64
5200,20,-68,35.2,35,66
5300,20,-72.2285714285714,33.3714285714286,35,64
5400,20,-77.5,33.5882352941176,34,64
5500,20,-81.6129032258064,32.5483870967742,31,62
5600,20,-86.21875,30.15625,32,64
5700,20,-90.5,29.46875,32,64
5800,20,-93.9090909090909,31.2727272727273,33,64
5900,20,-94.2352941176471,37.2941176470588,34,66
6000,20,-97.4411764705882,39.7941176470588,34,64
6100,20,-98.6363636363636,45.6969696969697,33,66
6200,20,-99.3,48.3666666666667,30,62
6300,20,-95.75,53.625,32,62
6400,20,-90,56.21875,32,62
6500,20,-90.0294117647059,59.9117647058823,34,64
6600,20,-87.4545454545455,62.969696969697,33,64
6700,20,-83.0909090909091,63.5454545454546,33,62
6800,20,-78.5454545454545,67,33,64
6900,20,-72.6363636363636,70.7272727272727,33,66
7000,20,-66.0645161290323,69.7096774193548,31,64
7100,20,-65.1212121212121,63.4545454545454,33,64
7200,20,-68.75,57.96875,32,66
7300,20,-69.264705882353,60.0294117647059,34,66
7400,20,-66.0294117647059,64.1470588235294,34,64
7500,20,-62.4117647058824,68.6176470588235,34,64
7600,20,-62.5151515151515,72.8484848484848,33,62
7700,20,-57.0909090909091,72.6969696969697,33,62
7800,20,-54.3636363636364,76.6363636363636,33,66
7900,20,-52.625,81.5625,32,66
8000,20,-49.7272727272727,86.060606060606,33,64
8100,20,-43.7666666666667,87.9,30,62
8200,20,-38.6333333333333,85.8666666666667,30,62
8300,20,-33.5,85.7647058823529,34,66
8400,20,-32.5757575757576,90.8181818181818,33,66
8500,20,-27.7666666666667,95.1666666666667,30,62
8600,20,-28.1935483870968,91.2903225806452,31,60
8700,20,-24.1764705882353,87.6470588235294,34,64
8800,20,-28.1034482758621,82.9310344827586,29,60
8900,20,-32.0967741935484,81.4838709677419,31,62
9000,20,-36.1875,84.40625,32,66
9100,20,-40.25,86.96875,32,66
9200,20,-40.0909090909091,91.9696969696969,33,64
9300,20,-38.28125,96.15625,32,62
9400,20,-38.4193548387097,100.903225806452,31,62
9500,20,-34.5,104.7,30,62
9600,20,-32.96875,109.4375,32,64
9700,20,-34.6176470588235,115.558823529412,34,66
9800,20,-36.8235294117647,120.088235294118,34,64
9900,20,-34,122.30303030303,33,64
10000,20,-29.4,121.966666666667,30,60
0,21,49,49,3,20
100,21,50.71875,45.34375,32,62
200,21,56.7272727272727,42.3939393939394,33,64
300,21,59.2424242424242,42.6666666666667,33,62
400,21,62.3636363636364,48.7575757575758,33,64
500,21,66.4193548387097,49.2903225806452,31,62
600,21,70.34375,46.125,32,64
700,21,71.2727272727273,41.6969696969697,33,64
800,21,63.5666666666667,38.6666666666667,30,62
900,21,61.7878787878788,36.9090909090909,33,64
1000,21,66.3125,33.84375,32,64
1100,21,68.09375,28.6875,32,64
1200,21,74.5757575757576,24.1212121212121,33,64
1300,21,77.3333333333333,21.030303030303,33,64
1400,21,74.3939393939394,17.2424242424242,33,64
1500,21,70.6470588235294,13.9117647058823,34,64
1600,21,69.6666666666667,9.33333333333333,30,64
1700,21,65.625,5.90625,32,64
1800,21,59.7241379310345,8.79310344827586,29,60
1900,21,57.1142857142857,13.9428571428571,35,64
2000,21,50.84375,17.65625,32,62
2100,21,47.7272727272727,16.7272727272727,33,64
2200,21,49.9090909090909,12.6969696969697,33,66
2300,21,47.1290322580645,8.64516129032258,31,66
2400,21,43.9354838709677,5.61290322580645,31,62
2500,21,47.84375,3.75,32,66
2600,21,51.8387096774194,1.51612903225806,31,64
2700,21,58.3125,-2.68749999999996,32,64
2800,21,57.7878787878788,-10.030303030303,33,64
2900,21,58.2571428571429,-15.9714285714286,35,66
3000,21,55.875,-19.375,32,64
3100,21,51.030303030303,-16.1212121212121,33,64
3200,21,49.6969696969697,-13.1818181818182,33,64
3300,21,50.1612903225806,-10.258064516129,31,64
3400,21,52.09375,-9.03125,32,62
3500,21,57.1,-9.56666666666668,30,60
3600,21,62.0606060606061,-8.93939393939394,33,66
3700,21,67.6129032258065,-2.45161290322579,31,62
3800,21,71.2424242424242,0.63636363636364,33,64
3900,21,73.3714285714286,5.57142857142857,35,64
4000,21,74.46875,10.625,32,64
4100,21,75.6,14.5333333333333,30,62
4200,21,76.7058823529412,18.5,34,62
4300,21,71.8181818181818,19.030303030303,33,62
4400,21,65.5151515151515,20.4242424242424,33,64
4500,21,67.2121212121212,24.3636363636364,33,64
4600,21,64.6969696969697,28.1515151515152,33,64
4700,21,64.030303030303,33.1818181818182,33,62
4800,21,65.8235294117647,38,34,64
4900,21,67.71875,41.9375,32,64
5000,21,75.15625,44.6875,32,64
5100,21,80.3611111111111,46.8888888888889,36,66
5200,21,84.3333333333333,47.7878787878788,33,64
5300,21,87.78125,47.25,32,64
5400,21,91.6363636363636,48.6060606060606,33,64
5500,21,95.2058823529412,44.8235294117647,34,66
5600,21,92.9375,40.09375,32,62
5700,21,88.2941176470588,38.5,34,62
5800,21,83.90625,34.96875,32,62
5900,21,80.7714285714286,33.9142857142857,35,64
6000,21,75.4,29.8666666666667,30,62
6100,21,74.5151515151515,24.4242424242424,33,66
6200,21,77.5483870967742,20.3225806451613,31,64
6300,21,80.6666666666667,22.6666666666667,30,66
6400,21,84.2903225806452,27.3225806451613,31,62
6500,21,85.9666666666667,28.1,30,62
6600,21,89.8484848484848,25.5151515151515,33,62
6700,21,91.5625,22.3125,32,62
6800,21,96.2121212121212,25.6363636363636,33,64
6900,21,94.2666666666667,28.3666666666667,30,62
7000,21,90.0294117647059,33.3235294117647,34,64
7100,21,90.46875,38.0625,32,62
7200,21,91,43.030303030303,33,64
7300,21,89.375,45.59375,32,64
7400,21,89.84375,40.6875,32,62
7500,21,88.9032258064516,34.1935483870968,31,60
7600,21,88.1351351351351,28.9459459459459,37,66
7700,21,84.7878787878788,27.1212121212121,33,64
7800,21,84.6666666666667,33.9333333333333,30,62
7900,21,83.7096774193548,37.0322580645161,31,64
8000,21,79.125,35.40625,32,62
8100,21,72.0277777777778,35.9166666666667,36,64
8200,21,70.59375,31.71875,32,64
8300,21,74.375,27.375,32,62
8400,21,78.5,25.7058823529412,34,62
8500,21,84.75,24.46875,32,62
8600,21,89.7714285714286,22.1714285714286,35,66
8700,21,90.5757575757576,18.5454545454545,33,64
8800,21,88.0967741935484,17.1612903225807,31,62
8900,21,83.75,11.625,32,62
9000,21,81.5151515151515,8.36363636363636,33,64
9100,21,78.7096774193548,3.80645161290323,31,64
9200,21,75.4722222222222,0.777777777777786,36,68
9300,21,72.7878787878788,-4.15151515151516,33,64
9400,21,71.1212121212121,-1.24242424242424,33,66
9500,21,71.060606060606,2.06060606060606,33,64
9600,21,74.4333333333333,6.73333333333333,30,60
9700,21,81.764705882353,9.64705882352941,34,64
9800,21,82.9375,5.40625,32,64
9900,21,79.7272727272727,1.18181818181819,33,64
10000,21,74.1470588235294,-2.11764705882352,34,64
0,22,50,50.5,2,14
100,22,54.5,50.6333333333333,30,66
200,22,59.4545454545455,49.9090909090909,33,62
300,22,63.6363636363636,47.030303030303,33,64
400,22,70.65625,48.4375,32,64
500,22,73.9354838709677,45.0967741935484,31,62
600,22,75.7058823529412,40.7941176470588,34,64
700,22,77.1176470588235,37.6176470588235,34,64
800,22,79.6666666666667,32.4545454545454,33,64
900,22,84.6363636363636,27.1212121212121,33,64
1000,22,85.5,20.75,32,62
1100,22,88.5757575757576,20.6666666666667,33,64
1200,22,91.3529411764706,25.9117647058824,34,64
1300,22,96.6969696969697,28.0606060606061,33,64
1400,22,102.529411764706,32.4411764705882,34,66
1500,22,109.366666666667,29.9,30,62
1600,22,110.9375,25.6875,32,64
1700,22,114.451612903226,21.2258064516129,31,62
1800,22,119.03125,19.15625,32,64
1900,22,123.484848484848,17.3333333333333,33,64
2000,22,126.878787878788,13.6666666666667,33,66
2100,22,125.9,9.1,30,62
2200,22,127.735294117647,1.94117647058823,34,66
2300,22,123.558823529412,-2.29411764705884,34,64
2400,22,118.645161290323,-5.19354838709675,31,62
2500,22,112.424242424242,-1.33333333333331,33,62
2600,22,109.21875,1,32,64
2700,22,102.228571428571,2,35,64
2800,22,102.588235294118,0.82352941176471,34,64
2900,22,105.41935483871,6.41935483870968,31,64
3000,22,104.454545454545,13,33,64
3100,22,99.03125,17.65625,32,66
3200,22,94.3636363636364,15,33,64
3300,22,93.1212121212121,18.3030303030303,33,64
3400,22,92.6562499999999,23.09375,32,62
3500,22,93.75,28.28125,32,62
3600,22,92.060606060606,34.5757575757576,33,64
3700,22,88.75,41.8125,32,64
3800,22,86.7666666666667,47.0666666666667,30,62
3900,22,81.3235294117647,49.0882352941177,34,64
4000,22,78.7142857142857,53.9714285714286,35,68
4100,22,76.6875,61.65625,32,62
4200,22,77.6451612903226,67.4516129032258,31,62
4300,22,81.7941176470588,65.1764705882353,34,66
4400,22,77.4375,60.5625,32,62
4500,22,73.84375,56.6875,32,62
4600,22,69.5151515151515,59.0909090909091,33,62
4700,22,69.483870967742,64.258064516129,31,62
4800,22,72.7058823529412,67.1470588235294,34,66
4900,22,76.516129032258,71,31,66
5000,22,77.2647058823529,80.4705882352941,34,64
5100,22,77.5454545454546,85.3333333333334,33,64
5200,22,79.2424242424242,90.9090909090909,33,62
5300,22,85.0285714285715,93.5714285714286,35,66
5400,22,87.8064516129032,94.8387096774194,31,62
5500,22,86.6969696969697,101.090909090909,33,62
5600,22,81.15625,104.8125,32,62
5700,22,75.21875,104.8125,32,62
5800,22,70.3636363636364,103.787878787879,33,64
5900,22,65.9142857142857,106.085714285714,35,66
6000,22,63.8125,112.125,32,64
6100,22,58.0645161290323,114.41935483871,31,62
6200,22,53.84375,113.375,32,60
6300,22,50.4375,112.4375,32,64
6400,22,44.8387096774194,112.387096774194,31,62
6500,22,40.4516129032258,112.741935483871,31,64
6600,22,36.5,113.388888888889,36,66
6700,22,31.6969696969697,112.757575757576,33,62
6800,22,28.4838709677419,114.032258064516,31,62
6900,22,24.3225806451613,114.129032258065,31,64
7000,22,24.4242424242424,118.848484848485,33,64
7100,22,20.7741935483871,120.870967741935,31,62
7200,22,19.3666666666667,119.166666666667,30,60
7300,22,24.1142857142857,117.057142857143,35,64
7400,22,29.4333333333333,115.933333333333,30,62
7500,22,31.0882352941177,110.735294117647,34,64
7600,22,33.5,104.125,32,66
7700,22,27.2352941176471,100.823529411765,34,64
7800,22,24.1612903225807,103.41935483871,31,62
7900,22,24.4375,108.21875,32,62
8000,22,24.969696969697,111.484848484848,33,66
8100,22,28.4242424242424,116.939393939394,33,64
8200,22,32.3529411764706,121.470588235294,34,64
8300,22,37.7352941176471,125,34,62
8400,22,44.3823529411765,124.676470588235,34,64
8500,22,45.7272727272727,121.181818181818,33,62
8600,22,50.625,124.375,32,62
8700,22,44.7272727272727,127.909090909091,33,64
8800,22,39.8709677419355,128.354838709677,31,66
8900,22,35.5806451612903,129.290322580645,31,62
9000,22,27.5142857142857,128.4,35,64
9100,22,30.0645161290323,131.41935483871,31,64
9200,22,36.09375,135.375,32,66
9300,22,40.6774193548387,131.129032258065,31,62
9400,22,43.28125,122.34375,32,62
9500,22,46.7714285714286,119.257142857143,35,64
9600,22,48.9714285714286,115.171428571429,35,64
9700,22,48.9705882352941,109.5,34,66
9800,22,47.5,105,34,62
9900,22,47.2424242424242,98.9090909090909,33,62
10000,22,49.2424242424242,93.9696969696969,33,64
0,23,50.4,50,5,28
100,23,46.0606060606061,49.2424242424242,33,64
200,23,42.8857142857143,44.8857142857143,35,64
300,23,41.5,40.2333333333333,30,64
400,23,44.28125,34.5625,32,64
500,23,48.6363636363636,29.3939393939394,33,64
600,23,52.9393939393939,28.6666666666667,33,64
700,23,56,33,31,62
800,23,56.7941176470588,36.3823529411765,34,66
900,23,61.84375,32.4375,32,62
1000,23,61.09375,28.25,32,66
1100,23,56.2258064516129,27.4516129032258,31,62
1200,23,50.5151515151515,27.9090909090909,33,66
1300,23,45.8823529411765,24.2941176470588,34,66
1400,23,40.21875,25.65625,32,62
1500,23,37.34375,28,32,66
1600,23,42,34.9090909090909,33,66
1700,23,48.625,35.625,32,62
1800,23,54.0666666666667,34.9,30,60
1900,23,56.84375,33.1875,32,64
2000,23,58,38.0588235294118,34,66
2100,23,54.0625,41.53125,32,62
2200,23,55.3235294117647,45.7352941176471,34,64
2300,23,52.4848484848485,44.030303030303,33,64
2400,23,45.4117647058823,43.7647058823529,34,66
2500,23,39.46875,42.0625,32,64
2600,23,38.5161290322581,37.1935483870968,31,66
2700,23,34.2727272727273,33.1515151515152,33,62
2800,23,31.3333333333333,28.4848484848485,33,64
2900,23,26.4333333333333,27.0333333333333,30,62
3000,23,21.0333333333333,29.7666666666667,30,64
3100,23,15.3870967741935,30.5806451612903,31,62
3200,23,10.5151515151515,32.8484848484849,33,62
3300,23,11.4193548387097,36.7741935483871,31,62
3400,23,7.5,40,32,62
3500,23,1.84375,42.71875,32,66
3600,23,2.6060606060606,46.5151515151515,33,62
3700,23,5.19354838709677,50.5161290322581,31,64
3800,23,11.0882352941176,53.7941176470588,34,64
3900,23,12.2571428571429,51.3714285714286,35,66
4000,23,7.20588235294118,48.1176470588235,34,64
4100,23,7.80645161290323,42.5806451612903,31,64
4200,23,6.46875,37.1875,32,64
4300,23,9.03125,33.625,32,64
4400,23,16.78125,33,32,62
4500,23,20.7058823529412,38.0588235294118,34,66
4600,23,20.8823529411765,42.7941176470588,34,64
4700,23,17.2571428571429,45.5428571428572,35,66
4800,23,14.0277777777778,41.6944444444444,36,64
4900,23,8.78125,40.34375,32,64
5000,23,3.41379310344828,41.8965517241379,29,62
5100,23,-3.6875,42.40625,32,62
5200,23,-8,40.2,30,62
5300,23,-14.1764705882353,40.0882352941177,34,64
5400,23,-15.9375,36.78125,32,64
5500,23,-19.7575757575758,34.3333333333333,33,62
5600,23,-23.8787878787879,35.6060606060606,33,66
5700,23,-25.5483870967742,37.8064516129032,31,60
5800,23,-27.3636363636364,44.030303030303,33,64
5900,23,-33.0625,50.6875,32,64
6000,23,-38.3548387096774,53,31,64
6100,23,-40.6470588235294,49.1470588235294,34,64
6200,23,-40.5,43.9705882352941,34,66
6300,23,-43.28125,38.84375,32,62
6400,23,-42.6969696969697,36.1818181818182,33,64
6500,23,-44.5294117647059,32.2352941176471,34,64
6600,23,-48.3823529411765,29.0294117647059,34,64
6700,23,-50.3225806451613,22.2903225806452,31,64
6800,23,-50.71875,15.3125,32,62
6900,23,-54.875,13.09375,32,64
7000,23,-58.5806451612903,12.0322580645161,31,64
7100,23,-62.8387096774194,9.74193548387097,31,62
7200,23,-66,5.96774193548387,31,64
7300,23,-66.2727272727273,10.4848484848485,33,64
7400,23,-63.6206896551724,9.3448275862069,29,64
7500,23,-67.15625,9.34375,32,64
7600,23,-70.8125,14.0625,32,64
7700,23,-75.9117647058823,16.0294117647059,34,64
7800,23,-80.90625,16.9375,32,62
7900,23,-85.0606060606061,19,33,64
8000,23,-88.71875,25.375,32,66
8100,23,-93.5666666666667,30.7666666666667,30,62
8200,23,-90.625,34.9375,32,62
8300,23,-87.3666666666667,36.7,30,62
8400,23,-84.1176470588235,40.764705882353,34,64
8500,23,-86.8484848484848,46.4848484848485,33,62
8600,23,-89.7741935483871,52.1612903225807,31,62
8700,23,-89.53125,58.40625,32,64
8800,23,-87.5151515151515,64.6969696969697,33,64
8900,23,-83.5757575757576,69.5151515151515,33,64
9000,23,-78.6875,71.0625,32,64
9100,23,-76.7878787878788,67.9090909090909,33,62
9200,23,-77.3235294117647,64,34,66
9300,23,-82.2727272727273,60.1818181818182,33,62
9400,23,-86.3823529411765,60.5294117647059,34,68
9500,23,-90.5625,65.71875,32,64
9600,23,-94.84375,68.53125,32,64
9700,23,-97.9428571428571,73.4285714285714,35,66
9800,23,-95.6470588235294,77.9117647058823,34,66
9900,23,-92.7333333333333,72.7,30,62
10000,23,-93.2941176470588,66.2058823529412,34,64
0,24,50,49.75,4,24
100,24,51.2857142857143,51.1714285714286,35,64
200,24,50.7575757575758,58.2727272727273,33,66
300,24,51.6969696969697,63.5454545454546,33,64
400,24,48.5454545454546,61.2727272727273,33,64
500,24,44.875,60.1875,32,66
600,24,42.7058823529412,56,34,66
700,24,40.25,52.03125,32,62
800,24,35.3428571428571,49.7714285714286,35,64
900,24,30.0666666666667,52.3666666666667,30,62
1000,24,24.5,50,34,62
1100,24,24.21875,44.34375,32,64
1200,24,24.9090909090909,39.969696969697,33,64
1300,24,19.8484848484848,38.3333333333333,33,64
1400,24,17.3055555555556,41.3055555555556,36,64
1500,24,16.8484848484848,43.8787878787879,33,64
1600,24,20.7352941176471,47.1470588235294,34,64
1700,24,19.7058823529412,54.2058823529412,34,66
1800,24,14.3030303030303,56.2424242424243,33,62
1900,24,9.84848484848485,54.2424242424242,33,64
2000,24,8.58823529411764,48.2941176470588,34,66
2100,24,7.05882352941176,43.2058823529412,34,66
2200,24,10.969696969697,41.4242424242424,33,62
2300,24,16.5757575757576,42.030303030303,33,64
2400,24,19.65625,50,32,62
2500,24,23.1666666666667,47.7,30,62
2600,24,25.71875,50.125,32,66
2700,24,26.5588235294118,54.3235294117647,34,64
2800,24,29.4705882352941,55.735294117647,34,64
2900,24,35.3529411764706,51.3823529411765,34,66
3000,24,40.4,51.4857142857143,35,64
3100,24,46.1470588235294,50.5294117647059,34,64
3200,24,49.7878787878788,46.8484848484849,33,64
3300,24,54.15625,46.28125,32,62
3400,24,59.5757575757576,44.4242424242424,33,62
3500,24,64.3529411764706,46.8235294117647,34,64
3600,24,68.235294117647,43.2647058823529,34,66
3700,24,73.84375,38.5625,32,64
3800,24,75.5294117647059,32.1764705882353,34,66
3900,24,73.1515151515151,27.7878787878788,33,64
4000,24,76,24.1935483870968,31,62
4100,24,80.5625,22.28125,32,64
4200,24,86.4242424242424,24.6666666666667,33,66
4300,24,91.6129032258065,22.6451612903226,31,62
4400,24,92.8571428571428,18.7714285714286,35,66
4500,24,90.8484848484848,12.1515151515152,33,66
4600,24,89.4571428571429,7.74285714285714,35,64
4700,24,88.5588235294118,1.79411764705882,34,64
4800,24,86.6875,-2.90625,32,64
4900,24,85.2285714285714,-7.28571428571423,35,66
5000,24,83.9393939393939,-11.5757575757576,33,62
5100,24,88.7878787878788,-15.030303030303,33,64
5200,24,92.6363636363636,-11.969696969697,33,64
5300,24,98.5,-13.1176470588235,34,64
5400,24,102.857142857143,-10.1785714285714,28,60
5500,24,108.28125,-14.21875,32,62
5600,24,113.914285714286,-14.4571428571429,35,64
5700,24,115.941176470588,-11.3235294117647,34,66
5800,24,120.5625,-10.53125,32,64
5900,24,125.314285714286,-8.77142857142854,35,66
6000,24,125.484848484848,-10.5151515151515,33,64
6100,24,127.470588235294,-6.44117647058825,34,64
6200,24,129.575757575758,-3.06060606060606,33,62
6300,24,133.677419354839,-2.87096774193547,31,62
6400,24,138.032258064516,1.48387096774194,31,64
6500,24,143.969696969697,1.18181818181819,33,62
6600,24,148.235294117647,0,34,66
6700,24,148.032258064516,-6.0967741935484,31,62
6800,24,145.03125,-8.25,32,64
6900,24,139.258064516129,-12.7741935483871,31,62
7000,24,134.060606060606,-10.3333333333333,33,62
7100,24,135.7,-3.36666666666667,30,62
7200,24,140.21875,-3.59375,32,64
7300,24,145.727272727273,-3.54545454545456,33,64
7400,24,148.787878787879,-0.454545454545439,33,64
7500,24,150.228571428571,1.94285714285714,35,66
7600,24,153.176470588235,6.17647058823529,34,62
7700,24,155.151515151515,9.69696969696969,33,64
7800,24,158.818181818182,10.3939393939394,33,66
7900,24,163.21875,7.71875,32,68
8000,24,168.5,8.875,32,62
8100,24,171.625,9.90625,32,64
8200,24,171.21875,13.71875,32,64
8300,24,167.1875,14.15625,32,64
8400,24,163.03125,12.90625,32,64
8500,24,159.411764705882,10,34,64
8600,24,154.575757575758,12.3636363636364,33,66
8700,24,150.258064516129,12.3225806451613,31,62
8800,24,147.69696969697,9.87878787878788,33,64
8900,24,152.4,6.51428571428572,35,66
9000,24,157.193548387097,3.06451612903226,31,62
9100,24,160.15625,-0.28125,32,66
9200,24,165.2,-0.900000000000006,30,62
9300,24,171.757575757576,-3.66666666666669,33,64
9400,24,173.09375,-7.59375,32,64
9500,24,166.735294117647,-11.3235294117647,34,64
9600,24,161.322580645161,-13.0967741935484,31,64
9700,24,156.225806451613,-11.3870967741935,31,64
9800,24,152.03125,-15.8125,32,64
9900,24,148.48275862069,-10.6551724137931,29,62
10000,24,150.823529411765,-2.61764705882356,34,64
0,25,50.1428571428571,50.5714285714286,7,32
100,25,52.6451612903226,51.258064516129,31,60
200,25,57.84375,50.34375,32,64
300,25,62.53125,45.96875,32,64
400,25,62.7096774193548,40.9354838709677,31,62
500,25,63.3333333333333,37.1212121212121,33,66
600,25,64.9090909090909,34.7575757575758,33,66
700,25,60.0967741935484,36.1935483870968,31,60
800,25,59.5483870967742,40.6451612903226,31,62
900,25,55.6060606060606,42.6363636363636,33,66
1000,25,53.3225806451613,36.5483870967742,31,62
1100,25,56.1212121212121,32.7878787878788,33,66
1200,25,59.7428571428571,36.5428571428571,35,64
1300,25,62.7096774193548,39.4516129032258,31,62
1400,25,66.28125,43,32,62
1500,25,64.78125,48.875,32,64
1600,25,61.4242424242424,53.1212121212121,33,64
1700,25,56.9393939393939,55.969696969697,33,64
1800,25,58.6363636363636,61.0606060606061,33,64
1900,25,58.21875,63.96875,32,64
2000,25,54.3636363636364,67.9393939393939,33,64
2100,25,49.1515151515151,63.2727272727273,33,62
2200,25,48.6,57.0666666666667,30,62
2300,25,49,51,35,64
2400,25,47.3870967741935,47.1935483870968,31,62
2500,25,43.5161290322581,42.8387096774194,31,64
2600,25,38.0882352941176,38.6470588235294,34,64
2700,25,34.65625,35.625,32,62
2800,25,35.71875,31.4375,32,62
2900,25,36.030303030303,26.5454545454545,33,66
3000,25,33.2352941176471,27.5588235294118,34,64
3100,25,28.7058823529412,30.235294117647,34,66
3200,25,35,33.28125,32,62
3300,25,35.7714285714286,38.5428571428571,35,66
3400,25,35.3823529411765,42.8823529411765,34,66
3500,25,33.1176470588235,47.1470588235294,34,64
3600,25,29,47.4117647058824,34,64
3700,25,29.6764705882353,51.735294117647,34,64
3800,25,30.7333333333333,56.3666666666667,30,62
3900,25,33.4848484848485,61.5151515151515,33,64
4000,25,33.3333333333333,66.8181818181818,33,64
4100,25,33.96875,69.375,32,62
4200,25,34.75,75.78125,32,64
4300,25,35.6451612903226,81.5806451612903,31,62
4400,25,40.0333333333333,82.0666666666667,30,62
4500,25,44.7741935483871,80.8387096774194,31,62
4600,25,48.7272727272727,83.1515151515151,33,62
4700,25,52.6176470588235,85.7647058823529,34,64
4800,25,56.4242424242424,79.2727272727273,33,64
4900,25,53.7941176470588,73.7647058823529,34,64
5000,25,55.2424242424242,68.6666666666667,33,62
5100,25,52.1612903225806,65.3870967741936,31,62
5200,25,50.84375,57.625,32,60
5300,25,47.125,54.8125,32,62
5400,25,45.2903225806452,52.0322580645161,31,62
5500,25,46.65625,46.5625,32,62
5600,25,48.5757575757576,41.4242424242424,33,62
5700,25,53.0882352941177,38.2058823529412,34,64
5800,25,56.5625,34.5,32,64
5900,25,54.6764705882353,30.0294117647059,34,64
6000,25,51,27.8,30,62
6100,25,46.6470588235294,26.8235294117647,34,66
6200,25,42.8484848484848,29.9090909090909,33,64
6300,25,46.4545454545455,34.9090909090909,33,62
6400,25,48.2903225806452,39.4193548387097,31,62
6500,25,50.8709677419355,40.4838709677419,31,62
6600,25,54.9354838709678,43.3548387096774,31,62
6700,25,60.8055555555556,42.1666666666667,36,66
6800,25,59,37.9393939393939,33,64
6900,25,58.71875,32.5,32,62
7000,25,65.1875,31.84375,32,62
7100,25,70.1290322580645,30.258064516129,31,62
7200,25,75.4848484848485,31.7575757575758,33,64
7300,25,75.0322580645161,38.0645161290322,31,62
7400,25,76.9,41.9,30,66
7500,25,73,43.7575757575758,33,66
7600,25,68.939393939394,44.2727272727273,33,64
7700,25,67.3939393939394,41.1212121212121,33,64
7800,25,70.1875,37.3125,32,64
7900,25,75.3636363636363,35.5757575757576,33,66
8000,25,79.5757575757576,33.8787878787879,33,64
8100,25,82.3666666666667,30.6666666666667,30,62
8200,25,86.5454545454545,31.4242424242424,33,64
8300,25,88.5454545454545,35.5151515151515,33,64
8400,25,94,39.0882352941177,34,64
8500,25,90.2727272727273,43.2121212121212,33,64
8600,25,88.1176470588235,48.1470588235294,34,64
8700,25,80.9117647058823,51.0882352941177,34,66
8800,25,78.3333333333333,56.0909090909091,33,64
8900,25,73.6470588235294,59.7352941176471,34,64
9000,25,73.8387096774194,57.5806451612903,31,62
9100,25,73.735294117647,52,34,62
9200,25,76.8787878787879,46.969696969697,33,64
9300,25,78.1764705882353,42.2352941176471,34,64
9400,25,73.28125,38.5,32,64
9500,25,69.8235294117647,35.8235294117647,34,66
9600,25,64.5625,39.03125,32,66
9700,25,61.1875,44.5,32,64
9800,25,58.4516129032258,48.7096774193548,31,62
9900,25,56.4333333333333,47.9,30,60
10000,25,56.3939393939394,42.4242424242424,33,64
0,26,50,50.5,2,14
100,26,51.2941176470588,53.0294117647059,34,64
200,26,54.7272727272727,55.7878787878788,33,66
300,26,59.5454545454546,59.9090909090909,33,66
400,26,59.7878787878788,65.1515151515152,33,64
500,26,67.060606060606,65.939393939394,33,64
600,26,72.969696969697,63.030303030303,33,64
700,26,76.4848484848485,64.3939393939394,33,62
800,26,82.9117647058823,66.9411764705882,34,64
900,26,83.7741935483871,70.5161290322581,31,66
1000,26,84.125,73.40625,32,62
1100,26,88.5483870967742,72.8064516129032,31,62
1200,26,90.5588235294118,68,34,66
1300,26,85.3333333333333,68.3636363636363,33,64
1400,26,80.1875,66.5,32,62
1500,26,77.2647058823529,60.9705882352941,34,66
1600,26,71.1612903225806,63.7741935483871,31,62
1700,26,65.3235294117647,64.9411764705882,34,66
1800,26,61.1875,67.8125,32,64
1900,26,59.3666666666667,63.7666666666667,30,62
2000,26,54.030303030303,59.3333333333333,33,66
2100,26,50.1764705882353,57.5588235294118,34,64
2200,26,47.6470588235294,52.8529411764706,34,64
2300,26,52.1818181818182,53.2424242424242,33,64
2400,26,57.5454545454546,54.2424242424242,33,64
2500,26,60.8857142857143,58.1142857142857,35,68
2600,26,65.9032258064516,59.516129032258,31,62
2700,26,69.3939393939394,65.8181818181818,33,64
2800,26,74.3333333333333,66.1818181818182,33,64
2900,26,77.7058823529412,63.0294117647059,34,66
3000,26,77.2285714285714,58,35,66
3100,26,83.8125,56.75,32,64
3200,26,87.65625,55.375,32,66
3300,26,94.59375,60.25,32,66
3400,26,97.0588235294118,66.4705882352941,34,66
3500,26,98.2121212121212,70.9090909090909,33,62
3600,26,97.4375,75.3125,32,66
3700,26,92.969696969697,76.7575757575758,33,66
3800,26,89.0909090909091,82.5757575757576,33,64
3900,26,92.5294117647059,85.5,34,64
4000,26,98.0588235294118,85.0588235294118,34,64
4100,26,103.290322580645,87.2903225806452,31,64
4200,26,106.46875,88.625,32,64
4300,26,111.806451612903,91.1290322580645,31,66
4400,26,115.25,90.21875,32,64
4500,26,119.676470588235,89.9117647058823,34,64
4600,26,124.806451612903,87.1612903225806,31,62
4700,26,127.909090909091,85.3030303030303,33,62
4800,26,123.941176470588,82.9411764705883,34,66
4900,26,121.757575757576,86.2424242424242,33,64
5000,26,118.888888888889,92.8055555555556,36,66
5100,26,121.545454545455,97.2727272727273,33,66
5200,26,125.870967741935,99.7096774193548,31,60
5300,26,126.5625,102.8125,32,64
5400,26,130.5,103.033333333333,30,62
5500,26,135.090909090909,102.515151515152,33,66
5600,26,141.5,103.117647058824,34,64
5700,26,143.65625,109.03125,32,62
5800,26,143.75,112.09375,32,64
5900,26,138.40625,109.15625,32,64
6000,26,133.344827586207,108.586206896552,29,60
6100,26,135.58064516129,112.612903225806,31,64
6200,26,134.575757575758,115.151515151515,33,64
6300,26,131,114,31,62
6400,26,133.030303030303,109.909090909091,33,66
6500,26,133.548387096774,105.806451612903,31,60
6600,26,139.064516129032,103.741935483871,31,64
6700,26,144.483870967742,100.612903225806,31,62
6800,26,145.258064516129,95.9354838709677,31,62
6900,26,142.903225806452,92.6774193548387,31,62
7000,26,146.032258064516,87.6129032258065,31,64
7100,26,146.46875,82.84375,32,64
7200,26,143.3,78.2333333333333,30,62
7300,26,139.151515151515,77.0909090909091,33,62
7400,26,137.30303030303,72.3030303030303,33,64
7500,26,140.774193548387,69.6451612903226,31,62
7600,26,146.75,66.65625,32,64
7700,26,150,64.8064516129032,31,64
7800,26,154.838709677419,63.5483870967742,31,66
7900,26,158.606060606061,59.5151515151515,33,62
8000,26,162.705882352941,54.5,34,62
8100,26,167.878787878788,55.969696969697,33,64
8200,26,172.9375,53.375,32,62
8300,26,170.606060606061,49,33,64
8400,26,166.344827586207,49.9310344827586,29,64
8500,26,164.5,46.2941176470588,34,62
8600,26,166.064516129032,42.2258064516129,31,64
8700,26,170.545454545455,45.9090909090909,33,62
8800,26,173.25,50.09375,32,62
8900,26,171.28125,55.3125,32,62
9000,26,167.354838709677,55.0645161290323,31,66
9100,26,163.84375,54.625,32,64
9200,26,161,54.59375,32,62
9300,26,158.266666666667,54.7333333333333,30,62
9400,26,153.566666666667,58.9,30,60
9500,26,149.090909090909,62.1515151515151,33,62
9600,26,149.757575757576,67.6363636363637,33,64
9700,26,147.5625,72.6875,32,62
9800,26,144.612903225806,72.3225806451613,31,64
9900,26,145.848484848485,66.4242424242424,33,66
10000,26,143.15625,62.6875,32,64
0,27,50,50,1,8
100,27,53.71875,47.125,32,64
200,27,57.8181818181818,43.969696969697,33,64
300,27,63.2727272727273,41.9090909090909,33,64
400,27,69.969696969697,42.5757575757576,33,62
500,27,73.741935483871,48.3870967741935,31,64
600,27,74.6666666666667,52.1818181818182,33,64
700,27,77.8787878787879,55.060606060606,33,64
800,27,75.625,57.75,32,64
900,27,72.6969696969697,56.7272727272727,33,66
1000,27,74.0588235294118,60.2647058823529,34,66
1100,27,81.3235294117647,58.0882352941177,34,64
1200,27,83.1875,63.75,32,62
1300,27,86,64.7142857142857,35,66
1400,27,86.1818181818182,60.2727272727273,33,64
1500,27,81.5666666666666,57.2666666666667,30,66
1600,27,79.258064516129,53.5483870967742,31,62
1700,27,80.5714285714286,46.9428571428571,35,64
1800,27,78.4,41.6285714285714,35,68
1900,27,74,37.15625,32,66
2000,27,69.8064516129032,36.2258064516129,31,62
2100,27,64.9285714285714,41.0714285714286,28,60
2200,27,60.2424242424242,43.0909090909091,33,66
2300,27,56.2,41.2571428571429,35,66
2400,27,55.0909090909091,36.8484848484849,33,64
2500,27,49.2,40.8666666666667,30,62
2600,27,46.2424242424242,41.4545454545455,33,64
2700,27,43.0606060606061,41.8484848484849,33,64
2800,27,38.5483870967742,40.0967741935484,31,62
2900,27,32.7714285714286,38.3142857142857,35,68
3000,27,28.4545454545455,36.6363636363636,33,64
3100,27,27.6129032258064,31.3870967741936,31,62
3200,27,26.625,24.5625,32,64
3300,27,29.969696969697,21.5757575757576,33,62
3400,27,34.5,19.375,32,62
3500,27,39.5483870967742,16.3548387096774,31,64
3600,27,46.2058823529412,18.2941176470588,34,64
3700,27,51.5882352941176,19.6176470588235,34,64
3800,27,56.8064516129032,20.9354838709677,31,62
3900,27,63.84375,19.375,32,60
4000,27,68,21.5,34,62
4100,27,68.8387096774193,26.4516129032258,31,62
4200,27,71.3235294117647,30.9411764705882,34,64
4300,27,76.516129032258,32.8709677419355,31,62
4400,27,80.8965517241379,27.8965517241379,29,62
4500,27,84.7741935483871,24.4516129032258,31,66
4600,27,91.1764705882353,21.7058823529412,34,64
4700,27,94.6875,24.09375,32,62
4800,27,99.84375,22.34375,32,62
4900,27,104.09375,20.71875,32,64
5000,27,108.764705882353,21.4705882352941,34,64
5100,27,109.424242424242,27.1515151515151,33,64
5200,27,111.46875,32.6875,32,64
5300,27,114.382352941176,36.8529411764706,34,64
5400,27,116.28125,40.5,32,62
5500,27,110.441176470588,45.0588235294118,34,64
5600,27,108.5,50.3823529411765,34,66
5700,27,109.911764705882,51.3529411764706,34,64
5800,27,111.03125,46.125,32,64
5900,27,107.5,43.8125,32,62
6000,27,104.333333333333,45.2121212121212,33,64
6100,27,103.28125,49.03125,32,62
6200,27,101.8125,54.09375,32,64
6300,27,102.558823529412,60.2352941176471,34,66
6400,27,100,62.78125,32,64
6500,27,94.5,61.5,32,64
6600,27,87.40625,61.5,32,66
6700,27,83.9411764705882,62.8823529411765,34,66
6800,27,77.258064516129,59.6129032258064,31,60
6900,27,73.8620689655172,55.4137931034483,29,62
7000,27,71.2121212121212,50.1818181818182,33,64
7100,27,75,46.6129032258065,31,60
7200,27,80.5862068965517,49.8965517241379,29,62
7300,27,81.7142857142857,55.5714285714286,35,66
7400,27,78.6060606060606,59.3636363636364,33,66
7500,27,75.1333333333333,63.4333333333333,30,62
7600,27,70.0909090909091,68.0909090909091,33,64
7700,27,68.8181818181818,63.6060606060606,33,64
7800,27,74,63.4375,32,62
7900,27,81.4516129032258,65.3548387096774,31,64
8000,27,86.7941176470588,67.4705882352941,34,66
8100,27,91.6060606060606,69,33,64
8200,27,94.4242424242424,73.2424242424242,33,62
8300,27,92.5454545454546,77.4545454545454,33,66
8400,27,89.1290322580645,80.9354838709677,31,66
8500,27,84.7500000000001,85.125,32,64
8600,27,89.3235294117647,87.6470588235294,34,64
8700,27,95.6451612903226,85.6129032258064,31,62
8800,27,95.4848484848485,80.0909090909091,33,62
8900,27,94.4117647058824,74.1176470588235,34,64
9000,27,92.235294117647,69.3529411764706,34,66
9100,27,88.0645161290323,63.9677419354839,31,62
9200,27,85.1818181818182,58.6666666666667,33,66
9300,27,81.8709677419355,54.5161290322581,31,62
9400,27,83.84375,46.625,32,60
9500,27,81.3225806451613,40.516129032258,31,64
9600,27,86.3529411764706,38.4117647058824,34,64
9700,27,88.65625,34.15625,32,64
9800,27,88.6,28.5,30,60
9900,27,86,22.1875,32,62
10000,27,84.84375,17,32,62
0,28,49.5,50,2,14
100,28,51.4838709677419,51.2903225806452,31,64
200,28,54.4375,53.3125,32,62
300,28,59,59.6969696969697,33,64
400,28,62.9375,63.5625,32,62
500,28,60.1935483870968,68.8387096774194,31,66
600,28,56,71.4666666666667,30,64
700,28,54.28125,77.34375,32,62
800,28,56.7714285714286,82.3428571428571,35,64
900,28,59.7272727272727,83.6363636363636,33,64
1000,28,62.0909090909091,86.5151515151515,33,62
1100,28,63.8181818181818,92.2727272727273,33,64
1200,28,67.0322580645161,94.4193548387097,31,62
1300,28,67.5666666666667,90.5333333333333,30,62
1400,28,62.5454545454545,89.8484848484848,33,64
1500,28,58.8709677419355,91.8064516129032,31,66
1600,28,55.5588235294118,94.9705882352941,34,64
1700,28,51.5161290322581,97.258064516129,31,62
1800,28,45.09375,101.28125,32,64
1900,28,43.6363636363636,105.515151515152,33,64
2000,28,40.78125,110.90625,32,64
2100,28,36.0625,110.34375,32,64
2200,28,36.7058823529412,105.176470588235,34,64
2300,28,38.5454545454546,103.090909090909,33,66
2400,28,43.7272727272727,101.969696969697,33,64
2500,28,46.34375,105.90625,32,64
2600,28,47.9,104.833333333333,30,62
2700,28,47.2941176470588,99.9705882352941,34,64
2800,28,40.1290322580645,97.5161290322581,31,62
2900,28,34.25,96.75,32,62
3000,28,27.7058823529412,95.9705882352941,34,64
3100,28,24,100.771428571429,35,66
3200,28,21.3055555555556,105.305555555556,36,64
3300,28,24.6363636363636,108.69696969697,33,64
3400,28,28.1612903225806,110.451612903226,31,62
3500,28,32.1714285714286,109.028571428571,35,64
3600,28,38.5882352941176,104.882352941176,34,64
3700,28,40.1515151515151,104.727272727273,33,62
3800,28,36.0909090909091,107.515151515152,33,62
3900,28,31.6451612903226,108.935483870968,31,64
4000,28,25.75,108.25,32,66
4100,28,20.7647058823529,107.205882352941,34,64
4200,28,15.2903225806452,108.193548387097,31,62
4300,28,13.1612903225806,114.516129032258,31,62
4400,28,14.8333333333333,118.4,30,62
4500,28,22.3529411764706,115,34,64
4600,28,29.030303030303,114.575757575758,33,62
4700,28,32.6451612903226,115.806451612903,31,62
4800,28,36.8857142857143,115.057142857143,35,64
4900,28,40.030303030303,113.363636363636,33,66
5000,28,42.7575757575758,109.272727272727,33,64
5100,28,48.6774193548387,106.548387096774,31,62
5200,28,53.4838709677419,108.935483870968,31,62
5300,28,53.5483870967742,113.741935483871,31,62
5400,28,56.3125,116.53125,32,62
5500,28,63.6875,117.4375,32,64
5600,28,69.375,113.875,32,64
5700,28,68.7096774193548,108.903225806452,31,62
5800,28,63.34375,105.34375,32,62
5900,28,58.3939393939394,107,33,64
6000,28,53.7941176470588,103.382352941176,34,66
6100,28,53.3333333333333,97.1515151515152,33,64
6200,28,48.0588235294118,95.7352941176471,34,66
6300,28,49.1470588235294,90.0588235294118,34,66
6400,28,48.9705882352941,84.4411764705882,34,66
6500,28,47.4705882352941,83.5,34,64
6600,28,51.15625,87.8125,32,62
6700,28,51.9117647058823,93.3235294117647,34,64
6800,28,48.3823529411765,96.4411764705882,34,66
6900,28,47.4848484848485,93.3939393939394,33,62
7000,28,47.8529411764706,88.3235294117647,34,64
7100,28,53.6129032258064,90.6451612903226,31,62
7200,28,60,93.0303030303031,33,64
7300,28,61.8181818181818,98.6969696969697,33,66
7400,28,55.9375,102.5625,32,62
7500,28,51.8125,100.75,32,66
7600,28,47.375,104.28125,32,64
7700,28,42.4705882352941,107.941176470588,34,64
7800,28,43.25,111.8125,32,62
7900,28,47.1875,113.53125,32,64
8000,28,51.90625,110.65625,32,62
8100,28,58.6666666666667,108.818181818182,33,64
8200,28,62.71875,109.3125,32,62
8300,28,67.1818181818182,111.333333333333,33,64
8400,28,72.1176470588235,114.382352941176,34,64
8500,28,77.5625,117.0625,32,64
8600,28,82.8333333333333,119.138888888889,36,66
8700,28,87.65625,124.6875,32,64
8800,28,88.9354838709677,130.41935483871,31,62
8900,28,86.8285714285714,134.485714285714,35,66
9000,28,87.2121212121212,137.757575757576,33,64
9100,28,90.3888888888889,143.138888888889,36,64
9200,28,94.9090909090909,144.393939393939,33,64
9300,28,99.5,143.366666666667,30,64
9400,28,102.470588235294,141.176470588235,34,66
9500,28,101.117647058824,137.882352941176,34,64
9600,28,104.6875,133.40625,32,64
9700,28,105.529411764706,129.941176470588,34,64
9800,28,105.71875,124.53125,32,64
9900,28,112.09375,121.34375,32,62
10000,28,117,117.78125,32,62
0,29,50,50.5,2,14
100,29,54.030303030303,50.969696969697,33,64
200,29,59.5,53.1176470588235,34,64
300,29,61.9354838709678,57.741935483871,31,62
400,29,67.6,60.4571428571429,35,66
500,29,63.8235294117647,64.8235294117647,34,62
600,29,60.2,62,30,62
700,29,54.625,61.4375,32,64
800,29,50.2058823529412,59.7647058823529,34,64
900,29,46.9354838709677,57.0645161290323,31,62
1000,29,42.4705882352941,58.8529411764706,34,64
1100,29,40.4193548387097,63.3225806451613,31,62
1200,29,41.3636363636364,67.2727272727273,33,62
1300,29,41.3235294117647,72.0294117647059,34,66
1400,29,37.46875,76.59375,32,64
1500,29,32.5454545454545,81.5757575757576,33,64
1600,29,27.1875,85,32,66
1700,29,22.1515151515152,87.9090909090909,33,62
1800,29,17.1212121212121,86.8787878787878,33,64
1900,29,13.15625,85.3125,32,64
2000,29,9.61290322580645,85.4193548387097,31,64
2100,29,10.9090909090909,90.5151515151515,33,62
2200,29,12.2727272727273,93.1818181818182,33,62
2300,29,17.4838709677419,94.0322580645161,31,62
2400,29,17.7272727272727,99.0606060606061,33,64
2500,29,16,104.59375,32,66
2600,29,20.4848484848485,105.848484848485,33,66
2700,29,25.2727272727273,108.060606060606,33,64
2800,29,25.5454545454546,111.69696969697,33,66
2900,29,21.625,116.1875,32,64
3000,29,15.0606060606061,118.69696969697,33,64
3100,29,14.3333333333333,126.393939393939,33,64
3200,29,10.84375,130.125,32,62
3300,29,5.1875,127.75,32,62
3400,29,0.466666666666666,128.766666666667,30,62
3500,29,-3.78125,127.09375,32,64
3600,29,-7.08823529411764,126.735294117647,34,64
3700,29,-9.0967741935484,125.193548387097,31,60
3800,29,-13.5151515151515,122.272727272727,33,64
3900,29,-17,124.15625,32,62
4000,29,-22.6333333333333,123.1,30,64
4100,29,-26.6774193548387,120.709677419355,31,64
4200,29,-31.7096774193548,117.451612903226,31,60
4300,29,-35.8709677419355,113.677419354839,31,62
4400,29,-40.3125,111.53125,32,64
4500,29,-46.1142857142857,114.114285714286,35,66
4600,29,-48.8181818181818,118.969696969697,33,62
4700,29,-46.7714285714286,124.914285714286,35,64
4800,29,-42.7575757575758,126.69696969697,33,64
4900,29,-38.741935483871,121,31,62
5000,29,-39.8387096774194,116.548387096774,31,64
5100,29,-43.8823529411765,113.852941176471,34,64
5200,29,-50.6363636363636,108.727272727273,33,62
5300,29,-51.3333333333333,103.939393939394,33,64
5400,29,-51.4375,97.5624999999999,32,64
5500,29,-49.4516129032258,92.8709677419355,31,64
5600,29,-49.8181818181818,88.7575757575758,33,64
5700,29,-44.7941176470588,86.2941176470588,34,64
5800,29,-39.3939393939394,83.3636363636364,33,66
5900,29,-39.78125,79.1875,32,62
6000,29,-39.21875,75.34375,32,66
6100,29,-35.7647058823529,75.2058823529412,34,64
6200,29,-28.1,76.4666666666667,30,64
6300,29,-27.5625,81.15625,32,64
6400,29,-26.4117647058823,87.0588235294118,34,66
6500,29,-22.9310344827586,87.7241379310345,29,60
6600,29,-22.2352941176471,82.9411764705882,34,66
6700,29,-26.5333333333333,80.3,30,62
6800,29,-30.4375,77.3125,32,64
6900,29,-33.3125,74.40625,32,66
7000,29,-37,72.3529411764706,34,64
7100,29,-40.9411764705882,66.9411764705882,34,64
7200,29,-39.9354838709677,63.483870967742,31,62
7300,29,-34.5625,65.78125,32,64
7400,29,-30,70.7741935483871,31,62
7500,29,-29.8787878787879,76.6060606060606,33,64
7600,29,-32.1212121212121,79.6060606060606,33,66
7700,29,-35.6666666666667,84.2121212121212,33,64
7800,29,-39.9142857142857,84.7714285714286,35,64
7900,29,-46,85.90625,32,64
8000,29,-48.7058823529412,90.0294117647059,34,64
8100,29,-50.5151515151515,94.6060606060606,33,62
8200,29,-47.96875,99.28125,32,64
8300,29,-45.3870967741936,95.483870967742,31,62
8400,29,-44.8235294117647,90.5882352941177,34,64
8500,29,-46.5625,85.40625,32,62
8600,29,-47.7575757575758,87.0909090909091,33,62
8700,29,-52.3333333333333,91.1212121212121,33,64
8800,29,-50.9090909090909,95.4848484848485,33,62
8900,29,-51.2285714285714,102,35,64
9000,29,-52.4545454545454,107.393939393939,33,66
9100,29,-53.3823529411765,112.617647058824,34,64
9200,29,-54.3666666666667,116.266666666667,30,60
9300,29,-52.6875,118.375,32,62
9400,29,-49.0322580645161,122.677419354839,31,62
9500,29,-42.9428571428571,120.857142857143,35,66
9600,29,-35.2424242424242,115.969696969697,33,64
9700,29,-36.030303030303,110.272727272727,33,64
9800,29,-37.34375,106.40625,32,64
9900,29,-36.71875,101.5,32,62
10000,29,-39.71875,99.09375,32,64
0,30,50,50,1,8
100,30,48.5625,50.53125,32,66
200,30,43.8387096774194,53.258064516129,31,64
300,30,39.2666666666667,51.5333333333333,30,62
400,30,34.0588235294118,46.9117647058823,34,64
500,30,33.3823529411765,41.9705882352941,34,64
600,30,36.6129032258064,38.0322580645161,31,66
700,30,40,35.3428571428571,35,66
800,30,44.96875,32.875,32,64
900,30,48.28125,27.375,32,64
1000,30,49.96875,22.75,32,64
1100,30,53.5151515151515,17.8484848484849,33,62
1200,30,51.9705882352941,14.2941176470588,34,64
1300,30,46.9117647058824,11.7352941176471,34,64
1400,30,40.375,12.34375,32,62
1500,30,36.6,12.7142857142857,35,66
1600,30,30.4375,11.875,32,64
1700,30,26.3125,12.6875,32,66
1800,30,22.4705882352941,9.47058823529412,34,66
1900,30,23.8484848484848,2.15151515151515,33,62
2000,30,26.6451612903226,-0.225806451612897,31,62
2100,30,31.5161290322581,-3.96774193548389,31,62
2200,30,35.3333333333333,-6.24242424242424,33,62
2300,30,40.7272727272727,-9.03030303030305,33,66
2400,30,44.7352941176471,-4.7941176470588,34,64
2500,30,50.78125,-3.84375,32,64
2600,30,56.375,-5.4375,32,64
2700,30,61.21875,-2.53125,32,62
2800,30,68.46875,-1.31249999999996,32,64
2900,30,67.764705882353,1.76470588235294,34,64
3000,30,63.71875,0.625,32,62
3100,30,61.1935483870968,-3.80645161290325,31,62
3200,30,65.4193548387097,-2.45161290322582,31,60
3300,30,66.6764705882353,0.117647058823536,34,66
3400,30,73.3333333333333,-2.48484848484848,33,64
3500,30,76.5757575757576,-2.54545454545456,33,64
3600,30,80.7741935483871,-0.41935483870968,31,64
3700,30,83.2121212121212,3.48484848484848,33,64
3800,30,86.53125,6.15625,32,62
3900,30,86.3823529411765,11.1764705882353,34,64
4000,30,86.15625,15.96875,32,66
4100,30,85.6363636363636,19.1818181818182,33,64
4200,30,83.1388888888889,22.8888888888889,36,66
4300,30,79.9411764705882,27.8235294117647,34,66
4400,30,83.3030303030303,33.2424242424242,33,62
4500,30,84.4117647058824,36.8235294117647,34,64
4600,30,86.5161290322581,40.1290322580645,31,66
4700,30,90.375,36.59375,32,64
4800,30,92.5151515151515,32.0909090909091,33,64
4900,30,95.2352941176471,29.1764705882353,34,64
5000,30,94.2857142857143,25.0571428571428,35,64
5100,30,90.03125,26.0625,32,66
5200,30,84.7878787878788,29.5454545454545,33,62
5300,30,81.8125,30,32,64
5400,30,86.9354838709677,33.8064516129032,31,62
5500,30,91.1470588235294,33.6176470588235,34,64
5600,30,96.3333333333333,34.8484848484848,33,66
5700,30,100.966666666667,38,30,62
5800,30,107.911764705882,40.264705882353,34,64
5900,30,112.709677419355,39.3225806451613,31,64
6000,30,117.235294117647,42.5294117647059,34,64
6100,30,118.96875,46.65625,32,64
6200,30,120.0625,49.875,32,62
6300,30,124,51.3529411764706,34,64
6400,30,129.515151515152,49.6060606060606,33,64
6500,30,135.588235294118,47.1176470588235,34,64
6600,30,142.354838709677,45.0645161290323,31,60
6700,30,146.625,45.03125,32,62
6800,30,150.424242424242,41.3333333333333,33,62
6900,30,146.272727272727,35.5757575757576,33,64
7000,30,140.6875,31.5625,32,64
7100,30,136.333333333333,34,33,64
7200,30,132.375,40.375,32,64
7300,30,133.166666666667,48.4,30,64
7400,30,133.764705882353,47.5588235294118,34,64
7500,30,138.527777777778,46.6944444444444,36,66
7600,30,142.322580645161,48.5161290322581,31,66
7700,30,140.71875,54.34375,32,62
7800,30,147.176470588235,57.6764705882353,34,66
7900,30,150.806451612903,59.9677419354839,31,62
8000,30,147.90625,64.875,32,62
8100,30,144.393939393939,68.7575757575758,33,64
8200,30,143.727272727273,74,33,64
8300,30,147.0625,78.46875,32,64
8400,30,151.764705882353,75.6176470588236,34,66
8500,30,157.323529411765,71.5882352941177,34,66
8600,30,161.138888888889,68.3055555555556,36,66
8700,30,164.823529411765,69.8529411764706,34,66
8800,30,164.764705882353,74.8235294117647,34,66
8900,30,162.774193548387,77.8387096774194,31,64
9000,30,159.21875,80.375,32,62
9100,30,154.375,79.78125,32,62
9200,30,150.058823529412,78.5294117647059,34,64
9300,30,144.322580645161,80.0645161290322,31,64
9400,30,141,78.875,32,62
9500,30,134.90625,78.34375,32,64
9600,30,133.34375,82.28125,32,64
9700,30,129.878787878788,82.3939393939394,33,66
9800,30,125.205882352941,81.9411764705882,34,66
9900,30,125.114285714286,86.3142857142857,35,64
10000,30,128.484848484848,87.7575757575758,33,66
0,31,50,50,1,8
100,31,52.7058823529412,49.3823529411765,34,64
200,31,55.6,44.3333333333333,30,66
300,31,56.1470588235294,40.2941176470588,34,66
400,31,56.4285714285714,36.0571428571429,35,64
500,31,60,39.7352941176471,34,62
600,31,62.53125,42.0625,32,62
700,31,62.1142857142857,46.7428571428571,35,64
800,31,61.2285714285714,49.0285714285714,35,66
900,31,57.15625,46.46875,32,62
1000,31,52,47.9,30,60
1100,31,49.9677419354839,50.258064516129,31,64
1200,31,44.3125,51.96875,32,64
1300,31,39.7272727272727,48.030303030303,33,64
1400,31,35.2121212121212,44.3636363636364,33,66
1500,31,30.3636363636364,47.4848484848485,33,64
1600,31,26.0909090909091,48.4242424242424,33,64
1700,31,24.0588235294118,53.6176470588235,34,66
1800,31,26.9393939393939,56.4242424242424,33,64
1900,31,27.1176470588235,52.7058823529412,34,66
2000,31,23.25,50.125,32,64
2100,31,16,49.3870967741935,31,62
2200,31,9.97142857142857,47.4,35,64
2300,31,10.03125,50.6875,32,62
2400,31,14.7096774193548,53.0645161290323,31,62
2500,31,16.84375,56.46875,32,66
2600,31,21.96875,60.5625,32,64
2700,31,25.3939393939394,63.030303030303,33,64
2800,31,27.71875,67.5625,32,62
2900,31,27.0967741935484,71.9677419354839,31,64
3000,31,30.6060606060606,75.4545454545454,33,66
3100,31,31.1290322580645,79.3225806451613,31,62
3200,31,27.5333333333333,77.9666666666667,30,62
3300,31,24.3333333333333,74.6666666666667,30,62
3400,31,23.6875,70.28125,32,62
3500,31,24.2647058823529,66.8823529411765,34,66
3600,31,27.5483870967742,60.5483870967742,31,62
3700,31,33.8529411764706,62.9705882352941,34,64
3800,31,39.4375,60.34375,32,64
3900,31,43.7575757575758,59.3636363636364,33,64
4000,31,45.6666666666667,54.6363636363636,33,64
4100,31,47.6875,50.1875,32,64
4200,31,52.59375,50.5,32,64
4300,31,58.6969696969697,48.3939393939394,33,66
4400,31,62.8235294117647,45.2352941176471,34,64
4500,31,63.4545454545455,43.0909090909091,33,66
4600,31,68.6571428571429,41.7714285714286,35,64
4700,31,70.2727272727273,38.9090909090909,33,64
4800,31,69.28125,35.4375,32,62
4900,31,67.5757575757576,31.3636363636364,33,64
5000,31,63.2,29.5428571428571,35,64
5100,31,58.9090909090909,31.5454545454545,33,64
5200,31,54.2903225806452,34.1612903225806,31,64
5300,31,47.0588235294118,34.235294117647,34,64
5400,31,43.625,36.28125,32,64
5500,31,37.3939393939394,32.9393939393939,33,64
5600,31,31.0588235294118,30.0882352941176,34,64
5700,31,27.5588235294118,31.9117647058824,34,64
5800,31,23.1764705882353,31.5588235294118,34,64
5900,31,18.8333333333333,31.5666666666667,30,62
6000,31,16.0666666666667,25.3,30,64
6100,31,18.125,22.90625,32,64
6200,31,19.6875,18.46875,32,62
6300,31,25.53125,18.65625,32,62
6400,31,28.2941176470588,23.2647058823529,34,64
6500,31,33.65625,28.9375,32,64
6600,31,38.65625,30.34375,32,62
6700,31,42.8787878787879,33.2121212121212,33,64
6800,31,45.1875,39.65625,32,64
6900,31,43.8529411764706,42.3235294117647,34,66
7000,31,38.5454545454545,40.4242424242424,33,66
7100,31,33.6774193548387,41.3870967741935,31,64
7200,31,31.1818181818182,36.6363636363636,33,64
7300,31,33.5,32.15625,32,64
7400,31,37.5882352941176,28.3529411764706,34,66
7500,31,34.6571428571429,23.7428571428571,35,66
7600,31,31,24.5,34,62
7700,31,28.3888888888889,27.8611111111111,36,64
7800,31,26.8181818181818,32.3333333333333,33,64
7900,31,30.46875,35.5,32,66
8000,31,34.7142857142857,37.2285714285714,35,68
8100,31,38.4545454545455,39.2121212121212,33,62
8200,31,40.5294117647059,44.5882352941177,34,64
8300,31,38.375,46.875,32,64
8400,31,34.1515151515152,49.4848484848485,33,64
8500,31,28.3823529411765,48.5588235294118,34,66
8600,31,24.7,42.7666666666667,30,60
8700,31,28.28125,38.4375,32,64
8800,31,31.6363636363636,33.969696969697,33,64
8900,31,37.5882352941176,33.4117647058824,34,64
9000,31,43.9117647058824,32.6764705882353,34,64
9100,31,50.625,27.75,32,62
9200,31,54.09375,23.5625,32,64
9300,31,59.0625,18.75,32,62
9400,31,65.40625,17.78125,32,66
9500,31,70.5,16.8125,32,62
9600,31,73.7878787878788,12.5151515151515,33,64
9700,31,78.2121212121212,10.5454545454545,33,62
9800,31,78.5757575757576,5.75757575757576,33,64
9900,31,79.75,2.71875,32,62
10000,31,80.5151515151515,-0.909090909090907,33,64
0,32,50.6,50,5,32
100,32,51.4571428571429,47.5142857142857,35,66
200,32,45.3333333333333,47.2424242424242,33,64
300,32,44.1212121212121,50.5151515151515,33,64
400,32,47.8,51.6571428571429,35,68
500,32,50.8484848484849,49.030303030303,33,64
600,32,45.9714285714286,45.6,35,66
700,32,45.21875,41.4375,32,64
800,32,39.9714285714286,41.8285714285714,35,64
900,32,35.5,43,32,62
1000,32,33.2727272727273,44.3636363636364,33,64
1100,32,30.7647058823529,49.5294117647059,34,66
1200,32,25.4838709677419,48.741935483871,31,64
1300,32,21.8787878787879,44.1818181818182,33,64
1400,32,21.0666666666667,39.6666666666667,30,62
1500,32,26.1142857142857,38.3714285714286,35,66
1600,32,30.4848484848485,43.1212121212121,33,66
1700,32,34.030303030303,44.5757575757576,33,62
1800,32,33.1176470588235,49.1470588235294,34,64
1900,32,33.4848484848485,54.3636363636364,33,64
2000,32,29.3636363636364,55.1212121212121,33,66
2100,32,26.0909090909091,59.9090909090909,33,64
2200,32,26.0645161290323,65.2903225806452,31,62
2300,32,29.6451612903226,68.1612903225806,31,62
2400,32,29.2571428571429,73.8857142857143,35,64
2500,32,27.1176470588235,78.2352941176471,34,66
2600,32,28.6363636363636,84.2727272727273,33,66
2700,32,25.1818181818182,89.5151515151515,33,64
2800,32,19.969696969697,91.7878787878788,33,64
2900,32,22.4838709677419,97.3548387096774,31,62
3000,32,25.7575757575758,99.4848484848485,33,64
3100,32,30.6666666666667,92.1212121212121,33,64
3200,32,28.741935483871,87.4193548387097,31,62
3300,32,25.15625,86.46875,32,62
3400,32,19.5,88.2058823529412,34,66
3500,32,16.7058823529412,90.6764705882353,34,64
3600,32,20.3030303030303,91.5757575757576,33,64
3700,32,25.3125,88.53125,32,64
3800,32,28.71875,93.4375,32,62
3900,32,29.6451612903226,97.4516129032258,31,62
4000,32,32.9393939393939,94.2424242424242,33,64
4100,32,37.7096774193548,93.7741935483871,31,66
4200,32,43.8529411764706,92.8823529411765,34,66
4300,32,48.7,90.5333333333333,30,60
4400,32,48.4666666666667,95.1666666666666,30,62
4500,32,47,98.4,35,66
4600,32,44.1875,102,32,64
4700,32,46.0606060606061,105.909090909091,33,64
4800,32,48.75,110.375,32,64
4900,32,49.2,114.428571428571,35,68
5000,32,54.09375,115.65625,32,62
5100,32,58.0588235294118,114.676470588235,34,64
5200,32,58.7428571428572,118.914285714286,35,66
5300,32,57.2424242424242,125.757575757576,33,66
5400,32,57.7272727272727,131.151515151515,33,62
5500,32,59.2352941176471,136.058823529412,34,64
5600,32,64.8857142857143,137.685714285714,35,64
5700,32,68.0588235294118,143.088235294118,34,66
5800,32,73.71875,144,32,62
5900,32,74.8787878787879,140.848484848485,33,64
6000,32,72.258064516129,145.677419354839,31,62
6100,32,68.6969696969697,146.636363636364,33,64
6200,32,64.7058823529412,141.941176470588,34,66
6300,32,63.84375,145.96875,32,66
6400,32,65.6176470588235,143.852941176471,34,64
6500,32,68.5625,139.8125,32,64
6600,32,71.7575757575758,137.575757575758,33,64
6700,32,76,135.78125,32,62
6800,32,81.2121212121212,138.121212121212,33,64
6900,32,85.78125,136.375,32,62
7000,32,86.1470588235294,130.323529411765,34,64
7100,32,87.1333333333333,125.466666666667,30,60
7200,32,87.0294117647059,121.235294117647,34,64
7300,32,89.5483870967742,116.709677419355,31,62
7400,32,89.3030303030303,113.424242424242,33,64
7500,32,87.1944444444444,115.916666666667,36,68
7600,32,86.2647058823529,120.852941176471,34,66
7700,32,81.9166666666667,122.833333333333,36,66
7800,32,78.21875,126.53125,32,64
7900,32,72,129.636363636364,33,64
8000,32,67.25,129.71875,32,62
8100,32,63.5806451612903,127.677419354839,31,62
8200,32,58.7096774193548,126.709677419355,31,64
8300,32,55.7272727272727,130.545454545455,33,64
8400,32,59.3030303030303,130.848484848485,33,64
8500,32,67.0967741935484,131.709677419355,31,64
8600,32,72.78125,134.0625,32,62
8700,32,72.375,140.625,32,64
8800,32,69.90625,143.9375,32,62
8900,32,68.3333333333333,147.833333333333,30,62
9000,32,64.4545454545454,148.212121212121,33,62
9100,32,65.3030303030303,151.939393939394,33,64
9200,32,70.1470588235294,151.558823529412,34,64
9300,32,75.2121212121212,149.242424242424,33,64
9400,32,76.1470588235294,144.441176470588,34,66
9500,32,79.4375,141.84375,32,62
9600,32,78.78125,137.3125,32,64
9700,32,77.9032258064516,131.838709677419,31,62
9800,32,74.71875,127.90625,32,64
9900,32,70.84375,125.4375,32,62
10000,32,67.4375,120.09375,32,62
0,33,50,49.5,2,14
100,33,48.5,48,34,64
200,33,43.264705882353,48.0882352941176,34,64
300,33,40.4545454545455,44.8484848484849,33,64
400,33,43.8125,39.375,32,64
500,33,48.9090909090909,38.1515151515151,33,62
600,33,54.3055555555556,38.8333333333333,36,68
700,33,57.5,34.3333333333333,30,64
800,33,62.2258064516129,32.0322580645161,31,66
900,33,69.1935483870968,31.9032258064516,31,62
1000,33,74.3939393939394,33.3333333333333,33,64
1100,33,79.9,34.9333333333333,30,62
1200,33,81.7272727272727,40.3636363636364,33,62
1300,33,85.5588235294118,45.1470588235294,34,64
1400,33,83.8,50.1666666666667,30,64
1500,33,81.9705882352941,54.9705882352941,34,64
1600,33,80.1818181818182,60.3636363636364,33,64
1700,33,81.9032258064516,66.1935483870968,31,60
1800,33,81.6774193548387,72.9677419354839,31,62
1900,33,77.4242424242424,72.3030303030303,33,64
2000,33,78.21875,72.5625,32,64
2100,33,82.6571428571429,74.2571428571428,35,66
2200,33,82.6666666666667,78.6333333333333,30,62
2300,33,83.59375,80.75,32,64
2400,33,85.3939393939394,84.5151515151515,33,62
2500,33,85.4838709677419,87.6774193548387,31,62
2600,33,87.516129032258,93.9677419354839,31,62
2700,33,85.9428571428571,96.7142857142857,35,64
2800,33,81.8666666666667,98.4,30,62
2900,33,76.4838709677419,99.6451612903226,31,60
3000,33,71.5588235294118,98.4705882352941,34,66
3100,33,71,94.1764705882353,34,64
3200,33,76.96875,90.9375,32,64
3300,33,74.3333333333334,85.3,30,62
3400,33,70.9117647058823,89.235294117647,34,64
3500,33,70.5,93,32,62
3600,33,67.258064516129,94.2903225806452,31,62
3700,33,64.3333333333333,89.9166666666667,36,66
3800,33,63.09375,84.65625,32,62
3900,33,65.125,82.0625,32,62
4000,33,67.1764705882353,77.5,34,64
4100,33,65.4117647058824,76.8529411764706,34,66
4200,33,61.1764705882353,81,34,64
4300,33,58.2352941176471,79.8529411764706,34,64
4400,33,54.4411764705882,82.9705882352941,34,64
4500,33,51.030303030303,87.6060606060606,33,64
4600,33,45.969696969697,89,33,64
4700,33,42.2571428571429,87.1142857142857,35,64
4800,33,38.2285714285714,85.2,35,66
4900,33,33.5142857142857,82.8285714285714,35,66
5000,33,30.4571428571429,77.9142857142857,35,64
5100,33,26.2424242424242,75.1212121212121,33,64
5200,33,28.5,72.5,32,64
5300,33,34.125,69.09375,32,62
5400,33,38.264705882353,65.1470588235294,34,64
5500,33,42.5483870967742,61.6774193548387,31,64
5600,33,45.7272727272727,57.7878787878788,33,66
5700,33,44.6451612903226,53.1290322580645,31,62
5800,33,47.3529411764706,47.9117647058823,34,64
5900,33,51.5588235294118,41.8529411764706,34,66
6000,33,48.030303030303,38.7575757575758,33,64
6100,33,49.5,34,34,62
6200,33,53.28125,27.28125,32,62
6300,33,49.21875,26,32,62
6400,33,45.9117647058824,21.0588235294118,34,66
6500,33,41.0909090909091,16.2727272727273,33,64
6600,33,36.3333333333333,15.1818181818182,33,64
6700,33,32,16.4375,32,64
6800,33,31.96875,23.75,32,66
6900,33,31.3636363636364,30.1818181818182,33,66
7000,33,33.46875,36.9375,32,62
7100,33,36.40625,36.03125,32,64
7200,33,41.40625,34.3125,32,62
7300,33,41.6666666666667,27.7575757575758,33,62
7400,33,38.7,21.3,30,64
7500,33,34.7575757575758,19.9090909090909,33,62
7600,33,35.21875,16.375,32,66
7700,33,39.8181818181818,13.6363636363636,33,64
7800,33,45.96875,14.375,32,64
7900,33,49.375,17.75,32,62
8000,33,50.09375,21.96875,32,62
8100,33,47.03125,25.71875,32,62
8200,33,42.8571428571429,26.6,35,66
8300,33,39.5161290322581,25.258064516129,31,62
8400,33,35.6666666666667,20.2333333333333,30,66
8500,33,31.4,17.9714285714286,35,66
8600,33,25.0909090909091,17.1818181818182,33,66
8700,33,20.5882352941176,14.1176470588235,34,64
8800,33,16.6666666666667,10.5757575757576,33,62
8900,33,12.71875,13.71875,32,64
9000,33,14.8709677419355,15.9354838709677,31,62
9100,33,14.8333333333333,21.3666666666667,30,62
9200,33,18.1333333333333,22.6666666666667,30,64
9300,33,22.8571428571429,21.1428571428571,35,66
9400,33,27.28125,15.6875,32,62
9500,33,29.7352941176471,14,34,62
9600,33,34.2058823529412,12,34,64
9700,33,39.3125,11.125,32,66
9800,33,42.4838709677419,10.1290322580645,31,66
9900,33,48.5428571428571,10.9714285714286,35,66
10000,33,52.90625,8.8125,32,66
0,34,49,50.3333333333333,3,20
100,34,47.09375,52.9375,32,62
200,34,40.5806451612903,55.3870967741936,31,62
300,34,35.6470588235294,58.4705882352941,34,66
400,34,32.5666666666667,58.4,30,62
500,34,33.5454545454545,52.9090909090909,33,62
600,34,37.1176470588235,50.2941176470588,34,66
700,34,40.9375,46.4375,32,64
800,34,46.2727272727273,42.7575757575758,33,64
900,34,50.90625,41.40625,32,64
1000,34,54.4,44.6666666666667,30,62
1100,34,55.0909090909091,48.7878787878788,33,64
1200,34,51.0909090909091,50.030303030303,33,64
1300,34,47.3548387096774,46.5806451612903,31,64
1400,34,42.3125,45.875,32,66
1500,34,39.4193548387097,44.2258064516129,31,62
1600,34,44.0625,47.5625,32,62
1700,34,49.2258064516129,47.8387096774194,31,62
1800,34,45.9117647058824,50.4705882352941,34,66
1900,34,46.2424242424242,43.969696969697,33,64
2000,34,51.0344827586207,38.8965517241379,29,60
2100,34,52.9705882352941,31.0294117647059,34,66
2200,34,55.1333333333333,27.1,30,62
2300,34,57.2121212121212,33.5151515151515,33,64
2400,34,59.9722222222222,39.7777777777778,36,66
2500,34,59.4193548387097,47.8387096774194,31,62
2600,34,60.5,52.5,34,64
2700,34,64.8484848484848,48.1515151515152,33,62
2800,34,66.6875,45.65625,32,62
2900,34,67.5483870967742,42.4193548387097,31,62
3000,34,65.1818181818182,39.0606060606061,33,64
3100,34,59.8235294117647,37.8235294117647,34,64
3200,34,55.8529411764706,37.2941176470588,34,64
3300,34,55.8064516129032,41.2258064516129,31,64
3400,34,56.7878787878788,47.5454545454545,33,64
3500,34,61.625,50.8125,32,64
3600,34,64.3548387096774,54.1612903225806,31,62
3700,34,70.78125,53.65625,32,62
3800,34,76.5,53.3666666666667,30,62
3900,34,81.9666666666667,54.4666666666667,30,62
4000,34,85.8709677419355,59.0322580645161,31,62
4100,34,90.3870967741936,60.9677419354839,31,62
4200,34,95.4666666666666,60.5666666666667,30,62
4300,34,99.3939393939394,62.4545454545455,33,64
4400,34,102.125,58.375,32,64
4500,34,105.818181818182,53.7575757575758,33,64
4600,34,106,56.5454545454546,33,66
4700,34,103.375,60,32,64
4800,34,104.676470588235,61.6176470588235,34,64
4900,34,111,63,33,64
5000,34,114.69696969697,68.6363636363636,33,64
5100,34,114.794117647059,74.8529411764706,34,66
5200,34,113.470588235294,77.9411764705882,34,64
5300,34,110.617647058824,82.8235294117647,34,64
5400,34,108.935483870968,86.9354838709677,31,62
5500,34,104.375,89.1875,32,64
5600,34,99.6764705882353,86,34,66
5700,34,99.3823529411765,90.7058823529412,34,66
5800,34,96.59375,93.03125,32,64
5900,34,90.71875,95.46875,32,64
6000,34,88.71875,97.3125,32,62
6100,34,82.15625,98.8125,32,64
6200,34,77.0857142857143,99.1142857142857,35,66
6300,34,78.625,103.46875,32,66
6400,34,83.2,108.8,30,64
6500,34,89.9032258064516,111.322580645161,31,64
6600,34,93.9375,115.78125,32,62
6700,34,88.5625,120.6875,32,62
6800,34,82.3235294117647,122.617647058824,34,64
6900,34,77.2121212121212,125.969696969697,33,66
7000,34,71.6666666666667,125,33,64
7100,34,71.03125,118.125,32,66
7200,34,71.8857142857142,115.742857142857,35,64
7300,34,77.1764705882353,113.911764705882,34,64
7400,34,82.9090909090909,109.212121212121,33,64
7500,34,84.8125,105.1875,32,64
7600,34,86.5,99.7058823529412,34,62
7700,34,84.6969696969697,96.7575757575758,33,64
7800,34,79.5625,99.28125,32,62
7900,34,74.483870967742,101.774193548387,31,62
8000,34,70.4117647058823,105,34,66
8100,34,68,108,31,60
8200,34,64.78125,112.4375,32,64
8300,34,61.09375,118.375,32,62
8400,34,58.4411764705882,123.852941176471,34,66
8500,34,57.258064516129,127.903225806452,31,62
8600,34,59.6,131.514285714286,35,64
8700,34,63.3125,135.46875,32,62
8800,34,68.7058823529412,134.823529411765,34,66
8900,34,72.71875,131.65625,32,62
9000,34,75.5806451612903,131.258064516129,31,62
9100,34,79.483870967742,130.322580645161,31,62
9200,34,77.8611111111111,130,36,66
9300,34,79.625,135.625,32,62
9400,34,83.75,139.40625,32,64
9500,34,86.6857142857143,145.314285714286,35,66
9600,34,89.7647058823529,149.735294117647,34,64
9700,34,95.030303030303,146.333333333333,33,66
9800,34,101.657142857143,144.057142857143,35,64
9900,34,106.151515151515,146.121212121212,33,64
10000,34,103.806451612903,149.322580645161,31,64
0,35,49,50.3333333333333,3,20
100,35,48.6363636363636,44.6060606060606,33,66
200,35,50.2058823529412,40.0294117647059,34,66
300,35,54.2,32.3333333333333,30,64
400,35,49.78125,29.78125,32,62
500,35,45.9090909090909,30.4242424242424,33,64
600,35,43.2903225806452,26.741935483871,31,62
700,35,39.9655172413793,22.448275862069,29,62
800,35,41.2258064516129,19.1290322580645,31,62
900,35,46.78125,15.78125,32,62
1000,35,50.40625,13.4375,32,64
1100,35,52.6969696969697,10.0909090909091,33,62
1200,35,50.9375,4.46875,32,64
1300,35,43.9393939393939,4.12121212121212,33,64
1400,35,45.0606060606061,2.06060606060606,33,64
1500,35,49.2666666666667,2.06666666666667,30,62
1600,35,54.96875,3.375,32,64
1700,35,59.5,-1,32,62
1800,35,56.2285714285714,-6.34285714285714,35,64
1900,35,58.5714285714286,-7.28571428571428,35,66
2000,35,58.0882352941176,-3.08823529411764,34,66
2100,35,57.4333333333333,-7.66666666666669,30,60
2200,35,55.7741935483871,-11.9032258064516,31,62
2300,35,51.1176470588235,-12.8235294117647,34,64
2400,35,49.5333333333333,-15.6,30,62
2500,35,50.8571428571429,-21.6,35,66
2600,35,51.2424242424242,-25.0606060606061,33,64
2700,35,52.2903225806452,-29.4838709677419,31,64
2800,35,56.0909090909091,-33.6666666666667,33,64
2900,35,60.8064516129032,-34.9032258064516,31,66
3000,35,66.9393939393939,-35.5151515151515,33,64
3100,35,71.1818181818182,-38.5454545454546,33,64
3200,35,72.4242424242424,-43.8181818181818,33,64
3300,35,74.1612903225807,-50.4193548387097,31,62
3400,35,70.7941176470588,-53.3529411764706,34,64
3500,35,66.2121212121212,-54.7272727272727,33,64
3600,35,65.235294117647,-58.8235294117647,34,64
3700,35,60.8529411764706,-57.9705882352941,34,64
3800,35,61.3103448275862,-53.9310344827586,29,64
3900,35,61.0882352941176,-54.3823529411765,34,66
4000,35,60.7575757575758,-59.6363636363636,33,64
4100,35,60.7058823529412,-64.9705882352941,34,64
4200,35,59.46875,-70.1875,32,62
4300,35,61.939393939394,-74.2727272727273,33,66
4400,35,65.0571428571429,-74.3428571428572,35,64
4500,35,64.4848484848485,-70.1818181818182,33,66
4600,35,63.40625,-65.03125,32,62
4700,35,67.5882352941177,-61.1764705882353,34,64
4800,35,68.7714285714286,-57,35,64
4900,35,69.969696969697,-50.5757575757576,33,62
5000,35,74.1515151515151,-46.6666666666667,33,66
5100,35,73.0666666666667,-42.3333333333333,30,62
5200,35,70.7941176470588,-36.735294117647,34,64
5300,35,71.0571428571428,-32.0571428571429,35,64
5400,35,75.3428571428571,-28.2285714285714,35,66
5500,35,78.1875,-23.25,32,62
5600,35,80.0322580645161,-16.5806451612903,31,62
5700,35,83.8484848484848,-12.0606060606061,33,66
5800,35,88.5,-9,32,62
5900,35,93.9393939393939,-10.6666666666667,33,62
6000,35,98.125,-11.09375,32,66
6100,35,102.638888888889,-15.1388888888889,36,66
6200,35,105.970588235294,-17.6176470588235,34,64
6300,35,111.424242424242,-15.7878787878788,33,64
6400,35,111.939393939394,-12.8484848484849,33,64
6500,35,106.147058823529,-11.0294117647059,34,66
6600,35,104.161290322581,-13.9032258064516,31,64
6700,35,106.103448275862,-17.9655172413793,29,60
6800,35,108.875,-22.84375,32,66
6900,35,109.5,-27.4117647058823,34,64
7000,35,113.457142857143,-25.5714285714286,35,66
7100,35,118.515151515152,-21.0909090909091,33,64
7200,35,124.515151515152,-24.030303030303,33,64
7300,35,126.96875,-28.75,32,64
7400,35,123.878787878788,-34.0909090909091,33,64
7500,35,121.029411764706,-38.2058823529412,34,66
7600,35,117.125,-40.21875,32,64
7700,35,111.285714285714,-40.2857142857143,35,66
7800,35,105.483870967742,-44.8709677419355,31,62
7900,35,101.787878787879,-44.3939393939394,33,64
8000,35,96.1818181818182,-44.0606060606061,33,64
8100,35,91.5,-41.6666666666667,30,62
8200,35,87.9117647058823,-43.8235294117647,34,64
8300,35,84.1818181818182,-47.8787878787879,33,66
8400,35,81.5757575757576,-52.2424242424242,33,62
8500,35,82.375,-57.03125,32,64
8600,35,80.6875,-60.96875,32,64
8700,35,78,-66.1818181818182,33,64
8800,35,79.65625,-68,32,64
8900,35,84.9142857142857,-67.4857142857143,35,66
9000,35,84.8125,-73.4375,32,62
9100,35,89.235294117647,-75.3529411764706,34,66
9200,35,93.2121212121212,-75.9090909090909,33,62
9300,35,96.5588235294118,-71.7352941176471,34,66
9400,35,100,-71.8235294117647,34,64
9500,35,104.466666666667,-69.6,30,62
9600,35,108.375,-64.5,32,62
9700,35,110.53125,-59.4375,32,62
9800,35,108.53125,-52.34375,32,66
9900,35,105.828571428571,-50.4571428571429,35,66
10000,35,100.181818181818,-49.8787878787879,33,66
0,36,50,50,1,8
100,36,49.8823529411765,53,34,64
200,36,46.4411764705882,56.9411764705882,34,64
300,36,43.75,61.9375,32,64
400,36,47.09375,65.75,32,62
500,36,51.34375,68.1875,32,64
600,36,56.6129032258064,69.1612903225806,31,64
700,36,59.3225806451613,68.3870967741936,31,64
800,36,59.5,63.53125,32,66
900,36,53.9375,66.3125,32,66
1000,36,49.1212121212121,68.2727272727273,33,64
1100,36,42.03125,70.5625,32,64
1200,36,39.9393939393939,66.5757575757576,33,64
1300,36,39.8709677419355,62.1612903225807,31,64
1400,36,36.9090909090909,56.2424242424242,33,66
1500,36,31.5666666666667,56.5666666666667,30,66
1600,36,26.5161290322581,57.258064516129,31,62
1700,36,24.7142857142857,62.7142857142857,35,66
1800,36,24.875,68.125,32,64
1900,36,26.3235294117647,75.3823529411764,34,64
2000,36,24.625,79.21875,32,64
2100,36,23.030303030303,81.4545454545454,33,64
2200,36,18.4848484848485,81.1515151515151,33,68
2300,36,16.0909090909091,86.1818181818182,33,64
2400,36,16.741935483871,90.1290322580645,31,62
2500,36,16.3636363636364,95.4545454545454,33,64
2600,36,16.71875,100.84375,32,62
2700,36,17.8529411764706,105.647058823529,34,64
2800,36,15.4117647058824,108.5,34,66
2900,36,10.6470588235294,107.441176470588,34,64
3000,36,8.76470588235294,103,34,66
3100,36,5.87878787878788,100.212121212121,33,64
3200,36,2.29032258064516,99.741935483871,31,62
3300,36,-0.20588235294116,93.3823529411765,34,68
3400,36,-5.15625,94.75,32,64
3500,36,-9.69696969696967,91.2121212121212,33,64
3600,36,-15.3235294117647,90.3529411764706,34,64
3700,36,-20.9090909090909,91.4242424242424,33,64
3800,36,-24.3823529411765,93.6176470588235,34,64
3900,36,-23.78125,97.3125,32,64
4000,36,-19.9677419354839,100.41935483871,31,62
4100,36,-22.7096774193548,102.193548387097,31,60
4200,36,-28.2121212121212,100,33,64
4300,36,-27.5757575757576,95.0606060606061,33,62
4400,36,-29.90625,92.15625,32,64
4500,36,-31.3823529411765,90.9705882352941,34,66
4600,36,-27.59375,90.5625,32,62
4700,36,-25.28125,96.6562500000001,32,62
4800,36,-19.8235294117647,98.5,34,64
4900,36,-15.78125,102.90625,32,64
5000,36,-13.516129032258,104.612903225806,31,64
5100,36,-14.9655172413793,110.172413793103,29,60
5200,36,-16.8571428571429,114.342857142857,35,66
5300,36,-19.6774193548387,109.612903225806,31,64
5400,36,-20.2727272727273,103.69696969697,33,66
5500,36,-19.0625,97.8125,32,64
5600,36,-13.21875,94.40625,32,64
5700,36,-7.84848484848486,91.5757575757576,33,64
5800,36,-3.09677419354838,89.258064516129,31,62
5900,36,0.3125,86.15625,32,64
6000,36,5.46875,87.78125,32,62
6100,36,7.96875,83.09375,32,64
6200,36,10.7428571428571,77.5428571428571,35,64
6300,36,11.7096774193548,74.258064516129,31,64
6400,36,9.18181818181819,70.9090909090909,33,66
6500,36,3.97222222222223,66.4722222222222,36,66
6600,36,0.0882352941176521,65.9705882352941,34,64
6700,36,-0.76666666666668,60.5333333333333,30,64
6800,36,4.85714285714286,58.1428571428571,35,66
6900,36,5.70270270270271,55.1621621621622,37,66
7000,36,3.75,49.84375,32,62
7100,36,3.74193548387098,44.3548387096774,31,64
7200,36,8.3030303030303,39.4242424242424,33,64
7300,36,13.8333333333333,37.6666666666667,30,62
7400,36,17.59375,40.875,32,62
7500,36,22.28125,39.71875,32,64
7600,36,22.53125,35.8125,32,64
7700,36,20.5757575757576,31.0606060606061,33,62
7800,36,16,25.3939393939394,33,64
7900,36,20.2068965517241,23.1724137931034,29,62
8000,36,24,20.5,32,62
8100,36,27.5806451612903,16.1290322580645,31,62
8200,36,29.8235294117647,10.8235294117647,34,64
8300,36,28.65625,6.21875,32,62
8400,36,33.0882352941177,4.82352941176471,34,64
8500,36,35.8181818181818,-0.181818181818187,33,68
8600,36,32.3333333333333,-3.09999999999997,30,62
8700,36,28.5,-6.1875,32,64
8800,36,27.6969696969697,-11.3636363636364,33,64
8900,36,22.625,-15.34375,32,64
9000,36,18.96875,-20.03125,32,64
9100,36,16.7941176470588,-26.0882352941177,34,64
9200,36,21.7058823529412,-30.6176470588235,34,66
9300,36,25.3548387096774,-29.6774193548387,31,64
9400,36,31,-30.9428571428571,35,66
9500,36,35.0909090909091,-28.5151515151515,33,62
9600,36,41.5625,-26.53125,32,64
9700,36,47.3030303030303,-27.2727272727273,33,64
9800,36,55.3235294117647,-31.3235294117647,34,66
9900,36,56.03125,-34.90625,32,64
10000,36,50.625,-35.15625,32,60
0,37,50,50,1,8
100,37,49.59375,54.09375,32,66
200,37,48.6666666666667,59.9393939393939,33,62
300,37,44.0882352941176,64.3235294117647,34,64
400,37,44,69.1875,32,62
500,37,48.4411764705882,71,34,66
600,37,53.8064516129032,73.4516129032258,31,64
700,37,53.40625,78.90625,32,62
800,37,49.4,81.1714285714286,35,66
900,37,46.2352941176471,88.6470588235294,34,64
1000,37,42.6,91.1666666666666,30,62
1100,37,39.2352941176471,92.6470588235294,34,66
1200,37,36.9090909090909,91.2424242424242,33,62
1300,37,41.0322580645161,94.0645161290323,31,62
1400,37,38.6875,97.21875,32,66
1500,37,34.7,102.533333333333,30,62
1600,37,30.2424242424242,103.909090909091,33,64
1700,37,25.0625,106.875,32,62
1800,37,19.7575757575758,106.242424242424,33,64
1900,37,15.8484848484849,108.393939393939,33,64
2000,37,19.5,111.1875,32,66
2100,37,21.5454545454545,115.30303030303,33,64
2200,37,26.0882352941176,115.117647058824,34,66
2300,37,29.6666666666667,115.939393939394,33,62
2400,37,27.34375,115.5,32,66
2500,37,26.6060606060606,112.818181818182,33,64
2600,37,30.3030303030303,111.090909090909,33,62
2700,37,31.3939393939394,102.878787878788,33,66
2800,37,25.8181818181818,99.9696969696969,33,62
2900,37,25.7142857142857,104.4,35,66
3000,37,29.3636363636364,105.545454545455,33,64
3100,37,32.78125,108.46875,32,64
3200,37,37.90625,104.3125,32,62
3300,37,34.3235294117647,101.823529411765,34,64
3400,37,29.7714285714286,100.571428571429,35,64
3500,37,27.2058823529412,97.5294117647059,34,66
3600,37,23.7741935483871,99.9032258064516,31,62
3700,37,20.4545454545455,99.6363636363636,33,64
3800,37,18.4193548387097,94.2258064516129,31,64
3900,37,23.7272727272727,92,33,64
4000,37,27.1290322580645,88.516129032258,31,64
4100,37,32.1515151515151,82.6969696969697,33,64
4200,37,35.5483870967742,82.4193548387097,31,62
4300,37,40.969696969697,80.8484848484848,33,66
4400,37,44.8181818181818,82.7272727272727,33,62
4500,37,49.625,83.4375,32,66
4600,37,55.1875,86.34375,32,64
4700,37,59.5454545454546,84.6666666666667,33,66
4800,37,59.9705882352941,78.5588235294118,34,66
4900,37,55.28125,75.59375,32,64
5000,37,52.7,71.6,30,62
5100,37,52.2,68.1333333333333,30,62
5200,37,56.4242424242424,61.5757575757576,33,66
5300,37,54.1290322580645,60.2903225806452,31,62
5400,37,49.8484848484849,55.1515151515151,33,64
5500,37,45.9375,51.03125,32,64
5600,37,46.2352941176471,47.3529411764706,34,64
5700,37,51.5806451612903,44.516129032258,31,64
5800,37,56.264705882353,40,34,62
5900,37,62.2941176470588,44.7352941176471,34,64
6000,37,67.21875,45.59375,32,64
6100,37,71.1764705882353,46.7058823529412,34,66
6200,37,72,50.5,34,62
6300,37,69.4375,54.59375,32,62
6400,37,66.1290322580645,51.6774193548387,31,62
6500,37,65.1666666666667,48.4,30,62
6600,37,62.1875,46.75,32,62
6700,37,57.3529411764706,48.3235294117647,34,66
6800,37,57.1724137931035,52.8620689655172,29,64
6900,37,53.7941176470588,52.5,34,64
7000,37,49.8064516129032,53.7741935483871,31,62
7100,37,46.25,56.71875,32,66
7200,37,41.2647058823529,58.6764705882353,34,66
7300,37,41.5333333333333,62.9,30,62
7400,37,45,64.125,32,64
7500,37,50.2,62.7,30,64
7600,37,55.5454545454546,62.8484848484848,33,64
7700,37,61.65625,62.875,32,64
7800,37,67.0625,64.125,32,62
7900,37,71.3548387096774,65.8387096774194,31,62
8000,37,77,64.6666666666667,33,66
8100,37,72.90625,63.34375,32,62
8200,37,68.2285714285714,66.3714285714286,35,66
8300,37,67.6363636363636,70.2727272727273,33,66
8400,37,62.78125,75.34375,32,62
8500,37,60.1875,79.9375,32,64
8600,37,60.5,85.6470588235294,34,64
8700,37,60.4193548387097,90.9032258064516,31,62
8800,37,62.34375,96.15625,32,64
8900,37,60.8709677419355,102.677419354839,31,62
9000,37,56.2727272727273,105.030303030303,33,64
9100,37,56.0571428571429,109.085714285714,35,66
9200,37,60.8787878787879,104.878787878788,33,64
9300,37,62.9090909090909,105.757575757576,33,66
9400,37,65.03125,106.46875,32,62
9500,37,69.8125,104.78125,32,62
9600,37,74.6451612903226,107.290322580645,31,62
9700,37,79.125,106.8125,32,64
9800,37,81.5483870967742,101.709677419355,31,62
9900,37,83.1818181818182,97.6363636363637,33,64
10000,37,85.34375,92,32,64
0,38,50,50,1,8
100,38,53.3870967741936,49.5161290322581,31,62
200,38,50.8235294117647,45.2352941176471,34,64
300,38,47.6470588235294,42.0588235294118,34,66
400,38,45.09375,39.75,32,62
500,38,42.3870967741936,42,31,62
600,38,45.0909090909091,45.5151515151515,33,64
700,38,41.34375,51.4375,32,64
800,38,36.34375,52.34375,32,62
900,38,32.21875,48.375,32,64
1000,38,34.5483870967742,43.8709677419355,31,64
1100,38,37.6764705882353,39.0882352941176,34,64
1200,38,42.9032258064516,36.8387096774194,31,62
1300,38,46.2352941176471,39.2352941176471,34,64
1400,38,49.4375,39.75,32,62
1500,38,44.25,41.1875,32,62
1600,38,41.21875,37.09375,32,64
1700,38,38.969696969697,32.4848484848485,33,66
1800,38,35.1176470588235,30,34,64
1900,38,29.65625,29.0625,32,66
2000,38,25.1428571428571,23.7428571428571,35,68
2100,38,27.3714285714286,16.6571428571429,35,66
2200,38,22.1428571428571,16.0571428571429,35,68
2300,38,17.4375,15.28125,32,62
2400,38,14.1428571428571,12.2285714285714,35,66
2500,38,11.0909090909091,15.1515151515152,33,62
2600,38,10.46875,20.21875,32,64
2700,38,11.9090909090909,24.7878787878788,33,62
2800,38,10.1875,29.25,32,66
2900,38,14.1724137931034,31.551724137931,29,60
3000,38,15.9032258064516,33.0645161290323,31,64
3100,38,17.9375,36.96875,32,64
3200,38,17.2258064516129,40.9032258064516,31,64
3300,38,18.03125,45,32,64
3400,38,22.1515151515152,48.060606060606,33,64
3500,38,24.6129032258064,53.0967741935484,31,62
3600,38,26.1612903225806,57.9032258064516,31,62
3700,38,29.78125,54.3125,32,64
3800,38,33.1034482758621,48.551724137931,29,62
3900,38,30.1290322580645,42.3870967741936,31,62
4000,38,29.2258064516129,40.9677419354839,31,64
4100,38,32.8235294117647,39.8235294117647,34,62
4200,38,37.1515151515152,38.8787878787879,33,64
4300,38,40.2727272727273,39.2424242424242,33,64
4400,38,41.6363636363636,45.7878787878788,33,64
4500,38,45.71875,49.59375,32,62
4600,38,50.0606060606061,46.9090909090909,33,64
4700,38,54.4545454545455,48.2121212121212,33,62
4800,38,57.2903225806452,54.258064516129,31,62
4900,38,58.9375,57.78125,32,64
5000,38,64.28125,58.3125,32,62
5100,38,68.6764705882353,61.6176470588235,34,64
5200,38,69.5862068965517,69.1724137931034,29,62
5300,38,67.34375,73,32,64
5400,38,70.59375,78.90625,32,64
5500,38,75.6176470588236,80.0882352941177,34,64
5600,38,78,76.0882352941177,34,64
5700,38,79.030303030303,70.8787878787879,33,64
5800,38,77.1428571428571,67.0857142857143,35,64
5900,38,71.9090909090909,65.8787878787879,33,64
6000,38,64.5625,66.71875,32,66
6100,38,60.1176470588235,68,34,64
6200,38,57.125,63.1875,32,64
6300,38,51.5,63.5625,32,66
6400,38,46.8709677419355,68.3870967741936,31,62
6500,38,41.7741935483871,71.5483870967742,31,62
6600,38,36.6969696969697,73.8787878787879,33,64
6700,38,30.741935483871,80.1290322580645,31,64
6800,38,25.28125,79.5625,32,62
6900,38,19.3529411764706,80.1764705882353,34,64
7000,38,14.3333333333333,81.2424242424242,33,62
7100,38,11.6571428571429,76.3714285714286,35,66
7200,38,6.45454545454545,76.3030303030303,33,64
7300,38,2.51612903225806,74.4516129032258,31,62
7400,38,-3.64516129032258,73.483870967742,31,60
7500,38,-8.8181818181818,73,33,64
7600,38,-7.46875,78.84375,32,62
7700,38,-1.77142857142856,79,35,64
7800,38,3.0625,86.03125,32,64
7900,38,1.93939393939394,89.5757575757575,33,62
8000,38,-0.352941176470594,94.5294117647059,34,64
8100,38,-4.18181818181816,97.5454545454546,33,64
8200,38,-11.7272727272727,100.121212121212,33,64
8300,38,-10.5588235294118,105.264705882353,34,64
8400,38,-5.96875,104.65625,32,64
8500,38,0.878787878787875,99.5151515151515,33,64
8600,38,3.625,95.96875,32,64
8700,38,1.39393939393939,93.3636363636363,33,64
8800,38,-3.64516129032258,93.483870967742,31,60
8900,38,-3.70967741935485,92.4516129032258,31,62
9000,38,-1.15625,90.4375,32,62
9100,38,0.454545454545453,84.1515151515152,33,64
9200,38,0.46875,79.59375,32,64
9300,38,-2.08823529411764,72.3529411764706,34,64
9400,38,-4,66.90625,32,66
9500,38,-9.00000000000004,65.1612903225806,31,64
9600,38,-8.51612903225806,70.3225806451613,31,64
9700,38,-5.57575757575761,72.1212121212121,33,64
9800,38,1.57575757575758,70.2424242424242,33,62
9900,38,5.65714285714286,73,35,66
10000,38,10.9705882352941,71.9117647058823,34,64
0,39,50,50,1,8
100,39,45.25,48.90625,32,64
200,39,40.8181818181818,51.8484848484849,33,64
300,39,35.5757575757576,56.1212121212121,33,64
400,39,32.4838709677419,61.1935483870968,31,62
500,39,30.6875,66.625,32,62
600,39,26.03125,69.0625,32,64
700,39,21.9354838709677,71.7741935483871,31,62
800,39,20.0882352941176,75.9411764705882,34,64
900,39,16.7941176470588,83,34,64
1000,39,12.1935483870968,87.2903225806452,31,60
1100,39,7.67741935483871,93.5161290322581,31,64
1200,39,2.06666666666667,94.6333333333333,30,66
1300,39,-1.58823529411764,91.9117647058823,34,64
1400,39,-5.5,86.28125,32,62
1500,39,0.0967741935483843,85,31,62
1600,39,5.96774193548387,87.1612903225807,31,62
1700,39,5.625,80.625,32,64
1800,39,4,77.6470588235294,34,66
1900,39,1.36666666666666,72.1333333333333,30,64
2000,39,-0.09375,65.96875,32,66
2100,39,0.548387096774192,59.6451612903226,31,64
2200,39,-2.40000000000001,54.1666666666667,30,60
2300,39,-2.53125,49.53125,32,62
2400,39,-4.5,46.7058823529412,34,62
2500,39,-5.57142857142856,40.9428571428571,35,64
2600,39,-10.90625,38.625,32,62
2700,39,-15.258064516129,39.9677419354839,31,62
2800,39,-19.0967741935484,41,31,62
2900,39,-25.4,41.7333333333333,30,62
3000,39,-26.5,45,32,62
3100,39,-26.96875,49.59375,32,64
3200,39,-31.258064516129,46.3225806451613,31,66
3300,39,-33.9117647058824,42.3235294117647,34,64
3400,39,-40.6896551724138,41.6896551724138,29,62
3500,39,-45.0294117647059,38.6470588235294,34,66
3600,39,-49.1142857142857,39.2571428571428,35,64
3700,39,-44.7575757575758,41.5151515151515,33,66
3800,39,-41,40.2727272727273,33,66
3900,39,-36.78125,35.28125,32,62
4000,39,-34.9393939393939,28.5757575757576,33,62
4100,39,-37.7575757575758,22.6969696969697,33,62
4200,39,-41.969696969697,19.6060606060606,33,64
4300,39,-46.1764705882353,15.1470588235294,34,64
4400,39,-48.3529411764706,11.5882352941176,34,64
4500,39,-47.3939393939394,5.48484848484849,33,62
4600,39,-46.3548387096774,2.41935483870968,31,62
4700,39,-43.5277777777778,-0.75,36,66
4800,39,-39.59375,-4,32,64
4900,39,-43.9705882352941,-6.47058823529412,34,66
5000,39,-49.4242424242424,-7.57575757575756,33,62
5100,39,-53.5882352941176,-8.38235294117646,34,66
5200,39,-60.7096774193548,-7.29032258064518,31,60
5300,39,-64.2727272727273,-5.78787878787878,33,64
5400,39,-68.6111111111111,-1.86111111111111,36,64
5500,39,-72.1764705882353,3,34,64
5600,39,-72.4375,8.6875,32,62
5700,39,-70.9393939393939,15.0606060606061,33,64
5800,39,-66.7714285714286,17.3714285714286,35,66
5900,39,-62.4375,16.84375,32,62
6000,39,-63.9666666666667,21.8333333333333,30,64
6100,39,-66.71875,23.90625,32,62
6200,39,-70.3030303030303,20.0909090909091,33,62
6300,39,-68.9090909090909,16.9090909090909,33,64
6400,39,-64.516129032258,16.2258064516129,31,64
6500,39,-61.4117647058823,17.4411764705882,34,66
6600,39,-57.6875,21.625,32,64
6700,39,-55,25.09375,32,62
6800,39,-49.1515151515151,24.3030303030303,33,64
6900,39,-42.96875,21.5,32,64
7000,39,-43.9117647058824,16.6470588235294,34,64
7100,39,-44.4333333333333,10.9,30,62
7200,39,-50.5882352941177,10.5882352941177,34,64
7300,39,-55.0909090909091,10.8484848484848,33,62
7400,39,-63.6470588235294,11.8529411764706,34,64
7500,39,-66.3030303030303,5.24242424242425,33,64
7600,39,-70.5882352941177,1.88235294117646,34,64
7700,39,-70.4848484848485,-3.54545454545456,33,64
7800,39,-64.030303030303,-2.3939393939394,33,64
7900,39,-58.2222222222222,-0.333333333333314,36,66
8000,39,-53.0606060606061,-0.787878787878782,33,66
8100,39,-52.9411764705882,-2.91176470588232,34,66
8200,39,-47.5,-4.87500000000004,32,62
8300,39,-41.8181818181818,-4.7878787878788,33,64
8400,39,-35.0909090909091,-7.48484848484848,33,62
8500,39,-28.4545454545455,-9.57575757575756,33,64
8600,39,-23.5882352941177,-9.91176470588236,34,64
8700,39,-20,-8.1875,32,64
8800,39,-15.5,-5.49999999999996,32,60
8900,39,-9.27272727272728,-9.06060606060603,33,64
9000,39,-6.09090909090909,-10.969696969697,33,64
9100,39,-1.03030303030305,-15.7575757575758,33,64
9200,39,4.58064516129032,-15.3225806451613,31,62
9300,39,6.12903225806451,-19.7096774193548,31,62
9400,39,8.40625,-22.65625,32,62
9500,39,11.4545454545455,-26.5151515151515,33,64
9600,39,14.9393939393939,-27.5757575757576,33,64
9700,39,14.5882352941176,-33.0588235294118,34,66
9800,39,12.4848484848485,-39.2121212121212,33,64
9900,39,13.8857142857143,-44.3142857142857,35,64
10000,39,18.7096774193548,-48.1290322580645,31,62
0,40,49.5,50.5,2,14
100,40,46.8484848484849,52.7878787878788,33,64
200,40,44.1875,55.84375,32,62
300,40,42.34375,61.6875,32,66
400,40,38.2727272727273,65.2727272727273,33,64
500,40,34.34375,70.84375,32,62
600,40,28.8275862068965,71.2413793103448,29,64
700,40,25.5625,69.59375,32,62
800,40,25.7741935483871,64.5806451612903,31,64
900,40,30.6969696969697,62.7575757575758,33,64
1000,40,36.3636363636364,62.6060606060606,33,64
1100,40,30.2258064516129,64.8387096774193,31,64
1200,40,23.3636363636364,62.0606060606061,33,64
1300,40,19.71875,60.25,32,62
1400,40,15.3870967741935,57.9032258064516,31,62
1500,40,9.59375,63.125,32,62
1600,40,5.6875,68.3125,32,64
1700,40,1.51612903225806,72.9677419354839,31,62
1800,40,-0.970588235294116,74.7647058823529,34,66
1900,40,-3.53125,77.6875,32,62
2000,40,-9.03125,77.84375,32,64
2100,40,-12.6969696969697,77.6666666666667,33,64
2200,40,-17.1470588235294,75.6470588235294,34,64
2300,40,-17.1515151515152,70.6060606060606,33,64
2400,40,-13.6470588235294,66,34,66
2500,40,-8.11764705882352,62.8823529411765,34,64
2600,40,-4.15151515151516,65.7272727272727,33,64
2700,40,-1.3125,64.03125,32,62
2800,40,3.23333333333333,63.9,30,62
2900,40,2.97058823529412,69.3529411764706,34,64
3000,40,6.46875,74.9375,32,64
3100,40,10.40625,75.34375,32,62
3200,40,13.7272727272727,70.6666666666667,33,64
3300,40,15.8,65.6,30,64
3400,40,15.6,61.6857142857143,35,64
3500,40,9.12903225806451,64.483870967742,31,62
3600,40,7.125,66.34375,32,64
3700,40,2.7741935483871,61.1612903225806,31,62
3800,40,2.06451612903226,55.2258064516129,31,62
3900,40,0.085714285714289,49.2285714285714,35,64
4000,40,-0.909090909090907,43.969696969697,33,64
4100,40,4.78787878787878,41.6060606060606,33,64
4200,40,8.125,41.5625,32,64
4300,40,12.5882352941177,37.6176470588235,34,66
4400,40,14.4848484848485,37.9393939393939,33,66
4500,40,9.46875,38.75,32,62
4600,40,3.76470588235294,37.3529411764706,34,64
4700,40,-0.545454545454561,37.6060606060606,33,64
4800,40,0,32.5,34,62
4900,40,2,31,37,64
5000,40,3.27272727272728,28.969696969697,33,64
5100,40,0.117647058823522,31.5,34,64
5200,40,2.48484848484848,36.7575757575758,33,64
5300,40,8.3125,38.1875,32,64
5400,40,14.96875,39.03125,32,64
5500,40,19.551724137931,39.9310344827586,29,60
5600,40,25.0882352941177,38.9705882352941,34,66
5700,40,28.65625,35.46875,32,64
5800,40,28.7,31.5333333333333,30,62
5900,40,33.9393939393939,26.8787878787879,33,64
6000,40,34.75,24.9375,32,64
6100,40,35.3823529411765,16.8529411764706,34,64
6200,40,38.5,15.3,30,64
6300,40,41.7941176470588,14.7647058823529,34,64
6400,40,47.1428571428571,12.0857142857143,35,64
6500,40,52.258064516129,16.3548387096774,31,64
6600,40,55.1666666666667,18.8,30,62
6700,40,59.15625,19.96875,32,64
6800,40,61.7096774193548,24.6451612903226,31,64
6900,40,62.7352941176471,29.6470588235294,34,64
7000,40,63.8787878787879,33.4848484848485,33,64
7100,40,57.9090909090909,35.1515151515151,33,62
7200,40,53.1515151515152,38.6666666666667,33,64
7300,40,51.1142857142857,44.6857142857143,35,64
7400,40,44.59375,45.4375,32,64
7500,40,40.1875,49.5,32,62
7600,40,37.375,52.96875,32,64
7700,40,33.2666666666667,54.9666666666667,30,62
7800,40,35.8181818181818,58.4242424242424,33,64
7900,40,38.3235294117647,61.0588235294118,34,64
8000,40,35.4,66.4,35,66
8100,40,38.75,62.8125,32,62
8200,40,39.9677419354839,57.741935483871,31,64
8300,40,43.0606060606061,51.7878787878788,33,66
8400,40,45.5,47.09375,32,62
8500,40,47.3939393939394,43.9393939393939,33,64
8600,40,49.6451612903226,39.0967741935484,31,64
8700,40,52.1333333333333,36.9333333333333,30,60
8800,40,50.125,30.125,32,62
8900,40,47.1176470588235,26.2058823529412,34,66
9000,40,43.4375,20.40625,32,64
9100,40,35.5757575757576,20.6969696969697,33,64
9200,40,29.34375,15.125,32,64
9300,40,26.3235294117647,9.05882352941177,34,64
9400,40,22.5,5.46428571428572,28,60
9500,40,17.4838709677419,1.12903225806452,31,62
9600,40,13.3103448275862,-0.310344827586206,29,60
9700,40,6.96774193548387,1.48387096774194,31,62
9800,40,-0.393939393939405,3.96969696969697,33,64
9900,40,-3.41176470588236,3.11764705882354,34,64
10000,40,-6.25,-0.53125,32,62
0,41,49.5,50.5,2,14
100,41,45.5,48,34,62
200,41,40.3235294117647,42.0882352941176,34,66
300,41,36.1764705882353,37.7647058823529,34,64
400,41,34,32.6333333333333,30,64
500,41,37.1818181818182,32.030303030303,33,62
600,41,39.6774193548387,37.2903225806452,31,64
700,41,42.2941176470588,40.5294117647059,34,66
800,41,40,45.3870967741936,31,62
900,41,35.75,45.4375,32,64
1000,41,29.5294117647059,46.2058823529412,34,66
1100,41,28.8387096774194,51,31,64
1200,41,30.25,57.1875,32,64
1300,41,33.2058823529412,54.0882352941177,34,66
1400,41,34.3870967741936,51.0967741935484,31,64
1500,41,32.7428571428571,46.1142857142857,35,64
1600,41,33.09375,40.8125,32,66
1700,41,28.9375,39.34375,32,64
1800,41,21.7272727272727,40,33,66
1900,41,16.969696969697,37.7575757575758,33,64
2000,41,16.2333333333333,36.3666666666667,30,62
2100,41,20.8181818181818,33.030303030303,33,64
2200,41,26.8125,34.25,32,62
2300,41,28.7941176470588,37.3235294117647,34,66
2400,41,31.0625,43.34375,32,64
2500,41,34.4848484848485,44.4545454545455,33,66
2600,41,37.3125,46.90625,32,62
2700,41,38.5161290322581,53.9677419354839,31,62
2800,41,36.1818181818182,50.030303030303,33,64
2900,41,34.6129032258064,49.0645161290322,31,62
3000,41,33.0967741935484,54.3870967741936,31,62
3100,41,29.8387096774194,58.5161290322581,31,64
3200,41,23.4571428571429,59.7428571428571,35,64
3300,41,18.2424242424242,61.5454545454545,33,64
3400,41,15.4857142857143,66.1142857142857,35,64
3500,41,10.53125,65.4375,32,64
3600,41,6.1875,61.875,32,64
3700,41,3.51612903225806,63.6774193548387,31,62
3800,41,1.36363636363636,68.6666666666667,33,64
3900,41,3.41935483870968,71.6774193548387,31,62
4000,41,-0.181818181818201,75.7272727272727,33,64
4100,41,-3.42424242424242,75.8787878787878,33,66
4200,41,-5.21875,71.1875,32,62
4300,41,-10.6764705882353,70.235294117647,34,64
4400,41,-13.625,71.375,32,66
4500,41,-12.5757575757576,67.9393939393939,33,62
4600,41,-9.6969696969697,62.9090909090909,33,64
4700,41,-4.75757575757576,55.5757575757576,33,62
4800,41,-0.617647058823536,52.3235294117647,34,66
4900,41,1.79411764705883,47.2058823529412,34,66
5000,41,2.03030303030303,40.3636363636364,33,64
5100,41,0.147058823529406,37.0588235294118,34,64
5200,41,-3.24242424242424,32.9090909090909,33,64
5300,41,-1.71875,27.625,32,64
5400,41,2.17647058823529,26.0588235294118,34,66
5500,41,6.66666666666667,23.2424242424242,33,62
5600,41,10.8484848484848,21.4545454545455,33,64
5700,41,14.3666666666667,16.6666666666667,30,62
5800,41,18.5757575757576,13.0909090909091,33,64
5900,41,24.5161290322581,7.87096774193548,31,62
6000,41,29.375,6.125,32,64
6100,41,33.59375,12.09375,32,64
6200,41,37.3870967741936,12.3225806451613,31,62
6300,41,39.8484848484849,7.66666666666667,33,66
6400,41,45.0606060606061,3.12121212121212,33,64
6500,41,50.3870967741936,2.41935483870968,31,62
6600,41,50.264705882353,5.70588235294118,34,64
6700,41,46.75,11.0625,32,66
6800,41,43.53125,11.65625,32,64
6900,41,40.71875,16.03125,32,64
7000,41,38.03125,20.03125,32,64
7100,41,30.969696969697,20.3333333333333,33,64
7200,41,32.0882352941177,23,34,64
7300,41,33.71875,28.09375,32,64
7400,41,28.9666666666667,29.8333333333333,30,64
7500,41,24.5151515151515,29.4242424242424,33,64
7600,41,20.9117647058823,31.3529411764706,34,66
7700,41,21.1666666666667,34.7,30,62
7800,41,24.735294117647,40.4411764705882,34,68
7900,41,20.5757575757576,40.4545454545455,33,64
8000,41,14.969696969697,37.4242424242424,33,64
8100,41,12.1818181818182,39.2121212121212,33,66
8200,41,8.74193548387098,37.3548387096774,31,60
8300,41,5.26666666666667,37.2,30,64
8400,41,0.588235294117652,39.0294117647059,34,66
8500,41,-4.90909090909092,43.2121212121212,33,64
8600,41,-10.3125,46.9375,32,62
8700,41,-13.9411764705882,50.8823529411765,34,64
8800,41,-16.4516129032258,58.2903225806452,31,62
8900,41,-15.59375,62.71875,32,62
9000,41,-19.6363636363636,67.969696969697,33,64
9100,41,-25.5625,64.59375,32,62
9200,41,-27.9,61.6333333333333,30,60
9300,41,-26.09375,58.65625,32,64
9400,41,-20.6060606060606,59.3333333333333,33,64
9500,41,-17.8857142857143,57.4857142857143,35,66
9600,41,-11.8787878787879,54.2121212121212,33,64
9700,41,-12.0333333333333,48.8333333333333,30,62
9800,41,-18.1714285714286,45.0571428571429,35,66
9900,41,-25.375,42.34375,32,62
10000,41,-24.8529411764706,45.9411764705882,34,64
0,42,49.6666666666667,49.6666666666667,3,18
100,42,51.34375,53.21875,32,62
200,42,55.8,52.2333333333333,30,62
300,42,63.2121212121212,52.8787878787879,33,64
400,42,67.9142857142857,54.2,35,66
500,42,67.5454545454545,58.1818181818182,33,64
600,42,68.2424242424242,63.3333333333333,33,64
700,42,69.1212121212121,68.1515151515152,33,64
800,42,64.1212121212121,68.3333333333333,33,64
900,42,58.4375,66.09375,32,62
1000,42,52.5588235294118,67.8235294117647,34,64
1100,42,47.1515151515151,68.7878787878788,33,64
1200,42,42.8064516129032,65.0322580645162,31,62
1300,42,40,58.7352941176471,34,62
1400,42,36.7878787878788,55.2424242424242,33,64
1500,42,32.0967741935484,58,31,62
1600,42,28.969696969697,60.5454545454545,33,64
1700,42,27.969696969697,64.6060606060606,33,66
1800,42,30.2727272727273,69.1212121212121,33,64
1900,42,30,71.28125,32,62
2000,42,33.2727272727273,74.1515151515151,33,62
2100,42,28.969696969697,75.8181818181818,33,66
2200,42,25.65625,78.46875,32,64
2300,42,20.8823529411765,77.1470588235294,34,64
2400,42,19.75,71.15625,32,62
2500,42,22.6774193548387,64.6451612903226,31,62
2600,42,21.03125,58.71875,32,62
2700,42,16.2903225806452,56,31,62
2800,42,18.8529411764706,54.6176470588235,34,64
2900,42,24.0625,53.125,32,62
3000,42,22.4848484848485,52.3636363636364,33,64
3100,42,17.969696969697,55.5757575757576,33,66
3200,42,11.6875,54.59375,32,62
3300,42,8.36363636363636,51.3939393939394,33,64
3400,42,3.87096774193548,47.3225806451613,31,62
3500,42,6.3,43.7333333333333,30,62
3600,42,13,41.8235294117647,34,64
3700,42,15.59375,41.40625,32,64
3800,42,20,42.4838709677419,31,62
3900,42,17.1515151515151,44.9393939393939,33,64
4000,42,11.0625,50.21875,32,62
4100,42,6.15151515151515,53.2727272727273,33,62
4200,42,0.578947368421053,54.8421052631579,38,66
4300,42,-0.666666666666686,62.3030303030303,33,64
4400,42,-4.14705882352942,67.6176470588235,34,66
4500,42,-8.21875,70.78125,32,62
4600,42,-10.3235294117647,76.5,34,64
4700,42,-8.12121212121212,80.8181818181818,33,66
4800,42,-13.8181818181818,83.7272727272727,33,62
4900,42,-15.3870967741936,80.4193548387097,31,62
5000,42,-14.2121212121212,75.9090909090909,33,62
5100,42,-9.66666666666669,70.2424242424242,33,62
5200,42,-10.3714285714286,73.4285714285714,35,64
5300,42,-14.6129032258064,78.1935483870968,31,62
5400,42,-17.6470588235294,81.7058823529412,34,66
5500,42,-20.3142857142857,86.6,35,64
5600,42,-20.7741935483871,91.2903225806452,31,64
5700,42,-24.483870967742,94.4516129032258,31,66
5800,42,-26.9375,92.84375,32,62
5900,42,-29.625,91.21875,32,64
6000,42,-31.53125,86.125,32,64
6100,42,-31.15625,79.71875,32,62
6200,42,-27.9411764705882,77.3235294117647,34,66
6300,42,-24.65625,73.03125,32,62
6400,42,-22.7575757575758,67.4242424242424,33,62
6500,42,-25.6969696969697,64.6363636363636,33,64
6600,42,-28.46875,62.875,32,64
6700,42,-26.2121212121212,59.8484848484849,33,64
6800,42,-21.71875,63.78125,32,62
6900,42,-17.0588235294118,61.6764705882353,34,64
7000,42,-13.3055555555556,63.6944444444444,36,66
7100,42,-8.35294117647058,65.6764705882353,34,64
7200,42,-3.5,62.2941176470588,34,62
7300,42,-3.09090909090909,56.0909090909091,33,66
7400,42,-5.7,54.1333333333333,30,60
7500,42,-5.32258064516132,51,31,62
7600,42,-9.64705882352941,46.9117647058823,34,64
7700,42,-13.4516129032258,50.8064516129032,31,62
7800,42,-19,52.5,34,62
7900,42,-22.3333333333333,59.0666666666667,30,62
8000,42,-21.258064516129,63.0967741935484,31,66
8100,42,-15.2058823529412,63,34,66
8200,42,-9.77142857142856,65.9142857142857,35,64
8300,42,-3.375,63.6875,32,64
8400,42,2,60.7741935483871,31,62
8500,42,1.18181818181819,54.9393939393939,33,66
8600,42,-3.03125,55.03125,32,64
8700,42,-7.34375,55.4375,32,62
8800,42,-10.3636363636364,49.8787878787879,33,64
8900,42,-14.7272727272727,48.1818181818182,33,62
9000,42,-18.1212121212121,47.7575757575758,33,64
9100,42,-22.7272727272727,51.1515151515152,33,62
9200,42,-27,52.2352941176471,34,66
9300,42,-31.1176470588235,51.2647058823529,34,66
9400,42,-39.3870967741936,51.0322580645161,31,62
9500,42,-45.1212121212121,48.4848484848485,33,64
9600,42,-49.3823529411765,46.8529411764706,34,64
9700,42,-52.5454545454545,43.7878787878788,33,62
9800,42,-57.125,45.71875,32,64
9900,42,-62.09375,51.125,32,66
10000,42,-62.7647058823529,55.4411764705882,34,64
0,43,50,49.6666666666667,3,20
100,43,45.71875,46.96875,32,62
200,43,40.8235294117647,43.6176470588235,34,64
300,43,35.1666666666667,39.5555555555556,36,66
400,43,31.7647058823529,38.4411764705882,34,64
500,43,28.0909090909091,37.4545454545454,33,66
600,43,25.09375,37.6875,32,64
700,43,23.6969696969697,32.4545454545455,33,66
800,43,21.6451612903226,28.4838709677419,31,60
900,43,17.5161290322581,24.0967741935484,31,62
1000,43,12.3125,21.46875,32,64
1100,43,10.5,23.3125,32,64
1200,43,8.75,30.71875,32,62
1300,43,10.8235294117647,35.2352941176471,34,66
1400,43,5.17142857142857,41.7142857142857,35,66
1500,43,0.636363636363637,46.2727272727273,33,66
1600,43,0.375,50.21875,32,64
1700,43,1.26470588235294,54.2941176470588,34,64
1800,43,-2.71875,57.84375,32,62
1900,43,-6.84375,56.1875,32,62
2000,43,-6.80645161290325,50.4516129032258,31,60
2100,43,-4.6060606060606,47.2424242424242,33,64
2200,43,3.81818181818181,45.3939393939394,33,64
2300,43,7.3225806451613,47.3548387096774,31,62
2400,43,10.3529411764706,49.8235294117647,34,64
2500,43,14.5588235294118,46.1764705882353,34,64
2600,43,18.3636363636364,44.1818181818182,33,66
2700,43,25.1142857142857,43.7428571428571,35,64
2800,43,29.7352941176471,41.3235294117647,34,66
2900,43,26.6363636363636,36.7575757575758,33,64
3000,43,29.3823529411765,32.9117647058824,34,64
3100,43,33.8064516129032,33.9032258064516,31,60
3200,43,39.1470588235294,33.0588235294118,34,66
3300,43,44.15625,30.75,32,62
3400,43,47.6,26.5714285714286,35,66
3500,43,46.4242424242424,20.6666666666667,33,64
3600,43,43.4242424242424,14.8181818181818,33,64
3700,43,38.28125,12.75,32,62
3800,43,34.0625,16.84375,32,62
3900,43,30.6285714285714,19.0857142857143,35,66
4000,43,27.030303030303,17.5757575757576,33,62
4100,43,28.5806451612903,13.3225806451613,31,64
4200,43,33.4193548387097,9.7741935483871,31,62
4300,43,31.21875,6.0625,32,64
4400,43,26.375,1.90625,32,62
4500,43,22.2424242424242,-0.939393939393966,33,64
4600,43,24.0606060606061,-5.24242424242424,33,64
4700,43,28,-10.7941176470588,34,66
4800,43,28,-9.65625,32,64
4900,43,23.7575757575758,-13.8181818181818,33,66
5000,43,18.6764705882353,-16.6470588235294,34,64
5100,43,14.1944444444444,-18.5555555555556,36,66
5200,43,11.1944444444444,-24,36,66
5300,43,10.4838709677419,-28.2903225806452,31,64
5400,43,4.96875,-26.28125,32,62
5500,43,1.06060606060606,-30.1212121212121,33,66
5600,43,-4.19354838709675,-27.2258064516129,31,62
5700,43,-8.99999999999996,-23.9705882352941,34,66
5800,43,-10.78125,-30,32,62
5900,43,-7.40000000000001,-29.0285714285714,35,66
6000,43,-2.45161290322579,-28.1612903225806,31,62
6100,43,2.84848484848484,-29.1515151515152,33,62
6200,43,8.3030303030303,-33.3939393939394,33,66
6300,43,12.6875,-33.15625,32,62
6400,43,16.7741935483871,-37.1935483870968,31,62
6500,43,19.6060606060606,-37.7272727272727,33,64
6600,43,17.8529411764706,-37.8823529411765,34,64
6700,43,15.1515151515152,-36.8181818181818,33,64
6800,43,10.3125,-34.5,32,64
6900,43,7,-30,31,64
7000,43,3.20588235294117,-30.4411764705883,34,66
7100,43,5.03030303030303,-35.9393939393939,33,64
7200,43,4.16129032258064,-42.0645161290323,31,62
7300,43,2.3225806451613,-46.7096774193548,31,62
7400,43,-2,-48.90625,32,64
7500,43,-7.5,-47.5,34,64
7600,43,-11.0606060606061,-43.9090909090909,33,64
7700,43,-14.65625,-40.71875,32,62
7800,43,-21.0294117647059,-38.735294117647,34,66
7900,43,-22.8484848484849,-33.1212121212121,33,66
8000,43,-22.7352941176471,-28.2941176470588,34,64
8100,43,-22.5882352941176,-23.8235294117647,34,64
8200,43,-15.6363636363636,-20.9090909090909,33,64
8300,43,-10.6666666666667,-24.0606060606061,33,62
8400,43,-10.6875,-29.375,32,64
8500,43,-13.8787878787879,-32.7272727272727,33,64
8600,43,-20.59375,-35.8125,32,64
8700,43,-24.5333333333333,-31.4333333333333,30,60
8800,43,-29.5161290322581,-27.4516129032258,31,64
8900,43,-29.6875,-20.3125,32,64
9000,43,-28.2903225806452,-13.9354838709678,31,62
9100,43,-29.75,-10.09375,32,62
9200,43,-31.53125,-14.15625,32,62
9300,43,-26.8,-20.1333333333333,30,62
9400,43,-26.3870967741935,-24.6774193548387,31,64
9500,43,-24.9090909090909,-28.9696969696969,33,64
9600,43,-26.25,-31.1875,32,62
9700,43,-29.65625,-35.28125,32,62
9800,43,-30.8181818181818,-39.7272727272727,33,66
9900,43,-30.0882352941177,-45.5882352941176,34,64
10000,43,-30.5454545454545,-52.1818181818182,33,64
0,44,49.5,50,2,14
100,44,51.3225806451613,46.7096774193548,31,64
200,44,51.40625,42.3125,32,64
300,44,46.3666666666667,41.9,30,62
400,44,43.0967741935484,40.0322580645161,31,62
500,44,38.4838709677419,39.4516129032258,31,62
600,44,38.8125,37.21875,32,66
700,44,43.9411764705882,36.5,34,66
800,44,39.9705882352941,32.7058823529412,34,64
900,44,37.7333333333333,25.2666666666667,30,62
1000,44,40.90625,21.3125,32,62
1100,44,43.96875,19.65625,32,62
1200,44,47.8125,18.8125,32,62
1300,44,50.8484848484849,16.5757575757576,33,64
1400,44,54.264705882353,19,34,62
1500,44,56.6969696969697,24.969696969697,33,66
1600,44,55.7096774193548,31.8387096774194,31,62
1700,44,55.3333333333333,36.9393939393939,33,64
1800,44,55.7272727272727,40.3030303030303,33,64
1900,44,58.9090909090909,42.6060606060606,33,66
2000,44,62.21875,46.90625,32,66
2100,44,61.3823529411765,51.9705882352941,34,64
2200,44,57.2758620689655,53.3448275862069,29,62
2300,44,58,50.3235294117647,34,64
2400,44,65.40625,49.46875,32,64
2500,44,63.375,51.78125,32,64
2600,44,65.6764705882353,55.7941176470588,34,66
2700,44,67.7058823529412,59.9117647058823,34,66
2800,44,68.2571428571429,57.8857142857143,35,64
2900,44,72.375,53.625,32,66
3000,44,77,52.21875,32,64
3100,44,83.5757575757576,50.5757575757576,33,62
3200,44,89.65625,51.90625,32,64
3300,44,96.21875,52.71875,32,62
3400,44,98.2647058823529,50,34,62
3500,44,95.8125,47.5625,32,62
3600,44,92.8387096774194,41.6451612903226,31,64
3700,44,91.0833333333333,37.0277777777778,36,64
3800,44,91,32.6285714285714,35,64
3900,44,94.735294117647,33.7058823529412,34,66
4000,44,100.125,37.28125,32,64
4100,44,104.212121212121,38.8181818181818,33,64
4200,44,109.8125,37.65625,32,64
4300,44,114.882352941176,39.1176470588235,34,64
4400,44,119.5,35.5,34,64
4500,44,122.483870967742,32.3548387096774,31,60
4600,44,127.606060606061,30.3939393939394,33,64
4700,44,126.333333333333,25.6969696969697,33,64
4800,44,127.333333333333,21.8484848484848,33,66
4900,44,125,17.7352941176471,34,62
5000,44,125.6875,10.90625,32,66
5100,44,120.205882352941,7.88235294117647,34,66
5200,44,115.387096774194,6.83870967741935,31,64
5300,44,109.411764705882,9.5,34,66
5400,44,104.5625,12.84375,32,64
5500,44,99.375,13.3125,32,64
5600,44,94.3636363636364,12.4848484848485,33,64
5700,44,88.8181818181818,16.2424242424242,33,64
5800,44,89.1212121212121,20.7575757575758,33,64
5900,44,94.9705882352941,21.8235294117647,34,66
6000,44,98.1515151515152,18.6969696969697,33,64
6100,44,100,12.5,30,62
6200,44,105.151515151515,6.03030303030303,33,64
6300,44,106.870967741935,9.90322580645162,31,62
6400,44,109.21875,14.53125,32,64
6500,44,115.59375,15.65625,32,64
6600,44,120.34375,15.59375,32,64
6700,44,124.757575757576,18.9393939393939,33,64
6800,44,130,18.1714285714286,35,64
6900,44,134,23.5,32,62
7000,44,137.28125,28.78125,32,64
7100,44,140.8125,23.34375,32,64
7200,44,142.757575757576,20.6363636363636,33,66
7300,44,148.090909090909,18.7878787878788,33,62
7400,44,154.272727272727,17.6363636363636,33,62
7500,44,159.233333333333,15.6333333333333,30,62
7600,44,159.181818181818,9.09090909090909,33,64
7700,44,157.59375,1.9375,32,64
7800,44,161.757575757576,-2.06060606060608,33,64
7900,44,167.548387096774,-2.06451612903228,31,64
8000,44,174.875,1.96875,32,64
8100,44,181.064516129032,3.29032258064517,31,62
8200,44,183.78125,7.875,32,64
8300,44,182.235294117647,12.9117647058823,34,64
8400,44,179.40625,16.84375,32,64
8500,44,183.65625,18.875,32,64
8600,44,190.470588235294,17.3235294117647,34,66
8700,44,193.771428571429,18.4285714285714,35,64
8800,44,200.375,13.15625,32,60
8900,44,204.235294117647,11.0882352941177,34,64
9000,44,206.709677419355,14.3548387096774,31,62
9100,44,206.764705882353,20.5588235294118,34,64
9200,44,211.225806451613,22.3548387096774,31,62
9300,44,215.333333333333,23.9090909090909,33,66
9400,44,215.677419354839,27.483870967742,31,62
9500,44,216.741935483871,31.741935483871,31,62
9600,44,218.375,35.15625,32,60
9700,44,224.71875,36.5,32,62
9800,44,229.294117647059,37.6176470588235,34,64
9900,44,233.060606060606,42.3030303030303,33,64
10000,44,235.794117647059,44.2058823529412,34,66
0,45,50,50,1,8
100,45,45.96875,53.90625,32,64
200,45,42.7096774193548,55.8709677419355,31,60
300,45,43.90625,60.3125,32,62
400,45,45.4838709677419,65.5483870967742,31,62
500,45,43.6857142857143,72.0285714285714,35,66
600,45,44.5625,78.78125,32,62
700,45,46.0882352941177,83.8235294117647,34,64
800,45,45.9666666666667,91.1,30,64
900,45,44.8181818181818,95.6666666666667,33,64
1000,45,41.8181818181818,93.3333333333333,33,64
1100,45,39.0571428571429,87.5714285714286,35,64
1200,45,35.9705882352941,84.9117647058824,34,64
1300,45,32.6571428571429,81.7714285714286,35,64
1400,45,30.6363636363636,79.1818181818182,33,66
1500,45,24.6875,85.6875,32,64
1600,45,19.71875,87.03125,32,62
1700,45,14.4242424242424,83.5151515151515,33,66
1800,45,12,78.7878787878788,33,66
1900,45,13.8787878787879,72.7272727272727,33,64
2000,45,16.21875,69.34375,32,64
2100,45,20.6451612903226,73.6451612903226,31,64
2200,45,21.8709677419355,71.4516129032258,31,64
2300,45,25.4285714285714,67.2857142857143,35,66
2400,45,25.9090909090909,62.5151515151515,33,64
2500,45,29.3793103448276,56.6206896551724,29,60
2600,45,30.75,53.03125,32,62
2700,45,32.875,47.8125,32,64
2800,45,35.1,52.5666666666667,30,62
2900,45,34.4375,55.875,32,64
3000,45,34.8064516129032,59.741935483871,31,62
3100,45,39,60,33,64
3200,45,44.3636363636364,59.8787878787879,33,64
3300,45,47.6451612903226,57.741935483871,31,60
3400,45,48.8709677419355,58.0967741935484,31,62
3500,45,52.59375,54.4375,32,64
3600,45,59.375,58,32,64
3700,45,63.969696969697,58.3939393939394,33,64
3800,45,62.1875,64.75,32,62
3900,45,63,67.78125,32,62
4000,45,59.9655172413793,71.2758620689655,29,64
4100,45,54.6470588235294,69.264705882353,34,64
4200,45,49.7058823529412,67.0294117647059,34,66
4300,45,51.9090909090909,69.7575757575758,33,62
4400,45,56.6944444444444,71.9722222222222,36,64
4500,45,61.5588235294118,68.7941176470588,34,64
4600,45,66.71875,72.5,32,62
4700,45,70.7096774193548,76.4516129032258,31,60
4800,45,68.6060606060606,80.9090909090909,33,66
4900,45,64.90625,84.96875,32,62
5000,45,61.375,88.78125,32,62
5100,45,57.3142857142857,85.4,35,64
5200,45,52.5757575757576,81.5757575757576,33,64
5300,45,46.2666666666667,84.4666666666666,30,62
5400,45,43.4375,87.3125,32,62
5500,45,40.6875,93.5625,32,64
5600,45,36.78125,96.5625,32,62
5700,45,32.3666666666667,92.2333333333334,30,62
5800,45,31.3548387096774,86.8064516129032,31,60
5900,45,28.1290322580645,80.8387096774193,31,64
6000,45,25.3125,75.40625,32,66
6100,45,24.4411764705882,71.2647058823529,34,64
6200,45,23.5454545454545,64.1818181818182,33,64
6300,45,18.875,62.78125,32,62
6400,45,12.6571428571429,64.9428571428571,35,64
6500,45,10.2857142857143,69.3714285714286,35,66
6600,45,12.375,71.84375,32,60
6700,45,17.6969696969697,71.8484848484848,33,64
6800,45,13.8333333333333,64.6388888888889,36,66
6900,45,12.8529411764706,65.7647058823529,34,64
7000,45,11.5,72.84375,32,64
7100,45,11.2424242424242,77.0909090909091,33,62
7200,45,9.375,84.75,32,62
7300,45,8.85294117647059,90.1176470588235,34,64
7400,45,6.59375,94.90625,32,62
7500,45,12.4848484848485,95.0909090909091,33,64
7600,45,16.8181818181818,96.7272727272728,33,66
7700,45,19.8857142857143,98.9428571428572,35,64
7800,45,22.8333333333333,102.566666666667,30,62
7900,45,21.7647058823529,107.558823529412,34,64
8000,45,25.6666666666667,109.060606060606,33,62
8100,45,26.1212121212121,114.666666666667,33,64
8200,45,25.9354838709677,119.41935483871,31,60
8300,45,30.030303030303,124.181818181818,33,62
8400,45,31.1612903225806,130.483870967742,31,62
8500,45,35.0294117647059,133.852941176471,34,64
8600,45,39.7741935483871,134.258064516129,31,64
8700,45,43.8529411764706,134.352941176471,34,64
8800,45,47.8787878787879,137.727272727273,33,64
8900,45,48.1515151515151,143.727272727273,33,62
9000,45,46.6875,149.0625,32,64
9100,45,48.5428571428571,152.742857142857,35,64
9200,45,47.030303030303,157.909090909091,33,64
9300,45,42.25,161.3125,32,64
9400,45,43.4516129032258,166.806451612903,31,64
9500,45,45.65625,170.8125,32,64
9600,45,48.9090909090909,174.333333333333,33,66
9700,45,55,176.225806451613,31,64
9800,45,57.741935483871,178.387096774194,31,64
9900,45,49.6969696969697,179.636363636364,33,66
10000,45,46.6666666666667,175.212121212121,33,64
0,46,50.5,50.75,4,26
100,46,53.2571428571429,47.1142857142857,35,64
200,46,53.46875,42.125,32,62
300,46,55.0909090909091,38.8484848484849,33,64
400,46,60.2121212121212,35.3636363636364,33,64
500,46,64.4857142857143,35.1142857142857,35,64
600,46,68.3870967741936,41.258064516129,31,62
700,46,71.8787878787879,43.6666666666667,33,64
800,46,75.71875,47.71875,32,62
900,46,81.75,48.875,32,64
1000,46,86.2727272727273,49.3636363636364,33,62
1100,46,89.3823529411765,47.9117647058824,34,64
1200,46,96.0909090909091,50.030303030303,33,64
1300,46,99.6857142857143,49.5714285714286,35,66
1400,46,102.147058823529,44.3529411764706,34,64
1500,46,98.1818181818182,41.2727272727273,33,64
1600,46,93.6470588235294,39.5588235294118,34,64
1700,46,95.741935483871,36.0967741935484,31,62
1800,46,92.6363636363636,31.4242424242424,33,64
1900,46,86.7741935483871,25,31,62
2000,46,83.875,18.90625,32,64
2100,46,83.3548387096774,14.4838709677419,31,62
2200,46,78.8709677419355,12.4193548387097,31,62
2300,46,74.09375,12.375,32,64
2400,46,68.4411764705882,8.97058823529412,34,64
2500,46,63.6875,7.40625,32,66
2600,46,57.9375,4.84375,32,62
2700,46,52.21875,3.53125,32,64
2800,46,49.6176470588235,5.61764705882353,34,66
2900,46,49.28125,10.3125,32,62
3000,46,46,12.7352941176471,34,62
3100,46,42.1612903225806,15.9677419354839,31,62
3200,46,39.6176470588235,20.5882352941176,34,66
3300,46,40.3333333333333,27.2424242424242,33,66
3400,46,39.3666666666667,32.9,30,62
3500,46,43.5757575757576,35.5757575757576,33,62
3600,46,41.9,37.9333333333333,30,62
3700,46,35.1818181818182,34.4242424242424,33,64
3800,46,32.9142857142857,30.9142857142857,35,66
3900,46,25.3529411764706,28.8529411764706,34,64
4000,46,19.0909090909091,25.9090909090909,33,64
4100,46,14.9714285714286,25.1714285714286,35,66
4200,46,11.3529411764706,29.0588235294118,34,64
4300,46,10.1290322580645,35.4838709677419,31,66
4400,46,6.39393939393939,38.1515151515152,33,64
4500,46,2.66666666666667,37.969696969697,33,66
4600,46,2.12903225806451,33.9677419354839,31,62
4700,46,5.26666666666667,29.4333333333333,30,62
4800,46,9.02857142857142,31.6,35,64
4900,46,14.0625,32.90625,32,64
5000,46,15.0882352941176,38.3529411764706,34,64
5100,46,10.9393939393939,42.9393939393939,33,64
5200,46,6.33333333333333,45.6969696969697,33,64
5300,46,-0.117647058823536,46.4705882352941,34,66
5400,46,-5.15151515151516,45.4848484848485,33,64
5500,46,-9,43.9117647058823,34,64
5600,46,-14.1935483870968,46.3548387096774,31,62
5700,46,-20.0588235294118,50.6470588235294,34,64
5800,46,-25.375,52.78125,32,64
5900,46,-29.7272727272727,50.6363636363636,33,62
6000,46,-33.28125,51,32,64
6100,46,-29.264705882353,54,34,62
6200,46,-25.2058823529412,58.4705882352941,34,66
6300,46,-20.6176470588235,55.8529411764706,34,64
6400,46,-16.5454545454546,54.6363636363636,33,64
6500,46,-11.34375,55.3125,32,62
6600,46,-12.2941176470588,60.5,34,62
6700,46,-12.7241379310345,65.4827586206897,29,62
6800,46,-11.1351351351351,69.7027027027027,37,66
6900,46,-8.05882352941177,74.3235294117647,34,64
7000,46,-3.25,77.125,32,64
7100,46,-0.65625,82.03125,32,64
7200,46,3.27272727272727,84.6363636363636,33,62
7300,46,3.34375,89.65625,32,64
7400,46,1.03030303030303,93.030303030303,33,66
7500,46,-2.54838709677421,91.8387096774194,31,62
7600,46,-8.37142857142857,90.4285714285714,35,64
7700,46,-8.73529411764707,92.6470588235294,34,64
7800,46,-3.63333333333333,95.8333333333333,30,60
7900,46,-1.4375,92.0625,32,62
8000,46,2.59999999999999,88.4666666666667,30,62
8100,46,6.51612903225806,86.8709677419355,31,64
8200,46,11.7567567567568,85.3783783783784,37,66
8300,46,17.448275862069,86.2413793103448,29,60
8400,46,21.2424242424242,86.1818181818182,33,64
8500,46,26.4516129032258,85.9032258064516,31,64
8600,46,28.0294117647059,89.6764705882353,34,64
8700,46,29.3870967741935,93.6451612903226,31,66
8800,46,30.1875,99.9375,32,66
8900,46,33.5151515151515,102.69696969697,33,66
9000,46,39.25,104.28125,32,66
9100,46,37.1935483870968,109.612903225806,31,62
9200,46,34,111.9,30,60
9300,46,36.2258064516129,114.193548387097,31,62
9400,46,39.21875,113.0625,32,62
9500,46,45.25,107.96875,32,62
9600,46,48.7272727272727,104.151515151515,33,62
9700,46,49,100.34375,32,62
9800,46,49,98.1764705882353,34,64
9900,46,50.030303030303,102.909090909091,33,64
10000,46,46.6857142857143,105.885714285714,35,66
0,47,50.5,50,2,14
100,47,52.7333333333333,45.6666666666667,30,62
200,47,54.6285714285714,40.5714285714286,35,66
300,47,51.3125,37.53125,32,62
400,47,53.3235294117647,34.3235294117647,34,64
500,47,60.1290322580645,34.0645161290323,31,64
600,47,63.1714285714286,30.6571428571429,35,66
700,47,63.3333333333333,25.2424242424242,33,62
800,47,58.8235294117647,21.5882352941176,34,64
900,47,54.7096774193548,17.258064516129,31,66
1000,47,50.9375,19.1875,32,64
1100,47,50.9090909090909,24.7272727272727,33,64
1200,47,53.2727272727273,28.9393939393939,33,66
1300,47,53.7352941176471,33.3529411764706,34,64
1400,47,58.75,36.84375,32,64
1500,47,63.939393939394,34.030303030303,33,66
1600,47,67.2647058823529,29.3529411764706,34,64
1700,47,72.2121212121212,25.9090909090909,33,62
1800,47,78.6666666666666,26.0606060606061,33,62
1900,47,84.4516129032258,26.5806451612903,31,60
2000,47,87.1428571428571,29.4857142857143,35,66
2100,47,87.2424242424242,33.1212121212121,33,64
2200,47,84.3636363636363,36.1212121212121,33,64
2300,47,78.1176470588235,38,34,64
2400,47,76.1142857142857,36.3142857142857,35,64
2500,47,79.8181818181818,33.5454545454546,33,66
2600,47,84.2121212121212,34,33,64
2700,47,86.0322580645161,29.8387096774194,31,64
2800,47,82.25,24.0833333333333,36,66
2900,47,79.3333333333333,19.0606060606061,33,62
3000,47,76.75,14.25,32,64
3100,47,71.4375,16.3125,32,62
3200,47,68.258064516129,17.0322580645161,31,64
3300,47,65.0645161290323,14.9354838709677,31,62
3400,47,70.4838709677419,17.0322580645161,31,66
3500,47,71.3235294117647,12.5588235294118,34,66
3600,47,70.8571428571429,6.4,35,66
3700,47,72.375,8.21875,32,64
3800,47,75.030303030303,10.0909090909091,33,66
3900,47,76.0909090909091,13.4848484848485,33,62
4000,47,78.6875,17.5625,32,62
4100,47,83.258064516129,18.1290322580645,31,64
4200,47,89.25,16.09375,32,64
4300,47,95.1515151515151,13.969696969697,33,64
4400,47,102.9375,14.90625,32,64
4500,47,106.676470588235,17.5882352941176,34,64
4600,47,111.59375,21.15625,32,64
4700,47,117.861111111111,22.6111111111111,36,64
4800,47,114.911764705882,26.4411764705882,34,66
4900,47,115.088235294118,31.3529411764706,34,64
5000,47,119.96875,32.90625,32,62
5100,47,121.515151515152,37.9090909090909,33,62
5200,47,118.333333333333,39.6060606060606,33,64
5300,47,112.823529411765,38.7352941176471,34,64
5400,47,105.935483870968,37.3870967741936,31,62
5500,47,106.30303030303,34.5454545454545,33,68
5600,47,109.484848484848,35.8484848484849,33,66
5700,47,113.375,34.625,32,62
5800,47,115.8,37.4,30,62
5900,47,112,42.65625,32,62
6000,47,107.606060606061,45.6363636363636,33,64
6100,47,104.548387096774,47.9677419354839,31,62
6200,47,99.5,49.5,32,64
6300,47,96.3333333333333,50.5151515151515,33,64
6400,47,93.9032258064516,55.7741935483871,31,64
6500,47,91.125,61,32,64
6600,47,92.5483870967742,66.1935483870968,31,62
6700,47,96.6470588235294,69.8529411764706,34,66
6800,47,100.59375,75.71875,32,62
6900,47,105,76.5806451612903,31,64
7000,47,110.878787878788,81.4242424242424,33,64
7100,47,115.870967741935,87.4193548387097,31,62
7200,47,118.628571428571,92,35,64
7300,47,115.875,92.5625,32,62
7400,47,115.333333333333,85.7666666666667,30,62
7500,47,118.41935483871,81.6129032258064,31,62
7600,47,114.911764705882,77.2058823529412,34,66
7700,47,115.0625,74.3125,32,64
7800,47,120.606060606061,74.4848484848485,33,66
7900,47,123.5625,71.40625,32,62
8000,47,127.933333333333,69,30,64
8100,47,132,69.8235294117647,34,64
8200,47,129.515151515152,73.1818181818182,33,64
8300,47,128.393939393939,79.9090909090909,33,64
8400,47,129.272727272727,84.9393939393939,33,64
8500,47,131.757575757576,91.0909090909091,33,62
8600,47,137.727272727273,95.3333333333333,33,66
8700,47,140.969696969697,98.1818181818182,33,62
8800,47,144.257142857143,94.8857142857142,35,64
8900,47,140.333333333333,89.8484848484848,33,64
9000,47,135.225806451613,87.4193548387097,31,62
9100,47,131.09375,87.28125,32,62
9200,47,126.8125,86.3125,32,64
9300,47,122.848484848485,87.1515151515152,33,62
9400,47,115.78125,91.09375,32,64
9500,47,109.235294117647,94.4705882352941,34,64
9600,47,107.848484848485,102.060606060606,33,64
9700,47,104.575757575758,107.30303030303,33,64
9800,47,99,105.15625,32,62
9900,47,92.3666666666667,102.766666666667,30,62
10000,47,91.2424242424242,96.6363636363636,33,66
0,48,50,50,1,8
100,48,48,49.375,32,64
200,48,47.4375,44.6875,32,62
300,48,49.2857142857143,41.7142857142857,35,66
400,48,49.125,37.34375,32,64
500,48,50.7058823529412,34.0294117647059,34,64
600,48,51.3333333333333,27.6363636363636,33,64
700,48,49.6764705882353,23.2941176470588,34,64
800,48,49.4375,18.40625,32,62
900,48,50.90625,13.4375,32,64
1000,48,48.9411764705882,6.41176470588235,34,66
1100,48,44.4848484848485,4.63636363636364,33,64
1200,48,39.2352941176471,3.61764705882353,34,64
1300,48,39.2352941176471,7.88235294117647,34,64
1400,48,44.1212121212121,10.6060606060606,33,64
1500,48,45.7941176470588,15.1470588235294,34,66
1600,48,44.5757575757576,20.8787878787879,33,66
1700,48,46.6774193548387,25.0645161290323,31,62
1800,48,49.6060606060606,28.4848484848485,33,62
1900,48,54.1612903225806,24.2258064516129,31,64
2000,48,53.65625,20.96875,32,64
2100,48,56.030303030303,17.6060606060606,33,64
2200,48,60.3428571428571,18.9428571428571,35,64
2300,48,63.6451612903226,17.1290322580645,31,62
2400,48,69.9090909090909,15.3030303030303,33,62
2500,48,73.71875,9.4375,32,64
2600,48,76.84375,13.71875,32,62
2700,48,81.5882352941177,15.5882352941176,34,64
2800,48,81.90625,22.21875,32,64
2900,48,83.0588235294118,27.6470588235294,34,66
3000,48,82.7058823529412,31.7941176470588,34,64
3100,48,84.4117647058823,36.6764705882353,34,64
3200,48,86.90625,43,32,62
3300,48,90.3529411764706,47.5294117647059,34,64
3400,48,94.2058823529412,52.4411764705882,34,64
3500,48,95.030303030303,56.7272727272727,33,64
3600,48,99.375,62.21875,32,64
3700,48,100,65.7941176470588,34,66
3800,48,102.064516129032,73.7741935483871,31,64
3900,48,106.666666666667,76.3030303030303,33,64
4000,48,111.454545454545,78.2424242424242,33,64
4100,48,116.848484848485,79.8181818181818,33,66
4200,48,122,81.5882352941177,34,64
4300,48,119.090909090909,85.7878787878788,33,64
4400,48,114.393939393939,89.0303030303031,33,66
4500,48,115.363636363636,93.4848484848485,33,64
4600,48,117.096774193548,97.1612903225806,31,64
4700,48,120,96.6451612903226,31,64
4800,48,120.90625,90.5,32,62
4900,48,122.806451612903,85.1612903225806,31,66
5000,48,123.444444444444,88.9444444444444,36,66
5100,48,120.111111111111,93.7222222222223,36,66
5200,48,117.181818181818,97.7878787878788,33,64
5300,48,115.69696969697,96.9090909090909,33,62
5400,48,109.709677419355,91.741935483871,31,66
5500,48,110.133333333333,84.8,30,62
5600,48,110.424242424242,78.3030303030303,33,64
5700,48,114.058823529412,72.3529411764706,34,64
5800,48,118.30303030303,68.8484848484849,33,64
5900,48,114.787878787879,64.1212121212121,33,66
6000,48,111.935483870968,60.5806451612903,31,64
6100,48,107.441176470588,60.6176470588235,34,66
6200,48,104.84375,63.34375,32,64
6300,48,102.566666666667,66.7,30,66
6400,48,98.9117647058824,70.3823529411765,34,64
6500,48,93.6969696969697,74.2727272727273,33,64
6600,48,89.5666666666667,75.4333333333333,30,62
6700,48,87.65625,80.34375,32,62
6800,48,87.3870967741935,85.3548387096774,31,64
6900,48,83.258064516129,87.1612903225807,31,66
7000,48,81.2857142857143,83.1714285714286,35,64
7100,48,80.71875,76.09375,32,62
7200,48,75.483870967742,73,31,64
7300,48,76.5454545454546,68.8787878787879,33,66
7400,48,79.65625,64.40625,32,66
7500,48,84.1875,61.8125,32,62
7600,48,87.8387096774194,61.3870967741935,31,64
7700,48,91,65.8064516129032,31,62
7800,48,94.8125000000001,68.3125,32,64
7900,48,99.258064516129,67.6129032258064,31,62
8000,48,106.125,67.84375,32,64
8100,48,106.4375,71.84375,32,62
8200,48,104.161290322581,73.8387096774193,31,62
8300,48,104.193548387097,77.9354838709677,31,64
8400,48,99.1290322580645,76.9677419354839,31,62
8500,48,98.9696969696969,72.5757575757576,33,64
8600,48,101.147058823529,68.4117647058823,34,64
8700,48,98.5151515151515,64.5151515151515,33,64
8800,48,97.6363636363636,60.2727272727273,33,64
8900,48,103.969696969697,57.9393939393939,33,64
9000,48,104,54.4,35,64
9100,48,106.935483870968,49.9032258064516,31,62
9200,48,109.9,44.1333333333333,30,64
9300,48,110.272727272727,41.1818181818182,33,62
9400,48,107.441176470588,43.9411764705882,34,66
9500,48,108.4375,47.28125,32,64
9600,48,110.4,45.1333333333333,30,62
9700,48,112.285714285714,38.1714285714286,35,64
9800,48,109.3,35.8333333333333,30,62
9900,48,105.121212121212,35.2727272727273,33,64
10000,48,102.257142857143,37.1142857142857,35,64
0,49,49.75,51,4,22
100,49,47.59375,47.4375,32,64
200,49,43.6363636363636,45.5757575757576,33,64
300,49,42.2727272727273,40.5757575757576,33,66
400,49,42.6470588235294,38.4411764705882,34,64
500,49,46.9705882352941,35.9705882352941,34,66
600,49,51.8484848484849,31.6969696969697,33,64
700,49,57.0967741935484,36.1612903225806,31,64
800,49,60.3548387096774,41.1935483870968,31,60
900,49,57.4242424242424,44.969696969697,33,62
1000,49,52.0882352941177,48.0882352941177,34,66
1100,49,48.8181818181818,49.3939393939394,33,64
1200,49,45.1290322580645,53.3870967741936,31,64
1300,49,40.40625,52.9375,32,64
1400,49,38.4375,47.15625,32,62
1500,49,40.7428571428571,42.5428571428571,35,64
1600,49,43.75,38.96875,32,66
1700,49,43.84375,32.25,32,64
1800,49,39,29.3636363636364,33,66
1900,49,34.1612903225806,26.0967741935484,31,64
2000,49,29.1515151515152,24.9393939393939,33,66
2100,49,25.3333333333333,24.2121212121212,33,64
2200,49,28.5625,18.8125,32,62
2300,49,26.6774193548387,14.0645161290323,31,62
2400,49,27.5,8.17647058823529,34,66
2500,49,28.9393939393939,2.87878787878788,33,66
2600,49,33.1875,-1.18750000000004,32,64
2700,49,29.9333333333333,-5.76666666666664,30,62
2800,49,25,-6.15625,32,62
2900,49,23.5,-1.78125,32,64
3000,49,27.4242424242424,-4.72727272727276,33,64
3100,49,30.7096774193548,-7.48387096774196,31,64
3200,49,34.6060606060606,-9.21212121212122,33,66
3300,49,34.3030303030303,-13.4545454545454,33,64
3400,49,36.5483870967742,-18.0967741935484,31,60
3500,49,35.1515151515151,-26.5151515151515,33,62
3600,49,33.9032258064516,-32.0645161290322,31,64
3700,49,33.0322580645161,-37.1935483870968,31,64
3800,49,30.15625,-41.9375,32,62
3900,49,32.5757575757576,-44.969696969697,33,62
4000,49,36.21875,-45.5625,32,62
4100,49,37.8484848484849,-48.0909090909091,33,62
4200,49,39.5277777777778,-53.4444444444444,36,66
4300,49,36.2727272727273,-53.8181818181818,33,62
4400,49,31.1875,-52.15625,32,62
4500,49,27.9393939393939,-48.3636363636364,33,64
4600,49,25,-45.6129032258064,31,64
4700,49,18.9375,-47.8125,32,64
4800,49,16.7878787878788,-43.8484848484848,33,66
4900,49,20.09375,-41.96875,32,62
5000,49,24.2285714285714,-41.0857142857143,35,64
5100,49,25.5161290322581,-46.9032258064516,31,62
5200,49,21.9142857142857,-45.2,35,64
5300,49,19,-41.1875,32,64
5400,49,19.0625,-38.3125,32,64
5500,49,24.3125,-36.84375,32,64
5600,49,26.1875,-33.5,32,62
5700,49,27.6764705882353,-28.3529411764706,34,68
5800,49,25.6857142857143,-25.6,35,64
5900,49,26.96875,-19.8125,32,64
6000,49,24.15625,-16.5625,32,62
6100,49,22.5,-10.1176470588236,34,64
6200,49,23.8181818181818,-6.15151515151518,33,66
6300,49,27.9375,-3.8125,32,66
6400,49,32.2727272727273,-2.54545454545456,33,64
6500,49,36.4838709677419,-2.61290322580643,31,62
6600,49,37.5,-9,32,62
6700,49,36.7714285714286,-15.9714285714286,35,66
6800,49,39.7575757575758,-20.6666666666667,33,66
6900,49,38,-23,31,60
7000,49,32.8484848484848,-25.3636363636363,33,66
7100,49,27.8235294117647,-27.1176470588235,34,66
7200,49,24.0625,-30.84375,32,62
7300,49,18.9428571428571,-29.3428571428571,35,64
7400,49,22.3235294117647,-24.5,34,64
7500,49,28.9090909090909,-21.2727272727273,33,64
7600,49,33.5588235294118,-22.4705882352941,34,64
7700,49,40.9354838709678,-22.5483870967742,31,62
7800,49,45.4516129032258,-22.0967741935484,31,62
7900,49,46.46875,-18.5625,32,64
8000,49,49.0909090909091,-17.3030303030303,33,62
8100,49,49.5806451612903,-21.8709677419355,31,64
8200,49,46.28125,-27.03125,32,62
8300,49,43.4242424242424,-31.8181818181818,33,64
8400,49,39.0322580645161,-34.258064516129,31,62
8500,49,37.09375,-40.46875,32,64
8600,49,36.3888888888889,-44.8611111111111,36,64
8700,49,34.96875,-49.75,32,66
8800,49,32.78125,-54.3125,32,64
8900,49,33.3030303030303,-57.2121212121212,33,66
9000,49,37.40625,-61.40625,32,64
9100,49,40,-66.6363636363636,33,64
9200,49,40.9375,-71.9375,32,64
9300,49,36.21875,-70.9375,32,62
9400,49,34.1470588235294,-74.2352941176471,34,64
9500,49,39.0333333333333,-78.6,30,62
9600,49,43.3823529411765,-75.1470588235294,34,64
9700,49,48.0625,-76.21875,32,62
9800,49,55.6129032258065,-73.8064516129032,31,62
9900,49,60.8181818181818,-72.4848484848485,33,64
10000,49,66.5806451612903,-73.6774193548387,31,62
0,50,49.6666666666667,50,6,30
100,50,47.34375,52.0625,32,66
200,50,43.5142857142857,55.3142857142857,35,66
300,50,40.6176470588235,60.1470588235294,34,64
400,50,39.9375,65.5,32,64
500,50,44.1388888888889,70.8333333333333,36,66
600,50,48.1612903225806,70.5806451612903,31,62
700,50,51.2352941176471,72.6764705882353,34,64
800,50,55.8787878787879,71.6060606060606,33,64
900,50,55.0909090909091,66.8181818181818,33,64
1000,50,55.3030303030303,62.0909090909091,33,62
1100,50,61.1875,62,32,62
1200,50,65.030303030303,64.9090909090909,33,64
1300,50,69.6060606060606,68.969696969697,33,66
1400,50,73.3333333333333,71.5454545454545,33,64
1500,50,75.0882352941176,73.3235294117647,34,64
1600,50,78.90625,72.90625,32,66
1700,50,78.15625,76.625,32,60
1800,50,71.969696969697,80.4242424242424,33,62
1900,50,70.0645161290323,76.8709677419355,31,62
2000,50,69.6285714285714,70.5714285714286,35,64
2100,50,71.9090909090909,67.4848484848485,33,62
2200,50,68.969696969697,73.1818181818182,33,62
2300,50,66.4516129032258,78.4193548387097,31,64
2400,50,62.1515151515151,82.8484848484848,33,64
2500,50,57.9411764705882,84.1176470588235,34,66
2600,50,51.7941176470588,81.7058823529412,34,64
2700,50,48.125,82.4375,32,62
2800,50,51.1875,85.34375,32,64
2900,50,56.46875,88.4375,32,64
3000,50,60.09375,92.8125,32,64
3100,50,63.6857142857143,93.8857142857143,35,64
3200,50,66.1612903225807,96.9677419354839,31,64
3300,50,67.969696969697,100.181818181818,33,62
3400,50,65.2647058823529,102.205882352941,34,64
3500,50,60.90625,101.625,32,62
3600,50,59.9393939393939,94.3333333333333,33,64
3700,50,55.9411764705882,91.9411764705882,34,66
3800,50,51.90625,96.1250000000001,32,62
3900,50,47.0882352941177,97.2058823529412,34,64
4000,50,44.2571428571429,100.085714285714,35,66
4100,50,41.9090909090909,104.484848484848,33,64
4200,50,40.34375,106.59375,32,64
4300,50,44.8787878787879,110.30303030303,33,64
4400,50,50.9117647058824,111.058823529412,34,66
4500,50,54.3888888888889,105.972222222222,36,66
4600,50,58.9,101,30,60
4700,50,64.25,103.15625,32,62
4800,50,69,104.78125,32,62
4900,50,72.34375,102.46875,32,62
5000,50,68.40625,96.625,32,64
5100,50,65.3125,93.0625,32,66
5200,50,60.7931034482759,89.6896551724138,29,62
5300,50,55.3714285714286,89.1142857142857,35,66
5400,50,54.8387096774194,82.3870967741935,31,64
5500,50,55.6969696969697,77.2424242424242,33,62
5600,50,56.4285714285714,71.6571428571428,35,66
5700,50,54.9393939393939,67.6363636363636,33,64
5800,50,54.5588235294118,61.9411764705882,34,64
5900,50,55.75,55.3125,32,64
6000,50,57.969696969697,51.8181818181818,33,62
6100,50,61.1212121212121,44.2727272727273,33,66
6200,50,63.7272727272727,39.1212121212121,33,64
6300,50,60.8285714285714,36.6285714285714,35,66
6400,50,58.375,38.375,32,62
6500,50,56.2903225806452,40.8387096774194,31,62
6600,50,51,44.3225806451613,31,62
6700,50,47.0294117647059,49.3235294117647,34,64
6800,50,45.5806451612903,52.0645161290323,31,66
6900,50,41.125,56.21875,32,64
7000,50,41.3611111111111,59.0833333333333,36,68
7100,50,42.75,64.03125,32,66
7200,50,45.2222222222222,67.8888888888889,36,66
7300,50,50.5806451612903,66.2258064516129,31,66
7400,50,52.125,61.90625,32,62
7500,50,59.1515151515152,56.0909090909091,33,66
7600,50,62.030303030303,55.7575757575758,33,64
7700,50,66.6896551724138,55.1379310344827,29,64
7800,50,64.8611111111111,60.1666666666667,36,66
7900,50,62.5588235294118,67.3529411764706,34,64
8000,50,64.3529411764706,72.4117647058823,34,64
8100,50,61.8125,74.5,32,62
8200,50,61.0625,79.1875,32,64
8300,50,63.75,83.21875,32,64
8400,50,68.0294117647059,84.3235294117647,34,64
8500,50,70.741935483871,80.8064516129032,31,62
8600,50,65.764705882353,77.5294117647059,34,64
8700,50,62.3333333333333,78.4242424242424,33,64
8800,50,68.9090909090909,78.4242424242424,33,64
8900,50,73.5757575757576,76.5151515151515,33,64
9000,50,77.8064516129032,75.3225806451613,31,62
9100,50,80.6363636363636,69.4545454545454,33,64
9200,50,80.1470588235294,61.4411764705882,34,64
9300,50,84.7333333333333,57.2666666666667,30,62
9400,50,88.2424242424242,54.6969696969697,33,62
9500,50,89.7575757575758,49.8484848484848,33,64
9600,50,91.21875,44.15625,32,66
9700,50,88.1818181818182,37.969696969697,33,62
9800,50,85.3235294117647,32.2941176470588,34,64
9900,50,80.7575757575758,28.6060606060606,33,64
10000,50,76.1470588235294,32.5294117647059,34,64
0,51,49.6666666666667,49.3333333333333,3,18
100,51,47.4516129032258,53.6129032258064,31,64
200,51,46.3,59.8333333333333,30,62
300,51,41.1515151515151,60.3939393939394,33,64
400,51,37.2727272727273,63.969696969697,33,64
500,51,32.8709677419355,62.8709677419355,31,64
600,51,32.6470588235294,59.1470588235294,34,64
700,51,28.53125,56.875,32,64
800,51,24.1290322580645,57.6451612903226,31,64
900,51,18.030303030303,57.0606060606061,33,66
1000,51,14.3548387096774,61.0645161290323,31,60
1100,51,11.75,64.84375,32,64
1200,51,12.3225806451613,69.4838709677419,31,62
1300,51,8.84375,70.4375,32,62
1400,51,9.48484848484848,76.3939393939394,33,62
1500,51,7.32258064516129,79.2580645161291,31,62
1600,51,1.82352941176471,82.5882352941177,34,66
1700,51,-1.3448275862069,85.7586206896552,29,62
1800,51,-3.5151515151515,89.030303030303,33,64
1900,51,-7.90909090909091,89.0909090909091,33,64
2000,51,-4.72727272727272,91.8787878787879,33,64
2100,51,-0.599999999999994,92.5666666666667,30,62
2200,51,3.85294117647059,91.4411764705882,34,66
2300,51,4.1875,84.65625,32,64
2400,51,8.40625,83,32,64
2500,51,12.6451612903226,83.6451612903226,31,62
2600,51,16.40625,81.71875,32,64
2700,51,17.2647058823529,78.7352941176471,34,66
2800,51,21.4848484848485,78,33,68
2900,51,26.8181818181818,77.3333333333333,33,64
3000,51,31.3333333333333,74.2424242424242,33,62
3100,51,33.4242424242424,69.8484848484848,33,64
3200,51,32.8333333333333,65.4666666666667,30,62
3300,51,35.3333333333333,59.9393939393939,33,62
3400,51,39.1612903225806,54.6451612903226,31,62
3500,51,42.71875,49.34375,32,64
3600,51,43.4375,45.28125,32,64
3700,51,39.5757575757576,47.0909090909091,33,66
3800,51,37.9375,49.90625,32,62
3900,51,30.3611111111111,52.8055555555556,36,66
4000,51,25.7058823529412,57.3823529411765,34,66
4100,51,23.4516129032258,54.9032258064516,31,60
4200,51,23.2,48.6571428571429,35,66
4300,51,26.5,47,32,62
4400,51,29.1818181818182,51.6363636363636,33,66
4500,51,25.2424242424242,56.3636363636364,33,64
4600,51,18.6571428571429,56.0857142857143,35,66
4700,51,15.6363636363636,55.3333333333333,33,64
4800,51,16.1290322580645,58.2258064516129,31,62
4900,51,15.9354838709677,61.7096774193548,31,62
5000,51,15.3823529411765,64.6176470588235,34,64
5100,51,18.0285714285714,62.6285714285714,35,66
5200,51,13.6060606060606,57.7575757575758,33,66
5300,51,7.47058823529412,58.9411764705882,34,64
5400,51,2.61290322580645,60.6451612903226,31,62
5500,51,3.3225806451613,64.258064516129,31,64
5600,51,2.375,68.375,32,62
5700,51,-1.21875,73.0625,32,64
5800,51,-6.67647058823532,72.6470588235294,34,66
5900,51,-11.28125,68.15625,32,64
6000,51,-11.8125,63.375,32,64
6100,51,-8.25714285714284,58.1142857142857,35,64
6200,51,-8.125,50.5,32,62
6300,51,-5.28125,47.9375,32,66
6400,51,-1.25806451612902,49.9677419354839,31,62
6500,51,4.32352941176471,47.9411764705882,34,66
6600,51,1.96875,44.46875,32,64
6700,51,3.75757575757575,39.2727272727273,33,64
6800,51,8.05882352941177,37.8823529411765,34,64
6900,51,12.9428571428572,39.9142857142857,35,66
7000,51,18.25,41.4375,32,64
7100,51,23.5151515151515,40.9090909090909,33,62
7200,51,23.1818181818182,36.6666666666667,33,64
7300,51,19.9032258064516,37.5806451612903,31,64
7400,51,17,42.5,34,62
7500,51,19.21875,48.09375,32,66
7600,51,23.5294117647059,49.5588235294118,34,66
7700,51,29.5,52.4117647058824,34,64
7800,51,34.1428571428571,55.9142857142857,35,64
7900,51,38.8181818181818,60.1818181818182,33,64
8000,51,44.6666666666667,62.1515151515151,33,64
8100,51,49.7878787878788,60.3030303030303,33,64
8200,51,54.6969696969697,62.6363636363636,33,64
8300,51,56.7575757575758,69.060606060606,33,64
8400,51,60.6875,70.90625,32,62
8500,51,67.09375,71.34375,32,62
8600,51,71.7647058823529,76.1764705882353,34,66
8700,51,76.6875,80.1875,32,64
8800,51,79.4838709677419,84.4193548387097,31,64
8900,51,79.0606060606061,90.2424242424242,33,64
9000,51,75.9666666666667,93.4666666666667,30,62
9100,51,71.84375,95.46875,32,62
9200,51,71.1290322580645,91.0322580645161,31,62
9300,51,69.2258064516129,85.4193548387097,31,62
9400,51,68.8787878787879,90.0909090909091,33,64
9500,51,65.483870967742,92.6129032258064,31,62
9600,51,64.5151515151515,97.3939393939394,33,62
9700,51,62.2352941176471,101.911764705882,34,64
9800,51,56.8285714285714,100.685714285714,35,64
9900,51,53.4838709677419,103.903225806452,31,62
10000,51,52.84375,108.96875,32,64
0,52,50,49.6666666666667,3,20
100,52,52.1515151515152,49.9090909090909,33,64
200,52,51.0555555555556,45.2222222222222,36,66
300,52,48.96875,39.21875,32,64
400,52,52.8387096774194,36.4516129032258,31,62
500,52,57.3870967741936,32.9677419354839,31,66
600,52,60.1875,28.21875,32,62
700,52,66.0909090909091,26.7575757575758,33,62
800,52,64.3529411764706,23.7941176470588,34,64
900,52,64.2352941176471,20.2647058823529,34,66
1000,52,59.1714285714286,18.2857142857143,35,64
1100,52,53.5757575757576,18.8787878787879,33,64
1200,52,48.5806451612903,18.0322580645161,31,62
1300,52,42.9411764705882,14.6764705882353,34,64
1400,52,39.8235294117647,15.8235294117647,34,62
1500,52,35,19.1764705882353,34,64
1600,52,36,25.3235294117647,34,66
1700,52,39.9677419354839,28.4193548387097,31,62
1800,52,43.4242424242424,30.1515151515152,33,64
1900,52,47.9032258064516,35.2258064516129,31,64
2000,52,43.0606060606061,33.030303030303,33,66
2100,52,40.6764705882353,27.0294117647059,34,64
2200,52,38.6060606060606,22.1818181818182,33,64
2300,52,35.2941176470588,17.5,34,62
2400,52,36.1818181818182,13,33,64
2500,52,43.1515151515152,11.1515151515152,33,66
2600,52,46.625,7.5625,32,64
2700,52,53.6363636363636,7.81818181818182,33,64
2800,52,60.1818181818182,6.87878787878788,33,66
2900,52,67.5625,11.4375,32,64
3000,52,73.969696969697,14,33,64
3100,52,78.1875,12.15625,32,62
3200,52,82.625,10.28125,32,62
3300,52,87.9666666666667,8.33333333333333,30,62
3400,52,92.8,8.88571428571428,35,66
3500,52,91.9090909090909,13.3636363636364,33,64
3600,52,86.3636363636364,14.9393939393939,33,64
3700,52,84,16.9354838709677,31,62
3800,52,86.1212121212121,22.3939393939394,33,64
3900,52,91,23.4117647058824,34,66
4000,52,96.2424242424242,23.9393939393939,33,64
4100,52,103.212121212121,20.6363636363636,33,64
4200,52,106.382352941176,16.6764705882353,34,64
4300,52,112.771428571429,17.3428571428571,35,64
4400,52,117.121212121212,15.6969696969697,33,64
4500,52,120.352941176471,20.8235294117647,34,64
4600,52,123.361111111111,28.6944444444444,36,66
4700,52,126.294117647059,30.4411764705882,34,66
4800,52,128.606060606061,31.6060606060606,33,66
4900,52,131.382352941176,37.3529411764706,34,66
5000,52,137.129032258065,39.3548387096774,31,64
5100,52,140.742857142857,37.8857142857143,35,66
5200,52,144.909090909091,36.3030303030303,33,62
5300,52,149.53125,33.9375,32,62
5400,52,155.606060606061,33.3636363636364,33,64
5500,52,162.794117647059,33.8235294117647,34,66
5600,52,169.323529411765,32.3823529411765,34,64
5700,52,177.3125,33.28125,32,64
5800,52,180.323529411765,36.0588235294118,34,66
5900,52,182.5625,39.75,32,62
6000,52,179.21875,44.125,32,62
6100,52,178.393939393939,48.9090909090909,33,64
6200,52,176.78125,54.96875,32,64
6300,52,169.833333333333,56.7666666666667,30,62
6400,52,164.666666666667,54.4666666666667,30,62
6500,52,160.272727272727,50.6363636363636,33,64
6600,52,159.558823529412,43.5294117647059,34,66
6700,52,163.21875,36,32,64
6800,52,165.294117647059,32.3529411764706,34,64
6900,52,170.387096774194,30.8387096774194,31,62
7000,52,171.969696969697,36.7575757575758,33,64
7100,52,176.606060606061,41.5757575757576,33,64
7200,52,178.911764705882,47.6470588235294,34,66
7300,52,178.787878787879,46.2727272727273,33,64
7400,52,172.823529411765,42.764705882353,34,64
7500,52,171.1875,38,32,62
7600,52,167.911764705882,36.4117647058824,34,64
7700,52,161.970588235294,40.8235294117647,34,68
7800,52,161.8125,44.46875,32,66
7900,52,158.454545454545,46.4545454545454,33,64
8000,52,157.911764705882,50.5882352941177,34,64
8100,52,151.875,48.3125,32,64
8200,52,147.375,51.8125,32,64
8300,52,146.371428571429,56.2,35,66
8400,52,145.322580645161,60.4838709677419,31,62
8500,52,150.558823529412,62.5882352941177,34,66
8600,52,154.787878787879,63.0909090909091,33,62
8700,52,159.515151515152,67.9090909090909,33,64
8800,52,164.727272727273,64.1818181818182,33,62
8900,52,163.5625,58.1875,32,62
9000,52,159.212121212121,55.9090909090909,33,62
9100,52,157,50.78125,32,64
9200,52,158.4,43.5142857142857,35,66
9300,52,156.685714285714,38.1428571428571,35,66
9400,52,160.354838709677,34.5806451612903,31,64
9500,52,162.424242424242,31.030303030303,33,64
9600,52,163.41935483871,29.5806451612903,31,62
9700,52,168.90625,26.03125,32,62
9800,52,171.242424242424,29.4848484848485,33,64
9900,52,174.645161290323,28.5161290322581,31,60
10000,52,178.818181818182,24.969696969697,33,64
0,53,50,50,1,8
100,53,50.375,49.1875,32,64
200,53,50.4516129032258,44.6774193548387,31,64
300,53,55.1470588235294,47.4705882352941,34,66
400,53,52.96875,51.78125,32,64
500,53,49.3333333333333,57.2121212121212,33,64
600,53,43.90625,61.03125,32,64
700,53,38.1470588235294,58.6176470588235,34,64
800,53,35.1,55.8,30,62
900,53,33.6060606060606,50.8787878787879,33,64
1000,53,33.7272727272727,45.8484848484849,33,62
1100,53,35.7575757575758,40.4545454545454,33,64
1200,53,39.0285714285714,36.9714285714286,35,66
1300,53,36.6875,31.6875,32,64
1400,53,30.3870967741936,27.6774193548387,31,64
1500,53,24.5428571428571,25.6857142857143,35,66
1600,53,19.4411764705882,24.3529411764706,34,66
1700,53,14.6774193548387,19.258064516129,31,62
1800,53,7.90909090909091,17.3030303030303,33,66
1900,53,1.7741935483871,16.5806451612903,31,62
2000,53,-4.25806451612904,16.5483870967742,31,62
2100,53,-7.6875,11.03125,32,64
2200,53,-11.0294117647059,6.70588235294118,34,64
2300,53,-10.125,0.46875,32,62
2400,53,-10.1333333333333,-2.90000000000002,30,64
2500,53,-12.9375,-4.34375,32,66
2600,53,-16.4375,1.59375,32,64
2700,53,-16.7714285714286,5.57142857142857,35,64
2800,53,-15.5806451612903,9.03225806451613,31,62
2900,53,-18.5,12.1875,32,64
3000,53,-17,18.5,34,62
3100,53,-14.2758620689655,21.2068965517241,29,60
3200,53,-9.48484848484848,22.6060606060606,33,64
3300,53,-3.75,21.90625,32,62
3400,53,-3.21875,26.75,32,64
3500,53,-5.96774193548389,32.4516129032258,31,62
3600,53,-7.90322580645162,37.1935483870968,31,62
3700,53,-3.85294117647059,40.0294117647059,34,66
3800,53,0.4375,34.65625,32,62
3900,53,3.38709677419355,31.4516129032258,31,62
4000,53,5.71875,30.03125,32,64
4100,53,9.19354838709678,25.4838709677419,31,64
4200,53,13.4242424242424,24.3333333333333,33,66
4300,53,14,20.2121212121212,33,64
4400,53,11.3235294117647,22.1470588235294,34,64
4500,53,10.75,28.6875,32,64
4600,53,13.5151515151515,31.1515151515152,33,64
4700,53,18.1612903225806,35.6774193548387,31,64
4800,53,20.71875,40.21875,32,64
4900,53,18.8484848484848,43.7878787878788,33,64
5000,53,12.3125,45.75,32,64
5100,53,9.52941176470588,41.7647058823529,34,64
5200,53,4.63636363636364,39.2121212121212,33,64
5300,53,-0.333333333333314,34.9393939393939,33,62
5400,53,-6.78787878787878,31.6666666666667,33,64
5500,53,-9.4375,27.4375,32,62
5600,53,-13.46875,22.65625,32,66
5700,53,-12.2121212121212,17.5454545454545,33,62
5800,53,-16.1142857142857,14.9428571428571,35,64
5900,53,-13.1666666666667,18.2666666666667,30,62
6000,53,-9.73529411764706,23,34,62
6100,53,-4.14285714285712,24.9142857142857,35,66
6200,53,1.66666666666667,21.6666666666667,30,62
6300,53,4.6774193548387,17.3548387096774,31,62
6400,53,10.1212121212121,15.030303030303,33,64
6500,53,14.2857142857143,12.4,35,64
6600,53,19,13.3030303030303,33,64
6700,53,20.7878787878788,18,33,64
6800,53,16.4666666666667,23.7666666666667,30,64
6900,53,11.7096774193548,26.4516129032258,31,62
7000,53,6.64516129032258,27.4838709677419,31,62
7100,53,1.02941176470588,25.0294117647059,34,66
7200,53,-4.6060606060606,21.8484848484848,33,66
7300,53,-6.06451612903228,17.2258064516129,31,62
7400,53,-9.20000000000002,12.2666666666667,30,66
7500,53,-13.2941176470588,7.64705882352941,34,64
7600,53,-16.7096774193548,3.03225806451613,31,62
7700,53,-20.3636363636363,-0.333333333333314,33,64
7800,53,-24.84375,2.625,32,60
7900,53,-27.9354838709677,7.29032258064517,31,62
8000,53,-31.625,12.375,32,62
8100,53,-35.59375,9.4375,32,62
8200,53,-40,6.90000000000001,30,62
8300,53,-43.8064516129032,10.0645161290323,31,62
8400,53,-47.0967741935484,14.1935483870968,31,60
8500,53,-46.8,20.3142857142857,35,66
8600,53,-43.8529411764706,24.5294117647059,34,64
8700,53,-43.09375,30.03125,32,64
8800,53,-41.3030303030303,34.030303030303,33,66
8900,53,-40.3225806451613,39.9354838709678,31,64
9000,53,-33.9333333333333,40.3666666666667,30,62
9100,53,-30.5483870967742,42.6129032258064,31,64
9200,53,-29.1515151515151,38.0909090909091,33,64
9300,53,-27.3225806451613,39.5483870967742,31,62
9400,53,-27.28125,43.09375,32,62
9500,53,-30.6333333333333,47.2333333333333,30,62
9600,53,-32.96875,53.625,32,62
9700,53,-31.8387096774193,58.8064516129032,31,62
9800,53,-35.2727272727273,63.4848484848485,33,64
9900,53,-39.7878787878788,69.0909090909091,33,62
10000,53,-37.8529411764706,73.8235294117647,34,64
0,54,49.3333333333333,49.6666666666667,3,18
100,54,46.5151515151515,52.969696969697,33,66
200,54,38.3939393939394,52.5151515151515,33,62
300,54,38.875,56.90625,32,62
400,54,40.3125,63.59375,32,62
500,54,41.1515151515152,68.1818181818182,33,64
600,54,45.4838709677419,73.1935483870968,31,62
700,54,49.6969696969697,77.5757575757576,33,64
800,54,53.9705882352941,80.0882352941177,34,66
900,54,56.53125,83.5,32,64
1000,54,60.4242424242424,85.5757575757576,33,62
1100,54,65.9090909090909,89.8484848484848,33,62
1200,54,67.3636363636364,94.2121212121212,33,64
1300,54,71.40625,93.96875,32,62
1400,54,78.3870967741936,91.8387096774194,31,62
1500,54,84.09375,89.3125,32,64
1600,54,89,92.5,34,62
1700,54,90.3870967741936,96.1935483870968,31,64
1800,54,94.2258064516129,98.7096774193548,31,64
1900,54,100.151515151515,100.515151515152,33,64
2000,54,105.323529411765,102.058823529412,34,66
2100,54,109.575757575758,105.060606060606,33,66
2200,54,112.272727272727,108.939393939394,33,64
2300,54,115.647058823529,112.323529411765,34,64
2400,54,118.848484848485,115.333333333333,33,64
2500,54,122.939393939394,118.666666666667,33,62
2600,54,125.612903225806,124.58064516129,31,66
2700,54,120.515151515152,123.090909090909,33,64
2800,54,114.382352941176,122.882352941176,34,64
2900,54,109.78125,120.75,32,64
3000,54,104.774193548387,119.838709677419,31,62
3100,54,98.5,118.25,32,62
3200,54,94.3333333333333,119.606060606061,33,64
3300,54,90.25,123.03125,32,64
3400,54,86.3714285714286,120.228571428571,35,64
3500,54,80.735294117647,117.735294117647,34,64
3600,54,75.90625,117.25,32,64
3700,54,71.0909090909091,115.151515151515,33,62
3800,54,63.4375,116.65625,32,62
3900,54,59.46875,115.8125,32,62
4000,54,56.0333333333333,114.2,30,62
4100,54,52.5,110.705882352941,34,62
4200,54,49.3428571428571,109.228571428571,35,64
4300,54,45.8529411764706,110.735294117647,34,64
4400,54,48.3870967741936,117.741935483871,31,60
4500,54,53.2727272727273,120.030303030303,33,66
4600,54,55.53125,124.75,32,62
4700,54,50.3030303030303,126.727272727273,33,64
4800,54,46.4193548387097,128,31,62
4900,54,39.0909090909091,132.848484848485,33,66
5000,54,37.2941176470588,137.5,34,66
5100,54,40.5151515151515,141.090909090909,33,62
5200,54,42.3030303030303,144.757575757576,33,66
5300,54,44.4411764705882,149.441176470588,34,64
5400,54,48.1666666666667,154.083333333333,36,66
5500,54,47.2121212121212,159.606060606061,33,64
5600,54,41.9310344827586,161.965517241379,29,62
5700,54,37.3870967741936,160.41935483871,31,64
5800,54,30.09375,160.15625,32,64
5900,54,25.030303030303,159.181818181818,33,62
6000,54,18.375,157.9375,32,64
6100,54,20.2727272727273,155.545454545455,33,66
6200,54,25.6470588235294,153.029411764706,34,66
6300,54,32.0909090909091,152.393939393939,33,64
6400,54,35.4516129032258,157.516129032258,31,64
6500,54,35.9375,162.5625,32,64
6600,54,38.1935483870968,164.774193548387,31,64
6700,54,42.9032258064516,166.322580645161,31,62
6800,54,46.3870967741936,170.645161290323,31,62
6900,54,45.2424242424242,174.272727272727,33,64
7000,54,40.1724137931034,174.620689655172,29,62
7100,54,36.1142857142857,177.314285714286,35,64
7200,54,33.5454545454546,175.363636363636,33,66
7300,54,32.7272727272727,170.727272727273,33,64
7400,54,30.2727272727273,164.484848484848,33,64
7500,54,29.4375,160.6875,32,62
7600,54,22.34375,156.4375,32,62
7700,54,21.1470588235294,152.058823529412,34,66
7800,54,24.7272727272727,149.030303030303,33,66
7900,54,24.258064516129,151.612903225806,31,64
8000,54,17.8181818181818,155.242424242424,33,66
8100,54,19,158.941176470588,34,66
8200,54,20.6666666666667,164.166666666667,30,62
8300,54,25.3235294117647,166.941176470588,34,64
8400,54,26,164.228571428571,35,64
8500,54,24.7878787878788,162.727272727273,33,64
8600,54,21.9393939393939,169.848484848485,33,64
8700,54,25,172.5,34,62
8800,54,27.4545454545455,176.393939393939,33,64
8900,54,23.46875,178.0625,32,62
9000,54,18.1714285714286,172.971428571429,35,66
9100,54,12.25,173.15625,32,64
9200,54,11.6176470588235,174.911764705882,34,64
9300,54,18.3142857142857,175.171428571429,35,64
9400,54,18,170.125,32,62
9500,54,13.53125,166.5625,32,64
9600,54,13.7878787878788,159,33,68
9700,54,16.2,155.866666666667,30,64
9800,54,20.5161290322581,155.451612903226,31,62
9900,54,23.5,159.176470588235,34,64
10000,54,27.5588235294118,159.764705882353,34,64
0,55,51,50.3333333333333,3,20
100,55,50.8235294117647,45,34,64
200,55,57.8125,44.90625,32,64
300,55,55.875,41.71875,32,64
400,55,49.5625,40.78125,32,64
500,55,43.6666666666667,42.030303030303,33,66
600,55,42.8484848484849,37.4848484848485,33,64
700,55,46.2424242424242,33.3333333333333,33,62
800,55,50.4571428571429,31.1714285714286,35,66
900,55,56.939393939394,29.3333333333333,33,62
1000,55,53.969696969697,24.030303030303,33,64
1100,55,50.25,20.40625,32,64
1200,55,46.2727272727273,21.4545454545455,33,64
1300,55,47.8484848484849,25.4848484848485,33,62
1400,55,51.6944444444444,27.0277777777778,36,64
1500,55,56,27,33,64
1600,55,58.6875,26.15625,32,62
1700,55,63.1515151515152,25.8484848484849,33,64
1800,55,66.78125,21.1875,32,62
1900,55,64.375,17.28125,32,64
2000,55,59.59375,16.15625,32,64
2100,55,54.8484848484849,19.4848484848485,33,66
2200,55,51.1875,21.125,32,64
2300,55,47,20.0645161290323,31,64
2400,55,41.2727272727273,20.9393939393939,33,64
2500,55,35.5161290322581,21.0645161290323,31,64
2600,55,29.6470588235294,18.3529411764706,34,64
2700,55,28.8787878787879,15.2727272727273,33,64
2800,55,30.0625,8.875,32,62
2900,55,34.8181818181818,6.6969696969697,33,66
3000,55,39.2903225806452,8.35483870967742,31,62
3100,55,45.0294117647059,7.5,34,66
3200,55,48.6764705882353,9.5,34,64
3300,55,49.9117647058824,15.8235294117647,34,64
3400,55,50.7352941176471,23.2352941176471,34,66
3500,55,45.8387096774194,24.7096774193548,31,64
3600,55,40.4848484848485,26.9090909090909,33,62
3700,55,37.9375,31.0625,32,62
3800,55,35.0666666666667,35.9333333333333,30,62
3900,55,30.6969696969697,39.6666666666667,33,64
4000,55,27.90625,43.65625,32,62
4100,55,26.625,47.0625,32,62
4200,55,27.75,51.15625,32,62
4300,55,30.3428571428571,54.5428571428571,35,66
4400,55,33.5588235294118,53.3235294117647,34,66
4500,55,33.9393939393939,50.3636363636364,33,64
4600,55,33.2424242424242,44.6666666666667,33,62
4700,55,29.6470588235294,42.3823529411765,34,66
4800,55,26.1612903225806,39.4516129032258,31,62
4900,55,21.8484848484848,37,33,66
5000,55,18.1515151515152,40.1515151515151,33,64
5100,55,17.5882352941176,45,34,64
5200,55,14.6,41.5142857142857,35,64
5300,55,9.03030303030303,40.7575757575758,33,64
5400,55,5.06060606060606,40.3333333333333,33,62
5500,55,-2.23529411764706,43.0294117647059,34,66
5600,55,-8.57575757575758,40.2727272727273,33,64
5700,55,-11.3125,36.46875,32,64
5800,55,-13.3529411764706,29.1764705882353,34,64
5900,55,-13,23.8387096774194,31,64
6000,55,-15.8235294117647,21.4411764705882,34,64
6100,55,-19.3235294117647,18.1764705882353,34,66
6200,55,-24.7058823529412,17.8529411764706,34,66
6300,55,-28.7058823529412,24.2352941176471,34,66
6400,55,-28.9117647058824,28.2058823529412,34,64
6500,55,-29.7272727272727,32.1515151515151,33,62
6600,55,-29.0857142857143,37.0571428571429,35,66
6700,55,-27.3548387096774,40.1935483870968,31,62
6800,55,-30.0645161290323,45.2903225806452,31,62
6900,55,-31.3030303030303,47.8484848484849,33,64
7000,55,-29.0625,53.9375,32,62
7100,55,-28.4242424242424,59.4242424242424,33,64
7200,55,-25.28125,66.03125,32,62
7300,55,-23.21875,70.71875,32,64
7400,55,-17.5757575757576,69.8484848484848,33,64
7500,55,-12.3939393939394,70.3636363636364,33,64
7600,55,-10.4,76.7,30,66
7700,55,-7.71875,83.15625,32,64
7800,55,-7.5151515151515,91,33,64
7900,55,-7.96666666666668,94.4333333333334,30,62
8000,55,-7.71428571428574,88.6,35,64
8100,55,-10.7878787878788,82.8484848484848,33,64
8200,55,-17.5,82.3529411764706,34,64
8300,55,-23.4137931034483,80.4827586206897,29,62
8400,55,-25.9333333333333,76.4,30,62
8500,55,-31,78.8823529411765,34,64
8600,55,-35.6206896551724,76.8620689655173,29,62
8700,55,-40.03125,74.875,32,64
8800,55,-37.25,70.1875,32,62
8900,55,-32.4375,69.6875,32,62
9000,55,-27.5625,70.4375,32,64
9100,55,-22.3235294117647,69.6470588235294,34,64
9200,55,-17.3636363636363,70.3939393939394,33,64
9300,55,-16.0333333333333,75.7666666666667,30,62
9400,55,-16.5151515151515,80.2424242424242,33,64
9500,55,-13.9032258064516,86.0645161290323,31,64
9600,55,-11.8181818181818,91.1212121212121,33,66
9700,55,-13.969696969697,97.6363636363637,33,64
9800,55,-16,99.3870967741936,31,62
9900,55,-15.6764705882353,103.5,34,64
10000,55,-14.8,109.833333333333,30,64
0,56,50,49.5,2,14
100,56,48.28125,45.65625,32,64
200,56,46.5333333333333,39.8666666666667,30,62
300,56,48.4545454545455,38.6060606060606,33,66
400,56,54.7241379310345,38.6551724137931,29,62
500,56,56.9714285714286,36.9714285714286,35,66
600,56,61.2142857142857,38.7857142857143,28,62
700,56,66.3030303030303,40.8181818181818,33,64
800,56,70.28125,40.75,32,62
900,56,67,37.2647058823529,34,62
1000,56,62.5625,38.8125,32,66
1100,56,64.9142857142857,42.3142857142857,35,64
1200,56,68.1818181818182,49.4545454545454,33,64
1300,56,70.59375,54.75,32,66
1400,56,66.75,57.1875,32,64
1500,56,64.8387096774193,53.8064516129032,31,62
1600,56,62.0588235294118,51.4411764705882,34,64
1700,56,64,45.6129032258065,31,62
1800,56,57.5454545454545,43.5151515151515,33,66
1900,56,55.4242424242424,47.6060606060606,33,66
2000,56,51.9032258064516,52.4516129032258,31,60
2100,56,50.34375,56.96875,32,62
2200,56,47.8125,57.78125,32,64
2300,56,53.34375,61.25,32,64
2400,56,56.8064516129032,61.4516129032258,31,62
2500,56,60.030303030303,59.2424242424242,33,64
2600,56,64.7647058823529,61.1764705882353,34,66
2700,56,69.1612903225807,62.2903225806452,31,62
2800,56,71.5454545454545,64.6060606060606,33,64
2900,56,68.2121212121212,67.969696969697,33,64
3000,56,68.5,74.5882352941177,34,64
3100,56,68.2058823529412,79.4117647058824,34,66
3200,56,68.15625,85.59375,32,64
3300,56,70.516129032258,89.6774193548387,31,62
3400,56,73.2058823529412,87.2647058823529,34,64
3500,56,74.59375,81.1875,32,64
3600,56,76.71875,75.5625,32,64
3700,56,79.28125,69.6875,32,62
3800,56,82.0588235294118,65.2352941176471,34,66
3900,56,85.34375,64.0625,32,66
4000,56,88.84375,66.625,32,60
4100,56,94.1515151515151,70.1515151515152,33,62
4200,56,100.088235294118,70.5882352941177,34,64
4300,56,103.90625,71.28125,32,64
4400,56,105.090909090909,67.7272727272727,33,64
4500,56,100.970588235294,66.5588235294118,34,66
4600,56,95.5,68,32,62
4700,56,91.5428571428571,70.0857142857143,35,64
4800,56,90.2666666666667,73.8,30,62
4900,56,93.78125,79.90625,32,64
5000,56,99.34375,83.09375,32,62
5100,56,101.027777777778,86.6944444444444,36,66
5200,56,103.59375,90.75,32,64
5300,56,109.5,92.8125,32,64
5400,56,115.53125,94.6875,32,62
5500,56,117.228571428571,98.1714285714286,35,66
5600,56,112.806451612903,99.6451612903226,31,62
5700,56,109.470588235294,94.7352941176471,34,64
5800,56,105.4375,91.78125,32,62
5900,56,105.676470588235,84.9117647058823,34,64
6000,56,106,81.71875,32,64
6100,56,102,78.5625,32,62
6200,56,97.8235294117647,77.9411764705882,34,64
6300,56,92.0625,75.40625,32,64
6400,56,88.9375,76.34375,32,64
6500,56,85.4193548387097,74.8064516129032,31,64
6600,56,83.09375,69.78125,32,64
6700,56,80,68.6774193548387,31,62
6800,56,76.6875,70.4375,32,62
6900,56,70.551724137931,72.896551724138,29,62
7000,56,66.3333333333333,74.9393939393939,33,64
7100,56,59.1818181818182,71.9090909090909,33,64
7200,56,55.9705882352941,68.1470588235294,34,64
7300,56,55.8181818181818,62.9090909090909,33,64
7400,56,54.4545454545455,55.3636363636364,33,64
7500,56,51.9393939393939,53.969696969697,33,64
7600,56,55.65625,56.28125,32,64
7700,56,59.9705882352941,53.7058823529412,34,64
7800,56,62.258064516129,52,31,62
7900,56,66.4516129032258,55.7741935483871,31,62
8000,56,73.0882352941176,55.6470588235294,34,64
8100,56,77.3225806451613,58.4838709677419,31,62
8200,56,80.1764705882353,62.8235294117647,34,62
8300,56,85.8333333333333,65.4666666666667,30,62
8400,56,89.258064516129,66.9032258064516,31,64
8500,56,94.235294117647,67.8235294117647,34,64
8600,56,98.75,66.6875,32,66
8700,56,100.235294117647,62.5294117647059,34,64
8800,56,98.2857142857143,57.8285714285714,35,64
8900,56,99.8484848484848,53.0909090909091,33,62
9000,56,103.354838709677,46.1935483870968,31,62
9100,56,106.71875,45.4375,32,64
9200,56,110.542857142857,48.7428571428571,35,64
9300,56,111.212121212121,52.7878787878788,33,66
9400,56,111.147058823529,58.5,34,66
9500,56,108.588235294118,61.5882352941177,34,64
9600,56,111.666666666667,67.2,30,60
9700,56,115.5,63,34,64
9800,56,118.53125,60.59375,32,64
9900,56,123.636363636364,56.7272727272727,33,62
10000,56,127.354838709677,57.4838709677419,31,66
0,57,50,50,1,8
100,57,50.4242424242424,46.8484848484849,33,64
200,57,55.4411764705882,44.5588235294118,34,64
300,57,57.6969696969697,37.8181818181818,33,66
400,57,61.3030303030303,33.5151515151515,33,64
500,57,61.2058823529412,31.0882352941176,34,66
600,57,58.3428571428571,27.8857142857143,35,66
700,57,58.3548387096774,23.7741935483871,31,62
800,57,62.625,22.1875,32,64
900,57,65.375,20.125,32,64
1000,57,61.03125,17.3125,32,64
1100,57,58.25,20.6875,32,64
1200,57,58.2121212121212,23.6363636363636,33,64
1300,57,59.5882352941176,28.1176470588235,34,64
1400,57,65.4411764705882,30.235294117647,34,64
1500,57,69.3333333333333,28.5454545454545,33,66
1600,57,71,23.3939393939394,33,64
1700,57,73.5806451612903,18.2258064516129,31,64
1800,57,71.1515151515152,14.0909090909091,33,64
1900,57,66.1470588235294,10.5294117647059,34,66
2000,57,62.5,6.84375,32,68
2100,57,60.0909090909091,11.4545454545455,33,62
2200,57,66.3529411764706,11.5882352941176,34,64
2300,57,72.25,9.375,32,64
2400,57,77.1612903225807,3.83870967741935,31,62
2500,57,77.03125,-2.71875,32,64
2600,57,77.7,-7.83333333333334,30,66
2700,57,79.030303030303,-13.1818181818182,33,64
2800,57,76.5151515151515,-17.6666666666667,33,64
2900,57,73.5757575757576,-21.3333333333333,33,62
3000,57,76.0857142857143,-25.4571428571429,35,64
3100,57,80.7575757575758,-29.5757575757576,33,64
3200,57,82.4242424242424,-34.8484848484848,33,64
3300,57,87.1515151515151,-33.2727272727273,33,64
3400,57,93.2058823529412,-32.5,34,64
3500,57,98.84375,-31.8125,32,62
3600,57,104.4375,-30.28125,32,62
3700,57,106.457142857143,-27.9142857142857,35,64
3800,57,104.885714285714,-21.3142857142857,35,64
3900,57,110.09375,-19.96875,32,62
4000,57,114.8125,-20,32,64
4100,57,113.625,-15.25,32,64
4200,57,110.909090909091,-9.12121212121214,33,64
4300,57,112.30303030303,-3.84848484848484,33,64
4400,57,116.8125,-0.4375,32,62
4500,57,121,-2.71875,32,62
4600,57,125.542857142857,-8.02857142857144,35,66
4700,57,128.655172413793,-11.6206896551724,29,62
4800,57,130.848484848485,-6.06060606060608,33,64
4900,57,132.294117647059,-1.32352941176468,34,66
5000,57,132.090909090909,1.93939393939394,33,64
5100,57,130.225806451613,6.09677419354838,31,62
5200,57,124.96875,8.90625,32,62
5300,57,119.272727272727,10.6666666666667,33,66
5400,57,117.0625,16.15625,32,62
5500,57,117,19.2903225806452,31,64
5600,57,111.575757575758,20.6969696969697,33,64
5700,57,106.8,20.1666666666667,30,62
5800,57,101.875,19.5625,32,64
5900,57,97.0571428571429,18.1714285714286,35,66
6000,57,92.9090909090909,21.7878787878788,33,62
6100,57,90.03125,25.6875,32,64
6200,57,88.3636363636364,30.4545454545455,33,64
6300,57,88.84375,35.03125,32,64
6400,57,87.5806451612903,39.6774193548387,31,62
6500,57,87.3225806451613,44.5806451612903,31,68
6600,57,90.939393939394,50.2424242424242,33,64
6700,57,93.3142857142857,48.0857142857143,35,64
6800,57,93.9117647058823,41.7352941176471,34,64
6900,57,92.7272727272727,36.4545454545454,33,66
7000,57,88.78125,35.40625,32,66
7100,57,84.09375,38.65625,32,64
7200,57,81.84375,43.5625,32,62
7300,57,81.7575757575758,48.4848484848485,33,66
7400,57,81.5882352941177,51.4411764705882,34,64
7500,57,76.6666666666667,55.1212121212121,33,64
7600,57,71.5,56.90625,32,62
7700,57,64.75,58.90625,32,62
7800,57,61.5666666666667,62.1666666666667,30,62
7900,57,62.516129032258,66.1935483870968,31,64
8000,57,66.2647058823529,69.4411764705882,34,64
8100,57,74.030303030303,68.2424242424242,33,66
8200,57,75.7878787878788,64.0909090909091,33,62
8300,57,80.34375,61.34375,32,62
8400,57,83.2121212121212,63.0909090909091,33,62
8500,57,89.5333333333333,63.4666666666667,30,62
8600,57,94.5454545454546,66.6666666666667,33,64
8700,57,94.5,72.1875,32,62
8800,57,98.2352941176471,76.0588235294118,34,64
8900,57,99.4193548387097,79.9354838709677,31,62
9000,57,100.558823529412,84.3235294117647,34,66
9100,57,105.096774193548,85.1612903225806,31,62
9200,57,107.366666666667,89.1,30,64
9300,57,110.057142857143,93.8571428571428,35,68
9400,57,110.424242424242,98.6969696969697,33,64
9500,57,106.9375,100.53125,32,62
9600,57,106.242424242424,104.666666666667,33,62
9700,57,102.787878787879,105.848484848485,33,64
9800,57,105.566666666667,104.333333333333,30,64
9900,57,108.941176470588,100.470588235294,34,64
10000,57,111.53125,96.09375,32,64
0,58,50.3333333333333,50.6666666666667,3,18
100,58,51.1875,46.6875,32,62
200,58,51.1515151515151,40.5151515151515,33,62
300,58,52.09375,36.15625,32,66
400,58,56.9705882352941,32.7058823529412,34,64
500,58,62.5666666666667,29.4666666666667,30,60
600,58,67.6774193548387,28.1612903225806,31,66
700,58,72.735294117647,26.2941176470588,34,64
800,58,76.78125,30.25,32,64
900,58,76.46875,36.9375,32,66
1000,58,73.3030303030303,38.5454545454545,33,64
1100,58,68.7272727272727,40.3636363636364,33,62
1200,58,63.5294117647059,46.5,34,66
1300,58,60.46875,51.65625,32,62
1400,58,58.6666666666667,52.0606060606061,33,64
1500,58,54.2727272727273,53.1818181818182,33,62
1600,58,54.7575757575758,56.7878787878788,33,64
1700,58,60.4571428571429,62.2,35,64
1800,58,59.7741935483871,67,31,64
1900,58,57.0909090909091,65.2121212121212,33,62
2000,58,54.21875,59.65625,32,62
2100,58,54.9090909090909,53.1515151515151,33,62
2200,58,58.2121212121212,50.4242424242424,33,66
2300,58,61.4117647058824,52.764705882353,34,64
2400,58,67.3235294117647,50.4411764705882,34,64
2500,58,67.5625,46.1875,32,62
2600,58,62.2285714285714,45.5142857142857,35,66
2700,58,57.1470588235294,46.4117647058824,34,64
2800,58,57.125,40.84375,32,62
2900,58,51,37.1034482758621,29,62
3000,58,45.448275862069,41.8965517241379,29,60
3100,58,41.6176470588235,38.1764705882353,34,66
3200,58,41.1935483870968,34.1935483870968,31,64
3300,58,46,32.4516129032258,31,62
3400,58,50,34.5882352941176,34,64
3500,58,53.8709677419355,35.7096774193548,31,64
3600,58,55.6857142857143,42.1142857142857,35,66
3700,58,60.125,43.5,32,62
3800,58,60.125,50.125,32,64
3900,58,59.0833333333333,54.8888888888889,36,66
4000,58,56.0625,55.5,32,64
4100,58,53.53125,57.6875,32,64
4200,58,54.2903225806452,63.4516129032258,31,64
4300,58,59.741935483871,66.3870967741936,31,60
4400,58,64.2647058823529,67.7352941176471,34,64
4500,58,66.2424242424242,63.4242424242424,33,62
4600,58,69.0857142857143,57.5428571428572,35,64
4700,58,69.8484848484849,52.5454545454545,33,64
4800,58,69.2424242424242,47.5757575757576,33,62
4900,58,63.1515151515151,43.1515151515152,33,62
5000,58,57.7096774193548,44.3548387096774,31,62
5100,58,54.15625,41.71875,32,64
5200,58,50.1142857142857,41.3142857142857,35,64
5300,58,45.3636363636364,38.9393939393939,33,66
5400,58,47.3939393939394,39.2727272727273,33,66
5500,58,50.9705882352941,41.9705882352941,34,64
5600,58,46.9354838709678,43.0322580645161,31,62
5700,58,49.53125,47.78125,32,62
5800,58,50.6,51.0285714285714,35,64
5900,58,52.4,53.0571428571429,35,66
6000,58,54.2352941176471,58.3235294117647,34,64
6100,58,55.3939393939394,61.4848484848485,33,64
6200,58,57.5588235294118,66.5294117647059,34,64
6300,58,51.53125,66.4375,32,64
6400,58,49,72.03125,32,64
6500,58,49.125,79.75,32,64
6600,58,47.6285714285714,85.2571428571429,35,66
6700,58,44.1290322580645,85.1290322580645,31,64
6800,58,41.6363636363636,78.3636363636363,33,64
6900,58,40.71875,74.09375,32,62
7000,58,39.030303030303,69.1515151515152,33,64
7100,58,41.7352941176471,65,34,64
7200,58,43.65625,58.71875,32,62
7300,58,45.4375,52.875,32,62
7400,58,48.34375,49.78125,32,64
7500,58,54,52.96875,32,64
7600,58,55.3142857142857,55.6,35,64
7700,58,60.9375,56.5625,32,62
7800,58,65.4545454545455,59.2121212121212,33,64
7900,58,70.90625,60.53125,32,64
8000,58,73,56.96875,32,64
8100,58,77.7272727272727,51.8181818181818,33,66
8200,58,76.3636363636364,45.030303030303,33,64
8300,58,78.84375,42.1875,32,62
8400,58,84.0909090909091,42.9090909090909,33,64
8500,58,86.969696969697,43.9090909090909,33,66
8600,58,92.0882352941176,45,34,66
8700,58,96,42.3030303030303,33,64
8800,58,98.7272727272727,44.3636363636364,33,64
8900,58,96.9310344827586,48.5862068965517,29,62
9000,58,100.818181818182,51.3939393939394,33,64
9100,58,104.181818181818,50.4545454545454,33,64
9200,58,105.935483870968,48.4838709677419,31,64
9300,58,106.727272727273,42.9090909090909,33,66
9400,58,103.657142857143,39.0285714285714,35,66
9500,58,100.617647058824,33.8235294117647,34,64
9600,58,93.1818181818182,31.3939393939394,33,64
9700,58,89.8285714285714,28.0285714285714,35,64
9800,58,91.516129032258,21.3870967741935,31,62
9900,58,91.5806451612903,17.4193548387097,31,62
10000,58,90.0967741935484,13.6451612903226,31,62
0,59,50.3333333333333,49.3333333333333,3,18
100,59,46.59375,48.59375,32,64
200,59,44.0909090909091,53.7272727272727,33,66
300,59,39.78125,58.9375,32,64
400,59,35.9393939393939,63.3030303030303,33,64
500,59,33.1515151515151,60.0909090909091,33,62
600,59,30.4705882352941,54.1470588235294,34,66
700,59,28.59375,50.34375,32,64
800,59,31,45.2727272727273,33,64
900,59,34.6129032258065,45.7741935483871,31,64
1000,59,39.3225806451613,48.4516129032258,31,62
1100,59,46.2,51.4666666666667,30,60
1200,59,51.1818181818182,55.7878787878788,33,64
1300,59,56.7575757575758,56.3333333333333,33,62
1400,59,61.53125,57.34375,32,64
1500,59,57.25,61.34375,32,64
1600,59,57.030303030303,65.8181818181818,33,62
1700,59,56.8709677419355,70.3225806451613,31,62
1800,59,55.0645161290323,74.0645161290322,31,62
1900,59,53.764705882353,78.5882352941176,34,66
2000,59,49.5757575757576,81.7575757575758,33,62
2100,59,49.4242424242424,87.0606060606061,33,64
2200,59,47.2424242424242,90.6363636363636,33,66
2300,59,41.3870967741936,90.3548387096774,31,62
2400,59,37.3125,91.5625,32,62
2500,59,34.4838709677419,90.1612903225807,31,64
2600,59,36.264705882353,86.2058823529412,34,64
2700,59,35.03125,79.0625,32,66
2800,59,37.5666666666667,73.9333333333333,30,62
2900,59,37.6470588235294,69.0882352941177,34,64
3000,59,38.0571428571429,63.5714285714286,35,64
3100,59,33.5757575757576,62.5151515151515,33,64
3200,59,28.1818181818182,63.2121212121212,33,64
3300,59,22.3125,61,32,64
3400,59,17.5,62,32,64
3500,59,12.9375,66.53125,32,62
3600,59,8.84375,67.9375,32,62
3700,59,6.67647058823529,72.9411764705882,34,66
3800,59,7.51612903225806,77.3225806451613,31,64
3900,59,6.46666666666667,83.5666666666667,30,60
4000,59,0.620689655172414,84.3103448275862,29,62
4100,59,-3.73529411764706,81.2941176470588,34,64
4200,59,-7.40625,77.4375,32,64
4300,59,-8.59375,71.3125,32,66
4400,59,-10.8484848484849,68.8181818181818,33,64
4500,59,-12.5454545454545,64.5454545454546,33,64
4600,59,-18.65625,61.25,32,64
4700,59,-23.625,60.78125,32,62
4800,59,-26.6363636363636,59.969696969697,33,64
4900,59,-27,55.6470588235294,34,64
5000,59,-28.40625,50.625,32,64
5100,59,-31.8285714285714,46.2,35,66
5200,59,-34.1875,43,32,64
5300,59,-39.2121212121212,38.4242424242424,33,64
5400,59,-39.1176470588235,32.4117647058824,34,64
5500,59,-35.4516129032258,28.9032258064516,31,62
5600,59,-31.3870967741936,21,31,60
5700,59,-33,16.7941176470588,34,64
5800,59,-37.9117647058823,16.9411764705882,34,64
5900,59,-38.2142857142857,21.5357142857143,28,62
6000,59,-34.741935483871,25.2258064516129,31,62
6100,59,-35.15625,30.28125,32,62
6200,59,-37,37.9,30,60
6300,59,-38.7647058823529,42.3823529411765,34,66
6400,59,-36.6060606060606,44.2727272727273,33,64
6500,59,-35.78125,38.21875,32,62
6600,59,-37.8484848484848,33.8484848484849,33,64
6700,59,-36.1515151515151,30.7272727272727,33,62
6800,59,-33.3030303030303,28.8484848484849,33,64
6900,59,-36.3529411764706,27.6470588235294,34,64
7000,59,-30.3636363636364,30.6666666666667,33,66
7100,59,-28.6571428571429,35.8285714285714,35,66
7200,59,-29.0322580645161,43.1935483870968,31,64
7300,59,-24.3030303030303,45.8787878787879,33,64
7400,59,-21.030303030303,46.9393939393939,33,64
7500,59,-21.3225806451613,51.8709677419355,31,62
7600,59,-17.1875,53.875,32,64
7700,59,-13.96875,56.5625,32,66
7800,59,-11.2258064516129,55,31,62
7900,59,-6.45454545454544,50.8484848484849,33,64
8000,59,-1.5,48.09375,32,62
8100,59,1.29729729729729,44.1351351351351,37,66
8200,59,2.61290322580645,39.9032258064516,31,64
8300,59,-2.45454545454544,39.7878787878788,33,62
8400,59,-4.31034482758621,34.7241379310345,29,62
8500,59,-1.54545454545456,35.7878787878788,33,62
8600,59,-2.17647058823528,40.8235294117647,34,62
8700,59,-7.54545454545452,41.3030303030303,33,66
8800,59,-13.8387096774194,41.8709677419355,31,66
8900,59,-16.3235294117647,42.9117647058823,34,64
9000,59,-10.6060606060606,48.2727272727273,33,64
9100,59,-7.51612903225806,45.7741935483871,31,62
9200,59,-8.17142857142858,40.6857142857143,35,64
9300,59,-8.5625,35.0625,32,62
9400,59,-9.05882352941175,31.1176470588235,34,64
9500,59,-7.21212121212125,28.3333333333333,33,64
9600,59,-3.77142857142856,27,35,68
9700,59,-5.09090909090909,24.5151515151515,33,62
9800,59,-6.93939393939397,19.7272727272727,33,64
9900,59,-6.00000000000004,19.4054054054054,37,66
10000,59,-1.53333333333332,24.5,30,62
0,60,50.5,50,2,14
100,60,53.8484848484849,52.0909090909091,33,64
200,60,58.7878787878788,53.8787878787879,33,66
300,60,60.1764705882353,58.3529411764706,34,64
400,60,57.4848484848485,62.4242424242424,33,64
500,60,54.46875,64.46875,32,62
600,60,54.5806451612903,68.0645161290323,31,62
700,60,58.5151515151515,64.6060606060606,33,62
800,60,61.0909090909091,60.4545454545455,33,62
900,60,63.4285714285714,56.2857142857143,35,68
1000,60,67.125,58.8125,32,62
1100,60,74,61.0882352941177,34,64
1200,60,78.9090909090909,59.5151515151515,33,62
1300,60,81.9090909090909,59.5757575757576,33,64
1400,60,84.3225806451613,56.7096774193548,31,64
1500,60,89.5625,56.46875,32,66
1600,60,93.9354838709678,54.3548387096774,31,62
1700,60,99.7941176470588,55.7058823529412,34,64
1800,60,104.757575757576,61.0909090909091,33,66
1900,60,107.40625,68,32,62
2000,60,109.090909090909,71.5757575757576,33,64
2100,60,114.65625,72.9375,32,64
2200,60,120.588235294118,70.1764705882353,34,64
2300,60,125.8125,70.25,32,62
2400,60,129.545454545455,68.2121212121212,33,62
2500,60,132.235294117647,62.0882352941177,34,64
2600,60,135.147058823529,57.3823529411765,34,64
2700,60,135.705882352941,53.5,34,62
2800,60,134.575757575758,49.3333333333333,33,66
2900,60,130.558823529412,51.3823529411765,34,66
3000,60,130.5,55,32,62
3100,60,131.411764705882,58.8823529411765,34,64
3200,60,133.09375,63.65625,32,62
3300,60,135.575757575758,68.0303030303031,33,64
3400,60,133.9375,72.5625,32,64
3500,60,128.060606060606,70.1212121212121,33,64
3600,60,123.575757575758,74.2727272727273,33,64
3700,60,119.451612903226,78.2903225806452,31,62
3800,60,118.75,83.125,32,66
3900,60,114.96875,87.5,32,64
4000,60,120.4375,90.1875,32,64
4100,60,124.30303030303,88.1515151515152,33,64
4200,60,128.818181818182,87.8181818181818,33,64
4300,60,133.242424242424,83.5454545454546,33,64
4400,60,133.969696969697,80.7272727272727,33,64
4500,60,138.9,77.6666666666667,30,64
4600,60,138.205882352941,71.7058823529412,34,64
4700,60,133.28125,69.21875,32,62
4800,60,128,73.5882352941177,34,64
4900,60,131.3125,75.9375,32,64
5000,60,134.515151515152,78.6060606060606,33,64
5100,60,137.228571428571,83,35,64
5200,60,135.685714285714,88.2285714285714,35,66
5300,60,132.375,91.75,32,62
5400,60,129.411764705882,96.7352941176471,34,66
5500,60,125.939393939394,99.8787878787879,33,64
5600,60,122.84375,103.46875,32,62
5700,60,118.575757575758,106.060606060606,33,64
5800,60,124.806451612903,101.903225806452,31,62
5900,60,128.625,96.09375,32,64
6000,60,132.666666666667,91.4545454545455,33,64
6100,60,138.6,91.5142857142857,35,66
6200,60,139.066666666667,97.1666666666667,30,62
6300,60,136.314285714286,103.6,35,64
6400,60,133.0625,105.9375,32,64
6500,60,127.3125,109.0625,32,62
6600,60,123.25,113.71875,32,62
6700,60,120.612903225806,116.838709677419,31,62
6800,60,114.848484848485,115.393939393939,33,66
6900,60,111.4,111.314285714286,35,64
7000,60,107.41935483871,107.935483870968,31,62
7100,60,103.823529411765,102.823529411765,34,64
7200,60,100.027777777778,106,36,66
7300,60,95.5151515151515,106.333333333333,33,64
7400,60,89.1818181818182,105,33,64
7500,60,84.4545454545454,107.090909090909,33,62
7600,60,81.1818181818182,102.727272727273,33,64
7700,60,84.875,97.96875,32,64
7800,60,87.3529411764706,94.7058823529412,34,64
7900,60,92,92,33,64
8000,60,95.2285714285715,97.1714285714286,35,66
8100,60,99,104.1875,32,62
8200,60,102.30303030303,106.424242424242,33,64
8300,60,107.228571428571,110.171428571429,35,66
8400,60,113.911764705882,111.941176470588,34,64
8500,60,118.176470588235,112.294117647059,34,64
8600,60,121.742857142857,109.342857142857,35,66
8700,60,122.9,105.6,30,64
8800,60,122.454545454545,101.666666666667,33,64
8900,60,124.9,96.9333333333334,30,62
9000,60,126.294117647059,93.5,34,62
9100,60,123.75,92.1875,32,64
9200,60,120.935483870968,95.7096774193548,31,62
9300,60,115.588235294118,97.4411764705882,34,66
9400,60,110.69696969697,103.242424242424,33,62
9500,60,107,104.088235294118,34,64
9600,60,108.8125,108.8125,32,62
9700,60,107.066666666667,116.2,30,64
9800,60,104.212121212121,118.060606060606,33,66
9900,60,97.448275862069,118.137931034483,29,64
10000,60,93.5625,121.21875,32,68
0,61,50.5,50.5,2,14
100,61,52.7941176470588,50.0588235294118,34,64
200,61,56.9705882352941,45.0882352941176,34,66
300,61,60.8484848484849,42.5151515151515,33,62
400,61,61.84375,36.125,32,62
500,61,59.5806451612903,32.6451612903226,31,64
600,61,56.030303030303,33.8787878787879,33,64
700,61,50.7,32,30,64
800,61,43.09375,28.375,32,62
900,61,39.1612903225806,32.1612903225806,31,62
1000,61,41.2903225806452,36.9354838709678,31,62
1100,61,40.8235294117647,41.5882352941176,34,66
1200,61,37.4375,44.125,32,64
1300,61,32.5161290322581,44.8709677419355,31,62
1400,61,30.9117647058824,47.264705882353,34,66
1500,61,35.6333333333333,48.2,30,62
1600,61,39.7058823529412,48.3235294117647,34,64
1700,61,43.3103448275862,45.7586206896552,29,62
1800,61,38.4117647058824,39.3823529411765,34,66
1900,61,35.1714285714286,36.2,35,66
2000,61,32.2352941176471,37.8235294117647,34,64
2100,61,33.8181818181818,34.3939393939394,33,64
2200,61,27.9117647058823,29.3823529411765,34,66
2300,61,22.3636363636364,29.969696969697,33,64
2400,61,16.3548387096774,33.6129032258065,31,62
2500,61,13.0909090909091,37.4848484848485,33,62
2600,61,16.1142857142857,43.4857142857143,35,64
2700,61,19.0909090909091,46.4545454545455,33,66
2800,61,23.9032258064516,47.8064516129032,31,62
2900,61,27.6060606060606,51.3333333333333,33,66
3000,61,29.2121212121212,55.8787878787879,33,66
3100,61,33.3125,53.28125,32,62
3200,61,32.3823529411765,56.9117647058824,34,64
3300,61,28.5483870967742,60.2903225806452,31,64
3400,61,22.9714285714286,59.1142857142857,35,66
3500,61,17.9142857142857,55.9428571428571,35,66
3600,61,11.8235294117647,53.4117647058824,34,64
3700,61,7.52941176470588,53.6470588235294,34,64
3800,61,1.83870967741936,55.1612903225806,31,62
3900,61,-4.65714285714286,57.2285714285714,35,64
4000,61,-6.6969696969697,54,33,64
4100,61,-6.93939393939394,48.969696969697,33,64
4200,61,-10.5,45.625,32,64
4300,61,-8.58823529411764,40.3235294117647,34,64
4400,61,-8.15151515151516,34.3636363636364,33,64
4500,61,-13.2571428571429,31.3714285714286,35,66
4600,61,-15.5588235294118,26.7352941176471,34,64
4700,61,-11.7941176470588,25.9411764705882,34,66
4800,61,-5.74285714285716,29.2857142857143,35,66
4900,61,-0.029411764705884,31.6176470588235,34,64
5000,61,-2.3030303030303,35.9090909090909,33,66
5100,61,-5.90625,39.59375,32,64
5200,61,-11.030303030303,44.8787878787879,33,64
5300,61,-16.1470588235294,45.8235294117647,34,66
5400,61,-17.8,42.2,30,62
5500,61,-20.5882352941176,37.7058823529412,34,66
5600,61,-23.3333333333333,42.1212121212121,33,64
5700,61,-26.0322580645161,44.741935483871,31,64
5800,61,-29,46.7741935483871,31,62
5900,61,-30.7352941176471,40.6470588235294,34,64
6000,61,-33.741935483871,36.7096774193548,31,62
6100,61,-36.09375,33.125,32,62
6200,61,-41.2333333333333,27.8333333333333,30,62
6300,61,-45.9393939393939,26.969696969697,33,64
6400,61,-45.3235294117647,20.3823529411765,34,64
6500,61,-43.4411764705882,14.8235294117647,34,66
6600,61,-39.2424242424242,13.0909090909091,33,64
6700,61,-35.4571428571428,11.4285714285714,35,64
6800,61,-27.9428571428572,10.9142857142857,35,66
6900,61,-23.8484848484849,14.2424242424242,33,66
7000,61,-22.53125,17.0625,32,62
7100,61,-17.6060606060606,20.0606060606061,33,66
7200,61,-12.0645161290323,21.0645161290323,31,64
7300,61,-8.09999999999999,17.7333333333333,30,62
7400,61,-9.09090909090909,12.5151515151515,33,62
7500,61,-4.15151515151516,8.72727272727273,33,62
7600,61,4.09090909090909,8.78787878787879,33,66
7700,61,8.21212121212122,9.54545454545454,33,64
7800,61,10.1935483870968,13.6451612903226,31,60
7900,61,12.34375,19.40625,32,66
8000,61,9.60606060606061,23.7272727272727,33,64
8100,61,10.5757575757576,27.5757575757576,33,64
8200,61,16.5882352941177,27.7058823529412,34,66
8300,61,18.3030303030303,25.1212121212121,33,64
8400,61,21,18.4117647058824,34,64
8500,61,26.2903225806452,19.4838709677419,31,64
8600,61,32.0588235294118,22.6764705882353,34,64
8700,61,35.9142857142857,18.8,35,68
8800,61,39.2727272727273,16.2121212121212,33,64
8900,61,44.3793103448276,11.4137931034483,29,60
9000,61,49.6969696969697,8.3030303030303,33,64
9100,61,54.375,6.15625,32,60
9200,61,59.2058823529412,5.91176470588235,34,64
9300,61,63.6969696969697,10.6969696969697,33,64
9400,61,69.6285714285714,10.7428571428571,35,66
9500,61,75.483870967742,10.1935483870968,31,64
9600,61,74.1612903225806,13.9032258064516,31,62
9700,61,71.0882352941176,18,34,66
9800,61,68.4848484848485,17.3333333333333,33,64
9900,61,64.21875,16.96875,32,64
10000,61,61.6666666666667,19.5454545454545,33,64
0,62,50.5,49.5,2,14
100,62,51.5882352941177,53,34,64
200,62,52.5,58,32,62
300,62,53.2727272727273,60.5151515151515,33,64
400,62,57.8235294117647,63.5,34,64
500,62,57.3939393939394,68.3636363636363,33,64
600,62,54.1944444444444,73.3055555555556,36,66
700,62,54.53125,78.4375,32,64
800,62,50.7222222222222,83,36,66
900,62,49.09375,87.3125,32,62
1000,62,47.969696969697,94.6363636363636,33,64
1100,62,46.4375,100.15625,32,62
1200,62,42.8787878787879,100.393939393939,33,64
1300,62,45.3714285714286,98.4285714285714,35,64
1400,62,46.71875,102.3125,32,66
1500,62,50.8787878787879,104.30303030303,33,64
1600,62,56.0625,101.125,32,64
1700,62,59.7647058823529,98.7647058823529,34,66
1800,62,65.3529411764706,95.2058823529412,34,64
1900,62,66.3235294117647,90.3823529411765,34,66
2000,62,61.4137931034483,93.1724137931034,29,64
2100,62,59.5,88.735294117647,34,66
2200,62,57.59375,84.5,32,64
2300,62,53.7,80.8,30,64
2400,62,49.5,77.8235294117647,34,64
2500,62,48.4375,72.5625,32,62
2600,62,53.0322580645161,68.741935483871,31,64
2700,62,54.4,62.1142857142857,35,66
2800,62,52.71875,57.84375,32,62
2900,62,52.7575757575758,53.5454545454546,33,66
3000,62,50.4545454545455,51.3333333333333,33,64
3100,62,53.9714285714286,45.4,35,64
3200,62,58.551724137931,44.0344827586207,29,62
3300,62,63,46.2727272727273,33,64
3400,62,70.5666666666667,48.4,30,62
3500,62,75.6666666666667,50.3636363636364,33,64
3600,62,81.34375,47.21875,32,64
3700,62,83,42.7096774193548,31,62
3800,62,78.483870967742,39.741935483871,31,62
3900,62,77.6666666666667,36.6060606060606,33,64
4000,62,79.8787878787879,31.8484848484848,33,66
4100,62,82.4375,28.8125,32,66
4200,62,83,25.3714285714286,35,64
4300,62,80.5757575757576,21.030303030303,33,62
4400,62,86.1818181818182,18.7575757575758,33,68
4500,62,89.8387096774193,14.7741935483871,31,64
4600,62,92.741935483871,11.6774193548387,31,62
4700,62,90.235294117647,7.08823529411765,34,66
4800,62,83.7096774193548,6.64516129032258,31,62
4900,62,76.1515151515151,7.54545454545455,33,64
5000,62,71.060606060606,6.87878787878788,33,64
5100,62,66.6,7.03333333333333,30,62
5200,62,62.65625,10.53125,32,62
5300,62,57.3333333333333,13.0909090909091,33,66
5400,62,55.0909090909091,17.4545454545455,33,62
5500,62,57.1935483870968,25.258064516129,31,64
5600,62,62.969696969697,25.1818181818182,33,66
5700,62,67.5882352941177,26.1176470588235,34,66
5800,62,70.1470588235294,30.3235294117647,34,66
5900,62,67.969696969697,36.8484848484848,33,64
6000,62,64.15625,36.71875,32,62
6100,62,60.6470588235294,32.9117647058823,34,64
6200,62,59,27.6470588235294,34,66
6300,62,55.0909090909091,28.8484848484848,33,62
6400,62,51.0909090909091,33.3030303030303,33,62
6500,62,53.1470588235294,35.5294117647059,34,66
6600,62,55.6969696969697,41.4242424242424,33,66
6700,62,58.030303030303,45.5454545454545,33,64
6800,62,63.8823529411765,43.4117647058824,34,64
6900,62,69.625,41.71875,32,62
7000,62,67.4117647058823,36.0294117647059,34,66
7100,62,60.9393939393939,35.9393939393939,33,64
7200,62,57.8823529411765,33.5,34,64
7300,62,61.15625,28.75,32,62
7400,62,66.4545454545455,24.7272727272727,33,64
7500,62,66.5,19.3823529411765,34,66
7600,62,72.8709677419355,14.8064516129032,31,64
7700,62,69.96875,16.28125,32,62
7800,62,64.9375,18.53125,32,62
7900,62,60.15625,23.4375,32,66
8000,62,55.6363636363636,28,33,64
8100,62,55.8,30.8,35,66
8200,62,59.4411764705882,35.0294117647059,34,66
8300,62,54.4117647058823,35.1176470588235,34,64
8400,62,50.4848484848485,39.7575757575758,33,64
8500,62,48.1290322580645,43.9677419354839,31,62
8600,62,44,48.78125,32,62
8700,62,42.0588235294118,44.9705882352941,34,66
8800,62,47.84375,43.34375,32,66
8900,62,52.5517241379311,43.0689655172414,29,64
9000,62,56.75,46.28125,32,64
9100,62,58.7272727272727,47.6666666666667,33,64
9200,62,59.3666666666667,42.2333333333333,30,60
9300,62,62.3870967741936,46.3225806451613,31,62
9400,62,66.5882352941177,51.8823529411765,34,64
9500,62,70.0571428571428,54.6571428571428,35,64
9600,62,76.2903225806452,55.5483870967742,31,62
9700,62,81.09375,59.34375,32,64
9800,62,83.6470588235294,65.1764705882353,34,66
9900,62,89.3125,66.09375,32,64
10000,62,92.8181818181818,67.9090909090909,33,64
0,63,50,50,1,8
100,63,47.4193548387097,46.8387096774194,31,64
200,63,43.9354838709677,42.7741935483871,31,64
300,63,44.7931034482759,38.3793103448276,29,58
400,63,48.9333333333333,36.2333333333333,30,62
500,63,53.5483870967742,32.5806451612903,31,62
600,63,58.5161290322581,34.8387096774194,31,62
700,63,63.59375,36.1875,32,64
800,63,70.6666666666667,39.0666666666667,30,62
900,63,77.8181818181818,39.7878787878788,33,64
1000,63,81.4375,44.21875,32,64
1100,63,83.9189189189189,49.1621621621622,37,66
1200,63,82.90625,54.875,32,66
1300,63,79.1818181818182,59.969696969697,33,62
1400,63,79.0882352941176,64.9411764705882,34,64
1500,63,77.8787878787879,67.969696969697,33,64
1600,63,81.2941176470588,70.5,34,62
1700,63,85.5454545454545,73.9090909090909,33,64
1800,63,85.4444444444444,78.8611111111111,36,66
1900,63,85.9117647058823,84.3235294117647,34,64
2000,63,89.7575757575757,89.060606060606,33,64
2100,63,96,91.4193548387097,31,66
2200,63,101.78125,89.4375,32,64
2300,63,99.3333333333333,93.3636363636364,33,66
2400,63,99.1875,99.5625,32,62
2500,63,93.7096774193548,100.806451612903,31,64
2600,63,91.7,104.433333333333,30,62
2700,63,93.4411764705882,107.970588235294,34,66
2800,63,92.6666666666667,111.757575757576,33,62
2900,63,90.7741935483871,118.032258064516,31,62
3000,63,88.7272727272727,122.969696969697,33,64
3100,63,88.9117647058823,129.205882352941,34,66
3200,63,86.28125,131.96875,32,64
3300,63,87.09375,136.9375,32,64
3400,63,90.6363636363636,141.909090909091,33,64
3500,63,93.71875,146.03125,32,64
3600,63,94.0645161290323,150.935483870968,31,64
3700,63,89.7272727272727,149.636363636364,33,62
3800,63,84.75,145.1875,32,62
3900,63,79.6285714285714,147.114285714286,35,66
4000,63,73.7575757575758,146.484848484848,33,64
4100,63,72.5588235294118,153.176470588235,34,64
4200,63,77.0882352941176,156.352941176471,34,66
4300,63,81.6875,158.65625,32,62
4400,63,83.25,162.96875,32,68
4500,63,84.2424242424242,167.363636363636,33,64
4600,63,85.1875,172.21875,32,62
4700,63,88.3235294117647,178.147058823529,34,66
4800,63,81.71875,178.9375,32,66
4900,63,76.75,179.34375,32,64
5000,63,72.28125,178.96875,32,62
5100,63,71.8709677419355,174.129032258065,31,62
5200,63,67.0606060606061,171.121212121212,33,66
5300,63,64.1875,167.375,32,64
5400,63,61.5757575757576,162.333333333333,33,62
5500,63,56.9705882352941,157.911764705882,34,64
5600,63,51.8285714285714,157.714285714286,35,64
5700,63,48.25,159.09375,32,64
5800,63,42.3142857142857,158.171428571429,35,64
5900,63,38.5151515151515,154.69696969697,33,64
6000,63,42.5,150.294117647059,34,62
6100,63,45.4516129032258,143.838709677419,31,64
6200,63,52.6,138.4,35,66
6300,63,54.34375,135.6875,32,62
6400,63,58.8823529411765,133.294117647059,34,66
6500,63,59.03125,130.34375,32,64
6600,63,61.1142857142857,129.885714285714,35,66
6700,63,64.15625,125.875,32,66
6800,63,66.6451612903226,126.741935483871,31,64
6900,63,68.7878787878788,131.242424242424,33,64
7000,63,71.2058823529412,137.205882352941,34,66
7100,63,75.90625,139.6875,32,62
7200,63,75.9393939393939,142.30303030303,33,66
7300,63,77.5454545454546,144.454545454545,33,64
7400,63,81.1290322580645,148.967741935484,31,62
7500,63,84.6363636363636,151.272727272727,33,62
7600,63,87.2647058823529,147.352941176471,34,66
7700,63,85.6470588235294,144.323529411765,34,64
7800,63,79.4193548387097,146,31,66
7900,63,74.4666666666666,148.733333333333,30,62
8000,63,69.516129032258,151.129032258065,31,62
8100,63,66.5588235294118,155.058823529412,34,64
8200,63,69.34375,157.40625,32,62
8300,63,72.6363636363636,157.212121212121,33,66
8400,63,76.6764705882353,155.558823529412,34,64
8500,63,79.9142857142857,159.228571428571,35,64
8600,63,76.1875,161.75,32,62
8700,63,71.8484848484848,159.757575757576,33,64
8800,63,68.75,161.09375,32,62
8900,63,63.2647058823529,165.147058823529,34,66
9000,63,66.3125,165.28125,32,62
9100,63,73.8125,161.3125,32,66
9200,63,75.6551724137931,157.48275862069,29,62
9300,63,70.6875,158.375,32,62
9400,63,76.3823529411765,159.382352941176,34,66
9500,63,77.7096774193548,164.258064516129,31,62
9600,63,72.3333333333333,167.515151515152,33,64
9700,63,67.9696969696969,166.393939393939,33,64
9800,63,65.1515151515152,168.939393939394,33,64
9900,63,66.3548387096774,173.741935483871,31,60
10000,63,68.5588235294118,178.941176470588,34,64
0,64,50,49.5,2,14
100,64,54.6875,48.90625,32,62
200,64,58.7878787878788,46.9090909090909,33,62
300,64,62.09375,44.15625,32,64
400,64,66.2121212121212,44.1515151515152,33,64
500,64,71.5806451612903,41.3225806451613,31,62
600,64,72.0606060606061,36.6666666666667,33,62
700,64,76.2424242424242,32.3333333333333,33,62
800,64,79.09375,31.5625,32,62
900,64,82.25,33.90625,32,64
1000,64,86.2424242424242,36.0909090909091,33,64
1100,64,88.6451612903226,40.9354838709678,31,62
1200,64,94.4117647058824,42.4117647058824,34,64
1300,64,102.272727272727,41.0909090909091,33,64
1400,64,104.878787878788,37.6060606060606,33,64
1500,64,107.25,34.125,32,66
1600,64,110.264705882353,31.9411764705882,34,66
1700,64,113.655172413793,28.5172413793103,29,64
1800,64,116.967741935484,23.2258064516129,31,64
1900,64,116.40625,18.875,32,64
2000,64,120.689655172414,18.9655172413793,29,64
2100,64,127.09375,21.25,32,64
2200,64,133.757575757576,23.5151515151515,33,66
2300,64,137.8,20.3333333333333,30,60
2400,64,136.354838709677,15.7096774193548,31,62
2500,64,130.885714285714,10.4571428571429,35,66
2600,64,128,4.9,30,62
2700,64,129.71875,-0.78125,32,64
2800,64,127.393939393939,-6.69696969696967,33,66
2900,64,125.870967741935,-13.4193548387097,31,62
3000,64,130.617647058824,-19.5294117647059,34,66
3100,64,130.588235294118,-25.3529411764706,34,64
3200,64,127.9,-28.3333333333333,30,62
3300,64,126.264705882353,-32,34,64
3400,64,121.787878787879,-35.0909090909091,33,64
3500,64,116.833333333333,-39.5666666666667,30,62
3600,64,115.322580645161,-41.258064516129,31,62
3700,64,114.363636363636,-47.7272727272727,33,62
3800,64,117.117647058824,-50.8529411764706,34,64
3900,64,115.75,-55.25,32,64
4000,64,119.151515151515,-59.9090909090909,33,66
4100,64,121.34375,-63.90625,32,62
4200,64,122.484848484848,-69.5454545454545,33,64
4300,64,117.09375,-71.875,32,64
4400,64,113.65625,-74.65625,32,62
4500,64,116.125,-75.6875,32,64
4600,64,120.96875,-70.34375,32,62
4700,64,124.575757575758,-69.4545454545455,33,64
4800,64,127.714285714286,-74.2285714285714,35,66
4900,64,129.322580645161,-80.8064516129032,31,62
5000,64,131.30303030303,-85.7272727272727,33,64
5100,64,136.193548387097,-88.741935483871,31,64
5200,64,141.666666666667,-94.2424242424242,33,62
5300,64,145.290322580645,-97.9354838709677,31,64
5400,64,141.3125,-102.625,32,64
5500,64,136.78125,-102.875,32,64
5600,64,135.714285714286,-98.6,35,64
5700,64,129.933333333333,-97.6666666666667,30,64
5800,64,123.941176470588,-96.3235294117647,34,66
5900,64,118.258064516129,-93.8064516129032,31,62
6000,64,114,-92.3870967741935,31,64
6100,64,108.057142857143,-94.3714285714286,35,66
6200,64,106.575757575758,-99.6666666666667,33,64
6300,64,108.909090909091,-105.757575757576,33,62
6400,64,115.40625,-108.375,32,62
6500,64,117.529411764706,-112.558823529412,34,64
6600,64,115.032258064516,-115.451612903226,31,62
6700,64,114.15625,-109.9375,32,64
6800,64,114.612903225806,-104.741935483871,31,64
6900,64,118.5,-100.705882352941,34,62
7000,64,116.212121212121,-95.5757575757576,33,66
7100,64,117.969696969697,-90.7272727272727,33,66
7200,64,118.225806451613,-87.9677419354839,31,62
7300,64,109.625,-87.375,32,64
7400,64,104.625,-90.625,32,62
7500,64,102.971428571429,-96.4,35,64
7600,64,103.90625,-101.875,32,66
7700,64,105.4,-103.514285714286,35,66
7800,64,111.454545454545,-104.151515151515,33,66
7900,64,116.3125,-106.1875,32,64
8000,64,116.290322580645,-112.451612903226,31,60
8100,64,117.741935483871,-116.903225806452,31,62
8200,64,118.387096774194,-117.548387096774,31,62
8300,64,117.903225806452,-114.354838709677,31,62
8400,64,117.575757575758,-110.242424242424,33,62
8500,64,115.133333333333,-105.366666666667,30,62
8600,64,114.4,-101.3,30,62
8700,64,114.25,-97.375,32,62
8800,64,113.03125,-95.59375,32,66
8900,64,110.193548387097,-98.9354838709677,31,62
9000,64,106.542857142857,-99.0857142857143,35,66
9100,64,109.30303030303,-95.8181818181818,33,64
9200,64,105.125,-95.28125,32,66
9300,64,101.545454545455,-97.7878787878788,33,62
9400,64,101.03125,-102.3125,32,62
9500,64,99.6060606060606,-108.484848484848,33,62
9600,64,98.7333333333333,-112.133333333333,30,60
9700,64,93.7,-112.633333333333,30,62
9800,64,94.6666666666667,-109,33,64
9900,64,99.5882352941176,-104.647058823529,34,64
10000,64,104.733333333333,-108.1,30,62
0,65,50,50,1,8
100,65,47.9090909090909,52.7878787878788,33,62
200,65,48.3870967741936,57.6451612903226,31,62
300,65,48.71875,62.21875,32,64
400,65,52.15625,68.5625,32,64
500,65,53.8333333333333,71.7666666666667,30,62
600,65,50.3636363636364,73.8181818181818,33,64
700,65,46.258064516129,78.0322580645161,31,62
800,65,46.9655172413793,84.7586206896552,29,62
900,65,43.1612903225806,87.3225806451613,31,62
1000,65,49.3333333333333,83.4545454545455,33,64
1100,65,53.65625,79.90625,32,62
1200,65,58.9032258064516,80.0322580645161,31,64
1300,65,57.53125,84.96875,32,64
1400,65,59.2424242424242,89.6060606060606,33,64
1500,65,58.6666666666667,93.5151515151515,33,66
1600,65,59.8125,97.21875,32,64
1700,65,55.4848484848485,98.6060606060606,33,62
1800,65,53.3333333333333,95.2,30,64
1900,65,54.7058823529412,91.7941176470588,34,66
2000,65,58.4242424242424,88.9696969696969,33,66
2100,65,62.09375,86.4375,32,62
2200,65,67.4242424242424,83.2121212121212,33,66
2300,65,68.3870967741936,79.5806451612903,31,62
2400,65,68.7272727272727,74.6363636363636,33,64
2500,65,71.0322580645161,70.3870967741935,31,64
2600,65,73.5,66.875,32,64
2700,65,73.7941176470588,71.9411764705882,34,64
2800,65,72.6363636363637,74.9393939393939,33,64
2900,65,68.4193548387097,74.3225806451613,31,62
3000,65,70.0967741935484,74.3870967741935,31,64
3100,65,73.8333333333333,71.0333333333333,30,62
3200,65,77.5,69,32,62
3300,65,77.9032258064516,66.0322580645161,31,62
3400,65,82.40625,65.34375,32,62
3500,65,82.7096774193548,69.7096774193548,31,60
3600,65,77.8378378378378,74.027027027027,37,66
3700,65,75.8484848484848,79.2424242424242,33,64
3800,65,71.21875,82.8125,32,62
3900,65,66.939393939394,87.1515151515152,33,64
4000,65,61.9032258064516,83.8064516129032,31,62
4100,65,57.6,78.8,35,66
4200,65,56.3333333333333,75.0909090909091,33,64
4300,65,61.4705882352941,73.8235294117647,34,66
4400,65,63.4117647058824,70.7647058823529,34,64
4500,65,65.6875,68.90625,32,64
4600,65,67.1515151515151,73.5757575757576,33,64
4700,65,66.5625,77.71875,32,62
4800,65,66.2333333333333,84.3,30,62
4900,65,63.5161290322581,84.9032258064516,31,62
5000,65,60.3529411764706,87.8529411764706,34,64
5100,65,55.9090909090909,91.2121212121212,33,64
5200,65,54.3030303030303,87.0909090909091,33,62
5300,65,51.6470588235294,82.264705882353,34,64
5400,65,47.741935483871,77.258064516129,31,64
5500,65,46.9411764705882,71.2352941176471,34,64
5600,65,45.7272727272727,66.7575757575758,33,64
5700,65,46.0666666666667,60.1,30,60
5800,65,47.3333333333333,55.3333333333333,33,64
5900,65,49.59375,49.59375,32,64
6000,65,52.2258064516129,46.6129032258065,31,64
6100,65,55.8064516129032,42,31,62
6200,65,57.4117647058823,37.1470588235294,34,64
6300,65,62.40625,35.125,32,66
6400,65,65.1515151515152,36.7272727272727,33,64
6500,65,66.1935483870968,43.6774193548387,31,64
6600,65,64.0882352941177,45.3529411764706,34,64
6700,65,65.40625,50.5625,32,64
6800,65,68.2424242424242,56.6060606060606,33,64
6900,65,72.2647058823529,60,34,64
7000,65,77.9090909090909,61.4545454545455,33,62
7100,65,82.46875,60.53125,32,62
7200,65,82,53.1428571428571,35,66
7300,65,82.7272727272727,45.6969696969697,33,64
7400,65,83.2666666666667,40.2,30,62
7500,65,88.46875,39.6875,32,64
7600,65,91.7,43.4333333333333,30,62
7700,65,95.0645161290323,47.6129032258065,31,62
7800,65,94.1290322580645,43.6774193548387,31,64
7900,65,89.8,46.0571428571429,35,66
8000,65,93.3030303030303,46.1818181818182,33,64
8100,65,94.15625,54.9375,32,62
8200,65,92.5161290322581,61.3870967741935,31,62
8300,65,89.53125,62.71875,32,64
8400,65,87.5,57.7941176470588,34,64
8500,65,84.6774193548387,50.9677419354839,31,62
8600,65,80.8823529411764,48.7058823529412,34,66
8700,65,80.764705882353,54.1764705882353,34,64
8800,65,82.3428571428571,60.1714285714286,35,66
8900,65,85.4838709677419,64.4193548387097,31,62
9000,65,85.4571428571429,68.6571428571429,35,66
9100,65,81.5454545454545,68.5151515151515,33,64
9200,65,81.8620689655172,72.4827586206897,29,62
9300,65,86.1875,78.875,32,62
9400,65,88.125,75.5,32,62
9500,65,88.516129032258,68.3548387096774,31,62
9600,65,95.3548387096774,65.6451612903226,31,62
9700,65,99.5454545454546,67.7272727272727,33,64
9800,65,101.970588235294,72.2941176470588,34,66
9900,65,103.028571428571,78.7142857142858,35,66
10000,65,104.090909090909,83.3636363636363,33,64
0,66,49.5,50.5,2,14
100,66,53.2727272727273,49.2727272727273,33,64
200,66,61.3333333333333,48,33,66
300,66,66,45.3529411764706,34,64
400,66,70.375,42.5,32,62
500,66,73.875,38.625,32,64
600,66,74.9090909090909,35.5151515151515,33,62
700,66,71.4705882352941,32.7352941176471,34,64
800,66,66.9375,31.5,32,64
900,66,62.1764705882353,32.1176470588235,34,68
1000,66,57.7272727272727,35,33,64
1100,66,53.5161290322581,36.5161290322581,31,62
1200,66,50.21875,33.28125,32,64
1300,66,49.7777777777778,29.2777777777778,36,66
1400,66,53,23,33,64
1500,66,57.1515151515151,18.3636363636364,33,66
1600,66,64.0882352941177,15.6470588235294,34,64
1700,66,66.5483870967742,8.70967741935484,31,62
1800,66,68.0967741935484,3.80645161290323,31,62
1900,66,69,-0.71875,32,62
2000,66,70.1470588235294,-4.73529411764709,34,64
2100,66,74.1515151515152,-8.24242424242426,33,66
2200,66,78.3428571428571,-10.0571428571429,35,64
2300,66,82.7575757575758,-13.3939393939394,33,64
2400,66,87.5,-18.8125,32,62
2500,66,85.9393939393939,-20.6969696969697,33,66
2600,66,83.4545454545455,-17.9090909090909,33,62
2700,66,80.8125,-14.21875,32,62
2800,66,77.25,-11.4375,32,64
2900,66,74.5454545454545,-12.7272727272727,33,64
3000,66,70.0322580645161,-9.90322580645162,31,62
3100,66,65.4375,-9.4375,32,62
3200,66,66.5428571428572,-5.91428571428573,35,64
3300,66,69.8484848484848,-0.909090909090907,33,62
3400,66,67.3333333333333,2.39393939393939,33,64
3500,66,66.9375,9.25,32,64
3600,66,65.3125,7.40625,32,64
3700,66,60.1515151515152,2.36363636363636,33,64
3800,66,63.7878787878788,-1.8181818181818,33,64
3900,66,66.28125,-5,32,62
4000,66,67.1875,-10.6875,32,62
4100,66,72.5666666666667,-6.73333333333332,30,64
4200,66,78.65625,-3.125,32,64
4300,66,83.1875,1,32,62
4400,66,87.0909090909091,-1.90909090909091,33,64
4500,66,89.9090909090909,-7.15151515151516,33,62
4600,66,93.8,-11.5428571428571,35,64
4700,66,99,-12.8285714285714,35,64
4800,66,103.741935483871,-15.4516129032258,31,62
4900,66,109.885714285714,-14.6857142857143,35,64
5000,66,114.666666666667,-15.3030303030303,33,64
5100,66,119.909090909091,-18.2424242424242,33,62
5200,66,124.030303030303,-19.7272727272727,33,66
5300,66,127.882352941176,-15.2058823529412,34,64
5400,66,131.84375,-15.3125,32,64
5500,66,136.193548387097,-17.0967741935484,31,62
5600,66,139.967741935484,-17.3225806451613,31,64
5700,66,145.558823529412,-18.9705882352941,34,64
5800,66,150.75,-19.8125,32,62
5900,66,149.25,-25.53125,32,62
6000,66,147.352941176471,-32.6764705882353,34,64
6100,66,149.3125,-38.8125,32,64
6200,66,154.1875,-42.15625,32,62
6300,66,158.75,-49.75,32,64
6400,66,161.971428571429,-53.4857142857143,35,66
6500,66,163.588235294118,-48.5588235294118,34,64
6600,66,161.5,-42.09375,32,62
6700,66,158.393939393939,-35.969696969697,33,66
6800,66,157.3125,-32.46875,32,64
6900,66,158.441176470588,-26.7941176470588,34,64
7000,66,162.333333333333,-25.3030303030303,33,66
7100,66,163.533333333333,-30.7333333333333,30,64
7200,66,162.411764705882,-34.8235294117647,34,64
7300,66,158.441176470588,-38.2058823529412,34,64
7400,66,156.393939393939,-42.8181818181818,33,64
7500,66,161.470588235294,-43.8235294117647,34,66
7600,66,166.484848484848,-43.9090909090909,33,62
7700,66,172.060606060606,-44.3939393939394,33,64
7800,66,176.90625,-40.09375,32,66
7900,66,180.181818181818,-37.3939393939394,33,66
8000,66,183.193548387097,-32.741935483871,31,62
8100,66,182.848484848485,-27.2727272727273,33,62
8200,66,178.545454545455,-27.8181818181818,33,64
8300,66,177.970588235294,-33.3529411764706,34,66
8400,66,177.5625,-39.28125,32,62
8500,66,176.28125,-43.375,32,66
8600,66,175.6875,-46.9375,32,64
8700,66,176.257142857143,-51.3714285714286,35,66
8800,66,180.484848484848,-52.8484848484849,33,62
8900,66,181.818181818182,-55.6363636363636,33,64
9000,66,184.151515151515,-59.4848484848485,33,62
9100,66,182.096774193548,-63.9032258064516,31,64
9200,66,183.454545454545,-68.9090909090909,33,62
9300,66,182.242424242424,-73.1818181818182,33,64
9400,66,181.645161290323,-76.6129032258064,31,64
9500,66,183.909090909091,-80.4242424242424,33,64
9600,66,178.916666666667,-84.0277777777778,36,64
9700,66,177.03125,-86.625,32,64
9800,66,174.542857142857,-82.7142857142857,35,68
9900,66,168.5,-84.3666666666667,30,62
10000,66,166.5625,-90.4375,32,62
0,67,50.3333333333333,50.6666666666667,3,18
100,67,55.0322580645161,49.6451612903226,31,62
200,67,59.6666666666667,48.8181818181818,33,64
300,67,64.3235294117647,47.0882352941177,34,64
400,67,64.2121212121212,38.8484848484849,33,66
500,67,64.75,38.8125,32,64
600,67,70.060606060606,43.2727272727273,33,64
700,67,75.8125,44.15625,32,64
800,67,81.53125,39.03125,32,64
900,67,84.6470588235294,40.7058823529412,34,66
1000,67,89.375,41.03125,32,64
1100,67,93.6857142857143,44.1714285714286,35,66
1200,67,97.3333333333333,47.6060606060606,33,64
1300,67,102.088235294118,50.7647058823529,34,64
1400,67,106.96875,47.625,32,64
1500,67,110.5,44.3529411764706,34,64
1600,67,118.090909090909,44.6363636363636,33,64
1700,67,123.058823529412,47.6764705882353,34,64
1800,67,122.125,52.375,32,64
1900,67,120.212121212121,55.9090909090909,33,62
2000,67,124.882352941176,59.5882352941176,34,64
2100,67,127.264705882353,64.8529411764706,34,66
2200,67,130.0625,65.46875,32,64
2300,67,136.322580645161,65.741935483871,31,62
2400,67,141.903225806452,70.1290322580645,31,62
2500,67,146.566666666667,71.8333333333333,30,60
2600,67,151.71875,71.1875,32,66
2700,67,155.818181818182,72.5454545454545,33,64
2800,67,156.483870967742,79.1935483870968,31,64
2900,67,156.558823529412,83.2352941176471,34,66
3000,67,156.40625,87.6875,32,62
3100,67,159.121212121212,92.1515151515152,33,64
3200,67,163.548387096774,93.1612903225806,31,62
3300,67,166.8,96.8285714285714,35,66
3400,67,168.774193548387,102.096774193548,31,62
3500,67,171.861111111111,107.388888888889,36,64
3600,67,174.363636363636,112.575757575758,33,64
3700,67,174.757575757576,119.424242424242,33,62
3800,67,173.114285714286,123.685714285714,35,64
3900,67,167.848484848485,123.151515151515,33,64
4000,67,163.71875,123,32,62
4100,67,163.272727272727,129.333333333333,33,66
4200,67,165.941176470588,133.852941176471,34,64
4300,67,169.65625,134.15625,32,64
4400,67,173.935483870968,131.645161290323,31,62
4500,67,177.451612903226,128.870967741935,31,66
4600,67,182.484848484848,126.151515151515,33,62
4700,67,187.342857142857,128.285714285714,35,66
4800,67,192.466666666667,126.3,30,62
4900,67,194.6875,121.84375,32,64
5000,67,196.90625,123.875,32,64
5100,67,199.0625,124.78125,32,62
5200,67,200,118.272727272727,33,66
5300,67,199.647058823529,114.970588235294,34,64
5400,67,199.970588235294,110.441176470588,34,64
5500,67,195.363636363636,105.454545454545,33,64
5600,67,191.909090909091,101.878787878788,33,64
5700,67,188.40625,104.75,32,64
5800,67,187.84375,111.65625,32,62
5900,67,186.911764705882,116.235294117647,34,64
6000,67,183.090909090909,118.363636363636,33,66
6100,67,183.823529411765,121.029411764706,34,66
6200,67,182.705882352941,126.176470588235,34,66
6300,67,177.3125,128.09375,32,62
6400,67,171,131.375,32,64
6500,67,172.15625,136.875,32,62
6600,67,178.058823529412,137.117647058824,34,64
6700,67,180.71875,133.09375,32,64
6800,67,183.870967741935,134.225806451613,31,64
6900,67,186.941176470588,139.058823529412,34,64
7000,67,187.5625,142.34375,32,64
7100,67,192.058823529412,144.676470588235,34,64
7200,67,196.064516129032,143.483870967742,31,64
7300,67,201.28125,147.3125,32,62
7400,67,205.393939393939,149,33,64
7500,67,201.969696969697,145.787878787879,33,64
7600,67,200.766666666667,139.766666666667,30,64
7700,67,202.15625,135.5625,32,64
7800,67,206.333333333333,134.566666666667,30,62
7900,67,209.806451612903,141.032258064516,31,64
8000,67,214.903225806452,144.483870967742,31,62
8100,67,221.25,143.25,32,64
8200,67,225.628571428571,141.742857142857,35,66
8300,67,232.323529411765,143.323529411765,34,66
8400,67,234.861111111111,145.611111111111,36,66
8500,67,234.21875,151.78125,32,66
8600,67,240.181818181818,152.272727272727,33,62
8700,67,243.176470588235,153.235294117647,34,64
8800,67,243.28125,157.6875,32,62
8900,67,244,161.677419354839,31,62
9000,67,247.470588235294,166.352941176471,34,66
9100,67,248.1875,173.25,32,62
9200,67,248.969696969697,179.151515151515,33,64
9300,67,251.181818181818,185.212121212121,33,64
9400,67,250.969696969697,190,33,64
9500,67,250.69696969697,192.363636363636,33,64
9600,67,247.0625,192.25,32,64
9700,67,242.969696969697,195.666666666667,33,66
9800,67,239.066666666667,198.9,30,62
9900,67,241.484848484848,202.393939393939,33,66
10000,67,249.129032258065,205.806451612903,31,62
0,68,50,50,1,8
100,68,51.78125,47.375,32,64
200,68,53.5,44,34,62
300,68,52.75,41.25,32,62
400,68,50.6666666666667,45.9090909090909,33,64
500,68,51.3939393939394,49.5151515151515,33,64
600,68,46.6666666666667,53.4333333333333,30,60
700,68,40.5151515151515,52.0909090909091,33,62
800,68,38.4375,48.75,32,68
900,68,40.53125,44.03125,32,66
1000,68,45.5,41.1875,32,64
1100,68,50.9117647058824,44.9411764705882,34,64
1200,68,52.71875,47.34375,32,64
1300,68,52.3939393939394,51.7575757575758,33,64
1400,68,52.3548387096774,56.258064516129,31,60
1500,68,55.2258064516129,60.5806451612903,31,62
1600,68,53.78125,64.1875,32,62
1700,68,52.0322580645161,59.4838709677419,31,62
1800,68,51.84375,53.21875,32,64
1900,68,46.4545454545455,52.3030303030303,33,66
2000,68,42.3428571428571,53.5428571428572,35,66
2100,68,38.8484848484849,52.5151515151515,33,62
2200,68,38.2333333333333,48.6333333333333,30,60
2300,68,36.0882352941176,44.9705882352941,34,64
2400,68,33.6875,41.1875,32,62
2500,68,36.0588235294118,38.0588235294118,34,64
2600,68,41.3030303030303,38.8484848484849,33,66
2700,68,45.3548387096774,40.7096774193548,31,62
2800,68,50.6111111111111,37.1388888888889,36,64
2900,68,46.6470588235294,32.6470588235294,34,64
3000,68,43.6470588235294,32.5,34,66
3100,68,40.5588235294118,37.2058823529412,34,66
3200,68,38.15625,39.125,32,62
3300,68,39.5428571428571,34.8285714285715,35,66
3400,68,42.0645161290323,31.3870967741935,31,62
3500,68,41.6111111111111,24.6111111111111,36,66
3600,68,41.9117647058824,18.2647058823529,34,64
3700,68,42.84375,14.34375,32,64
3800,68,43.28125,8.34375,32,62
3900,68,47.9142857142857,3.74285714285714,35,66
4000,68,51.125,0.1875,32,64
4100,68,52.9090909090909,-5.66666666666669,33,64
4200,68,49.6333333333333,-8.93333333333334,30,62
4300,68,46.28125,-15.71875,32,64
4400,68,44.6875,-20.84375,32,64
4500,68,41,-24.2258064516129,31,62
4600,68,34.3939393939394,-24.8787878787879,33,64
4700,68,31.3529411764706,-19.8529411764706,34,64
4800,68,29.4545454545455,-15.3333333333333,33,64
4900,68,26.7714285714286,-17,35,64
5000,68,32.4375,-19.78125,32,64
5100,68,37.9375,-22.34375,32,64
5200,68,42.6551724137931,-18.8620689655173,29,62
5300,68,40.1666666666667,-14.8666666666667,30,62
5400,68,37.40625,-13,32,64
5500,68,36.9090909090909,-18.2424242424242,33,62
5600,68,42.6666666666667,-19.5757575757576,33,62
5700,68,46.7272727272727,-22.6363636363636,33,62
5800,68,51.4848484848485,-27.1515151515152,33,62
5900,68,48.21875,-30.28125,32,62
6000,68,43.2727272727273,-32.1818181818182,33,64
6100,68,39.5882352941176,-34.6176470588235,34,66
6200,68,37.53125,-38.75,32,62
6300,68,35.1515151515152,-42.7878787878788,33,66
6400,68,36.34375,-40.53125,32,62
6500,68,38.28125,-33.75,32,62
6600,68,37.125,-29.40625,32,62
6700,68,37.90625,-23.96875,32,64
6800,68,43.21875,-19.5,32,64
6900,68,41.875,-14.90625,32,66
7000,68,36.0294117647059,-17.0882352941177,34,66
7100,68,32.2424242424242,-22.0909090909091,33,64
7200,68,28.5,-21.7333333333333,30,64
7300,68,23.5862068965517,-19.2758620689655,29,62
7400,68,20.0909090909091,-16.1515151515151,33,64
7500,68,24.7575757575758,-9.4848484848485,33,66
7600,68,31.0967741935484,-7.67741935483872,31,64
7700,68,38.4411764705882,-7.2941176470588,34,66
7800,68,40.75,-10.5,32,62
7900,68,43.5151515151515,-16.2727272727273,33,64
8000,68,45.40625,-23.34375,32,62
8100,68,47.78125,-27.125,32,62
8200,68,49.6764705882353,-31.7058823529412,34,66
8300,68,54.9032258064516,-29.8064516129032,31,62
8400,68,55.59375,-24.625,32,64
8500,68,58.0294117647059,-18.4705882352941,34,66
8600,68,59.375,-12,32,64
8700,68,62.28125,-7.84375,32,62
8800,68,65.4545454545455,-3.6666666666667,33,64
8900,68,64.7575757575758,-7.09090909090912,33,62
9000,68,65.7096774193548,-12.0322580645161,31,64
9100,68,65.8484848484848,-16.939393939394,33,64
9200,68,69.1176470588235,-23.2058823529412,34,66
9300,68,71.764705882353,-26.235294117647,34,64
9400,68,76.4193548387097,-26.258064516129,31,64
9500,68,78.6060606060606,-29.969696969697,33,64
9600,68,73.5625,-33.03125,32,64
9700,68,73,-39.2333333333333,30,64
9800,68,75.1290322580645,-43.4838709677419,31,62
9900,68,75.5,-48.4117647058823,34,64
10000,68,77.2424242424242,-52.030303030303,33,66
0,69,50.3333333333333,49.3333333333333,3,18
100,69,52.3030303030303,47.5757575757576,33,64
200,69,56.28125,44.28125,32,64
300,69,54.75,40.75,32,64
400,69,50.2666666666667,38.9,30,62
500,69,47.34375,34.125,32,64
600,69,47.7714285714286,28.5714285714286,35,64
700,69,52.8787878787879,24.6969696969697,33,64
800,69,57.5294117647059,21.3529411764706,34,64
900,69,61.2258064516129,22.3225806451613,31,64
1000,69,64.8529411764706,25.6764705882353,34,64
1100,69,69.1,24.2333333333333,30,64
1200,69,72.5757575757576,20.4242424242424,33,64
1300,69,71.8285714285714,15.7142857142857,35,66
1400,69,68.1818181818182,9.72727272727273,33,66
1500,69,70.3939393939394,3.48484848484848,33,62
1600,69,74.2903225806452,-0.483870967741936,31,66
1700,69,74.8387096774194,4.83870967741936,31,62
1800,69,74.9375,10.96875,32,64
1900,69,78.4242424242424,14.4242424242424,33,64
2000,69,83.1470588235294,17.1470588235294,34,66
2100,69,80.9117647058823,23.8529411764706,34,64
2200,69,79.6875,28.75,32,66
2300,69,79.8,35,30,62
2400,69,76.0645161290323,39.5806451612903,31,62
2500,69,73.9393939393939,42.9090909090909,33,68
2600,69,75.5277777777778,49.2777777777778,36,66
2700,69,72.125,54,32,62
2800,69,67.9705882352941,55.2058823529412,34,66
2900,69,66.4,50.3142857142857,35,64
3000,69,65.84375,45.875,32,64
3100,69,61.6060606060606,42.0909090909091,33,64
3200,69,64.3939393939394,37.3636363636364,33,64
3300,69,62.1875,33.4375,32,62
3400,69,58.7575757575758,27.5151515151515,33,64
3500,69,63.3548387096774,25.3548387096774,31,62
3600,69,65.6470588235294,22.2058823529412,34,64
3700,69,68.96875,26.125,32,64
3800,69,69.1666666666667,27.2666666666667,30,60
3900,69,66.1212121212121,23.8181818181818,33,66
4000,69,62.2058823529412,23.8235294117647,34,68
4100,69,61.5,27.3125,32,64
4200,69,58.2571428571429,33.1142857142857,35,64
4300,69,54.9677419354839,36.0645161290323,31,64
4400,69,49.8484848484849,36.8787878787879,33,64
4500,69,46.3939393939394,30.6666666666667,33,64
4600,69,43.4444444444444,35.6388888888889,36,68
4700,69,38.3939393939394,39.4848484848485,33,66
4800,69,39,45.5,34,62
4900,69,40.0882352941176,52.9411764705882,34,64
5000,69,39.2903225806452,56.741935483871,31,64
5100,69,39.3125,61.34375,32,64
5200,69,42.75,64.3125,32,66
5300,69,44.6176470588235,67.8823529411764,34,64
5400,69,49.6129032258064,72.1612903225806,31,62
5500,69,53.6764705882353,75.264705882353,34,66
5600,69,58.53125,72.625,32,66
5700,69,66.96875,69.90625,32,66
5800,69,71.40625,68.09375,32,62
5900,69,76.9393939393939,63.3333333333333,33,62
6000,69,81.8571428571428,59.1142857142857,35,66
6100,69,88.4285714285714,54.1428571428571,35,66
6200,69,92.3333333333333,50.1212121212121,33,66
6300,69,94.3333333333333,52.2,30,64
6400,69,99.4838709677419,56.3870967741935,31,62
6500,69,101.741935483871,52.3870967741936,31,62
6600,69,106,47.6774193548387,31,62
6700,69,111,46.78125,32,64
6800,69,115.454545454545,47.969696969697,33,64
6900,69,113.40625,54.40625,32,64
7000,69,110.909090909091,58.1515151515151,33,62
7100,69,109.805555555556,63.6111111111111,36,66
7200,69,109.833333333333,67.3666666666667,30,60
7300,69,112.53125,70.78125,32,62
7400,69,117.241379310345,73.3793103448276,29,62
7500,69,120.121212121212,70.3939393939394,33,64
7600,69,122.40625,66.5,32,64
7700,69,117.771428571429,64,35,64
7800,69,113.625,60.78125,32,66
7900,69,109.84375,58.46875,32,62
8000,69,110.5,55.3125,32,64
8100,69,116.764705882353,53.3529411764706,34,64
8200,69,121.193548387097,46.8064516129032,31,62
8300,69,123.6875,41.625,32,64
8400,69,119.483870967742,37.4838709677419,31,62
8500,69,117.823529411765,33.3529411764706,34,64
8600,69,115.914285714286,28.2285714285714,35,64
8700,69,119.885714285714,25.9428571428571,35,66
8800,69,125.09375,24.65625,32,64
8900,69,128.9375,23.09375,32,62
9000,69,134,20.53125,32,64
9100,69,135.6,16.2285714285714,35,66
9200,69,140.65625,14.65625,32,64
9300,69,144.647058823529,16.0882352941176,34,64
9400,69,151.09375,14.125,32,62
9500,69,154.323529411765,7.41176470588235,34,66
9600,69,149.818181818182,8.45454545454545,33,64
9700,69,145.058823529412,8.32352941176471,34,64
9800,69,140.59375,5.40625,32,64
9900,69,137.09375,2.25,32,62
10000,69,136.806451612903,-2.77419354838707,31,62
0,70,48.8333333333333,50.3333333333333,6,30
100,70,44.84375,52.46875,32,62
200,70,39.0882352941177,54.6176470588235,34,66
300,70,33.1875,55.125,32,62
400,70,30.125,52.21875,32,64
500,70,29.0625,46.5,32,64
600,70,23.875,43.96875,32,64
700,70,20.3030303030303,44.0909090909091,33,62
800,70,21.5882352941176,48.3823529411765,34,64
900,70,24.7941176470588,45.7647058823529,34,64
1000,70,23.2258064516129,42.2258064516129,31,62
1100,70,24.28125,35.09375,32,64
1200,70,25.8125,29.1875,32,62
1300,70,20.8181818181818,23.030303030303,33,66
1400,70,20.90625,17.65625,32,64
1500,70,20.1470588235294,13.2941176470588,34,64
1600,70,23.6969696969697,11.4242424242424,33,64
1700,70,27.9393939393939,12.0909090909091,33,64
1800,70,31.0967741935484,16.1935483870968,31,60
1900,70,32.030303030303,21.969696969697,33,66
2000,70,30.6,26.8,30,62
2100,70,31.3333333333333,32,33,64
2200,70,28.4705882352941,34.9411764705882,34,64
2300,70,22.969696969697,34.1818181818182,33,62
2400,70,25.3823529411765,30.8235294117647,34,64
2500,70,28.0909090909091,27.5151515151515,33,66
2600,70,33.3428571428571,26.2285714285714,35,64
2700,70,35.6451612903226,31.2258064516129,31,64
2800,70,39.3636363636364,31.939393939394,33,64
2900,70,39.28125,26.21875,32,64
3000,70,39.2941176470588,21.6470588235294,34,64
3100,70,36.9090909090909,16.4848484848485,33,64
3200,70,31.0909090909091,12.6969696969697,33,62
3300,70,28.6764705882353,7.58823529411765,34,66
3400,70,29.7777777777778,4.05555555555556,36,66
3500,70,37.25,0.9375,32,64
3600,70,41.21875,1.875,32,64
3700,70,43.5625,6.3125,32,64
3800,70,43.8529411764706,12.6176470588235,34,64
3900,70,40.5757575757576,14.7575757575758,33,62
4000,70,34.8333333333333,15.5833333333333,36,66
4100,70,35.1818181818182,11.7272727272727,33,62
4200,70,34.0322580645161,4.80645161290323,31,66
4300,70,34.2121212121212,-0.151515151515156,33,66
4400,70,30.9333333333333,-4.83333333333334,30,60
4500,70,30.4193548387097,-9.3548387096774,31,62
4600,70,30.5,-12.7333333333333,30,60
4700,70,25,-8.32352941176468,34,64
4800,70,21.1111111111111,-6.61111111111111,36,66
4900,70,15.78125,-8.15625,32,66
5000,70,9.25,-8.6875,32,66
5100,70,3.1875,-12.4375,32,64
5200,70,1.21212121212121,-18.030303030303,33,64
5300,70,-5.40625,-21.75,32,64
5400,70,-11.4242424242424,-23.3030303030303,33,64
5500,70,-13.09375,-18.28125,32,66
5600,70,-17.8787878787879,-17.6666666666667,33,64
5700,70,-22.9142857142857,-15.6857142857143,35,64
5800,70,-25.3714285714286,-11.8857142857143,35,66
5900,70,-29.5172413793103,-7.48275862068968,29,62
6000,70,-35.030303030303,-7.48484848484848,33,64
6100,70,-36.375,-2.125,32,64
6200,70,-34.1818181818182,0.969696969696969,33,64
6300,70,-29,-0.125,32,64
6400,70,-28.3333333333334,-4.84848484848484,33,66
6500,70,-32.71875,-8.50000000000004,32,64
6600,70,-35.65625,-13.34375,32,64
6700,70,-39.5882352941177,-15.8823529411765,34,64
6800,70,-45.125,-15.4375,32,62
6900,70,-48.875,-18.21875,32,62
7000,70,-51.3548387096774,-22.1290322580645,31,64
7100,70,-48.6470588235294,-26.9117647058824,34,64
7200,70,-41.8529411764706,-26.3235294117647,34,64
7300,70,-34.9032258064516,-20.5806451612903,31,64
7400,70,-29.6451612903226,-18.516129032258,31,60
7500,70,-26.2121212121212,-12.4545454545455,33,66
7600,70,-28.6969696969697,-10,33,64
7700,70,-27.0909090909091,-6.84848484848484,33,66
7800,70,-24.6,-4.05714285714288,35,66
7900,70,-19.7878787878788,-6.09090909090912,33,62
8000,70,-15.4545454545454,-9.09090909090912,33,66
8100,70,-10.2857142857143,-11,35,66
8200,70,-5.5,-11,34,66
8300,70,-2.17647058823528,-7.61764705882352,34,64
8400,70,1.51515151515152,-4.84848484848484,33,62
8500,70,0.166666666666671,-8.8,30,64
8600,70,1.09677419354838,-13.1290322580645,31,64
8700,70,1.3,-17.9666666666666,30,64
8800,70,0.764705882352942,-23.2058823529412,34,64
8900,70,1.84848484848484,-28.8181818181818,33,66
9000,70,2.15625,-34.96875,32,64
9100,70,1.21875,-36.1875,32,62
9200,70,-2.31428571428572,-32.9142857142857,35,64
9300,70,0.72727272727272,-27.8181818181818,33,62
9400,70,4.84848484848484,-28.1212121212121,33,66
9500,70,10.9166666666667,-27.9722222222222,36,64
9600,70,16.3636363636364,-29.6060606060606,33,66
9700,70,21.7352941176471,-30.0294117647059,34,66
9800,70,26.3870967741936,-29.4516129032258,31,62
9900,70,33.1724137931035,-29.448275862069,29,62
10000,70,38.3636363636364,-31.1515151515152,33,66
0,71,49.6666666666667,49,3,20
100,71,47.4411764705882,43.7058823529412,34,66
200,71,44.9090909090909,40.1818181818182,33,64
300,71,44.3636363636364,34.7272727272727,33,62
400,71,40.6176470588235,33.5588235294118,34,66
500,71,36.1875,28.90625,32,64
600,71,35.875,26.0625,32,62
700,71,37.96875,24.34375,32,62
800,71,45.1818181818182,25.3636363636364,33,64
900,71,49.53125,19.9375,32,66
1000,71,54.0606060606061,16.4242424242424,33,64
1100,71,58.625,11.625,32,62
1200,71,62.0967741935484,6.74193548387097,31,62
1300,71,66.6,6,30,66
1400,71,69.1818181818182,0.636363636363636,33,64
1500,71,70.7575757575758,-4.90909090909091,33,64
1600,71,65.6666666666667,-8.48484848484848,33,68
1700,71,61,-7.21212121212122,33,64
1800,71,61.8484848484849,-2.12121212121212,33,64
1900,71,60,0.5,34,62
2000,71,56.3030303030303,3.72727272727273,33,64
2100,71,52.2258064516129,5.61290322580645,31,66
2200,71,47.0322580645161,8.32258064516128,31,66
2300,71,41.28125,11,32,64
2400,71,36.6857142857143,15.0571428571429,35,66
2500,71,37.53125,20.21875,32,64
2600,71,40.7272727272727,24.3939393939394,33,64
2700,71,48.0967741935484,28.1290322580645,31,64
2800,71,54.7096774193548,28.1935483870968,31,62
2900,71,55.6764705882353,33.0294117647059,34,64
3000,71,53.1666666666667,36.3333333333333,30,60
3100,71,48.6129032258065,40.1935483870968,31,62
3200,71,47.5625,43.21875,32,64
3300,71,48.3333333333333,48.4242424242424,33,62
3400,71,51.6111111111111,52.1388888888889,36,64
3500,71,58.5454545454546,53.7575757575758,33,64
3600,71,63.9117647058824,55.3529411764706,34,64
3700,71,68.8064516129032,54.0967741935484,31,64
3800,71,73.15625,53.9375,32,64
3900,71,77.9090909090909,57.8181818181818,33,64
4000,71,82.7096774193548,59.2903225806452,31,64
4100,71,86.5,60.3529411764706,34,64
4200,71,87.6363636363636,65.6060606060606,33,64
4300,71,87.1875,71.78125,32,64
4400,71,91,76.8857142857143,35,66
4500,71,95.1,77.3666666666667,30,60
4600,71,95.1764705882353,72.7647058823529,34,64
4700,71,100.322580645161,68.8064516129032,31,64
4800,71,101.030303030303,65.9393939393939,33,64
4900,71,105.424242424242,63.3939393939394,33,64
5000,71,110.433333333333,64.6333333333333,30,62
5100,71,114.969696969697,67.969696969697,33,66
5200,71,119.066666666667,72.9,30,62
5300,71,119.714285714286,76.6,35,64
5400,71,124.03125,78.5625,32,64
5500,71,129.032258064516,83.0967741935484,31,62
5600,71,133.25,83.65625,32,64
5700,71,137.764705882353,79.3823529411765,34,64
5800,71,137.90625,76.71875,32,64
5900,71,133.064516129032,73.3870967741936,31,62
6000,71,131.5,68.7058823529412,34,62
6100,71,137,63.8484848484849,33,64
6200,71,141.375,63.1875,32,64
6300,71,139.714285714286,58.4642857142857,28,62
6400,71,140.125,51.5625,32,66
6500,71,142.0625,44.25,32,62
6600,71,142.34375,37.9375,32,64
6700,71,145.53125,34.96875,32,64
6800,71,149.5,32.21875,32,64
6900,71,149.757575757576,33.3636363636364,33,64
7000,71,143.264705882353,35,34,62
7100,71,139.694444444444,32.0277777777778,36,64
7200,71,136.84375,27.59375,32,64
7300,71,132.333333333333,26.060606060606,33,62
7400,71,128.424242424242,21.9393939393939,33,66
7500,71,123.882352941176,19.1764705882353,34,64
7600,71,118.235294117647,21.6764705882353,34,64
7700,71,114.588235294118,24.8823529411765,34,64
7800,71,110.771428571429,28.2571428571429,35,64
7900,71,107.676470588235,28.1470588235294,34,64
8000,71,102.633333333333,27.6333333333333,30,62
8100,71,97.0588235294118,27.5588235294118,34,66
8200,71,90.6969696969697,31,33,66
8300,71,88,33.78125,32,62
8400,71,83.5757575757576,34.9393939393939,33,62
8500,71,79.4516129032258,33.7096774193548,31,64
8600,71,77.1290322580645,28.3548387096774,31,64
8700,71,72.4242424242424,32.3030303030303,33,66
8800,71,72.53125,39.0625,32,62
8900,71,69.625,42.1875,32,64
9000,71,68.0882352941176,48.2941176470588,34,66
9100,71,65.0588235294118,53.3823529411765,34,64
9200,71,63.3529411764706,57.0294117647059,34,64
9300,71,58.2333333333333,59.5,30,64
9400,71,53.1764705882353,60,34,66
9500,71,49,58.21875,32,62
9600,71,43.6176470588235,56.0294117647059,34,64
9700,71,37.9354838709677,55.2258064516129,31,64
9800,71,33.28125,60.875,32,64
9900,71,32.6060606060606,67.030303030303,33,64
10000,71,37.258064516129,67.7096774193548,31,64
0,72,50.3333333333333,50.6666666666667,3,18
100,72,52.9705882352941,49.7058823529412,34,64
200,72,55.8333333333333,44.7666666666667,30,64
300,72,53.46875,39.9375,32,62
400,72,57.6764705882353,39.9411764705882,34,64
500,72,62.5757575757576,40.030303030303,33,64
600,72,67.90625,43.21875,32,64
700,72,68.8484848484848,46.7272727272727,33,62
800,72,69.6666666666667,52.7272727272727,33,66
900,72,65.75,57.46875,32,62
1000,72,61.4545454545455,62.0909090909091,33,62
1100,72,57.258064516129,64.258064516129,31,62
1200,72,52.6764705882353,66.9117647058823,34,66
1300,72,47.6451612903226,66.0322580645161,31,64
1400,72,50.7058823529412,60.4411764705882,34,64
1500,72,52.53125,56.21875,32,62
1600,72,47.9705882352941,56.1470588235294,34,64
1700,72,45.2424242424242,56.4242424242424,33,66
1800,72,41.5,52.5,34,64
1900,72,35.75,48.34375,32,64
2000,72,34.4666666666667,44.6333333333333,30,62
2100,72,33.8387096774194,41.3225806451613,31,64
2200,72,28,43.5483870967742,31,62
2300,72,26.21875,38.71875,32,62
2400,72,26.5588235294118,33.0882352941177,34,64
2500,72,29.9411764705882,33.8529411764706,34,64
2600,72,35.5,34.5,34,64
2700,72,38.4838709677419,30.6774193548387,31,62
2800,72,39,25.5625,32,62
2900,72,40.3235294117647,20.9411764705882,34,64
3000,72,43.2285714285714,15.2,35,66
3100,72,46.6060606060606,9.24242424242424,33,64
3200,72,45.28125,3.5,32,62
3300,72,47.1,0.166666666666667,30,62
3400,72,52.1515151515152,2.03030303030303,33,66
3500,72,53.0882352941177,8.97058823529412,34,66
3600,72,52.969696969697,14.1212121212121,33,64
3700,72,55.1212121212121,18.5151515151515,33,66
3800,72,54.1470588235294,24.3235294117647,34,66
3900,72,58.1612903225806,27.1612903225806,31,62
4000,72,63.969696969697,30.0909090909091,33,64
4100,72,64.9090909090909,32.5151515151515,33,62
4200,72,69.7,34.3,30,60
4300,72,72.1714285714286,39.7142857142857,35,64
4400,72,73.5588235294118,44.6470588235294,34,64
4500,72,74.6363636363636,50.3939393939394,33,64
4600,72,72.3529411764706,54.9705882352941,34,64
4700,72,74.9354838709677,60.0645161290323,31,62
4800,72,77.9117647058823,67,34,64
4900,72,83.1818181818182,68.8787878787879,33,66
5000,72,84.9411764705882,65.4705882352941,34,64
5100,72,90.3055555555556,65.8055555555556,36,66
5200,72,97.6764705882353,68.8529411764706,34,66
5300,72,102,65.6764705882353,34,66
5400,72,105.514285714286,57.6,35,64
5500,72,102.694444444444,49.9722222222222,36,64
5600,72,104.575757575758,46.1515151515151,33,64
5700,72,106.8125,40.1875,32,64
5800,72,107.228571428571,34.7428571428571,35,64
5900,72,106.09375,30.34375,32,64
6000,72,105.4375,26.25,32,64
6100,72,104.5,21.09375,32,62
6200,72,101.5625,19.3125,32,62
6300,72,104.617647058824,24.9117647058824,34,66
6400,72,111,21.9032258064516,31,62
6500,72,114.34375,17.625,32,62
6600,72,121.28125,17.46875,32,66
6700,72,123.28125,14.25,32,62
6800,72,126.371428571429,12,35,64
6900,72,133.363636363636,16.6969696969697,33,66
7000,72,134.571428571429,21.1428571428571,35,66
7100,72,133.058823529412,25.5294117647059,34,64
7200,72,130.866666666667,30.3,30,62
7300,72,124.375,31.59375,32,62
7400,72,121.852941176471,25.9411764705882,34,66
7500,72,115.909090909091,26.4545454545455,33,64
7600,72,110,29.7941176470588,34,66
7700,72,109.266666666667,29.1,30,62
7800,72,109.09375,24.25,32,62
7900,72,110,17.9705882352941,34,66
8000,72,108.6,14.2571428571429,35,66
8100,72,108.088235294118,11.9117647058824,34,66
8200,72,109.885714285714,8.82857142857143,35,66
8300,72,109.25,7.375,32,64
8400,72,110.636363636364,1.75757575757576,33,64
8500,72,110.806451612903,-1.12903225806453,31,62
8600,72,115,-5.66666666666669,33,64
8700,72,117.6,-7.3142857142857,35,64
8800,72,121.34375,-4.8125,32,64
8900,72,126.757575757576,-2.96969696969698,33,64
9000,72,131.352941176471,0.588235294117652,34,64
9100,72,135.911764705882,0.67647058823529,34,64
9200,72,139.787878787879,4.21212121212122,33,64
9300,72,144.870967741935,8.70967741935485,31,60
9400,72,148.558823529412,13.2058823529412,34,64
9500,72,149.757575757576,16.7878787878788,33,64
9600,72,151.90625,21.59375,32,62
9700,72,156.5,26.1176470588235,34,64
9800,72,162.071428571429,25.9285714285714,28,62
9900,72,168.441176470588,22.7647058823529,34,66
10000,72,175.09375,22.8125,32,66
0,73,49.6666666666667,50.6666666666667,3,18
100,73,49.40625,56.03125,32,64
200,73,50.53125,59.53125,32,68
300,73,47.9393939393939,63.969696969697,33,64
400,73,43.0909090909091,67.1515151515152,33,64
500,73,38.6666666666667,68.7272727272727,33,66
600,73,33.4193548387097,69.6774193548387,31,62
700,73,29.40625,65.875,32,62
800,73,25.4516129032258,61.7741935483871,31,64
900,73,21.15625,58.125,32,64
1000,73,14.6060606060606,58.2727272727273,33,64
1100,73,8.3030303030303,60.969696969697,33,64
1200,73,3.12121212121212,59.969696969697,33,64
1300,73,-2.73333333333332,59.2666666666667,30,62
1400,73,-6.38235294117646,56.8529411764706,34,64
1500,73,-7.5,49.75,32,66
1600,73,-3.93548387096772,45.3548387096774,31,64
1700,73,-4.21875,48.875,32,62
1800,73,-6,53.3030303030303,33,64
1900,73,-11.625,52.71875,32,64
2000,73,-15.96875,52.4375,32,64
2100,73,-12.6470588235294,56.0882352941177,34,64
2200,73,-10.3333333333333,59.9090909090909,33,64
2300,73,-4.02857142857148,62.3714285714286,35,66
2400,73,-2.1875,64.8125,32,62
2500,73,-3.70967741935485,71.0645161290323,31,64
2600,73,-2.8181818181818,76.4242424242424,33,64
2700,73,0.84375,79.96875,32,66
2800,73,0.5,85.25,32,62
2900,73,-4.94285714285716,85.9428571428571,35,64
3000,73,-9.41176470588236,87.6176470588236,34,66
3100,73,-13.6333333333333,89.7666666666667,30,62
3200,73,-14.84375,93.78125,32,64
3300,73,-20.3870967741935,92.8709677419355,31,62
3400,73,-23.2727272727273,92.2121212121212,33,64
3500,73,-28.0909090909091,94.2424242424242,33,62
3600,73,-31.7058823529412,92.8529411764706,34,64
3700,73,-36.4193548387097,92.0967741935484,31,64
3800,73,-39.4117647058823,89.8529411764706,34,64
3900,73,-44.0909090909091,91,33,66
4000,73,-48.375,94.15625,32,60
4100,73,-48.5,99.21875,32,64
4200,73,-52.125,105.6875,32,64
4300,73,-55.3333333333333,114.272727272727,33,66
4400,73,-51.741935483871,120.741935483871,31,62
4500,73,-49.7931034482759,123.620689655172,29,62
4600,73,-47.8857142857143,127.828571428571,35,66
4700,73,-44.6969696969697,130.242424242424,33,62
4800,73,-39.75,126.71875,32,62
4900,73,-36.4117647058824,125.911764705882,34,64
5000,73,-36.625,122.125,32,64
5100,73,-40.5483870967742,120.225806451613,31,62
5200,73,-46.0666666666667,122.466666666667,30,62
5300,73,-54.0571428571428,127.657142857143,35,64
5400,73,-58.0588235294118,127.764705882353,34,64
5500,73,-61.7941176470588,129.852941176471,34,66
5600,73,-63.46875,136.25,32,68
5700,73,-60.0645161290322,138.451612903226,31,64
5800,73,-54.1875,139.5625,32,62
5900,73,-48.8285714285714,137.028571428571,35,64
6000,73,-45.8064516129032,132.935483870968,31,64
6100,73,-44.4545454545454,129.787878787879,33,64
6200,73,-42.3823529411765,124.764705882353,34,64
6300,73,-36.8484848484849,122.393939393939,33,64
6400,73,-39.4545454545454,126.909090909091,33,62
6500,73,-44.21875,125.65625,32,62
6600,73,-47.21875,117.78125,32,64
6700,73,-50.59375,119.375,32,62
6800,73,-53.5,123.625,32,62
6900,73,-59.5757575757576,120.242424242424,33,62
7000,73,-63.9428571428571,119.657142857143,35,64
7100,73,-71.3030303030303,122.090909090909,33,66
7200,73,-75.375,126.6875,32,64
7300,73,-76.0625,132.09375,32,64
7400,73,-74.46875,137.21875,32,64
7500,73,-71.1875,139.625,32,64
7600,73,-67.09375,141.03125,32,62
7700,73,-61.46875,140.6875,32,64
7800,73,-56.8064516129032,142.451612903226,31,60
7900,73,-57.6129032258064,145.354838709677,31,62
8000,73,-62.0625,142.9375,32,62
8100,73,-65.258064516129,138.387096774194,31,64
8200,73,-62.5757575757576,132.545454545455,33,64
8300,73,-61.1333333333333,127.666666666667,30,64
8400,73,-66.3666666666666,125.5,30,62
8500,73,-68.1818181818182,121.575757575758,33,64
8600,73,-70.8125,117.875,32,62
8700,73,-75.3333333333333,112.818181818182,33,64
8800,73,-80.4242424242424,108.818181818182,33,64
8900,73,-85.3939393939394,106.818181818182,33,64
9000,73,-86.8181818181818,100.787878787879,33,64
9100,73,-91.2058823529412,98.8235294117647,34,66
9200,73,-93,90.8181818181818,33,66
9300,73,-91.4848484848485,87.6060606060606,33,64
9400,73,-82.2666666666667,86.1333333333334,30,62
9500,73,-79.1379310344827,84.5862068965517,29,62
9600,73,-77.96875,79.40625,32,64
9700,73,-80.9354838709677,75.258064516129,31,62
9800,73,-84.78125,69.6875,32,66
9900,73,-88.3939393939394,64.9393939393939,33,66
10000,73,-86.4545454545455,59.5454545454545,33,64
0,74,50,50,1,8
100,74,49.9090909090909,47.8484848484849,33,62
200,74,55.6176470588235,45.6176470588235,34,66
300,74,61.2424242424242,48.3030303030303,33,66
400,74,62.2285714285714,53.5428571428571,35,66
500,74,67.3823529411765,56.6176470588235,34,64
600,74,72.0645161290323,53.3548387096774,31,60
700,74,71.8857142857143,48.0571428571429,35,64
800,74,68.8787878787879,45.030303030303,33,66
900,74,63.5151515151515,45.1212121212121,33,64
1000,74,60.6666666666667,40.1818181818182,33,64
1100,74,61.5151515151515,33.5151515151515,33,64
1200,74,58.5151515151515,26.8181818181818,33,64
1300,74,57.8484848484849,20.969696969697,33,64
1400,74,57.6470588235294,15.4705882352941,34,64
1500,74,61.969696969697,12.4242424242424,33,62
1600,74,70.6666666666667,7.27272727272727,33,64
1700,74,73.4,0.933333333333334,30,64
1800,74,76.9677419354839,-2,31,64
1900,74,79.9393939393939,-5.8181818181818,33,64
2000,74,86.3030303030303,-9.30303030303028,33,64
2100,74,89.625,-13.625,32,62
2200,74,92.9677419354839,-17.7096774193548,31,64
2300,74,93.516129032258,-21.9354838709678,31,64
2400,74,90.4545454545454,-24.6363636363637,33,64
2500,74,86.5806451612903,-29.1612903225806,31,64
2600,74,82.0645161290323,-29.2258064516129,31,62
2700,74,76.3823529411765,-24.3823529411765,34,64
2800,74,76.3235294117647,-18.5588235294118,34,64
2900,74,79.1515151515151,-11.1515151515152,33,62
3000,74,81.4375,-7.34375,32,64
3100,74,79.3636363636364,-3.33333333333331,33,64
3200,74,74.53125,-0.625,32,64
3300,74,68.1515151515151,-2.84848484848484,33,62
3400,74,63.9117647058824,-0.411764705882362,34,64
3500,74,60.28125,-3.78125,32,64
3600,74,55.2352941176471,-7.23529411764706,34,66
3700,74,53,-11.2727272727273,33,64
3800,74,50.375,-15.625,32,66
3900,74,45.6285714285714,-17.4285714285714,35,64
4000,74,44.5151515151515,-21.2121212121212,33,64
4100,74,42.2727272727273,-24.8484848484849,33,62
4200,74,37.59375,-27.65625,32,64
4300,74,30.0666666666667,-32.9333333333333,30,64
4400,74,30.875,-37.15625,32,62
4500,74,33.6875,-41.25,32,64
4600,74,32.0625,-44.90625,32,62
4700,74,26.1333333333333,-43.7333333333333,30,64
4800,74,21.4375,-40.25,32,62
4900,74,16.2121212121212,-36.1515151515151,33,66
5000,74,17,-31.6129032258065,31,60
5100,74,19.625,-26.0625,32,64
5200,74,15.5666666666667,-21.5333333333333,30,62
5300,74,14.9444444444444,-17.8055555555556,36,66
5400,74,19.1470588235294,-19.2352941176471,34,64
5500,74,20.3235294117647,-23.8529411764706,34,64
5600,74,23.6764705882353,-27.1470588235294,34,64
5700,74,17.8823529411765,-28.7647058823529,34,64
5800,74,11.8484848484848,-27.2121212121212,33,66
5900,74,5.80645161290323,-25.6774193548387,31,62
6000,74,3.21875,-21.75,32,64
6100,74,-1.5625,-20.4375,32,62
6200,74,-6.33333333333334,-21,33,64
6300,74,-10.6176470588235,-19.2352941176471,34,64
6400,74,-14.8181818181818,-17.969696969697,33,66
6500,74,-17.5428571428571,-22.6571428571429,35,66
6600,74,-12.969696969697,-24.8181818181818,33,66
6700,74,-6.90322580645162,-18.2580645161291,31,62
6800,74,-2.42424242424242,-15.7272727272727,33,66
6900,74,1.06451612903226,-20.1290322580645,31,64
7000,74,3.0625,-25.40625,32,64
7100,74,9.27272727272728,-26.5454545454546,33,66
7200,74,13.28125,-24.21875,32,64
7300,74,17.7714285714286,-21.9428571428571,35,68
7400,74,17.375,-18.375,32,62
7500,74,13.3235294117647,-16.8235294117647,34,64
7600,74,6.91176470588235,-15.4117647058824,34,66
7700,74,1.35294117647059,-13.8529411764706,34,64
7800,74,-1.73529411764706,-15.2352941176471,34,64
7900,74,-6.5,-17,34,62
8000,74,-10.2571428571429,-17.8857142857143,35,64
8100,74,-14.9411764705882,-22.5588235294118,34,68
8200,74,-14.0645161290323,-26.9354838709677,31,62
8300,74,-8.8125,-28.15625,32,64
8400,74,-8.375,-30.25,32,64
8500,74,-13.1212121212121,-33.030303030303,33,64
8600,74,-13.8529411764706,-36.8823529411765,34,64
8700,74,-19.7272727272727,-39.1818181818182,33,64
8800,74,-26.0588235294118,-40.5588235294118,34,64
8900,74,-26.6176470588235,-37.3235294117647,34,64
9000,74,-31.8484848484849,-33.3030303030303,33,64
9100,74,-35.9393939393939,-27.4545454545454,33,64
9200,74,-39.4705882352941,-21.9411764705882,34,64
9300,74,-34.5333333333333,-20.5333333333333,30,60
9400,74,-31.625,-23.875,32,64
9500,74,-26.1875,-26.15625,32,62
9600,74,-19.96875,-26.375,32,62
9700,74,-16.8529411764706,-21.2941176470588,34,64
9800,74,-11.1764705882353,-18.1764705882353,34,62
9900,74,-12.5,-12.3125,32,64
10000,74,-8.34375000000004,-9.09375,32,62
0,75,50.3333333333333,50.6666666666667,3,18
100,75,49.6451612903226,53.8387096774194,31,64
200,75,46.6363636363636,57.3636363636364,33,68
300,75,42.5428571428571,57.2571428571429,35,64
400,75,36.6764705882353,57.6764705882353,34,64
500,75,33.03125,58.5625,32,64
600,75,32.7575757575758,61.6363636363636,33,64
700,75,30.375,66.125,32,64
800,75,26.09375,66.59375,32,62
900,75,23.0571428571429,62.8857142857143,35,64
1000,75,19.6470588235294,58.1470588235294,34,66
1100,75,14.4545454545455,54.7878787878788,33,62
1200,75,6.42424242424242,56.3333333333333,33,66
1300,75,2.23529411764706,59.235294117647,34,66
1400,75,-1.61290322580643,61.7741935483871,31,62
1500,75,-5.93939393939397,65.0303030303031,33,64
1600,75,-4.84375,68.5625,32,62
1700,75,-2.41176470588236,70.6176470588235,34,64
1800,75,3.17647058823529,74.1764705882353,34,62
1900,75,8.34375,72.71875,32,64
2000,75,10.8,67.0857142857143,35,64
2100,75,13.1176470588235,64.8823529411765,34,66
2200,75,15.03125,60.40625,32,62
2300,75,17.6363636363636,56.6969696969697,33,66
2400,75,20.2058823529412,54,34,64
2500,75,25.7428571428571,49.5714285714286,35,66
2600,75,29,46.1818181818182,33,64
2700,75,35.0588235294118,42.6764705882353,34,64
2800,75,37.59375,46.625,32,62
2900,75,34.7741935483871,54.7741935483871,31,64
3000,75,32.1818181818182,58.030303030303,33,62
3100,75,34.8611111111111,61.7777777777778,36,66
3200,75,39.9285714285714,66.2857142857143,28,62
3300,75,40.5,65.84375,32,66
3400,75,35.71875,68.25,32,62
3500,75,33.1388888888889,72.6111111111111,36,64
3600,75,30.3142857142857,75.8857142857142,35,64
3700,75,32.34375,79.78125,32,62
3800,75,30.2727272727273,83.7272727272727,33,66
3900,75,27.5,87.28125,32,66
4000,75,26.9411764705882,91.9411764705882,34,64
4100,75,26.0857142857143,96.1428571428572,35,64
4200,75,29.741935483871,99.4838709677419,31,62
4300,75,34.90625,99.84375,32,64
4400,75,39.78125,102.21875,32,62
4500,75,42.2903225806452,108.58064516129,31,62
4600,75,45.6857142857143,110.114285714286,35,64
4700,75,50.9375,108.53125,32,64
4800,75,54.9090909090909,106.30303030303,33,62
4900,75,60.0625,107.46875,32,64
5000,75,66.65625,106,32,64
5100,75,68.6176470588235,104.147058823529,34,66
5200,75,73.0909090909091,104.727272727273,33,64
5300,75,76.4242424242424,101.939393939394,33,64
5400,75,81.6666666666667,97.8181818181818,33,64
5500,75,80.7575757575758,91.9090909090909,33,64
5600,75,79.1212121212121,84.6666666666667,33,64
5700,75,78.96875,79.03125,32,66
5800,75,79,74.3939393939394,33,64
5900,75,74.9090909090909,71.3636363636363,33,64
6000,75,67.1290322580645,72.5806451612903,31,64
6100,75,63,75.9,30,62
6200,75,60.1875,80.46875,32,62
6300,75,55.90625,81.25,32,62
6400,75,53.741935483871,79.9032258064516,31,64
6500,75,48.4242424242424,77.1515151515152,33,64
6600,75,47.8387096774194,72.6129032258065,31,64
6700,75,45.6969696969697,68.0909090909091,33,62
6800,75,47.7272727272727,61.6969696969697,33,64
6900,75,52.875,60.40625,32,62
7000,75,57.65625,55.65625,32,62
7100,75,63.125,55.21875,32,62
7200,75,68.65625,53.90625,32,68
7300,75,70,59.7096774193548,31,62
7400,75,72.4838709677419,62.3548387096774,31,60
7500,75,71.6875,69.71875,32,66
7600,75,70.2258064516129,74.0967741935484,31,64
7700,75,67.2857142857143,76.9428571428571,35,64
7800,75,63.1764705882353,77.5588235294118,34,64
7900,75,58.1612903225806,75.1935483870968,31,62
8000,75,52.09375,74.65625,32,64
8100,75,49.5,79.6944444444445,36,66
8200,75,44.78125,83.3125,32,64
8300,75,41.9677419354839,82.516129032258,31,64
8400,75,41.4333333333333,75.6666666666667,30,60
8500,75,43.3870967741935,71.8064516129032,31,62
8600,75,41.9428571428572,65.7142857142857,35,64
8700,75,39.3333333333333,59,33,64
8800,75,36.7058823529412,55.8529411764706,34,64
8900,75,33.264705882353,59.2941176470588,34,64
9000,75,27.7666666666667,59.7333333333333,30,60
9100,75,25.1176470588235,58.0294117647059,34,66
9200,75,24.6111111111111,54.7222222222222,36,66
9300,75,27.7647058823529,57.1470588235294,34,64
9400,75,33.3714285714286,61.2285714285714,35,64
9500,75,38.625,60.0625,32,62
9600,75,39.6969696969697,54.4242424242424,33,64
9700,75,42.5,50.7058823529412,34,62
9800,75,46.5757575757576,42.7878787878788,33,68
9900,75,50.4285714285714,40.6857142857143,35,66
10000,75,55.65625,39.03125,32,64
0,76,49.6666666666667,50.3333333333333,3,18
100,76,48.875,53.59375,32,64
200,76,51.6969696969697,57.9090909090909,33,62
300,76,56.96875,58.40625,32,62
400,76,60.4545454545455,54.9090909090909,33,62
500,76,60.8181818181818,52.2727272727273,33,62
600,76,59.1515151515151,45.1212121212121,33,64
700,76,60.5333333333334,40.6,30,64
800,76,56.8064516129032,40.0967741935484,31,62
900,76,51.4705882352941,36.2058823529412,34,68
1000,76,47.8387096774194,34.6451612903226,31,64
1100,76,45.9411764705882,38.9411764705882,34,66
1200,76,50.3333333333333,41.3939393939394,33,64
1300,76,55.375,39.90625,32,64
1400,76,59.2727272727273,37.4848484848485,33,64
1500,76,62.6896551724138,37.6206896551724,29,60
1600,76,66.1875,33.21875,32,64
1700,76,66.3125,28.65625,32,62
1800,76,69.78125,24.71875,32,62
1900,76,66.1764705882353,21.5882352941176,34,64
2000,76,61.1290322580645,18.6774193548387,31,66
2100,76,58.2285714285714,14.8571428571429,35,66
2200,76,53,12.6764705882353,34,66
2300,76,46.2121212121212,13.1515151515152,33,64
2400,76,41.7,11.2666666666667,30,62
2500,76,35.1612903225806,8.67741935483871,31,64
2600,76,29.9090909090909,5.75757575757576,33,66
2700,76,23.6,4.76666666666667,30,62
2800,76,22.75,-0.28125,32,64
2900,76,26.1818181818182,0.242424242424235,33,64
3000,76,29.7096774193548,1.61290322580645,31,64
3100,76,28.030303030303,3.90909090909091,33,64
3200,76,34.6333333333333,3.7,30,64
3300,76,38.2258064516129,1.03225806451613,31,64
3400,76,42.2285714285714,0.257142857142853,35,64
3500,76,48,4,31,62
3600,76,51.6363636363636,2.93939393939394,33,66
3700,76,55.125,1.28125,32,64
3800,76,58.375,3.75,32,62
3900,76,62.5483870967742,8.29032258064517,31,60
4000,76,65.3823529411765,13.1470588235294,34,66
4100,76,65.5151515151515,18.3939393939394,33,64
4200,76,64.7575757575758,26.2727272727273,33,64
4300,76,68.6363636363636,30.3030303030303,33,66
4400,76,68.9375,35.1875,32,66
4500,76,69.4545454545455,38.2121212121212,33,64
4600,76,67.5454545454546,44.2121212121212,33,64
4700,76,64.5454545454545,50.0606060606061,33,66
4800,76,65.2647058823529,52.2058823529412,34,66
4900,76,61.0625,51.6875,32,66
5000,76,60.4375,48.71875,32,62
5100,76,57.0322580645161,43.4193548387097,31,64
5200,76,53,38.9428571428571,35,64
5300,76,50.4848484848485,35.2727272727273,33,64
5400,76,46.5,37.2941176470588,34,62
5500,76,43.2424242424242,38.2424242424243,33,66
5600,76,41.3870967741936,33.1935483870968,31,64
5700,76,39.3,28.1333333333333,30,60
5800,76,39.5625,23.09375,32,62
5900,76,37.84375,16.65625,32,64
6000,76,37.6666666666667,13.0606060606061,33,62
6100,76,37.0909090909091,8.3030303030303,33,62
6200,76,40.6969696969697,7.75757575757576,33,62
6300,76,45.625,4,32,64
6400,76,48.375,8.09375,32,64
6500,76,51.59375,12.8125,32,64
6600,76,55.9354838709677,8.06451612903226,31,64
6700,76,61.1290322580645,8.70967741935483,31,62
6800,76,64.2941176470588,14.9705882352941,34,66
6900,76,64.4848484848485,20.0909090909091,33,62
7000,76,67.9117647058823,28.3235294117647,34,64
7100,76,71.5625,30.375,32,64
7200,76,75.3666666666667,29.8333333333333,30,62
7300,76,79.1515151515151,24.0909090909091,33,62
7400,76,83.9428571428571,18.6571428571429,35,64
7500,76,85.7575757575758,12.4242424242424,33,64
7600,76,83.030303030303,7.06060606060606,33,64
7700,76,80.25,3.46875,32,64
7800,76,75.71875,-0.34375,32,62
7900,76,70.7714285714286,2.74285714285715,35,64
8000,76,75.6060606060606,5.15151515151516,33,68
8100,76,79.5882352941176,6.5,34,64
8200,76,84.25,9,32,64
8300,76,88.4705882352941,9.64705882352941,34,66
8400,76,95.6363636363636,9.69696969696969,33,66
8500,76,96.3823529411765,14.6764705882353,34,64
8600,76,99.2121212121212,11.2727272727273,33,64
8700,76,104.71875,11.96875,32,62
8800,76,109.766666666667,7.16666666666667,30,62
8900,76,114.909090909091,6.03030303030303,33,66
9000,76,117.272727272727,9.69696969696969,33,66
9100,76,120,11.3235294117647,34,66
9200,76,124.65625,11.96875,32,64
9300,76,128.69696969697,7.84848484848484,33,64
9400,76,125,7.1875,32,62
9500,76,127.060606060606,3.84848484848484,33,64
9600,76,133.193548387097,1.70967741935483,31,62
9700,76,137.848484848485,4.54545454545455,33,64
9800,76,141.333333333333,3.93939393939394,33,64
9900,76,146.914285714286,3.68571428571428,35,64
10000,76,149.15625,6.65625,32,64
0,77,49.6666666666667,50,3,20
100,77,51.3636363636364,50.0606060606061,33,64
200,77,53.9375,54.1875,32,64
300,77,53.8064516129032,52.7096774193548,31,60
400,77,54.0588235294118,49.4705882352941,34,64
500,77,57.1714285714286,45.4571428571429,35,66
600,77,58.6969696969697,39.7878787878788,33,66
700,77,59.0606060606061,34.3333333333333,33,62
800,77,62.9677419354839,33.8387096774194,31,64
900,77,66,28,33,64
1000,77,65.9705882352941,22.2941176470588,34,64
1100,77,63.4666666666667,17.7,30,62
1200,77,61.1764705882353,14.5,34,64
1300,77,58.09375,9.6875,32,64
1400,77,57.741935483871,4.25806451612903,31,62
1500,77,52.15625,6.4375,32,62
1600,77,48.5151515151515,8.84848484848485,33,62
1700,77,44.7878787878788,13.1212121212121,33,64
1800,77,42.030303030303,16.1515151515152,33,64
1900,77,40.4848484848485,22.030303030303,33,64
2000,77,41.6774193548387,25.741935483871,31,62
2100,77,45.0277777777778,27.6944444444445,36,64
2200,77,48.8235294117647,28.5,34,64
2300,77,54.25,31.28125,32,62
2400,77,55.448275862069,35.9655172413793,29,62
2500,77,54.4242424242424,41.9090909090909,33,64
2600,77,50.7714285714286,44.5714285714286,35,64
2700,77,46.7878787878788,43.9090909090909,33,64
2800,77,41.5862068965517,45.9310344827586,29,62
2900,77,36.2727272727273,45,33,64
3000,77,32.1333333333333,47.8666666666667,30,62
3100,77,27.03125,50.03125,32,66
3200,77,24,46.6060606060606,33,64
3300,77,25.8484848484848,43.1515151515152,33,62
3400,77,26.15625,37.09375,32,66
3500,77,29.96875,32.15625,32,66
3600,77,33.1470588235294,27.9705882352941,34,64
3700,77,33.5,23,34,66
3800,77,35.6666666666667,16.5757575757576,33,64
3900,77,39.4545454545455,12,33,64
4000,77,36.0571428571429,8.05714285714286,35,64
4100,77,29.1875,6.84375,32,62
4200,77,26.0294117647059,4.67647058823529,34,64
4300,77,28.3225806451613,1.64516129032258,31,64
4400,77,33.3333333333333,-0.633333333333326,30,62
4500,77,41.0909090909091,-3.78787878787875,33,62
4600,77,46.2727272727273,-1.63636363636364,33,64
4700,77,50.2333333333333,-5.16666666666666,30,62
4800,77,55.0967741935484,-9.16129032258064,31,62
4900,77,58.1290322580645,-8.58064516129032,31,62
5000,77,60.1935483870968,-4.38709677419357,31,66
5100,77,64.8064516129032,-2.29032258064515,31,62
5200,77,69.375,-4.71875,32,62
5300,77,72.3714285714286,-10.9714285714286,35,66
5400,77,72.5454545454545,-16.6666666666667,33,64
5500,77,69.1176470588235,-19.1176470588236,34,64
5600,77,64.6666666666667,-18.1212121212121,33,64
5700,77,59.0625,-21.0625,32,62
5800,77,53.1666666666667,-21.4333333333333,30,60
5900,77,51.1212121212121,-27.7272727272727,33,64
6000,77,53.9090909090909,-32.6363636363636,33,64
6100,77,53.5428571428571,-38.2,35,66
6200,77,54.2666666666667,-44.5666666666667,30,62
6300,77,57.0588235294118,-48.4411764705882,34,64
6400,77,59.9032258064516,-48.6451612903226,31,62
6500,77,65.1944444444445,-47.5833333333333,36,66
6600,77,70.5294117647059,-48.1470588235294,34,64
6700,77,75.4375,-48.25,32,64
6800,77,78.741935483871,-49.258064516129,31,64
6900,77,82.90625,-52.96875,32,64
7000,77,88.2903225806452,-54.0645161290323,31,64
7100,77,85.0625,-57.15625,32,64
7200,77,81.9090909090909,-59.9393939393939,33,64
7300,77,78.1875,-65.34375,32,66
7400,77,74.34375,-68.4375,32,64
7500,77,69.1428571428572,-66,35,66
7600,77,63.8181818181818,-64.7272727272727,33,62
7700,77,60.0588235294118,-61.4411764705882,34,64
7800,77,60.5625,-56.46875,32,66
7900,77,63.4411764705882,-51.7941176470588,34,66
8000,77,68.5806451612903,-56.258064516129,31,62
8100,77,72.1666666666667,-59.2666666666667,30,62
8200,77,75.0294117647059,-61.9705882352941,34,64
8300,77,71.375,-64.84375,32,64
8400,77,67.6470588235294,-68.2941176470588,34,64
8500,77,61.0625,-69.25,32,62
8600,77,53.2068965517241,-69.2413793103448,29,60
8700,77,48.2903225806452,-71.1935483870968,31,62
8800,77,46.4848484848485,-77.6666666666667,33,64
8900,77,40.59375,-77.84375,32,66
9000,77,36.3333333333333,-72.4545454545455,33,64
9100,77,32.5757575757576,-72.7272727272727,33,66
9200,77,30.6470588235294,-75.3235294117647,34,64
9300,77,35.28125,-74.8125,32,64
9400,77,40.8285714285714,-69.7714285714286,35,66
9500,77,41.4848484848485,-64.3636363636364,33,66
9600,77,37.4838709677419,-63.9677419354839,31,66
9700,77,31.6969696969697,-62.4545454545455,33,64
9800,77,28.0625,-62.375,32,62
9900,77,25,-58.875,32,66
10000,77,23.9666666666667,-56.4333333333333,30,62
0,78,50.5,50.5,2,14
100,78,52.84375,49.5625,32,62
200,78,58.2424242424242,48.3333333333333,33,62
300,78,61.8529411764706,46.8823529411765,34,64
400,78,67.1212121212121,48.8484848484849,33,66
500,78,71.5483870967742,50.4193548387097,31,60
600,78,75.4117647058823,53.7058823529412,34,66
700,78,71.8235294117647,59.3529411764706,34,66
800,78,67.1428571428572,64.6285714285714,35,66
900,78,65.9393939393939,67.8484848484848,33,64
1000,78,71.5454545454546,68.030303030303,33,64
1100,78,71.1818181818182,64.6666666666667,33,64
1200,78,65.9411764705882,62.0882352941176,34,66
1300,78,61,61.741935483871,31,62
1400,78,55.3870967741936,63.258064516129,31,62
1500,78,49.8181818181818,62.6363636363636,33,64
1600,78,47.1818181818182,66.060606060606,33,66
1700,78,43.7058823529412,66.5,34,62
1800,78,39.741935483871,64.4516129032258,31,62
1900,78,39.28125,60.1875,32,62
2000,78,34.15625,56.0625,32,64
2100,78,31.8181818181818,52.030303030303,33,62
2200,78,36.96875,53.875,32,64
2300,78,45,58.71875,32,62
2400,78,47.65625,57.78125,32,62
2500,78,50.9032258064516,54.9677419354839,31,62
2600,78,57.939393939394,58.030303030303,33,64
2700,78,60.4848484848485,60.3636363636364,33,64
2800,78,64.5483870967742,60.0967741935484,31,60
2900,78,66.6470588235294,65.1470588235294,34,64
3000,78,66.6363636363636,70.7272727272727,33,62
3100,78,65.5882352941176,77,34,64
3200,78,63.5625,82.9375,32,64
3300,78,63.5172413793104,86.5517241379311,29,62
3400,78,60.90625,88.40625,32,62
3500,78,64.4516129032258,89.1935483870968,31,64
3600,78,69.5428571428572,92.9142857142857,35,64
3700,78,69.8787878787879,98.1515151515152,33,64
3800,78,68.2258064516129,101.193548387097,31,62
3900,78,61.0606060606061,99.7272727272727,33,64
4000,78,56.2571428571429,102.285714285714,35,66
4100,78,54.4848484848485,107.090909090909,33,62
4200,78,54.6451612903226,112.41935483871,31,66
4300,78,58.4117647058823,113,34,66
4400,78,57.4848484848485,109.363636363636,33,66
4500,78,56.4838709677419,103.870967741935,31,64
4600,78,61.53125,102.78125,32,64
4700,78,67.71875,101.90625,32,64
4800,78,70.6060606060606,100.181818181818,33,64
4900,78,69.6764705882353,93.0000000000001,34,64
5000,78,67.2121212121212,88.5757575757576,33,66
5100,78,70.6666666666667,81.4242424242424,33,64
5200,78,74.6875,79.6875,32,64
5300,78,79.6774193548387,79.258064516129,31,62
5400,78,84.5151515151515,76.0909090909091,33,62
5500,78,89.6470588235294,78.6470588235294,34,66
5600,78,90.90625,82.96875,32,64
5700,78,87.6,85.2666666666667,30,62
5800,78,84.6060606060606,88.0909090909091,33,64
5900,78,77.6060606060606,87.8484848484848,33,68
6000,78,72.1176470588235,86.3529411764706,34,64
6100,78,68.1764705882353,90.7058823529412,34,64
6200,78,61.7352941176471,87.0294117647059,34,66
6300,78,62.1212121212121,83.9090909090909,33,66
6400,78,65.4375,83.625,32,64
6500,78,68.7941176470588,84.2352941176471,34,64
6600,78,73.1818181818182,82.6666666666667,33,64
6700,78,78.1515151515151,80.6363636363636,33,66
6800,78,84.2903225806452,82.1935483870968,31,60
6900,78,89.2424242424242,83.2121212121212,33,64
7000,78,91,80.3870967741936,31,62
7100,78,93.6875,77.125,32,64
7200,78,99.34375,74.03125,32,62
7300,78,102.333333333333,69.7272727272727,33,64
7400,78,103.25,64.4375,32,66
7500,78,106.090909090909,58.1818181818182,33,66
7600,78,110.25,55.75,32,64
7700,78,110.823529411765,52.1176470588235,34,66
7800,78,106.322580645161,51.6451612903226,31,62
7900,78,101.714285714286,54.6,35,64
8000,78,96.25,57.78125,32,64
8100,78,91.34375,62.4375,32,62
8200,78,88.8125,67.03125,32,64
8300,78,88.0322580645161,71.1935483870968,31,62
8400,78,91.9696969696969,73.8484848484848,33,66
8500,78,96.25,74.0625,32,62
8600,78,101.969696969697,70.7272727272727,33,66
8700,78,104.225806451613,66.1935483870968,31,62
8800,78,109.258064516129,64.7741935483871,31,62
8900,78,109.848484848485,60.8181818181818,33,66
9000,78,113.757575757576,57.3333333333333,33,66
9100,78,115.838709677419,52.9354838709677,31,64
9200,78,111.21875,50.78125,32,62
9300,78,111.393939393939,48.4242424242424,33,64
9400,78,108.233333333333,47.0666666666667,30,62
9500,78,107.171428571429,50.7714285714285,35,66
9600,78,108.625,53.90625,32,62
9700,78,106.454545454545,57.3939393939394,33,64
9800,78,103.8125,54.5,32,64
9900,78,99.9428571428572,56,35,64
10000,78,96.1142857142857,57.5142857142857,35,66
0,79,50.5,49.3333333333333,6,30
100,79,52.741935483871,53.3548387096774,31,62
200,79,57.1818181818182,55.0909090909091,33,66
300,79,61.1875,50.5,32,62
400,79,67.5428571428572,47.2,35,64
500,79,69.1333333333334,51.1,30,62
600,79,65.3870967741936,51.1935483870968,31,64
700,79,61.7741935483871,47.5806451612903,31,62
800,79,55.6666666666667,44.6969696969697,33,66
900,79,51.8787878787879,46.969696969697,33,64
1000,79,47.9375,52.15625,32,64
1100,79,48.90625,56.90625,32,66
1200,79,48.8484848484849,60,33,64
1300,79,46.1470588235294,62.8823529411765,34,64
1400,79,43.0588235294118,68.5588235294118,34,64
1500,79,45.6,74,35,64
1600,79,44.7142857142857,81.6,35,64
1700,79,43.3030303030303,85.5454545454545,33,64
1800,79,46.8823529411765,88.5294117647059,34,66
1900,79,50.1290322580645,90.6129032258064,31,62
2000,79,51.0571428571429,96.7714285714286,35,66
2100,79,48.5757575757576,100.30303030303,33,66
2200,79,50.9375,103.4375,32,62
2300,79,57.0277777777778,105.305555555556,36,64
2400,79,57.6571428571429,100.828571428571,35,66
2500,79,52.3823529411765,98.3823529411764,34,64
2600,79,50.030303030303,97.2424242424242,33,64
2700,79,49.8484848484849,92.3333333333333,33,64
2800,79,51.8484848484849,87.4242424242424,33,64
2900,79,57.34375,84.5625,32,62
3000,79,63,84.7352941176471,34,62
3100,79,66,77.1818181818182,33,64
3200,79,67.6666666666667,70.8787878787879,33,64
3300,79,70.4848484848485,63.8484848484849,33,62
3400,79,73.8787878787879,61.2727272727273,33,64
3500,79,78.6,56.7666666666667,30,62
3600,79,82.4666666666667,54.1,30,62
3700,79,88.0909090909091,53.8484848484849,33,64
3800,79,93.65625,50.6875,32,64
3900,79,97.8387096774194,47.7741935483871,31,64
4000,79,103.096774193548,44.0967741935484,31,64
4100,79,107.09375,41.65625,32,62
4200,79,112.823529411765,39.1764705882353,34,62
4300,79,116.363636363636,37.969696969697,33,64
4400,79,115.060606060606,33.7575757575758,33,64
4500,79,120.617647058824,31.4411764705882,34,66
4600,79,125.242424242424,33.5757575757576,33,62
4700,79,130.545454545455,36.8181818181818,33,64
4800,79,130.484848484848,39.6060606060606,33,62
4900,79,123.290322580645,40.516129032258,31,64
5000,79,120.848484848485,36.7272727272727,33,62
5100,79,122.903225806452,30.8064516129032,31,62
5200,79,125.787878787879,26.2727272727273,33,64
5300,79,130.969696969697,27.5757575757576,33,62
5400,79,132.75,32.375,32,62
5500,79,135.96875,36.59375,32,64
5600,79,131.25,37.875,32,64
5700,79,127.363636363636,41.2727272727273,33,62
5800,79,131.323529411765,45.5588235294118,34,66
5900,79,133.30303030303,47.7272727272727,33,64
6000,79,137.606060606061,48.3333333333333,33,64
6100,79,142.205882352941,49.8235294117647,34,66
6200,79,149.193548387097,52.5806451612903,31,66
6300,79,155.69696969697,49.9090909090909,33,62
6400,79,162.69696969697,46.7575757575758,33,62
6500,79,167.757575757576,46.6969696969697,33,62
6600,79,167.545454545455,40.0606060606061,33,64
6700,79,164.129032258065,37.6774193548387,31,62
6800,79,157.676470588235,31.7941176470588,34,66
6900,79,155.382352941176,28.6176470588235,34,64
7000,79,157.8125,25.25,32,62
7100,79,156.085714285714,17.4857142857143,35,66
7200,79,154.705882352941,11.4411764705882,34,66
7300,79,157.676470588235,15,34,64
7400,79,162.233333333333,18.5333333333333,30,60
7500,79,167.212121212121,15.6363636363636,33,66
7600,79,169.424242424242,11.4242424242424,33,62
7700,79,168,7.67647058823529,34,66
7800,79,168.441176470588,1.17647058823529,34,64
7900,79,171.548387096774,-1.80645161290323,31,64
8000,79,174.515151515152,-5.90909090909088,33,62
8100,79,177.970588235294,-9.26470588235293,34,66
8200,79,181.424242424242,-13.7272727272727,33,64
8300,79,185.275862068966,-16.2068965517241,29,64
8400,79,184.4375,-19.71875,32,64
8500,79,182.083333333333,-24.4444444444445,36,66
8600,79,183.30303030303,-31.0909090909091,33,62
8700,79,183.533333333333,-38.1333333333333,30,62
8800,79,179.30303030303,-40.0909090909091,33,62
8900,79,174.515151515152,-42.1515151515152,33,62
9000,79,171.235294117647,-46.5882352941177,34,66
9100,79,175.625,-49.21875,32,64
9200,79,177.6875,-51.5,32,64
9300,79,184.5,-50.3,30,64
9400,79,189.470588235294,-50.7647058823529,34,64
9500,79,195,-52.5483870967742,31,62
9600,79,195.060606060606,-47.4848484848485,33,66
9700,79,190.258064516129,-50.258064516129,31,62
9800,79,183.5,-55.1764705882353,34,64
9900,79,178,-56.7272727272727,33,66
10000,79,173.181818181818,-56.030303030303,33,64
0,80,50,50,1,8
100,80,49.0571428571429,48.8,35,66
200,80,44.5625,50.40625,32,62
300,80,43.21875,55.28125,32,62
400,80,47.3888888888889,61.1388888888889,36,64
500,80,52.7575757575758,62.6363636363636,33,64
600,80,58.78125,59.46875,32,66
700,80,61.21875,65.09375,32,64
800,80,60.1818181818182,72.9090909090909,33,64
900,80,57.71875,78.90625,32,64
1000,80,55.8235294117647,83.1764705882353,34,62
1100,80,55.8235294117647,86.2941176470588,34,68
1200,80,53.3125,89.90625,32,64
1300,80,56.3235294117647,93.1176470588235,34,66
1400,80,62.2903225806452,96.0967741935484,31,62
1500,80,62.0909090909091,90.3333333333333,33,64
1600,80,63.1764705882353,86.8235294117647,34,62
1700,80,57.9117647058824,89.3235294117647,34,66
1800,80,54.59375,94.46875,32,64
1900,80,54.6451612903226,98.9677419354839,31,64
2000,80,57.34375,102.21875,32,62
2100,80,61.8787878787879,103.69696969697,33,66
2200,80,65.59375,100.125,32,62
2300,80,72.7058823529412,94.9117647058824,34,66
2400,80,75.8125,92.75,32,62
2500,80,74.40625,87.5625,32,62
2600,80,79.09375,89.0625,32,64
2700,80,81.516129032258,94.9032258064516,31,62
2800,80,85.28125,95.59375,32,62
2900,80,83.8571428571429,92.4857142857143,35,66
3000,80,83.15625,89.6875,32,64
3100,80,78.9,89,30,62
3200,80,75.3235294117647,91.8529411764706,34,64
3300,80,73.46875,97.34375,32,62
3400,80,69.7741935483871,98.3548387096774,31,64
3500,80,64.3333333333333,100.5,30,62
3600,80,59.5161290322581,104.387096774194,31,62
3700,80,55.90625,105.15625,32,64
3800,80,52.6451612903226,108.064516129032,31,60
3900,80,49.3235294117647,112.382352941176,34,64
4000,80,48.4117647058824,117.823529411765,34,64
4100,80,42,115.823529411765,34,66
4200,80,36.1142857142857,116,35,66
4300,80,31.7741935483871,114.58064516129,31,62
4400,80,30.6451612903226,108.774193548387,31,62
4500,80,35.4838709677419,106.451612903226,31,64
4600,80,36.8529411764706,101.323529411765,34,64
4700,80,36.3823529411765,98.3235294117647,34,64
4800,80,35.6451612903226,91.1935483870968,31,62
4900,80,36.9677419354839,84.8709677419355,31,62
5000,80,41.4333333333333,82,30,62
5100,80,39.90625,76.03125,32,62
5200,80,36.4571428571429,76.2,35,64
5300,80,34.4242424242424,79.030303030303,33,62
5400,80,30.7428571428571,75.1142857142858,35,64
5500,80,25.7714285714286,71.3142857142857,35,66
5600,80,24.5757575757576,66.5757575757576,33,64
5700,80,20.4193548387097,63.3548387096774,31,64
5800,80,17.2647058823529,64.7941176470588,34,64
5900,80,16.030303030303,68.5151515151515,33,64
6000,80,20.34375,69,32,64
6100,80,25.6875,68.875,32,64
6200,80,29.6774193548387,74,31,62
6300,80,31.625,78.125,32,64
6400,80,37.0588235294118,81.4705882352941,34,64
6500,80,39.78125,85.71875,32,64
6600,80,36.6451612903226,87.7096774193548,31,64
6700,80,31.3529411764706,85.1764705882353,34,64
6800,80,26.8823529411765,81.3529411764706,34,64
6900,80,22.2258064516129,75.5483870967742,31,66
7000,80,19.7272727272727,74.1818181818182,33,64
7100,80,13.5151515151515,72.6060606060606,33,62
7200,80,8.5625,69.75,32,64
7300,80,1.13333333333333,73.1,30,62
7400,80,-4.54545454545456,74.8787878787878,33,64
7500,80,-11.4285714285714,75.4571428571428,35,64
7600,80,-14.2424242424242,76.4242424242424,33,62
7700,80,-18.5142857142857,79.1142857142857,35,64
7800,80,-19.5,83.4375,32,64
7900,80,-19.5,87.53125,32,64
8000,80,-21.625,94.4375,32,64
8100,80,-26.4545454545455,99.0909090909091,33,62
8200,80,-30.25,100.71875,32,62
8300,80,-30.0909090909091,103.484848484848,33,64
8400,80,-26.71875,104.65625,32,64
8500,80,-21.2647058823529,104.352941176471,34,64
8600,80,-22.53125,99.5625,32,64
8700,80,-23.7428571428571,94.8285714285714,35,68
8800,80,-26.09375,89.59375,32,62
8900,80,-27.4545454545455,82.7272727272727,33,64
9000,80,-29.7575757575758,83.1818181818182,33,64
9100,80,-27.6969696969697,87.4848484848484,33,64
9200,80,-29.7878787878788,91.4848484848485,33,64
9300,80,-35.71875,90.5625,32,64
9400,80,-37.2941176470588,84.7647058823529,34,68
9500,80,-37.3333333333333,81.7575757575758,33,64
9600,80,-37.8181818181818,78.8181818181818,33,66
9700,80,-39.6875,75.25,32,64
9800,80,-40.7714285714286,70.9428571428572,35,66
9900,80,-43.6060606060606,67.7575757575758,33,66
10000,80,-43.7941176470588,72.6470588235294,34,66
0,81,50,50,1,8
100,81,49.7352941176471,48,34,66
200,81,53.125,50.25,32,64
300,81,48.4242424242424,54.9393939393939,33,64
400,81,46.03125,58.53125,32,64
500,81,38.96875,57.75,32,64
600,81,36.28125,61.03125,32,62
700,81,36.1290322580645,67.0322580645161,31,62
800,81,32.6363636363636,70.4848484848485,33,64
900,81,28.46875,70.78125,32,64
1000,81,23.96875,74,32,64
1100,81,18.8484848484848,75.7878787878788,33,66
1200,81,19.1290322580645,79.6129032258065,31,62
1300,81,20.8823529411765,84.4117647058824,34,64
1400,81,18.4375,89.3125,32,64
1500,81,13.8571428571429,94.4857142857143,35,66
1600,81,13.34375,101.25,32,64
1700,81,11,102.1875,32,62
1800,81,8.51612903225806,108.709677419355,31,64
1900,81,12.7272727272727,113.69696969697,33,64
2000,81,11.28125,118.1875,32,62
2100,81,13.6666666666667,123.266666666667,30,62
2200,81,10.65625,125.15625,32,64
2300,81,7.3125,120.5625,32,62
2400,81,2.39393939393939,120.151515151515,33,66
2500,81,1.38235294117647,123.352941176471,34,66
2600,81,1.34285714285714,126.228571428571,35,64
2700,81,0.15625,131.9375,32,62
2800,81,-0.9375,137.3125,32,64
2900,81,-0.5,142.90625,32,62
3000,81,-2.42424242424242,149.333333333333,33,62
3100,81,-4.94117647058825,153.852941176471,34,66
3200,81,-5.78787878787878,161.121212121212,33,64
3300,81,-4.63636363636364,167.636363636364,33,64
3400,81,-1.32352941176472,169.852941176471,34,64
3500,81,-0.916666666666686,175.111111111111,36,68
3600,81,0.151515151515156,179.484848484848,33,62
3700,81,0.225806451612897,183.354838709677,31,64
3800,81,4.51515151515152,187.606060606061,33,62
3900,81,10.2121212121212,193.818181818182,33,64
4000,81,6.73529411764706,196,34,62
4100,81,2.77142857142857,196.371428571429,35,64
4200,81,2.08823529411765,202.617647058824,34,64
4300,81,4.63636363636364,206.727272727273,33,64
4400,81,2,215.060606060606,33,66
4500,81,3.03125,218.84375,32,64
4600,81,4.29032258064517,224.129032258065,31,60
4700,81,2.81818181818181,230.393939393939,33,64
4800,81,-4.25,232.75,32,64
4900,81,-6.37500000000004,237.3125,32,62
5000,81,-4.45454545454544,242.787878787879,33,62
5100,81,-3.74193548387096,248.677419354839,31,62
5200,81,-3.75757575757576,253.212121212121,33,64
5300,81,-3.8181818181818,258.484848484848,33,66
5400,81,-6.24999999999996,262.75,32,66
5500,81,-10.3529411764706,263.911764705882,34,64
5600,81,-11.1714285714286,259.914285714286,35,66
5700,81,-15.1333333333333,255.966666666667,30,64
5800,81,-16.4,250.171428571429,35,66
5900,81,-20.6451612903226,248.516129032258,31,62
6000,81,-26.5454545454545,249.363636363636,33,64
6100,81,-28.6,254.166666666667,30,64
6200,81,-28.75,257.96875,32,62
6300,81,-32.1470588235294,260.529411764706,34,64
6400,81,-35.2121212121212,257.393939393939,33,64
6500,81,-32.1875,253,32,64
6600,81,-30.0606060606061,256.424242424242,33,62
6700,81,-35.40625,260.34375,32,62
6800,81,-37.2647058823529,258.735294117647,34,64
6900,81,-35.3529411764706,252.382352941176,34,66
7000,81,-40.1875,248.46875,32,64
7100,81,-45.9375,247.1875,32,64
7200,81,-51.78125,246.34375,32,62
7300,81,-53.0645161290323,241.870967741935,31,66
7400,81,-57.0882352941176,242.352941176471,34,64
7500,81,-60.6470588235294,242.911764705882,34,64
7600,81,-65.03125,242.28125,32,62
7700,81,-69.34375,243.84375,32,62
7800,81,-75.5294117647059,248.058823529412,34,64
7900,81,-82.2903225806452,251.064516129032,31,62
8000,81,-85.6129032258064,256.193548387097,31,64
8100,81,-84.8181818181818,264.060606060606,33,64
8200,81,-86.09375,269.40625,32,64
8300,81,-89.1724137931034,273.206896551724,29,64
8400,81,-92.5757575757576,276.242424242424,33,62
8500,81,-92.8064516129032,280.903225806452,31,62
8600,81,-89.4375,286.59375,32,64
8700,81,-86.3636363636364,287.727272727273,33,62
8800,81,-80.625,289.5,32,64
8900,81,-75.6176470588235,285.323529411765,34,64
9000,81,-72.1515151515152,285.818181818182,33,64
9100,81,-67.9393939393939,286.090909090909,33,64
9200,81,-65.03125,280.28125,32,64
9300,81,-66.8387096774194,276.806451612903,31,62
9400,81,-68.25,280.125,32,64
9500,81,-66.7647058823529,283.323529411765,34,64
9600,81,-69.7878787878788,287.575757575758,33,66
9700,81,-71.1333333333333,290.333333333333,30,62
9800,81,-76.78125,287.0625,32,64
9900,81,-81.2727272727273,290.272727272727,33,64
10000,81,-86.1935483870968,289.935483870968,31,62
0,82,50.5,50.5,2,14
100,82,51.8181818181818,54.2121212121212,33,64
200,82,50.3225806451613,55.5161290322581,31,62
300,82,48.8823529411765,52.2352941176471,34,66
400,82,47.2058823529412,50.9117647058823,34,64
500,82,46.4242424242424,54.4242424242424,33,64
600,82,46.3125,62.125,32,64
700,82,44.375,67.0625,32,62
800,82,45.5625,69.59375,32,64
900,82,43.945945945946,75.1351351351351,37,66
1000,82,42.0294117647059,76.7058823529412,34,64
1100,82,37.9354838709678,72.8064516129032,31,62
1200,82,32.5161290322581,72.3225806451613,31,62
1300,82,29.5666666666667,75,30,62
1400,82,23.3939393939394,79.2727272727273,33,64
1500,82,17.1944444444444,85.0555555555555,36,66
1600,82,17.4411764705882,89.4117647058823,34,64
1700,82,21.4,92.2333333333333,30,62
1800,82,20.7941176470588,97.264705882353,34,66
1900,82,16.3333333333333,100.181818181818,33,64
2000,82,10.9090909090909,99.0303030303031,33,64
2100,82,5.73529411764706,98.6176470588236,34,66
2200,82,5.03030303030303,102.636363636364,33,64
2300,82,8.90322580645161,100.41935483871,31,62
2400,82,11.5757575757576,95.5151515151515,33,64
2500,82,10.71875,91.9375,32,64
2600,82,14.0645161290323,88.5483870967742,31,62
2700,82,17.9117647058824,91.5588235294118,34,64
2800,82,22.8823529411765,93.8529411764706,34,64
2900,82,24.34375,96.8125,32,64
3000,82,25.9354838709677,100.967741935484,31,64
3100,82,25.9375,97.1875,32,64
3200,82,23.0333333333333,92.6666666666666,30,64
3300,82,17.75,90.9375,32,64
3400,82,15.28125,91.4687499999999,32,66
3500,82,16.71875,93.75,32,62
3600,82,17.258064516129,101.483870967742,31,62
3700,82,20.2758620689655,106.413793103448,29,64
3800,82,20.2941176470588,111.323529411765,34,64
3900,82,20.3939393939394,116.818181818182,33,64
4000,82,23.7352941176471,119.852941176471,34,64
4100,82,28.3714285714286,120.571428571429,35,66
4200,82,34.59375,120.59375,32,64
4300,82,40.7575757575758,121.454545454545,33,66
4400,82,44.2258064516129,116.677419354839,31,64
4500,82,44.7741935483871,111.935483870968,31,64
4600,82,47.7352941176471,107.205882352941,34,64
4700,82,51.65625,104.09375,32,62
4800,82,55,102.451612903226,31,62
4900,82,58.5,104.823529411765,34,68
5000,82,60.3235294117647,107.588235294118,34,66
5100,82,58.2121212121212,111.848484848485,33,64
5200,82,54.0277777777778,116.916666666667,36,64
5300,82,48.4545454545455,117.969696969697,33,66
5400,82,42.6363636363636,114.424242424242,33,64
5500,82,37.9090909090909,113.545454545455,33,62
5600,82,33.8709677419355,109.58064516129,31,64
5700,82,27.8529411764706,105.352941176471,34,64
5800,82,24.1764705882353,110.147058823529,34,66
5900,82,26.6875,113.96875,32,64
6000,82,24.7272727272727,117.878787878788,33,64
6100,82,24.2121212121212,120.606060606061,33,64
6200,82,23.1612903225806,123.806451612903,31,62
6300,82,19,126.5,30,62
6400,82,13.21875,126.90625,32,64
6500,82,11.2727272727273,131.727272727273,33,64
6600,82,12.0294117647059,137.676470588235,34,64
6700,82,10.7142857142857,140.828571428571,35,66
6800,82,12.21875,143,32,64
6900,82,9.80645161290323,144.096774193548,31,62
7000,82,6.6969696969697,141.333333333333,33,64
7100,82,4.34285714285714,136.285714285714,35,66
7200,82,0.764705882352942,134.470588235294,34,66
7300,82,-1.12121212121212,136.636363636364,33,64
7400,82,3.84848484848484,138.909090909091,33,62
7500,82,7.23529411764706,135.941176470588,34,64
7600,82,5.55882352941177,132.352941176471,34,64
7700,82,4.3125,127.40625,32,62
7800,82,8.87096774193549,127.451612903226,31,66
7900,82,13.1515151515152,127.151515151515,33,66
8000,82,17.8857142857143,126.742857142857,35,64
8100,82,23.1428571428571,125,35,66
8200,82,26.2258064516129,120,31,62
8300,82,28.7741935483871,121.354838709677,31,64
8400,82,29.1875,126.28125,32,62
8500,82,28.1612903225806,132.225806451613,31,64
8600,82,27.0645161290323,137.451612903226,31,64
8700,82,26,142.727272727273,33,66
8800,82,25.5757575757576,147.575757575758,33,62
8900,82,26.2941176470588,151.970588235294,34,66
9000,82,28.6,156.1,30,62
9100,82,32.2121212121212,156.090909090909,33,62
9200,82,31.78125,152.84375,32,64
9300,82,30.46875,148.125,32,64
9400,82,29.0588235294118,144,34,66
9500,82,31.7741935483871,141.838709677419,31,62
9600,82,28.5757575757576,138.333333333333,33,62
9700,82,24.3548387096774,134.258064516129,31,64
9800,82,20.3333333333333,129.242424242424,33,62
9900,82,16.8125,123.875,32,64
10000,82,19.5294117647059,117.794117647059,34,66
0,83,50.5,50,2,14
100,83,46.1470588235294,48.7352941176471,34,66
200,83,48.1142857142857,46.4857142857143,35,68
300,83,50.7428571428572,46.1142857142857,35,64
400,83,54.6129032258064,52.258064516129,31,64
500,83,54.0909090909091,59.9090909090909,33,64
600,83,58.2903225806452,64.741935483871,31,62
700,83,61.125,70.125,32,64
800,83,62.8787878787879,66.0909090909091,33,64
900,83,64.4333333333333,61.6333333333333,30,64
1000,83,69.030303030303,59.1818181818182,33,62
1100,83,67.8235294117647,55.1764705882353,34,62
1200,83,71.7272727272727,53.1818181818182,33,64
1300,83,74.3030303030303,49.7575757575758,33,62
1400,83,77.0666666666667,47.1333333333333,30,60
1500,83,81.9375,44.09375,32,62
1600,83,83.1818181818182,39.030303030303,33,62
1700,83,78.1818181818182,39.3939393939394,33,64
1800,83,72.9117647058823,40.0294117647059,34,64
1900,83,64.90625,38.1875,32,64
2000,83,59.1935483870968,36.8709677419355,31,64
2100,83,57.0588235294118,40.3235294117647,34,64
2200,83,62.1935483870968,40.7741935483871,31,62
2300,83,66.5161290322581,42.0645161290323,31,64
2400,83,70.1764705882353,45.5294117647059,34,66
2500,83,72.34375,46.65625,32,62
2600,83,74.741935483871,49.4193548387097,31,62
2700,83,75.0645161290323,49.5483870967742,31,62
2800,83,72.28125,53.90625,32,62
2900,83,68.96875,55.53125,32,62
3000,83,65.1515151515152,59.8484848484849,33,62
3100,83,58.6774193548387,59.1612903225806,31,64
3200,83,54.6875,57.6875,32,64
3300,83,49.3636363636364,57.3030303030303,33,64
3400,83,50.2258064516129,60.1935483870968,31,64
3500,83,51.5882352941177,62.8235294117647,34,64
3600,83,59.3529411764706,64.3235294117647,34,64
3700,83,64.9032258064516,62.5806451612903,31,62
3800,83,68.2121212121212,57.7878787878788,33,66
3900,83,73.7352941176471,54.3823529411765,34,68
4000,83,78.6,49.7333333333333,30,62
4100,83,78.2285714285714,46,35,64
4200,83,72.764705882353,46.9705882352941,34,66
4300,83,67.25,45.96875,32,62
4400,83,64.1764705882353,43.7647058823529,34,64
4500,83,59.4545454545455,43.3030303030303,33,64
4600,83,56.4333333333333,39.2,30,62
4700,83,51.1081081081081,37.4864864864865,37,68
4800,83,46.1290322580645,38.3548387096774,31,62
4900,83,39.1764705882353,35.9411764705882,34,64
5000,83,41,40.6764705882353,34,64
5100,83,45.8709677419355,41.1935483870968,31,62
5200,83,51.6666666666667,40.8181818181818,33,64
5300,83,50.0294117647059,37.5,34,66
5400,83,47.5454545454545,31.6363636363636,33,64
5500,83,47.2,26.6333333333333,30,62
5600,83,46.3666666666667,21.7666666666667,30,62
5700,83,42,20.9032258064516,31,64
5800,83,40.90625,24.6875,32,62
5900,83,41.65625,31.21875,32,62
6000,83,41.4193548387097,34.1290322580645,31,62
6100,83,43.4666666666667,38.3,30,62
6200,83,46.5,31.4117647058824,34,64
6300,83,45.3103448275862,26.551724137931,29,64
6400,83,38.8823529411765,25.6176470588235,34,66
6500,83,33.1764705882353,27.2352941176471,34,64
6600,83,26.0294117647059,25.2647058823529,34,66
6700,83,25.875,27.90625,32,62
6800,83,28.34375,32.0625,32,64
6900,83,33.1612903225806,28.5806451612903,31,62
7000,83,37.7352941176471,26.735294117647,34,64
7100,83,41.09375,22.78125,32,64
7200,83,45.25,21.75,32,64
7300,83,45.3939393939394,25.3333333333333,33,64
7400,83,46.5,28.7058823529412,34,62
7500,83,47.2903225806452,34.0645161290323,31,62
7600,83,47.40625,40.875,32,62
7700,83,51.25,39.1875,32,62
7800,83,52,34.6333333333333,30,62
7900,83,51.5625,31.6875,32,66
8000,83,49.2352941176471,26.9117647058823,34,66
8100,83,52.09375,24.71875,32,64
8200,83,57.5588235294118,25.9117647058824,34,64
8300,83,59.3548387096774,22.0645161290323,31,62
8400,83,63.0909090909091,26.1818181818182,33,66
8500,83,64.9,30.1333333333333,30,62
8600,83,67.5882352941177,32.8823529411765,34,64
8700,83,71.3823529411765,37.4411764705882,34,66
8800,83,75.3333333333333,34.3636363636364,33,64
8900,83,79.6969696969697,31.8181818181818,33,64
9000,83,81.9354838709677,35.258064516129,31,64
9100,83,86.21875,32.8125,32,62
9200,83,86,29.0967741935484,31,62
9300,83,88.3333333333333,30.969696969697,33,66
9400,83,94.8611111111111,30.3055555555556,36,66
9500,83,98.9393939393939,24.9393939393939,33,64
9600,83,102.151515151515,18.5151515151515,33,62
9700,83,103.6875,12.96875,32,62
9800,83,108.375,9.75,32,64
9900,83,112.30303030303,7.39393939393939,33,66
10000,83,119.09375,6.9375,32,62
0,84,49.3333333333333,50.3333333333333,3,18
100,84,47.5483870967742,48.1935483870968,31,60
200,84,46.75,42.1875,32,62
300,84,41.030303030303,43.5151515151515,33,66
400,84,34.4242424242424,44.8787878787879,33,64
500,84,27.71875,48.71875,32,62
600,84,25.3529411764706,54.3235294117647,34,66
700,84,21.6875,51.90625,32,62
800,84,22.4848484848485,47.2727272727273,33,64
900,84,23.15625,44.4375,32,62
1000,84,20.4117647058824,47.5588235294118,34,64
1100,84,16.2333333333333,45.7,30,62
1200,84,14.7,40.4,30,62
1300,84,16.9142857142857,37.0571428571429,35,66
1400,84,20.8529411764706,34.2941176470588,34,64
1500,84,25.1875,31.78125,32,64
1600,84,30.6470588235294,35.9117647058823,34,64
1700,84,30.75,41.1875,32,62
1800,84,36.3939393939394,42.6363636363636,33,64
1900,84,37.1875,39.21875,32,64
2000,84,32.25,34.9375,32,64
2100,84,27.7096774193548,29.9677419354839,31,64
2200,84,23.1612903225807,30.8064516129032,31,62
2300,84,20.21875,32.78125,32,64
2400,84,22.5,37.65625,32,64
2500,84,18.5625,42.25,32,62
2600,84,12.8181818181818,48.9090909090909,33,66
2700,84,14.0857142857143,53.8571428571429,35,66
2800,84,16.0294117647059,57.6176470588235,34,66
2900,84,15.1515151515152,62.6060606060606,33,64
3000,84,11.2424242424242,65.7878787878788,33,64
3100,84,10.969696969697,69.4848484848485,33,64
3200,84,15.6969696969697,70.9090909090909,33,62
3300,84,21.1714285714286,68.9714285714286,35,64
3400,84,25.0967741935484,66.7096774193548,31,64
3500,84,26.375,63.40625,32,62
3600,84,25.2941176470588,60.9117647058824,34,66
3700,84,25.03125,56.09375,32,62
3800,84,26.2352941176471,53.5294117647059,34,64
3900,84,31.0294117647059,57.3235294117647,34,64
4000,84,32.375,62.78125,32,62
4100,84,28.4545454545455,68.6363636363636,33,64
4200,84,24.9354838709677,71.3548387096774,31,62
4300,84,21.741935483871,72.7096774193548,31,62
4400,84,15.6470588235294,70.2058823529412,34,66
4500,84,12.258064516129,66.3225806451613,31,62
4600,84,10.4242424242424,62,33,66
4700,84,8.15151515151515,57.9090909090909,33,62
4800,84,3.11764705882353,53.0294117647059,34,66
4900,84,-1.375,50.59375,32,62
5000,84,-6.48571428571428,51.1142857142857,35,64
5100,84,-12.0645161290323,50.2258064516129,31,62
5200,84,-11.0588235294118,57.6764705882353,34,64
5300,84,-10.9375,60.75,32,64
5400,84,-11.9354838709678,62.3870967741936,31,62
5500,84,-14.030303030303,66.7878787878788,33,64
5600,84,-18.25,66.84375,32,62
5700,84,-23.0909090909091,66.7878787878788,33,62
5800,84,-28.53125,69.125,32,68
5900,84,-31.5333333333333,65.4,30,64
6000,84,-31,61.0882352941177,34,64
6100,84,-25.875,58.0625,32,64
6200,84,-22.7419354838709,58.0322580645161,31,64
6300,84,-20.0967741935484,63.8064516129032,31,62
6400,84,-14.9411764705882,66.6764705882353,34,64
6500,84,-10.5588235294118,69.3529411764706,34,66
6600,84,-7.43333333333334,66.7,30,64
6700,84,-3.5,63.1176470588235,34,64
6800,84,-6.30303030303033,57.939393939394,33,64
6900,84,-12.2647058823529,57.2647058823529,34,64
7000,84,-18.1290322580645,59.4516129032258,31,62
7100,84,-24.2727272727273,59.969696969697,33,66
7200,84,-27.7142857142857,62.4,35,64
7300,84,-34.59375,66.3125,32,66
7400,84,-38,69.8235294117647,34,66
7500,84,-41.21875,74.71875,32,62
7600,84,-44.741935483871,75.7741935483871,31,62
7700,84,-50.3823529411765,72.3823529411765,34,64
7800,84,-53.7714285714286,70.9142857142857,35,66
7900,84,-59.6896551724138,70.7586206896552,29,60
8000,84,-64.6571428571429,70.9428571428571,35,66
8100,84,-64.4242424242424,67.5454545454546,33,64
8200,84,-61.8064516129032,62.3548387096774,31,60
8300,84,-66.030303030303,59.030303030303,33,66
8400,84,-70.8285714285714,53.7142857142857,35,64
8500,84,-74.3548387096774,49.9354838709678,31,62
8600,84,-79.1470588235294,46.8235294117647,34,66
8700,84,-80.258064516129,42.3548387096774,31,60
8800,84,-81.6333333333333,37.2666666666667,30,64
8900,84,-87.84375,34.75,32,64
9000,84,-89.8064516129032,30.4193548387097,31,62
9100,84,-90.4545454545455,27.4545454545454,33,64
9200,84,-93.7777777777778,23.8055555555556,36,66
9300,84,-89.5882352941177,18.6470588235294,34,64
9400,84,-83.9090909090909,14.4848484848485,33,62
9500,84,-80.1212121212121,13.4242424242424,33,66
9600,84,-74.8787878787879,10.4848484848485,33,64
9700,84,-72.4571428571429,12.2,35,64
9800,84,-68.9705882352941,14.9117647058824,34,64
9900,84,-69.1142857142857,19.7428571428571,35,64
10000,84,-74,20.3030303030303,33,64
0,85,50.3333333333333,50.3333333333333,3,18
100,85,49.3333333333333,50.9393939393939,33,62
200,85,50.2941176470588,55.3823529411765,34,66
300,85,47.2903225806452,59.1935483870968,31,62
400,85,51.78125,61.25,32,64
500,85,56.8484848484849,59.3030303030303,33,66
600,85,60.65625,60.34375,32,62
700,85,59.8529411764706,64.5294117647059,34,64
800,85,59,67.9677419354838,31,64
900,85,61.2,69.4571428571429,35,66
1000,85,65.060606060606,66.9393939393939,33,64
1100,85,67.375,63.90625,32,64
1200,85,71.7647058823529,63.4705882352941,34,64
1300,85,76.375,62.46875,32,64
1400,85,80.5277777777778,62,36,66
1500,85,84.4117647058823,60.3529411764706,34,64
1600,85,84.59375,62.6875,32,64
1700,85,87.6764705882353,66.5,34,66
1800,85,85.8125,70.90625,32,64
1900,85,80.9142857142857,72.7714285714285,35,64
2000,85,78.40625,70.78125,32,64
2100,85,81.90625,67.8125,32,64
2200,85,81.28125,64.5625,32,62
2300,85,83.4375,59.125,32,66
2400,85,79.09375,54.625,32,62
2500,85,73.4193548387097,52.4193548387097,31,62
2600,85,72.0909090909091,48.8484848484849,33,64
2700,85,68.2258064516129,46.6129032258065,31,62
2800,85,63.9142857142857,48.8571428571429,35,64
2900,85,61.0322580645161,52.0967741935484,31,62
3000,85,60.6129032258064,54.6451612903226,31,62
3100,85,61.8275862068966,60.2413793103448,29,62
3200,85,65.78125,63.34375,32,62
3300,85,70.1612903225807,65.5806451612903,31,62
3400,85,75.0588235294118,66.3823529411764,34,66
3500,85,80.6969696969697,68.4242424242424,33,64
3600,85,86.1818181818182,67.4545454545455,33,64
3700,85,91.8787878787879,69.3333333333333,33,66
3800,85,92.1875,73.5625,32,62
3900,85,95.9375,77.53125,32,62
4000,85,99.5,81.3235294117647,34,64
4100,85,102.939393939394,77.5757575757576,33,62
4200,85,100.272727272727,74.5151515151515,33,66
4300,85,97.9393939393939,70.7878787878788,33,64
4400,85,95.6666666666667,66.1818181818182,33,64
4500,85,92.8666666666667,63.7,30,60
4600,85,87.9696969696969,63.4242424242424,33,62
4700,85,87.65625,68.15625,32,62
4800,85,91.7058823529412,69.5,34,62
4900,85,95.71875,68.71875,32,62
5000,85,100.6875,66.375,32,64
5100,85,100.25,61.96875,32,64
5200,85,99.0625,55.625,32,64
5300,85,93.9393939393939,54.3333333333333,33,62
5400,85,88.258064516129,52.3225806451613,31,62
5500,85,83.3030303030303,50.2424242424243,33,62
5600,85,81,45.7741935483871,31,64
5700,85,79.483870967742,39.9677419354839,31,64
5800,85,79.5428571428571,35.2,35,66
5900,85,80.1714285714285,29.7714285714286,35,66
6000,85,77.3142857142857,27.5428571428571,35,66
6100,85,74.3125,32.0625,32,62
6200,85,76.5714285714286,35.5142857142857,35,66
6300,85,81.3030303030303,37.969696969697,33,66
6400,85,85.3,33.7666666666667,30,62
6500,85,86.0344827586207,36.2413793103448,29,64
6600,85,82.78125,37.25,32,64
6700,85,81.735294117647,34,34,62
6800,85,87,35.78125,32,66
6900,85,93.5806451612903,34.8709677419355,31,66
7000,85,98.0909090909091,38.3030303030303,33,66
7100,85,99.0322580645161,32.1290322580645,31,62
7200,85,95.9999999999999,28.6060606060606,33,64
7300,85,93.9696969696969,24.2121212121212,33,66
7400,85,97.5,19.625,32,62
7500,85,100.21875,20.21875,32,62
7600,85,102.09375,24.40625,32,66
7700,85,98.4411764705882,28.4705882352941,34,66
7800,85,97.3823529411765,32.6764705882353,34,64
7900,85,94.5454545454546,35.5151515151515,33,64
8000,85,94.875,41.875,32,62
8100,85,93.2903225806452,45.6451612903226,31,62
8200,85,90.9375,49.96875,32,64
8300,85,91.9999999999999,55.3235294117647,34,66
8400,85,91.741935483871,60.3870967741936,31,64
8500,85,90,64.8285714285714,35,64
8600,85,88.735294117647,71.1470588235294,34,64
8700,85,83.1212121212121,73.6969696969697,33,64
8800,85,76.7878787878788,77.5454545454545,33,62
8900,85,73.2121212121212,80.7878787878788,33,66
9000,85,74.96875,86.125,32,66
9100,85,77.7941176470588,87.8235294117647,34,66
9200,85,82.3428571428571,83.7142857142857,35,66
9300,85,83.4571428571429,80.2571428571428,35,64
9400,85,85.21875,76.59375,32,64
9500,85,91.0909090909091,75.2424242424242,33,62
9600,85,95.7714285714285,74.9142857142857,35,64
9700,85,101.5625,76.15625,32,64
9800,85,105.09375,80.4375,32,64
9900,85,101.515151515152,85.6666666666667,33,66
10000,85,95.8529411764706,85.6470588235294,34,64
0,86,50,50,1,8
100,86,46.3529411764706,51.0294117647059,34,66
200,86,44.3636363636364,47.7575757575758,33,64
300,86,48.625,45.96875,32,64
400,86,49.7878787878788,41.8484848484849,33,64
500,86,47,38.8235294117647,34,64
600,86,46.2258064516129,36.3225806451613,31,64
700,86,48.09375,33.25,32,62
800,86,53.09375,36.28125,32,64
900,86,55.0294117647059,40.1470588235294,34,66
1000,86,55.4545454545455,46.6363636363636,33,66
1100,86,56.2285714285714,49.6,35,66
1200,86,58.15625,53.625,32,64
1300,86,55.4193548387097,56.9677419354839,31,62
1400,86,53.4193548387097,62.5806451612903,31,62
1500,86,50.6969696969697,69.0909090909091,33,62
1600,86,53.84375,73.6875,32,62
1700,86,57.3333333333333,76.3030303030303,33,66
1800,86,58.7428571428571,81.2,35,66
1900,86,59.4545454545455,85.3333333333333,33,66
2000,86,61.0645161290323,88.7741935483871,31,64
2100,86,59,93.0909090909091,33,64
2200,86,53.4705882352941,92.0588235294118,34,64
2300,86,52.3428571428571,87.2285714285715,35,64
2400,86,54.4193548387097,83.2903225806452,31,66
2500,86,55.1515151515152,79.0909090909091,33,66
2600,86,51.03125,72.71875,32,64
2700,86,50.3030303030303,69.5757575757575,33,64
2800,86,41.65625,67.59375,32,64
2900,86,36.34375,65.90625,32,62
3000,86,34.7741935483871,63.5161290322581,31,62
3100,86,40.2571428571429,61.4857142857143,35,66
3200,86,44.7272727272727,61,33,64
3300,86,49.8787878787879,60.1515151515151,33,66
3400,86,52.4242424242424,63.5151515151515,33,64
3500,86,56.59375,66.3125,32,64
3600,86,57.6,71.7714285714285,35,66
3700,86,51.8857142857143,71.4857142857143,35,64
3800,86,51.71875,70.1875,32,66
3900,86,48.8181818181818,65.5757575757576,33,64
4000,86,43.3939393939394,62.3030303030303,33,68
4100,86,39.4193548387097,58.258064516129,31,62
4200,86,37.7878787878788,52.4848484848485,33,64
4300,86,37.7575757575758,47.2727272727273,33,64
4400,86,35.8484848484849,44.1212121212121,33,64
4500,86,32.0909090909091,41.0606060606061,33,64
4600,86,32.53125,35.5625,32,62
4700,86,34.6666666666667,32.5454545454545,33,66
4800,86,38.6969696969697,24.2424242424242,33,62
4900,86,37.6176470588235,26.8529411764706,34,64
5000,86,33.5757575757576,30.4242424242424,33,64
5100,86,30.0909090909091,31.2727272727273,33,66
5200,86,27.8181818181818,29.4848484848485,33,64
5300,86,23.6774193548387,33.2903225806452,31,62
5400,86,17.6764705882353,33.8529411764706,34,64
5500,86,15.2647058823529,36,34,62
5600,86,13.8181818181818,40.4545454545455,33,66
5700,86,17.3529411764706,43.0882352941176,34,64
5800,86,20,44.8,30,62
5900,86,21.4516129032258,49.6129032258064,31,62
6000,86,20.90625,53.28125,32,64
6100,86,18.4411764705882,49.3823529411765,34,66
6200,86,16.2666666666667,47.8,30,62
6300,86,15.1818181818182,51.969696969697,33,62
6400,86,15.1935483870968,57.5806451612903,31,64
6500,86,15.5483870967742,63.2903225806452,31,64
6600,86,19.25,64.28125,32,64
6700,86,19.2903225806452,59.2258064516129,31,66
6800,86,14.6451612903226,54.741935483871,31,66
6900,86,12.375,53.21875,32,64
7000,86,4.47058823529412,50.3823529411765,34,68
7100,86,-0.606060606060595,48.2727272727273,33,64
7200,86,-0.3125,43.5625,32,62
7300,86,4.5,41.7058823529412,34,62
7400,86,9.77142857142857,42,35,64
7500,86,13.7714285714286,45.5142857142857,35,66
7600,86,17.625,41.5,32,64
7700,86,18.2727272727273,38.3030303030303,33,64
7800,86,23.0625,34.9375,32,62
7900,86,27.4117647058824,36.8235294117647,34,64
8000,86,30.1714285714286,36.8,35,66
8100,86,31.258064516129,42.4193548387097,31,64
8200,86,30.4857142857143,47.6,35,64
8300,86,27.4117647058824,53.9117647058824,34,64
8400,86,25.6363636363636,58.1515151515151,33,68
8500,86,28.8064516129032,61.3548387096774,31,62
8600,86,23.1379310344828,63.5172413793103,29,66
8700,86,17.5625,62.40625,32,66
8800,86,11.3,62.2,30,64
8900,86,7.64516129032258,63.6774193548387,31,64
9000,86,3.12121212121212,64.0606060606061,33,64
9100,86,1.09375,60.6875,32,62
9200,86,0.0645161290322562,56.3548387096774,31,64
9300,86,-4.66666666666669,58.8787878787879,33,64
9400,86,-10.4848484848485,59.9393939393939,33,64
9500,86,-16,57.8125,32,62
9600,86,-22.0833333333333,55.3055555555556,36,66
9700,86,-21.6333333333333,49.5,30,62
9800,86,-22.9354838709677,43.1935483870968,31,62
9900,86,-23.1935483870968,38.2903225806452,31,62
10000,86,-24.9705882352941,34.3235294117647,34,64
0,87,50.5,49.75,4,26
100,87,50.03125,53.09375,32,62
200,87,49.71875,56.65625,32,64
300,87,44.5151515151515,58.1515151515152,33,62
400,87,39.9722222222222,60.6666666666667,36,66
500,87,34.0909090909091,64.3939393939394,33,64
600,87,33.5625,69.0625,32,64
700,87,35.3125,74.78125,32,64
800,87,30.8,76.9333333333333,30,62
900,87,28,79.5,32,62
1000,87,23.8064516129032,80.741935483871,31,64
1100,87,27.7714285714286,84.5714285714286,35,64
1200,87,28.6129032258064,90.5806451612903,31,62
1300,87,30.96875,94.78125,32,64
1400,87,28.4848484848485,100.242424242424,33,64
1500,87,32.6969696969697,101.939393939394,33,64
1600,87,35.6764705882353,104.352941176471,34,64
1700,87,34.1818181818182,108.393939393939,33,64
1800,87,37.0833333333333,112,36,66
1900,87,39.0689655172414,114.862068965517,29,60
2000,87,36.1428571428571,116.971428571429,35,68
2100,87,33.90625,122.3125,32,64
2200,87,30.5,123.166666666667,36,66
2300,87,27.65625,128.09375,32,64
2400,87,27.7142857142857,133.571428571429,35,66
2500,87,28.8235294117647,138.441176470588,34,64
2600,87,34.5,136.764705882353,34,66
2700,87,40.8620689655172,134,29,60
2800,87,45.8125,134.0625,32,64
2900,87,53.4242424242424,136.545454545455,33,64
3000,87,54.46875,137.78125,32,62
3100,87,58.78125,140.53125,32,62
3200,87,65.3939393939394,140.212121212121,33,64
3300,87,70.15625,142.75,32,64
3400,87,65,144.1875,32,66
3500,87,57.5757575757576,147.272727272727,33,64
3600,87,52.2727272727273,143.848484848485,33,62
3700,87,49.0606060606061,138.666666666667,33,62
3800,87,45.9393939393939,133.575757575758,33,64
3900,87,43.3636363636364,131,33,64
4000,87,41.78125,130,32,62
4100,87,36.90625,134.125,32,64
4200,87,32.5142857142857,138.428571428571,35,68
4300,87,32.4117647058824,146,34,64
4400,87,31.40625,150.5625,32,62
4500,87,29,155.060606060606,33,66
4600,87,29.8484848484849,159.636363636364,33,64
4700,87,31.969696969697,164.121212121212,33,64
4800,87,36.030303030303,167.575757575758,33,62
4900,87,38.969696969697,168.606060606061,33,66
5000,87,40.40625,175.4375,32,64
5100,87,41.9705882352941,174.323529411765,34,64
5200,87,44.9393939393939,173.666666666667,33,62
5300,87,48.75,176.875,32,64
5400,87,53.4242424242424,175.878787878788,33,64
5500,87,55.1875,179,32,64
5600,87,54.7878787878788,184.454545454545,33,62
5700,87,54.2424242424242,180.818181818182,33,64
5800,87,58.125,174.6875,32,64
5900,87,60.2058823529412,171.5,34,64
6000,87,65.6875,171.34375,32,62
6100,87,68.5483870967742,170.096774193548,31,60
6200,87,73.625,169.96875,32,64
6300,87,76.2941176470588,175.205882352941,34,64
6400,87,73.21875,180,32,62
6500,87,68.2121212121212,183.454545454545,33,62
6600,87,65.2727272727273,189,33,64
6700,87,62.1470588235294,193.058823529412,34,66
6800,87,58.7058823529412,195.205882352941,34,66
6900,87,59.6666666666667,201,33,64
7000,87,60.7352941176471,205.735294117647,34,66
7100,87,55.0666666666667,208.9,30,62
7200,87,60.5588235294118,210.441176470588,34,64
7300,87,64.6333333333333,210.1,30,60
7400,87,66.40625,213.09375,32,64
7500,87,70.40625,214.875,32,62
7600,87,71,220.5,32,62
7700,87,73.969696969697,225.818181818182,33,62
7800,87,78.375,225.78125,32,64
7900,87,83.258064516129,226.645161290323,31,60
8000,87,87.90625,228.5625,32,62
8100,87,95.7272727272727,226.151515151515,33,62
8200,87,99.258064516129,223.354838709677,31,62
8300,87,100.15625,218.78125,32,64
8400,87,107.222222222222,220.972222222222,36,66
8500,87,112.424242424242,219.575757575758,33,62
8600,87,116.090909090909,224.393939393939,33,64
8700,87,118.78125,231,32,62
8800,87,115.46875,234.75,32,62
8900,87,110.903225806452,237,31,64
9000,87,106.088235294118,238.205882352941,34,64
9100,87,100.878787878788,241.30303030303,33,66
9200,87,100.575757575758,246.969696969697,33,64
9300,87,105.181818181818,248.939393939394,33,64
9400,87,110.966666666667,248.1,30,62
9500,87,118.242424242424,245.69696969697,33,62
9600,87,122.34375,250,32,64
9700,87,126.03125,254.34375,32,64
9800,87,130.21875,258.4375,32,62
9900,87,136.7,254.133333333333,30,60
10000,87,143.212121212121,255.545454545455,33,62
0,88,50.5,49.5,2,14
100,88,48.6470588235294,52.5882352941177,34,64
200,88,53.0909090909091,52.3333333333333,33,64
300,88,57.8064516129032,51.4193548387097,31,62
400,88,62.8125,47.875,32,64
500,88,63.2424242424242,44,33,64
600,88,63.3333333333333,37.4,30,62
700,88,61.6666666666667,29.8484848484848,33,64
800,88,59.1764705882353,24.2647058823529,34,64
900,88,56.5151515151515,21.3939393939394,33,64
1000,88,55.1666666666667,16.7333333333333,30,62
1100,88,57.2121212121212,13.1818181818182,33,64
1200,88,58.969696969697,8.33333333333334,33,64
1300,88,61.6875,2.09375,32,62
1400,88,68.5625,-1.125,32,64
1500,88,72.735294117647,-5,34,62
1600,88,71.8125,-6.5,32,62
1700,88,65.1935483870968,-9.96774193548389,31,62
1800,88,60.9677419354839,-9.58064516129032,31,64
1900,88,57.7428571428572,-13.4285714285714,35,66
2000,88,58.6176470588235,-17.3235294117647,34,64
2100,88,64.4516129032258,-18.6451612903226,31,62
2200,88,66.060606060606,-16.7272727272727,33,64
2300,88,62.46875,-14.3125,32,62
2400,88,58.264705882353,-13.6470588235294,34,64
2500,88,52.7941176470588,-14.8235294117647,34,66
2600,88,46.6764705882353,-11.6176470588235,34,66
2700,88,43.5806451612903,-6.41935483870968,31,64
2800,88,42.6969696969697,-1.24242424242424,33,62
2900,88,39.4,2.83333333333333,30,64
3000,88,34.3333333333333,3.3030303030303,33,64
3100,88,28.6129032258064,1.74193548387098,31,64
3200,88,23.34375,3.25,32,66
3300,88,20.2727272727273,3.39393939393939,33,64
3400,88,15.5625,4.03125,32,64
3500,88,15.6451612903226,0.41935483870968,31,62
3600,88,16.258064516129,-2.09677419354838,31,62
3700,88,21,-3.43749999999996,32,62
3800,88,19.6969696969697,-6.72727272727272,33,64
3900,88,21.0882352941176,-12.5588235294118,34,64
4000,88,21.9411764705882,-16.5294117647059,34,64
4100,88,25.8484848484848,-18.8484848484848,33,66
4200,88,33.96875,-19.4375,32,66
4300,88,40.875,-16.25,32,64
4400,88,45.5757575757576,-10.8787878787879,33,64
4500,88,47.6333333333333,-6.56666666666668,30,64
4600,88,48.53125,-1.03125,32,64
4700,88,50.8235294117647,1.82352941176471,34,62
4800,88,53.9032258064516,1.83870967741936,31,64
4900,88,56.96875,6.09375,32,62
5000,88,61.5454545454546,11.7878787878788,33,66
5100,88,68.15625,13.625,32,60
5200,88,72.9032258064516,15.3870967741936,31,64
5300,88,75.4285714285714,18.2285714285714,35,64
5400,88,79.34375,21.15625,32,66
5500,88,83.7058823529412,18.6470588235294,34,64
5600,88,88.0588235294117,14.8823529411765,34,68
5700,88,92.030303030303,11.8181818181818,33,64
5800,88,93.9375,7.75,32,62
5900,88,93.5588235294118,2.17647058823529,34,64
6000,88,93.1333333333334,-2.43333333333334,30,64
6100,88,93.5294117647059,-6.55882352941178,34,64
6200,88,98.3333333333333,-5.24242424242424,33,62
6300,88,103.6,-7.02857142857142,35,64
6400,88,106.333333333333,-7.79999999999998,30,64
6500,88,110.59375,-6.21875000000004,32,66
6600,88,112.909090909091,-2.84848484848484,33,64
6700,88,112.424242424242,3.6969696969697,33,64
6800,88,110.96875,8.65625,32,64
6900,88,104.542857142857,9.82857142857142,35,66
7000,88,99.9696969696969,9.27272727272727,33,66
7100,88,99.0322580645161,5.2258064516129,31,64
7200,88,104.6875,0.15625,32,64
7300,88,111.942857142857,0.771428571428572,35,66
7400,88,117.484848484848,1.81818181818181,33,66
7500,88,121.363636363636,-0.515151515151516,33,66
7600,88,119.264705882353,-5.11764705882352,34,66
7700,88,117.057142857143,-8.8857142857143,35,64
7800,88,115.5625,-4.4375,32,62
7900,88,112.757575757576,1.21212121212122,33,64
8000,88,109.848484848485,0.515151515151516,33,62
8100,88,106.114285714286,-0.285714285714278,35,66
8200,88,103.030303030303,-6.3939393939394,33,66
8300,88,99,-8.2258064516129,31,62
8400,88,92.5312499999999,-10.25,32,66
8500,88,92.6774193548387,-15,31,62
8600,88,90.8484848484849,-16.9090909090909,33,64
8700,88,84.96875,-15.5,32,64
8800,88,80.9705882352941,-17.7058823529412,34,64
8900,88,77.3333333333333,-18.4242424242424,33,62
9000,88,73,-17.78125,32,62
9100,88,69.1515151515151,-14.5151515151515,33,62
9200,88,66.25,-10.84375,32,62
9300,88,68.9090909090909,-9.69696969696967,33,62
9400,88,75.3939393939394,-10.4242424242425,33,64
9500,88,78.96875,-11.625,32,62
9600,88,82.8387096774194,-10.2258064516129,31,66
9700,88,84,-5.26470588235294,34,62
9800,88,88.8235294117647,-3,34,64
9900,88,91,0.5,34,64
10000,88,86.5,3,32,62
0,89,50,50,3,20
100,89,52.258064516129,50.0645161290323,31,62
200,89,53.7741935483871,46.4193548387097,31,62
300,89,52.5,40.28125,32,62
400,89,56.6774193548387,38.9354838709677,31,62
500,89,64.2647058823529,39.0294117647059,34,66
600,89,67.9375,37.84375,32,64
700,89,71.3125,35.5625,32,62
800,89,72.6060606060606,31.2121212121212,33,64
900,89,76.5294117647059,29.6470588235294,34,64
1000,89,81.3548387096774,32.1935483870968,31,60
1100,89,78.5,35.5294117647059,34,64
1200,89,79.34375,39.3125,32,64
1300,89,83.4411764705882,44.7058823529412,34,64
1400,89,88.741935483871,45.3870967741936,31,64
1500,89,95.3333333333333,45.4545454545454,33,64
1600,89,96.40625,39.5,32,64
1700,89,98.9090909090909,36.5454545454545,33,64
1800,89,103.939393939394,38.6666666666667,33,62
1900,89,108.75,40.375,32,62
2000,89,113.466666666667,43.3666666666667,30,66
2100,89,115.969696969697,38.8787878787879,33,64
2200,89,120.935483870968,38.741935483871,31,62
2300,89,126.28125,34.4375,32,62
2400,89,131.787878787879,36.9090909090909,33,64
2500,89,135.176470588235,33.3235294117647,34,64
2600,89,138.121212121212,27.4848484848485,33,64
2700,89,134.5,25,34,66
2800,89,133.90625,20.65625,32,66
2900,89,138.060606060606,17.5757575757576,33,62
3000,89,142.69696969697,19.4848484848485,33,66
3100,89,149.933333333333,20.0333333333333,30,62
3200,89,156.064516129032,18,31,64
3300,89,158.529411764706,15.2941176470588,34,66
3400,89,159.225806451613,9.41935483870968,31,64
3500,89,158.558823529412,4.73529411764706,34,64
3600,89,160.3125,-0.65625,32,62
3700,89,160.064516129032,-6.32258064516132,31,62
3800,89,155.354838709677,-12.3870967741935,31,62
3900,89,149.727272727273,-10,33,64
4000,89,147.205882352941,-6.20588235294116,34,66
4100,89,143.375,-3.49999999999996,32,62
4200,89,140.575757575758,-9.24242424242424,33,62
4300,89,143.878787878788,-12.3333333333333,33,64
4400,89,143.181818181818,-12.4545454545454,33,64
4500,89,138.852941176471,-14.3823529411765,34,64
4600,89,132.771428571429,-15.7428571428571,35,66
4700,89,132.088235294118,-11.1764705882353,34,64
4800,89,137.34375,-6.53125,32,62
4900,89,140.516129032258,-5.25806451612904,31,62
5000,89,140.606060606061,1.09090909090909,33,64
5100,89,138,4.39393939393939,33,64
5200,89,140.794117647059,8.76470588235294,34,64
5300,89,141.428571428571,12.8928571428571,28,64
5400,89,137.575757575758,18.7272727272727,33,66
5500,89,139.272727272727,19.8181818181818,33,62
5600,89,142.6,22,35,64
5700,89,147.151515151515,21.1515151515152,33,64
5800,89,152.21875,19.53125,32,62
5900,89,156,14.5,34,62
6000,89,159.064516129032,8.96774193548387,31,62
6100,89,156.34375,5.90625,32,62
6200,89,151.757575757576,2.15151515151516,33,66
6300,89,149.117647058824,6.5,34,64
6400,89,143.3125,6.53125,32,64
6500,89,140.705882352941,1.61764705882354,34,64
6600,89,135.566666666667,0.233333333333334,30,62
6700,89,130.352941176471,2.64705882352941,34,64
6800,89,132.484848484848,7.09090909090909,33,62
6900,89,134.575757575758,11.9393939393939,33,62
7000,89,135.147058823529,18.3235294117647,34,64
7100,89,136,15.84375,32,64
7200,89,138.1875,13.59375,32,66
7300,89,131.40625,16.3125,32,62
7400,89,127.794117647059,17.764705882353,34,64
7500,89,127,24.9117647058823,34,64
7600,89,120.125,25.4375,32,66
7700,89,115.96875,24.40625,32,62
7800,89,114.633333333333,20.7666666666667,30,60
7900,89,115.970588235294,15.8529411764706,34,66
8000,89,112.78125,14.78125,32,64
8100,89,108.272727272727,16.7575757575758,33,64
8200,89,101.794117647059,19.8235294117647,34,66
8300,89,101.0625,25.09375,32,62
8400,89,103.1875,25.1875,32,62
8500,89,98.8125,22.0625,32,64
8600,89,95.71875,22.90625,32,64
8700,89,97.9677419354839,18.5161290322581,31,62
8800,89,93.6875,13.9375,32,66
8900,89,90.9722222222222,8,36,66
9000,89,88.1,5.43333333333334,30,62
9100,89,83.4864864864865,0.162162162162161,37,66
9200,89,83.2058823529412,-6.3235294117647,34,66
9300,89,87.1515151515151,-10.8484848484848,33,62
9400,89,91.8333333333333,-14.7333333333333,30,60
9500,89,95.1935483870968,-16.258064516129,31,62
9600,89,97.4705882352941,-16.6470588235294,34,64
9700,89,103.096774193548,-14.3548387096774,31,64
9800,89,107.5625,-9.5,32,64
9900,89,106.766666666667,-6.7,30,62
10000,89,101.242424242424,-5.33333333333331,33,62
0,90,50,50,1,8
100,90,45.7352941176471,48.3235294117647,34,64
200,90,42,52.5294117647059,34,66
300,90,40.3125,57.65625,32,64
400,90,41.6774193548387,61.741935483871,31,62
500,90,44.5454545454546,62.7878787878788,33,64
600,90,49.8484848484849,58.3030303030303,33,64
700,90,53.6470588235294,53.4117647058824,34,64
800,90,58.4838709677419,49.0322580645161,31,62
900,90,55.375,46.03125,32,62
1000,90,49.2058823529412,48.7647058823529,34,64
1100,90,49.7,54.7333333333333,30,62
1200,90,50.8387096774194,60.4516129032258,31,62
1300,90,50.8064516129032,64.741935483871,31,62
1400,90,46.6666666666667,63.7575757575758,33,64
1500,90,45.2727272727273,58.8484848484849,33,62
1600,90,50.030303030303,56.6363636363636,33,64
1700,90,56.4333333333333,57.9333333333333,30,62
1800,90,58.8125,55.8125,32,64
1900,90,54.6875,57.15625,32,64
2000,90,55.5151515151515,61.7575757575758,33,64
2100,90,52.96875,63.40625,32,64
2200,90,49,67.4117647058823,34,64
2300,90,48.2727272727273,72.6666666666667,33,64
2400,90,53.0909090909091,77.2121212121212,33,62
2500,90,56.0606060606061,82.3333333333333,33,62
2600,90,60.741935483871,87.7741935483871,31,62
2700,90,59,92.1818181818182,33,64
2800,90,56.5,99.625,32,64
2900,90,57.25,103.71875,32,62
3000,90,55.030303030303,107.060606060606,33,64
3100,90,55.9354838709677,112.129032258065,31,66
3200,90,58.2727272727273,115.545454545455,33,66
3300,90,61.4375,111.3125,32,62
3400,90,63.2333333333333,106.066666666667,30,60
3500,90,65.3030303030303,101.909090909091,33,66
3600,90,71.4242424242424,99.8787878787879,33,64
3700,90,75.6969696969697,100.909090909091,33,62
3800,90,79.1612903225806,107.258064516129,31,64
3900,90,83.3235294117647,109.411764705882,34,66
4000,90,89.4117647058823,114.5,34,64
4100,90,90.3125,119.5,32,64
4200,90,92,124.741935483871,31,64
4300,90,91.1212121212121,130.848484848485,33,64
4400,90,91.09375,136.59375,32,62
4500,90,89.6666666666667,140.757575757576,33,66
4600,90,91.1142857142857,146.628571428571,35,66
4700,90,95.25,151.375,32,64
4800,90,94.0689655172414,152.586206896552,29,60
4900,90,90.875,151.03125,32,64
5000,90,85.125,149.78125,32,68
5100,90,84.5,146.176470588235,34,64
5200,90,85.3870967741936,140.709677419355,31,62
5300,90,84.8787878787879,136.484848484848,33,64
5400,90,81.6363636363636,133.393939393939,33,64
5500,90,76.1212121212121,135.363636363636,33,64
5600,90,73.1290322580645,139.741935483871,31,62
5700,90,67.8125,143.625,32,66
5800,90,67.125,146.4375,32,66
5900,90,66.5454545454545,151.090909090909,33,62
6000,90,63.8125,154.78125,32,62
6100,90,62.1290322580645,161.161290322581,31,64
6200,90,58.6470588235294,163.735294117647,34,64
6300,90,52.030303030303,163.363636363636,33,64
6400,90,46.2903225806452,167.322580645161,31,66
6500,90,44.8484848484849,169.060606060606,33,64
6600,90,39.4,167.433333333333,30,60
6700,90,35.6944444444444,164.972222222222,36,64
6800,90,33.3939393939394,162.272727272727,33,64
6900,90,34.7647058823529,159.941176470588,34,66
7000,90,40.28125,160.34375,32,62
7100,90,44.75,161.4375,32,62
7200,90,49.1818181818182,163.606060606061,33,64
7300,90,54.21875,160,32,66
7400,90,53.46875,155.21875,32,62
7500,90,58.0625,151.46875,32,62
7600,90,60.9142857142857,148.771428571429,35,64
7700,90,59.8235294117647,143.470588235294,34,66
7800,90,56.15625,137.46875,32,64
7900,90,52.625,135.6875,32,64
8000,90,48.969696969697,133.393939393939,33,66
8100,90,44.2424242424242,130.424242424242,33,64
8200,90,38.9090909090909,127.151515151515,33,62
8300,90,33.5294117647059,127.294117647059,34,66
8400,90,26.4571428571429,133.571428571429,35,64
8500,90,23.15625,136.1875,32,66
8600,90,19.2727272727273,136.181818181818,33,62
8700,90,20.0967741935484,132.193548387097,31,60
8800,90,22.6764705882353,134,34,66
8900,90,27.0588235294118,138.441176470588,34,64
9000,90,28.7096774193548,135.548387096774,31,62
9100,90,29.4705882352941,130.911764705882,34,66
9200,90,32.5333333333333,126.233333333333,30,60
9300,90,34.1818181818182,123.909090909091,33,64
9400,90,30.5151515151515,120.151515151515,33,64
9500,90,29.6129032258064,126.032258064516,31,62
9600,90,29.7666666666667,131,30,62
9700,90,26.2285714285714,137.257142857143,35,66
9800,90,22.2333333333333,139.266666666667,30,60
9900,90,19.8787878787879,144.090909090909,33,64
10000,90,19.4242424242424,148.969696969697,33,62
0,91,49.4,49.2,5,30
100,91,50.71875,48.4375,32,62
200,91,55.9677419354839,45.7741935483871,31,62
300,91,55.3666666666667,49.1,30,62
400,91,53.6176470588235,54.8235294117647,34,64
500,91,49.90625,58,32,64
600,91,45.258064516129,55.3870967741935,31,64
700,91,38.6129032258064,54.258064516129,31,60
800,91,34.0857142857143,52.4571428571429,35,66
900,91,29.9090909090909,52.2121212121212,33,66
1000,91,26.78125,48.375,32,62
1100,91,29.5806451612903,42.5483870967742,31,60
1200,91,31.28125,38.96875,32,62
1300,91,30.9393939393939,33.3333333333333,33,64
1400,91,25.8709677419355,30.1935483870968,31,64
1500,91,21.5806451612903,30.9677419354839,31,62
1600,91,18.71875,33.4375,32,62
1700,91,21.2571428571429,39.8857142857143,35,64
1800,91,23.3939393939394,43.9090909090909,33,66
1900,91,27.4411764705882,45.5882352941177,34,64
2000,91,28.6470588235294,47.8235294117647,34,68
2100,91,35.0606060606061,48.6666666666667,33,66
2200,91,39.90625,45.3125,32,62
2300,91,46.6176470588235,43.7647058823529,34,66
2400,91,51.2571428571429,40.5714285714286,35,68
2500,91,50.3225806451613,36.4193548387097,31,62
2600,91,44.25,34.71875,32,62
2700,91,39.741935483871,37.3870967741936,31,62
2800,91,43.125,39.6875,32,66
2900,91,44.6666666666667,41.2424242424242,33,62
3000,91,48.9411764705882,44.764705882353,34,64
3100,91,53.6470588235294,49.3529411764706,34,64
3200,91,59.0882352941177,53.3235294117647,34,64
3300,91,58.65625,49.09375,32,62
3400,91,52.34375,48.3125,32,66
3500,91,47.5151515151515,50.6060606060606,33,66
3600,91,46.3823529411765,56.1764705882353,34,66
3700,91,48.7096774193548,59.0645161290323,31,62
3800,91,53.28125,56.75,32,62
3900,91,57.4838709677419,52.8064516129032,31,62
4000,91,56.030303030303,48.6363636363636,33,64
4100,91,56.7142857142857,54.9428571428571,35,64
4200,91,59.9333333333333,57.8666666666667,30,60
4300,91,64.9142857142857,57.5714285714286,35,64
4400,91,68.9393939393939,55.5757575757576,33,62
4500,91,68.6764705882353,51,34,66
4600,91,64.5294117647059,46.1470588235294,34,64
4700,91,61.5,43.5,32,64
4800,91,59.3548387096774,45.1935483870968,31,62
4900,91,55.4333333333333,47.5666666666667,30,62
5000,91,50.15625,51,32,64
5100,91,45.9393939393939,46.9393939393939,33,64
5200,91,42.7647058823529,45.235294117647,34,66
5300,91,37.1212121212121,45.6969696969697,33,64
5400,91,33.4,47.8285714285714,35,66
5500,91,29.1470588235294,47.8235294117647,34,66
5600,91,22.7714285714286,47.0857142857143,35,64
5700,91,20.8666666666667,52.6333333333333,30,62
5800,91,22.6666666666667,58.1515151515151,33,66
5900,91,26.4242424242424,57.0606060606061,33,62
6000,91,27.6896551724138,52.1379310344828,29,62
6100,91,29.9411764705882,46.8529411764706,34,66
6200,91,34.75,44.1875,32,64
6300,91,39.5294117647059,46.0588235294118,34,64
6400,91,44.9677419354839,43.258064516129,31,62
6500,91,46.4117647058824,41.1764705882353,34,64
6600,91,43.5,36,32,64
6700,91,38.6666666666667,32.4666666666667,30,62
6800,91,41.03125,35.40625,32,62
6900,91,42.09375,38.4375,32,62
7000,91,43.5333333333334,42.8,30,64
7100,91,41.4193548387097,47.3548387096774,31,62
7200,91,43.5151515151515,52.3939393939394,33,64
7300,91,48.0909090909091,52.5454545454545,33,64
7400,91,51.1714285714286,48.9714285714286,35,64
7500,91,53.1764705882353,45.8823529411765,34,66
7600,91,55.25,41.1875,32,64
7700,91,51.4666666666667,37.5666666666667,30,60
7800,91,48.8181818181818,34.4242424242424,33,66
7900,91,48.3870967741936,29.9354838709677,31,64
8000,91,46.2903225806452,27.7096774193548,31,60
8100,91,47.7272727272727,21.7878787878788,33,64
8200,91,48.4857142857143,15.0285714285714,35,66
8300,91,45,9.70967741935484,31,62
8400,91,46.5,5.11764705882353,34,64
8500,91,46.8,-0.26666666666668,30,60
8600,91,42.5,-5.23333333333332,30,64
8700,91,38.15625,-0.34375,32,64
8800,91,36.7714285714286,1.57142857142857,35,64
8900,91,30.1515151515152,-0.333333333333314,33,64
9000,91,28.53125,-3.93750000000004,32,62
9100,91,24.7333333333333,-5.16666666666666,30,60
9200,91,20.09375,-1.9375,32,64
9300,91,15.875,0.875,32,64
9400,91,9.76470588235294,1.11764705882354,34,66
9500,91,5.8,-3.13333333333334,30,64
9600,91,-0.181818181818201,-5.63636363636364,33,64
9700,91,-2.56666666666666,-9.9666666666667,30,62
9800,91,1.65714285714286,-12.6285714285714,35,66
9900,91,4.34285714285714,-12.3142857142857,35,66
10000,91,2.125,-14.90625,32,62
0,92,50,50,1,8
100,92,47.5,45,34,62
200,92,43.1875,47.4375,32,62
300,92,40.4411764705882,50.0588235294118,34,64
400,92,33.4571428571429,45.4285714285714,35,64
500,92,31.5454545454545,42.1212121212121,33,66
600,92,28.9090909090909,41.6363636363636,33,64
700,92,25.5151515151515,44.969696969697,33,64
800,92,22.3142857142857,49.1142857142857,35,64
900,92,19.5454545454545,54.030303030303,33,64
1000,92,21.625,61.375,32,62
1100,92,26.6,65.3666666666666,30,62
1200,92,30.5588235294118,66.0588235294118,34,66
1300,92,29.0571428571429,71.3714285714286,35,66
1400,92,31.1515151515152,74.6969696969697,33,64
1500,92,28.1290322580645,76.1612903225806,31,62
1600,92,23.1515151515152,75.1515151515152,33,62
1700,92,19.0645161290323,72.6129032258064,31,64
1800,92,18.8787878787879,65.7575757575758,33,64
1900,92,14.1935483870968,63.7096774193548,31,62
2000,92,8.5,65.90625,32,62
2100,92,10.3548387096774,70.8709677419355,31,62
2200,92,13.2727272727273,74.8181818181818,33,64
2300,92,19.3636363636364,79.2121212121212,33,66
2400,92,24.1935483870968,81.9032258064516,31,62
2500,92,27.5757575757576,82.9090909090909,33,64
2600,92,31.2285714285714,85.5714285714286,35,64
2700,92,36.4193548387097,83.3225806451613,31,62
2800,92,42.7272727272727,84.9393939393939,33,64
2900,92,48.3125,81.53125,32,64
3000,92,52.2424242424242,77.9090909090909,33,62
3100,92,48.5454545454545,74.0909090909091,33,64
3200,92,42.2352941176471,73.8235294117647,34,64
3300,92,36.1176470588235,75.0588235294117,34,64
3400,92,30.6969696969697,73.7575757575758,33,64
3500,92,26.2424242424242,72.3333333333333,33,62
3600,92,19.969696969697,69.9393939393939,33,64
3700,92,18.7096774193548,66,31,62
3800,92,14.2285714285714,63.6571428571429,35,64
3900,92,8.88235294117647,67.2058823529412,34,66
4000,92,6.84375,74.5,32,64
4100,92,7.85714285714286,79.6857142857143,35,66
4200,92,8.21875,85.75,32,64
4300,92,9.8125,91.84375,32,62
4400,92,10.5625,98.03125,32,64
4500,92,14.0625,99.53125,32,62
4600,92,15.25,93.8125,32,62
4700,92,13.7941176470588,89.4411764705882,34,64
4800,92,10.5151515151515,86.6363636363636,33,64
4900,92,10,80.40625,32,62
5000,92,13.3636363636364,73.7272727272727,33,66
5100,92,15.0606060606061,68.8787878787879,33,66
5200,92,13.6774193548387,66.5806451612903,31,62
5300,92,11.258064516129,61.741935483871,31,62
5400,92,7.29032258064516,58.4193548387097,31,64
5500,92,3.3,54.9333333333333,30,62
5600,92,3.48484848484848,49.6060606060606,33,66
5700,92,8.34375,46.6875,32,64
5800,92,13.5757575757576,46.4545454545454,33,64
5900,92,19.4242424242424,42.5151515151515,33,64
6000,92,22.8125,36.9375,32,64
6100,92,24.6764705882353,30.0294117647059,34,64
6200,92,19.625,27.40625,32,64
6300,92,14.875,27.9375,32,62
6400,92,9.33333333333333,26.7575757575758,33,62
6500,92,5.93548387096774,21.2903225806452,31,62
6600,92,2.67647058823529,20.2058823529412,34,66
6700,92,-3.12121212121212,21.6666666666667,33,64
6800,92,-4.29032258064515,24.7741935483871,31,64
6900,92,-4.35294117647058,30.8235294117647,34,64
7000,92,-2.2,35.7333333333333,30,60
7100,92,2.15151515151516,38.1515151515151,33,62
7200,92,2.31428571428572,40.8857142857143,35,64
7300,92,1.68571428571428,44.9142857142857,35,64
7400,92,-3.33333333333336,49.0606060606061,33,62
7500,92,-9.26470588235296,51.5294117647059,34,64
7600,92,-15.09375,51.15625,32,64
7700,92,-17.6666666666667,45.8181818181818,33,64
7800,92,-21.0909090909091,45.9090909090909,33,64
7900,92,-25.46875,45.25,32,64
8000,92,-29.1935483870968,39.4193548387097,31,64
8100,92,-32.9714285714286,35.1714285714286,35,66
8200,92,-37.8787878787879,33.3636363636364,33,64
8300,92,-42.1333333333333,37.1,30,62
8400,92,-40,40.5,34,62
8500,92,-35.3030303030303,41.9090909090909,33,62
8600,92,-30.6,40.3,30,62
8700,92,-26.7878787878788,39.7272727272727,33,64
8800,92,-21.25,38.1875,32,62
8900,92,-14.9090909090909,40.5454545454545,33,62
9000,92,-10.6969696969697,42.8787878787879,33,66
9100,92,-3.94117647058825,42.7647058823529,34,64
9200,92,-5.08571428571427,37.6857142857143,35,64
9300,92,-11.1764705882353,35,34,64
9400,92,-14.3125,40.25,32,66
9500,92,-18.8857142857143,42.2285714285714,35,66
9600,92,-22.6363636363637,40.6666666666667,33,64
9700,92,-22.8787878787879,36.6363636363636,33,64
9800,92,-23.5714285714286,40.1428571428571,35,66
9900,92,-24.3636363636364,45.7575757575758,33,66
10000,92,-25,51.2121212121212,33,64
0,93,50,50,1,8
100,93,54.25,51.46875,32,62
200,93,55.7741935483871,54.9677419354839,31,64
300,93,55.15625,60.9375,32,62
400,93,59.5714285714286,64.2285714285714,35,64
500,93,67,65.0606060606061,33,64
600,93,72.375,69.03125,32,62
700,93,73.9032258064516,73.1935483870968,31,62
800,93,70.1875,78.03125,32,66
900,93,67.2,82.2666666666667,30,60
1000,93,62.6363636363636,85.7272727272727,33,62
1100,93,57.551724137931,86.6551724137931,29,62
1200,93,53.7878787878788,90.1515151515152,33,64
1300,93,50.2424242424242,95.5151515151515,33,64
1400,93,47.59375,100.5625,32,64
1500,93,41.8787878787879,97.6363636363637,33,66
1600,93,41.9375,93.21875,32,62
1700,93,42.7575757575758,88.2727272727273,33,64
1800,93,42.21875,84,32,64
1900,93,46.0322580645161,82,31,64
2000,93,49.15625,76,32,62
2100,93,49.75,69.71875,32,62
2200,93,54.6969696969697,67.2727272727273,33,64
2300,93,58.3939393939394,62.1818181818182,33,64
2400,93,58.8787878787879,57.3333333333333,33,64
2500,93,61.5757575757576,55.4242424242424,33,64
2600,93,63.7741935483871,58.8064516129032,31,64
2700,93,68.6764705882353,64.0588235294118,34,64
2800,93,68.9393939393939,70.2121212121212,33,64
2900,93,71.2,75.0666666666667,30,62
3000,93,73.5757575757576,78.7272727272727,33,64
3100,93,74.9032258064516,83.7096774193549,31,64
3200,93,75.625,90.7812499999999,32,64
3300,93,76.6875,96.25,32,64
3400,93,79.90625,101.5625,32,62
3500,93,83.53125,101.1875,32,64
3600,93,86.7666666666667,104.633333333333,30,62
3700,93,85,109.382352941176,34,66
3800,93,82.3636363636363,113.333333333333,33,64
3900,93,78.6571428571429,114.742857142857,35,66
4000,93,80.969696969697,117.606060606061,33,64
4100,93,87.2647058823529,123.823529411765,34,64
4200,93,91.1034482758621,121.827586206897,29,60
4300,93,98.1176470588235,120.294117647059,34,66
4400,93,99.6551724137931,123.448275862069,29,62
4500,93,95.1875,127.78125,32,64
4600,93,90.8484848484849,123.848484848485,33,66
4700,93,86.0606060606061,126.151515151515,33,66
4800,93,85.28125,131.15625,32,62
4900,93,87.0294117647059,134.970588235294,34,64
5000,93,88.6764705882353,138.764705882353,34,64
5100,93,92.2941176470588,140.411764705882,34,66
5200,93,94.969696969697,143.181818181818,33,62
5300,93,94.6470588235294,147.470588235294,34,66
5400,93,93.6176470588235,154.411764705882,34,66
5500,93,90.2727272727273,157.121212121212,33,64
5600,93,88.1612903225807,162.548387096774,31,62
5700,93,84.9090909090909,169.060606060606,33,64
5800,93,86.5,172.633333333333,30,62
5900,93,91.6969696969697,174.393939393939,33,66
6000,93,97.0571428571428,171.914285714286,35,66
6100,93,99.9333333333333,168.933333333333,30,62
6200,93,99,166,30,62
6300,93,97.1764705882353,162.5,34,64
6400,93,93.258064516129,163.774193548387,31,62
6500,93,86.8484848484848,164.484848484848,33,62
6600,93,83.9032258064516,166.677419354839,31,62
6700,93,79.4242424242424,168.575757575758,33,62
6800,93,73.7,170.4,30,60
6900,93,68.1470588235294,174.470588235294,34,64
7000,93,68.6666666666667,177.939393939394,33,66
7100,93,68.34375,182.3125,32,64
7200,93,67.3548387096774,185.387096774194,31,62
7300,93,64.1290322580645,182.903225806452,31,62
7400,93,62.4848484848485,176.424242424242,33,64
7500,93,57.6176470588235,174.676470588235,34,64
7600,93,53.8484848484849,176.909090909091,33,64
7700,93,56.78125,180.65625,32,64
7800,93,58.6129032258065,182.838709677419,31,62
7900,93,62.71875,186.46875,32,64
8000,93,66.1176470588235,190.117647058824,34,64
8100,93,71.6363636363636,192.121212121212,33,64
8200,93,72.3225806451613,195.548387096774,31,64
8300,93,74.6,200.8,30,64
8400,93,77.4411764705882,206.323529411765,34,64
8500,93,82.2758620689655,208.724137931034,29,62
8600,93,87.969696969697,207.575757575758,33,62
8700,93,93.4516129032258,206.290322580645,31,62
8800,93,99.7058823529412,204.647058823529,34,66
8900,93,103.5,200.823529411765,34,64
9000,93,107.571428571429,198.371428571429,35,64
9100,93,112.939393939394,201.515151515152,33,66
9200,93,113.84375,205.65625,32,64
9300,93,114.647058823529,210.529411764706,34,64
9400,93,117.878787878788,216.030303030303,33,64
9500,93,114.911764705882,220.558823529412,34,64
9600,93,110.484848484848,225.121212121212,33,64
9700,93,107.382352941176,227.852941176471,34,64
9800,93,105.555555555556,232.305555555556,36,66
9900,93,100.117647058824,233.941176470588,34,64
10000,93,98.40625,228.1875,32,64
0,94,50,49.5,2,14
100,94,51.8787878787879,50.9090909090909,33,64
200,94,51.9677419354839,44.8709677419355,31,62
300,94,53.0909090909091,42.3030303030303,33,62
400,94,60.8333333333333,44.7666666666667,30,62
500,94,63.6333333333333,50.0666666666667,30,60
600,94,64.4545454545454,55.030303030303,33,66
700,94,67.375,58.875,32,64
800,94,72.3529411764706,60.0882352941177,34,64
900,94,77.0967741935484,62.1935483870968,31,62
1000,94,82.3939393939394,64.3333333333333,33,64
1100,94,87.1470588235294,64.0882352941177,34,66
1200,94,91.4571428571429,64.9428571428571,35,66
1300,94,96.4705882352941,67.1470588235294,34,64
1400,94,97.09375,70.53125,32,64
1500,94,100.942857142857,71.1142857142857,35,64
1600,94,108.342857142857,69.5714285714286,35,66
1700,94,110.903225806452,65.2903225806452,31,62
1800,94,112.8125,62.15625,32,66
1900,94,114.878787878788,56.969696969697,33,64
2000,94,120.3,57.5666666666667,30,64
2100,94,120.30303030303,50.6969696969697,33,66
2200,94,117.060606060606,46.0909090909091,33,64
2300,94,117.588235294118,42.0882352941176,34,64
2400,94,121.875,40.25,32,66
2500,94,125.75,44.84375,32,64
2600,94,128.65625,49.09375,32,62
2700,94,135.235294117647,48.9411764705882,34,66
2800,94,138.323529411765,44.9705882352941,34,64
2900,94,135.71875,49.34375,32,62
3000,94,133.066666666667,51.6666666666667,30,62
3100,94,133.060606060606,56.3636363636364,33,66
3200,94,134.46875,62,32,64
3300,94,137.911764705882,67.7941176470588,34,64
3400,94,136.78125,72.65625,32,62
3500,94,131.411764705882,75.8823529411764,34,64
3600,94,131.181818181818,80.8181818181818,33,64
3700,94,133.25,84.46875,32,62
3800,94,137.823529411765,85.8235294117647,34,62
3900,94,140.909090909091,91.4545454545454,33,64
4000,94,146.878787878788,90.3030303030303,33,64
4100,94,150.064516129032,87.0645161290323,31,62
4200,94,153.03125,83.53125,32,62
4300,94,156.352941176471,84.8529411764706,34,64
4400,94,158.484848484848,87.9090909090909,33,62
4500,94,154.848484848485,90.4848484848485,33,62
4600,94,151.805555555556,94.8888888888889,36,66
4700,94,148,98.5,32,62
4800,94,145.548387096774,103.161290322581,31,64
4900,94,146.727272727273,104.818181818182,33,62
5000,94,146.935483870968,109.677419354839,31,62
5100,94,144.606060606061,112.212121212121,33,64
5200,94,139.1875,116.28125,32,62
5300,94,135.727272727273,116.818181818182,33,62
5400,94,133.242424242424,121.515151515152,33,64
5500,94,134.411764705882,118.529411764706,34,66
5600,94,129.5625,116.0625,32,66
5700,94,123.806451612903,113.967741935484,31,62
5800,94,117.5,111.588235294118,34,64
5900,94,112,114.823529411765,34,64
6000,94,107.71875,115.1875,32,64
6100,94,102.58064516129,114.41935483871,31,62
6200,94,96.5151515151515,115.484848484848,33,64
6300,94,90.1818181818182,115.848484848485,33,64
6400,94,86.1935483870968,118.483870967742,31,62
6500,94,80.9333333333333,120.4,30,62
6600,94,78.6060606060606,123.272727272727,33,64
6700,94,76.0588235294117,127.617647058824,34,66
6800,94,74.4411764705882,132.323529411765,34,64
6900,94,75.125,137.5625,32,64
7000,94,81.0606060606061,139.969696969697,33,66
7100,94,84.8125,141.6875,32,64
7200,94,88.90625,146.375,32,62
7300,94,93.0333333333333,150.633333333333,30,64
7400,94,97.71875,145.15625,32,62
7500,94,101.75,141.5625,32,64
7600,94,106.666666666667,143.848484848485,33,64
7700,94,109.484848484848,147.848484848485,33,62
7800,94,112.69696969697,151.757575757576,33,62
7900,94,116.764705882353,147.676470588235,34,64
8000,94,121.323529411765,145,34,64
8100,94,120.242424242424,142.242424242424,33,66
8200,94,119.882352941176,138.176470588235,34,66
8300,94,121.84375,134.1875,32,66
8400,94,119.428571428571,129.085714285714,35,66
8500,94,114.941176470588,126.911764705882,34,64
8600,94,109.066666666667,125.1,30,62
8700,94,103.787878787879,125.818181818182,33,66
8800,94,100.235294117647,128.617647058824,34,66
8900,94,96.3666666666667,130.133333333333,30,62
9000,94,92.46875,132.0625,32,62
9100,94,94.4193548387097,135.516129032258,31,64
9200,94,99.6451612903226,138.612903225806,31,62
9300,94,100.515151515152,143.333333333333,33,64
9400,94,102.647058823529,149.5,34,64
9500,94,105.558823529412,155.058823529412,34,64
9600,94,105.757575757576,160.363636363636,33,64
9700,94,104.428571428571,164.742857142857,35,66
9800,94,104.066666666667,170.333333333333,30,64
9900,94,104.53125,178.25,32,64
10000,94,100.147058823529,180.529411764706,34,64
0,95,50.5,49.5,2,14
100,95,47.7272727272727,45.8484848484849,33,64
200,95,42.5806451612903,45.6451612903226,31,64
300,95,39.2058823529412,43.4411764705882,34,64
400,95,33.1212121212121,43.6666666666667,33,66
500,95,25.2258064516129,41.1612903225806,31,62
600,95,18.0606060606061,38.6666666666667,33,62
700,95,13.8787878787879,41.8181818181818,33,66
800,95,9.75,40.625,32,64
900,95,4.5,40.4705882352941,34,66
1000,95,2.6969696969697,36.2424242424242,33,64
1100,95,4.5,30.5,32,64
1200,95,8.51612903225806,24.258064516129,31,64
1300,95,11.7428571428571,20.6857142857143,35,66
1400,95,11.2424242424242,17.2121212121212,33,64
1500,95,15.4848484848485,16.6363636363636,33,64
1600,95,19.0285714285714,21.2857142857143,35,68
1700,95,17.7575757575758,25.5757575757576,33,64
1800,95,15.3030303030303,29.5454545454545,33,66
1900,95,11.8064516129032,36.3225806451613,31,62
2000,95,7.76666666666666,37.4666666666667,30,64
2100,95,2.82352941176471,35.7352941176471,34,66
2200,95,1.93548387096774,31.4193548387097,31,66
2300,95,2.66666666666667,26.5454545454545,33,66
2400,95,0.312499999999999,19.4375,32,66
2500,95,-3.40625,17.28125,32,64
2600,95,-8.08823529411768,14.1470588235294,34,64
2700,95,-10.8181818181818,9.90909090909091,33,64
2800,95,-11.969696969697,2.87878787878788,33,66
2900,95,-15.0606060606061,7.66666666666667,33,62
3000,95,-20.6774193548387,9.29032258064516,31,62
3100,95,-25.125,6.5,32,62
3200,95,-20.75,1.71875,32,62
3300,95,-14.90625,-1.6875,32,62
3400,95,-18.2258064516129,-4.96774193548386,31,64
3500,95,-22,-5.12903225806453,31,64
3600,95,-28.5714285714286,-7.05714285714288,35,64
3700,95,-29.3636363636363,-11.8484848484848,33,64
3800,95,-32.6060606060606,-15.3030303030303,33,66
3900,95,-37.1,-17.0666666666667,30,62
4000,95,-40.5833333333333,-22.0555555555556,36,66
4100,95,-46.2121212121212,-26.0909090909091,33,64
4200,95,-50.7575757575758,-28.4242424242424,33,66
4300,95,-54.7575757575758,-32.9090909090909,33,62
4400,95,-55.4722222222222,-37.25,36,66
4500,95,-60.40625,-38.625,32,64
4600,95,-63.8235294117647,-39.9411764705882,34,64
4700,95,-65.4375,-43.6875,32,62
4800,95,-68.8484848484848,-46.2727272727273,33,64
4900,95,-70.9375,-50.625,32,64
5000,95,-75.1578947368421,-55.2105263157895,38,66
5100,95,-76.875,-57.75,32,64
5200,95,-71.3870967741936,-57.3548387096774,31,62
5300,95,-68.3928571428571,-52.8214285714286,28,62
5400,95,-67.8823529411765,-47.8529411764706,34,64
5500,95,-69.3225806451613,-42.1290322580645,31,62
5600,95,-65.7272727272727,-39.8484848484848,33,62
5700,95,-60.6875,-40.4375,32,66
5800,95,-57.71875,-43.25,32,64
5900,95,-52.8529411764706,-43.1176470588235,34,64
6000,95,-54.3823529411765,-41.1764705882353,34,64
6100,95,-58.78125,-40.375,32,64
6200,95,-63.5294117647059,-40.8529411764706,34,64
6300,95,-69.1515151515152,-44.5454545454546,33,64
6400,95,-67.5,-44.1875,32,62
6500,95,-71.8333333333333,-41.6666666666667,30,60
6600,95,-75.0967741935484,-47.0322580645161,31,62
6700,95,-75.7647058823529,-53.0294117647059,34,66
6800,95,-73.1290322580645,-57.9032258064516,31,62
6900,95,-69.7096774193548,-61.4193548387097,31,64
7000,95,-64.5161290322581,-61.1935483870968,31,62
7100,95,-62.1515151515151,-57.8181818181818,33,66
7200,95,-59.0909090909091,-52.6969696969697,33,62
7300,95,-60.4545454545455,-46.7878787878788,33,66
7400,95,-61.8125,-44.4375,32,64
7500,95,-61.34375,-37.875,32,64
7600,95,-65.6666666666667,-35.030303030303,33,66
7700,95,-67.8484848484848,-30.8484848484849,33,64
7800,95,-69.2258064516129,-25.5161290322581,31,64
7900,95,-72.4838709677419,-20.5483870967742,31,62
8000,95,-77.0333333333333,-18.6666666666667,30,64
8100,95,-82.8125,-17,32,62
8200,95,-84.4705882352941,-13.0588235294118,34,66
8300,95,-81.09375,-9.37499999999996,32,62
8400,95,-80.375,-4.03125,32,62
8500,95,-80.8484848484848,0.181818181818187,33,64
8600,95,-81.0909090909091,4.48484848484848,33,66
8700,95,-84.9677419354839,4.29032258064517,31,64
8800,95,-88.258064516129,0.967741935483872,31,62
8900,95,-92.2121212121212,-2.06060606060606,33,66
9000,95,-92.2424242424242,-6.96969696969698,33,64
9100,95,-94.5454545454545,-13.3939393939394,33,66
9200,95,-96.2727272727273,-17.5151515151515,33,64
9300,95,-95.5588235294118,-24.1764705882353,34,64
9400,95,-93.53125,-30.1875,32,64
9500,95,-96.75,-30.3125,32,64
9600,95,-99.3666666666667,-27.8666666666667,30,62
9700,95,-101.545454545455,-28.4242424242424,33,64
9800,95,-101.454545454545,-31.9090909090909,33,62
9900,95,-104.2,-34.3,30,64
10000,95,-106.78125,-33.4375,32,62
0,96,49.3333333333333,49.6666666666667,3,18
100,96,46.7575757575758,48.1212121212121,33,64
200,96,40.375,50.09375,32,66
300,96,36.1515151515151,52.5454545454545,33,64
400,96,33.6875,53.625,32,62
500,96,30.8181818181818,54.030303030303,33,62
600,96,32.3333333333333,61.939393939394,33,66
700,96,34.969696969697,65.4242424242424,33,62
800,96,39.8529411764706,66.8823529411764,34,64
900,96,43.125,62.78125,32,64
1000,96,38.6571428571429,57.2857142857143,35,66
1100,96,35,53.9655172413793,29,62
1200,96,30.4117647058824,50.5882352941176,34,64
1300,96,27.2647058823529,45.7352941176471,34,64
1400,96,23.0606060606061,49.8787878787879,33,66
1500,96,22.1818181818182,55.3939393939394,33,64
1600,96,23.6333333333333,59.6333333333333,30,62
1700,96,17.3125,63.84375,32,62
1800,96,15.6451612903226,67.4193548387097,31,66
1900,96,14.4838709677419,72.7741935483871,31,62
2000,96,19.28125,71.28125,32,62
2100,96,23.8484848484848,68.8787878787879,33,68
2200,96,18.9428571428571,65.6571428571429,35,64
2300,96,14.2258064516129,65.3870967741936,31,64
2400,96,11.6060606060606,71.2121212121212,33,64
2500,96,7.3125,73.09375,32,62
2600,96,3.5,74.75,32,62
2700,96,-2.65625,75.3125,32,66
2800,96,-3.13888888888889,70.6944444444444,36,66
2900,96,0.617647058823536,66.764705882353,34,66
3000,96,5.78787878787878,64.7272727272727,33,64
3100,96,9.88235294117648,68.7058823529412,34,66
3200,96,13.3870967741936,73.4516129032258,31,62
3300,96,10.9032258064516,75.0322580645161,31,62
3400,96,7.77142857142857,71.5714285714286,35,66
3500,96,3.02941176470588,77.6176470588235,34,64
3600,96,2.70967741935483,83,31,62
3700,96,7.6774193548387,84,31,62
3800,96,12.3548387096774,83.2258064516129,31,64
3900,96,17.0967741935484,83.9677419354839,31,64
4000,96,20.8064516129032,86.6129032258065,31,62
4100,96,26.9333333333333,86.2666666666667,30,62
4200,96,29.3,77.9333333333333,30,64
4300,96,32.764705882353,74.5294117647059,34,66
4400,96,38.5806451612903,71.0967741935484,31,64
4500,96,42.2424242424242,70.4242424242424,33,64
4600,96,41.6774193548387,65.258064516129,31,62
4700,96,46.9117647058823,65.2058823529412,34,66
4800,96,51.7741935483871,67.3225806451613,31,64
4900,96,58.4666666666667,69.0666666666667,30,62
5000,96,62.6666666666667,67.5757575757576,33,62
5100,96,63.125,70.9375,32,64
5200,96,59.6666666666667,75.6060606060606,33,64
5300,96,58.21875,74.28125,32,62
5400,96,55.4333333333333,70.7666666666667,30,64
5500,96,54.5151515151515,66.3030303030303,33,66
5600,96,51.9032258064516,61.8064516129032,31,62
5700,96,46.5882352941177,65.0882352941176,34,64
5800,96,42.9090909090909,65.969696969697,33,66
5900,96,40.4411764705882,70.1764705882353,34,64
6000,96,39.764705882353,75.0294117647059,34,66
6100,96,32.875,76.46875,32,62
6200,96,26.2424242424242,78.3030303030303,33,62
6300,96,21.2647058823529,81.1176470588236,34,66
6400,96,15.9677419354839,81.5806451612903,31,62
6500,96,11.5588235294118,85.2647058823529,34,64
6600,96,7.85294117647059,88.4411764705882,34,66
6700,96,2.38235294117646,87.235294117647,34,66
6800,96,-2.03125,86.625,32,62
6900,96,-7.3939393939394,82.3333333333333,33,64
7000,96,-6.72727272727272,75.4848484848485,33,64
7100,96,-2.09677419354838,75.2903225806452,31,64
7200,96,5.06060606060606,77.5454545454545,33,66
7300,96,7.97142857142858,75.4,35,64
7400,96,13.6,80.7666666666667,30,62
7500,96,14.7272727272727,85.1515151515152,33,66
7600,96,15.2647058823529,90.0294117647059,34,66
7700,96,9.79411764705883,91.7352941176471,34,68
7800,96,6.16129032258064,93.9032258064516,31,62
7900,96,-0.909090909090907,95.8181818181818,33,64
8000,96,-6.06060606060608,98.4242424242424,33,66
8100,96,-11.7666666666667,101.7,30,62
8200,96,-14.939393939394,106.060606060606,33,64
8300,96,-18.6470588235294,109.588235294118,34,64
8400,96,-21.5588235294118,114.588235294118,34,64
8500,96,-23.25,118.90625,32,62
8600,96,-24.4117647058824,123.147058823529,34,66
8700,96,-18.7272727272727,122.151515151515,33,64
8800,96,-16.1935483870968,118.516129032258,31,62
8900,96,-10,119.125,32,64
9000,96,-4.53125,119.84375,32,62
9100,96,0.0666666666666629,122.2,30,62
9200,96,0.342857142857142,116.228571428571,35,64
9300,96,2.64705882352941,112.529411764706,34,66
9400,96,2.85294117647059,106.647058823529,34,64
9500,96,3.3225806451613,101.387096774194,31,64
9600,96,1.59999999999999,99.8666666666667,30,64
9700,96,-4.375,101.34375,32,64
9800,96,-8,99.5,34,62
9900,96,-13.8387096774193,97.8387096774194,31,66
10000,96,-14.5625,96.15625,32,62
0,97,50,50,1,8
100,97,50.0294117647059,57.7058823529412,34,64
200,97,53.3548387096774,62.5483870967742,31,62
300,97,57.6666666666667,67.5757575757576,33,62
400,97,56.8787878787879,71.7575757575758,33,64
500,97,56.1333333333333,78.3666666666667,30,62
600,97,59.3428571428571,83.8285714285714,35,66
700,97,57.28125,88.5625,32,62
800,97,56.1290322580645,92.6129032258064,31,62
900,97,55.8125,98.46875,32,64
1000,97,55.4516129032258,101.41935483871,31,64
1100,97,52.3428571428571,103.057142857143,35,66
1200,97,46.84375,106.71875,32,62
1300,97,43.4375,113.78125,32,64
1400,97,43.0322580645161,118.129032258065,31,64
1500,97,44.6060606060606,122.515151515152,33,62
1600,97,44.6875,125.1875,32,64
1700,97,39.8857142857143,125.971428571429,35,66
1800,97,45.2058823529412,122.882352941176,34,66
1900,97,48.9677419354839,121.354838709677,31,62
2000,97,48.1,122.433333333333,30,62
2100,97,41.4411764705882,119.941176470588,34,64
2200,97,37.4516129032258,123.290322580645,31,62
2300,97,33.65625,127.46875,32,64
2400,97,29.3030303030303,132.909090909091,33,62
2500,97,27.7142857142857,136.828571428571,35,64
2600,97,23.6774193548387,136,31,62
2700,97,27.2857142857143,138.6,35,66
2800,97,30.7878787878788,143.090909090909,33,66
2900,97,37.4838709677419,145.774193548387,31,62
3000,97,39.2941176470588,148.323529411765,34,64
3100,97,35.5,152,32,64
3200,97,32.625,156.90625,32,64
3300,97,28,161.59375,32,64
3400,97,25.3235294117647,165.352941176471,34,64
3500,97,25.5483870967742,162.161290322581,31,64
3600,97,20.2941176470588,158.323529411765,34,66
3700,97,14.5151515151515,156.666666666667,33,64
3800,97,10.7333333333333,156.833333333333,30,60
3900,97,7.24137931034483,153.689655172414,29,64
4000,97,4.21875,149.53125,32,64
4100,97,5.30555555555556,144.027777777778,36,64
4200,97,11.9090909090909,142.575757575758,33,66
4300,97,11.6969696969697,148.787878787879,33,66
4400,97,10.6969696969697,153.484848484848,33,66
4500,97,8.65625,151.65625,32,64
4600,97,6.4516129032258,148.451612903226,31,62
4700,97,5.46875,143.09375,32,64
4800,97,3.875,137.15625,32,64
4900,97,0.46875,135.21875,32,62
5000,97,-1.06060606060606,132.424242424242,33,62
5100,97,4.41935483870968,130.032258064516,31,62
5200,97,6.15625,132.71875,32,62
5300,97,-0.393939393939405,136.878787878788,33,64
5400,97,-4.71875,143.3125,32,62
5500,97,-6.06451612903228,147.870967741935,31,64
5600,97,-2.3125,150.5,32,66
5700,97,3.08823529411765,149,34,64
5800,97,6.6774193548387,145.483870967742,31,62
5900,97,10.46875,140.90625,32,66
6000,97,13.4545454545455,138.363636363636,33,64
6100,97,17.1875,137.21875,32,64
6200,97,22.7352941176471,138.764705882353,34,64
6300,97,20.6969696969697,142.909090909091,33,62
6400,97,24.1515151515152,146.030303030303,33,64
6500,97,23.75,148.90625,32,64
6600,97,20.40625,153.09375,32,62
6700,97,16.8181818181818,154.272727272727,33,66
6800,97,11.0909090909091,151.30303030303,33,62
6900,97,7.5,149.34375,32,66
7000,97,4.90625,154.375,32,66
7100,97,4.75,159.375,32,62
7200,97,7.45161290322581,164.225806451613,31,64
7300,97,12.0967741935484,169.774193548387,31,62
7400,97,13.969696969697,172.909090909091,33,64
7500,97,17.25,177.285714285714,28,64
7600,97,21.2666666666667,180.733333333333,30,62
7700,97,26.4848484848485,182.848484848485,33,62
7800,97,33.3235294117647,184.058823529412,34,64
7900,97,38.8125,184.1875,32,62
8000,97,41.4411764705882,184.941176470588,34,64
8100,97,46.875,188.3125,32,66
8200,97,48.7272727272727,188.060606060606,33,64
8300,97,49.5625,192.25,32,64
8400,97,50,197.030303030303,33,66
8500,97,53.7096774193548,195.903225806452,31,62
8600,97,59.7575757575758,193.909090909091,33,66
8700,97,65.0909090909091,195.272727272727,33,64
8800,97,67.8125,192,32,62
8900,97,71.5,191.03125,32,64
9000,97,77.1818181818182,194.030303030303,33,62
9100,97,79.5757575757576,198.575757575758,33,64
9200,97,84,198.25,36,66
9300,97,88.4411764705883,200.647058823529,34,64
9400,97,92,200.909090909091,33,68
9500,97,89.764705882353,197.882352941176,34,64
9600,97,87.65625,197.59375,32,64
9700,97,85.46875,201.03125,32,64
9800,97,79.4545454545454,204.393939393939,33,64
9900,97,73.7575757575758,206.030303030303,33,64
10000,97,67.625,205.78125,32,64
0,98,50,50,1,8
100,98,47.0882352941177,48.5,34,66
200,98,41.65625,51.03125,32,62
300,98,37.9375,49.125,32,64
400,98,33.1764705882353,44.7941176470588,34,66
500,98,28.6363636363636,41.6969696969697,33,64
600,98,21.741935483871,38.6129032258064,31,66
700,98,17.59375,39.5625,32,64
800,98,11.5,37.4411764705882,34,66
900,98,6,37.4117647058823,34,66
1000,98,0.90625,35.9375,32,62
1100,98,4.96875,35.6875,32,62
1200,98,9.1875,35.84375,32,64
1300,98,17,34.2285714285714,35,64
1400,98,20.4,32.8857142857143,35,66
1500,98,20.75,29.03125,32,66
1600,98,16.8235294117647,24.1764705882353,34,62
1700,98,11.4838709677419,21.0322580645161,31,62
1800,98,7.15151515151515,19.5151515151515,33,62
1900,98,6.65625,17.59375,32,62
2000,98,12.6470588235294,19.8529411764706,34,64
2100,98,8.1875,25.34375,32,64
2200,98,3.66666666666667,25.7272727272727,33,64
2300,98,-1.63333333333333,28.7333333333333,30,64
2400,98,-4.78787878787878,23.9090909090909,33,62
2500,98,-3.375,18.53125,32,64
2600,98,2.875,16.15625,32,66
2700,98,2.625,11.1875,32,64
2800,98,-1.34375,8.4375,32,64
2900,98,-3.1935483870968,5.2258064516129,31,62
3000,98,-8.8,7.08571428571428,35,64
3100,98,-11.9411764705882,3.44117647058824,34,64
3200,98,-15.4,0.733333333333333,30,62
3300,98,-18.9090909090909,-3.8181818181818,33,64
3400,98,-20.6666666666667,0.333333333333329,30,62
3500,98,-20.1935483870968,5.41935483870968,31,66
3600,98,-22.7096774193548,11,31,62
3700,98,-25.9375,17.5,32,64
3800,98,-27.75,22.28125,32,62
3900,98,-29.09375,29.96875,32,62
4000,98,-24.4848484848485,34.3939393939394,33,64
4100,98,-20.1764705882353,30.8235294117647,34,62
4200,98,-15.8064516129032,31.1612903225806,31,62
4300,98,-11.4705882352941,29.7647058823529,34,66
4400,98,-7.625,25.5,32,62
4500,98,-9.5625,20.15625,32,66
4600,98,-10.7941176470588,17.3235294117647,34,66
4700,98,-16.28125,19.96875,32,62
4800,98,-18.3611111111111,23.2222222222222,36,66
4900,98,-21.0645161290323,20.741935483871,31,62
5000,98,-23.5625,16.09375,32,64
5100,98,-21.969696969697,12.1818181818182,33,62
5200,98,-21.2727272727273,7,33,64
5300,98,-19.0645161290323,1.09677419354838,31,62
5400,98,-15.3333333333333,1.66666666666667,33,66
5500,98,-15.8181818181818,6.15151515151516,33,64
5600,98,-16.53125,12.0625,32,62
5700,98,-13.4242424242424,8.84848484848484,33,64
5800,98,-9.47058823529412,8.76470588235294,34,64
5900,98,-7.80645161290325,4.2258064516129,31,62
6000,98,-7.6969696969697,-1.1818181818182,33,64
6100,98,-7.90909090909092,-5.60606060606064,33,64
6200,98,-9.7714285714286,-11.0285714285714,35,66
6300,98,-13.5,-15.5,34,64
6400,98,-14.0967741935484,-20.9677419354839,31,62
6500,98,-9.3142857142857,-24.0857142857143,35,64
6600,98,-5.59375,-24.59375,32,64
6700,98,1.70588235294117,-22.5,34,62
6800,98,2.21875,-27.9375,32,64
6900,98,-4.79310344827589,-29.8965517241379,29,62
7000,98,-9.32258064516132,-29.1290322580645,31,64
7100,98,-9.90625000000004,-33,32,64
7200,98,-13.969696969697,-37.1212121212121,33,64
7300,98,-17.2941176470588,-38.235294117647,34,66
7400,98,-23.0322580645161,-37.0967741935484,31,62
7500,98,-25.5,-41,32,62
7600,98,-24.4838709677419,-45.4193548387097,31,64
7700,98,-22.5483870967742,-47.5806451612903,31,64
7800,98,-17.9090909090909,-48.2424242424242,33,62
7900,98,-15.8823529411765,-52.1176470588235,34,64
8000,98,-16.65625,-56.65625,32,62
8100,98,-19.5757575757576,-60.2424242424242,33,62
8200,98,-20.1290322580645,-64.2258064516129,31,64
8300,98,-19.6764705882353,-67.9705882352941,34,64
8400,98,-17.5588235294118,-75.9411764705882,34,64
8500,98,-16.2,-81.0857142857143,35,64
8600,98,-11.5806451612903,-84.8387096774194,31,62
8700,98,-6.8125,-83.25,32,64
8800,98,-7.51612903225804,-78,31,62
8900,98,-6.33333333333331,-71.7777777777778,36,66
9000,98,-5.51428571428572,-65.6,35,64
9100,98,-7.06451612903228,-61.0645161290323,31,64
9200,98,-9.625,-57.375,32,62
9300,98,-11.90625,-52.9375,32,64
9400,98,-15.9090909090909,-52.969696969697,33,64
9500,98,-18.0857142857143,-48.0857142857143,35,66
9600,98,-15.3823529411765,-44.0294117647059,34,64
9700,98,-10.3333333333333,-40.7,30,62
9800,98,-8.15625,-36.53125,32,64
9900,98,-10.375,-33.15625,32,60
10000,98,-11.7575757575758,-27.3333333333333,33,62
0,99,50.5,50.5,2,14
100,99,46.5294117647059,48.6764705882353,34,66
200,99,41.6764705882353,46.3235294117647,34,64
300,99,39.8235294117647,43.8235294117647,34,64
400,99,34.8529411764706,45.8235294117647,34,64
500,99,32.4117647058824,42.5588235294118,34,64
600,99,29.6363636363636,37.5151515151515,33,64
700,99,26.7647058823529,32.4411764705882,34,64
800,99,23.375,28.625,32,64
900,99,20.6060606060606,24.7878787878788,33,64
1000,99,17.2121212121212,23.4545454545455,33,62
1100,99,13.75,22.34375,32,64
1200,99,9.5,16.5,32,64
1300,99,6.73529411764706,9.35294117647059,34,66
1400,99,6.08333333333333,4.44444444444444,36,66
1500,99,10.5172413793103,1.89655172413793,29,64
1600,99,13.6129032258065,-1.90322580645162,31,62
1700,99,17.9393939393939,-5.06060606060608,33,66
1800,99,24.0882352941176,-7.58823529411764,34,64
1900,99,29.4117647058824,-9.2058823529412,34,66
2000,99,35.3529411764706,-10.2647058823529,34,64
2100,99,39.6764705882353,-8,34,66
2200,99,38.5142857142857,-4.22857142857144,35,66
2300,99,42.9677419354839,-1.58064516129032,31,62
2400,99,43.46875,3.875,32,62
2500,99,42.6470588235294,8.94117647058823,34,66
2600,99,44.0285714285714,14.4,35,64
2700,99,45.3125,20.0625,32,62
2800,99,41.59375,19.03125,32,64
2900,99,35.6764705882353,19.0294117647059,34,64
3000,99,31.34375,16.9375,32,64
3100,99,25.5151515151515,13.8787878787879,33,64
3200,99,28.96875,9.25,32,62
3300,99,31.5483870967742,6,31,64
3400,99,33.8,2.06666666666666,30,62
3500,99,32.7878787878788,-3.15151515151516,33,64
3600,99,37.75,-8.25,32,62
3700,99,43.0606060606061,-10.5757575757576,33,64
3800,99,47.0322580645161,-16.9354838709677,31,62
3900,99,48.6470588235294,-21.5294117647059,34,64
4000,99,53.1470588235294,-26.3235294117647,34,64
4100,99,58.2727272727273,-26.1515151515152,33,68
4200,99,63.7575757575758,-22.969696969697,33,64
4300,99,68.4117647058823,-23.1764705882353,34,66
4400,99,73.4838709677419,-23.1612903225806,31,64
4500,99,77.6774193548387,-18.6774193548387,31,62
4600,99,79.1891891891892,-13.8648648648649,37,66
4700,99,85.030303030303,-10.6363636363637,33,64
4800,99,89.0606060606061,-11.5757575757576,33,62
4900,99,92.78125,-12.34375,32,64
5000,99,95.8529411764706,-7,34,66
5100,99,99.1764705882353,-9.44117647058825,34,66
5200,99,104.676470588235,-10.5882352941176,34,64
5300,99,109.757575757576,-10.1818181818182,33,64
5400,99,114.03125,-12.9375,32,66
5500,99,119.21875,-15.46875,32,64
5600,99,124.205882352941,-16.5,34,64
5700,99,130.548387096774,-16.1612903225807,31,62
5800,99,135.774193548387,-16.8064516129032,31,64
5900,99,142.194444444444,-18.5277777777778,36,68
6000,99,145.387096774194,-21.7096774193548,31,64
6100,99,149.617647058824,-21.3823529411765,34,66
6200,99,154.771428571429,-16.3714285714285,35,64
6300,99,157.352941176471,-11,34,64
6400,99,151.878787878788,-7.3030303030303,33,64
6500,99,148.617647058824,-12.3823529411764,34,64
6600,99,151.242424242424,-18.2121212121212,33,64
6700,99,158.457142857143,-20.7428571428572,35,64
6800,99,162.818181818182,-25.3333333333333,33,64
6900,99,170.129032258065,-29.5483870967742,31,64
7000,99,171.121212121212,-23.4848484848485,33,66
7100,99,174.225806451613,-19.6774193548387,31,64
7200,99,174.030303030303,-14.4242424242424,33,62
7300,99,171.060606060606,-9,33,64
7400,99,168.625,-6.625,32,64
7500,99,167.176470588235,-1.8235294117647,34,62
7600,99,168.46875,0.75,32,62
7700,99,171.15625,2.4375,32,62
7800,99,176.03125,0.28125,32,64
7900,99,179.285714285714,1.59999999999999,35,64
8000,99,175.612903225806,5.70967741935483,31,64
8100,99,170.205882352941,6.29411764705883,34,64
8200,99,170.424242424242,2.06060606060606,33,62
8300,99,175.225806451613,-2.61290322580643,31,62
8400,99,179.290322580645,-3.77419354838707,31,64
8500,99,183.838709677419,-6.90322580645164,31,62
8600,99,180.28125,-12.90625,32,62
8700,99,177.861111111111,-13.6944444444444,36,66
8800,99,172.294117647059,-16.5,34,62
8900,99,170.030303030303,-15.3333333333333,33,64
9000,99,175.735294117647,-11.0294117647059,34,66
9100,99,179.558823529412,-8.2941176470588,34,66
9200,99,178.6875,-4,32,64
9300,99,182.4375,-1.15625,32,62
9400,99,185.171428571429,-2.60000000000002,35,66
9500,99,188.352941176471,-3.6764705882353,34,64
9600,99,193.090909090909,-1.84848484848484,33,64
9700,99,193.483870967742,4.93548387096774,31,62
9800,99,189.529411764706,10.0588235294118,34,64
9900,99,184.28125,15.90625,32,64
10000,99,181.727272727273,18.1818181818182,33,64
0,100,50,50.6666666666667,3,20
100,100,53.2857142857143,48.9428571428571,35,66
200,100,58.25,50.5,32,62
300,100,62.5483870967742,52.8064516129032,31,60
400,100,66.2727272727273,49.060606060606,33,66
500,100,66.0606060606061,42.9393939393939,33,64
600,100,62.9677419354839,39.258064516129,31,64
700,100,61.625,36.90625,32,64
800,100,68.3939393939394,35.4848484848485,33,64
900,100,68.8787878787879,40.9393939393939,33,64
1000,100,66.2121212121212,47.7575757575758,33,64
1100,100,61.3939393939394,49.8787878787879,33,64
1200,100,58.258064516129,53.2903225806452,31,62
1300,100,55.0625,57.125,32,62
1400,100,48.5,55,32,66
1500,100,42.9354838709678,53.6451612903226,31,60
1600,100,38,54,35,64
1700,100,33.0666666666667,55.8333333333333,30,62
1800,100,29.0909090909091,53.1212121212121,33,64
1900,100,28.28125,48.96875,32,62
2000,100,24.7941176470588,45.2058823529412,34,66
2100,100,23.6969696969697,38.3333333333333,33,64
2200,100,23.1818181818182,34.0909090909091,33,64
2300,100,22.6666666666667,27.969696969697,33,66
2400,100,17.7352941176471,27.6764705882353,34,66
2500,100,11.53125,25.0625,32,62
2600,100,12.2352941176471,23.3529411764706,34,64
2700,100,16.8125,23,32,62
2800,100,18.96875,18.875,32,64
2900,100,21.8666666666667,17.1333333333333,30,62
3000,100,25.5161290322581,15.4838709677419,31,62
3100,100,27.8387096774194,17.6129032258065,31,64
3200,100,32.1724137931035,19.0689655172414,29,62
3300,100,36.3529411764706,19.7058823529412,34,64
3400,100,40.5,18.1176470588235,34,66
3500,100,46.40625,16.875,32,64
3600,100,50.2121212121212,12.1515151515152,33,64
3700,100,53.8787878787879,13.8484848484848,33,64
3800,100,51.1666666666667,17.2333333333333,30,62
3900,100,47.6875,19.6875,32,64
4000,100,42.1612903225806,19.1290322580645,31,62
4100,100,38.9677419354839,17.5161290322581,31,64
4200,100,36.28125,14.21875,32,64
4300,100,31.0294117647059,14.1470588235294,34,64
4400,100,25.7714285714286,17.2857142857143,35,66
4500,100,19.741935483871,20.6451612903226,31,60
4600,100,16.28125,23.53125,32,64
4700,100,12.5161290322581,22.7741935483871,31,62
4800,100,7.09677419354839,24.5806451612903,31,64
4900,100,3.375,28.0625,32,62
5000,100,0.84375,32.6875,32,64
5100,100,0.374999999999999,37.3125,32,62
5200,100,1.83870967741936,41.9354838709677,31,62
5300,100,5.58823529411765,43.1176470588235,34,64
5400,100,9.96875,39.34375,32,64
5500,100,14.9722222222222,36.0833333333333,36,64
5600,100,18.9117647058823,33.2352941176471,34,64
5700,100,24.2424242424242,28.9393939393939,33,64
5800,100,23.4242424242424,22.4242424242424,33,62
5900,100,25.6,17.0333333333333,30,60
6000,100,29.21875,12.375,32,62
6100,100,33.6176470588235,15.0882352941177,34,64
6200,100,37.5,21.8235294117647,34,64
6300,100,33.5588235294118,26.6176470588235,34,66
6400,100,36.7941176470588,28.9411764705882,34,64
6500,100,42.1612903225806,27.9354838709677,31,62
6600,100,41.2424242424242,23.8181818181818,33,66
6700,100,35.9705882352941,19.8823529411765,34,66
6800,100,33.6875,14.28125,32,62
6900,100,35.8235294117647,8.23529411764706,34,64
7000,100,34.2424242424242,3.6969696969697,33,64
7100,100,31.0625,1.8125,32,64
7200,100,27.3,1.8,30,62
7300,100,23.7272727272727,0.363636363636363,33,62
7400,100,25.5,-3.3666666666667,30,60
7500,100,32.2424242424242,-6.72727272727272,33,64
7600,100,29.3823529411765,-12.0588235294118,34,66
7700,100,25.25,-14.53125,32,64
7800,100,21.4375,-18.09375,32,62
7900,100,21.4375,-23.53125,32,62
8000,100,24.9411764705882,-26.4705882352941,34,66
8100,100,24.1290322580645,-32.9354838709678,31,62
8200,100,25.2258064516129,-38.0322580645161,31,64
8300,100,23.7941176470588,-43.8823529411765,34,66
8400,100,18.7647058823529,-45.6470588235294,34,66
8500,100,15.90625,-47.0625,32,66
8600,100,13.6176470588235,-51.1764705882353,34,64
8700,100,14.3125,-55.5625,32,62
8800,100,10.15625,-64.75,32,64
8900,100,8.75757575757576,-70.7272727272727,33,66
9000,100,13.4242424242424,-75.4545454545455,33,64
9100,100,15.5333333333333,-78.0333333333333,30,66
9200,100,20.0857142857143,-81.6857142857143,35,64
9300,100,22.5151515151515,-86.4545454545455,33,66
9400,100,26.6470588235294,-89.1470588235294,34,64
9500,100,29.5151515151515,-87.2727272727273,33,64
9600,100,31.25,-82.46875,32,62
9700,100,30.75,-76.1875,32,62
9800,100,28.6129032258064,-73.7741935483871,31,62
9900,100,22.6764705882353,-74.0294117647059,34,66
10000,100,21.0588235294118,-78.4705882352941,34,64
