time,id,com_1,com_2,area,surface
0,1,50,50,1,8
100,1,54.34375,48.40625,32,64
200,1,56.9677419354839,46.6129032258064,31,64
300,1,60.5151515151515,45.7575757575757,33,64
400,1,61.6129032258065,45.1935483870968,31,62
500,1,64.6857142857143,45.8857142857143,35,64
600,1,67.78125,45.65625,32,62
700,1,69.5882352941177,46.3529411764706,34,64
800,1,72.1818181818182,46.6363636363636,33,64
900,1,76.6176470588235,46.7058823529412,34,64
1000,1,80.1818181818182,47.6666666666667,33,64
1100,1,81.6363636363636,48.3333333333333,33,64
1200,1,84,49.7096774193548,31,64
1300,1,86.9,51.2333333333333,30,62
1400,1,90.4193548387097,53.741935483871,31,62
1500,1,93.34375,52.625,32,62
1600,1,96.7272727272727,52.5151515151515,33,64
1700,1,98.3636363636364,52,33,64
1800,1,101.727272727273,53.3333333333333,33,64
1900,1,105.666666666667,52.0606060606061,33,64
2000,1,108.4,52.6857142857143,35,64
2100,1,110.228571428571,53.6285714285714,35,66
2200,1,113.363636363636,54.030303030303,33,64
2300,1,115.967741935484,54.741935483871,31,62
2400,1,116.942857142857,54.8857142857143,35,64
2500,1,117.757575757576,55.3333333333333,33,62
2600,1,121,57.21875,32,62
2700,1,124.147058823529,55.8823529411765,34,64
2800,1,123.909090909091,53.969696969697,33,64
2900,1,126.764705882353,55.7352941176471,34,66
3000,1,130.096774193548,57.8064516129032,31,62
3100,1,133.903225806452,58.3870967741936,31,62
3200,1,135.5,58.8125,32,62
3300,1,139.78125,58.46875,32,62
3400,1,143.666666666667,59.8787878787879,33,64
3500,1,147.625,59.09375,32,64
3600,1,151.771428571429,61.0857142857143,35,66
3700,1,155.181818181818,63.8181818181818,33,66
3800,1,158.30303030303,64.5454545454545,33,64
3900,1,159,64.7333333333333,30,64
4000,1,160.028571428571,66.6571428571429,35,66
4100,1,162.588235294118,67.5,34,64
4200,1,163.666666666667,66.7878787878788,33,64
4300,1,167.257142857143,65.9428571428572,35,68
4400,1,168.885714285714,64.8857142857143,35,64
4500,1,170.5,64.125,32,62
4600,1,173.28125,65.625,32,62
4700,1,174.352941176471,67.7941176470588,34,64
4800,1,177.393939393939,66.7878787878788,33,64
4900,1,183.483870967742,67.2903225806452,31,62
5000,1,186.470588235294,66.7647058823529,34,64
5100,1,189.3125,67.46875,32,64
5200,1,191.147058823529,67.7352941176471,34,64
5300,1,193.90625,67.9375,32,62
5400,1,195.548387096774,69.1935483870968,31,60
5500,1,197.3125,69.03125,32,66
5600,1,199.290322580645,68.2903225806452,31,64
5700,1,201.30303030303,68.8787878787879,33,64
5800,1,203.75,69.71875,32,62
5900,1,206.121212121212,72.0909090909091,33,64
6000,1,208.34375,71.90625,32,62
6100,1,210.3125,73.15625,32,62
6200,1,212.485714285714,72.4,35,64
6300,1,213.387096774194,71.9354838709678,31,62
6400,1,215.885714285714,71.6857142857143,35,66
6500,1,217.970588235294,70.6176470588235,34,64
6600,1,220.529411764706,72.7647058823529,34,64
6700,1,224.875,72.96875,32,64
6800,1,227,71.6857142857143,35,66
6900,1,232.193548387097,71.6129032258064,31,62
7000,1,234.121212121212,72.4242424242424,33,64
7100,1,238.235294117647,72.2058823529412,34,64
7200,1,241.612903225806,74.3870967741936,31,62
7300,1,245.242424242424,75.8787878787879,33,66
7400,1,248.965517241379,76.7241379310345,29,62
7500,1,252.029411764706,77.6764705882353,34,64
7600,1,256.0625,77.40625,32,64
7700,1,260.484848484848,79.0909090909091,33,66
7800,1,261.058823529412,80.1176470588236,34,64
7900,1,264.575757575758,80.6666666666667,33,64
8000,1,268.545454545455,80.2121212121212,33,62
8100,1,270.5,81,32,62
8200,1,271.4,80.7714285714286,35,66
8300,1,273.8125,79.71875,32,62
8400,1,278.709677419355,81.4193548387097,31,62
8500,1,281.366666666667,82.2666666666667,30,62
8600,1,282.484848484848,81.6060606060606,33,62
8700,1,285.771428571429,82.3714285714286,35,64
8800,1,286.870967741935,81.6774193548387,31,62
8900,1,288.117647058824,80.9117647058824,34,66
9000,1,290.125,79.5625,32,66
9100,1,292.90625,78.875,32,64
9200,1,296.032258064516,76.6129032258064,31,62
9300,1,300.352941176471,75.5294117647059,34,64
9400,1,303.424242424242,75.7575757575758,33,62
9500,1,304.823529411765,77.235294117647,34,64
9600,1,308.193548387097,76.5483870967742,31,64
9700,1,310.9375,74.9375,32,62
9800,1,314.852941176471,74.735294117647,34,64
9900,1,319.242424242424,76.3636363636364,33,64
10000,1,323.34375,76.09375,32,62
0,2,50,50,1,8
100,2,53.5333333333333,49.9666666666667,30,62
200,2,55.1875,49.4375,32,62
300,2,57.3030303030303,49.4242424242424,33,66
400,2,59.9705882352941,49.1176470588235,34,66
500,2,62.6060606060606,47.0909090909091,33,64
600,2,63.5161290322581,48.2258064516129,31,62
700,2,66.65625,47.40625,32,62
800,2,69.030303030303,49,33,66
900,2,72.40625,50.03125,32,62
1000,2,77.5757575757576,49.7878787878788,33,64
1100,2,79.7058823529412,47.7941176470588,34,64
1200,2,83.0606060606061,47.5757575757576,33,62
1300,2,85.4242424242424,48.6969696969697,33,64
1400,2,88.3333333333333,48.5757575757576,33,62
1500,2,91.7096774193548,46.5483870967742,31,62
1600,2,92.735294117647,44.8529411764706,34,64
1700,2,94.8484848484849,45.9090909090909,33,64
1800,2,97.2,45.5666666666667,30,64
1900,2,101.694444444444,45.0833333333333,36,66
2000,2,104.314285714286,47.1142857142857,35,64
2100,2,108.393939393939,45.6666666666667,33,64
2200,2,111.514285714286,45.8857142857143,35,64
2300,2,115.242424242424,44.9090909090909,33,62
2400,2,117,42.5625,32,62
2500,2,119.548387096774,41.6451612903226,31,62
2600,2,122.375,40.65625,32,62
2700,2,125.15625,40.03125,32,64
2800,2,129.545454545455,40.8787878787879,33,66
2900,2,133.294117647059,40.5,34,62
3000,2,136.129032258065,40.258064516129,31,64
3100,2,139.9,40.5,30,62
3200,2,143.28125,40.5625,32,64
3300,2,145.885714285714,40.4857142857143,35,64
3400,2,145.59375,39.96875,32,64
3500,2,149.59375,39.71875,32,62
3600,2,152.181818181818,39.6060606060606,33,66
3700,2,153.861111111111,39.6944444444444,36,66
3800,2,156.484848484848,39.7575757575758,33,64
3900,2,161.3125,41.46875,32,62
4000,2,164.545454545455,40.7878787878788,33,62
4100,2,169,40.78125,32,64
4200,2,173.151515151515,42.9090909090909,33,62
4300,2,175.709677419355,41.8709677419355,31,60
4400,2,178.875,40.25,32,64
4500,2,181.387096774194,40.5161290322581,31,62
4600,2,186.205882352941,39,34,64
4700,2,189.285714285714,37.8285714285714,35,64
4800,2,193.757575757576,36.9393939393939,33,64
4900,2,197.866666666667,35.8,30,64
5000,2,199.571428571429,35.4571428571428,35,64
5100,2,203.970588235294,34.7647058823529,34,64
5200,2,206.34375,36.09375,32,62
5300,2,210.030303030303,36.1212121212121,33,64
5400,2,213.764705882353,37.3823529411765,34,64
5500,2,215.970588235294,37.9705882352941,34,64
5600,2,218.645161290323,39.3548387096774,31,62
5700,2,219.4375,40.25,32,64
5800,2,224.125,42.03125,32,64
5900,2,227.9375,41.96875,32,66
6000,2,231.848484848485,42.5151515151515,33,62
6100,2,235.117647058824,42.3529411764706,34,66
6200,2,238.0625,43.84375,32,62
6300,2,240.09375,45.96875,32,64
6400,2,242.088235294118,45.2941176470588,34,66
6500,2,245.205882352941,44.2352941176471,34,64
6600,2,249.212121212121,43.8484848484849,33,64
6700,2,251.3125,43.40625,32,62
6800,2,251.294117647059,44.5,34,62
6900,2,254.371428571429,43.4285714285714,35,64
7000,2,257.0625,43.0625,32,62
7100,2,260,42,29,60
7200,2,261.727272727273,43.2424242424242,33,66
7300,2,265.575757575758,45.1515151515151,33,64
7400,2,267,45.7878787878788,33,64
7500,2,270.451612903226,43.6774193548387,31,62
7600,2,272.424242424242,42.9393939393939,33,62
7700,2,277.266666666667,41.7666666666667,30,64
7800,2,280.59375,43.09375,32,64
7900,2,282.46875,42.75,32,62
8000,2,283.823529411765,43.5,34,64
8100,2,286.970588235294,42.7058823529412,34,64
8200,2,289.060606060606,41.5757575757576,33,64
8300,2,292.46875,43.53125,32,62
8400,2,294.272727272727,42.3636363636364,33,62
8500,2,296.125,42.46875,32,66
8600,2,297.967741935484,41.1935483870968,31,62
8700,2,301.03125,40.25,32,66
8800,2,304.363636363636,41.6363636363636,33,64
8900,2,305.78125,41.46875,32,64
9000,2,307.34375,41.625,32,64
9100,2,309.647058823529,42.2941176470588,34,64
9200,2,311.090909090909,42.6363636363636,33,64
9300,2,315.272727272727,43.6363636363636,33,62
9400,2,317.433333333333,41.9333333333333,30,62
9500,2,317.96875,39.75,32,64
9600,2,321.484848484848,41.1818181818182,33,64
9700,2,322.424242424242,43.7272727272727,33,64
9800,2,326.4375,43.875,32,64
9900,2,329.939393939394,42.2424242424242,33,64
10000,2,333.794117647059,39.735294117647,34,64
0,3,51,50,3,20
100,3,54.8125,49.34375,32,64
200,3,57.1176470588235,47.5882352941176,34,64
300,3,59.0857142857143,48.9142857142857,35,66
400,3,61.8823529411765,48.7941176470588,34,64
500,3,64.8235294117647,48.5882352941176,34,64
600,3,69.8235294117647,50.1764705882353,34,62
700,3,72.46875,49.84375,32,62
800,3,77.3125,49.03125,32,64
900,3,80.0909090909091,49.8484848484849,33,64
1000,3,83.8235294117647,49.3823529411765,34,64
1100,3,85.8125,49.78125,32,62
1200,3,88.8285714285714,50.5428571428571,35,66
1300,3,90.8181818181818,51.969696969697,33,62
1400,3,96.7647058823529,53.9117647058823,34,64
1500,3,100.483870967742,54.6129032258065,31,62
1600,3,103.647058823529,55.3529411764706,34,64
1700,3,107.5,56.625,32,64
1800,3,107.1875,59.5625,32,62
1900,3,111.088235294118,60.5882352941176,34,64
2000,3,112.151515151515,62.4848484848485,33,62
2100,3,117.5625,60.90625,32,64
2200,3,120.484848484848,62.1515151515151,33,62
2300,3,122.705882352941,62.6470588235294,34,64
2400,3,125.225806451613,62.4193548387097,31,64
2500,3,128.84375,62.0625,32,62
2600,3,131.69696969697,62,33,64
2700,3,134.823529411765,61.8235294117647,34,62
2800,3,138.8,60.4,30,62
2900,3,140.636363636364,58.6666666666667,33,64
3000,3,142.757575757576,58.1818181818182,33,64
3100,3,144.5,58,34,62
3200,3,147.466666666667,59.2,30,64
3300,3,150.757575757576,59.9090909090909,33,66
3400,3,151.676470588235,59.0882352941177,34,64
3500,3,155.617647058824,60.0588235294118,34,64
3600,3,158.757575757576,60.4242424242424,33,62
3700,3,162.060606060606,55.4242424242424,33,62
3800,3,165.515151515152,57.3939393939394,33,64
3900,3,167.451612903226,57.0322580645161,31,66
4000,3,169.633333333333,56.7333333333333,30,64
4100,3,171.151515151515,58.7272727272727,33,62
4200,3,173.967741935484,58.1935483870968,31,64
4300,3,175.176470588235,61.5,34,64
4400,3,176,60.5,32,62
4500,3,178.34375,60,32,66
4600,3,180.294117647059,61.6176470588235,34,66
4700,3,184.806451612903,62.4193548387097,31,62
4800,3,187.266666666667,63.2,30,60
4900,3,189.09375,63.96875,32,62
5000,3,193.181818181818,64.2727272727273,33,62
5100,3,195.294117647059,64.5,34,62
5200,3,197,64.5454545454545,33,64
5300,3,200.65625,62.53125,32,64
5400,3,201.606060606061,62.2121212121212,33,64
5500,3,205.354838709677,60.2258064516129,31,64
5600,3,205.764705882353,61.8235294117647,34,64
5700,3,209.125,61.0625,32,66
5800,3,211.424242424242,59.6666666666667,33,62
5900,3,213.909090909091,59.9090909090909,33,64
6000,3,216.870967741935,59.4516129032258,31,62
6100,3,219.666666666667,58.4545454545454,33,64
6200,3,223.363636363636,57.8181818181818,33,64
6300,3,224.454545454545,56,33,64
6400,3,228.545454545455,56.969696969697,33,64
6500,3,229.666666666667,55.0606060606061,33,62
6600,3,231.878787878788,53.5151515151515,33,64
6700,3,232.75,53.15625,32,64
6800,3,234.15625,53.28125,32,62
6900,3,237,51.7647058823529,34,66
7000,3,241.903225806452,51.8709677419355,31,62
7100,3,244.757575757576,52.030303030303,33,64
7200,3,248.823529411765,51.8235294117647,34,62
7300,3,252.818181818182,51.5454545454545,33,64
7400,3,253.9375,51.40625,32,64
7500,3,258.558823529412,50.2058823529412,34,66
7600,3,262.588235294118,49.6176470588235,34,64
7700,3,267.090909090909,51.2424242424242,33,62
7800,3,270.606060606061,50.4848484848485,33,64
7900,3,273.8,49.9142857142857,35,64
8000,3,275.424242424242,48.5454545454546,33,64
8100,3,277.7,47.6,30,62
8200,3,278.257142857143,45.8,35,66
8300,3,280.533333333333,43.7666666666667,30,64
8400,3,283.5625,44.40625,32,64
8500,3,284.21875,45.46875,32,64
8600,3,288.41935483871,44.3225806451613,31,62
8700,3,291.818181818182,43.969696969697,33,62
8800,3,295.147058823529,41.235294117647,34,64
8900,3,295.515151515152,42.8484848484849,33,62
9000,3,300.393939393939,42.969696969697,33,64
9100,3,301.636363636364,41.969696969697,33,64
9200,3,303.69696969697,41,33,64
9300,3,306.75,40.6875,32,64
9400,3,309.032258064516,39.8064516129032,31,62
9500,3,311.333333333333,39.9444444444444,36,66
9600,3,313.96875,40.9375,32,64
9700,3,316,40.25,32,64
9800,3,319.764705882353,40.9117647058823,34,64
9900,3,323.225806451613,41.6774193548387,31,64
10000,3,326.352941176471,44,34,64
0,4,50.5,50,4,22
100,4,52.4193548387097,51.4193548387097,31,64
200,4,55.1818181818182,51.2424242424242,33,64
300,4,55.5882352941177,52.8235294117647,34,64
400,4,58.5757575757576,50.2727272727273,33,64
500,4,60.7096774193548,50.8064516129032,31,62
600,4,62.65625,53.34375,32,64
700,4,64.2903225806452,55.4193548387097,31,62
800,4,67.7741935483871,54.9677419354839,31,62
900,4,69.6176470588235,54.9705882352941,34,64
1000,4,72.8857142857143,55.2571428571429,35,64
1100,4,76.2424242424242,54.2121212121212,33,64
1200,4,79.9117647058823,54.7352941176471,34,64
1300,4,81.09375,54.40625,32,64
1400,4,82.3030303030303,56.0909090909091,33,62
1500,4,85.5294117647059,55.0588235294118,34,64
1600,4,88.8181818181818,55.7272727272727,33,62
1700,4,90.7714285714286,56.8,35,66
1800,4,93.8709677419355,55.4516129032258,31,64
1900,4,96.516129032258,59.8387096774194,31,62
2000,4,99.2424242424242,59.5757575757576,33,62
2100,4,102.558823529412,59.4411764705882,34,64
2200,4,106.233333333333,58.4333333333333,30,62
2300,4,111.235294117647,55.2647058823529,34,66
2400,4,113.606060606061,56.5151515151515,33,62
2500,4,117.5,54.7058823529412,34,62
2600,4,120.212121212121,53.2121212121212,33,66
2700,4,122.666666666667,54.0606060606061,33,62
2800,4,125.969696969697,52.8181818181818,33,64
2900,4,129.558823529412,53,34,66
3000,4,132.606060606061,54.6969696969697,33,66
3100,4,135.8125,55.5625,32,62
3200,4,138.6,56.3142857142857,35,64
3300,4,141.647058823529,56.3235294117647,34,64
3400,4,144.030303030303,56,33,64
3500,4,148.818181818182,58.3636363636364,33,64
3600,4,151.354838709677,58.6129032258064,31,62
3700,4,156.030303030303,60.3939393939394,33,64
3800,4,159.741935483871,57.9677419354839,31,64
3900,4,162.030303030303,58.1818181818182,33,62
4000,4,165.454545454545,59,33,64
4100,4,167.088235294118,59.4117647058823,34,64
4200,4,168.5,58.1333333333333,30,62
4300,4,171,58.4545454545454,33,64
4400,4,174.444444444444,58.3611111111111,36,66
4500,4,177.129032258065,58.3548387096774,31,62
4600,4,177.0625,58.875,32,64
4700,4,178.971428571429,58.8285714285714,35,64
4800,4,179.969696969697,59.030303030303,33,66
4900,4,183.4375,60.53125,32,62
5000,4,185.424242424242,59.0606060606061,33,64
5100,4,189.3,61.3666666666667,30,60
5200,4,194.085714285714,61.8571428571428,35,64
5300,4,197,60.84375,32,62
5400,4,198.970588235294,60.0294117647059,34,64
5500,4,199.78125,58.75,32,64
5600,4,203.151515151515,60.9090909090909,33,62
5700,4,205.852941176471,61.3529411764706,34,64
5800,4,209.5,61.5,34,64
5900,4,214.1875,62,32,62
6000,4,216.941176470588,62.2647058823529,34,66
6100,4,219.333333333333,61.6969696969697,33,64
6200,4,223.457142857143,61.8,35,64
6300,4,226.935483870968,60.5806451612903,31,60
6400,4,229.65625,61.53125,32,62
6500,4,232.40625,62.84375,32,64
6600,4,233.875,63.84375,32,62
6700,4,238.21875,64.40625,32,64
6800,4,241.454545454545,64.060606060606,33,66
6900,4,247.34375,66.3125,32,64
7000,4,249.933333333333,65.7,30,62
7100,4,252.228571428571,67,35,64
7200,4,256.818181818182,67.3939393939394,33,64
7300,4,257.9375,67.75,32,64
7400,4,260.757575757576,66.9090909090909,33,64
7500,4,264.166666666667,65.1333333333333,30,62
7600,4,267.25,64.125,32,64
7700,4,271.15625,65.0625,32,62
7800,4,275.205882352941,66.5588235294118,34,64
7900,4,278.032258064516,66.7741935483871,31,62
8000,4,281.485714285714,65.2,35,66
8100,4,286.085714285714,64.7714285714286,35,64
8200,4,286.882352941176,62.1470588235294,34,64
8300,4,288.382352941176,61.8529411764706,34,64
8400,4,293.323529411765,61.5588235294118,34,66
8500,4,296.612903225806,61.9032258064516,31,64
8600,4,297.896551724138,65.1034482758621,29,62
8700,4,301.225806451613,67.1935483870968,31,64
8800,4,304.30303030303,70.6969696969697,33,64
8900,4,306.71875,70.25,32,62
9000,4,308.8125,68.75,32,62
9100,4,313.65625,67.8125,32,64
9200,4,316.766666666667,67.1666666666667,30,62
9300,4,321.342857142857,67.7714285714286,35,64
9400,4,323.666666666667,68.0606060606061,33,62
9500,4,327.5625,68.78125,32,66
9600,4,330.5625,67.5625,32,62
9700,4,333.90625,69.5,32,62
9800,4,335.909090909091,70.2727272727273,33,64
9900,4,338.15625,69.65625,32,64
10000,4,342.903225806452,69.2903225806452,31,62
0,5,49.3333333333333,49.6666666666667,3,18
100,5,54.96875,47.6875,32,64
200,5,55.8787878787879,50.3030303030303,33,66
300,5,57.2727272727273,52.3030303030303,33,64
400,5,61.3235294117647,51.4411764705882,34,64
500,5,65.6129032258065,51.8064516129032,31,64
600,5,69.03125,51.59375,32,66
700,5,72,52.90625,32,62
800,5,73.969696969697,52.3939393939394,33,66
900,5,76.40625,53.65625,32,64
1000,5,77.4,54.5,30,62
1100,5,82.46875,55.53125,32,62
1200,5,86.6451612903226,54.741935483871,31,62
1300,5,89.625,53.8125,32,64
1400,5,91.9666666666666,52.8666666666667,30,64
1500,5,96.8333333333333,54.8333333333333,30,62
1600,5,99.4375,55.5625,32,62
1700,5,103.617647058824,58.4117647058824,34,64
1800,5,106.322580645161,58.6774193548387,31,62
1900,5,108.484848484848,59.1515151515151,33,62
2000,5,108.714285714286,60.1428571428571,35,66
2100,5,111.757575757576,59.6666666666667,33,64
2200,5,114.967741935484,59.5806451612903,31,64
2300,5,117.69696969697,58,33,64
2400,5,120.5,59,34,62
2500,5,120.59375,59,32,62
2600,5,124.366666666667,59.4666666666667,30,62
2700,5,128.121212121212,57.8484848484849,33,64
2800,5,130.9375,57.15625,32,62
2900,5,130.65625,56.40625,32,64
3000,5,133.114285714286,57.9428571428571,35,64
3100,5,136,57.4516129032258,31,62
3200,5,138.193548387097,57.3548387096774,31,62
3300,5,143.866666666667,55.5333333333333,30,62
3400,5,148.483870967742,57.7741935483871,31,62
3500,5,151.866666666667,58.4666666666667,30,64
3600,5,157.5,56.7058823529412,34,62
3700,5,162.647058823529,55.5,34,64
3800,5,165.909090909091,56.3636363636364,33,66
3900,5,168.060606060606,55.2424242424242,33,64
4000,5,169.852941176471,54.4117647058823,34,64
4100,5,173.129032258065,53.3870967741936,31,64
4200,5,175.666666666667,53.9393939393939,33,62
4300,5,179.366666666667,54.1,30,62
4400,5,180.428571428571,54.5428571428571,35,64
4500,5,183,53.5,32,62
4600,5,186.058823529412,52.5294117647059,34,64
4700,5,188.5,54.09375,32,66
4800,5,193.027777777778,52.6944444444444,36,64
4900,5,192.060606060606,49.8787878787879,33,66
5000,5,194.225806451613,48.1612903225806,31,64
5100,5,198.71875,47.25,32,62
5200,5,201.71875,46.25,32,64
5300,5,203.833333333333,46.9333333333333,30,62
5400,5,204.838709677419,46.5483870967742,31,62
5500,5,207.78125,46.40625,32,64
5600,5,210.90625,45.46875,32,64
5700,5,213.0625,45.5625,32,62
5800,5,216.030303030303,47.1212121212121,33,64
5900,5,220.71875,46,32,64
6000,5,226.393939393939,45,33,64
6100,5,228.787878787879,45.7575757575758,33,66
6200,5,231.933333333333,45.5333333333333,30,64
6300,5,233.972222222222,46.3055555555556,36,64
6400,5,236.903225806452,45,31,66
6500,5,242.90625,43.34375,32,62
6600,5,243.606060606061,42.2121212121212,33,64
6700,5,247.03125,41.46875,32,62
6800,5,248.03125,42.90625,32,62
6900,5,252.205882352941,42.9117647058823,34,64
7000,5,254.258064516129,44.8064516129032,31,64
7100,5,255.558823529412,46.5294117647059,34,64
7200,5,258.848484848485,45.3636363636364,33,64
7300,5,260.885714285714,47.4857142857143,35,64
7400,5,263.909090909091,47.6969696969697,33,62
7500,5,268.235294117647,45.4705882352941,34,64
7600,5,268.3125,45.0625,32,64
7700,5,270.058823529412,42.7647058823529,34,64
7800,5,271,41.5333333333333,30,62
7900,5,274.606060606061,41.4545454545454,33,64
8000,5,278.5,40,36,66
8100,5,281,39.4375,32,62
8200,5,283.65625,38.125,32,64
8300,5,285.387096774194,36.4193548387097,31,62
8400,5,291.617647058824,36.9117647058824,34,66
8500,5,295.787878787879,35.969696969697,33,64
8600,5,297.8125,33,32,62
8700,5,299.542857142857,34.0857142857143,35,64
8800,5,302.787878787879,36,33,64
8900,5,305.09375,34.9375,32,62
9000,5,307.46875,34.3125,32,62
9100,5,308.84375,35.1875,32,62
9200,5,314.636363636364,35.1515151515151,33,64
9300,5,317.515151515152,35.5454545454545,33,64
9400,5,320,37.5,34,62
9500,5,322.764705882353,37.0294117647059,34,66
9600,5,324.852941176471,36,34,66
9700,5,328.096774193548,37.8387096774194,31,62
9800,5,331.65625,36.875,32,64
9900,5,333.0625,38.53125,32,62
10000,5,335.030303030303,37.8787878787879,33,64
0,6,50,50,1,8
100,6,52.6666666666667,51.5757575757576,33,62
200,6,56.3870967741935,50.2258064516129,31,62
300,6,56.0909090909091,50.6969696969697,33,66
400,6,56.3030303030303,48.8181818181818,33,64
500,6,59.1764705882353,48.1764705882353,34,62
600,6,62.625,48.09375,32,64
700,6,66.1470588235294,48.8529411764706,34,66
800,6,71.448275862069,49.2068965517241,29,62
900,6,76.78125,48.375,32,62
1000,6,80.3529411764706,47.4411764705882,34,64
1100,6,84.8484848484848,46.0909090909091,33,62
1200,6,87.1470588235294,47.4117647058824,34,64
1300,6,89,48,33,64
1400,6,89.6666666666666,48.9393939393939,33,62
1500,6,91.6451612903226,50.1935483870968,31,62
1600,6,94.1935483870968,50.3548387096774,31,62
1700,6,97.5588235294118,52.7058823529412,34,64
1800,6,99.5757575757576,54.5757575757576,33,62
1900,6,103.741935483871,55.5483870967742,31,62
2000,6,106.064516129032,57.8709677419355,31,62
2100,6,109.21875,59.4375,32,64
2200,6,112.69696969697,60.0606060606061,33,64
2300,6,115.323529411765,62.2058823529412,34,66
2400,6,115.65625,63.71875,32,64
2500,6,117.647058823529,65.8529411764706,34,64
2600,6,117.272727272727,66.3636363636363,33,62
2700,6,119.027777777778,64.3055555555556,36,66
2800,6,123,64.4117647058823,34,64
2900,6,124.375,64.3125,32,64
3000,6,125.882352941176,65.0588235294117,34,64
3100,6,128.75,65.9375,32,62
3200,6,132.451612903226,65.4193548387097,31,62
3300,6,135.393939393939,62.9393939393939,33,64
3400,6,137.257142857143,61.7714285714286,35,64
3500,6,140.09375,63.9375,32,62
3600,6,142.28125,62.59375,32,62
3700,6,142.848484848485,62.6363636363636,33,66
3800,6,147.033333333333,63.8666666666667,30,62
3900,6,149.466666666667,62.5,30,64
4000,6,153.875,62.25,32,64
4100,6,158.787878787879,60.1818181818182,33,64
4200,6,162.727272727273,60.6363636363636,33,64
4300,6,166.606060606061,61.030303030303,33,64
4400,6,169.151515151515,61.969696969697,33,64
4500,6,170.90625,64.21875,32,64
4600,6,171.71875,63.03125,32,62
4700,6,176.606060606061,60.3030303030303,33,64
4800,6,178.454545454545,59.3333333333333,33,66
4900,6,181,62.4333333333333,30,60
5000,6,184.25,63.0625,32,64
5100,6,188.294117647059,61.2058823529412,34,64
5200,6,191.393939393939,61.030303030303,33,64
5300,6,191.264705882353,62.0882352941176,34,64
5400,6,195.939393939394,61.7878787878788,33,64
5500,6,197.057142857143,63.4285714285714,35,64
5600,6,200.848484848485,66.7272727272727,33,62
5700,6,205.5,66.3235294117647,34,66
5800,6,207.9,65,30,64
5900,6,210.147058823529,66.6470588235294,34,66
6000,6,212.4375,67.84375,32,66
6100,6,213.59375,67.28125,32,62
6200,6,214.677419354839,66.741935483871,31,62
6300,6,215.533333333333,68,30,62
6400,6,218.942857142857,67.3428571428571,35,64
6500,6,219.636363636364,66.0606060606061,33,64
6600,6,221.466666666667,67.2666666666667,30,64
6700,6,227.41935483871,66.0645161290323,31,64
6800,6,231.1875,65.46875,32,62
6900,6,234.3125,66.71875,32,62
7000,6,238.545454545455,65.6060606060606,33,64
7100,6,241.451612903226,65.1935483870968,31,62
7200,6,242.5,64.375,32,62
7300,6,243.724137931034,65,29,60
7400,6,246.6875,64.4375,32,62
7500,6,250.176470588235,62.8235294117647,34,62
7600,6,254.166666666667,61.5,36,66
7700,6,255.1875,60.75,32,66
7800,6,257.823529411765,60.3823529411765,34,64
7900,6,261.125,61.75,32,64
8000,6,264.6875,61.5625,32,62
8100,6,267.676470588235,61.2058823529412,34,66
8200,6,270.242424242424,59.6060606060606,33,64
8300,6,274.15625,59.1875,32,64
8400,6,276.1875,59.84375,32,62
8500,6,279.84375,62.1875,32,64
8600,6,283.75,62.46875,32,62
8700,6,286.411764705882,61.3529411764706,34,64
8800,6,290.633333333333,61.7333333333333,30,62
8900,6,294,60.2424242424242,33,64
9000,6,295.764705882353,61.0882352941176,34,64
9100,6,300.090909090909,61.6060606060606,33,64
9200,6,304.612903225806,64.3548387096774,31,62
9300,6,307.970588235294,62.5588235294118,34,64
9400,6,311.060606060606,61.5757575757576,33,64
9500,6,314.529411764706,61.5588235294118,34,64
9600,6,316.090909090909,61.7575757575758,33,62
9700,6,318.382352941176,61.3235294117647,34,64
9800,6,320.823529411765,60.6470588235294,34,64
9900,6,324.5,59.34375,32,64
10000,6,328.090909090909,58.8484848484849,33,62
0,7,50,50,1,8
100,7,52.1612903225806,52.0322580645161,31,64
200,7,53.3636363636364,53.5454545454545,33,64
300,7,56.875,53.78125,32,62
400,7,61.21875,57.28125,32,64
500,7,62.09375,55.9375,32,62
600,7,66.2727272727273,57.1818181818182,33,64
700,7,67.735294117647,56.7352941176471,34,64
800,7,69.96875,57.9375,32,64
900,7,72.1176470588235,59.8529411764706,34,64
1000,7,74.6060606060606,58.5151515151515,33,64
1100,7,75.6571428571429,59.7714285714286,35,64
1200,7,77.7,59.5,30,64
1300,7,80.741935483871,58.1290322580645,31,64
1400,7,83.2121212121212,56.9393939393939,33,64
1500,7,86.4285714285714,57.0571428571429,35,64
1600,7,89.1935483870968,56.0322580645161,31,62
1700,7,91.4117647058824,55.3235294117647,34,64
1800,7,93.6774193548387,55.8387096774194,31,64
1900,7,97.1470588235294,58.5588235294118,34,64
2000,7,99.1290322580645,60.258064516129,31,64
2100,7,101.548387096774,59.3225806451613,31,62
2200,7,104.666666666667,57.2424242424242,33,62
2300,7,107.1875,55.875,32,64
2400,7,109.764705882353,54.0294117647059,34,64
2500,7,110.617647058824,50.7058823529412,34,66
2600,7,111.848484848485,49.4848484848485,33,62
2700,7,114.939393939394,49.6969696969697,33,64
2800,7,117.333333333333,48.7575757575758,33,62
2900,7,118.366666666667,49.2666666666667,30,62
3000,7,124.088235294118,48.8235294117647,34,64
3100,7,127,50.2647058823529,34,62
3200,7,129.666666666667,49.8484848484849,33,64
3300,7,132.15625,51.34375,32,62
3400,7,134.09375,51.4375,32,62
3500,7,136.090909090909,52.1515151515151,33,62
3600,7,137.545454545455,55.9090909090909,33,62
3700,7,141.705882352941,56.5,34,62
3800,7,143.882352941176,56.6176470588235,34,64
3900,7,147.625,57.5,32,62
4000,7,150.088235294118,56.5882352941177,34,64
4100,7,152.451612903226,54.1612903225806,31,62
4200,7,156.757575757576,57.0909090909091,33,62
4300,7,159.645161290323,59.1935483870968,31,62
4400,7,163.677419354839,57.8064516129032,31,64
4500,7,167.290322580645,59.9032258064516,31,62
4600,7,167.787878787879,58.5454545454545,33,62
4700,7,170.454545454545,57.2727272727273,33,64
4800,7,174.176470588235,57.2352941176471,34,64
4900,7,177.3125,58.15625,32,64
5000,7,179.935483870968,56.1290322580645,31,62
5100,7,184.428571428571,57.4571428571428,35,66
5200,7,187.09375,59.5625,32,62
5300,7,190.69696969697,60.3636363636364,33,64
5400,7,194.9375,60.3125,32,62
5500,7,197,62.2647058823529,34,62
5600,7,200.21875,61.875,32,64
5700,7,201.1875,62.84375,32,62
5800,7,201.909090909091,62.3030303030303,33,62
5900,7,203.636363636364,65.1212121212122,33,64
6000,7,207.121212121212,67.4545454545455,33,64
6100,7,211.939393939394,65.8484848484848,33,64
6200,7,213.34375,66.96875,32,64
6300,7,217.0625,65.46875,32,62
6400,7,220.575757575758,67.0606060606061,33,62
6500,7,224.742857142857,65.4,35,66
6600,7,227.322580645161,64.3870967741935,31,64
6700,7,229.935483870968,65.3548387096774,31,60
6800,7,233.90625,66.03125,32,62
6900,7,236.911764705882,67.3529411764706,34,64
7000,7,237.96875,66.09375,32,64
7100,7,241.21875,68.5625,32,64
7200,7,243.4,66.4,30,62
7300,7,245.65625,66.03125,32,64
7400,7,245.787878787879,65.6666666666667,33,64
7500,7,248.457142857143,64.9142857142857,35,66
7600,7,250.09375,66.25,32,64
7700,7,251.575757575758,66.9393939393939,33,62
7800,7,253.0625,66.4375,32,62
7900,7,255.647058823529,67.4705882352941,34,64
8000,7,258.84375,67.9375,32,62
8100,7,262.909090909091,67.5757575757576,33,64
8200,7,265.575757575758,67.4242424242424,33,62
8300,7,268.363636363636,67.7272727272727,33,62
8400,7,274.25,71.28125,32,62
8500,7,275.181818181818,72.0909090909091,33,64
8600,7,278.969696969697,70.9090909090909,33,64
8700,7,280.411764705882,72.7352941176471,34,66
8800,7,282.125,73.96875,32,64
8900,7,285.545454545455,74.9393939393939,33,64
9000,7,288.354838709677,73.3548387096774,31,62
9100,7,291.5625,71.1875,32,62
9200,7,294.625,70.5,32,64
9300,7,298.1875,70.65625,32,64
9400,7,301.5625,69.6875,32,64
9500,7,303.735294117647,69.0882352941177,34,64
9600,7,307.0625,68.5,32,64
9700,7,308.382352941176,68.5588235294118,34,66
9800,7,309.939393939394,68.6666666666667,33,62
9900,7,312.09375,68.875,32,62
10000,7,315.575757575758,68.1818181818182,33,64
0,8,50,50,1,8
100,8,53.9090909090909,49.7878787878788,33,62
200,8,57.969696969697,49.0606060606061,33,64
300,8,62,48.4,35,64
400,8,66.75,48.71875,32,64
500,8,71.6764705882353,49.0882352941176,34,64
600,8,76.03125,48.65625,32,62
700,8,79.4242424242424,44.7575757575758,33,66
800,8,82.78125,46.4375,32,62
900,8,85.28125,45.46875,32,64
1000,8,88,44.7352941176471,34,62
1100,8,90.6666666666667,44.8181818181818,33,66
1200,8,94.258064516129,47.1935483870968,31,62
1300,8,98.2058823529412,45.5588235294118,34,64
1400,8,101.0625,47.125,32,62
1500,8,104.121212121212,46.3939393939394,33,64
1600,8,105.911764705882,45.764705882353,34,64
1700,8,106.764705882353,43.9411764705882,34,64
1800,8,108.741935483871,41.4193548387097,31,62
1900,8,110.735294117647,41,34,62
2000,8,113.935483870968,38.5806451612903,31,60
2100,8,117.15625,36.6875,32,64
2200,8,120.727272727273,37.7272727272727,33,64
2300,8,123.133333333333,37.1666666666667,30,60
2400,8,124.6875,36.53125,32,64
2500,8,127.909090909091,36.4545454545455,33,62
2600,8,130.272727272727,34.7878787878788,33,64
2700,8,133.676470588235,34.4705882352941,34,66
2800,8,136,36.7142857142857,35,66
2900,8,139.84375,36.90625,32,66
3000,8,142,34.3870967741936,31,64
3100,8,144.114285714286,34.6857142857143,35,64
3200,8,146.366666666667,34.6666666666667,30,62
3300,8,149.96875,36.28125,32,64
3400,8,152.25,37.3125,32,64
3500,8,153.84375,36.65625,32,64
3600,8,156.090909090909,34.2424242424242,33,62
3700,8,159.25,36.78125,32,64
3800,8,160.633333333333,37.4666666666667,30,60
3900,8,161.818181818182,38.8181818181818,33,66
4000,8,165.193548387097,40.0967741935484,31,60
4100,8,169.066666666667,39.9333333333333,30,60
4200,8,171.764705882353,38.8823529411765,34,66
4300,8,172.625,38.125,32,64
4400,8,175,37.3939393939394,33,64
4500,8,175.805555555556,38.2222222222222,36,66
4600,8,177.181818181818,39.1515151515151,33,66
4700,8,182.088235294118,38.1470588235294,34,64
4800,8,185.862068965517,36.7586206896552,29,62
4900,8,188.939393939394,37.2727272727273,33,66
5000,8,191.46875,38.5,32,64
5100,8,193.771428571429,37.4285714285714,35,64
5200,8,197.272727272727,38.7575757575758,33,64
5300,8,199.75,37.625,32,64
5400,8,202.645161290323,38.9354838709678,31,60
5500,8,204.935483870968,41.2903225806452,31,62
5600,8,209.272727272727,42.6363636363636,33,62
5700,8,212.69696969697,43.6060606060606,33,66
5800,8,216.46875,44.1875,32,64
5900,8,217.30303030303,46.7575757575758,33,62
6000,8,217.78125,45.375,32,62
6100,8,220.323529411765,45.7058823529412,34,64
6200,8,224.323529411765,46.3529411764706,34,64
6300,8,224.575757575758,47.8181818181818,33,64
6400,8,227.09375,47.28125,32,62
6500,8,230.823529411765,49.8823529411765,34,64
6600,8,234,49.3125,32,64
6700,8,236.657142857143,47.7714285714286,35,64
6800,8,239.677419354839,48.6774193548387,31,62
6900,8,242.655172413793,48.1724137931034,29,62
7000,8,244.935483870968,46.8387096774194,31,62
7100,8,249.205882352941,45.8235294117647,34,66
7200,8,250.794117647059,44.264705882353,34,64
7300,8,255,43.2352941176471,34,66
7400,8,256.935483870968,44.4516129032258,31,64
7500,8,259.878787878788,43.8787878787879,33,64
7600,8,263.41935483871,43,31,64
7700,8,267,41.5142857142857,35,66
7800,8,269.454545454545,43.0909090909091,33,62
7900,8,271.515151515152,43.7878787878788,33,64
8000,8,272.484848484848,45.3939393939394,33,64
8100,8,274.875,46.125,32,64
8200,8,279.314285714286,44.8285714285714,35,64
8300,8,282.941176470588,43.5294117647059,34,64
8400,8,284.69696969697,46.4545454545454,33,64
8500,8,287.457142857143,45.5714285714286,35,64
8600,8,290.285714285714,44.6,35,64
8700,8,294.151515151515,45.6060606060606,33,64
8800,8,296.5,46.2941176470588,34,62
8900,8,297.727272727273,47.1515151515152,33,62
9000,8,300.322580645161,45.1290322580645,31,62
9100,8,304.333333333333,46.3939393939394,33,64
9200,8,306.15625,45.25,32,64
9300,8,311.363636363636,46.6969696969697,33,66
9400,8,315.352941176471,44.0882352941176,34,64
9500,8,316.588235294118,43.6470588235294,34,64
9600,8,317.242424242424,44.6969696969697,33,62
9700,8,319.6875,44.4375,32,62
9800,8,319.129032258065,45.8064516129032,31,64
9900,8,322.794117647059,47.9117647058823,34,64
10000,8,325.65625,47.15625,32,62
0,9,49.5,50,4,22
100,9,54.4545454545455,51.0909090909091,33,62
200,9,56.1714285714286,49.3428571428571,35,66
300,9,58.2121212121212,50.1212121212121,33,64
400,9,59.0909090909091,48.3636363636364,33,64
500,9,61.71875,50.4375,32,64
600,9,61.7941176470588,49.9411764705882,34,64
700,9,68.2941176470588,49.5588235294118,34,64
800,9,72.258064516129,48.5806451612903,31,62
900,9,73,49.21875,32,62
1000,9,76.8235294117647,49.1764705882353,34,62
1100,9,79.6666666666667,47.5757575757576,33,62
1200,9,83.4193548387097,47.1612903225806,31,62
1300,9,86.3939393939394,46.6666666666667,33,64
1400,9,91,47.03125,32,66
1500,9,93.71875,45.15625,32,62
1600,9,96.6875,45.34375,32,64
1700,9,99.9142857142857,47.1428571428571,35,64
1800,9,99.8529411764706,48.7058823529412,34,64
1900,9,104.515151515152,49.9090909090909,33,62
2000,9,105.354838709677,48.9354838709678,31,64
2100,9,106.823529411765,49.1764705882353,34,62
2200,9,107.870967741935,49.9354838709677,31,62
2300,9,113,50.5,34,62
2400,9,116.757575757576,49.6060606060606,33,64
2500,9,119.548387096774,50.8387096774194,31,62
2600,9,120.764705882353,50.1176470588235,34,64
2700,9,122.212121212121,51.6666666666667,33,64
2800,9,124.823529411765,51.7352941176471,34,66
2900,9,127.454545454545,49.2727272727273,33,64
3000,9,131.28125,51.0625,32,64
3100,9,134.606060606061,51.5151515151515,33,62
3200,9,138.090909090909,50.9090909090909,33,64
3300,9,140.205882352941,49.3529411764706,34,64
3400,9,143.911764705882,50.5882352941177,34,64
3500,9,145.827586206897,51.6551724137931,29,62
3600,9,148.5,51.8235294117647,34,64
3700,9,149.9,53,30,62
3800,9,152.323529411765,52.9117647058823,34,64
3900,9,155.46875,53.15625,32,62
4000,9,157.454545454545,52,33,64
4100,9,160.46875,51.25,32,62
4200,9,163.181818181818,52.1818181818182,33,64
4300,9,163.323529411765,51.9705882352941,34,66
4400,9,164.742857142857,52.8857142857143,35,64
4500,9,168.685714285714,49.9142857142857,35,64
4600,9,171.625,49.84375,32,60
4700,9,177.612903225806,49.6129032258064,31,62
4800,9,180.388888888889,49.1388888888889,36,64
4900,9,184.787878787879,49.3636363636364,33,64
5000,9,188.029411764706,50.2941176470588,34,64
5100,9,190.0625,49.875,32,62
5200,9,193.9375,50.25,32,62
5300,9,196.030303030303,50.8181818181818,33,64
5400,9,199,51,35,64
5500,9,202.5,49.21875,32,64
5600,9,204.735294117647,51.2941176470588,34,64
5700,9,207.166666666667,51,30,62
5800,9,210.029411764706,49.9705882352941,34,64
5900,9,211.096774193548,48.5161290322581,31,62
6000,9,213.666666666667,46.8484848484849,33,64
6100,9,215.71875,46.75,32,62
6200,9,217.774193548387,48.0967741935484,31,62
6300,9,220.65625,48.34375,32,62
6400,9,222.088235294118,49.3529411764706,34,64
6500,9,225.147058823529,48,34,66
6600,9,229.352941176471,49.2941176470588,34,64
6700,9,233,48.8235294117647,34,64
6800,9,236.424242424242,46.6969696969697,33,64
6900,9,239,45.4242424242424,33,64
7000,9,242.030303030303,46.7575757575758,33,64
7100,9,244.272727272727,45.6363636363636,33,62
7200,9,248.3125,46.15625,32,64
7300,9,251.333333333333,46.2727272727273,33,64
7400,9,253.606060606061,45.5454545454545,33,64
7500,9,257.151515151515,45.3030303030303,33,64
7600,9,260.275862068966,45.1034482758621,29,60
7700,9,262.96875,47.21875,32,64
7800,9,266.354838709677,48.3870967741936,31,62
7900,9,268.870967741935,49.7096774193548,31,60
8000,9,272.387096774194,49.9677419354839,31,62
8100,9,274.322580645161,48.2258064516129,31,62
8200,9,277.666666666667,46.3636363636364,33,64
8300,9,281.242424242424,46.6060606060606,33,64
8400,9,285.5,46.40625,32,64
8500,9,288.25,48.8125,32,62
8600,9,290.5,47.7058823529412,34,62
8700,9,292.857142857143,48.9142857142857,35,64
8800,9,297.5,48.5882352941176,34,64
8900,9,300.8125,47.1875,32,62
9000,9,304.69696969697,45,33,64
9100,9,306.939393939394,44.7575757575758,33,64
9200,9,309.30303030303,44.8181818181818,33,64
9300,9,311.694444444444,45.9722222222222,36,64
9400,9,314.096774193548,46.5483870967742,31,62
9500,9,315.34375,45.96875,32,62
9600,9,318.666666666667,49.0333333333334,30,64
9700,9,321.142857142857,48.1428571428571,35,66
9800,9,323.5625,47.71875,32,62
9900,9,327.885714285714,47.1142857142857,35,64
10000,9,332.571428571429,48.0285714285714,35,66
0,10,49.5,49.5,2,14
100,10,51.6666666666667,46.4545454545454,33,64
200,10,53.6285714285714,45,35,64
300,10,56.1764705882353,45.9411764705882,34,64
400,10,60.90625,47.90625,32,64
500,10,65.7,49.7666666666667,30,62
600,10,68.0909090909091,51.2121212121212,33,62
700,10,71.8823529411764,50.3529411764706,34,64
800,10,72.6774193548387,52.8064516129032,31,62
900,10,75.3125,52.28125,32,62
1000,10,78.8064516129032,52.3548387096774,31,62
1100,10,79.3529411764706,54.3823529411765,34,66
1200,10,82.15625,55.25,32,64
1300,10,86.65625,53.46875,32,64
1400,10,90.2352941176471,52.8823529411765,34,64
1500,10,93.6666666666667,53.5757575757576,33,64
1600,10,96.625,53.6875,32,62
1700,10,98.9142857142857,54.8571428571429,35,64
1800,10,102.7,53.9,30,60
1900,10,103.75,54.1875,32,64
2000,10,106,51.7714285714286,35,64
2100,10,109.483870967742,51.3225806451613,31,64
2200,10,114.129032258065,47.9354838709677,31,64
2300,10,116.96875,49.09375,32,64
2400,10,120,48.5625,32,64
2500,10,122.939393939394,48.7878787878788,33,64
2600,10,125.5,48.5,34,64
2700,10,130.272727272727,48.9393939393939,33,66
2800,10,133.258064516129,50.9677419354839,31,64
2900,10,136.742857142857,52.1142857142857,35,64
3000,10,138.5,49.6875,32,64
3100,10,139.735294117647,49.6176470588235,34,66
3200,10,142.764705882353,47.5294117647059,34,64
3300,10,146.909090909091,48.8181818181818,33,64
3400,10,149.3125,46.4375,32,62
3500,10,152.59375,46.75,32,64
3600,10,155.483870967742,46.0322580645161,31,62
3700,10,156.0625,46.125,32,62
3800,10,160.71875,47.34375,32,62
3900,10,163.970588235294,48.3823529411765,34,64
4000,10,163.848484848485,45.5454545454546,33,64
4100,10,168.787878787879,45.4242424242424,33,64
4200,10,172.84375,46.21875,32,64
4300,10,176.181818181818,44.6969696969697,33,64
4400,10,178.117647058824,47.3823529411765,34,64
4500,10,182.794117647059,45.5,34,64
4600,10,184.5,44,34,62
4700,10,188.848484848485,44.4545454545455,33,64
4800,10,191.085714285714,44.1428571428571,35,64
4900,10,195.34375,44.4375,32,62
5000,10,198.967741935484,45.0967741935484,31,64
5100,10,201.757575757576,44.5757575757576,33,62
5200,10,206.09375,43.34375,32,64
5300,10,208.142857142857,44.9142857142857,35,66
5400,10,211.625,46.5,32,64
5500,10,214.484848484848,47.1515151515151,33,62
5600,10,215.548387096774,44.258064516129,31,62
5700,10,219.939393939394,45.5151515151515,33,64
5800,10,222.705882352941,46.2058823529412,34,64
5900,10,225.393939393939,46.1515151515152,33,64
6000,10,228.393939393939,46,33,64
6100,10,230.225806451613,44.3870967741936,31,62
6200,10,232.30303030303,44,33,64
6300,10,233.424242424242,45.8484848484849,33,64
6400,10,236.545454545455,41.7878787878788,33,62
6500,10,239.5625,42.1875,32,64
6600,10,242.387096774194,41.5161290322581,31,62
6700,10,244.606060606061,42.2121212121212,33,64
6800,10,245.806451612903,42.9032258064516,31,60
6900,10,247.233333333333,43.2333333333333,30,62
7000,10,250.545454545455,44.969696969697,33,64
7100,10,252.571428571429,43.4571428571429,35,64
7200,10,253.909090909091,43.6969696969697,33,62
7300,10,254.5,43.1176470588235,34,64
7400,10,256.5625,42.28125,32,64
7500,10,259.575757575758,43.4545454545454,33,64
7600,10,260.387096774194,42.4193548387097,31,62
7700,10,261.6875,41.90625,32,62
7800,10,262.575757575758,42.969696969697,33,64
7900,10,266.228571428571,43.2571428571429,35,64
8000,10,271.393939393939,44.0909090909091,33,66
8100,10,270.969696969697,44.1818181818182,33,62
8200,10,273.424242424242,43.3333333333333,33,66
8300,10,275.6,42.4857142857143,35,66
8400,10,277.852941176471,41,34,66
8500,10,281.15625,42.0625,32,62
8600,10,285.125,40.8125,32,62
8700,10,286.5,39.1333333333333,30,62
8800,10,289.058823529412,39.5294117647059,34,64
8900,10,291.28125,39.71875,32,64
9000,10,296.242424242424,39.2727272727273,33,64
9100,10,298.30303030303,38,33,64
9200,10,301.294117647059,38.2058823529412,34,64
9300,10,303.484848484848,38.0606060606061,33,66
9400,10,309.264705882353,38.7058823529412,34,64
9500,10,314.060606060606,36.4242424242424,33,62
9600,10,319.5,35.8333333333333,30,62
9700,10,320.5,37,34,62
9800,10,324.064516129032,35.741935483871,31,62
9900,10,327.34375,35,32,64
10000,10,330.090909090909,34.6666666666667,33,64
0,11,50.75,50,4,22
100,11,55.9090909090909,50.5454545454546,33,62
200,11,59.5454545454546,48.7272727272727,33,64
300,11,61.2727272727273,49.8181818181818,33,64
400,11,66.71875,49.375,32,62
500,11,69.25,47.5,32,64
600,11,70.6470588235294,48.4705882352941,34,64
700,11,71.7741935483871,49.5806451612903,31,62
800,11,75.75,49.1875,32,66
900,11,78.1818181818182,49.2121212121212,33,64
1000,11,83.0333333333333,49.2333333333333,30,62
1100,11,86.3125,48.90625,32,62
1200,11,88.7941176470588,48.6470588235294,34,66
1300,11,92.90625,50.9375,32,62
1400,11,97.84375,51.6875,32,62
1500,11,100.617647058824,54.2941176470588,34,64
1600,11,102.272727272727,54.3333333333333,33,64
1700,11,105.151515151515,56.0909090909091,33,64
1800,11,108.484848484848,56.6969696969697,33,64
1900,11,110.617647058824,57.2941176470588,34,64
2000,11,112.342857142857,55.8,35,66
2100,11,114.375,56.40625,32,62
2200,11,117.611111111111,55.8333333333333,36,66
2300,11,122.848484848485,53.9090909090909,33,62
2400,11,124.90625,53.40625,32,64
2500,11,128.84375,53.59375,32,64
2600,11,131.212121212121,54.4545454545455,33,62
2700,11,134.352941176471,54.2352941176471,34,66
2800,11,136.636363636364,54.7272727272727,33,62
2900,11,140.5,54.3529411764706,34,64
3000,11,141.064516129032,55.9677419354839,31,62
3100,11,144.09375,57.03125,32,62
3200,11,148.65625,55.3125,32,64
3300,11,150.757575757576,52.5151515151515,33,64
3400,11,154.78125,52.96875,32,64
3500,11,158,53.4516129032258,31,62
3600,11,160.03125,55.59375,32,62
3700,11,164.727272727273,55.969696969697,33,66
3800,11,166.9375,55.8125,32,64
3900,11,170.882352941176,55.5,34,64
4000,11,174.382352941176,56.3235294117647,34,64
4100,11,177.735294117647,56.4705882352941,34,64
4200,11,181,54.875,32,64
4300,11,183.057142857143,55.4857142857143,35,66
4400,11,185.121212121212,54,33,64
4500,11,188.771428571429,53.3714285714286,35,64
4600,11,190.1875,55.09375,32,64
4700,11,191.258064516129,54.5483870967742,31,62
4800,11,192.484848484848,54.3939393939394,33,62
4900,11,195.242424242424,53.6969696969697,33,62
5000,11,196.84375,53.125,32,64
5100,11,200.694444444444,53.3055555555556,36,64
5200,11,204.09375,52.03125,32,62
5300,11,205.90625,52.625,32,62
5400,11,208.1875,51.34375,32,64
5500,11,208.774193548387,51.1935483870968,31,64
5600,11,211.5,50.2941176470588,34,62
5700,11,215.5,53.1875,32,62
5800,11,218.647058823529,53.2941176470588,34,66
5900,11,220,52.1176470588235,34,64
6000,11,224.212121212121,53.4545454545455,33,62
6100,11,228.909090909091,54.5151515151515,33,62
6200,11,232.193548387097,56.8387096774194,31,64
6300,11,234.363636363636,55.2727272727273,33,64
6400,11,235.5,56,34,62
6500,11,238.823529411765,55.5,34,64
6600,11,239.5625,55.875,32,64
6700,11,240,56.2647058823529,34,62
6800,11,243.5,56.5,36,64
6900,11,247.633333333333,54.6333333333333,30,62
7000,11,252.516129032258,54.741935483871,31,62
7100,11,254.909090909091,54.2727272727273,33,64
7200,11,258.1,52.6,30,64
7300,11,259.75,53.09375,32,64
7400,11,261.606060606061,55.1515151515151,33,66
7500,11,265.352941176471,54.0588235294118,34,64
7600,11,270.125,53.21875,32,64
7700,11,273.65625,52.03125,32,64
7800,11,277.3125,53.34375,32,64
7900,11,280.030303030303,52.8181818181818,33,62
8000,11,283.51724137931,52.8275862068965,29,62
8100,11,285,53.7575757575758,33,64
8200,11,288.25,53,32,64
8300,11,290.484848484848,53.0909090909091,33,62
8400,11,293.28125,54.1875,32,62
8500,11,298.529411764706,53.2352941176471,34,64
8600,11,301.96875,53.90625,32,64
8700,11,304.757575757576,55.3939393939394,33,64
8800,11,306.205882352941,54.5,34,64
8900,11,309.857142857143,52.9142857142857,35,64
9000,11,312.228571428571,53.4285714285714,35,64
9100,11,316.193548387097,56.0967741935484,31,60
9200,11,319.25,54.59375,32,64
9300,11,321.909090909091,54.8484848484849,33,62
9400,11,324.454545454545,55.6969696969697,33,64
9500,11,328.818181818182,57.8484848484849,33,64
9600,11,329.96875,57.15625,32,64
9700,11,334.117647058824,57.5,34,64
9800,11,335.0625,56.8125,32,64
9900,11,337.193548387097,58,31,62
10000,11,339.242424242424,59.6666666666667,33,62
0,12,49.3333333333333,49.6666666666667,3,18
100,12,53.5806451612903,51,31,64
200,12,56.1515151515151,51.7272727272727,33,62
300,12,61.7741935483871,51.3548387096774,31,64
400,12,65.5,52.25,32,62
500,12,67.5757575757576,53.060606060606,33,62
600,12,71.25,53.1875,32,62
700,12,72.7272727272727,53.1818181818182,33,62
800,12,77.258064516129,51.0645161290323,31,64
900,12,80.6176470588235,52.1470588235294,34,64
1000,12,84.3823529411765,51.0294117647059,34,64
1100,12,85.969696969697,51.9090909090909,33,64
1200,12,89.15625,50.59375,32,66
1300,12,91.3823529411765,48.8235294117647,34,64
1400,12,93.1875,47.5,32,62
1500,12,95.6129032258064,48.3870967741936,31,62
1600,12,99.3939393939394,49.1818181818182,33,64
1700,12,101.647058823529,46.7647058823529,34,64
1800,12,103.060606060606,46.3030303030303,33,64
1900,12,105.090909090909,45.6969696969697,33,62
2000,12,110.15625,43.8125,32,64
2100,12,115.371428571429,42.8857142857143,35,66
2200,12,117.4375,42.875,32,64
2300,12,119.1875,44,32,62
2400,12,123.03125,42.59375,32,62
2500,12,126.735294117647,43.2941176470588,34,64
2600,12,127.903225806452,43.1612903225806,31,64
2700,12,130.142857142857,42.2571428571429,35,66
2800,12,132.305555555556,43.3055555555556,36,64
2900,12,136.032258064516,43,31,64
3000,12,136.848484848485,42.1515151515152,33,62
3100,12,139.242424242424,42.3030303030303,33,62
3200,12,143.15625,41.03125,32,64
3300,12,146.5,38.8125,32,64
3400,12,148.90625,38.5,32,64
3500,12,150.41935483871,37.5483870967742,31,62
3600,12,153.69696969697,37.0909090909091,33,62
3700,12,156.59375,36.6875,32,62
3800,12,158.354838709677,36.1612903225806,31,64
3900,12,160.30303030303,35,33,64
4000,12,164.53125,35.4375,32,62
4100,12,167.323529411765,34.5,34,64
4200,12,169.033333333333,34.0333333333333,30,64
4300,12,174.393939393939,32.8787878787879,33,64
4400,12,177.6,34.1666666666667,30,64
4500,12,180.393939393939,35.5151515151515,33,62
4600,12,182.34375,36.46875,32,62
4700,12,186.058823529412,39.1176470588235,34,64
4800,12,189.806451612903,38.8064516129032,31,66
4900,12,192.933333333333,40.0666666666667,30,60
5000,12,197.3125,41.125,32,64
5100,12,200.34375,39.90625,32,62
5200,12,204.171428571429,38,35,64
5300,12,206.151515151515,37.5454545454545,33,66
5400,12,209.878787878788,36.7575757575757,33,66
5500,12,212.352941176471,36.8235294117647,34,64
5600,12,215.5,37.8125,32,62
5700,12,217.212121212121,35.8484848484848,33,64
5800,12,222.441176470588,33.8529411764706,34,66
5900,12,225.970588235294,31.3235294117647,34,64
6000,12,228.9375,33.4375,32,64
6100,12,230.625,34.78125,32,64
6200,12,232.5625,34.40625,32,62
6300,12,236.774193548387,34.9354838709678,31,64
6400,12,240.029411764706,33.4117647058824,34,66
6500,12,242.764705882353,34.2058823529412,34,64
6600,12,247.393939393939,34.3939393939394,33,64
6700,12,250.5,33.7941176470588,34,64
6800,12,252.633333333333,34.5,30,60
6900,12,255,34.625,32,64
7000,12,260.060606060606,35.4242424242424,33,64
7100,12,262.806451612903,34.1612903225806,31,62
7200,12,265.322580645161,34.2903225806452,31,66
7300,12,268.764705882353,32.1764705882353,34,64
7400,12,271.058823529412,31.6764705882353,34,64
7500,12,274.848484848485,30.7878787878788,33,64
7600,12,278.8125,28.4375,32,62
7700,12,283.088235294118,29.4117647058824,34,64
7800,12,286.970588235294,30.3823529411765,34,64
7900,12,289.727272727273,30.1515151515152,33,62
8000,12,291.181818181818,29.969696969697,33,62
8100,12,295.909090909091,32.6969696969697,33,62
8200,12,298.424242424242,31.5454545454545,33,64
8300,12,301.741935483871,29.1612903225806,31,64
8400,12,304.34375,29.15625,32,62
8500,12,307.848484848485,29.5151515151515,33,64
8600,12,313.5,29.8125,32,64
8700,12,315.757575757576,30.6363636363636,33,64
8800,12,318.030303030303,31.8181818181818,33,62
8900,12,321.628571428571,31.6,35,66
9000,12,323.71875,30.21875,32,64
9100,12,327.3125,32.5625,32,64
9200,12,331.424242424242,32.0606060606061,33,64
9300,12,334.09375,32.15625,32,64
9400,12,338.151515151515,33.9090909090909,33,64
9500,12,340,32.5483870967742,31,62
9600,12,341.352941176471,30.5588235294118,34,64
9700,12,344.8125,30,32,62
9800,12,346.258064516129,32.0967741935484,31,62
9900,12,349.677419354839,29.741935483871,31,64
10000,12,351.25,27.6875,32,64
0,13,50,50,1,8
100,13,53.8709677419355,47.9032258064516,31,62
200,13,55.0625,48.4375,32,62
300,13,58.8064516129032,49.3548387096774,31,60
400,13,61.3235294117647,52.3529411764706,34,66
500,13,64.8235294117647,52.8823529411765,34,64
600,13,68.2647058823529,52.0882352941177,34,64
700,13,71.1666666666667,50.5666666666667,30,62
800,13,72.84375,52.6875,32,64
900,13,75.5882352941177,55.4411764705882,34,66
1000,13,79.5454545454545,56.5454545454545,33,64
1100,13,83.5625,56.25,32,66
1200,13,87.0625,55.09375,32,62
1300,13,90.875,55.90625,32,64
1400,13,95.764705882353,55.8235294117647,34,64
1500,13,98.3333333333333,56.0666666666667,30,62
1600,13,103.058823529412,56.0588235294118,34,64
1700,13,106.806451612903,55.5161290322581,31,62
1800,13,110.666666666667,56,30,62
1900,13,114.09375,54.875,32,62
2000,13,116.088235294118,53.764705882353,34,66
2100,13,118.848484848485,55.8181818181818,33,66
2200,13,120.8,58.6666666666667,30,60
2300,13,123.171428571429,58.9714285714286,35,64
2400,13,125.4375,58.125,32,62
2500,13,127.970588235294,59.0294117647059,34,64
2600,13,129.387096774194,57.6774193548387,31,62
2700,13,130.875,57.59375,32,62
2800,13,135.515151515152,58.3939393939394,33,64
2900,13,137.676470588235,57.6176470588235,34,64
3000,13,144.322580645161,57.1935483870968,31,62
3100,13,147.363636363636,57.2727272727273,33,62
3200,13,150.451612903226,58.5161290322581,31,62
3300,13,154.8125,59.625,32,66
3400,13,158.294117647059,59.9705882352941,34,64
3500,13,162.6,59.6857142857143,35,64
3600,13,167.029411764706,59.9117647058823,34,64
3700,13,169.212121212121,60.4545454545455,33,62
3800,13,170.235294117647,58.2647058823529,34,64
3900,13,173.727272727273,56.7878787878788,33,64
4000,13,175.28125,54.03125,32,62
4100,13,175.818181818182,55.0606060606061,33,64
4200,13,179.058823529412,55.4411764705882,34,64
4300,13,183.290322580645,54.0322580645161,31,64
4400,13,186.060606060606,51.2424242424242,33,64
4500,13,188.34375,52.84375,32,62
4600,13,189.787878787879,52.0909090909091,33,62
4700,13,191.65625,51.09375,32,64
4800,13,195.375,50.5,32,64
4900,13,197.677419354839,49.5161290322581,31,62
5000,13,201.548387096774,49.3548387096774,31,62
5100,13,205,49.7096774193548,31,62
5200,13,205.575757575758,49.4242424242424,33,62
5300,13,208.393939393939,50.4848484848485,33,62
5400,13,211.875,51.1875,32,64
5500,13,213.666666666667,52.5757575757576,33,62
5600,13,216.823529411765,54,34,64
5700,13,220.411764705882,53.3529411764706,34,64
5800,13,224.424242424242,54.3333333333333,33,64
5900,13,226.28125,55.3125,32,64
6000,13,226.823529411765,53.8529411764706,34,64
6100,13,230,54.6969696969697,33,64
6200,13,232.470588235294,56.1470588235294,34,64
6300,13,234.787878787879,56.2121212121212,33,64
6400,13,236.066666666667,57.2666666666667,30,62
6500,13,239.939393939394,56.6666666666667,33,62
6600,13,242.5,56.1176470588235,34,64
6700,13,245.875,55.40625,32,62
6800,13,248.121212121212,55.6060606060606,33,66
6900,13,254.09375,56.125,32,64
7000,13,257.818181818182,54.6666666666667,33,64
7100,13,260.909090909091,55.6969696969697,33,62
7200,13,264.411764705882,53.5588235294118,34,64
7300,13,268.151515151515,52.1212121212121,33,64
7400,13,271.787878787879,51.0909090909091,33,62
7500,13,273.96875,49.625,32,64
7600,13,277.545454545455,51.0909090909091,33,62
7700,13,279.161290322581,49.8709677419355,31,64
7800,13,282.176470588235,48.2352941176471,34,64
7900,13,288.117647058824,48.5,34,64
8000,13,290.852941176471,49.0588235294118,34,64
8100,13,293.030303030303,48.7878787878788,33,64
8200,13,296.515151515152,47.2424242424242,33,64
8300,13,300.428571428571,48.4571428571429,35,64
8400,13,302.483870967742,47.6774193548387,31,62
8500,13,306.235294117647,49.9705882352941,34,64
8600,13,307.242424242424,47.7575757575758,33,64
8700,13,310.676470588235,47.0294117647059,34,64
8800,13,314.366666666667,45.8666666666667,30,62
8900,13,317.264705882353,47.7352941176471,34,64
9000,13,319,48.5,32,62
9100,13,322.333333333333,48.8666666666667,30,64
9200,13,325.5,46.75,32,62
9300,13,328.75,47.15625,32,62
9400,13,331.30303030303,47.6363636363636,33,64
9500,13,333.1,47.1666666666667,30,62
9600,13,334.84375,46.0625,32,62
9700,13,337.454545454545,46.2121212121212,33,62
9800,13,340.03125,43.90625,32,64
9900,13,342.9375,44.8125,32,64
10000,13,345.676470588235,44.6764705882353,34,64
0,14,50,50,1,8
100,14,52,49.59375,32,62
200,14,53.9354838709678,49.6129032258065,31,64
300,14,57.7575757575758,49.6969696969697,33,64
400,14,58.4545454545455,50.4848484848485,33,64
500,14,62.0588235294118,51.6470588235294,34,64
600,14,64.735294117647,50.235294117647,34,64
700,14,67.1935483870968,50.9677419354839,31,62
800,14,71.2058823529412,49.9117647058823,34,64
900,14,75.1470588235294,49.3823529411765,34,64
1000,14,76.6969696969697,49.6666666666667,33,64
1100,14,79.6470588235294,49.4117647058824,34,66
1200,14,81.53125,47.53125,32,62
1300,14,83.2424242424242,46.9090909090909,33,62
1400,14,84.3125,45.8125,32,64
1500,14,86.9333333333334,44.3666666666667,30,62
1600,14,91.258064516129,44.2903225806452,31,62
1700,14,93.3125,43.5625,32,62
1800,14,93.4516129032258,42.6129032258064,31,62
1900,14,94.2121212121212,41.6060606060606,33,64
2000,14,96.5757575757576,41.4242424242424,33,64
2100,14,96.71875,41.40625,32,66
2200,14,100.15625,41.53125,32,62
2300,14,104.235294117647,40.9705882352941,34,64
2400,14,108.060606060606,41.6666666666667,33,62
2500,14,111.735294117647,42.7647058823529,34,66
2600,14,114.09375,41.71875,32,62
2700,14,117.735294117647,42,34,62
2800,14,118.0625,41.1875,32,64
2900,14,120.84375,41.28125,32,64
3000,14,122.058823529412,42.3823529411765,34,64
3100,14,124.083333333333,41.4444444444444,36,66
3200,14,126.866666666667,41.7666666666667,30,64
3300,14,128.78125,42.4375,32,62
3400,14,132.363636363636,41.4242424242424,33,66
3500,14,136.647058823529,40.2352941176471,34,64
3600,14,138.612903225806,39.3870967741935,31,62
3700,14,141.333333333333,39.7575757575758,33,62
3800,14,144.852941176471,40.3529411764706,34,64
3900,14,147.969696969697,38.9090909090909,33,64
4000,14,152.387096774194,40.741935483871,31,62
4100,14,153.147058823529,39.8823529411765,34,64
4200,14,155.25,39.375,32,64
4300,14,159.861111111111,39.3888888888889,36,64
4400,14,160.71875,38.28125,32,64
4500,14,163.8125,40.53125,32,64
4600,14,165.764705882353,42.3823529411765,34,66
4700,14,168.090909090909,42.7878787878788,33,64
4800,14,170.90625,43.875,32,62
4900,14,171.9375,44.375,32,62
5000,14,174.848484848485,44.4848484848485,33,62
5100,14,176.967741935484,44,31,64
5200,14,180.4375,43.1875,32,62
5300,14,183.28125,43.3125,32,64
5400,14,186.65625,42.78125,32,62
5500,14,190.885714285714,42.9428571428571,35,64
5600,14,192.333333333333,41.6666666666667,33,64
5700,14,196.4375,42,32,62
5800,14,199.272727272727,42.9393939393939,33,64
5900,14,203.264705882353,42.2647058823529,34,64
6000,14,206.548387096774,42.5483870967742,31,66
6100,14,210.121212121212,40.969696969697,33,64
6200,14,213.114285714286,41.2857142857143,35,66
6300,14,214.21875,42,32,62
6400,14,215.548387096774,40,31,64
6500,14,218.515151515152,41.0909090909091,33,64
6600,14,221.818181818182,40.4242424242424,33,64
6700,14,224.096774193548,40.1935483870968,31,62
6800,14,227.69696969697,39.5757575757576,33,66
6900,14,231.15625,39.65625,32,62
7000,14,233.818181818182,41.1818181818182,33,64
7100,14,238.939393939394,39.8787878787879,33,64
7200,14,241.636363636364,38.0909090909091,33,64
7300,14,242.529411764706,37.2352941176471,34,64
7400,14,244.272727272727,38.1515151515152,33,62
7500,14,245.090909090909,39.7575757575757,33,64
7600,14,249.3125,41.59375,32,64
7700,14,251.30303030303,41.1515151515151,33,64
7800,14,254.484848484848,41.6969696969697,33,64
7900,14,257.885714285714,41.8571428571428,35,66
8000,14,261.9375,41.40625,32,64
8100,14,264.114285714286,41.6571428571428,35,66
8200,14,268.484848484848,41.2424242424242,33,64
8300,14,271.176470588235,40.7647058823529,34,64
8400,14,274.029411764706,39.9705882352941,34,64
8500,14,277.666666666667,40.9333333333333,30,62
8600,14,282.911764705882,39.9705882352941,34,64
8700,14,285.545454545455,39.5454545454545,33,64
8800,14,289.96875,38.4375,32,64
8900,14,292.65625,39.84375,32,64
9000,14,295.909090909091,39.5151515151515,33,64
9100,14,299.542857142857,40.6857142857143,35,66
9200,14,301.5,40.78125,32,66
9300,14,304.65625,40.96875,32,62
9400,14,308.666666666667,40.4242424242424,33,64
9500,14,313.323529411765,39.4117647058824,34,64
9600,14,314.685714285714,39.3714285714286,35,66
9700,14,317.969696969697,39.060606060606,33,64
9800,14,323,40.875,32,64
9900,14,324.21875,40,32,62
10000,14,327.058823529412,39.8529411764706,34,64
0,15,50,50,1,8
100,15,54.75,50.53125,32,62
200,15,56.2424242424242,51.9090909090909,33,62
300,15,59.4848484848485,52.4242424242424,33,64
400,15,61.8857142857143,51.7428571428571,35,64
500,15,64.34375,53.15625,32,62
600,15,66.969696969697,53.3939393939394,33,64
700,15,69.4516129032258,53.8387096774194,31,64
800,15,70.65625,52.3125,32,64
900,15,69.9705882352941,53.1470588235294,34,64
1000,15,72.3333333333333,54.2424242424242,33,62
1100,15,75.3428571428571,55.9428571428571,35,64
1200,15,79.9705882352941,55.9705882352941,34,64
1300,15,84.1515151515152,54.9393939393939,33,64
1400,15,87.7741935483871,55.0322580645161,31,66
1500,15,90.1515151515151,54.0909090909091,33,62
1600,15,91.1764705882353,54.9411764705882,34,64
1700,15,92.9411764705882,55.7058823529412,34,66
1800,15,95.7575757575758,55.030303030303,33,64
1900,15,101.1875,54.15625,32,64
2000,15,103.393939393939,53.6666666666667,33,66
2100,15,106.424242424242,53.2424242424242,33,62
2200,15,110.393939393939,54.3636363636364,33,64
2300,15,111.4,54.2666666666667,30,62
2400,15,114.515151515152,54.0909090909091,33,62
2500,15,117.147058823529,54.1176470588235,34,64
2600,15,119.818181818182,54.6969696969697,33,64
2700,15,123,54.2727272727273,33,64
2800,15,127.258064516129,55.7741935483871,31,64
2900,15,129.382352941176,55.3823529411765,34,64
3000,15,132.363636363636,57.3333333333333,33,64
3100,15,133.441176470588,57.1764705882353,34,64
3200,15,135.515151515152,57.8484848484849,33,62
3300,15,140.060606060606,57.4242424242424,33,64
3400,15,143.727272727273,57.1515151515152,33,62
3500,15,146.21875,56.46875,32,64
3600,15,146.46875,55.6875,32,62
3700,15,150.09375,52.375,32,64
3800,15,151.757575757576,51.7272727272727,33,64
3900,15,155.548387096774,52.1290322580645,31,62
4000,15,157.057142857143,50.8857142857143,35,64
4100,15,162.064516129032,49.6451612903226,31,60
4200,15,164.870967741935,48.8064516129032,31,62
4300,15,168.09375,49.59375,32,62
4400,15,172.941176470588,50.8823529411765,34,64
4500,15,173.5625,53.09375,32,62
4600,15,176.096774193548,53.1612903225807,31,62
4700,15,178.885714285714,52.5428571428572,35,66
4800,15,180.083333333333,52.2222222222222,36,66
4900,15,183.060606060606,52.6969696969697,33,64
5000,15,184.272727272727,55.3636363636364,33,62
5100,15,184.625,57.375,32,62
5200,15,188.515151515152,56.3939393939394,33,62
5300,15,193.333333333333,54.2424242424242,33,64
5400,15,195.8125,52.8125,32,62
5500,15,197.6875,53.4375,32,64
5600,15,198.916666666667,52.3611111111111,36,66
5700,15,201,52.6129032258064,31,62
5800,15,204.5,54,32,62
5900,15,206.625,53.15625,32,64
6000,15,211.30303030303,53.4545454545454,33,64
6100,15,214.40625,51.875,32,66
6200,15,216.393939393939,51.3939393939394,33,64
6300,15,219.151515151515,52.5151515151515,33,66
6400,15,221.84375,50.6875,32,64
6500,15,225.861111111111,50.3888888888889,36,64
6600,15,227.529411764706,50.7647058823529,34,64
6700,15,230.757575757576,50.6060606060606,33,64
6800,15,233.787878787879,50.5454545454545,33,62
6900,15,236.382352941176,50.3823529411765,34,64
7000,15,239.342857142857,49.9428571428571,35,64
7100,15,244.848484848485,47.5151515151515,33,62
7200,15,246.125,46.9375,32,62
7300,15,246.942857142857,49.4285714285714,35,64
7400,15,249.818181818182,49.2727272727273,33,62
7500,15,252.5625,50.78125,32,64
7600,15,257.393939393939,49.4848484848485,33,62
7700,15,259.354838709677,49.0645161290323,31,60
7800,15,263.647058823529,49.1470588235294,34,64
7900,15,264.870967741935,49.258064516129,31,62
8000,15,268.09375,51.6875,32,64
8100,15,271.542857142857,53.2,35,64
8200,15,274.636363636364,53.5454545454545,33,64
8300,15,276.387096774194,54.9032258064516,31,64
8400,15,278.852941176471,53.6764705882353,34,64
8500,15,283.794117647059,53.5588235294118,34,64
8600,15,288.0625,54.46875,32,62
8700,15,292.857142857143,54.6857142857143,35,66
8800,15,294.793103448276,53.1724137931034,29,62
8900,15,296.545454545455,54.4848484848485,33,66
9000,15,298.903225806452,54.741935483871,31,62
9100,15,303.787878787879,53.969696969697,33,64
9200,15,304.941176470588,54.3235294117647,34,64
9300,15,307.545454545455,54.3333333333333,33,64
9400,15,308.352941176471,54.5,34,64
9500,15,310.30303030303,53.6060606060606,33,64
9600,15,314.176470588235,53.5,34,64
9700,15,315.733333333333,54.5,30,60
9800,15,317.441176470588,56.1764705882353,34,64
9900,15,321.294117647059,55.2352941176471,34,66
10000,15,322.451612903226,54.0967741935484,31,60
0,16,49.6,50,5,28
100,16,49.8235294117647,48.1764705882353,34,64
200,16,51.8529411764706,49.2058823529412,34,66
300,16,53.8823529411765,50.8529411764706,34,64
400,16,56.5,51.3235294117647,34,64
500,16,59.6176470588235,51.235294117647,34,64
600,16,60.8857142857143,51.2571428571429,35,64
700,16,61.8484848484849,53,33,64
800,16,62.6060606060606,52.5151515151515,33,62
900,16,66.0625,52.78125,32,64
1000,16,69.258064516129,51.7096774193548,31,62
1100,16,74.5625,51.09375,32,64
1200,16,77.1212121212121,49.030303030303,33,64
1300,16,79.8064516129032,46.2903225806452,31,62
1400,16,80.4375,48.4375,32,62
1500,16,81.6,47.0666666666667,30,62
1600,16,85.9375,47.6875,32,64
1700,16,89.3235294117647,48.1764705882353,34,66
1800,16,90.9375,47.84375,32,64
1900,16,93.1142857142857,47.2571428571429,35,64
2000,16,95.3225806451613,49.0645161290323,31,64
2100,16,96.8125,47.53125,32,64
2200,16,98.5757575757576,47.0606060606061,33,64
2300,16,100.5,46.4117647058824,34,64
2400,16,102.25,46.375,32,64
2500,16,105.454545454545,47.0909090909091,33,62
2600,16,106.323529411765,47.9117647058823,34,64
2700,16,109.612903225806,47.2258064516129,31,64
2800,16,113,46.125,32,64
2900,16,114.1,46.2333333333333,30,62
3000,16,117.40625,46.71875,32,64
3100,16,118.28125,45.03125,32,62
3200,16,122.258064516129,44.3870967741936,31,64
3300,16,124.25,45,32,64
3400,16,125.090909090909,44.7878787878788,33,64
3500,16,129.735294117647,45,34,62
3600,16,134.558823529412,45.5294117647059,34,64
3700,16,135.941176470588,42.8529411764706,34,64
3800,16,139.794117647059,42.6764705882353,34,66
3900,16,142.5,43,34,66
4000,16,145.28125,44.59375,32,62
4100,16,148.882352941176,44.0588235294118,34,64
4200,16,150.272727272727,44.9090909090909,33,64
4300,16,151.333333333333,45.3030303030303,33,64
4400,16,153.588235294118,46.3529411764706,34,64
4500,16,159.909090909091,47.8484848484849,33,62
4600,16,162.823529411765,48.1764705882353,34,62
4700,16,165.057142857143,47.9428571428571,35,64
4800,16,166.34375,47.96875,32,62
4900,16,170.147058823529,46.3823529411765,34,64
5000,16,171.742857142857,45.1142857142857,35,64
5100,16,175.058823529412,44.3235294117647,34,64
5200,16,176.575757575758,41.8787878787879,33,64
5300,16,177.78125,42.21875,32,62
5400,16,180.161290322581,40.3548387096774,31,62
5500,16,184.181818181818,40.0606060606061,33,64
5600,16,186.647058823529,41.5,34,64
5700,16,191.03125,38.875,32,64
5800,16,192.935483870968,39.6129032258064,31,62
5900,16,193.41935483871,39.2903225806452,31,62
6000,16,195.428571428571,38.5428571428571,35,64
6100,16,198.454545454545,38.3636363636364,33,64
6200,16,201.916666666667,37.9722222222222,36,64
6300,16,208.176470588235,36.6470588235294,34,64
6400,16,212.166666666667,36.5333333333333,30,62
6500,16,213.333333333333,37.4545454545454,33,64
6600,16,215.69696969697,36.9090909090909,33,62
6700,16,216.75,37.28125,32,62
6800,16,220,36.84375,32,64
6900,16,223.848484848485,37.4848484848485,33,62
7000,16,227.529411764706,38.2352941176471,34,64
7100,16,230.823529411765,39.5588235294118,34,64
7200,16,234.612903225806,40.5483870967742,31,62
7300,16,236.645161290323,39.7096774193548,31,64
7400,16,240.677419354839,37.5161290322581,31,64
7500,16,244.064516129032,36.1290322580645,31,64
7600,16,244.911764705882,35.3529411764706,34,64
7700,16,247.65625,35.6875,32,62
7800,16,250.666666666667,37,30,62
7900,16,251.911764705882,37.2352941176471,34,64
8000,16,252,37.5,32,62
8100,16,254.088235294118,36.3529411764706,34,64
8200,16,257.088235294118,37.4411764705882,34,64
8300,16,259.606060606061,38.0909090909091,33,64
8400,16,263.709677419355,37.2903225806452,31,60
8500,16,268.290322580645,34.9354838709678,31,64
8600,16,269.735294117647,35,34,62
8700,16,272.117647058824,36.1764705882353,34,64
8800,16,275.387096774194,34,31,62
8900,16,276.3125,32.84375,32,64
9000,16,276.454545454545,32.4242424242424,33,64
9100,16,279.060606060606,30.4242424242424,33,62
9200,16,283,32.7878787878788,33,64
9300,16,284.294117647059,33.1764705882353,34,64
9400,16,286.515151515152,32.6666666666667,33,64
9500,16,289.411764705882,33.3529411764706,34,64
9600,16,292.46875,35.03125,32,64
9700,16,295.677419354839,36.1935483870968,31,62
9800,16,299.548387096774,35.2903225806452,31,66
9900,16,303.78125,35.5625,32,66
10000,16,306.939393939394,35.5757575757576,33,62
0,17,50,50,1,8
100,17,54.5,47.8235294117647,34,64
200,17,56.6969696969697,47.8484848484849,33,64
300,17,59.0571428571429,47.0571428571428,35,64
400,17,61.5757575757576,44.1818181818182,33,64
500,17,64.8125,42.3125,32,64
600,17,66.4848484848485,39.9090909090909,33,62
700,17,70.25,38.75,32,62
800,17,73.1818181818182,39.030303030303,33,64
900,17,75.2903225806452,38.8064516129032,31,62
1000,17,79.3142857142857,39.4,35,64
1100,17,80.1764705882353,41,34,64
1200,17,83.375,39.84375,32,60
1300,17,88.8235294117647,40.8823529411765,34,66
1400,17,89.21875,42.21875,32,62
1500,17,92.0625,44.21875,32,64
1600,17,93.3636363636364,41.8787878787879,33,64
1700,17,97.5142857142857,41.4571428571428,35,66
1800,17,100.25,40.71875,32,62
1900,17,104.909090909091,41.2424242424242,33,62
2000,17,108.40625,40.34375,32,64
2100,17,109.129032258065,42.3548387096774,31,62
2200,17,113.15625,42.53125,32,62
2300,17,116.575757575758,43.1818181818182,33,64
2400,17,120.272727272727,43.2727272727273,33,64
2500,17,122.548387096774,42.8387096774194,31,62
2600,17,127.272727272727,43.4545454545455,33,66
2700,17,129.363636363636,43.9090909090909,33,64
2800,17,134.029411764706,43.2941176470588,34,64
2900,17,137.972222222222,42.6944444444444,36,64
3000,17,142.909090909091,41.8484848484849,33,62
3100,17,145.875,39.78125,32,64
3200,17,146.848484848485,39.6666666666667,33,64
3300,17,150.764705882353,40.8823529411765,34,66
3400,17,152.451612903226,41.7096774193548,31,64
3500,17,156.1875,41.71875,32,62
3600,17,158.6875,43.53125,32,62
3700,17,162.903225806452,43.1290322580645,31,64
3800,17,165.878787878788,44.030303030303,33,64
3900,17,170.138888888889,43.3888888888889,36,64
4000,17,173.678571428571,42.8928571428571,28,62
4100,17,176.818181818182,42.2727272727273,33,62
4200,17,179.121212121212,41.969696969697,33,64
4300,17,181.181818181818,40,33,66
4400,17,184.774193548387,41.8064516129032,31,62
4500,17,187.352941176471,40.4411764705882,34,64
4600,17,189.84375,40.375,32,60
4700,17,193.030303030303,42.3939393939394,33,64
4800,17,195.151515151515,41.8181818181818,33,64
4900,17,197.6875,42.15625,32,62
5000,17,200.96875,42.46875,32,62
5100,17,202.911764705882,41.8529411764706,34,64
5200,17,206.225806451613,39.6774193548387,31,64
5300,17,209.354838709677,38.0645161290323,31,60
5400,17,212.6875,38.21875,32,64
5500,17,214.75,36.90625,32,64
5600,17,219.032258064516,34.8709677419355,31,62
5700,17,221.28125,34.84375,32,62
5800,17,223.575757575758,35.6969696969697,33,64
5900,17,225.030303030303,36.1818181818182,33,62
6000,17,228.387096774194,37.1935483870968,31,62
6100,17,228.78125,38.40625,32,64
6200,17,229.75,39.5,32,62
6300,17,231.971428571429,39.8285714285714,35,64
6400,17,234.5,40,34,62
6500,17,237.428571428571,39.7714285714286,35,64
6600,17,240.233333333333,38.2666666666667,30,60
6700,17,244,39.2647058823529,34,62
6800,17,249.15625,39.6875,32,64
6900,17,250.741935483871,39.0322580645161,31,62
7000,17,252.235294117647,37.7941176470588,34,64
7100,17,254.25,35.4375,32,64
7200,17,255.323529411765,34.6470588235294,34,64
7300,17,257.151515151515,32.8484848484848,33,64
7400,17,258.290322580645,31.8709677419355,31,60
7500,17,259.8125,30.9375,32,64
7600,17,262.59375,30.0625,32,66
7700,17,265.939393939394,28.1818181818182,33,66
7800,17,268.741935483871,27.8387096774194,31,64
7900,17,269.970588235294,28.6764705882353,34,64
8000,17,270.58064516129,29.9677419354839,31,62
8100,17,274.30303030303,29.6666666666667,33,66
8200,17,275.757575757576,29.0909090909091,33,62
8300,17,277.375,29.96875,32,62
8400,17,281.0625,30.53125,32,62
8500,17,284.903225806452,28.0967741935484,31,64
8600,17,288.823529411765,30.1764705882353,34,62
8700,17,293.228571428571,30,35,64
8800,17,294.375,31.59375,32,62
8900,17,298.911764705882,31.2647058823529,34,64
9000,17,303.516129032258,30.5161290322581,31,62
9100,17,305.909090909091,29.7575757575758,33,62
9200,17,310.354838709677,30.1290322580645,31,64
9300,17,313.516129032258,30.8709677419355,31,64
9400,17,314.911764705882,32,34,64
9500,17,317.212121212121,29.9393939393939,33,66
9600,17,320.75,31.15625,32,64
9700,17,323.545454545455,31.6969696969697,33,64
9800,17,326.28125,30.90625,32,64
9900,17,327.151515151515,29.4848484848485,33,66
10000,17,328.971428571429,28.6,35,64
0,18,50.5,50.5,2,14
100,18,55.4,50,30,62
200,18,58.5,50.5,32,60
300,18,61,52,31,62
400,18,64.3235294117647,52.6764705882353,34,64
500,18,66.7878787878788,52.1212121212121,33,64
600,18,68.09375,51.5625,32,64
700,18,70.5625,52.6875,32,62
800,18,75,53.7741935483871,31,64
900,18,77.6666666666667,53.7575757575758,33,66
1000,18,81.5588235294118,54.735294117647,34,64
1100,18,86.5,54.6111111111111,36,66
1200,18,90.4117647058824,55.1764705882353,34,64
1300,18,92.969696969697,55.8181818181818,33,62
1400,18,95.8235294117647,55.764705882353,34,64
1500,18,98.4242424242424,56.0606060606061,33,64
1600,18,103.375,55.46875,32,64
1700,18,107.742857142857,55.8857142857143,35,64
1800,18,110.9,57.5,30,64
1900,18,114.588235294118,57,34,64
2000,18,118.1,57.3333333333333,30,60
2100,18,118.59375,55.9375,32,64
2200,18,122.735294117647,54.5588235294118,34,66
2300,18,126.242424242424,53.5454545454546,33,66
2400,18,127.147058823529,52.4705882352941,34,64
2500,18,129.875,51.5,32,62
2600,18,131.7,49.5666666666667,30,60
2700,18,133.212121212121,51.5454545454546,33,62
2800,18,137.212121212121,52.1515151515151,33,64
2900,18,138.90625,51.59375,32,62
3000,18,140.30303030303,51.9393939393939,33,64
3100,18,141.8,53.2333333333333,30,64
3200,18,146.2,55.4571428571429,35,64
3300,18,148.655172413793,56.7586206896552,29,62
3400,18,150.677419354839,56.8709677419355,31,62
3500,18,153.625,55.625,32,62
3600,18,157.575757575758,55.030303030303,33,62
3700,18,159.625,55.59375,32,64
3800,18,161.03125,53.75,32,64
3900,18,161.393939393939,54.6666666666667,33,66
4000,18,163.352941176471,55.1764705882353,34,64
4100,18,166,55.5,34,62
4200,18,169.235294117647,56.1764705882353,34,64
4300,18,175.484848484848,57.2727272727273,33,64
4400,18,178.606060606061,57.4242424242424,33,64
4500,18,181.060606060606,55.5757575757576,33,62
4600,18,184.088235294118,54.6470588235294,34,64
4700,18,189.34375,55.3125,32,62
4800,18,190.866666666667,55.7666666666667,30,62
4900,18,194.4375,54.84375,32,62
5000,18,196.363636363636,57.5454545454545,33,64
5100,18,198.181818181818,55.7575757575758,33,64
5200,18,203,53.9666666666667,30,62
5300,18,205.032258064516,55.7096774193548,31,62
5400,18,206.848484848485,55.1212121212121,33,64
5500,18,210.15625,55.375,32,66
5600,18,214.5,56.53125,32,64
5700,18,216.411764705882,57.4705882352941,34,64
5800,18,218.735294117647,57.2058823529412,34,64
5900,18,223.135135135135,56.9189189189189,37,66
6000,18,225.666666666667,56.6363636363636,33,64
6100,18,232.030303030303,56.5454545454545,33,64
6200,18,236.30303030303,57.4545454545454,33,64
6300,18,238.9375,58.75,32,64
6400,18,240.84375,59.1875,32,62
6500,18,245.5625,62.59375,32,62
6600,18,248.848484848485,61.6060606060606,33,66
6700,18,250.40625,61.71875,32,64
6800,18,251.852941176471,62.3235294117647,34,64
6900,18,252.677419354839,61.5806451612903,31,62
7000,18,257.314285714286,61.8285714285714,35,64
7100,18,261.451612903226,61.1290322580645,31,64
7200,18,265.323529411765,63.0588235294118,34,64
7300,18,267.387096774194,61.4193548387097,31,64
7400,18,269.40625,60.4375,32,62
7500,18,272.588235294118,60.7647058823529,34,66
7600,18,275.090909090909,61.5151515151515,33,62
7700,18,279.064516129032,62,31,64
7800,18,282.939393939394,61.9090909090909,33,64
7900,18,287.787878787879,62.7272727272727,33,64
8000,18,290.264705882353,59.8235294117647,34,64
8100,18,293.2,59.6333333333333,30,62
8200,18,297.636363636364,59.3939393939394,33,64
8300,18,301.096774193548,61.8709677419355,31,62
8400,18,305.117647058824,62.3823529411765,34,64
8500,18,307.085714285714,63.4571428571429,35,66
8600,18,308.970588235294,65.0882352941176,34,64
8700,18,312.617647058824,62.8235294117647,34,64
8800,18,315.090909090909,63.1515151515151,33,64
8900,18,317.0625,62.46875,32,64
9000,18,320.322580645161,60.6451612903226,31,64
9100,18,323.25,60.65625,32,64
9200,18,325.911764705882,61.7941176470588,34,64
9300,18,328.542857142857,60.9142857142857,35,64
9400,18,331.354838709677,61.8064516129032,31,62
9500,18,335.545454545455,58.9090909090909,33,62
9600,18,338.085714285714,58.5428571428572,35,64
9700,18,343.727272727273,58.6363636363636,33,62
9800,18,345.7,57.0666666666667,30,62
9900,18,348.6875,57.71875,32,62
10000,18,353.818181818182,57.030303030303,33,64
0,19,49.6666666666667,49.3333333333333,3,18
100,19,51.4545454545455,49.3333333333333,33,66
200,19,52.8823529411765,48.2058823529412,34,64
300,19,56,47,33,64
400,19,57.969696969697,48.1818181818182,33,62
500,19,62.6969696969697,48.9090909090909,33,62
600,19,63.4848484848485,49.4545454545455,33,64
700,19,67.2058823529412,49,34,64
800,19,71,50.125,32,64
900,19,75.90625,46.125,32,62
1000,19,76.875,47.1875,32,64
1100,19,78.1212121212121,47.969696969697,33,64
1200,19,83.030303030303,48.6060606060606,33,66
1300,19,85.9032258064516,47.8064516129032,31,62
1400,19,89.6129032258064,46.9677419354839,31,62
1500,19,95.4242424242424,47.4242424242424,33,62
1600,19,97.5161290322581,48.0967741935484,31,64
1700,19,100.133333333333,48.0666666666667,30,62
1800,19,102.84375,45.375,32,64
1900,19,105.606060606061,44.9393939393939,33,64
2000,19,109,44.4117647058824,34,64
2100,19,111.242424242424,46.6969696969697,33,62
2200,19,114.727272727273,47.9090909090909,33,64
2300,19,117.137931034483,49.6206896551724,29,62
2400,19,118.903225806452,49.258064516129,31,64
2500,19,122.515151515152,47.1515151515152,33,62
2600,19,127.5,47,34,62
2700,19,128.741935483871,47.5806451612903,31,62
2800,19,131.78125,48,32,62
2900,19,138.454545454545,48.6363636363636,33,64
3000,19,136.966666666667,47.4666666666667,30,64
3100,19,140.233333333333,47.7333333333333,30,64
3200,19,144.484848484848,47.6363636363636,33,64
3300,19,146.454545454545,48.2121212121212,33,62
3400,19,149.333333333333,47.4545454545454,33,64
3500,19,149.225806451613,47.5806451612903,31,62
3600,19,151.133333333333,48.8333333333333,30,64
3700,19,155.757575757576,48.2727272727273,33,64
3800,19,160.741935483871,47.4516129032258,31,64
3900,19,166.28125,44.25,32,62
4000,19,167.470588235294,44.9411764705882,34,64
4100,19,170.969696969697,44.030303030303,33,64
4200,19,174.030303030303,44,33,64
4300,19,176.727272727273,43.3030303030303,33,64
4400,19,178.5,45.9666666666667,30,62
4500,19,180.15625,45.6875,32,62
4600,19,181.4375,45.84375,32,64
4700,19,184.1875,46.46875,32,64
4800,19,187.424242424242,46.6666666666667,33,62
4900,19,189.6,47.4571428571429,35,66
5000,19,189.967741935484,48.4838709677419,31,62
5100,19,194.205882352941,48.2058823529412,34,66
5200,19,196.529411764706,49.1470588235294,34,64
5300,19,198.147058823529,49.0882352941176,34,66
5400,19,200.454545454545,47.5151515151515,33,66
5500,19,203.393939393939,47.2424242424243,33,64
5600,19,205.5,45.5,34,64
5700,19,208.055555555556,45.3333333333333,36,66
5800,19,210.375,41.9375,32,62
5900,19,214,43.7941176470588,34,64
6000,19,218.548387096774,42.6774193548387,31,62
6100,19,222.285714285714,43.3428571428571,35,66
6200,19,225.882352941176,44.3529411764706,34,66
6300,19,228.709677419355,45.3870967741935,31,64
6400,19,232.735294117647,45.3823529411765,34,66
6500,19,236.060606060606,44.3939393939394,33,64
6600,19,237.727272727273,46.8181818181818,33,62
6700,19,239.4375,48.0625,32,62
6800,19,241.515151515152,47.7575757575758,33,66
6900,19,244,47.59375,32,64
7000,19,246.454545454545,46.5757575757576,33,64
7100,19,246.866666666667,46.3,30,60
7200,19,248.8125,46,32,62
7300,19,251.875,44.59375,32,64
7400,19,255.352941176471,44.7058823529412,34,64
7500,19,257.314285714286,45.0857142857143,35,64
7600,19,260.090909090909,45.5454545454545,33,62
7700,19,263.294117647059,44.5,34,62
7800,19,264.857142857143,43.6285714285714,35,68
7900,19,268.5,41.75,32,64
8000,19,271.645161290323,42.1935483870968,31,62
8100,19,275.545454545455,40.6363636363636,33,64
8200,19,278.382352941176,41.1470588235294,34,64
8300,19,280.935483870968,39.8064516129032,31,64
8400,19,281.878787878788,41.0909090909091,33,64
8500,19,284.032258064516,43.0645161290322,31,64
8600,19,287.666666666667,43.2121212121212,33,64
8700,19,288.1875,44.75,32,62
8800,19,292.363636363636,44.6060606060606,33,64
8900,19,295.75,45.71875,32,62
9000,19,296.8125,46.78125,32,64
9100,19,301.125,47.75,32,64
9200,19,305.125,47.40625,32,62
9300,19,309.40625,45.8125,32,66
9400,19,312.15625,46.96875,32,64
9500,19,314.931034482759,46.7241379310345,29,62
9600,19,319.606060606061,47.1515151515151,33,64
9700,19,321.823529411765,46.3823529411765,34,64
9800,19,324.322580645161,46.0967741935484,31,64
9900,19,328.032258064516,46.4516129032258,31,64
10000,19,329.5625,45.84375,32,62
0,20,50,50,1,8
100,20,51.264705882353,47,34,62
200,20,53.96875,46.5,32,64
300,20,55.9666666666667,47.0333333333333,30,62
400,20,58.5294117647059,45.9411764705882,34,64
500,20,61.6363636363636,47.2121212121212,33,64
600,20,65.2424242424242,45.8787878787879,33,64
700,20,65.2058823529412,45.2352941176471,34,64
800,20,69.4516129032258,44.3548387096774,31,62
900,20,72.5151515151515,42.030303030303,33,64
1000,20,75.7714285714286,44.5714285714286,35,66
1100,20,81.6764705882353,46.0588235294118,34,64
1200,20,85.9705882352941,43.5588235294118,34,66
1300,20,90.969696969697,45.3939393939394,33,64
1400,20,92.6333333333333,47.6,30,64
1500,20,94.9393939393939,48.3333333333333,33,62
1600,20,97.2647058823529,46.7352941176471,34,64
1700,20,99.7428571428572,45.6571428571429,35,66
1800,20,102.393939393939,45.3636363636364,33,64
1900,20,106.181818181818,45.2121212121212,33,64
2000,20,110.516129032258,46.1935483870968,31,64
2100,20,111.151515151515,46.0909090909091,33,64
2200,20,115.193548387097,45.3548387096774,31,60
2300,20,117.451612903226,45.4516129032258,31,62
2400,20,119.548387096774,44.4193548387097,31,60
2500,20,122.69696969697,42.9090909090909,33,62
2600,20,122.375,43.6875,32,64
2700,20,124.212121212121,45.5151515151515,33,64
2800,20,126.484848484848,46.0909090909091,33,62
2900,20,129.5625,45.125,32,62
3000,20,132.823529411765,46.1176470588235,34,66
3100,20,133.774193548387,45.7741935483871,31,62
3200,20,135.454545454545,47.3030303030303,33,64
3300,20,136.935483870968,47.5483870967742,31,62
3400,20,139.666666666667,47.6666666666667,33,64
3500,20,143.575757575758,46.7878787878788,33,64
3600,20,146.939393939394,47.8181818181818,33,64
3700,20,148,46.3030303030303,33,64
3800,20,152.161290322581,48.0322580645161,31,62
3900,20,153.676470588235,51.5,34,64
4000,20,154.676470588235,50.9411764705882,34,66
4100,20,157.257142857143,51.6857142857143,35,66
4200,20,159.939393939394,50.0606060606061,33,64
4300,20,163.625,49.71875,32,64
4400,20,167.885714285714,49.7428571428571,35,64
4500,20,170.575757575758,50.3333333333333,33,64
4600,20,174.285714285714,51.2285714285714,35,66
4700,20,175.647058823529,51.6764705882353,34,64
4800,20,178.90625,52.71875,32,64
4900,20,182.575757575758,53.6666666666667,33,64
5000,20,185.151515151515,54.1515151515152,33,62
5100,20,186.69696969697,52.5757575757576,33,64
5200,20,189.366666666667,54.3666666666667,30,62
5300,20,191.71875,53.65625,32,62
5400,20,195.628571428571,53.8857142857143,35,66
5500,20,200.09375,53.1875,32,64
5600,20,203.636363636364,55.030303030303,33,64
5700,20,204.967741935484,52.1290322580645,31,64
5800,20,208.41935483871,52.6451612903226,31,62
5900,20,208.882352941176,54.5,34,64
6000,20,211.909090909091,54.4545454545455,33,62
6100,20,213.967741935484,54.2258064516129,31,62
6200,20,217.088235294118,56.7941176470588,34,64
6300,20,220.71875,55.4375,32,64
6400,20,224.125,52.46875,32,62
6500,20,225.939393939394,53.1212121212121,33,66
6600,20,228.727272727273,51.6363636363636,33,66
6700,20,228.882352941176,52.3235294117647,34,66
6800,20,230.1,52.8,30,62
6900,20,233.25,52.0625,32,64
7000,20,236.806451612903,54.5483870967742,31,62
7100,20,239.030303030303,54.4242424242424,33,62
7200,20,240.647058823529,54.0588235294118,34,64
7300,20,243.545454545455,54.7878787878788,33,62
7400,20,245.533333333333,53.7,30,62
7500,20,247.290322580645,53.1935483870968,31,62
7600,20,250.5,53.09375,32,62
7700,20,252.636363636364,54.7272727272727,33,66
7800,20,256.9,55.0666666666667,30,62
7900,20,259.34375,56.5625,32,64
8000,20,261.09375,57.25,32,62
8100,20,262.53125,55.46875,32,64
8200,20,264.848484848485,56.1515151515151,33,64
8300,20,265.709677419355,57.3225806451613,31,62
8400,20,269.151515151515,56.6969696969697,33,64
8500,20,271.685714285714,55.9428571428571,35,66
8600,20,275.354838709677,56.5161290322581,31,62
8700,20,277.375,56.5,32,64
8800,20,282.818181818182,55.2727272727273,33,62
8900,20,287.181818181818,54.6060606060606,33,64
9000,20,289.548387096774,56.0322580645161,31,62
9100,20,294.193548387097,54.6451612903226,31,64
9200,20,296.1,52.8,30,62
9300,20,300.69696969697,52.3636363636364,33,66
9400,20,304,50,32,64
9500,20,307.066666666667,48.8666666666667,30,60
9600,20,308.8125,47.75,32,62
9700,20,309.78125,48.09375,32,64
9800,20,315.058823529412,48.3529411764706,34,64
9900,20,315.617647058824,46.9705882352941,34,64
10000,20,319.25,46.3125,32,64
0,21,49.5,49.5,2,14
100,21,53.0857142857143,49.5428571428572,35,64
200,21,57.4571428571429,48.7428571428571,35,64
300,21,60.03125,48.4375,32,64
400,21,65.5151515151515,46.8181818181818,33,66
500,21,67.6857142857143,45.6,35,64
600,21,72.4848484848485,46.1515151515151,33,62
700,21,75.28125,45.6875,32,62
800,21,77.1111111111111,46,36,66
900,21,80.735294117647,46.4705882352941,34,64
1000,21,87.375,45.78125,32,62
1100,21,88.625,46.65625,32,62
1200,21,90.1764705882353,45.7647058823529,34,64
1300,21,92.3870967741936,45.7741935483871,31,62
1400,21,98.5757575757576,47.2424242424242,33,62
1500,21,104.354838709677,48.8064516129032,31,60
1600,21,105.666666666667,49.2424242424242,33,62
1700,21,109.147058823529,49.6470588235294,34,64
1800,21,113.235294117647,50.0588235294118,34,64
1900,21,116.090909090909,49.4848484848485,33,62
2000,21,119.264705882353,50.9117647058823,34,64
2100,21,120.666666666667,51.0606060606061,33,62
2200,21,122.90625,53.03125,32,62
2300,21,126.454545454545,51.3030303030303,33,66
2400,21,127.533333333333,50.4333333333333,30,62
2500,21,129.787878787879,52.3636363636364,33,64
2600,21,133.787878787879,52.0909090909091,33,62
2700,21,137.727272727273,50.1818181818182,33,62
2800,21,139.8,51.8666666666667,30,62
2900,21,142.28125,51.3125,32,62
3000,21,145.741935483871,53.5806451612903,31,62
3100,21,149.387096774194,55.0645161290323,31,62
3200,21,152.741935483871,54.8709677419355,31,64
3300,21,156.205882352941,55.4705882352941,34,66
3400,21,159.818181818182,55.2727272727273,33,62
3500,21,162.818181818182,55.6060606060606,33,64
3600,21,166.852941176471,54.5882352941176,34,64
3700,21,170.771428571429,54.3714285714286,35,64
3800,21,174.314285714286,54.1714285714286,35,66
3900,21,176.5,54,34,62
4000,21,180.233333333333,53.5666666666667,30,64
4100,21,184.794117647059,53.4411764705882,34,64
4200,21,188.875,53.125,32,62
4300,21,192.970588235294,51.3235294117647,34,64
4400,21,194.9375,50.3125,32,62
4500,21,197.606060606061,51.2727272727273,33,64
4600,21,202.25,52.40625,32,66
4700,21,206.1875,50.84375,32,64
4800,21,210.448275862069,50.9655172413793,29,62
4900,21,212.6875,49.75,32,64
5000,21,213.28125,50.375,32,64
5100,21,216.272727272727,49.3636363636364,33,62
5200,21,219.575757575758,49.4242424242424,33,62
5300,21,224.1875,50.6875,32,64
5400,21,224.96875,53,32,64
5500,21,227.096774193548,53.8387096774194,31,64
5600,21,228.848484848485,52.2121212121212,33,66
5700,21,230.666666666667,53.2424242424242,33,62
5800,21,234.363636363636,53.8181818181818,33,64
5900,21,237.151515151515,53.1515151515151,33,64
6000,21,238.647058823529,52.3529411764706,34,64
6100,21,242.147058823529,54.6764705882353,34,66
6200,21,244.354838709677,55.4838709677419,31,60
6300,21,248.939393939394,55.969696969697,33,64
6400,21,252.393939393939,57.1818181818182,33,64
6500,21,253.71875,57.34375,32,62
6600,21,255.424242424242,58.4242424242424,33,64
6700,21,260.5,58.5666666666667,30,64
6800,21,262,59.5,34,62
6900,21,262.757575757576,58.030303030303,33,64
7000,21,262.970588235294,57.7647058823529,34,64
7100,21,264.852941176471,57.0882352941177,34,64
7200,21,266.032258064516,57.2258064516129,31,62
7300,21,267.314285714286,57.8285714285714,35,64
7400,21,269.53125,58,32,64
7500,21,274.342857142857,57.9428571428571,35,64
7600,21,277.411764705882,59.2647058823529,34,66
7700,21,281.633333333333,59.5,30,62
7800,21,283.264705882353,58.9117647058823,34,64
7900,21,285.451612903226,59.0645161290323,31,62
8000,21,287.735294117647,55.9117647058823,34,66
8100,21,291.735294117647,56.8529411764706,34,64
8200,21,294.545454545455,58.6363636363636,33,64
8300,21,298.625,60.15625,32,60
8400,21,301.909090909091,61.6969696969697,33,62
8500,21,304.774193548387,61.5806451612903,31,64
8600,21,308.787878787879,61.4242424242424,33,64
8700,21,310.483870967742,62.0967741935484,31,62
8800,21,315.235294117647,59.4411764705882,34,64
8900,21,317.545454545455,58.969696969697,33,64
9000,21,321.114285714286,57.3142857142857,35,64
9100,21,321.411764705882,58,34,64
9200,21,323.21875,57.59375,32,64
9300,21,325.53125,59.59375,32,64
9400,21,329.25,59.1875,32,64
9500,21,332.757575757576,59.8484848484849,33,64
9600,21,335,59.4516129032258,31,62
9700,21,337.060606060606,58.3636363636364,33,64
9800,21,339.939393939394,58,33,64
9900,21,342.114285714286,59.5428571428572,35,66
10000,21,344.225806451613,56.1612903225807,31,62
0,22,50,50,1,8
100,22,51.6969696969697,48.5757575757576,33,64
200,22,54.2121212121212,49.4545454545455,33,62
300,22,58.84375,49.25,32,62
400,22,60.6363636363636,47.8181818181818,33,64
500,22,64.03125,46.625,32,62
600,22,67.4193548387097,43.5161290322581,31,62
700,22,69.0606060606061,44,33,64
800,22,73.4,44.7142857142857,35,66
900,22,74.6451612903226,40.9354838709678,31,64
1000,22,77.1470588235294,42.8823529411765,34,64
1100,22,79.0625,43.53125,32,64
1200,22,80.3870967741936,42.6774193548387,31,64
1300,22,82.5151515151515,42.3333333333333,33,64
1400,22,84.71875,43.71875,32,64
1500,22,86.5,42.59375,32,64
1600,22,89.375,42.84375,32,60
1700,22,92.5454545454546,43.6666666666667,33,64
1800,22,94.7741935483871,44,31,62
1900,22,99.1290322580645,44.9354838709678,31,62
2000,22,102.147058823529,41,34,64
2100,22,105.59375,41.625,32,62
2200,22,108.25,41.53125,32,62
2300,22,110.59375,39.875,32,62
2400,22,115.484848484848,41.6363636363636,33,64
2500,22,119.147058823529,40.6470588235294,34,64
2600,22,121.84375,41.625,32,60
2700,22,123.241379310345,42.6896551724138,29,62
2800,22,125,43.1875,32,62
2900,22,127.828571428571,45.3142857142857,35,64
3000,22,128.545454545455,45.3030303030303,33,64
3100,22,130.5,45.5882352941176,34,64
3200,22,133.166666666667,47.0666666666667,30,60
3300,22,136.064516129032,46.8387096774194,31,62
3400,22,139.21875,46.75,32,64
3500,22,143.53125,46.96875,32,64
3600,22,145.939393939394,46.6969696969697,33,64
3700,22,148.41935483871,44.0645161290322,31,64
3800,22,151.1,45.8,30,64
3900,22,152.46875,46.03125,32,64
4000,22,154.794117647059,46.2352941176471,34,64
4100,22,156.46875,45.9375,32,62
4200,22,159.333333333333,48.1333333333333,30,62
4300,22,164.151515151515,45.1212121212121,33,64
4400,22,167.242424242424,45.9393939393939,33,64
4500,22,169,46.09375,32,62
4600,22,173.575757575758,45.7575757575758,33,66
4700,22,178.25,47.09375,32,62
4800,22,180.212121212121,46.1515151515151,33,64
4900,22,183.571428571429,46.3714285714286,35,64
5000,22,183.870967741935,44.741935483871,31,64
5100,22,186.424242424242,44.3939393939394,33,64
5200,22,187.636363636364,45.3030303030303,33,64
5300,22,188.848484848485,44.7272727272727,33,62
5400,22,192.151515151515,44.6363636363636,33,64
5500,22,194.09375,45.25,32,64
5600,22,195.363636363636,45.6666666666667,33,66
5700,22,196.411764705882,45.8235294117647,34,64
5800,22,197.088235294118,45.6764705882353,34,64
5900,22,200.064516129032,42.6129032258065,31,64
6000,22,204.387096774194,42.9354838709677,31,64
6100,22,207.181818181818,41.8787878787879,33,66
6200,22,208.181818181818,43.2727272727273,33,64
6300,22,211.15625,43.75,32,66
6400,22,214.272727272727,44.2727272727273,33,66
6500,22,217.71875,44.75,32,62
6600,22,217.34375,43.96875,32,62
6700,22,218.84375,43.75,32,62
6800,22,221.606060606061,44.030303030303,33,64
6900,22,223.757575757576,43.0909090909091,33,62
7000,22,229,41.735294117647,34,64
7100,22,230.5,42.125,32,62
7200,22,231.794117647059,40.9705882352941,34,66
7300,22,234.242424242424,42.7575757575758,33,64
7400,22,236.454545454545,41.9090909090909,33,62
7500,22,238.228571428571,41.3428571428571,35,64
7600,22,241.514285714286,41.4,35,64
7700,22,243.823529411765,40.8823529411765,34,64
7800,22,246.645161290323,43.258064516129,31,60
7900,22,249.366666666667,43.4,30,62
8000,22,252.46875,44.75,32,62
8100,22,254.1875,45.375,32,64
8200,22,256.787878787879,43.2121212121212,33,64
8300,22,260,41.84375,32,64
8400,22,262.588235294118,43.5294117647059,34,64
8500,22,262.387096774194,43.5806451612903,31,62
8600,22,265.34375,44.28125,32,64
8700,22,267,45.1212121212121,33,64
8800,22,268.09375,44.375,32,62
8900,22,268.818181818182,42.5757575757576,33,66
9000,22,270.085714285714,41.5428571428572,35,64
9100,22,273.064516129032,41.2258064516129,31,64
9200,22,276.212121212121,41.9090909090909,33,66
9300,22,276.612903225806,41.5806451612903,31,64
9400,22,277.181818181818,40.7575757575758,33,64
9500,22,278.53125,40.28125,32,64
9600,22,281.193548387097,39.5483870967742,31,62
9700,22,285.96875,40.375,32,62
9800,22,289.375,40.59375,32,62
9900,22,293.4375,39.53125,32,64
10000,22,297.53125,38.0625,32,62
0,23,50,50,1,8
100,23,54.21875,47.125,32,64
200,23,57.84375,44.375,32,60
300,23,60.8484848484849,43.6666666666667,33,64
400,23,63.1935483870968,41.9354838709677,31,62
500,23,65.6774193548387,42,31,64
600,23,66.9,41.6,30,64
700,23,69.0857142857143,44.3142857142857,35,64
800,23,72.59375,43.28125,32,64
900,23,76.3333333333333,44.2424242424242,33,62
1000,23,80.5,44.8125,32,62
1100,23,82.21875,44.71875,32,64
1200,23,83.8235294117647,43.9117647058823,34,64
1300,23,89,43.5,34,62
1400,23,92.0882352941176,42.7941176470588,34,66
1500,23,95.78125,42,32,62
1600,23,100.666666666667,43.939393939394,33,62
1700,23,102.03125,44.03125,32,64
1800,23,106.032258064516,44.4838709677419,31,62
1900,23,109.454545454545,42.7878787878788,33,62
2000,23,111.969696969697,40.8181818181818,33,64
2100,23,115.878787878788,42.6969696969697,33,64
2200,23,117.30303030303,44.3636363636364,33,64
2300,23,118.5,46,34,62
2400,23,122.393939393939,45.3333333333333,33,64
2500,23,124.757575757576,45.3939393939394,33,64
2600,23,127.78125,47.34375,32,62
2700,23,130.483870967742,46.9032258064516,31,64
2800,23,136.65625,44.375,32,62
2900,23,136.575757575758,40.5454545454545,33,64
3000,23,139.242424242424,39.4242424242424,33,62
3100,23,139.96875,39.09375,32,62
3200,23,139.848484848485,38.7272727272727,33,62
3300,23,141.666666666667,38.7272727272727,33,64
3400,23,144.685714285714,39.0857142857143,35,64
3500,23,146.34375,40.15625,32,64
3600,23,150.161290322581,41.258064516129,31,64
3700,23,154.09375,40.6875,32,64
3800,23,156.382352941176,41.0588235294118,34,64
3900,23,159.733333333333,42.3,30,64
4000,23,161.941176470588,40.2352941176471,34,64
4100,23,165.121212121212,41,33,66
4200,23,167.606060606061,41.030303030303,33,64
4300,23,169.909090909091,41.5454545454546,33,62
4400,23,170.875,44.125,32,64
4500,23,173.0625,43.3125,32,64
4600,23,175.65625,43.59375,32,64
4700,23,178.129032258065,44.7096774193548,31,62
4800,23,181.375,46.15625,32,60
4900,23,184.689655172414,45.7586206896552,29,60
5000,23,184.866666666667,44.8333333333333,30,64
5100,23,187.46875,44.21875,32,64
5200,23,190.125,45.0625,32,64
5300,23,193.5,44,34,62
5400,23,197.1875,43.4375,32,64
5500,23,199.193548387097,45.3548387096774,31,60
5600,23,201.90625,46.03125,32,62
5700,23,203.764705882353,46.9117647058824,34,66
5800,23,208.75,48.375,32,64
5900,23,214.628571428571,46.5714285714286,35,64
6000,23,215.161290322581,47.7096774193548,31,62
6100,23,218.371428571429,47,35,64
6200,23,220.181818181818,46.8181818181818,33,64
6300,23,222.875,45.28125,32,64
6400,23,223.59375,44.28125,32,62
6500,23,229.96875,42.84375,32,64
6600,23,232.75,41.5625,32,64
6700,23,235.909090909091,43.5151515151515,33,64
6800,23,238.352941176471,44.0882352941176,34,64
6900,23,238.735294117647,43.735294117647,34,64
7000,23,241.176470588235,42.8235294117647,34,64
7100,23,244.424242424242,43.3333333333333,33,62
7200,23,247.676470588235,47.5882352941177,34,64
7300,23,250.852941176471,47.2647058823529,34,64
7400,23,253.806451612903,46.0967741935484,31,62
7500,23,257.71875,46.03125,32,62
7600,23,261.969696969697,46.4242424242424,33,62
7700,23,264.606060606061,45.4848484848485,33,62
7800,23,267.354838709677,45.258064516129,31,60
7900,23,268.323529411765,44.2941176470588,34,64
8000,23,272.441176470588,45.3235294117647,34,64
8100,23,275.272727272727,45.4545454545455,33,66
8200,23,278.515151515152,44.6060606060606,33,62
8300,23,281.354838709677,42.5483870967742,31,62
8400,23,284.875,41.0625,32,62
8500,23,286.125,40.53125,32,62
8600,23,288.903225806452,40.3548387096774,31,64
8700,23,291.03125,43.28125,32,64
8800,23,292.352941176471,45.4411764705882,34,64
8900,23,294.8,44.4333333333333,30,62
9000,23,298.322580645161,44.8387096774194,31,64
9100,23,299.53125,43.09375,32,64
9200,23,301.78125,39.59375,32,64
9300,23,303.78125,40.3125,32,64
9400,23,307.25,39.1875,32,62
9500,23,309.935483870968,39.5483870967742,31,62
9600,23,312.114285714286,37.7428571428571,35,64
9700,23,314.060606060606,38.6666666666667,33,64
9800,23,316.176470588235,38.7647058823529,34,64
9900,23,317.625,37.5,32,64
10000,23,322.393939393939,35.5454545454545,33,64
0,24,50,50,1,8
100,24,53.65625,49.03125,32,64
200,24,57.7941176470588,47.5588235294118,34,64
300,24,59.6969696969697,48.0909090909091,33,62
400,24,62.8235294117647,48.3529411764706,34,66
500,24,63.875,47.40625,32,64
600,24,66.8235294117647,46.2647058823529,34,64
700,24,67.4242424242424,44.3333333333333,33,62
800,24,69.4571428571429,45.3428571428571,35,66
900,24,71.78125,44.09375,32,64
1000,24,72.0909090909091,43.8181818181818,33,64
1100,24,74.0322580645161,44.258064516129,31,62
1200,24,78.2121212121212,43.9090909090909,33,62
1300,24,78.8235294117647,41.4411764705882,34,64
1400,24,80.8484848484848,42.2727272727273,33,62
1500,24,84,42.9117647058823,34,64
1600,24,86.0909090909091,43.2424242424242,33,64
1700,24,89.6363636363636,44.969696969697,33,64
1800,24,90.5151515151515,47.4545454545455,33,64
1900,24,91.3529411764706,45.3529411764706,34,64
2000,24,92.6857142857143,46.3428571428571,35,66
2100,24,95.516129032258,45.6129032258065,31,62
2200,24,97.7575757575758,45.3333333333333,33,62
2300,24,101.090909090909,42.7575757575758,33,62
2400,24,105.878787878788,43.3030303030303,33,64
2500,24,105.806451612903,45.4516129032258,31,62
2600,24,106.69696969697,43.9090909090909,33,62
2700,24,108.393939393939,42.6666666666667,33,66
2800,24,109.969696969697,41.2424242424243,33,64
2900,24,113.242424242424,41.4848484848485,33,64
3000,24,116.1875,41.6875,32,64
3100,24,118.484848484848,40.9090909090909,33,62
3200,24,121.911764705882,39.0588235294118,34,64
3300,24,124.5,37.5,32,60
3400,24,126.032258064516,36.2258064516129,31,62
3500,24,128.71875,37.8125,32,64
3600,24,130.78125,38.34375,32,62
3700,24,133.030303030303,39.4242424242424,33,62
3800,24,134.545454545455,39.8484848484849,33,64
3900,24,136.193548387097,38.2903225806452,31,64
4000,24,140.516129032258,35.8064516129032,31,64
4100,24,142.375,35.90625,32,62
4200,24,143.882352941176,37.1470588235294,34,64
4300,24,145.125,35.40625,32,64
4400,24,149.84375,35.46875,32,64
4500,24,151.181818181818,34.3939393939394,33,64
4600,24,155.5,32.6333333333333,30,60
4700,24,158.228571428571,34,35,64
4800,24,160.909090909091,34.6969696969697,33,62
4900,24,163.882352941176,35.8823529411765,34,64
5000,24,164.441176470588,38.0294117647059,34,64
5100,24,167.757575757576,37.6969696969697,33,62
5200,24,171.84375,37.4375,32,64
5300,24,175.75,39.15625,32,64
5400,24,176.5,36,34,62
5500,24,179.878787878788,37.3333333333333,33,64
5600,24,182.967741935484,36.4193548387097,31,62
5700,24,184.558823529412,38.0294117647059,34,66
5800,24,185.15625,38,32,62
5900,24,188.942857142857,37.6571428571429,35,64
6000,24,190.393939393939,37.1818181818182,33,66
6100,24,192.451612903226,35.5806451612903,31,62
6200,24,195.515151515152,35.3636363636364,33,64
6300,24,198.096774193548,34.7096774193548,31,62
6400,24,201,32.78125,32,62
6500,24,202.3125,33.3125,32,64
6600,24,205.193548387097,32.9032258064516,31,64
6700,24,207.741935483871,33.4838709677419,31,62
6800,24,209.84375,34.40625,32,64
6900,24,211.709677419355,35.7096774193549,31,64
7000,24,216.864864864865,35.0810810810811,37,66
7100,24,223.575757575758,37.6363636363636,33,64
7200,24,225.941176470588,36.2352941176471,34,64
7300,24,229.266666666667,37.8,30,60
7400,24,233.454545454545,37.5151515151515,33,64
7500,24,236.909090909091,38.4545454545455,33,62
7600,24,240.58064516129,37.1290322580645,31,62
7700,24,242.181818181818,36.7575757575758,33,66
7800,24,245.5625,34.90625,32,64
7900,24,248.176470588235,35.0882352941177,34,66
8000,24,250.878787878788,33.969696969697,33,64
8100,24,253.666666666667,34.3939393939394,33,64
8200,24,258.212121212121,34.5454545454546,33,62
8300,24,262.96875,34.53125,32,62
8400,24,265.242424242424,34.9393939393939,33,64
8500,24,269.125,34.15625,32,64
8600,24,272.6875,34.8125,32,62
8700,24,274.676470588235,34.1176470588235,34,66
8800,24,279.515151515152,34.8787878787879,33,64
8900,24,281.28125,35.25,32,62
9000,24,285.25,35.84375,32,64
9100,24,288.967741935484,35.7096774193548,31,62
9200,24,292.151515151515,34.8484848484849,33,62
9300,24,295.225806451613,31.8387096774194,31,64
9400,24,297.142857142857,32.0857142857143,35,64
9500,24,298.28125,32.71875,32,64
9600,24,300.757575757576,33.9090909090909,33,62
9700,24,304.030303030303,34.1212121212121,33,64
9800,24,308.647058823529,30.9705882352941,34,64
9900,24,309.969696969697,28.8181818181818,33,62
10000,24,312.84375,27.8125,32,62
0,25,49.5,50.5,2,14
100,25,54.6764705882353,49.3823529411765,34,64
200,25,59.78125,50.90625,32,66
300,25,61.6111111111111,50.6388888888889,36,66
400,25,64.6764705882353,50.3823529411765,34,64
500,25,68.3030303030303,50.1212121212121,33,64
600,25,69.5454545454545,49.3333333333333,33,64
700,25,72.0294117647059,46.3823529411765,34,64
800,25,75.0322580645161,47.6129032258064,31,64
900,25,78.34375,47.0625,32,66
1000,25,79.7058823529412,47.9705882352941,34,64
1100,25,81.6470588235294,47.5882352941176,34,64
1200,25,83,47.9117647058823,34,64
1300,25,86.1818181818182,48.7272727272727,33,62
1400,25,89.1470588235294,51.3823529411765,34,64
1500,25,91.7714285714286,51.0285714285714,35,66
1600,25,94.3714285714286,52.3428571428571,35,66
1700,25,93.969696969697,52.3333333333333,33,64
1800,25,96.235294117647,53.0882352941177,34,64
1900,25,101.235294117647,53.7352941176471,34,64
2000,25,102.935483870968,51.6129032258065,31,62
2100,25,106.878787878788,51.6060606060606,33,64
2200,25,111.3125,51.3125,32,64
2300,25,112.9375,53.4375,32,64
2400,25,116.870967741935,52.8387096774194,31,62
2500,25,119.909090909091,54.6969696969697,33,62
2600,25,122.451612903226,55.4193548387097,31,60
2700,25,126.5,54.71875,32,62
2800,25,130.264705882353,53.2058823529412,34,64
2900,25,132.411764705882,51.7647058823529,34,66
3000,25,135.909090909091,51.7575757575758,33,64
3100,25,139.147058823529,51.6764705882353,34,64
3200,25,144,53.1515151515151,33,66
3300,25,145.970588235294,52.1470588235294,34,64
3400,25,148.59375,51.4375,32,62
3500,25,151.885714285714,50.9714285714286,35,66
3600,25,153.1875,49.8125,32,62
3700,25,155.366666666667,49.6666666666667,30,62
3800,25,159.666666666667,49.5757575757576,33,62
3900,25,162.941176470588,51.2058823529412,34,64
4000,25,165.53125,52.4375,32,64
4100,25,169.181818181818,54.6666666666667,33,64
4200,25,169.733333333333,54.4333333333333,30,60
4300,25,171.4375,53.21875,32,62
4400,25,176.647058823529,52.4117647058824,34,64
4500,25,177.741935483871,50.9677419354839,31,64
4600,25,179.71875,50.5625,32,62
4700,25,182.941176470588,49.0588235294118,34,64
4800,25,186.647058823529,48.9117647058823,34,64
4900,25,189.032258064516,46.3870967741936,31,62
5000,25,192.235294117647,46.0294117647059,34,64
5100,25,195.466666666667,46.3666666666667,30,62
5200,25,196.757575757576,45.6363636363636,33,64
5300,25,200.9375,44.09375,32,62
5400,25,202,44.1714285714286,35,68
5500,25,204.46875,44.46875,32,62
5600,25,208.666666666667,45,33,64
5700,25,211.9375,44.40625,32,64
5800,25,215.40625,43.8125,32,64
5900,25,219.441176470588,45.1764705882353,34,64
6000,25,223.484848484848,46.0909090909091,33,62
6100,25,227.387096774194,45.8064516129032,31,62
6200,25,227.352941176471,45.7647058823529,34,64
6300,25,230.060606060606,44.3333333333333,33,62
6400,25,232.8125,42.5625,32,64
6500,25,233.96875,42.375,32,62
6600,25,235.212121212121,43.1515151515151,33,64
6700,25,240.71875,41.84375,32,64
6800,25,245.5,40.03125,32,64
6900,25,248.5625,40.1875,32,64
7000,25,252,42.0322580645161,31,64
7100,25,255.2,40,30,62
7200,25,258.818181818182,40.7878787878788,33,64
7300,25,260.941176470588,40.5588235294118,34,64
7400,25,264,39.9428571428571,35,64
7500,25,268.322580645161,39.2903225806452,31,64
7600,25,270.529411764706,38.6470588235294,34,64
7700,25,272.90625,37.375,32,62
7800,25,276.363636363636,38.030303030303,33,64
7900,25,279.272727272727,34.6969696969697,33,64
8000,25,281.09375,34.875,32,62
8100,25,285.28125,33.1875,32,64
8200,25,286.885714285714,35.3142857142857,35,64
8300,25,288.375,34.59375,32,62
8400,25,290.454545454545,32.0909090909091,33,64
8500,25,291.205882352941,33.2352941176471,34,64
8600,25,292.666666666667,34.5151515151515,33,66
8700,25,294.060606060606,34.3636363636364,33,64
8800,25,295.75,33.8125,32,62
8900,25,299.424242424242,35.0606060606061,33,64
9000,25,301.78125,34,32,62
9100,25,304.34375,34.59375,32,64
9200,25,308.096774193548,33.3548387096774,31,62
9300,25,310.727272727273,31.7272727272727,33,64
9400,25,314.363636363636,29.5151515151515,33,64
9500,25,317.212121212121,30.0909090909091,33,64
9600,25,320.25,30.25,32,64
9700,25,322.515151515152,29.4545454545454,33,66
9800,25,325,28.9705882352941,34,66
9900,25,328.4375,30.78125,32,64
10000,25,332.647058823529,32.1764705882353,34,64
0,26,50,50,1,8
100,26,53.0588235294118,49.0882352941176,34,64
200,26,53.9354838709677,48.7096774193548,31,64
300,26,57.1515151515152,46.7878787878788,33,64
400,26,57.8181818181818,47,33,64
500,26,63.2058823529412,45.6470588235294,34,64
600,26,64.1515151515152,47.1818181818182,33,66
700,26,66.3636363636364,48.9090909090909,33,64
800,26,70.2121212121212,48.6363636363636,33,64
900,26,71.2857142857143,48.7142857142857,35,66
1000,26,74.0967741935484,46.5806451612903,31,62
1100,26,74.7878787878788,47.1818181818182,33,66
1200,26,76.34375,47.09375,32,62
1300,26,77.8064516129032,46,31,62
1400,26,79.7096774193548,45.1290322580645,31,62
1500,26,81.2903225806452,44.6774193548387,31,62
1600,26,86.3030303030303,44.2424242424243,33,62
1700,26,88.2058823529412,44.2941176470588,34,64
1800,26,89.8064516129032,45.2903225806452,31,62
1900,26,91.2121212121212,45.5454545454546,33,62
2000,26,96.8709677419355,45.741935483871,31,62
2100,26,98.4242424242424,44.4545454545455,33,64
2200,26,101.666666666667,46.6666666666667,33,64
2300,26,103.266666666667,44.9666666666667,30,60
2400,26,105.848484848485,44.9090909090909,33,64
2500,26,108.34375,49.34375,32,62
2600,26,111.823529411765,48.4411764705882,34,64
2700,26,115.441176470588,47.9411764705882,34,64
2800,26,119.060606060606,46,33,64
2900,26,121.882352941176,46.7941176470588,34,66
3000,26,122.677419354839,45.4193548387097,31,62
3100,26,125.085714285714,44.4,35,66
3200,26,127.852941176471,42.3529411764706,34,64
3300,26,132.875,42.46875,32,64
3400,26,135.69696969697,42.3333333333333,33,64
3500,26,139.21875,41.3125,32,64
3600,26,140.41935483871,42.3870967741936,31,64
3700,26,144.064516129032,43.5483870967742,31,62
3800,26,145.941176470588,43.5294117647059,34,64
3900,26,149.909090909091,42.3030303030303,33,62
4000,26,152.5,41.96875,32,64
4100,26,156.870967741935,44.4193548387097,31,62
4200,26,160.741935483871,44.4516129032258,31,62
4300,26,163.176470588235,45.4411764705882,34,64
4400,26,166.971428571429,44.8285714285714,35,64
4500,26,169.666666666667,46.9393939393939,33,64
4600,26,172.75,47.1875,32,62
4700,26,176.129032258065,48,31,64
4800,26,176.575757575758,46.060606060606,33,62
4900,26,180.272727272727,47.6363636363636,33,62
5000,26,185.212121212121,46.969696969697,33,66
5100,26,187.4375,49.875,32,64
5200,26,192.666666666667,50.0606060606061,33,62
5300,26,195.225806451613,51.0322580645161,31,62
5400,26,196.272727272727,50.7575757575758,33,64
5500,26,200.387096774194,50.0967741935484,31,62
5600,26,202.068965517241,50.3448275862069,29,62
5700,26,204.212121212121,48.8181818181818,33,66
5800,26,205.129032258065,47.6129032258064,31,64
5900,26,208.647058823529,48.2058823529412,34,64
6000,26,210.5,47.8235294117647,34,64
6100,26,214.588235294118,46.1176470588235,34,64
6200,26,215.5625,47.6875,32,62
6300,26,220.645161290323,47.7096774193548,31,62
6400,26,222.666666666667,48.1212121212121,33,64
6500,26,225.121212121212,47.5151515151515,33,64
6600,26,229.181818181818,49.060606060606,33,66
6700,26,232.625,48.25,32,62
6800,26,235.258064516129,49.1935483870968,31,62
6900,26,239.69696969697,48.6969696969697,33,64
7000,26,242.65625,48.03125,32,62
7100,26,246.5,48,34,64
7200,26,249.235294117647,48.2058823529412,34,64
7300,26,251.727272727273,46.9393939393939,33,64
7400,26,254.823529411765,46.1764705882353,34,62
7500,26,255.967741935484,45.4516129032258,31,62
7600,26,258.485714285714,44.6571428571429,35,66
7700,26,260.966666666667,44.4333333333333,30,62
7800,26,265.909090909091,43.030303030303,33,64
7900,26,269.483870967742,44.0322580645161,31,62
8000,26,272.818181818182,43.9090909090909,33,64
8100,26,276.441176470588,43.9117647058823,34,64
8200,26,280.870967741935,46.6451612903226,31,62
8300,26,282.5,46.375,32,66
8400,26,286.6875,47.5,32,64
8500,26,290.032258064516,49.2903225806452,31,64
8600,26,293.709677419355,48.6129032258064,31,64
8700,26,296,50.0606060606061,33,64
8800,26,300.40625,52.46875,32,64
8900,26,301.942857142857,55,35,64
9000,26,306.029411764706,54.6764705882353,34,64
9100,26,308.470588235294,53.2058823529412,34,66
9200,26,310.90625,53.46875,32,64
9300,26,315.5,53.2058823529412,34,64
9400,26,319.181818181818,52.2727272727273,33,62
9500,26,321.969696969697,54.5757575757576,33,62
9600,26,324.833333333333,54.9666666666667,30,62
9700,26,328,56.2647058823529,34,62
9800,26,329.121212121212,57.2727272727273,33,64
9900,26,332.151515151515,55.9090909090909,33,62
10000,26,336.323529411765,54.3529411764706,34,64
0,27,50.5,50,2,14
100,27,53.1875,48.5,32,62
200,27,54.6774193548387,48.0645161290323,31,64
300,27,56.7,47.7,30,64
400,27,60.3333333333333,47.8181818181818,33,64
500,27,61.9090909090909,47.5151515151515,33,62
600,27,65.4545454545455,47.3636363636364,33,64
700,27,67.1764705882353,48.7352941176471,34,64
800,27,68.030303030303,51.2121212121212,33,64
900,27,71.3888888888889,50.25,36,66
1000,27,74.9166666666666,51.9722222222222,36,64
1100,27,76.4848484848485,53.2424242424243,33,64
1200,27,77.5588235294118,54.3235294117647,34,66
1300,27,78.3235294117647,52.3529411764706,34,64
1400,27,83.4117647058824,53.264705882353,34,66
1500,27,85.5,53.6,30,62
1600,27,85.8648648648649,53.8648648648649,37,66
1700,27,89.969696969697,52.5151515151515,33,66
1800,27,91.4838709677419,51.3548387096774,31,60
1900,27,93.9117647058823,52.235294117647,34,64
2000,27,95.1212121212121,50.6969696969697,33,64
2100,27,99.7352941176471,51.5294117647059,34,66
2200,27,104.625,51.5,32,62
2300,27,109.176470588235,50.5882352941177,34,64
2400,27,113.71875,50.75,32,62
2500,27,117.727272727273,51.3939393939394,33,66
2600,27,120.885714285714,50.8857142857143,35,64
2700,27,123.59375,47.25,32,64
2800,27,127.757575757576,48.7878787878788,33,64
2900,27,131,49.5,32,62
3000,27,134.625,49.15625,32,60
3100,27,136.757575757576,48.3030303030303,33,66
3200,27,141.030303030303,49.1818181818182,33,62
3300,27,145.5,47.0666666666667,30,62
3400,27,148.0625,45.5,32,64
3500,27,149.909090909091,45.3030303030303,33,64
3600,27,154.030303030303,45.7575757575758,33,64
3700,27,156.3125,45.4375,32,64
3800,27,159.529411764706,45.0588235294118,34,64
3900,27,164.451612903226,45.741935483871,31,62
4000,27,165.34375,46.96875,32,62
4100,27,169.823529411765,45.1176470588235,34,64
4200,27,174.53125,45.34375,32,64
4300,27,177.875,45.21875,32,62
4400,27,181.121212121212,45.2121212121212,33,64
4500,27,184.088235294118,44.3235294117647,34,64
4600,27,186.205882352941,43.9705882352941,34,66
4700,27,189.060606060606,45.1212121212121,33,64
4800,27,191.8125,44.5,32,62
4900,27,194.424242424242,44.3333333333333,33,62
5000,27,198.676470588235,44.3823529411765,34,64
5100,27,203.375,43.03125,32,64
5200,27,204.34375,41.96875,32,66
5300,27,205.75,40.40625,32,64
5400,27,207.71875,38.25,32,62
5500,27,210.666666666667,38.1515151515151,33,64
5600,27,213.030303030303,35.5151515151515,33,64
5700,27,216.5,35.4117647058824,34,64
5800,27,219.8125,33.84375,32,64
5900,27,222.529411764706,31.6470588235294,34,64
6000,27,226.258064516129,30.1935483870968,31,62
6100,27,229.484848484848,27.8484848484848,33,64
6200,27,231.941176470588,27.7058823529412,34,66
6300,27,234.939393939394,28.4242424242424,33,64
6400,27,239,29.6,35,64
6500,27,241.558823529412,29.8235294117647,34,64
6600,27,243.969696969697,28.2424242424242,33,64
6700,27,246.588235294118,26.9705882352941,34,66
6800,27,248.657142857143,26.5142857142857,35,66
6900,27,250.272727272727,26.9090909090909,33,64
7000,27,253.571428571429,28.1071428571429,28,62
7100,27,258.625,30.6875,32,64
7200,27,261.09375,31.28125,32,64
7300,27,265.294117647059,30.0294117647059,34,64
7400,27,268.147058823529,30.7058823529412,34,64
7500,27,269.46875,31.75,32,62
7600,27,272.393939393939,29.8181818181818,33,64
7700,27,273.969696969697,31.4242424242424,33,64
7800,27,274.911764705882,32.6470588235294,34,66
7900,27,275.6875,33.4375,32,62
8000,27,278.90625,34.40625,32,62
8100,27,282.264705882353,34,34,62
8200,27,286.657142857143,34.9428571428571,35,64
8300,27,289.65625,34.9375,32,64
8400,27,292.757575757576,33.969696969697,33,64
8500,27,295.766666666667,36.2,30,62
8600,27,297.969696969697,36.4242424242424,33,62
8700,27,299.242424242424,36.5757575757576,33,62
8800,27,301.8125,36.3125,32,64
8900,27,304.709677419355,37.0645161290323,31,64
9000,27,308.41935483871,37.5806451612903,31,62
9100,27,312.1875,38.3125,32,64
9200,27,314.8,35.2333333333333,30,62
9300,27,318.354838709677,33.9354838709677,31,62
9400,27,320.96875,36.90625,32,64
9500,27,323,38.0333333333333,30,62
9600,27,326.310344827586,37.6206896551724,29,64
9700,27,327.147058823529,36.8823529411765,34,64
9800,27,329.53125,36.9375,32,62
9900,27,332.25,38.53125,32,62
10000,27,332.46875,38.1875,32,64
0,28,50.5,50.5,2,14
100,28,55.030303030303,49.6060606060606,33,64
200,28,58.9411764705882,48.4117647058823,34,66
300,28,61.90625,49,32,64
400,28,65.59375,49.4375,32,62
500,28,67.8125,49.71875,32,64
600,28,68.7272727272727,50.8484848484849,33,62
700,28,70.71875,50.28125,32,62
800,28,72.8235294117647,47.1764705882353,34,62
900,28,74.8387096774193,47.741935483871,31,62
1000,28,78.1212121212121,47.6060606060606,33,64
1100,28,80.9117647058823,45.764705882353,34,64
1200,28,85.0645161290323,46.5483870967742,31,66
1300,28,87.9,47.4333333333333,30,60
1400,28,91.6363636363636,48.5757575757576,33,64
1500,28,95.1935483870968,49.0967741935484,31,60
1600,28,98.0645161290323,49.0322580645161,31,62
1700,28,101.1,50.5,30,60
1800,28,103.176470588235,51.7647058823529,34,64
1900,28,103.909090909091,52.2727272727273,33,64
2000,28,106.176470588235,53.2352941176471,34,64
2100,28,108.771428571429,54.1714285714286,35,68
2200,28,110.30303030303,55.0909090909091,33,66
2300,28,114.323529411765,54,34,64
2400,28,117.914285714286,53.8,35,64
2500,28,121.151515151515,54.9090909090909,33,64
2600,28,123.5,54,34,64
2700,28,126,53.375,32,64
2800,28,127.606060606061,50.0909090909091,33,64
2900,28,130.064516129032,49.6774193548387,31,62
3000,28,132.78125,48.59375,32,64
3100,28,137.529411764706,49.4411764705882,34,64
3200,28,141.58064516129,48.9032258064516,31,62
3300,28,145.647058823529,48.3529411764706,34,64
3400,28,146.818181818182,47.969696969697,33,62
3500,28,150.515151515152,47.5757575757576,33,64
3600,28,153.030303030303,45.9090909090909,33,64
3700,28,155.242424242424,47.5757575757576,33,64
3800,28,157.727272727273,47.1515151515152,33,62
3900,28,160.111111111111,45.4166666666667,36,66
4000,28,166.71875,43.5,32,64
4100,28,170.285714285714,43.4857142857143,35,66
4200,28,172,42.84375,32,64
4300,28,175.65625,42.34375,32,64
4400,28,180.029411764706,42.7647058823529,34,66
4500,28,181.151515151515,42.9090909090909,33,62
4600,28,182.58064516129,41.1612903225806,31,66
4700,28,185.7,39.8333333333333,30,62
4800,28,188.15625,37.84375,32,64
4900,28,191,35.5,32,62
5000,28,193.666666666667,34.4242424242424,33,62
5100,28,195.852941176471,34.0882352941177,34,64
5200,28,197.064516129032,34.2903225806452,31,62
5300,28,199.666666666667,33.5757575757576,33,64
5400,28,200.0625,30.71875,32,64
5500,28,202.5,27.8823529411765,34,64
5600,28,205,27.6,35,64
5700,28,207.366666666667,29.5333333333333,30,60
5800,28,209,28.3939393939394,33,64
5900,28,210.151515151515,28.1515151515152,33,62
6000,28,213.058823529412,27.1764705882353,34,64
6100,28,215.28125,27.28125,32,62
6200,28,217.852941176471,29.0588235294118,34,64
6300,28,219,28.6451612903226,31,64
6400,28,223.852941176471,29.7352941176471,34,66
6500,28,226.65625,30.3125,32,64
6600,28,231.454545454545,32.1818181818182,33,64
6700,28,234.647058823529,32.3235294117647,34,64
6800,28,236.727272727273,30.8484848484849,33,62
6900,28,238.205882352941,31.9411764705882,34,64
7000,28,240.75,33.25,32,62
7100,28,245.25,32.21875,32,64
7200,28,248.21875,32.09375,32,64
7300,28,248.967741935484,28.741935483871,31,62
7400,28,251.451612903226,31.0645161290323,31,62
7500,28,254.454545454545,28.7272727272727,33,64
7600,28,257.129032258065,29.6451612903226,31,64
7700,28,260.53125,27.75,32,64
7800,28,262.290322580645,28.1290322580645,31,60
7900,28,265.433333333333,29.4666666666667,30,62
8000,28,266.266666666667,27.8,30,64
8100,28,270.484848484848,28.8484848484849,33,62
8200,28,273.818181818182,30.2727272727273,33,64
8300,28,277.193548387097,29.5806451612903,31,64
8400,28,278.41935483871,30.3225806451613,31,64
8500,28,282.323529411765,29.9411764705882,34,64
8600,28,285.625,30.65625,32,62
8700,28,288.090909090909,30.4848484848485,33,62
8800,28,291.65625,32.75,32,64
8900,28,294.645161290323,31.5806451612903,31,62
9000,28,296.636363636364,33.2121212121212,33,64
9100,28,298,34,31,64
9200,28,299.69696969697,33.0909090909091,33,62
9300,28,301.8125,32.9375,32,64
9400,28,304.882352941176,32.764705882353,34,64
9500,28,307.46875,33.21875,32,62
9600,28,308.212121212121,31.3333333333333,33,64
9700,28,310.424242424242,32.6666666666667,33,62
9800,28,313.424242424242,32.4545454545454,33,64
9900,28,316.575757575758,33.5454545454546,33,64
10000,28,320.1875,33.59375,32,64
0,29,50,50.5,2,14
100,29,54.5,47.8823529411765,34,64
200,29,57.969696969697,47.2424242424242,33,64
300,29,59.6363636363636,44.8484848484848,33,64
400,29,62.1764705882353,44.0882352941176,34,64
500,29,65.6774193548387,44,31,62
600,29,67.125,45.625,32,64
700,29,70.3636363636363,44.969696969697,33,64
800,29,73.2258064516129,43.9032258064516,31,62
900,29,75.2121212121212,45.0909090909091,33,62
1000,29,78.5333333333333,45.8666666666667,30,62
1100,29,79.625,46.625,32,62
1200,29,83.1764705882353,47.4411764705882,34,64
1300,29,85.0666666666667,46.5,30,62
1400,29,86.8709677419355,46.5483870967742,31,62
1500,29,92.3888888888889,47.8611111111111,36,64
1600,29,93.4666666666666,47.8333333333333,30,64
1700,29,96.1333333333333,48.4333333333333,30,62
1800,29,101.088235294118,47.3529411764706,34,64
1900,29,102,45.2,30,62
2000,29,103.5625,45.25,32,64
2100,29,107.903225806452,44,31,62
2200,29,110.787878787879,44.6666666666667,33,64
2300,29,113.34375,43.90625,32,62
2400,29,114.4375,42.34375,32,62
2500,29,117.7,41.3666666666667,30,60
2600,29,119.911764705882,42.764705882353,34,64
2700,29,124.514285714286,41.8285714285714,35,66
2800,29,126.69696969697,40.4242424242424,33,64
2900,29,129.733333333333,41.4666666666667,30,64
3000,29,131.875,42.15625,32,64
3100,29,133.6875,43.3125,32,64
3200,29,137.5,43,34,62
3300,29,138.382352941176,41.5882352941177,34,66
3400,29,138.0625,41.1875,32,64
3500,29,139.757575757576,38.3333333333333,33,62
3600,29,142.212121212121,39.5454545454545,33,66
3700,29,145.090909090909,39.4848484848485,33,62
3800,29,146.757575757576,38.2121212121212,33,66
3900,29,150.235294117647,37.8235294117647,34,64
4000,29,152.515151515152,35.6969696969697,33,64
4100,29,154.125,35.09375,32,62
4200,29,156.727272727273,33.6666666666667,33,64
4300,29,161.59375,34.28125,32,64
4400,29,161.806451612903,35.258064516129,31,64
4500,29,164.5625,37.09375,32,62
4600,29,170.354838709677,37.8709677419355,31,62
4700,29,173.65625,37.1875,32,64
4800,29,177.942857142857,38,35,64
4900,29,179.558823529412,38.2941176470588,34,64
5000,29,182.69696969697,39.2424242424242,33,62
5100,29,186.34375,40.71875,32,62
5200,29,188.484848484848,42.0909090909091,33,62
5300,29,191.096774193548,41.4838709677419,31,66
5400,29,192.65625,42.90625,32,64
5500,29,195.612903225806,41.5483870967742,31,64
5600,29,197.727272727273,42.9090909090909,33,64
5700,29,200.8125,41.46875,32,64
5800,29,202,41.4375,32,64
5900,29,207.032258064516,42.5806451612903,31,64
6000,29,211.823529411765,43.5588235294118,34,64
6100,29,216,43.2727272727273,33,64
6200,29,218.875,41.84375,32,64
6300,29,220.75,40.875,32,64
6400,29,224.90625,40.28125,32,64
6500,29,229.09375,39.03125,32,64
6600,29,233.09375,39.125,32,64
6700,29,234.875,41.8125,32,62
6800,29,238,40.84375,32,62
6900,29,240.272727272727,42.8484848484849,33,62
7000,29,240.806451612903,43.1935483870968,31,64
7100,29,246.9375,42.4375,32,62
7200,29,252.636363636364,44.0909090909091,33,64
7300,29,252.242424242424,44.3030303030303,33,62
7400,29,254.058823529412,48.6470588235294,34,64
7500,29,256.40625,49.6875,32,62
7600,29,259.625,48.625,32,64
7700,29,262.15625,48.3125,32,64
7800,29,265.6875,48.53125,32,64
7900,29,269,50.59375,32,62
8000,29,273.387096774194,49.741935483871,31,60
8100,29,276.235294117647,50.5294117647059,34,64
8200,29,278.90625,50.75,32,62
8300,29,281.457142857143,49.8,35,64
8400,29,281.6,50.3142857142857,35,64
8500,29,285,49.5625,32,62
8600,29,286.833333333333,50.1,30,62
8700,29,290.375,48.96875,32,62
8800,29,292.757575757576,49.8787878787879,33,64
8900,29,297.290322580645,50.2903225806452,31,62
9000,29,300.741935483871,51.3225806451613,31,62
9100,29,303.84375,52.4375,32,64
9200,29,305.647058823529,50.5882352941176,34,64
9300,29,307.59375,52.625,32,64
9400,29,310.970588235294,52.7647058823529,34,66
9500,29,315,53.2647058823529,34,62
9600,29,318.774193548387,50.2903225806452,31,64
9700,29,321,49.7352941176471,34,62
9800,29,323.470588235294,49.8529411764706,34,66
9900,29,325.806451612903,48.5483870967742,31,64
10000,29,329,49.6129032258064,31,62
0,30,50,50,1,8
100,30,53.5757575757576,52.1818181818182,33,64
200,30,57.3030303030303,51.5151515151515,33,66
300,30,61.8484848484849,51.0909090909091,33,62
400,30,66.40625,52.4375,32,62
500,30,67.9142857142857,51.1428571428571,35,64
600,30,67.8484848484848,49.5151515151515,33,62
700,30,70.5625,49.28125,32,62
800,30,72.5806451612903,49.2258064516129,31,64
900,30,74.9375,49.125,32,64
1000,30,76.2258064516129,49.5483870967742,31,62
1100,30,78.9,50.6333333333333,30,62
1200,30,81.9090909090909,50.5454545454545,33,64
1300,30,85.5,50.7941176470588,34,64
1400,30,88.7714285714286,52.0857142857143,35,64
1500,30,90.90625,51.34375,32,66
1600,30,92.5,52.7058823529412,34,62
1700,30,96.21875,50.78125,32,62
1800,30,99.90625,52.5625,32,64
1900,30,102,50.4117647058823,34,64
2000,30,104.6875,49.5625,32,64
2100,30,106.727272727273,48.1515151515152,33,62
2200,30,108.875,48.8125,32,64
2300,30,110.53125,50.3125,32,66
2400,30,113.5625,49.4375,32,62
2500,30,116.8125,48.0625,32,64
2600,30,120.181818181818,49.5151515151515,33,64
2700,30,123.411764705882,48.5,34,64
2800,30,124.617647058824,49.9411764705882,34,64
2900,30,127.205882352941,49.9117647058823,34,64
3000,30,129.806451612903,51.0322580645161,31,62
3100,30,129.787878787879,51.5151515151515,33,64
3200,30,132.787878787879,50.7575757575758,33,64
3300,30,137.588235294118,48.9117647058824,34,64
3400,30,141.233333333333,48.6333333333333,30,60
3500,30,143.875,49.1875,32,62
3600,30,145.235294117647,49.3529411764706,34,64
3700,30,146.266666666667,49.9666666666667,30,60
3800,30,148.53125,49.8125,32,62
3900,30,152.34375,48.78125,32,62
4000,30,153.242424242424,47.969696969697,33,64
4100,30,154.114285714286,48.6571428571429,35,66
4200,30,157.972222222222,50.3055555555556,36,64
4300,30,163.30303030303,53.7575757575758,33,64
4400,30,167.3125,54.4375,32,64
4500,30,171.7,55.4666666666667,30,60
4600,30,175.5,57.3235294117647,34,64
4700,30,176.870967741935,57,31,64
4800,30,179.5,57.7941176470588,34,64
4900,30,180.941176470588,56.1176470588235,34,64
5000,30,184.84375,58.5625,32,62
5100,30,185.676470588235,59.6764705882353,34,64
5200,30,189.727272727273,57.8484848484849,33,64
5300,30,191.848484848485,59.2727272727273,33,64
5400,30,193.75,59.0625,32,64
5500,30,194.933333333333,59.8,30,62
5600,30,198.058823529412,60.9705882352941,34,66
5700,30,200.96875,61.40625,32,62
5800,30,205.161290322581,61.2903225806452,31,64
5900,30,209.28125,59.15625,32,62
6000,30,212.121212121212,60.4848484848485,33,66
6100,30,213.147058823529,60.9117647058823,34,64
6200,30,217.606060606061,60.030303030303,33,64
6300,30,221.15625,60.65625,32,64
6400,30,224.133333333333,60.1333333333333,30,62
6500,30,226.545454545455,61.4545454545454,33,64
6600,30,229.666666666667,60.030303030303,33,64
6700,30,233.484848484848,59.5757575757576,33,64
6800,30,236.30303030303,59.7272727272727,33,64
6900,30,242.090909090909,59.2424242424242,33,64
7000,30,244.363636363636,60.1818181818182,33,64
7100,30,246.25,60.40625,32,64
7200,30,247.5625,62.6875,32,62
7300,30,249.9,61.3,30,62
7400,30,252.483870967742,61.9032258064516,31,62
7500,30,256.212121212121,64.6363636363637,33,64
7600,30,256.290322580645,65.5483870967742,31,64
7700,30,258.733333333333,66.8,30,62
7800,30,261.228571428571,67,35,64
7900,30,263.823529411765,66.5588235294118,34,64
8000,30,266.625,66.25,32,64
8100,30,267.833333333333,65.9,30,62
8200,30,271.4375,66.5,32,64
8300,30,272.363636363636,66.030303030303,33,64
8400,30,275,64.5625,32,62
8500,30,280.21875,63.125,32,62
8600,30,283.029411764706,64.1470588235294,34,64
8700,30,286.484848484848,65.969696969697,33,64
8800,30,290.588235294118,67.5,34,66
8900,30,293.133333333333,66.0666666666667,30,64
9000,30,294.885714285714,67.3142857142857,35,64
9100,30,298.787878787879,65.9090909090909,33,62
9200,30,300.969696969697,65,33,64
9300,30,304.03125,64.28125,32,62
9400,30,306.645161290323,64.483870967742,31,64
9500,30,307.53125,63.4375,32,62
9600,30,310.029411764706,61.0882352941177,34,64
9700,30,310.53125,59.1875,32,62
9800,30,314.935483870968,57.9354838709677,31,62
9900,30,319.909090909091,57.8484848484849,33,62
10000,30,322.121212121212,56.6060606060606,33,66
0,31,50.5,50,4,22
100,31,53.0588235294118,49.5588235294118,34,64
200,31,55.65625,49.34375,32,62
300,31,57.6764705882353,51.5588235294118,34,66
400,31,58.764705882353,52.1176470588235,34,66
500,31,61.53125,55.40625,32,64
600,31,65.6764705882353,55.4117647058823,34,64
700,31,68.3030303030303,54.0909090909091,33,62
800,31,70.969696969697,52.6060606060606,33,64
900,31,75.2121212121212,52.4545454545455,33,64
1000,31,78.2857142857143,53.9428571428571,35,64
1100,31,79.65625,54.71875,32,62
1200,31,81.28125,56,32,62
1300,31,82.5,54.5,34,64
1400,31,86.4666666666667,55.5333333333333,30,62
1500,31,89.4838709677419,55.258064516129,31,62
1600,31,92.4117647058824,57,34,64
1700,31,93.735294117647,57,34,62
1800,31,96.75,57.25,32,62
1900,31,99.46875,57.46875,32,64
2000,31,102.705882352941,56.9705882352941,34,64
2100,31,104.516129032258,58.9032258064516,31,62
2200,31,106,61.4117647058824,34,64
2300,31,107.878787878788,59.6060606060606,33,64
2400,31,110.833333333333,58.2666666666667,30,62
2500,31,114.69696969697,59.1818181818182,33,64
2600,31,118.333333333333,60.7878787878788,33,66
2700,31,119.757575757576,61.2727272727273,33,64
2800,31,121.5625,63.8125,32,64
2900,31,123.133333333333,65.2,30,62
3000,31,127.655172413793,66.1379310344828,29,62
3100,31,131.088235294118,64.3529411764706,34,64
3200,31,136.647058823529,63.7941176470588,34,64
3300,31,139.193548387097,64.741935483871,31,62
3400,31,140.387096774194,65.2903225806452,31,64
3500,31,143.764705882353,67.4705882352941,34,64
3600,31,145.53125,69.6875,32,62
3700,31,147.233333333333,69.1,30,64
3800,31,150.51724137931,70.7241379310345,29,62
3900,31,154.375,72.5,32,62
4000,31,157.942857142857,71.6571428571429,35,64
4100,31,161.5,71.8235294117647,34,64
4200,31,165.2,73.3333333333333,30,64
4300,31,164.969696969697,71.7878787878788,33,64
4400,31,165.032258064516,71.8064516129032,31,62
4500,31,167.909090909091,71.7878787878788,33,62
4600,31,171.90625,74.65625,32,62
4700,31,174.382352941176,74.8235294117647,34,64
4800,31,175.909090909091,74.6969696969697,33,62
4900,31,180.71875,72.28125,32,62
5000,31,185.382352941176,73.3823529411764,34,64
5100,31,188.058823529412,74.6764705882353,34,64
5200,31,190.46875,73.1875,32,62
5300,31,194.1875,72.1875,32,62
5400,31,197.088235294118,72.9705882352941,34,64
5500,31,201.242424242424,73.3636363636363,33,64
5600,31,204.242424242424,71.6969696969697,33,62
5700,31,208.322580645161,72.5806451612903,31,62
5800,31,211.96875,72.34375,32,62
5900,31,215.166666666667,70.6333333333334,30,60
6000,31,218.878787878788,70.6060606060606,33,64
6100,31,221.15625,71.65625,32,64
6200,31,224.088235294118,70.5294117647059,34,66
6300,31,227.058823529412,72.8529411764706,34,64
6400,31,232.15625,74.75,32,64
6500,31,233.71875,73,32,64
6600,31,235.51724137931,71.6206896551724,29,62
6700,31,240.575757575758,68.6666666666667,33,62
6800,31,243.903225806452,66.8064516129032,31,60
6900,31,248.939393939394,66.8181818181818,33,64
7000,31,253.625,66.625,32,62
7100,31,257.030303030303,66.2121212121212,33,64
7200,31,262.387096774194,67.1612903225807,31,62
7300,31,264.030303030303,65.1818181818182,33,62
7400,31,267.771428571429,65.5714285714286,35,64
7500,31,270.5625,64.5,32,64
7600,31,271.366666666667,66.0666666666666,30,62
7700,31,273.176470588235,65.2058823529412,34,66
7800,31,275.90625,65.03125,32,62
7900,31,279.666666666667,66.4242424242424,33,62
8000,31,280.59375,65.4375,32,64
8100,31,282.794117647059,65.7058823529412,34,64
8200,31,285.470588235294,65.2941176470588,34,66
8300,31,288.677419354839,63.9032258064516,31,64
8400,31,292.25,63.90625,32,64
8500,31,295.903225806452,66.4193548387097,31,62
8600,31,297.65625,65.625,32,64
8700,31,297.774193548387,64.9032258064516,31,62
8800,31,300.060606060606,64.6969696969697,33,64
8900,31,302.727272727273,64.7878787878788,33,64
9000,31,305.818181818182,62.7272727272727,33,64
9100,31,308.411764705882,64,34,64
9200,31,311.090909090909,63.7878787878788,33,62
9300,31,313.25,62.8125,32,64
9400,31,315.935483870968,63.0967741935484,31,64
9500,31,319.029411764706,63.0294117647059,34,64
9600,31,321.823529411765,63.1470588235294,34,66
9700,31,323.548387096774,63.6129032258065,31,64
9800,31,323.5,63.8125,32,62
9900,31,325.151515151515,62.7272727272727,33,62
10000,31,328.121212121212,62.2121212121212,33,66
0,32,50,50,1,8
100,32,48.969696969697,46.9090909090909,33,64
200,32,50.5806451612903,49.3870967741935,31,64
300,32,52.5454545454546,50.4242424242424,33,66
400,32,54.1388888888889,50.3888888888889,36,64
500,32,57.28125,53.625,32,62
600,32,62.0882352941177,53.1470588235294,34,64
700,32,65.5625,52.71875,32,62
800,32,66.40625,53.71875,32,64
900,32,68.375,53.96875,32,62
1000,32,69.9411764705882,53.5294117647059,34,64
1100,32,74.4,53.8571428571428,35,66
1200,32,76.2424242424242,52.9090909090909,33,66
1300,32,79.9705882352941,52.8529411764706,34,66
1400,32,83.3333333333333,53.6363636363636,33,64
1500,32,86.6875,53.59375,32,64
1600,32,89.7272727272727,55.6666666666667,33,64
1700,32,89.75,54.5,32,62
1800,32,93.25,53.90625,32,62
1900,32,96.3636363636364,54.6666666666667,33,64
2000,32,99.0857142857143,53.8,35,64
2100,32,103.483870967742,55.6129032258064,31,62
2200,32,106.033333333333,52.3333333333333,30,64
2300,32,108.69696969697,52.1818181818182,33,66
2400,32,110.764705882353,52.0588235294118,34,64
2500,32,115.34375,51.46875,32,64
2600,32,118,51.5454545454545,33,64
2700,32,120.870967741935,50.9032258064516,31,64
2800,32,125.645161290323,50.3548387096774,31,62
2900,32,129.909090909091,49.7575757575758,33,64
3000,32,129.848484848485,51.7575757575758,33,64
3100,32,133.733333333333,49.8333333333333,30,60
3200,32,137.84375,50.0625,32,62
3300,32,139.787878787879,49.6666666666667,33,64
3400,32,142.911764705882,49.9705882352941,34,64
3500,32,145.6875,49.4375,32,62
3600,32,148.454545454545,47.0909090909091,33,64
3700,32,154.542857142857,44.0857142857143,35,64
3800,32,155.823529411765,46.1764705882353,34,62
3900,32,156.941176470588,46.5294117647059,34,64
4000,32,160.424242424242,45.4242424242424,33,64
4100,32,163.451612903226,46.3870967741935,31,62
4200,32,165.264705882353,44.2941176470588,34,64
4300,32,165.914285714286,42.8571428571429,35,64
4400,32,169.939393939394,43.6666666666667,33,64
4500,32,174.114285714286,43.6857142857143,35,64
4600,32,177.5,42.7058823529412,34,62
4700,32,179.5625,42.15625,32,64
4800,32,185.516129032258,41.9032258064516,31,62
4900,32,189.818181818182,42.2121212121212,33,64
5000,32,191.121212121212,41.6969696969697,33,64
5100,32,194.151515151515,39.8484848484848,33,64
5200,32,195.4375,39.34375,32,62
5300,32,196.354838709677,39.1612903225806,31,64
5400,32,199.6875,40.625,32,64
5500,32,200.25,39.71875,32,62
5600,32,202.125,40.40625,32,62
5700,32,204.96875,40.34375,32,66
5800,32,207.258064516129,37.3225806451613,31,64
5900,32,211.645161290323,36.2903225806452,31,62
6000,32,212.970588235294,34.9705882352941,34,64
6100,32,216.818181818182,34.969696969697,33,62
6200,32,218.59375,35.1875,32,64
6300,32,219.941176470588,36.1176470588235,34,66
6400,32,219.875,35.25,32,64
6500,32,222.685714285714,34.8857142857143,35,64
6600,32,226,34.90625,32,62
6700,32,228.147058823529,35.1764705882353,34,64
6800,32,228.090909090909,35.0909090909091,33,64
6900,32,230.085714285714,35.8571428571429,35,66
7000,32,233.03125,38.09375,32,62
7100,32,236.90625,38.34375,32,62
7200,32,237.242424242424,37.6666666666667,33,64
7300,32,242.096774193548,35.5806451612903,31,64
7400,32,242.787878787879,36.0909090909091,33,62
7500,32,245.30303030303,35.9090909090909,33,62
7600,32,249.424242424242,38.030303030303,33,62
7700,32,251.375,38.96875,32,64
7800,32,252.969696969697,38.8181818181818,33,64
7900,32,255.764705882353,37.8529411764706,34,66
8000,32,256.727272727273,37.3333333333333,33,64
8100,32,259.033333333333,38.9333333333333,30,62
8200,32,263.545454545455,40.8484848484849,33,64
8300,32,266.90625,39.46875,32,66
8400,32,269.242424242424,40.8787878787879,33,64
8500,32,272.142857142857,41.6,35,66
8600,32,275.235294117647,43.6176470588235,34,64
8700,32,277.818181818182,42.3939393939394,33,64
8800,32,283.151515151515,41.6666666666667,33,64
8900,32,286,42.15625,32,62
9000,32,290.657142857143,42.2285714285714,35,64
9100,32,293.21875,43.78125,32,62
9200,32,296.515151515152,43.3939393939394,33,62
9300,32,297.285714285714,43.1714285714286,35,64
9400,32,300.28125,44.40625,32,64
9500,32,308.09375,46.375,32,64
9600,32,309.967741935484,46.1612903225806,31,64
9700,32,314.58064516129,46.8064516129032,31,64
9800,32,316.727272727273,48.4242424242424,33,64
9900,32,320.363636363636,48.6666666666667,33,66
10000,32,322.84375,48.5625,32,62
0,33,49.6666666666667,51,3,20
100,33,51.8125,50,32,62
200,33,55.7714285714286,49.8285714285714,35,66
300,33,58.7352941176471,47.3235294117647,34,64
400,33,63.2424242424242,47.3636363636364,33,64
500,33,65.969696969697,49.1818181818182,33,64
600,33,68.9354838709677,49.8709677419355,31,62
700,33,73.0606060606061,50.4545454545454,33,64
800,33,75,50.5,34,62
900,33,76.7096774193549,50.9032258064516,31,64
1000,33,79.3870967741936,51.4193548387097,31,64
1100,33,82.375,52.25,32,64
1200,33,85.9333333333333,54.7333333333333,30,62
1300,33,87.3548387096774,55.8387096774194,31,62
1400,33,88.6470588235294,54.4117647058823,34,64
1500,33,92.25,53.28125,32,62
1600,33,96.375,54.25,32,62
1700,33,98.9333333333333,55.5,30,62
1800,33,102.5,54,34,62
1900,33,108,55.7272727272727,33,64
2000,33,109.382352941176,55.0588235294118,34,66
2100,33,111.71875,56,32,62
2200,33,115.096774193548,56.0645161290323,31,62
2300,33,117.941176470588,54.9117647058824,34,64
2400,33,121.941176470588,55.2058823529412,34,64
2500,33,122.151515151515,54.1515151515152,33,62
2600,33,125.058823529412,53.6764705882353,34,66
2700,33,127.5,53.9375,32,64
2800,33,130.129032258065,54.6451612903226,31,62
2900,33,134.125,55.21875,32,62
3000,33,135.939393939394,55,33,64
3100,33,139.787878787879,56.6060606060606,33,64
3200,33,143.588235294118,57.3823529411765,34,64
3300,33,145.833333333333,56.1333333333333,30,64
3400,33,149.606060606061,55,33,64
3500,33,153.794117647059,55.735294117647,34,64
3600,33,158.965517241379,55.5172413793103,29,62
3700,33,160.9375,55.4375,32,66
3800,33,164.484848484848,56.2121212121212,33,64
3900,33,164.028571428571,56.4,35,64
4000,33,168.34375,57.28125,32,64
4100,33,171.085714285714,58.5714285714286,35,64
4200,33,173.71875,59.5625,32,64
4300,33,176.848484848485,59.2727272727273,33,62
4400,33,182.354838709677,59.8387096774194,31,62
4500,33,182.647058823529,61.2058823529412,34,64
4600,33,183.606060606061,63.2727272727273,33,64
4700,33,185.9375,63.21875,32,64
4800,33,190.090909090909,65.7878787878788,33,62
4900,33,192.757575757576,64.4848484848485,33,66
5000,33,195.428571428571,64.4285714285714,35,66
5100,33,197.969696969697,66.4242424242424,33,62
5200,33,200.057142857143,66.6571428571428,35,64
5300,33,201.8125,67.5,32,62
5400,33,205.529411764706,65.5882352941177,34,64
5500,33,209.032258064516,65.7741935483871,31,62
5600,33,211.78125,66.53125,32,64
5700,33,215.5625,65.65625,32,66
5800,33,220.666666666667,67.5151515151515,33,64
5900,33,222.448275862069,68.2413793103448,29,62
6000,33,224.794117647059,68.4411764705882,34,66
6100,33,227.764705882353,66.7941176470588,34,64
6200,33,229.516129032258,66,31,64
6300,33,233.65625,66.5625,32,62
6400,33,237.176470588235,65.2352941176471,34,64
6500,33,239.666666666667,64.4242424242424,33,62
6600,33,241,65,31,62
6700,33,245.176470588235,65.6764705882353,34,64
6800,33,247.925925925926,66,27,64
6900,33,252.833333333333,65.8666666666667,30,60
7000,33,256.096774193548,66.4516129032258,31,60
7100,33,259.121212121212,64.4242424242424,33,64
7200,33,262.771428571429,62.9142857142857,35,64
7300,33,265.5,64.5,32,60
7400,33,267.176470588235,65.2352941176471,34,64
7500,33,268.727272727273,69.1515151515151,33,62
7600,33,271.41935483871,69.9677419354839,31,64
7700,33,275,70.65625,32,64
7800,33,276,68.5625,32,62
7900,33,279.41935483871,68.3870967741936,31,62
8000,33,282.75,67.5625,32,62
8100,33,285,67.5,32,62
8200,33,287.774193548387,69.1935483870968,31,62
8300,33,289.857142857143,71.0857142857143,35,64
8400,33,292.78125,70.53125,32,62
8500,33,294.454545454545,71.7272727272727,33,64
8600,33,296.625,69.96875,32,66
8700,33,299.566666666667,69.4,30,64
8800,33,302.272727272727,69.3636363636364,33,62
8900,33,305.8125,70.15625,32,64
9000,33,308.46875,70.0625,32,64
9100,33,308.939393939394,71.3333333333333,33,62
9200,33,311.805555555556,71,36,66
9300,33,313.029411764706,70.3529411764706,34,64
9400,33,314.735294117647,72.1764705882353,34,64
9500,33,316.709677419355,71.2903225806452,31,64
9600,33,316.78125,71.1875,32,62
9700,33,320.393939393939,70.4848484848485,33,62
9800,33,323.59375,70.0625,32,64
9900,33,326.966666666667,70,30,62
10000,33,329.090909090909,67.2424242424242,33,62
0,34,49.3333333333333,50.5,6,34
100,34,52.5757575757576,51.060606060606,33,62
200,34,57.375,49.46875,32,66
300,34,59.8333333333333,49.1666666666667,30,64
400,34,61.75,50.375,32,64
500,34,64.8235294117647,53.2352941176471,34,64
600,34,67.25,54.71875,32,62
700,34,70.8235294117647,55.9117647058823,34,64
800,34,73.4375,55.15625,32,64
900,34,75.6666666666666,54.9393939393939,33,62
1000,34,78.969696969697,54.3939393939394,33,64
1100,34,83.0294117647059,54.9705882352941,34,64
1200,34,86.4242424242424,53.9090909090909,33,66
1300,34,89.3636363636364,55.1818181818182,33,66
1400,34,90.4848484848485,54.1515151515151,33,64
1500,34,94.0588235294118,54.4411764705882,34,64
1600,34,97.0588235294118,55.8235294117647,34,66
1700,34,99.1612903225806,57.8387096774194,31,62
1800,34,102.46875,57.75,32,62
1900,34,104.411764705882,58.5294117647059,34,64
2000,34,106.030303030303,57.1212121212121,33,64
2100,34,110.5625,58.40625,32,62
2200,34,112.354838709677,57.3870967741936,31,62
2300,34,114.875,57,32,64
2400,34,117.030303030303,57.1818181818182,33,64
2500,34,121.114285714286,60.5142857142857,35,64
2600,34,124.147058823529,59,34,64
2700,34,126.305555555556,57.6944444444444,36,64
2800,34,129.533333333333,57.1333333333333,30,62
2900,34,129.794117647059,60.5,34,64
3000,34,132.41935483871,61.0645161290322,31,62
3100,34,134.727272727273,60.8181818181818,33,62
3200,34,139.78125,59.625,32,62
3300,34,142.03125,59.625,32,62
3400,34,143.84375,59.28125,32,62
3500,34,145.71875,59.34375,32,64
3600,34,150.774193548387,57.7741935483871,31,62
3700,34,153.344827586207,59.1034482758621,29,62
3800,34,154.787878787879,57.2727272727273,33,64
3900,34,158.085714285714,57.4571428571429,35,64
4000,34,159.636363636364,60.6666666666667,33,66
4100,34,161.53125,61.75,32,62
4200,34,163.848484848485,62.7272727272727,33,62
4300,34,169.647058823529,64.3235294117647,34,64
4400,34,172.666666666667,64.6363636363637,33,64
4500,34,173.75,66.1875,32,62
4600,34,174.4,65,35,64
4700,34,177.818181818182,64.2727272727273,33,62
4800,34,181.242424242424,62.2121212121212,33,64
4900,34,186.382352941176,63.3823529411765,34,64
5000,34,190.382352941176,64.1470588235294,34,66
5100,34,193.235294117647,62.6470588235294,34,64
5200,34,195.69696969697,61.1515151515151,33,64
5300,34,197.4375,62.65625,32,64
5400,34,200.121212121212,63.1515151515151,33,64
5500,34,201.787878787879,64.4848484848485,33,64
5600,34,203.90625,63.65625,32,62
5700,34,206.515151515152,65.0909090909091,33,64
5800,34,209.484848484848,65.6060606060606,33,62
5900,34,213.34375,64.03125,32,62
6000,34,214.757575757576,64.3030303030303,33,62
6100,34,218.242424242424,62.3030303030303,33,62
6200,34,221.823529411765,63.1176470588235,34,64
6300,34,226.838709677419,64.8709677419355,31,64
6400,34,227.911764705882,65.6470588235294,34,64
6500,34,230.545454545455,65.3333333333333,33,64
6600,34,234.125,64.0625,32,64
6700,34,236.264705882353,63,34,62
6800,34,239.342857142857,63.9428571428571,35,64
6900,34,242.272727272727,64.8484848484848,33,62
7000,34,244.65625,65.9375,32,64
7100,34,245.176470588235,66.5882352941177,34,64
7200,34,249.058823529412,64.8235294117647,34,66
7300,34,250.647058823529,67.5,34,64
7400,34,254.71875,67.84375,32,64
7500,34,258.096774193548,69.2258064516129,31,64
7600,34,260.689655172414,68.0344827586207,29,62
7700,34,265.53125,69.0625,32,62
7800,34,268.5,69.21875,32,64
7900,34,269.709677419355,66.5483870967742,31,64
8000,34,273.424242424242,67.030303030303,33,62
8100,34,276.875,69,32,64
8200,34,279.181818181818,67.8484848484848,33,64
8300,34,280.709677419355,67.6129032258065,31,64
8400,34,283.4,67.4857142857143,35,64
8500,34,284.064516129032,68.7741935483871,31,64
8600,34,286.032258064516,64.8064516129032,31,62
8700,34,286.645161290323,63.0645161290322,31,60
8800,34,287.2,62.5428571428571,35,64
8900,34,289.575757575758,61.7878787878788,33,64
9000,34,294,63.65625,32,62
9100,34,296.628571428571,64,35,64
9200,34,297.878787878788,63.3939393939394,33,64
9300,34,301.828571428571,64.2285714285714,35,66
9400,34,302.96875,64.03125,32,64
9500,34,304.939393939394,64.0606060606061,33,64
9600,34,304.3,63.0666666666667,30,64
9700,34,306.90625,64.03125,32,62
9800,34,310.25,62.96875,32,64
9900,34,311.970588235294,63.9705882352941,34,64
10000,34,316.53125,62.71875,32,64
0,35,50,50.3333333333333,3,20
100,35,55.90625,51.03125,32,64
200,35,60.0571428571429,50.1142857142857,35,64
300,35,62.1212121212121,49.030303030303,33,64
400,35,63.6666666666667,46.6969696969697,33,66
500,35,65.90625,46.3125,32,64
600,35,68.6363636363636,46.1818181818182,33,64
700,35,70.1212121212121,46.6969696969697,33,64
800,35,72.5588235294118,47.735294117647,34,64
900,35,74.4516129032258,49.3870967741935,31,62
1000,35,77.5757575757576,50.3636363636364,33,64
1100,35,80.8484848484848,48.7272727272727,33,62
1200,35,81.8125,47.71875,32,62
1300,35,83.5625,50.15625,32,64
1400,35,87.625,51.15625,32,60
1500,35,91.25,49.8125,32,62
1600,35,94.7428571428572,48.7714285714286,35,66
1700,35,96.7941176470588,50.4411764705882,34,64
1800,35,100.645161290323,50.3548387096774,31,62
1900,35,101.393939393939,49.8484848484848,33,64
2000,35,104.242424242424,49.030303030303,33,64
2100,35,108.838709677419,48,31,62
2200,35,112.125,48.1875,32,62
2300,35,114.967741935484,46.4193548387097,31,62
2400,35,116.151515151515,47.0909090909091,33,64
2500,35,117.333333333333,45.7878787878788,33,64
2600,35,122.96875,46.59375,32,64
2700,35,126.433333333333,47.3666666666667,30,62
2800,35,128.84375,47,32,64
2900,35,130.694444444444,46.0277777777778,36,64
3000,35,133.78125,45.34375,32,62
3100,35,137.090909090909,45.8484848484849,33,64
3200,35,141.090909090909,46.4545454545455,33,64
3300,35,142.935483870968,46.2258064516129,31,62
3400,35,144.911764705882,45.3529411764706,34,64
3500,35,149.212121212121,46.8181818181818,33,64
3600,35,150.914285714286,46.4857142857143,35,66
3700,35,153.066666666667,45.4333333333333,30,62
3800,35,156.354838709677,45.7741935483871,31,62
3900,35,158.548387096774,44.8064516129032,31,62
4000,35,159.71875,44.84375,32,62
4100,35,160.9375,45.375,32,64
4200,35,165.363636363636,44.2727272727273,33,62
4300,35,167.676470588235,44.3529411764706,34,64
4400,35,169.84375,46.375,32,60
4500,35,172.15625,48.40625,32,64
4600,35,173.903225806452,48.5161290322581,31,62
4700,35,177.257142857143,49.2285714285714,35,64
4800,35,180.125,51,32,62
4900,35,181.34375,54.25,32,64
5000,35,185.666666666667,55.1818181818182,33,64
5100,35,187.558823529412,54.3529411764706,34,64
5200,35,189.606060606061,52.030303030303,33,64
5300,35,193.0625,53.46875,32,62
5400,35,195.058823529412,52.4705882352941,34,64
5500,35,197.96875,54.53125,32,62
5600,35,201.121212121212,54,33,64
5700,35,203.205882352941,52.9411764705882,34,64
5800,35,204.818181818182,53.6666666666667,33,64
5900,35,208.53125,51.84375,32,62
6000,35,209.272727272727,49.3636363636364,33,62
6100,35,215.032258064516,49.0645161290323,31,64
6200,35,216.970588235294,48.7058823529412,34,64
6300,35,219.647058823529,50,34,64
6400,35,223.322580645161,50.4516129032258,31,64
6500,35,227.323529411765,49.7352941176471,34,66
6600,35,230.09375,49.375,32,64
6700,35,230.484848484848,48.7575757575758,33,64
6800,35,233.03125,49.75,32,62
6900,35,235.4,49.7142857142857,35,64
7000,35,237.205882352941,49.0882352941176,34,64
7100,35,238.41935483871,48.0967741935484,31,62
7200,35,241.896551724138,49.448275862069,29,62
7300,35,245.96875,51.0625,32,64
7400,35,250.333333333333,50.9393939393939,33,62
7500,35,254.375,51.75,32,64
7600,35,256.1875,53.25,32,62
7700,35,260.030303030303,54.1818181818182,33,62
7800,35,260.735294117647,54.8235294117647,34,66
7900,35,263.15625,55.375,32,64
8000,35,267.1875,53.78125,32,62
8100,35,270.058823529412,54.7058823529412,34,66
8200,35,271.806451612903,54.2258064516129,31,64
8300,35,273.03125,53.6875,32,64
8400,35,274.41935483871,53.2258064516129,31,64
8500,35,277.4375,53.59375,32,62
8600,35,280.848484848485,53.5151515151515,33,62
8700,35,283.911764705882,51.9705882352941,34,64
8800,35,289.0625,52.5,32,66
8900,35,291.515151515152,53.5151515151515,33,64
9000,35,293.727272727273,55.9393939393939,33,66
9100,35,296.666666666667,57.1515151515152,33,64
9200,35,301.818181818182,57.6969696969697,33,64
9300,35,306.636363636364,57.5757575757576,33,64
9400,35,308.424242424242,57.9393939393939,33,62
9500,35,311.971428571429,58.2285714285714,35,66
9600,35,315.314285714286,57.8285714285714,35,64
9700,35,319.848484848485,56.7272727272727,33,62
9800,35,321.909090909091,56.8181818181818,33,64
9900,35,325.909090909091,56.8484848484849,33,62
10000,35,329.818181818182,55.3636363636364,33,64
0,36,49.5,49.5,2,14
100,36,51.2424242424242,50.3333333333333,33,62
200,36,54.1764705882353,49.4117647058823,34,64
300,36,57.8823529411765,48.8235294117647,34,66
400,36,60.6470588235294,50.6764705882353,34,64
500,36,62.9333333333333,52.2,30,64
600,36,65.3939393939394,50,33,64
700,36,68.3636363636364,50.3030303030303,33,64
800,36,70.1875,50.15625,32,64
900,36,72.8888888888889,48.5,36,66
1000,36,73.8571428571428,48.9142857142857,35,64
1100,36,75.8064516129032,49.2903225806452,31,62
1200,36,80.8235294117647,50.8529411764706,34,64
1300,36,82.7666666666667,49.2666666666667,30,60
1400,36,85.96875,48.90625,32,62
1500,36,88.5666666666667,50.1,30,62
1600,36,88.9090909090909,50.6969696969697,33,62
1700,36,93.3,51.3,30,60
1800,36,94.7272727272727,52.8181818181818,33,62
1900,36,95.8611111111111,52.8333333333333,36,66
2000,36,98.7666666666667,55.3666666666667,30,64
2100,36,101.242424242424,56.6363636363636,33,64
2200,36,103.058823529412,55.0588235294118,34,64
2300,36,105.060606060606,55.2424242424242,33,64
2400,36,106.41935483871,54.3225806451613,31,62
2500,36,110.228571428571,53.9714285714286,35,66
2600,36,115.757575757576,56.4242424242424,33,62
2700,36,119.59375,58.15625,32,64
2800,36,123.032258064516,58.3225806451613,31,62
2900,36,124.969696969697,59.3333333333333,33,64
3000,36,130.15625,59.9375,32,62
3100,36,134.066666666667,61.9666666666667,30,62
3200,36,137,64.3030303030303,33,64
3300,36,139.40625,63.78125,32,64
3400,36,142.352941176471,64.5294117647059,34,64
3500,36,145.935483870968,63.8709677419355,31,62
3600,36,149.4375,62.09375,32,62
3700,36,153.117647058824,62.9411764705882,34,66
3800,36,156.181818181818,61.5454545454545,33,64
3900,36,158.818181818182,60.6666666666667,33,64
4000,36,161,61.5588235294118,34,66
4100,36,164.151515151515,63.6666666666667,33,64
4200,36,165.181818181818,62.969696969697,33,64
4300,36,166.606060606061,62.7575757575757,33,64
4400,36,170.4375,63.28125,32,62
4500,36,173.090909090909,64.1515151515152,33,62
4600,36,176.454545454545,66.1818181818182,33,64
4700,36,179.966666666667,66.2333333333333,30,62
4800,36,181.363636363636,66.1818181818182,33,64
4900,36,182.866666666667,68.1,30,62
5000,36,185.939393939394,65.060606060606,33,64
5100,36,187,65.5,32,62
5200,36,189.966666666667,66.6666666666667,30,64
5300,36,193.75,67.0625,32,66
5400,36,195.967741935484,67.0645161290322,31,64
5500,36,200.939393939394,68.7272727272727,33,64
5600,36,202.878787878788,67.4242424242424,33,64
5700,36,204.272727272727,66.5454545454546,33,64
5800,36,206.290322580645,66.0322580645161,31,62
5900,36,209.575757575758,65.2121212121212,33,64
6000,36,210.939393939394,66.1212121212121,33,64
6100,36,214.606060606061,65.2121212121212,33,64
6200,36,219.888888888889,65.7037037037037,27,60
6300,36,224.852941176471,65.6176470588235,34,64
6400,36,228,65.2647058823529,34,62
6500,36,229.424242424242,66.5454545454545,33,64
6600,36,233.9375,66.15625,32,64
6700,36,235.58064516129,67.6129032258064,31,64
6800,36,237.606060606061,68.6666666666667,33,64
6900,36,241.483870967742,69.9032258064516,31,62
7000,36,242.916666666667,67.9722222222222,36,64
7100,36,246.677419354839,67,31,62
7200,36,249.411764705882,65.9705882352941,34,66
7300,36,252.466666666667,66.6,30,62
7400,36,254.588235294118,66.8529411764706,34,66
7500,36,257.878787878788,67.030303030303,33,64
7600,36,262.034482758621,67.3103448275862,29,62
7700,36,263.9375,66.53125,32,62
7800,36,266.212121212121,64.8484848484848,33,64
7900,36,270.551724137931,66.3448275862069,29,60
8000,36,273.515151515152,65.7272727272727,33,64
8100,36,275.030303030303,64.9090909090909,33,64
8200,36,278.264705882353,63.4705882352941,34,64
8300,36,281.71875,63.375,32,62
8400,36,285.30303030303,66.5454545454545,33,64
8500,36,286.757575757576,66.060606060606,33,64
8600,36,288.967741935484,66.4838709677419,31,64
8700,36,292.352941176471,64.8823529411765,34,64
8800,36,296.575757575758,63.3333333333333,33,62
8900,36,298.46875,63.0625,32,66
9000,36,300,62.3333333333333,33,64
9100,36,302.030303030303,62.4848484848485,33,64
9200,36,305.59375,62.78125,32,64
9300,36,309.606060606061,63.1212121212121,33,64
9400,36,312.451612903226,61.5483870967742,31,62
9500,36,315.828571428571,61.9714285714286,35,64
9600,36,319,62,33,64
9700,36,322.529411764706,62.4411764705882,34,64
9800,36,327.272727272727,62.0909090909091,33,64
9900,36,329.484848484848,61.6969696969697,33,64
10000,36,333.28125,61.9375,32,64
0,37,50.6,51,5,28
100,37,50.3225806451613,50.258064516129,31,62
200,37,54.5757575757576,47.9393939393939,33,62
300,37,58.0606060606061,49.5757575757576,33,62
400,37,62.8529411764706,49.4705882352941,34,64
500,37,68.2727272727273,50.3030303030303,33,64
600,37,70.8181818181818,50.7272727272727,33,62
700,37,71.3529411764706,50.9117647058823,34,64
800,37,74.3333333333333,50.9090909090909,33,64
900,37,77.6470588235294,50.8823529411765,34,64
1000,37,81.3636363636364,52.030303030303,33,64
1100,37,84.7878787878788,49.7575757575758,33,64
1200,37,88.6129032258065,51.1290322580645,31,62
1300,37,92.6774193548387,51.4838709677419,31,62
1400,37,95.4285714285714,51.4571428571429,35,64
1500,37,96,50.2,30,62
1600,37,99.8823529411765,48.8823529411765,34,64
1700,37,101.911764705882,46.9411764705882,34,64
1800,37,104.176470588235,46.9411764705882,34,64
1900,37,107.4,47.5142857142857,35,64
2000,37,109.428571428571,46.2285714285714,35,66
2100,37,111.787878787879,44.6060606060606,33,64
2200,37,113.838709677419,43.5161290322581,31,62
2300,37,116.575757575758,42.8181818181818,33,64
2400,37,118.727272727273,44.8181818181818,33,62
2500,37,121.272727272727,44.7878787878788,33,66
2600,37,125.709677419355,44.1612903225806,31,64
2700,37,127.84375,43.625,32,60
2800,37,131.558823529412,43.9411764705882,34,64
2900,37,135.032258064516,44.8064516129032,31,62
3000,37,136.15625,44.9375,32,64
3100,37,140.125,45.9375,32,62
3200,37,144.53125,46.4375,32,62
3300,37,145.75,46.8125,32,62
3400,37,146.757575757576,48.4242424242424,33,62
3500,37,149.606060606061,50.4848484848485,33,62
3600,37,149.911764705882,50.4117647058824,34,64
3700,37,154.6875,51.71875,32,62
3800,37,158.28125,52,32,64
3900,37,162.032258064516,49.4838709677419,31,62
4000,37,164.305555555556,51.5,36,66
4100,37,167.4,53.5142857142857,35,64
4200,37,169.294117647059,53.9705882352941,34,64
4300,37,171.516129032258,53.5161290322581,31,62
4400,37,174,52.96875,32,64
4500,37,175.787878787879,52.4242424242424,33,64
4600,37,179.909090909091,51.8787878787879,33,64
4700,37,181.15625,52.28125,32,62
4800,37,184.15625,53.46875,32,62
4900,37,187.9375,53.15625,32,64
5000,37,190.935483870968,52.3548387096774,31,60
5100,37,192.15625,50.6875,32,64
5200,37,193,50.3125,32,64
5300,37,193.914285714286,47.9428571428571,35,66
5400,37,197.382352941176,49.1764705882353,34,64
5500,37,200,49.5,34,62
5600,37,202.03125,49.75,32,64
5700,37,205.121212121212,51.3636363636364,33,64
5800,37,208.916666666667,51.0277777777778,36,64
5900,37,210.818181818182,49.6666666666667,33,64
6000,37,212.911764705882,46.9705882352941,34,64
6100,37,216.272727272727,46.6363636363636,33,64
6200,37,218.677419354839,48.258064516129,31,62
6300,37,223.558823529412,47.0588235294118,34,64
6400,37,224.878787878788,47.4848484848485,33,64
6500,37,225.575757575758,46.5757575757576,33,64
6600,37,230.15625,46,32,62
6700,37,234.28125,45.9375,32,64
6800,37,236.117647058824,45.5,34,64
6900,37,237.393939393939,43.8484848484849,33,64
7000,37,240.387096774194,44.3870967741936,31,62
7100,37,242.727272727273,43.3030303030303,33,64
7200,37,246.125,43.21875,32,62
7300,37,248.5,44,34,62
7400,37,249.882352941176,42.0882352941177,34,66
7500,37,248.393939393939,41.5454545454545,33,66
7600,37,250.9375,39.6875,32,64
7700,37,254.6,40.5333333333333,30,64
7800,37,257.8125,42.625,32,64
7900,37,262.714285714286,41.6,35,64
8000,37,264.228571428571,41,35,64
8100,37,268.727272727273,42.2121212121212,33,64
8200,37,271.757575757576,41.969696969697,33,64
8300,37,275.057142857143,43.2857142857143,35,64
8400,37,278.757575757576,44.9090909090909,33,62
8500,37,282.028571428571,43.8285714285714,35,64
8600,37,283.69696969697,43.6666666666667,33,64
8700,37,286.5,41.1,30,60
8800,37,286.848484848485,41.6969696969697,33,64
8900,37,289.15625,41.40625,32,64
9000,37,290.65625,40.96875,32,62
9100,37,292.606060606061,42.5757575757576,33,64
9200,37,294.15625,41.0625,32,62
9300,37,298.085714285714,40.4571428571428,35,64
9400,37,300.909090909091,38.8484848484849,33,62
9500,37,305.0625,36.96875,32,64
9600,37,307.774193548387,36.9354838709677,31,64
9700,37,311.764705882353,38.2647058823529,34,64
9800,37,313.212121212121,37.8181818181818,33,64
9900,37,317.275862068966,38.3793103448276,29,62
10000,37,318.424242424242,39.2424242424242,33,64
0,38,50,50,1,8
100,38,54.8387096774194,48,31,64
200,38,56.90625,46.875,32,62
300,38,59.1212121212121,47.0909090909091,33,64
400,38,59.65625,45.71875,32,66
500,38,62.3030303030303,45.2424242424243,33,62
600,38,67.5,45.7058823529412,34,62
700,38,71.15625,43.0625,32,64
800,38,75.0882352941176,43.7352941176471,34,64
900,38,77.8,42.5333333333333,30,62
1000,38,78.71875,42.5625,32,62
1100,38,79.1290322580645,42.6451612903226,31,62
1200,38,82.4705882352941,42.4705882352941,34,66
1300,38,84.6451612903226,44.4838709677419,31,60
1400,38,87.4242424242424,45.4242424242424,33,64
1500,38,91.1176470588235,46.8529411764706,34,64
1600,38,95.78125,47.1875,32,62
1700,38,98.2727272727273,48.6363636363636,33,64
1800,38,101.34375,49.625,32,62
1900,38,104.6,51.2,35,66
2000,38,106.375,52.09375,32,64
2100,38,108.529411764706,53.8529411764706,34,64
2200,38,110.4,54,35,64
2300,38,114,52.7878787878788,33,64
2400,38,116.4,54.2857142857143,35,64
2500,38,119.0625,55.21875,32,64
2600,38,120.914285714286,55.8,35,64
2700,38,124.65625,54.53125,32,64
2800,38,126.709677419355,55.9354838709678,31,62
2900,38,129.103448275862,56.2068965517241,29,62
3000,38,130.823529411765,55.8529411764706,34,64
3100,38,135.03125,55.625,32,62
3200,38,138.71875,54.5,32,64
3300,38,141.9,53.5666666666667,30,64
3400,38,142.84375,53.03125,32,64
3500,38,147.735294117647,52,34,62
3600,38,152.25,50.90625,32,64
3700,38,156.666666666667,50.3030303030303,33,64
3800,38,158.885714285714,50.9428571428571,35,64
3900,38,162.727272727273,50.3333333333333,33,64
4000,38,162.470588235294,49.1470588235294,34,64
4100,38,164.5,50.2941176470588,34,62
4200,38,167.103448275862,49.5172413793103,29,60
4300,38,167.878787878788,49.1515151515151,33,64
4400,38,171.323529411765,50.8529411764706,34,64
4500,38,172.705882352941,49.2058823529412,34,64
4600,38,175.264705882353,47.5882352941177,34,68
4700,38,177.161290322581,49.7741935483871,31,62
4800,38,179.205882352941,48.9117647058823,34,64
4900,38,180.484848484848,47.8181818181818,33,66
5000,38,182.848484848485,48.5454545454545,33,64
5100,38,184.90625,47.25,32,62
5200,38,187.033333333333,47.0333333333333,30,62
5300,38,189.030303030303,47.969696969697,33,64
5400,38,190.647058823529,44.5882352941176,34,64
5500,38,195.1875,45.6875,32,64
5600,38,199.242424242424,45.6969696969697,33,62
5700,38,202,44.735294117647,34,62
5800,38,204,45.2647058823529,34,62
5900,38,206.677419354839,45.2903225806452,31,62
6000,38,208.363636363636,46.7575757575758,33,64
6100,38,209.588235294118,46.3235294117647,34,64
6200,38,212.387096774194,46.5161290322581,31,62
6300,38,212.909090909091,47.6666666666667,33,64
6400,38,215.235294117647,47.0882352941177,34,64
6500,38,217.969696969697,46.1818181818182,33,64
6600,38,219.515151515152,46.6666666666667,33,64
6700,38,225.314285714286,45.9428571428571,35,66
6800,38,227.757575757576,46.3636363636364,33,64
6900,38,229.818181818182,46.4545454545454,33,64
7000,38,230.448275862069,47.7241379310345,29,62
7100,38,232.470588235294,48.3529411764706,34,64
7200,38,237.333333333333,49.6060606060606,33,64
7300,38,238.852941176471,50.5,34,66
7400,38,243.733333333333,48.3,30,64
7500,38,245.151515151515,48.3939393939394,33,66
7600,38,248.96875,48.65625,32,62
7700,38,252.382352941176,48.5294117647059,34,66
7800,38,253.8,48.4571428571429,35,64
7900,38,253.909090909091,48.4848484848485,33,62
8000,38,258,47.7575757575758,33,64
8100,38,262.1875,49.125,32,64
8200,38,264.65625,52,32,64
8300,38,269.290322580645,52.1290322580645,31,64
8400,38,271.838709677419,49.3548387096774,31,64
8500,38,273.806451612903,49.1612903225806,31,62
8600,38,275.235294117647,50.1176470588235,34,64
8700,38,277.470588235294,50.9411764705882,34,64
8800,38,281,51.21875,32,62
8900,38,284.151515151515,51.5757575757576,33,64
9000,38,287.545454545455,51.2727272727273,33,64
9100,38,290.085714285714,50.8,35,64
9200,38,294.352941176471,49.9117647058823,34,64
9300,38,295.764705882353,48.4117647058824,34,64
9400,38,300.242424242424,48.0606060606061,33,64
9500,38,302.625,47.21875,32,64
9600,38,305.878787878788,46.2424242424242,33,64
9700,38,309.78125,45.625,32,62
9800,38,312.424242424242,46.969696969697,33,62
9900,38,316.151515151515,45.7575757575758,33,64
10000,38,319.03125,45.90625,32,62
0,39,50.5,50.5,2,14
100,39,55.4193548387097,51.0645161290323,31,62
200,39,60.7941176470588,52.2352941176471,34,64
300,39,64.75,53.28125,32,66
400,39,67.375,55.625,32,62
500,39,70.7272727272727,55.5454545454546,33,64
600,39,73.46875,56.0625,32,62
700,39,78.2647058823529,53.5588235294118,34,64
800,39,81.9,53.2333333333333,30,64
900,39,85.0857142857143,54.7714285714286,35,66
1000,39,90.46875,52.78125,32,62
1100,39,91.78125,54.34375,32,62
1200,39,94.6969696969697,53.9090909090909,33,62
1300,39,95.6764705882353,54.0882352941176,34,64
1400,39,97.5333333333333,54.2666666666667,30,62
1500,39,99.7058823529412,53.0294117647059,34,64
1600,39,102.272727272727,53.3636363636364,33,62
1700,39,106.818181818182,54.3333333333333,33,64
1800,39,108.6875,52.71875,32,62
1900,39,112.03125,53,32,64
2000,39,116.666666666667,54.7575757575758,33,62
2100,39,118.515151515152,55.1212121212121,33,64
2200,39,121.53125,55.5625,32,62
2300,39,124.129032258065,58.3870967741935,31,64
2400,39,125.741935483871,57.8709677419355,31,64
2500,39,127.666666666667,57.6060606060606,33,64
2600,39,128.242424242424,54.9090909090909,33,62
2700,39,130.742857142857,57.2857142857143,35,66
2800,39,131.970588235294,55.9705882352941,34,66
2900,39,135.096774193548,54,31,64
3000,39,139.705882352941,54.0882352941176,34,66
3100,39,140.40625,53.125,32,62
3200,39,144.454545454545,53.8181818181818,33,64
3300,39,147.212121212121,52.6060606060606,33,64
3400,39,148.151515151515,54.3030303030303,33,64
3500,39,149.625,57.15625,32,60
3600,39,151.612903225806,56.4193548387097,31,62
3700,39,153.742857142857,54.1142857142857,35,64
3800,39,156.09375,54.8125,32,64
3900,39,157.454545454545,53.4848484848485,33,64
4000,39,162,53.1875,32,62
4100,39,164.25,53.28125,32,62
4200,39,165.424242424242,51.6666666666667,33,62
4300,39,166.242424242424,48.9090909090909,33,64
4400,39,170.387096774194,48.741935483871,31,60
4500,39,173.848484848485,51.2121212121212,33,66
4600,39,174.636363636364,51.7575757575758,33,64
4700,39,176.40625,49.5,32,66
4800,39,179.28125,49.34375,32,64
4900,39,180.205882352941,50.2352941176471,34,64
5000,39,185.3125,48.71875,32,62
5100,39,186.727272727273,49.2121212121212,33,64
5200,39,188.090909090909,46.1515151515152,33,64
5300,39,189.176470588235,46.1764705882353,34,62
5400,39,191.548387096774,45.8064516129032,31,64
5500,39,193.323529411765,44.0882352941177,34,64
5600,39,195.088235294118,44.0588235294118,34,64
5700,39,199,43.15625,32,64
5800,39,200.794117647059,42.2941176470588,34,64
5900,39,204.15625,41.875,32,62
6000,39,209.090909090909,41.5151515151515,33,62
6100,39,213.290322580645,42.0645161290323,31,62
6200,39,214.735294117647,43.2941176470588,34,64
6300,39,218.969696969697,41.5757575757576,33,62
6400,39,222.657142857143,42.6,35,66
6500,39,226.764705882353,42.5294117647059,34,64
6600,39,229.645161290323,42.2903225806452,31,62
6700,39,231.724137931034,43.3103448275862,29,62
6800,39,235.5625,43.3125,32,64
6900,39,237.875,44.53125,32,64
7000,39,242.193548387097,44.258064516129,31,62
7100,39,244.764705882353,43.8235294117647,34,64
7200,39,248.242424242424,43.7878787878788,33,64
7300,39,250.771428571429,42.8285714285714,35,66
7400,39,253.483870967742,40.7096774193548,31,64
7500,39,257.666666666667,41.4848484848485,33,64
7600,39,261.290322580645,42.8709677419355,31,64
7700,39,264.387096774194,42.6451612903226,31,66
7800,39,268.333333333333,43.0606060606061,33,62
7900,39,272.742857142857,43.3714285714286,35,66
8000,39,275.764705882353,42.0588235294118,34,64
8100,39,277.764705882353,41.2647058823529,34,64
8200,39,280.30303030303,41.4848484848485,33,64
8300,39,282.228571428571,43.2571428571429,35,64
8400,39,286.617647058824,44.9117647058823,34,66
8500,39,289.228571428571,45.0857142857143,35,64
8600,39,292.441176470588,46.5294117647059,34,64
8700,39,293.375,49.0625,32,62
8800,39,296.625,48.875,32,64
8900,39,298.558823529412,50.2941176470588,34,64
9000,39,300.515151515152,50.969696969697,33,64
9100,39,303.441176470588,49.9411764705882,34,64
9200,39,305.823529411765,49.8235294117647,34,62
9300,39,308.181818181818,50,33,64
9400,39,311.333333333333,47.4242424242424,33,62
9500,39,312.848484848485,48.030303030303,33,66
9600,39,315.625,50.4375,32,64
9700,39,319.3125,47.90625,32,62
9800,39,322.242424242424,46.0909090909091,33,62
9900,39,326.147058823529,47.1176470588235,34,64
10000,39,327.6875,46.28125,32,62
0,40,50.5,50,2,14
100,40,51.2058823529412,48.5588235294118,34,64
200,40,51.4848484848485,48.1212121212121,33,64
300,40,53.6875,50.25,32,64
400,40,56.9117647058824,49.4117647058824,34,64
500,40,58.2352941176471,46.8823529411765,34,64
600,40,62.3939393939394,45.7878787878788,33,64
700,40,65.75,46.65625,32,64
800,40,70.3636363636364,48.1818181818182,33,64
900,40,75.2727272727273,45.7878787878788,33,66
1000,40,78.84375,44.4375,32,62
1100,40,80.5588235294118,43.3529411764706,34,64
1200,40,83.34375,42.21875,32,62
1300,40,85.21875,40.65625,32,64
1400,40,88,38.9705882352941,34,68
1500,40,89.6764705882353,38.2941176470588,34,64
1600,40,91.3636363636364,37.9090909090909,33,64
1700,40,91.8857142857143,38.3142857142857,35,64
1800,40,93.46875,37.75,32,62
1900,40,97.9411764705882,39.0588235294118,34,64
2000,40,100.53125,39.5625,32,62
2100,40,101,40.4117647058824,34,64
2200,40,101.848484848485,40.9090909090909,33,64
2300,40,104.0625,38.34375,32,64
2400,40,107.96875,39.28125,32,64
2500,40,111.542857142857,38.4285714285714,35,64
2600,40,113.78125,39.40625,32,64
2700,40,116.575757575758,38.6969696969697,33,66
2800,40,118.34375,38.21875,32,62
2900,40,121.193548387097,37.6774193548387,31,64
3000,40,123.727272727273,38.8181818181818,33,62
3100,40,124.6,40.3,30,64
3200,40,127.571428571429,42.4285714285714,35,66
3300,40,130,44.5,34,62
3400,40,133.941176470588,43.3235294117647,34,64
3500,40,136.266666666667,45.1666666666667,30,62
3600,40,136.764705882353,46.7352941176471,34,64
3700,40,142.272727272727,46.3636363636364,33,62
3800,40,146,45.1764705882353,34,64
3900,40,149.121212121212,41.5757575757576,33,64
4000,40,150.30303030303,42.0909090909091,33,62
4100,40,153.647058823529,42.7058823529412,34,64
4200,40,156.029411764706,43.5588235294118,34,64
4300,40,160.588235294118,45.8529411764706,34,64
4400,40,162.575757575758,45.969696969697,33,64
4500,40,166,47.1612903225806,31,62
4600,40,169.484848484848,47.1212121212121,33,64
4700,40,172.6875,45.9375,32,64
4800,40,175.176470588235,47.1764705882353,34,62
4900,40,177.709677419355,50.2258064516129,31,62
5000,40,181.870967741935,50.8064516129032,31,64
5100,40,183.484848484848,49.8484848484849,33,62
5200,40,185.3125,52.8125,32,62
5300,40,187.65625,52.625,32,64
5400,40,189.352941176471,52.0294117647059,34,64
5500,40,193.588235294118,52.2352941176471,34,64
5600,40,197.233333333333,48.5,30,64
5700,40,200.483870967742,47.0322580645161,31,62
5800,40,204.810810810811,48.027027027027,37,68
5900,40,208.424242424242,47.3333333333333,33,62
6000,40,210.181818181818,48,33,64
6100,40,213.848484848485,49.3333333333333,33,64
6200,40,215.483870967742,49.8387096774194,31,62
6300,40,218.545454545455,52.2727272727273,33,64
6400,40,219.909090909091,50.1515151515151,33,62
6500,40,220.551724137931,51.3103448275862,29,60
6600,40,221.6875,53.34375,32,64
6700,40,223.5,52.4375,32,64
6800,40,225.4375,50.21875,32,62
6900,40,226.21875,50.40625,32,64
7000,40,229.09375,51.65625,32,62
7100,40,233.545454545455,49.9090909090909,33,64
7200,40,238.548387096774,46.5161290322581,31,62
7300,40,239.65625,47.59375,32,62
7400,40,243.342857142857,47.7714285714286,35,64
7500,40,245.58064516129,47.9354838709677,31,62
7600,40,248.657142857143,48.0857142857143,35,66
7700,40,250.909090909091,46.4242424242424,33,64
7800,40,253.40625,45.09375,32,64
7900,40,258.21875,47.5625,32,62
8000,40,259.064516129032,46.6774193548387,31,62
8100,40,260.424242424242,47.030303030303,33,62
8200,40,262.705882352941,44.5,34,62
8300,40,266.272727272727,44.8787878787879,33,64
8400,40,267.84375,46.4375,32,64
8500,40,269.382352941176,45.2941176470588,34,64
8600,40,270.806451612903,44.741935483871,31,62
8700,40,274.30303030303,44,33,64
8800,40,274.5,42,34,62
8900,40,277.75,41.1875,32,62
9000,40,281.705882352941,41.5,34,62
9100,40,285.40625,42.90625,32,62
9200,40,288.65625,44.5625,32,64
9300,40,293.147058823529,45.6764705882353,34,64
9400,40,296.066666666667,45.4,30,62
9500,40,298.363636363636,46.2121212121212,33,64
9600,40,300.714285714286,45.9142857142857,35,66
9700,40,304.387096774194,43.258064516129,31,62
9800,40,308.5,44,34,64
9900,40,309.8125,44.25,32,62
10000,40,312.454545454545,43.7575757575758,33,64
0,41,50,50,1,8
100,41,52.90625,50.4375,32,64
200,41,55.5625,50.15625,32,64
300,41,59.1515151515152,48.9090909090909,33,64
400,41,60.65625,48.40625,32,62
500,41,63.1,48.7666666666667,30,62
600,41,66.9117647058823,48.8235294117647,34,64
700,41,68.6285714285714,48.2285714285714,35,64
800,41,70.6857142857143,46.4285714285714,35,66
900,41,74.2424242424242,48.2424242424242,33,64
1000,41,76,48.2903225806452,31,62
1100,41,78.0882352941176,48.8529411764706,34,66
1200,41,79.8125,49.6875,32,64
1300,41,83.0322580645161,50.7741935483871,31,62
1400,41,86.9090909090909,50.3939393939394,33,64
1500,41,89.15625,51.125,32,66
1600,41,92.483870967742,53.1935483870968,31,62
1700,41,93.4411764705882,54.2647058823529,34,64
1800,41,95.9,54.6,30,62
1900,41,96.9393939393939,53.6666666666667,33,62
2000,41,97.6666666666667,52.3636363636364,33,64
2100,41,99.4571428571429,52.2571428571429,35,64
2200,41,102.666666666667,50.5757575757576,33,62
2300,41,103.516129032258,50.8064516129032,31,62
2400,41,105.911764705882,49.6470588235294,34,64
2500,41,108.53125,48.5625,32,66
2600,41,110.7,48.8333333333333,30,64
2700,41,114.6875,50.96875,32,62
2800,41,117.25,51.71875,32,62
2900,41,122.466666666667,50.5,30,62
3000,41,125.129032258065,49.4193548387097,31,64
3100,41,127.176470588235,47.8235294117647,34,62
3200,41,132.4,47.6857142857143,35,64
3300,41,134.225806451613,48.0645161290323,31,64
3400,41,138.285714285714,49.2285714285714,35,66
3500,41,141.125,47.53125,32,62
3600,41,141.972222222222,46,36,66
3700,41,144.862068965517,46.0689655172414,29,62
3800,41,148.625,46.53125,32,64
3900,41,152.84375,45.53125,32,64
4000,41,156.787878787879,46.4545454545454,33,62
4100,41,158.903225806452,45.5806451612903,31,64
4200,41,161.40625,46.96875,32,64
4300,41,165.5,47,34,62
4400,41,167.322580645161,45.3548387096774,31,64
4500,41,171.242424242424,45.030303030303,33,64
4600,41,173.3125,46.15625,32,64
4700,41,175.806451612903,46.3225806451613,31,62
4800,41,180.647058823529,48.5588235294118,34,64
4900,41,180.6875,49.96875,32,64
5000,41,182.735294117647,49.1470588235294,34,64
5100,41,183.352941176471,47.4411764705882,34,64
5200,41,185.5,48.875,32,64
5300,41,187.294117647059,50.264705882353,34,64
5400,41,190.333333333333,48.9393939393939,33,62
5500,41,194.058823529412,48.4411764705882,34,64
5600,41,196.823529411765,49.1764705882353,34,62
5700,41,199.088235294118,49.1764705882353,34,64
5800,41,201.909090909091,45.6969696969697,33,62
5900,41,206.285714285714,43.1714285714286,35,64
6000,41,208.939393939394,43.3333333333333,33,62
6100,41,212.21875,41.65625,32,62
6200,41,216.028571428571,40.1714285714286,35,64
6300,41,220.161290322581,41.2258064516129,31,62
6400,41,224.371428571429,41.5714285714286,35,64
6500,41,227.352941176471,40.1470588235294,34,64
6600,41,230.242424242424,40.3333333333333,33,62
6700,41,232.225806451613,37.0645161290323,31,64
6800,41,234.852941176471,37.3235294117647,34,66
6900,41,237.666666666667,35.5151515151515,33,64
7000,41,239.645161290323,36.1935483870968,31,62
7100,41,241.28125,35.1875,32,66
7200,41,247,35.5,34,62
7300,41,248.848484848485,37.0909090909091,33,62
7400,41,253.032258064516,38.1935483870968,31,62
7500,41,254.896551724138,38.4827586206897,29,62
7600,41,258.057142857143,36.7428571428571,35,66
7700,41,262.40625,34.84375,32,64
7800,41,264.969696969697,35.6060606060606,33,64
7900,41,268.294117647059,34.9411764705882,34,66
8000,41,270.75,36.15625,32,66
8100,41,273.625,37.625,32,62
8200,41,272.25,38.34375,32,64
8300,41,274.1875,37.75,32,64
8400,41,276.516129032258,37.0967741935484,31,62
8500,41,279.806451612903,36.2903225806452,31,62
8600,41,282.5625,35.4375,32,64
8700,41,284.363636363636,33.6060606060606,33,64
8800,41,287.5,34.375,32,64
8900,41,292.3,33.8666666666667,30,60
9000,41,295.181818181818,32.1515151515151,33,64
9100,41,295.375,32.78125,32,62
9200,41,297.647058823529,35.1470588235294,34,64
9300,41,300.71875,34.59375,32,66
9400,41,303.823529411765,34.8235294117647,34,62
9500,41,308.393939393939,34.969696969697,33,64
9600,41,309.848484848485,36.3333333333333,33,64
9700,41,312.852941176471,36.5294117647059,34,64
9800,41,317.323529411765,37.4411764705882,34,64
9900,41,319.454545454545,39.7878787878788,33,64
10000,41,321.322580645161,37.3870967741936,31,64
0,42,50,50,1,8
100,42,49.9393939393939,50.5757575757576,33,64
200,42,52.125,50.5625,32,62
300,42,54.4705882352941,52.2647058823529,34,64
400,42,57.1212121212121,51,33,64
500,42,59.5806451612903,50.5483870967742,31,62
600,42,62.90625,50.71875,32,62
700,42,67.4838709677419,50.5483870967742,31,64
800,42,70.1212121212121,49.969696969697,33,64
900,42,73.1212121212121,48.5757575757576,33,66
1000,42,75,49.1764705882353,34,64
1100,42,79.3125,48.15625,32,64
1200,42,81.6969696969697,43.3030303030303,33,64
1300,42,85.6969696969697,41.1212121212121,33,64
1400,42,91.1515151515151,40.9090909090909,33,64
1500,42,93.2121212121212,38.7272727272727,33,64
1600,42,95.4545454545454,38.2121212121212,33,62
1700,42,100.848484848485,39.8484848484848,33,64
1800,42,99.9677419354839,37.3225806451613,31,64
1900,42,103.40625,34.34375,32,62
2000,42,104.774193548387,34.5483870967742,31,66
2100,42,107.46875,31.3125,32,64
2200,42,111.151515151515,32.6969696969697,33,64
2300,42,116.647058823529,33.0294117647059,34,66
2400,42,120.8125,31.78125,32,62
2500,42,123.741935483871,30.9354838709677,31,62
2600,42,126.193548387097,32.6774193548387,31,64
2700,42,128.5,33.09375,32,62
2800,42,128.911764705882,32.6176470588235,34,64
2900,42,131.212121212121,32.4545454545455,33,64
3000,42,134.771428571429,32,35,64
3100,42,137.41935483871,31.5161290322581,31,62
3200,42,140.375,30.90625,32,64
3300,42,143.193548387097,32.8387096774193,31,62
3400,42,145.133333333333,33.5333333333333,30,60
3500,42,148.225806451613,32.9032258064516,31,62
3600,42,151.625,32.6875,32,62
3700,42,154.666666666667,31.7878787878788,33,64
3800,42,157.225806451613,31.9032258064516,31,64
3900,42,158.625,32.625,32,62
4000,42,162.161290322581,31.5483870967742,31,62
4100,42,165.064516129032,31.4193548387097,31,60
4200,42,167.457142857143,29.4,35,66
4300,42,171.121212121212,29.3939393939394,33,64
4400,42,173.878787878788,29.8484848484848,33,64
4500,42,177.848484848485,30.9090909090909,33,64
4600,42,181.0625,32.78125,32,62
4700,42,181.21875,34.84375,32,64
4800,42,180.2,32.9333333333333,30,62
4900,42,183.78125,33.65625,32,64
5000,42,186.757575757576,32.6363636363636,33,64
5100,42,187.470588235294,31.8529411764706,34,64
5200,42,190.34375,32.5625,32,62
5300,42,194.483870967742,33.2258064516129,31,62
5400,42,196.151515151515,32.9393939393939,33,64
5500,42,199.533333333333,35.2,30,64
5600,42,201.58064516129,34.2903225806452,31,64
5700,42,207.470588235294,34.8529411764706,34,64
5800,42,211.21875,34.71875,32,64
5900,42,212.818181818182,33.6060606060606,33,64
6000,42,217.727272727273,33.7878787878788,33,64
6100,42,220.484848484848,33.1212121212121,33,64
6200,42,222.125,34.59375,32,62
6300,42,225.151515151515,35.0606060606061,33,64
6400,42,229.323529411765,33.0882352941177,34,64
6500,42,230.774193548387,32.8064516129032,31,62
6600,42,231.909090909091,32.4545454545455,33,62
6700,42,233.625,33.125,32,64
6800,42,234.882352941176,33.2058823529412,34,64
6900,42,235.542857142857,31.1142857142857,35,66
7000,42,237.46875,32.25,32,64
7100,42,238.060606060606,33.2727272727273,33,64
7200,42,241.125,31.84375,32,64
7300,42,241.161290322581,30.3548387096774,31,62
7400,42,243.838709677419,30.3548387096774,31,62
7500,42,246.4375,29.96875,32,64
7600,42,249.8125,30.4375,32,62
7700,42,254.382352941176,28.9705882352941,34,64
7800,42,255.617647058824,28.3235294117647,34,64
7900,42,257,26.5882352941176,34,64
8000,42,260.575757575758,25.5454545454546,33,64
8100,42,264.969696969697,26.4242424242424,33,62
8200,42,268.735294117647,25.2941176470588,34,64
8300,42,270.909090909091,26.2424242424242,33,62
8400,42,276.888888888889,23.1111111111111,36,66
8500,42,280.90625,20.625,32,64
8600,42,283.828571428571,19.1428571428571,35,66
8700,42,286.4375,17.40625,32,62
8800,42,290.606060606061,19.9090909090909,33,64
8900,42,292.451612903226,19.7096774193548,31,62
9000,42,297.393939393939,17.6363636363636,33,64
9100,42,301.515151515152,17.6060606060606,33,64
9200,42,305.764705882353,18.1764705882353,34,64
9300,42,309.625,18.375,32,62
9400,42,314.352941176471,18.8235294117647,34,64
9500,42,318.058823529412,18.3235294117647,34,64
9600,42,320.764705882353,18.0882352941176,34,64
9700,42,323.433333333333,19,30,62
9800,42,326.342857142857,19.0571428571429,35,64
9900,42,327,20.5625,32,64
10000,42,328.382352941176,19.4117647058824,34,64
0,43,49.6666666666667,49.6666666666667,3,18
100,43,52.2424242424242,49.030303030303,33,66
200,43,52.9375,49.375,32,66
300,43,55.1515151515151,51.2727272727273,33,62
400,43,60.9393939393939,52.0606060606061,33,64
500,43,62.28125,51.71875,32,62
600,43,65.4411764705883,50.1470588235294,34,64
700,43,69.2903225806452,49.8387096774194,31,62
800,43,72.8235294117647,50.1764705882353,34,62
900,43,75.3,49.7333333333333,30,60
1000,43,75.7878787878788,50.1515151515152,33,64
1100,43,78.03125,48.84375,32,66
1200,43,80.6666666666666,47.969696969697,33,64
1300,43,81.9310344827586,47.0689655172414,29,62
1400,43,86.4516129032258,48.4193548387097,31,60
1500,43,89.4705882352941,50.9705882352941,34,66
1600,43,95,50.2121212121212,33,64
1700,43,95.6470588235294,48.6176470588235,34,66
1800,43,99.2121212121212,50.0909090909091,33,66
1900,43,100.4375,49.34375,32,62
2000,43,106.28125,49.6875,32,62
2100,43,108.909090909091,49.2121212121212,33,64
2200,43,111.4,50,35,64
2300,43,114.606060606061,49.7272727272727,33,64
2400,43,118.064516129032,50.5161290322581,31,64
2500,43,122.774193548387,48.0322580645161,31,66
2600,43,126.939393939394,48.6969696969697,33,64
2700,43,129.25,50.375,32,62
2800,43,132.1875,50.15625,32,62
2900,43,134.96875,49.25,32,64
3000,43,136.393939393939,47.6060606060606,33,64
3100,43,138.147058823529,46.9705882352941,34,66
3200,43,141.314285714286,45.6,35,64
3300,43,144.28125,44.90625,32,62
3400,43,146.030303030303,45.3333333333333,33,64
3500,43,149.558823529412,43.3235294117647,34,64
3600,43,153.212121212121,43.7272727272727,33,64
3700,43,156.666666666667,42.5757575757576,33,64
3800,43,160.125,39.8125,32,62
3900,43,162.787878787879,40.3939393939394,33,64
4000,43,167.3125,40.5,32,64
4100,43,171.757575757576,37.5757575757576,33,64
4200,43,172.575757575758,36.9393939393939,33,62
4300,43,175.969696969697,35.8787878787879,33,64
4400,43,178,35.8235294117647,34,64
4500,43,180.9375,36.90625,32,62
4600,43,184.787878787879,39.6060606060606,33,64
4700,43,186.176470588235,42.5588235294118,34,64
4800,43,190.647058823529,39.9117647058823,34,64
4900,43,192.90625,41.40625,32,64
5000,43,195.735294117647,38.8235294117647,34,64
5100,43,200.181818181818,37.4545454545455,33,64
5200,43,201.914285714286,38.2285714285714,35,64
5300,43,206.794117647059,35.735294117647,34,64
5400,43,208.138888888889,33.6111111111111,36,64
5500,43,211.25,31.75,36,66
5600,43,213.354838709677,31.741935483871,31,62
5700,43,216.878787878788,30.5757575757576,33,64
5800,43,220.441176470588,30.0882352941176,34,66
5900,43,225.322580645161,29.9354838709677,31,62
6000,43,228.484848484848,30.969696969697,33,64
6100,43,229.545454545455,30.8181818181818,33,64
6200,43,233.882352941176,34.5,34,66
6300,43,235.363636363636,35.9393939393939,33,66
6400,43,238.823529411765,34,34,64
6500,43,242.484848484848,33.5151515151515,33,64
6600,43,245.548387096774,33.0645161290323,31,62
6700,43,245.882352941176,33.5882352941177,34,64
6800,43,248.8125,34.1875,32,64
6900,43,251.411764705882,33.5588235294118,34,66
7000,43,254.939393939394,31.9090909090909,33,64
7100,43,257.69696969697,31.8787878787879,33,66
7200,43,258.9,32.3,30,60
7300,43,261.0625,31.90625,32,64
7400,43,264.25,33.875,32,64
7500,43,268.676470588235,35.5882352941176,34,66
7600,43,272.205882352941,34.5,34,64
7700,43,275.352941176471,34.9411764705882,34,66
7800,43,278.28125,34.78125,32,62
7900,43,280.794117647059,35.7647058823529,34,64
8000,43,282.931034482759,34.8965517241379,29,64
8100,43,285.151515151515,33.4848484848485,33,62
8200,43,289.424242424242,34.3333333333333,33,62
8300,43,292.375,33.71875,32,64
8400,43,296.233333333333,31.5,30,64
8500,43,299.823529411765,31.3823529411765,34,64
8600,43,299.705882352941,31.5,34,62
8700,43,302.666666666667,30,33,64
8800,43,305.909090909091,29.4848484848485,33,62
8900,43,307.911764705882,28.2647058823529,34,64
9000,43,312,26.9393939393939,33,64
9100,43,315,27.9117647058824,34,64
9200,43,319.53125,26.65625,32,64
9300,43,321.628571428571,26,35,64
9400,43,322.875,25.78125,32,62
9500,43,322.676470588235,27.7647058823529,34,64
9600,43,326.794117647059,28.0882352941176,34,64
9700,43,331.705882352941,27.6176470588235,34,64
9800,43,333.878787878788,28.5151515151515,33,64
9900,43,335.96875,27.5625,32,64
10000,43,340.757575757576,27.2727272727273,33,64
0,44,50,50,1,8
100,44,51.8484848484849,50.0909090909091,33,62
200,44,54.7096774193548,48.2258064516129,31,62
300,44,56.7272727272727,47.6666666666667,33,64
400,44,59.1515151515151,49.0909090909091,33,62
500,44,61.9354838709678,48.9032258064516,31,62
600,44,65.1515151515152,47.9090909090909,33,62
700,44,64.7272727272727,47.7878787878788,33,64
800,44,69.0882352941176,48.5882352941177,34,64
900,44,71.8484848484848,48.1515151515152,33,62
1000,44,75.8387096774193,48.5806451612903,31,64
1100,44,77.2285714285714,48.3428571428571,35,64
1200,44,81,50.5,34,62
1300,44,84.1176470588235,52.9411764705882,34,64
1400,44,87.0625,53.40625,32,64
1500,44,89.1515151515151,52.3030303030303,33,66
1600,44,91.1875,54.8125,32,62
1700,44,95.1818181818182,55.030303030303,33,62
1800,44,97.5588235294118,57.9705882352941,34,64
1900,44,98.8484848484848,57.8484848484849,33,62
2000,44,97.5454545454546,57.5757575757576,33,64
2100,44,100.235294117647,59.5588235294118,34,64
2200,44,101.84375,60,32,62
2300,44,104.121212121212,58.1515151515151,33,66
2400,44,107.625,58.84375,32,60
2500,44,111.625,59.8125,32,64
2600,44,115.161290322581,60.0967741935484,31,62
2700,44,117.411764705882,60.0882352941177,34,64
2800,44,120.766666666667,59.6,30,62
2900,44,125.090909090909,60.8484848484849,33,62
3000,44,127.424242424242,61.3939393939394,33,64
3100,44,130.685714285714,60.1714285714286,35,64
3200,44,135.375,60.9375,32,62
3300,44,135.833333333333,61.3666666666667,30,64
3400,44,137.90625,60.875,32,62
3500,44,142.375,64.625,32,62
3600,44,147.193548387097,64.1935483870968,31,62
3700,44,150.032258064516,64.6774193548387,31,64
3800,44,152.4375,63.78125,32,62
3900,44,156.258064516129,62.6451612903226,31,60
4000,44,159.151515151515,64.0909090909091,33,62
4100,44,161.78125,63.46875,32,64
4200,44,165.090909090909,64.5454545454546,33,62
4300,44,167.258064516129,66.1612903225807,31,64
4400,44,171.5,66.5882352941177,34,64
4500,44,174.028571428571,66.6,35,64
4600,44,176.117647058824,65.3823529411765,34,64
4700,44,180,65.7941176470588,34,64
4800,44,182.545454545455,66.0909090909091,33,62
4900,44,182.75,65.84375,32,62
5000,44,184.647058823529,64.0294117647059,34,64
5100,44,187.59375,63.75,32,66
5200,44,190.764705882353,65.7941176470588,34,64
5300,44,192.090909090909,65.4848484848485,33,64
5400,44,195.242424242424,67.5454545454546,33,64
5500,44,197.15625,66.8125,32,62
5600,44,199.5,65.9666666666667,30,62
5700,44,202.03125,65.53125,32,64
5800,44,206,65.0967741935484,31,62
5900,44,208.30303030303,64.6666666666667,33,64
6000,44,212,64.5625,32,64
6100,44,216.090909090909,62.2121212121212,33,64
6200,44,221.65625,63.3125,32,62
6300,44,226.151515151515,65.6969696969697,33,64
6400,44,228.114285714286,64.5142857142857,35,64
6500,44,231.5,62.875,32,62
6600,44,237.9375,60.46875,32,62
6700,44,242.090909090909,60.4545454545455,33,62
6800,44,244.033333333333,60,30,64
6900,44,245.852941176471,60.9117647058824,34,64
7000,44,247.5,57.7058823529412,34,62
7100,44,250.515151515152,57.3939393939394,33,62
7200,44,252.485714285714,56.6,35,64
7300,44,255.882352941176,58.1470588235294,34,64
7400,44,257.939393939394,58.5757575757576,33,62
7500,44,261.53125,57.59375,32,64
7600,44,266.225806451613,58.4193548387097,31,62
7700,44,269.823529411765,57.6176470588235,34,66
7800,44,272.967741935484,57.9032258064516,31,62
7900,44,276.21875,56.65625,32,62
8000,44,280.352941176471,54.4117647058824,34,64
8100,44,282.030303030303,55.0606060606061,33,64
8200,44,284.878787878788,53.6060606060606,33,64
8300,44,288.5625,53.3125,32,64
8400,44,290.6875,53.03125,32,64
8500,44,293.870967741935,52.5483870967742,31,62
8600,44,293.735294117647,52,34,62
8700,44,295.1875,51.8125,32,62
8800,44,297.30303030303,52.4848484848485,33,64
8900,44,299.21875,49.9375,32,64
9000,44,300.5,50.3125,32,66
9100,44,303.909090909091,51.4242424242424,33,64
9200,44,308.090909090909,52.8787878787879,33,64
9300,44,310.375,52.875,32,64
9400,44,312.65625,53.75,32,64
9500,44,313.4375,53.875,32,62
9600,44,317.516129032258,54.2258064516129,31,64
9700,44,318.354838709677,53.6129032258064,31,62
9800,44,320.875,54.28125,32,64
9900,44,324.909090909091,54.1515151515152,33,66
10000,44,326.764705882353,54.0294117647059,34,64
0,45,50,50,1,8
100,45,51.9411764705882,49.764705882353,34,64
200,45,52.6774193548387,51.1612903225806,31,64
300,45,54.9354838709678,49.9354838709677,31,62
400,45,58.2727272727273,48.2424242424242,33,64
500,45,62.1875,51.5,32,62
600,45,65.7058823529412,51.3529411764706,34,64
700,45,67.5151515151515,52.3030303030303,33,64
800,45,71.0333333333334,52.6,30,64
900,45,73.6875,50.71875,32,62
1000,45,76.09375,49.40625,32,64
1100,45,79.4242424242424,49.2727272727273,33,64
1200,45,83.28125,47.34375,32,62
1300,45,85.4,49.3333333333333,30,62
1400,45,86.0625,49.375,32,64
1500,45,90.1612903225806,50.258064516129,31,62
1600,45,92.7428571428572,51.3142857142857,35,66
1700,45,97.7941176470588,54.0588235294118,34,64
1800,45,99.90625,53.125,32,64
1900,45,100.848484848485,52.1818181818182,33,64
2000,45,103.272727272727,51.9090909090909,33,64
2100,45,105.1875,50.34375,32,64
2200,45,107.424242424242,48.3333333333333,33,62
2300,45,111.322580645161,49.5161290322581,31,62
2400,45,113.8,49.5428571428571,35,64
2500,45,117.705882352941,51.4705882352941,34,66
2600,45,121.090909090909,49.2424242424242,33,62
2700,45,125.212121212121,49.030303030303,33,66
2800,45,128.529411764706,48.9411764705882,34,64
2900,45,131.848484848485,50.8484848484849,33,62
3000,45,136.225806451613,50.9032258064516,31,64
3100,45,140.823529411765,51.0588235294118,34,64
3200,45,142.151515151515,52.2727272727273,33,62
3300,45,143.909090909091,52.8787878787879,33,64
3400,45,148.151515151515,52.4545454545455,33,64
3500,45,152.205882352941,50.2647058823529,34,64
3600,45,154.272727272727,47.6969696969697,33,64
3700,45,155,47.6363636363636,33,64
3800,45,159.242424242424,49.8181818181818,33,64
3900,45,162.484848484848,48.1212121212121,33,64
4000,45,164.25,47.46875,32,66
4100,45,167.181818181818,47.2121212121212,33,64
4200,45,170.212121212121,46.5454545454546,33,62
4300,45,173.342857142857,48.2285714285714,35,64
4400,45,172.882352941176,48,34,64
4500,45,175.939393939394,48.1212121212121,33,64
4600,45,178.735294117647,48.0588235294118,34,66
4700,45,179.515151515152,45.7575757575758,33,64
4800,45,181.466666666667,45.9666666666667,30,64
4900,45,183.25,48.53125,32,62
5000,45,186.333333333333,46.8181818181818,33,64
5100,45,189,46.1764705882353,34,64
5200,45,190.636363636364,47.2121212121212,33,64
5300,45,195.58064516129,47.1290322580645,31,62
5400,45,198.354838709677,47.8064516129032,31,64
5500,45,203.548387096774,48.1935483870968,31,62
5600,45,208.064516129032,48.2258064516129,31,62
5700,45,210.5625,47.09375,32,62
5800,45,212.212121212121,48.5454545454546,33,62
5900,45,215.6875,49.84375,32,64
6000,45,216.212121212121,51.2121212121212,33,64
6100,45,217.757575757576,50.3636363636364,33,64
6200,45,220.9375,51.46875,32,64
6300,45,224.941176470588,53.4411764705882,34,64
6400,45,224.09375,52.21875,32,64
6500,45,225.484848484848,53.2121212121212,33,64
6600,45,229.787878787879,52.4545454545454,33,62
6700,45,232.823529411765,52.7352941176471,34,64
6800,45,234.625,55.15625,32,60
6900,45,237.060606060606,56.5757575757576,33,64
7000,45,239.225806451613,55.6129032258065,31,64
7100,45,240.69696969697,57.1212121212121,33,66
7200,45,243.424242424242,55.9090909090909,33,64
7300,45,246.685714285714,55.1714285714286,35,64
7400,45,248.8125,53.71875,32,62
7500,45,251.21875,53.71875,32,62
7600,45,255.064516129032,52.4516129032258,31,64
7700,45,257.558823529412,53.6470588235294,34,64
7800,45,259.59375,51.03125,32,64
7900,45,263.666666666667,51.8484848484849,33,64
8000,45,266,50.1176470588235,34,64
8100,45,268.484848484848,51.8787878787879,33,64
8200,45,269.323529411765,52.5882352941176,34,66
8300,45,274.176470588235,55.7647058823529,34,64
8400,45,276.3,56.2,30,62
8500,45,277.575757575758,54.8484848484849,33,64
8600,45,278.363636363636,53.8484848484849,33,64
8700,45,281.2,53,30,62
8800,45,284.228571428571,53.0857142857143,35,64
8900,45,286.393939393939,53.1818181818182,33,64
9000,45,290.5,54.59375,32,66
9100,45,292.030303030303,54.6060606060606,33,64
9200,45,295.057142857143,57.1142857142857,35,64
9300,45,296.5,54.7058823529412,34,62
9400,45,298.636363636364,52.9090909090909,33,64
9500,45,300.290322580645,52.5483870967742,31,64
9600,45,304.066666666667,54.9666666666667,30,64
9700,45,307.65625,55.0625,32,64
9800,45,309.548387096774,53.9354838709677,31,62
9900,45,311.823529411765,53.1764705882353,34,62
10000,45,315.676470588235,51.9705882352941,34,64
0,46,50.5,50.5,2,14
100,46,51.0625,51.46875,32,62
200,46,54.59375,52.28125,32,62
300,46,56.9090909090909,53.1515151515151,33,62
400,46,59.3333333333333,53.2424242424242,33,64
500,46,61.5483870967742,52.6129032258064,31,64
600,46,64.40625,52.75,32,66
700,46,65.2258064516129,51.1612903225806,31,62
800,46,68.7878787878788,52.5757575757576,33,64
900,46,70.65625,53.375,32,64
1000,46,74.3714285714286,53.9142857142857,35,66
1100,46,76.969696969697,54.5151515151515,33,64
1200,46,78.5588235294118,52.8529411764706,34,64
1300,46,80.060606060606,53.7575757575758,33,64
1400,46,81.9411764705882,52.6470588235294,34,64
1500,46,84.8275862068965,52,29,64
1600,46,84.6363636363636,52.4242424242424,33,64
1700,46,91.4516129032258,53.8064516129032,31,62
1800,46,92.96875,55.65625,32,62
1900,46,94.8787878787879,56.2727272727273,33,64
2000,46,95.9032258064516,56.1935483870968,31,62
2100,46,98.4848484848485,56.3939393939394,33,62
2200,46,102.666666666667,56.9393939393939,33,64
2300,46,104.5,56.5625,32,64
2400,46,106.483870967742,56.8064516129032,31,64
2500,46,107.5,56.25,32,62
2600,46,108.8,57.1333333333333,30,62
2700,46,111.53125,57.09375,32,66
2800,46,113.428571428571,56.0571428571429,35,66
2900,46,116.451612903226,53.1935483870968,31,62
3000,46,120.060606060606,53,33,64
3100,46,123.848484848485,54.6060606060606,33,64
3200,46,128.774193548387,53.8387096774194,31,62
3300,46,132.942857142857,54.8857142857143,35,64
3400,46,136,54.3939393939394,33,64
3500,46,140.657142857143,53.0571428571429,35,64
3600,46,142.147058823529,53.9117647058823,34,66
3700,46,145.272727272727,54.969696969697,33,64
3800,46,149.484848484848,58.2121212121212,33,64
3900,46,152.823529411765,58.1764705882353,34,62
4000,46,155.151515151515,57.9090909090909,33,64
4100,46,157,55.3714285714286,35,64
4200,46,162.676470588235,54.0882352941176,34,64
4300,46,164.727272727273,52.6969696969697,33,64
4400,46,167.764705882353,52.8235294117647,34,64
4500,46,171.424242424242,54.5757575757576,33,62
4600,46,173.484848484848,55.1212121212121,33,64
4700,46,176.266666666667,54.5,30,60
4800,46,178.59375,54.65625,32,64
4900,46,183.138888888889,52.6111111111111,36,64
5000,46,185.941176470588,54.4411764705882,34,64
5100,46,189.242424242424,56.6666666666667,33,62
5200,46,194.272727272727,54.4242424242424,33,64
5300,46,195.78125,52.71875,32,64
5400,46,198,51.59375,32,64
5500,46,200.058823529412,47.6176470588235,34,64
5600,46,202.515151515152,44.0909090909091,33,62
5700,46,205.733333333333,42.6666666666667,30,62
5800,46,210.606060606061,43.7575757575758,33,64
5900,46,213.666666666667,42.7666666666667,30,62
6000,46,216.1875,43.78125,32,62
6100,46,218.176470588235,41.5,34,64
6200,46,223.21875,42.09375,32,64
6300,46,227.393939393939,42.5454545454545,33,66
6400,46,231.166666666667,43.0666666666667,30,62
6500,46,235.060606060606,41.4242424242424,33,62
6600,46,237.735294117647,39,34,62
6700,46,240.363636363636,39.6363636363636,33,64
6800,46,239.181818181818,39.969696969697,33,62
6900,46,241.6,39.6857142857143,35,64
7000,46,245.058823529412,41.0588235294118,34,64
7100,46,249.606060606061,39.8181818181818,33,66
7200,46,251.151515151515,37.3636363636364,33,64
7300,46,256.709677419355,38.741935483871,31,62
7400,46,257.823529411765,40.8235294117647,34,64
7500,46,259.806451612903,39.4516129032258,31,62
7600,46,262.03125,37.28125,32,62
7700,46,264.41935483871,36.5483870967742,31,60
7800,46,269.066666666667,35.0666666666667,30,60
7900,46,273.382352941176,34.3823529411765,34,64
8000,46,276.029411764706,34.3823529411765,34,64
8100,46,277.15625,34.875,32,62
8200,46,279.027777777778,33.0833333333333,36,64
8300,46,282.09375,33.125,32,64
8400,46,283.666666666667,32.030303030303,33,64
8500,46,288.193548387097,30.8387096774194,31,64
8600,46,290,31,37,64
8700,46,292.606060606061,31.5151515151515,33,62
8800,46,298.032258064516,31.741935483871,31,64
8900,46,301.30303030303,32.2424242424242,33,62
9000,46,305.625,31.75,32,64
9100,46,307.5,32.75,32,62
9200,46,309.911764705882,33.4117647058824,34,66
9300,46,310.896551724138,32.1379310344828,29,60
9400,46,313.3125,31.96875,32,62
9500,46,314.935483870968,34.2258064516129,31,64
9600,46,316.903225806452,33.7096774193548,31,62
9700,46,318.911764705882,33.6470588235294,34,64
9800,46,320.676470588235,34.6470588235294,34,64
9900,46,324.28125,34.375,32,62
10000,46,324.151515151515,33.8787878787879,33,64
0,47,51,51,3,20
100,47,56.9032258064516,50.5161290322581,31,62
200,47,57.71875,50.96875,32,62
300,47,60.9090909090909,49.8181818181818,33,64
400,47,64.4375,49.5625,32,62
500,47,66.7741935483871,49.4516129032258,31,62
600,47,69.1764705882353,50.2941176470588,34,64
700,47,73.735294117647,52,34,62
800,47,76.78125,52.71875,32,62
900,47,79.3823529411765,52.1764705882353,34,64
1000,47,82.8529411764706,51.4117647058823,34,64
1100,47,85.1515151515151,51.969696969697,33,66
1200,47,87.9117647058823,53.7058823529412,34,66
1300,47,90.84375,51.8125,32,62
1400,47,93.9428571428571,50.0571428571429,35,64
1500,47,97.9705882352941,50.9117647058824,34,64
1600,47,100.0625,51.6875,32,62
1700,47,101.727272727273,53.0909090909091,33,64
1800,47,102.323529411765,54,34,64
1900,47,102.84375,54.6875,32,62
2000,47,104.457142857143,54.1714285714286,35,66
2100,47,106.515151515152,54.1212121212121,33,64
2200,47,109.914285714286,53.8571428571429,35,64
2300,47,112.285714285714,53.1714285714286,35,64
2400,47,114.433333333333,54.8666666666667,30,64
2500,47,117.647058823529,54.8235294117647,34,64
2600,47,121.03125,54.71875,32,62
2700,47,122.5,54.1764705882353,34,64
2800,47,126.323529411765,54.7647058823529,34,66
2900,47,127.323529411765,51.4411764705882,34,64
3000,47,128.848484848485,51.7272727272727,33,64
3100,47,132.272727272727,51.030303030303,33,64
3200,47,134.242424242424,51.0909090909091,33,62
3300,47,138.75,49.5,32,62
3400,47,142,51,33,64
3500,47,144.676470588235,51.3823529411765,34,64
3600,47,147.939393939394,50.4242424242424,33,62
3700,47,151.088235294118,50.0294117647059,34,64
3800,47,153.666666666667,50.3333333333333,33,64
3900,47,156.441176470588,48.2058823529412,34,64
4000,47,159.727272727273,48.1818181818182,33,62
4100,47,162.15625,47.09375,32,64
4200,47,161.294117647059,46.2058823529412,34,64
4300,47,164.451612903226,45.741935483871,31,64
4400,47,167.53125,45.125,32,62
4500,47,171.75,45.96875,32,64
4600,47,173.935483870968,45.9677419354839,31,64
4700,47,177.794117647059,44.3823529411765,34,66
4800,47,179.441176470588,45.5294117647059,34,66
4900,47,179.787878787879,43.9090909090909,33,62
5000,47,183.090909090909,43.9090909090909,33,64
5100,47,185.30303030303,45.0909090909091,33,62
5200,47,189.71875,46.09375,32,62
5300,47,195,47.21875,32,64
5400,47,199.058823529412,44.9117647058824,34,64
5500,47,202.852941176471,45,34,66
5600,47,205.575757575758,46.060606060606,33,62
5700,47,205.969696969697,46.6666666666667,33,64
5800,47,207.882352941176,46.1470588235294,34,64
5900,47,208.542857142857,45.9714285714286,35,66
6000,47,210.25,44.15625,32,62
6100,47,214.911764705882,42.4411764705882,34,66
6200,47,216.666666666667,42.5757575757576,33,64
6300,47,219.25,42.9375,32,62
6400,47,222.911764705882,43.7352941176471,34,64
6500,47,227.363636363636,43.8484848484849,33,64
6600,47,230,42.9411764705882,34,66
6700,47,231.290322580645,42.6451612903226,31,62
6800,47,235.323529411765,43.1470588235294,34,64
6900,47,239.58064516129,43.2903225806452,31,62
7000,47,240.625,41.34375,32,62
7100,47,244.71875,41.15625,32,64
7200,47,247.5,40.5,32,60
7300,47,249.606060606061,38.030303030303,33,64
7400,47,252.909090909091,40.8787878787879,33,64
7500,47,256.375,39.15625,32,60
7600,47,257.151515151515,36.7878787878788,33,64
7700,47,257.636363636364,35.5151515151515,33,64
7800,47,263.848484848485,34.9090909090909,33,62
7900,47,267.612903225806,36.5161290322581,31,64
8000,47,271,36.2647058823529,34,62
8100,47,271.848484848485,35.0909090909091,33,64
8200,47,275.6875,36.40625,32,64
8300,47,282.30303030303,35.6666666666667,33,66
8400,47,285.060606060606,36.5151515151515,33,64
8500,47,288.21875,34.78125,32,62
8600,47,291.65625,33.6875,32,62
8700,47,292.484848484848,33.1515151515151,33,62
8800,47,296.212121212121,32.3939393939394,33,64
8900,47,297.941176470588,33.3823529411765,34,64
9000,47,299.612903225806,30.8064516129032,31,62
9100,47,301.806451612903,31.3225806451613,31,62
9200,47,303.25,32.0625,32,64
9300,47,307,32.1612903225806,31,64
9400,47,309.709677419355,31.8387096774194,31,62
9500,47,313.735294117647,32.1470588235294,34,64
9600,47,314.6,30.4333333333333,30,62
9700,47,316.588235294118,30.3823529411765,34,64
9800,47,317.433333333333,31.4,30,62
9900,47,320.96875,30.53125,32,62
10000,47,322,29.875,32,64
0,48,49.6666666666667,49.6666666666667,3,18
100,48,50,50.6129032258065,31,60
200,48,52.5806451612903,49.5806451612903,31,62
300,48,54.96875,47.09375,32,62
400,48,57.6774193548387,46.6774193548387,31,62
500,48,59.9090909090909,46.3333333333333,33,64
600,48,64.7352941176471,46.2058823529412,34,66
700,48,67.516129032258,47.6451612903226,31,64
800,48,70.3548387096774,49.2258064516129,31,64
900,48,72.9354838709677,50.6129032258064,31,64
1000,48,74.1875,51.46875,32,64
1100,48,76.5,51.4375,32,64
1200,48,77.3235294117647,50.4411764705882,34,64
1300,48,79.6176470588235,50.0294117647059,34,66
1400,48,82.59375,49.71875,32,64
1500,48,85.96875,51.46875,32,64
1600,48,91.9393939393939,51.6666666666667,33,62
1700,48,95.03125,53.375,32,64
1800,48,98.71875,53.78125,32,64
1900,48,101.852941176471,53.9705882352941,34,64
2000,48,102.30303030303,54.6666666666667,33,64
2100,48,104.53125,56.4375,32,64
2200,48,107.636363636364,54.8484848484849,33,64
2300,48,111.030303030303,56.1818181818182,33,62
2400,48,115.548387096774,55.741935483871,31,62
2500,48,117.6875,55.46875,32,64
2600,48,118.5,55.7058823529412,34,62
2700,48,121.1875,56.09375,32,64
2800,48,125.34375,53.5625,32,64
2900,48,131.151515151515,52.2424242424242,33,66
3000,48,133.65625,52.25,32,64
3100,48,136.393939393939,52.1818181818182,33,64
3200,48,138.96875,53.65625,32,62
3300,48,140.161290322581,52.0322580645161,31,64
3400,48,141.875,54.09375,32,64
3500,48,143.382352941176,54.4411764705882,34,66
3600,48,147.53125,52.25,32,62
3700,48,151.84375,53.09375,32,64
3800,48,153.9,51.5666666666667,30,62
3900,48,157.064516129032,52.1290322580645,31,62
4000,48,161,51.6969696969697,33,64
4100,48,162.625,51.46875,32,64
4200,48,165.470588235294,51.2941176470588,34,66
4300,48,166.5,52,34,62
4400,48,167.848484848485,54.0909090909091,33,62
4500,48,170.454545454545,51.3030303030303,33,64
4600,48,173.848484848485,49.6666666666667,33,64
4700,48,179.65625,49.84375,32,62
4800,48,181.875,49.3125,32,64
4900,48,183.764705882353,49.8235294117647,34,66
5000,48,186.735294117647,50.2058823529412,34,64
5100,48,189.735294117647,51.2647058823529,34,66
5200,48,194,48.7352941176471,34,62
5300,48,197.53125,50.375,32,66
5400,48,200.909090909091,50.3030303030303,33,62
5500,48,204.066666666667,48.4333333333333,30,62
5600,48,207.69696969697,48.7575757575758,33,64
5700,48,209.272727272727,50.1515151515152,33,62
5800,48,213.029411764706,50.9705882352941,34,66
5900,48,215.515151515152,49.9090909090909,33,64
6000,48,220.181818181818,50.9393939393939,33,64
6100,48,222.909090909091,51.3030303030303,33,62
6200,48,224.75,52.34375,32,64
6300,48,227.848484848485,50.5151515151515,33,62
6400,48,226.6875,50,32,64
6500,48,228.828571428571,49.3428571428571,35,66
6600,48,234.58064516129,46.3870967741936,31,62
6700,48,236.8125,46.125,32,62
6800,48,239.09375,49.0625,32,62
6900,48,240.8125,49.6875,32,62
7000,48,244.3125,50.5,32,64
7100,48,248.121212121212,49,33,66
7200,48,251.322580645161,48.6774193548387,31,62
7300,48,253.787878787879,48.4545454545454,33,62
7400,48,256.848484848485,46.1515151515152,33,62
7500,48,260.787878787879,45.9090909090909,33,62
7600,48,262.969696969697,46.5757575757576,33,62
7700,48,266.666666666667,48.2424242424243,33,64
7800,48,268.193548387097,49.4516129032258,31,62
7900,48,270.333333333333,49.2121212121212,33,64
8000,48,271.125,48.5625,32,62
8100,48,274.0625,50.09375,32,62
8200,48,276.935483870968,50.3548387096774,31,62
8300,48,280.515151515152,51.1515151515152,33,62
8400,48,282.848484848485,47.969696969697,33,64
8500,48,284.5625,49.09375,32,64
8600,48,287,48.28125,32,62
8700,48,289.0625,45.90625,32,62
8800,48,293.058823529412,47.0588235294118,34,64
8900,48,295.090909090909,46.0909090909091,33,64
9000,48,298.235294117647,46.9705882352941,34,64
9100,48,299.5,46.4117647058824,34,64
9200,48,301.545454545455,44.3333333333333,33,64
9300,48,305.151515151515,44.7272727272727,33,66
9400,48,308.176470588235,42.5588235294118,34,66
9500,48,312.444444444444,41.8333333333333,36,66
9600,48,313.40625,41.09375,32,64
9700,48,315.030303030303,40.8787878787879,33,66
9800,48,319.121212121212,40.9393939393939,33,64
9900,48,320.69696969697,41.3636363636364,33,64
10000,48,325.064516129032,42.6774193548387,31,64
0,49,49.6666666666667,50.6666666666667,3,18
100,49,52.7575757575758,50.3333333333333,33,62
200,49,52.8387096774194,51.1290322580645,31,64
300,49,55.125,52.78125,32,62
400,49,56.4242424242424,54.0606060606061,33,62
500,49,58.25,53.25,32,62
600,49,60.1764705882353,53.764705882353,34,66
700,49,62.4242424242424,54.2424242424242,33,62
800,49,64.969696969697,54.8181818181818,33,62
900,49,70.0322580645161,53.8709677419355,31,64
1000,49,71.2068965517241,54.1034482758621,29,62
1100,49,74.125,51.53125,32,62
1200,49,77.4242424242424,50.8484848484849,33,64
1300,49,78.90625,50.5,32,62
1400,49,80.2285714285714,51.5714285714286,35,64
1500,49,82.6363636363636,52.7575757575758,33,64
1600,49,84.6451612903226,51.6774193548387,31,62
1700,49,87.1666666666667,53.1,30,62
1800,49,90.9705882352941,53.5882352941177,34,68
1900,49,92.15625,53.5625,32,64
2000,49,93.2727272727273,52.0909090909091,33,64
2100,49,95.4545454545454,53.7272727272727,33,64
2200,49,98.4838709677419,51.3548387096774,31,64
2300,49,101.657142857143,52.0571428571428,35,64
2400,49,102.794117647059,52.735294117647,34,64
2500,49,104.090909090909,53.5757575757576,33,64
2600,49,106.588235294118,52.8529411764706,34,64
2700,49,109.030303030303,53.4242424242424,33,62
2800,49,110.969696969697,54.8787878787879,33,64
2900,49,114.611111111111,58.1388888888889,36,64
3000,49,117.823529411765,60.2352941176471,34,64
3100,49,117.757575757576,62.8181818181818,33,64
3200,49,120.212121212121,62.5151515151515,33,66
3300,49,121,62.6060606060606,33,64
3400,49,123.575757575758,61.2424242424242,33,62
3500,49,124.424242424242,61.969696969697,33,62
3600,49,124.71875,62.5625,32,62
3700,49,125.645161290323,62.5161290322581,31,60
3800,49,125.34375,61.375,32,64
3900,49,128.935483870968,61.6129032258065,31,62
4000,49,133.40625,61.53125,32,64
4100,49,138,61.5454545454545,33,66
4200,49,139.225806451613,60.5161290322581,31,62
4300,49,140.272727272727,57.8484848484849,33,62
4400,49,142.451612903226,55.1612903225807,31,62
4500,49,144.548387096774,51.5806451612903,31,62
4600,49,146,49.7352941176471,34,62
4700,49,148.875,47.90625,32,64
4800,49,154.088235294118,51.2058823529412,34,64
4900,49,156.833333333333,51.9,30,62
5000,49,161.5,50.28125,32,64
5100,49,162.161290322581,51.3548387096774,31,66
5200,49,165.5,51.78125,32,64
5300,49,166.5625,51.71875,32,62
5400,49,169.545454545455,55.5757575757576,33,66
5500,49,171.40625,56.625,32,62
5600,49,175.6875,57.40625,32,62
5700,49,177.909090909091,55.7878787878788,33,64
5800,49,179.71875,55.625,32,64
5900,49,184.485714285714,53.3428571428572,35,66
6000,49,186.181818181818,55.3333333333333,33,64
6100,49,191.65625,54.4375,32,62
6200,49,192.69696969697,55.7575757575758,33,62
6300,49,194.333333333333,55.2121212121212,33,64
6400,49,195.741935483871,54.8387096774194,31,62
6500,49,197.727272727273,55.1515151515152,33,62
6600,49,198.823529411765,56.2352941176471,34,64
6700,49,200.28125,56.96875,32,62
6800,49,202.939393939394,57.6666666666667,33,62
6900,49,205.911764705882,58.9411764705882,34,64
7000,49,208.424242424242,61.0606060606061,33,64
7100,49,211.9375,61.59375,32,64
7200,49,216.823529411765,61.8235294117647,34,62
7300,49,221.516129032258,60.8709677419355,31,64
7400,49,223.741935483871,61.5161290322581,31,64
7500,49,226.193548387097,61.1935483870968,31,64
7600,49,229.645161290323,59.5161290322581,31,62
7700,49,231.40625,59.90625,32,62
7800,49,234.84375,60.34375,32,62
7900,49,239.272727272727,59.3636363636364,33,62
8000,49,240.257142857143,59.2285714285714,35,66
8100,49,241.757575757576,60.3939393939394,33,64
8200,49,242.029411764706,59.0882352941177,34,66
8300,49,246.264705882353,59,34,64
8400,49,249.612903225806,57.3225806451613,31,64
8500,49,254.30303030303,54.7575757575758,33,66
8600,49,258.545454545455,51.6363636363636,33,64
8700,49,262.03125,52.09375,32,62
8800,49,263.625,53.03125,32,64
8900,49,263.5,52.375,32,62
9000,49,266.625,51.21875,32,64
9100,49,268.46875,51.71875,32,64
9200,49,271.969696969697,50.8181818181818,33,62
9300,49,273.235294117647,52.4411764705882,34,64
9400,49,275.41935483871,52.6451612903226,31,64
9500,49,279.454545454545,52,33,64
9600,49,280.935483870968,52.258064516129,31,62
9700,49,283.65625,51.84375,32,64
9800,49,284.59375,51.9375,32,64
9900,49,289.032258064516,51.258064516129,31,62
10000,49,291.129032258065,50.5483870967742,31,62
0,50,49.3333333333333,49.6666666666667,3,18
100,50,53.8787878787879,49.7272727272727,33,64
200,50,58.741935483871,48.6451612903226,31,62
300,50,60.15625,48.28125,32,62
400,50,63.6774193548387,48.8709677419355,31,64
500,50,68,48.3125,32,64
600,50,70.0882352941176,48.3529411764706,34,64
700,50,73.78125,48.1875,32,62
800,50,76.53125,47.03125,32,62
900,50,77.5151515151515,49.1515151515152,33,62
1000,50,80.3125,49,32,64
1100,50,82.3529411764706,50.5294117647059,34,66
1200,50,85.4848484848485,50.6060606060606,33,62
1300,50,87.875,50.40625,32,64
1400,50,91.1944444444444,51.8333333333333,36,66
1500,50,95.375,52.71875,32,64
1600,50,97.969696969697,52.4242424242424,33,64
1700,50,99.8125,51.5,32,64
1800,50,101.40625,50.3125,32,64
1900,50,103.5,50.1875,32,62
2000,50,103.424242424242,50.8484848484849,33,66
2100,50,106.34375,52.4375,32,62
2200,50,110.935483870968,50.9677419354839,31,62
2300,50,115.866666666667,52.6666666666667,30,64
2400,50,118.228571428571,52.2571428571429,35,64
2500,50,121.290322580645,52.9032258064516,31,64
2600,50,124.133333333333,51.4666666666667,30,62
2700,50,129.3125,51.53125,32,64
2800,50,131.393939393939,51.5151515151515,33,62
2900,50,136.40625,50.4375,32,62
3000,50,139.862068965517,47.8965517241379,29,60
3100,50,140.441176470588,49.8529411764706,34,64
3200,50,143.096774193548,50.8064516129032,31,62
3300,50,147.454545454545,51.0909090909091,33,64
3400,50,149.484848484848,50.3939393939394,33,64
3500,50,155.108108108108,51.1351351351351,37,66
3600,50,158.333333333333,52.9,30,60
3700,50,160.411764705882,51.5,34,64
3800,50,161.909090909091,50.2424242424242,33,64
3900,50,165.636363636364,48,33,64
4000,50,168.828571428571,49.0285714285714,35,66
4100,50,172.828571428571,48.3142857142857,35,64
4200,50,175.96875,47.53125,32,64
4300,50,179.333333333333,49.2424242424242,33,64
4400,50,183.647058823529,47.235294117647,34,66
4500,50,185.96875,45.75,32,62
4600,50,187.212121212121,47.4848484848485,33,64
4700,50,191.903225806452,46.6451612903226,31,62
4800,50,195.735294117647,49.235294117647,34,64
4900,50,197.606060606061,48.4242424242424,33,64
5000,50,200.5,47.5,32,60
5100,50,203.53125,49.5625,32,62
5200,50,207.264705882353,49.5882352941177,34,66
5300,50,209.393939393939,49.1515151515152,33,64
5400,50,212.322580645161,48.741935483871,31,62
5500,50,217.176470588235,49.8235294117647,34,62
5600,50,220.757575757576,52.4545454545454,33,64
5700,50,223.1875,53.25,32,62
5800,50,227.741935483871,52.3225806451613,31,62
5900,50,229.322580645161,54,31,62
6000,50,233.342857142857,52.9428571428571,35,64
6100,50,238.441176470588,52.2647058823529,34,66
6200,50,240.294117647059,54.8529411764706,34,64
6300,50,242.969696969697,53.030303030303,33,64
6400,50,244.909090909091,54.8484848484848,33,64
6500,50,248.4375,55.84375,32,62
6600,50,252.78125,55.21875,32,62
6700,50,254,55.5454545454545,33,64
6800,50,256.060606060606,56.5757575757576,33,62
6900,50,256.733333333333,55,30,64
7000,50,259.972222222222,55.6944444444444,36,64
7100,50,262.911764705882,55,34,64
7200,50,264.935483870968,55.1935483870968,31,62
7300,50,267.242424242424,56.4242424242424,33,66
7400,50,270.454545454545,57.7878787878788,33,62
7500,50,272.548387096774,60.2903225806452,31,60
7600,50,276.727272727273,61.4242424242424,33,64
7700,50,277.882352941176,59.9411764705882,34,64
7800,50,282.03125,60,32,64
7900,50,283.939393939394,59.5454545454546,33,66
8000,50,286.885714285714,59.4857142857143,35,64
8100,50,291.575757575758,57.9393939393939,33,62
8200,50,295.515151515152,57.2424242424242,33,64
8300,50,297.677419354839,57.5806451612903,31,62
8400,50,299.617647058824,57.4705882352941,34,66
8500,50,301.645161290323,57.8064516129032,31,62
8600,50,303.757575757576,57.2727272727273,33,64
8700,50,307.1875,57.84375,32,64
8800,50,311.375,58.6875,32,64
8900,50,312.5,56.96875,32,66
9000,50,313.625,54.59375,32,64
9100,50,318.34375,55.15625,32,64
9200,50,320.65625,54.71875,32,64
9300,50,324.612903225806,55.3225806451613,31,62
9400,50,325.0625,55.625,32,62
9500,50,326.030303030303,54.969696969697,33,64
9600,50,327.939393939394,55.9393939393939,33,64
9700,50,332.030303030303,55.9393939393939,33,64
9800,50,334.484848484848,55.1212121212121,33,64
9900,50,338.742857142857,57.1142857142857,35,64
10000,50,342.848484848485,56.4242424242424,33,64
0,51,50.3333333333333,49,3,20
100,51,53.1176470588235,49.6764705882353,34,66
200,51,51.3939393939394,49.6060606060606,33,64
300,51,55.1875,50.46875,32,64
400,51,56.4,52.5333333333333,30,64
500,51,58.65625,52.15625,32,64
600,51,61.4117647058823,51.1764705882353,34,64
700,51,64.8529411764706,52.0588235294118,34,66
800,51,66.962962962963,53,27,62
900,51,68.34375,54.25,32,64
1000,51,72,54.3235294117647,34,64
1100,51,75.40625,56.15625,32,64
1200,51,76.5757575757576,55.3333333333333,33,62
1300,51,80.03125,55.625,32,62
1400,51,82,55.448275862069,29,62
1500,51,83.6470588235294,54.6470588235294,34,64
1600,51,87.0285714285714,54.1714285714286,35,64
1700,51,88.7878787878788,55.0606060606061,33,64
1800,51,90.8709677419355,53.5161290322581,31,62
1900,51,93.8857142857143,53.6857142857143,35,64
2000,51,94.741935483871,53.741935483871,31,64
2100,51,96.6451612903226,54.4516129032258,31,64
2200,51,97.8125,55,32,62
2300,51,100.6875,55.125,32,64
2400,51,102.65625,55.09375,32,62
2500,51,105.727272727273,55.4545454545455,33,66
2600,51,109,57.030303030303,33,64
2700,51,113.272727272727,56.6363636363636,33,62
2800,51,117.1,58.3,30,62
2900,51,121.03125,58.0625,32,66
3000,51,122.709677419355,56.9354838709678,31,62
3100,51,127.193548387097,56.6451612903226,31,62
3200,51,129.454545454545,54.4848484848485,33,64
3300,51,131.15625,55,32,62
3400,51,134.242424242424,55.4242424242424,33,62
3500,51,137.806451612903,56.1935483870968,31,62
3600,51,140.903225806452,58.5161290322581,31,62
3700,51,143.441176470588,55.0588235294118,34,64
3800,51,145.6,56.7142857142857,35,64
3900,51,147.882352941176,55.6470588235294,34,64
4000,51,151.545454545455,53.7272727272727,33,64
4100,51,154.676470588235,53.2941176470588,34,64
4200,51,158.057142857143,54.8857142857143,35,64
4300,51,160.285714285714,55.1142857142857,35,66
4400,51,162.705882352941,53.9705882352941,34,64
4500,51,164.34375,55.96875,32,62
4600,51,167.03125,56.90625,32,62
4700,51,170.516129032258,55.1290322580645,31,62
4800,51,173.676470588235,55.7647058823529,34,64
4900,51,175.848484848485,55.2424242424242,33,64
5000,51,178.0625,53.4375,32,64
5100,51,182.285714285714,53.2857142857143,35,66
5200,51,186.942857142857,53.7142857142857,35,64
5300,51,190.266666666667,52.2,30,64
5400,51,193.705882352941,51.4705882352941,34,66
5500,51,195.852941176471,54.6470588235294,34,64
5600,51,197.090909090909,54.2424242424242,33,64
5700,51,198.294117647059,54.2058823529412,34,64
5800,51,201.666666666667,54.7575757575758,33,64
5900,51,203.233333333333,54.0666666666667,30,62
6000,51,206.970588235294,55.5588235294118,34,64
6100,51,207.290322580645,56,31,62
6200,51,210.69696969697,55.2727272727273,33,64
6300,51,215.121212121212,55.9090909090909,33,64
6400,51,218.1875,57.5,32,62
6500,51,222.65625,56.71875,32,62
6600,51,223.444444444444,57.1944444444444,36,66
6700,51,225.129032258065,56.0322580645161,31,62
6800,51,227.09375,54.96875,32,66
6900,51,228.129032258065,54.5806451612903,31,62
7000,51,232,54.5161290322581,31,62
7100,51,234.5625,56.28125,32,62
7200,51,237,56.8823529411765,34,64
7300,51,241.756756756757,58.5675675675676,37,66
7400,51,245.34375,56.625,32,62
7500,51,246.666666666667,58.6,30,62
7600,51,250.3125,59.03125,32,66
7700,51,251.625,58.34375,32,62
7800,51,255.625,57.40625,32,62
7900,51,259.212121212121,55.7575757575758,33,64
8000,51,263.78125,55.3125,32,64
8100,51,266.393939393939,55.6666666666667,33,64
8200,51,268.4375,57,32,62
8300,51,272,57.5454545454546,33,64
8400,51,274.032258064516,57.1935483870968,31,62
8500,51,278.625,59.25,32,64
8600,51,280.59375,59.4375,32,62
8700,51,283.606060606061,59.030303030303,33,64
8800,51,283.818181818182,59.7878787878788,33,66
8900,51,286.617647058824,59.3823529411765,34,64
9000,51,289.4,59.4857142857143,35,64
9100,51,292.806451612903,59.5483870967742,31,64
9200,51,295.735294117647,59.8823529411765,34,66
9300,51,298.40625,59.46875,32,64
9400,51,301.2,59.1333333333333,30,62
9500,51,305.121212121212,58.969696969697,33,64
9600,51,308.666666666667,60.2333333333333,30,62
9700,51,311,60.2727272727273,33,64
9800,51,314.676470588235,62.0588235294118,34,64
9900,51,316.558823529412,62.764705882353,34,64
10000,51,319.515151515152,63.6666666666667,33,64
0,52,50,49.6666666666667,3,20
100,52,53.3529411764706,50.0588235294118,34,64
200,52,56.6666666666667,49.7878787878788,33,64
300,52,59.2121212121212,49.9393939393939,33,64
400,52,61.4375,51.125,32,64
500,52,64.3333333333333,48.6666666666667,33,64
600,52,68.7272727272727,49.0606060606061,33,64
700,52,71.6470588235294,47.1764705882353,34,64
800,52,75.5,46.5294117647059,34,66
900,52,76.7647058823529,44.2647058823529,34,64
1000,52,78.7714285714286,44.4285714285714,35,64
1100,52,81.3939393939394,42.8181818181818,33,64
1200,52,84.9666666666667,40.6333333333333,30,64
1300,52,85.7575757575758,43.1818181818182,33,64
1400,52,87.5151515151515,43.4545454545455,33,64
1500,52,90.6857142857143,43.1142857142857,35,64
1600,52,93.6764705882353,41.8529411764706,34,64
1700,52,97.5,43.9375,32,64
1800,52,101.515151515152,44.0909090909091,33,62
1900,52,106.027777777778,43.6944444444444,36,64
2000,52,107.09375,45.5625,32,62
2100,52,108.387096774194,47.1290322580645,31,62
2200,52,111.090909090909,47.1515151515152,33,64
2300,52,114.53125,46.53125,32,62
2400,52,118.133333333333,46.5333333333333,30,62
2500,52,121.393939393939,48.0909090909091,33,64
2600,52,125.117647058824,47.5882352941176,34,64
2700,52,130.548387096774,47.4516129032258,31,62
2800,52,133.294117647059,46.2941176470588,34,66
2900,52,138.3125,44.71875,32,64
3000,52,140.911764705882,43.3529411764706,34,64
3100,52,143.28125,42.6875,32,64
3200,52,145.34375,42.84375,32,64
3300,52,148.823529411765,41.8235294117647,34,64
3400,52,151.451612903226,42.0967741935484,31,62
3500,52,156.151515151515,42.4848484848485,33,62
3600,52,159.647058823529,42.3235294117647,34,64
3700,52,164.387096774194,40.6451612903226,31,62
3800,52,169,40.2647058823529,34,64
3900,52,170.971428571429,37.2571428571428,35,66
4000,52,174.363636363636,38.0909090909091,33,64
4100,52,175.617647058824,38.1470588235294,34,64
4200,52,179.090909090909,39.030303030303,33,64
4300,52,183.290322580645,40.5483870967742,31,60
4400,52,185.5,40,34,62
4500,52,188.636363636364,39.7272727272727,33,62
4600,52,191.34375,39.15625,32,64
4700,52,195.088235294118,37.4117647058823,34,66
4800,52,197.515151515152,37.5757575757576,33,64
4900,52,200.30303030303,37.4545454545455,33,64
5000,52,202.333333333333,37.7272727272727,33,64
5100,52,205.516129032258,38,31,64
5200,52,205.875,37.125,32,62
5300,52,210.352941176471,33.3529411764706,34,64
5400,52,213.828571428571,34.2,35,66
5500,52,216.117647058824,34.3823529411765,34,64
5600,52,218.151515151515,33.6969696969697,33,64
5700,52,219.909090909091,32.5454545454546,33,62
5800,52,224.114285714286,34.2571428571429,35,64
5900,52,225.424242424242,32.969696969697,33,64
6000,52,227.735294117647,34.8235294117647,34,64
6100,52,229.823529411765,33.1176470588235,34,64
6200,52,231.529411764706,32.6764705882353,34,66
6300,52,234.15625,31.90625,32,64
6400,52,236.771428571429,34.1428571428571,35,66
6500,52,240.516129032258,33.741935483871,31,62
6600,52,243.096774193548,33.4838709677419,31,64
6700,52,245.558823529412,35.5294117647059,34,66
6800,52,250.666666666667,35.4242424242424,33,62
6900,52,252.806451612903,35.8387096774194,31,62
7000,52,255.1875,36.8125,32,62
7100,52,256.878787878788,37.2424242424242,33,64
7200,52,258.875,36.5625,32,64
7300,52,261.272727272727,38.7878787878788,33,64
7400,52,264.424242424242,39.0606060606061,33,62
7500,52,268.121212121212,39.3333333333333,33,64
7600,52,270.090909090909,36.2121212121212,33,62
7700,52,275.090909090909,36.7575757575758,33,62
7800,52,278.322580645161,36.5161290322581,31,64
7900,52,281.9375,38.21875,32,64
8000,52,283.3,38.9666666666667,30,60
8100,52,287.371428571429,39.2285714285714,35,64
8200,52,289.34375,39.09375,32,64
8300,52,292.617647058824,36.8529411764706,34,66
8400,52,296.060606060606,34.9090909090909,33,64
8500,52,296.911764705882,36.2647058823529,34,64
8600,52,300.090909090909,33.7272727272727,33,64
8700,52,302.090909090909,29.5151515151515,33,62
8800,52,305.909090909091,27.4545454545455,33,62
8900,52,309.575757575758,27.7878787878788,33,64
9000,52,310.903225806452,26.8387096774194,31,62
9100,52,312.735294117647,28,34,62
9200,52,315.264705882353,27.0882352941176,34,64
9300,52,317.333333333333,26.7666666666667,30,62
9400,52,319.75,24.5,32,62
9500,52,322.625,24.375,32,62
9600,52,325.176470588235,23.1764705882353,34,62
9700,52,327.727272727273,24.3030303030303,33,64
9800,52,329.4,24.2285714285714,35,66
9900,52,332.548387096774,26.2903225806452,31,62
10000,52,335.28125,25,32,64
0,53,50.6666666666667,49.6666666666667,3,18
100,53,53.264705882353,54.235294117647,34,64
200,53,55.6060606060606,54.6363636363636,33,64
300,53,59.625,53.21875,32,62
400,53,63.875,52.53125,32,64
500,53,68.2258064516129,51.4193548387097,31,64
600,53,73.0909090909091,51.5151515151515,33,62
700,53,75.84375,52,32,66
800,53,79.0322580645161,52.4838709677419,31,64
900,53,81.78125,51.90625,32,64
1000,53,81.625,51.4375,32,64
1100,53,84.21875,53.65625,32,62
1200,53,87.5428571428572,52.0857142857143,35,64
1300,53,89.9411764705883,54.1176470588235,34,66
1400,53,92.5428571428571,54.4,35,66
1500,53,96.0909090909091,52.7575757575758,33,64
1600,53,99.3529411764706,53.8823529411765,34,64
1700,53,101.483870967742,54.741935483871,31,62
1800,53,102.393939393939,55.0909090909091,33,64
1900,53,105.064516129032,56.1935483870968,31,62
2000,53,107.612903225806,54.258064516129,31,64
2100,53,110,53.5,34,62
2200,53,113.823529411765,52.8235294117647,34,62
2300,53,115.5,50.2941176470588,34,62
2400,53,118.064516129032,50.5806451612903,31,60
2500,53,122.84375,50.8125,32,62
2600,53,126.484848484848,52.8484848484849,33,62
2700,53,127.941176470588,56.3823529411765,34,64
2800,53,130.911764705882,57.6470588235294,34,64
2900,53,132.818181818182,59.7575757575758,33,64
3000,53,135.1,61.9666666666667,30,62
3100,53,137.366666666667,61.4,30,62
3200,53,142.741935483871,62.4193548387097,31,62
3300,53,146.129032258065,64.1290322580645,31,62
3400,53,148.181818181818,62.2121212121212,33,64
3500,53,151.212121212121,62.4242424242424,33,66
3600,53,156.515151515152,63.2727272727273,33,64
3700,53,161.030303030303,62.5151515151515,33,64
3800,53,165.625,62.375,32,62
3900,53,166.828571428571,60.7714285714286,35,66
4000,53,170.371428571429,60.7428571428571,35,66
4100,53,171.65625,59.25,32,64
4200,53,175.515151515152,57.7878787878788,33,64
4300,53,176.424242424242,57.2424242424242,33,62
4400,53,176.727272727273,56.4242424242424,33,64
4500,53,177.470588235294,58.2647058823529,34,64
4600,53,179.352941176471,59.1470588235294,34,64
4700,53,182.558823529412,59.1764705882353,34,66
4800,53,186.032258064516,58.6774193548387,31,62
4900,53,189.882352941176,57.5,34,64
5000,53,191.5,59.2333333333333,30,64
5100,53,196.193548387097,58.3548387096774,31,66
5200,53,198.612903225806,56.9354838709677,31,64
5300,53,201.03125,56.8125,32,66
5400,53,203.571428571429,57.9428571428571,35,64
5500,53,206.090909090909,59.3333333333333,33,64
5600,53,207.575757575758,59.9393939393939,33,62
5700,53,209.90625,62.65625,32,64
5800,53,211.366666666667,64.1333333333333,30,62
5900,53,213.709677419355,64.4838709677419,31,64
6000,53,217.571428571429,65.9142857142857,35,64
6100,53,219.96875,66.59375,32,64
6200,53,222.794117647059,66.7647058823529,34,64
6300,53,224.787878787879,66.5454545454545,33,62
6400,53,226.194444444444,70.3888888888889,36,66
6500,53,228,70,37,64
6600,53,231.757575757576,67.5757575757576,33,62
6700,53,235.647058823529,68.3235294117647,34,66
6800,53,237.545454545455,66.5151515151515,33,64
6900,53,240.588235294118,66.8235294117647,34,64
7000,53,242,66,31,60
7100,53,243.53125,66.46875,32,62
7200,53,246.085714285714,67.2,35,64
7300,53,250,64.5483870967742,31,62
7400,53,253.588235294118,65.9705882352941,34,66
7500,53,258.03125,62.09375,32,62
7600,53,260.264705882353,61.5294117647059,34,64
7700,53,264.78125,61.28125,32,62
7800,53,267.575757575758,61.3333333333333,33,62
7900,53,269.121212121212,58.6666666666667,33,64
8000,53,272.352941176471,56.5294117647059,34,64
8100,53,276.558823529412,56.735294117647,34,64
8200,53,279,58.1666666666667,30,62
8300,53,283.441176470588,57.5588235294118,34,64
8400,53,284.909090909091,59.3030303030303,33,62
8500,53,287.225806451613,59.7741935483871,31,62
8600,53,290.848484848485,60.0606060606061,33,64
8700,53,294.290322580645,60.3548387096774,31,62
8800,53,299.088235294118,58.4117647058824,34,64
8900,53,299.484848484848,56.030303030303,33,66
9000,53,300.96875,54.71875,32,62
9100,53,304.757575757576,57.0909090909091,33,62
9200,53,306.606060606061,56.4848484848485,33,62
9300,53,307,55.4516129032258,31,64
9400,53,310.441176470588,55.8235294117647,34,64
9500,53,312.484848484848,54.3939393939394,33,64
9600,53,316.823529411765,52.8235294117647,34,62
9700,53,317.806451612903,52.3870967741936,31,64
9800,53,320.84375,51.625,32,60
9900,53,322.939393939394,50.3333333333333,33,62
10000,53,325.764705882353,49.0882352941176,34,64
0,54,49.3333333333333,50.3333333333333,3,18
100,54,50.8823529411765,49.6176470588235,34,64
200,54,54.0909090909091,49.6060606060606,33,64
300,54,55.7741935483871,51.2258064516129,31,62
400,54,58,52.5,34,62
500,54,64,53.4375,32,62
600,54,68.741935483871,52.8709677419355,31,64
700,54,73.8387096774193,54.1290322580645,31,64
800,54,77.4,53.7,30,64
900,54,80.2258064516129,54.1935483870968,31,64
1000,54,82.0857142857143,54.9142857142857,35,66
1100,54,84.4,54.9714285714286,35,64
1200,54,89.0882352941176,55.1764705882353,34,64
1300,54,92.0606060606061,55,33,66
1400,54,95,52.2058823529412,34,64
1500,54,99.6875,49.21875,32,64
1600,54,102.21875,50.46875,32,66
1700,54,104.3125,50.65625,32,64
1800,54,108.411764705882,52.4705882352941,34,66
1900,54,110.451612903226,51.5161290322581,31,64
2000,54,113.58064516129,52.5483870967742,31,60
2100,54,116.03125,54.6875,32,62
2200,54,117.941176470588,54.4411764705882,34,64
2300,54,120.636363636364,50.9090909090909,33,64
2400,54,124.088235294118,50.5882352941177,34,64
2500,54,125.542857142857,49.7428571428571,35,64
2600,54,128.838709677419,49.5483870967742,31,62
2700,54,131.294117647059,48.5588235294118,34,64
2800,54,135.060606060606,48.6060606060606,33,64
2900,54,138.21875,49.875,32,64
3000,54,140.548387096774,50.4193548387097,31,62
3100,54,143.545454545455,49.4242424242424,33,64
3200,54,145.40625,47.96875,32,62
3300,54,148.454545454545,46.8181818181818,33,64
3400,54,149.636363636364,46.4242424242424,33,64
3500,54,153.142857142857,45.6,35,66
3600,54,157.166666666667,44.0666666666667,30,60
3700,54,162.25,42.375,32,62
3800,54,163.774193548387,41.1935483870968,31,62
3900,54,166.212121212121,41.0606060606061,33,64
4000,54,166.714285714286,42,35,66
4100,54,169,42.6129032258064,31,62
4200,54,170.3125,40.28125,32,62
4300,54,173.09375,40.40625,32,64
4400,54,173.354838709677,41.5806451612903,31,64
4500,54,177.212121212121,39.969696969697,33,64
4600,54,179.161290322581,42.5806451612903,31,62
4700,54,184,42.1875,32,62
4800,54,183.606060606061,44.030303030303,33,66
4900,54,187.333333333333,45.1818181818182,33,64
5000,54,190.8,45.5428571428572,35,66
5100,54,193.909090909091,45.1515151515152,33,64
5200,54,197.117647058824,43.7941176470588,34,66
5300,54,197.96875,43.6875,32,64
5400,54,202.911764705882,43.6764705882353,34,64
5500,54,205,43.8611111111111,36,66
5600,54,206.393939393939,44.5151515151515,33,62
5700,54,206.558823529412,43.9411764705882,34,64
5800,54,208.909090909091,43.7878787878788,33,62
5900,54,209.636363636364,45,33,64
6000,54,213.272727272727,43.7878787878788,33,64
6100,54,216.6875,42.125,32,64
6200,54,218.515151515152,41.2727272727273,33,64
6300,54,220.606060606061,39.1818181818182,33,64
6400,54,224.030303030303,38.8181818181818,33,62
6500,54,226.939393939394,36.3939393939394,33,66
6600,54,229.625,36.96875,32,62
6700,54,231.852941176471,37.9117647058824,34,66
6800,54,235.484848484848,39.6969696969697,33,64
6900,54,238.625,37.78125,32,62
7000,54,241.242424242424,39.2727272727273,33,64
7100,54,245.21875,40.8125,32,62
7200,54,245.84375,40.34375,32,64
7300,54,246.59375,40.25,32,64
7400,54,246.882352941176,39.9411764705882,34,64
7500,54,251.5,38.4117647058824,34,64
7600,54,254.114285714286,39.3142857142857,35,64
7700,54,256.34375,38.3125,32,62
7800,54,259.40625,37.96875,32,64
7900,54,263.15625,37.625,32,60
8000,54,267.617647058824,37.3235294117647,34,64
8100,54,269.666666666667,36.6060606060606,33,64
8200,54,273.242424242424,34.5757575757576,33,64
8300,54,274.387096774194,33.741935483871,31,62
8400,54,277.757575757576,34.0909090909091,33,62
8500,54,281.787878787879,33.6969696969697,33,66
8600,54,283.676470588235,34.3235294117647,34,64
8700,54,286.125,34.4375,32,62
8800,54,290.151515151515,34.2727272727273,33,62
8900,54,289.75,33.84375,32,62
9000,54,292.885714285714,34.7428571428571,35,64
9100,54,294.387096774194,33.7096774193548,31,64
9200,54,299,32.8484848484848,33,64
9300,54,300.75,33.90625,32,62
9400,54,302.129032258065,34,31,64
9500,54,303.121212121212,34.3333333333333,33,64
9600,54,306.090909090909,31.3030303030303,33,62
9700,54,307.628571428571,31.4285714285714,35,64
9800,54,311.787878787879,31.8484848484849,33,64
9900,54,313.5,30.875,32,64
10000,54,315.818181818182,33.2121212121212,33,64
0,55,49.5,50.5,2,14
100,55,52.969696969697,50.969696969697,33,64
200,55,57.8235294117647,49.7647058823529,34,64
300,55,60.969696969697,48.7575757575758,33,64
400,55,63.2647058823529,48.264705882353,34,64
500,55,66.8787878787879,48.2727272727273,33,64
600,55,71.1515151515151,48.6363636363636,33,64
700,55,73.235294117647,49.4411764705882,34,66
800,55,75.9411764705882,51.1176470588235,34,64
900,55,77.9428571428571,52.6571428571429,35,64
1000,55,82.4516129032258,55.1612903225807,31,62
1100,55,85.8235294117647,53.8235294117647,34,62
1200,55,87.2424242424242,53.030303030303,33,64
1300,55,89.1515151515151,54.7575757575758,33,64
1400,55,90.8823529411765,56.8823529411765,34,64
1500,55,93.75,55.84375,32,66
1600,55,97.5757575757576,56.1818181818182,33,64
1700,55,100.457142857143,54.4285714285714,35,64
1800,55,101.25,54.09375,32,62
1900,55,105.575757575758,53.1515151515151,33,64
2000,55,108.40625,53,32,62
2100,55,113.151515151515,54.0909090909091,33,64
2200,55,114.96875,54.0625,32,64
2300,55,117.363636363636,53.3939393939394,33,64
2400,55,118.451612903226,52.6451612903226,31,62
2500,55,121.41935483871,54.0322580645161,31,62
2600,55,122.939393939394,54.6666666666667,33,64
2700,55,123.9375,54.75,32,62
2800,55,126.322580645161,54,31,62
2900,55,128.147058823529,53.0588235294118,34,64
3000,55,130.030303030303,52.2727272727273,33,66
3100,55,132.060606060606,51.969696969697,33,64
3200,55,136.741935483871,54.3225806451613,31,62
3300,55,139.911764705882,52.1764705882353,34,64
3400,55,142.516129032258,52.6774193548387,31,62
3500,55,145.870967741935,54.1290322580645,31,64
3600,55,148.909090909091,54.6060606060606,33,64
3700,55,152.090909090909,53.3636363636364,33,64
3800,55,153.03125,52.40625,32,62
3900,55,153.647058823529,52.2058823529412,34,64
4000,55,155.970588235294,49.9117647058823,34,64
4100,55,158.9,49.2333333333333,30,62
4200,55,159.882352941176,46.6470588235294,34,64
4300,55,163.03125,45.09375,32,64
4400,55,165.941176470588,43.0882352941177,34,64
4500,55,166.666666666667,43.3636363636364,33,66
4600,55,169.787878787879,43.0909090909091,33,62
4700,55,172.65625,45.03125,32,64
4800,55,174.387096774194,45.1935483870968,31,62
4900,55,176.212121212121,43.8181818181818,33,64
5000,55,180.176470588235,45.2058823529412,34,66
5100,55,183.233333333333,46.5333333333333,30,64
5200,55,187.323529411765,45.9705882352941,34,64
5300,55,188.633333333333,45.8666666666667,30,62
5400,55,189.575757575758,45.6666666666667,33,62
5500,55,193.882352941176,48.4705882352941,34,66
5600,55,197.151515151515,48.6666666666667,33,64
5700,55,199,49.28125,32,62
5800,55,201.823529411765,50.0588235294118,34,64
5900,55,203.818181818182,47.4242424242424,33,64
6000,55,206,48.8235294117647,34,64
6100,55,207.757575757576,48.6060606060606,33,64
6200,55,210.235294117647,48.1470588235294,34,66
6300,55,213.971428571429,46.7428571428571,35,66
6400,55,218.969696969697,45.6060606060606,33,64
6500,55,218.470588235294,46.7647058823529,34,64
6600,55,222.09375,46.25,32,64
6700,55,225.121212121212,44.030303030303,33,64
6800,55,228.6875,44.5,32,64
6900,55,231.272727272727,44.6363636363636,33,62
7000,55,233.5625,44.375,32,64
7100,55,236.941176470588,41.9411764705882,34,64
7200,55,238.771428571429,41.4857142857143,35,66
7300,55,240.382352941176,40.6176470588235,34,64
7400,55,242.735294117647,39.6470588235294,34,64
7500,55,247.277777777778,40.9166666666667,36,66
7600,55,250.909090909091,42.3030303030303,33,62
7700,55,253.970588235294,41.1470588235294,34,64
7800,55,258.30303030303,38.7575757575758,33,62
7900,55,260,38.6969696969697,33,64
8000,55,262.264705882353,38.9117647058823,34,64
8100,55,265.8125,37.15625,32,64
8200,55,270.911764705882,36.9705882352941,34,64
8300,55,274.96875,36.34375,32,62
8400,55,277.205882352941,36.5,34,64
8500,55,280.666666666667,36.4545454545454,33,64
8600,55,283.9375,36.6875,32,64
8700,55,286.151515151515,35.8484848484849,33,64
8800,55,288.09375,34,32,64
8900,55,292.69696969697,36.6666666666667,33,64
9000,55,294.15625,38.65625,32,62
9100,55,300.090909090909,40.2121212121212,33,64
9200,55,303.903225806452,41.3548387096774,31,64
9300,55,305.030303030303,43.8484848484849,33,64
9400,55,306.166666666667,45.6333333333333,30,64
9500,55,308.625,45.96875,32,62
9600,55,310.3125,45.4375,32,64
9700,55,315.354838709677,43.8064516129032,31,60
9800,55,315.25,44.5,32,62
9900,55,317.848484848485,46.7272727272727,33,62
10000,55,320.28125,49.375,32,62
0,56,50.5,49.5,2,14
100,56,51.6666666666667,47.5454545454546,33,66
200,56,52.3823529411765,46.1470588235294,34,64
300,56,58.030303030303,46.5151515151515,33,64
400,56,61.4838709677419,45.9032258064516,31,62
500,56,63.75,43.25,32,64
600,56,64.78125,42.96875,32,64
700,56,66.264705882353,43.9117647058823,34,64
800,56,67.8181818181818,44.7272727272727,33,66
900,56,71.5882352941177,44.9117647058823,34,64
1000,56,73.6969696969697,43.7575757575758,33,62
1100,56,77.9393939393939,43.4242424242424,33,62
1200,56,79.5,45.7647058823529,34,66
1300,56,82.8181818181818,44.030303030303,33,64
1400,56,84.6470588235294,42.0294117647059,34,64
1500,56,88,40.5,34,62
1600,56,91.09375,37.65625,32,64
1700,56,92.8571428571428,39.1142857142857,35,66
1800,56,95.5757575757576,40.6666666666667,33,62
1900,56,99.0909090909091,43.0606060606061,33,64
2000,56,104.606060606061,43.6666666666667,33,64
2100,56,106.575757575758,44.8484848484849,33,64
2200,56,108.257142857143,45.5428571428571,35,64
2300,56,109,43.1034482758621,29,64
2400,56,112.625,44.21875,32,62
2500,56,113.806451612903,41.2258064516129,31,62
2600,56,115.548387096774,40.4516129032258,31,62
2700,56,118.75,39.8125,32,62
2800,56,121.060606060606,39.3030303030303,33,64
2900,56,124.727272727273,40.7272727272727,33,64
3000,56,125.28125,43.5625,32,62
3100,56,126.575757575758,42.6666666666667,33,62
3200,56,128.84375,42.375,32,60
3300,56,131.969696969697,46.0909090909091,33,64
3400,56,134.882352941176,43.9411764705882,34,64
3500,56,138.090909090909,46.1515151515152,33,64
3600,56,142.193548387097,45.1612903225807,31,62
3700,56,145.272727272727,44.1818181818182,33,62
3800,56,147.727272727273,44.8181818181818,33,62
3900,56,151.161290322581,44.8387096774194,31,66
4000,56,152.857142857143,43.0285714285714,35,66
4100,56,157.030303030303,44.969696969697,33,64
4200,56,160.272727272727,45.3939393939394,33,64
4300,56,164.3125,45.5625,32,62
4400,56,166.25,47.25,32,62
4500,56,169.588235294118,49.9117647058823,34,64
4600,56,172.594594594595,49.4594594594595,37,66
4700,56,175.96875,48.65625,32,64
4800,56,180.612903225806,48.3870967741935,31,62
4900,56,185.818181818182,50.3333333333333,33,64
5000,56,188.193548387097,50.0967741935484,31,62
5100,56,191.151515151515,51.6969696969697,33,64
5200,56,193.588235294118,51.0882352941177,34,64
5300,56,196.5,49.8235294117647,34,64
5400,56,200.060606060606,51.969696969697,33,64
5500,56,205.666666666667,51.030303030303,33,64
5600,56,210.030303030303,50.5151515151515,33,64
5700,56,212.294117647059,51.5,34,62
5800,56,215.53125,52.90625,32,64
5900,56,218.90625,52.0625,32,62
6000,56,223.970588235294,50.1470588235294,34,64
6100,56,227.606060606061,51.5151515151515,33,62
6200,56,230.757575757576,50.8181818181818,33,64
6300,56,234.264705882353,50.3529411764706,34,64
6400,56,238.514285714286,52.6,35,66
6500,56,241.972222222222,53.6944444444444,36,64
6600,56,243.806451612903,54,31,62
6700,56,247.3125,53.40625,32,62
6800,56,249.28125,52.75,32,62
6900,56,251.264705882353,53.3235294117647,34,64
7000,56,254.735294117647,54.8529411764706,34,64
7100,56,256.69696969697,53.7272727272727,33,66
7200,56,258.057142857143,51.6571428571429,35,64
7300,56,261.21875,51.5,32,64
7400,56,262.484848484848,51,33,66
7500,56,265.7,51.0333333333334,30,62
7600,56,268.46875,52.4375,32,64
7700,56,270.242424242424,52.9090909090909,33,62
7800,56,272.060606060606,52.0606060606061,33,64
7900,56,273.290322580645,51.0967741935484,31,62
8000,56,275.969696969697,51.8181818181818,33,64
8100,56,278.636363636364,52.2727272727273,33,64
8200,56,281.666666666667,51.1212121212121,33,64
8300,56,283,52.5625,32,64
8400,56,286.058823529412,53.235294117647,34,64
8500,56,289.40625,54.5625,32,62
8600,56,293.575757575758,52.7575757575758,33,64
8700,56,296.424242424242,52.030303030303,33,62
8800,56,302.757575757576,51.6060606060606,33,64
8900,56,304,51.8285714285714,35,64
9000,56,306.1875,50.78125,32,62
9100,56,308.515151515152,52.2121212121212,33,64
9200,56,313.484848484848,51.3939393939394,33,64
9300,56,315,52.5,34,62
9400,56,317.393939393939,54.6363636363636,33,64
9500,56,319.21875,53.09375,32,64
9600,56,323.911764705882,53.9705882352941,34,64
9700,56,324.375,54.15625,32,60
9800,56,327.666666666667,52.5666666666667,30,60
9900,56,329.53125,54.0625,32,62
10000,56,333.848484848485,54.4242424242424,33,64
0,57,50.8571428571428,49.2857142857143,7,34
100,57,53.3030303030303,49.3636363636364,33,64
200,57,54.9117647058824,49.3235294117647,34,64
300,57,60.8235294117647,50.5,34,64
400,57,63.741935483871,50.6451612903226,31,60
500,57,66.9722222222222,51.6111111111111,36,66
600,57,69.0588235294118,51.6764705882353,34,66
700,57,72.5,52,34,62
800,57,76.0588235294118,52.1176470588235,34,64
900,57,77.8235294117647,52.2352941176471,34,64
1000,57,81.59375,52.3125,32,62
1100,57,83.2068965517241,53.8275862068965,29,62
1200,57,86.71875,53.8125,32,64
1300,57,88.78125,53.15625,32,64
1400,57,92.8709677419355,52.7741935483871,31,62
1500,57,95.2121212121212,51.6363636363636,33,64
1600,57,97.9354838709677,49.7096774193548,31,62
1700,57,99.6666666666667,48.8181818181818,33,64
1800,57,105.193548387097,49.741935483871,31,62
1900,57,109.545454545455,48.8181818181818,33,64
2000,57,112.5,50.2941176470588,34,62
2100,57,115.575757575758,50.8484848484849,33,64
2200,57,118.264705882353,52.9117647058823,34,64
2300,57,121.588235294118,51.5,34,64
2400,57,123.969696969697,52.3030303030303,33,66
2500,57,128.4375,52.3125,32,62
2600,57,129.666666666667,53.1515151515152,33,64
2700,57,132.242424242424,55.6363636363636,33,64
2800,57,135.161290322581,55.0967741935484,31,62
2900,57,137.7,54.7333333333333,30,64
3000,57,140.969696969697,53.5757575757576,33,62
3100,57,142.727272727273,54.0909090909091,33,64
3200,57,147.088235294118,53.4117647058823,34,64
3300,57,148.096774193548,53.8387096774193,31,62
3400,57,150.966666666667,55.3666666666667,30,62
3500,57,153.823529411765,56.1764705882353,34,62
3600,57,156.566666666667,57.5,30,62
3700,57,160.676470588235,57.2647058823529,34,64
3800,57,162.575757575758,55.6969696969697,33,64
3900,57,166.15625,56.46875,32,62
4000,57,170.575757575758,59.060606060606,33,62
4100,57,174.935483870968,59.6774193548387,31,66
4200,57,177.030303030303,60.1818181818182,33,64
4300,57,181.967741935484,59.3870967741936,31,62
4400,57,186.176470588235,60.0882352941177,34,64
4500,57,188.757575757576,60.5151515151515,33,64
4600,57,191.612903225806,58.7741935483871,31,62
4700,57,195.828571428571,57.9714285714286,35,64
4800,57,199.733333333333,57.6666666666667,30,64
4900,57,201.794117647059,58.7058823529412,34,64
5000,57,204.628571428571,59.5714285714286,35,64
5100,57,207.84375,59.625,32,60
5200,57,212.8125,59.1875,32,64
5300,57,217.181818181818,59.7878787878788,33,64
5400,57,219.096774193548,59.6129032258065,31,64
5500,57,220.090909090909,60.2121212121212,33,66
5600,57,221.066666666667,62.0333333333333,30,62
5700,57,224.033333333333,62.7666666666667,30,62
5800,57,228,62.0571428571429,35,64
5900,57,230.060606060606,63.4848484848485,33,66
6000,57,234.352941176471,63.8235294117647,34,64
6100,57,240.242424242424,64.5757575757576,33,62
6200,57,243.0625,65.84375,32,62
6300,57,245,64.90625,32,62
6400,57,248.967741935484,64.5806451612903,31,62
6500,57,250.909090909091,65.2121212121212,33,62
6600,57,255.032258064516,65.4193548387097,31,62
6700,57,255.515151515152,66.8787878787879,33,64
6800,57,259.5,66,32,62
6900,57,263.176470588235,64.8235294117647,34,62
7000,57,267.375,64.6875,32,62
7100,57,272.176470588235,63.3529411764706,34,64
7200,57,274.71875,63.28125,32,62
7300,57,277.064516129032,64,31,64
7400,57,279.875,62.71875,32,64
7500,57,283.171428571429,62.6857142857143,35,64
7600,57,286.8125,61.8125,32,62
7700,57,287.838709677419,61.6129032258065,31,62
7800,57,290.1875,61.90625,32,64
7900,57,292.969696969697,62.030303030303,33,64
8000,57,295.65625,61.28125,32,62
8100,57,299.903225806452,62.0322580645161,31,62
8200,57,302.969696969697,60.4242424242424,33,62
8300,57,304.709677419355,59.4516129032258,31,62
8400,57,307.1875,59.875,32,62
8500,57,309.545454545455,59.8181818181818,33,64
8600,57,313,60.21875,32,62
8700,57,315.69696969697,62.0909090909091,33,62
8800,57,318.972222222222,61.6944444444444,36,64
8900,57,321.34375,61.1875,32,64
9000,57,323.90625,62.0625,32,62
9100,57,325.657142857143,62.5428571428571,35,66
9200,57,328.1875,64.21875,32,62
9300,57,331.727272727273,64.7575757575758,33,64
9400,57,334.78125,62.125,32,64
9500,57,337.941176470588,61.8235294117647,34,66
9600,57,338.151515151515,61.6666666666667,33,64
9700,57,344.515151515152,62.1818181818182,33,66
9800,57,347.757575757576,64.3030303030303,33,62
9900,57,348.84375,63.65625,32,64
10000,57,350.8,63.5428571428571,35,64
0,58,49.6666666666667,50,3,20
100,58,55.125,46.875,32,66
200,58,57.4333333333333,47.5333333333333,30,62
300,58,60.1714285714286,48.2857142857143,35,64
400,58,64.9375,46.84375,32,62
500,58,67.2666666666667,46.0333333333333,30,62
600,58,70.9677419354839,45.7096774193548,31,62
700,58,74.8484848484849,47.3939393939394,33,64
800,58,78.09375,47.28125,32,64
900,58,81.25,45.8125,32,62
1000,58,83.3235294117647,46.6176470588235,34,64
1100,58,85.3125,45.8125,32,64
1200,58,88.3125,46.375,32,62
1300,58,92.0857142857143,46.3714285714286,35,66
1400,58,95.0571428571428,45.9714285714286,35,66
1500,58,97.3030303030303,45.3333333333333,33,66
1600,58,100.375,47.09375,32,62
1700,58,102,48.969696969697,33,64
1800,58,105.363636363636,48.6666666666667,33,64
1900,58,108.8,48.9666666666667,30,64
2000,58,109.78125,49.0625,32,62
2100,58,110.969696969697,47.5757575757576,33,62
2200,58,114.205882352941,49.5588235294118,34,66
2300,58,115.606060606061,48.5151515151515,33,62
2400,58,116.909090909091,49.1515151515151,33,62
2500,58,119.387096774194,47.3870967741935,31,62
2600,58,123.612903225806,49.0322580645161,31,64
2700,58,125.75,51.375,32,62
2800,58,131.205882352941,52.2352941176471,34,64
2900,58,134.21875,52.46875,32,64
3000,58,138.838709677419,50.5806451612903,31,62
3100,58,141.8125,51.28125,32,62
3200,58,145.870967741935,51,31,64
3300,58,148.645161290323,51.9032258064516,31,64
3400,58,150.666666666667,51.0606060606061,33,62
3500,58,153.588235294118,51.1176470588235,34,64
3600,58,155.058823529412,49.9411764705882,34,66
3700,58,155.935483870968,49.8064516129032,31,62
3800,58,157.84375,48.1875,32,62
3900,58,159.205882352941,47.3823529411765,34,66
4000,58,164,48.375,32,64
4100,58,166.75,47.03125,32,64
4200,58,170.533333333333,47.1,30,62
4300,58,171.96875,47.65625,32,64
4400,58,174.323529411765,48.1764705882353,34,64
4500,58,176.666666666667,48.0909090909091,33,64
4600,58,179.59375,47.65625,32,64
4700,58,181.885714285714,47.1142857142857,35,64
4800,58,184.875,45.46875,32,62
4900,58,189.9375,46.71875,32,66
5000,58,191.969696969697,45.5757575757576,33,62
5100,58,193.1875,45.625,32,64
5200,58,196.903225806452,45.4516129032258,31,66
5300,58,198.818181818182,44.9090909090909,33,64
5400,58,201.741935483871,44.5161290322581,31,62
5500,58,204.176470588235,44.2352941176471,34,64
5600,58,206.090909090909,44.4545454545455,33,62
5700,58,208.941176470588,45.2058823529412,34,64
5800,58,210.147058823529,43.2941176470588,34,64
5900,58,214.911764705882,44.2058823529412,34,64
6000,58,217.9375,45.4375,32,62
6100,58,219.764705882353,43.9411764705882,34,64
6200,58,222.677419354839,45,31,62
6300,58,226.235294117647,45.8823529411765,34,64
6400,58,230.090909090909,45.0909090909091,33,64
6500,58,234.388888888889,44.1388888888889,36,64
6600,58,237.030303030303,43.3333333333333,33,66
6700,58,240.4375,41.4375,32,66
6800,58,242.794117647059,41.9411764705882,34,64
6900,58,244.15625,40.75,32,62
7000,58,249,41.5,32,62
7100,58,253.242424242424,42.9090909090909,33,62
7200,58,258.424242424242,42.5151515151515,33,66
7300,58,259.69696969697,44.5454545454545,33,64
7400,58,260.852941176471,44.4705882352941,34,64
7500,58,263.9375,44.90625,32,64
7600,58,265.75,44.46875,32,62
7700,58,269.354838709677,42.8064516129032,31,62
7800,58,272.235294117647,43.5588235294118,34,64
7900,58,274.676470588235,45.0588235294118,34,64
8000,58,276.71875,44.15625,32,62
8100,58,278.030303030303,43.0606060606061,33,66
8200,58,283.757575757576,43.0909090909091,33,62
8300,58,286.125,42.6875,32,64
8400,58,290.176470588235,43,34,64
8500,58,294.714285714286,41.8857142857143,35,66
8600,58,295.741935483871,43.3548387096774,31,60
8700,58,298.969696969697,43.5757575757576,33,64
8800,58,301.060606060606,45.2727272727273,33,64
8900,58,303.727272727273,46.5757575757576,33,66
9000,58,306.40625,44.1875,32,64
9100,58,309.15625,42.1875,32,62
9200,58,309.967741935484,40.1290322580645,31,64
9300,58,313.46875,42.59375,32,64
9400,58,316,41.2285714285714,35,64
9500,58,318.352941176471,39.8529411764706,34,64
9600,58,321.5,38.4117647058824,34,64
9700,58,322.967741935484,40.0967741935484,31,64
9800,58,325.029411764706,38.9117647058824,34,64
9900,58,329.28125,38.15625,32,62
10000,58,333.5,37.3529411764706,34,64
0,59,49,50,3,20
100,59,51.5757575757576,49.3030303030303,33,66
200,59,54.875,48.46875,32,64
300,59,54.8529411764706,46.0294117647059,34,64
400,59,57.1935483870968,46.7741935483871,31,64
500,59,59.6969696969697,43.5757575757576,33,64
600,59,62.4375,43.6875,32,62
700,59,66.5,45.1875,32,62
800,59,65.84375,48.40625,32,64
900,59,67.5151515151515,47.2121212121212,33,64
1000,59,70.4848484848485,47.6969696969697,33,64
1100,59,75.34375,47.40625,32,62
1200,59,77.4516129032258,48.5483870967742,31,62
1300,59,78.9375,49.78125,32,64
1400,59,82.5757575757576,49.3030303030303,33,64
1500,59,86.1818181818182,50.0909090909091,33,64
1600,59,88.3939393939394,50.1818181818182,33,64
1700,59,90.75,52.46875,32,64
1800,59,93,51.25,32,64
1900,59,97.1875,49.75,32,62
2000,59,100.454545454545,51.8181818181818,33,64
2100,59,104.272727272727,50.8181818181818,33,64
2200,59,105.34375,50.90625,32,62
2300,59,107.75,50.1875,32,64
2400,59,110.909090909091,48.3030303030303,33,62
2500,59,114.09375,49.59375,32,64
2600,59,113.848484848485,50.2424242424242,33,64
2700,59,117.21875,50.28125,32,64
2800,59,121.290322580645,50.3870967741935,31,62
2900,59,124.5,49.25,32,62
3000,59,126.333333333333,48.8787878787879,33,64
3100,59,128.935483870968,46.4516129032258,31,62
3200,59,132.939393939394,46.2424242424242,33,64
3300,59,137.30303030303,47,33,64
3400,59,138.806451612903,46.4193548387097,31,64
3500,59,142.939393939394,46.7575757575758,33,64
3600,59,146.030303030303,45.7575757575758,33,64
3700,59,149.3125,44.4375,32,62
3800,59,152.0625,46.46875,32,64
3900,59,151.53125,45.34375,32,64
4000,59,153.969696969697,43.0909090909091,33,66
4100,59,157.4375,43.65625,32,64
4200,59,159.322580645161,43.741935483871,31,62
4300,59,164.205882352941,42,34,64
4400,59,165.121212121212,41.2424242424242,33,66
4500,59,167.8125,39.375,32,64
4600,59,171.645161290323,37.6129032258065,31,62
4700,59,174.15625,38.0625,32,66
4800,59,177.15625,35.96875,32,64
4900,59,180.612903225806,35.9032258064516,31,62
5000,59,185.5,36.0588235294118,34,66
5100,59,187.454545454545,37.0909090909091,33,62
5200,59,189,38.7352941176471,34,62
5300,59,193.323529411765,38.3823529411765,34,64
5400,59,197.625,40.90625,32,64
5500,59,200.5,41.125,32,66
5600,59,203.030303030303,41.1515151515151,33,64
5700,59,205.090909090909,40.6969696969697,33,62
5800,59,208.457142857143,41.6857142857143,35,66
5900,59,213.40625,42.09375,32,64
6000,59,215.870967741935,40.1935483870968,31,64
6100,59,217.28125,41.375,32,62
6200,59,219.323529411765,41.764705882353,34,66
6300,59,224.085714285714,41.8571428571428,35,66
6400,59,228.515151515152,39.8484848484849,33,62
6500,59,229.970588235294,42.3235294117647,34,64
6600,59,231.666666666667,42.6969696969697,33,64
6700,59,233.53125,41.375,32,64
6800,59,236.875,40.78125,32,62
6900,59,238.818181818182,41.1515151515151,33,64
7000,59,244.030303030303,41.1818181818182,33,62
7100,59,247.5,39.4375,32,64
7200,59,252.818181818182,38.4545454545454,33,64
7300,59,258.666666666667,36.6969696969697,33,64
7400,59,260.787878787879,37.1515151515152,33,64
7500,59,264.5,37.59375,32,64
7600,59,266.866666666667,38.4,30,62
7700,59,268.735294117647,39,34,62
7800,59,274.212121212121,37.969696969697,33,64
7900,59,276.40625,36.5625,32,62
8000,59,280.69696969697,35.7575757575758,33,64
8100,59,283.548387096774,34.9032258064516,31,60
8200,59,286.848484848485,34.6969696969697,33,64
8300,59,290.612903225806,33.8387096774194,31,64
8400,59,294.15625,34.84375,32,64
8500,59,298.181818181818,34.1212121212121,33,66
8600,59,300.941176470588,34.5294117647059,34,64
8700,59,301.764705882353,32.4411764705882,34,64
8800,59,304.5,31.53125,32,64
8900,59,307.515151515152,32.7272727272727,33,64
9000,59,309.764705882353,33.3529411764706,34,64
9100,59,312.806451612903,32.8387096774193,31,62
9200,59,315.515151515152,33.4242424242424,33,64
9300,59,317.333333333333,34.9393939393939,33,62
9400,59,320.5,34.0882352941177,34,66
9500,59,325.088235294118,34.5294117647059,34,66
9600,59,328.090909090909,35.2727272727273,33,64
9700,59,328.606060606061,36,33,64
9800,59,330.75,35.09375,32,64
9900,59,333.588235294118,36.5,34,66
10000,59,337.666666666667,37.3636363636364,33,64
0,60,50.5,50,2,14
100,60,54,49.3939393939394,33,64
200,60,55.3030303030303,49.4848484848485,33,64
300,60,58.7941176470588,49.5588235294118,34,64
400,60,62.1176470588235,48.1176470588235,34,64
500,60,65.1142857142857,46.8857142857143,35,64
600,60,67.2285714285714,46.3428571428571,35,64
700,60,69.9354838709677,44.7096774193548,31,62
800,60,70.6571428571429,45.7142857142857,35,66
900,60,75.2258064516129,47.3548387096774,31,62
1000,60,77.5151515151515,47.0909090909091,33,62
1100,60,79.34375,49.03125,32,62
1200,60,80.6875,49.125,32,64
1300,60,84.5882352941176,50.6764705882353,34,64
1400,60,85.5666666666666,50.7333333333333,30,64
1500,60,88.8,49.7142857142857,35,66
1600,60,90.8484848484848,49.8484848484849,33,62
1700,60,91.6,52,35,64
1800,60,92.5151515151515,51.0606060606061,33,64
1900,60,94.258064516129,52.1612903225806,31,64
2000,60,97.09375,50.03125,32,62
2100,60,100.882352941176,48.0588235294118,34,64
2200,60,105.606060606061,48.6363636363636,33,64
2300,60,106.466666666667,50.0333333333333,30,64
2400,60,109,49.90625,32,64
2500,60,112.272727272727,48.8484848484849,33,62
2600,60,115.323529411765,48.1764705882353,34,66
2700,60,118.58064516129,45.5806451612903,31,64
2800,60,120.909090909091,44.1818181818182,33,64
2900,60,123.852941176471,43.5294117647059,34,64
3000,60,126.40625,42.5625,32,62
3100,60,127.558823529412,42.6470588235294,34,64
3200,60,128.606060606061,41.3030303030303,33,64
3300,60,133.088235294118,43.7352941176471,34,66
3400,60,136.121212121212,41,33,64
3500,60,140.0625,42.8125,32,64
3600,60,143.875,42.15625,32,64
3700,60,146.727272727273,42.1818181818182,33,62
3800,60,149.354838709677,40.0967741935484,31,62
3900,60,152.5,39.7058823529412,34,62
4000,60,155.30303030303,39.2727272727273,33,64
4100,60,156.818181818182,37.7878787878788,33,64
4200,60,160.4375,38.4375,32,62
4300,60,163.5625,41.1875,32,62
4400,60,165.9375,41.96875,32,64
4500,60,171.305555555556,41.0277777777778,36,64
4600,60,173.366666666667,42.1,30,62
4700,60,175.741935483871,42.3870967741936,31,62
4800,60,179.235294117647,43.8823529411765,34,64
4900,60,186.060606060606,43.3939393939394,33,64
5000,60,189.705882352941,42.9705882352941,34,64
5100,60,191.4,42.3,30,64
5200,60,193.470588235294,41.8529411764706,34,66
5300,60,196.636363636364,41.0909090909091,33,64
5400,60,200.909090909091,43.1818181818182,33,66
5500,60,203.566666666667,43.6333333333333,30,62
5600,60,206.5,44.5,34,64
5700,60,208.852941176471,45.9117647058824,34,64
5800,60,211.757575757576,45.3030303030303,33,64
5900,60,215.848484848485,45.4848484848485,33,64
6000,60,218.264705882353,44.7352941176471,34,64
6100,60,222,43.4117647058824,34,64
6200,60,223.121212121212,42.969696969697,33,68
6300,60,224.741935483871,44.8064516129032,31,62
6400,60,228.1875,42.5,32,62
6500,60,231.484848484848,44.1818181818182,33,66
6600,60,232.6,46.9714285714286,35,64
6700,60,233.645161290323,45.9354838709678,31,60
6800,60,235.676470588235,45.5,34,66
6900,60,239.090909090909,46.4848484848485,33,62
7000,60,243.212121212121,47.4545454545455,33,62
7100,60,244.833333333333,46.0333333333333,30,64
7200,60,245.088235294118,47.1764705882353,34,66
7300,60,252.424242424242,47.5454545454545,33,64
7400,60,255.333333333333,48,33,64
7500,60,257.264705882353,47.9117647058823,34,64
7600,60,259.137931034483,49,29,62
7700,60,260.774193548387,49.3548387096774,31,62
7800,60,261.875,49.875,32,64
7900,60,262.096774193548,50.0967741935484,31,66
8000,60,264.733333333333,52,30,62
8100,60,268.225806451613,53.0322580645161,31,64
8200,60,270.612903225806,50.9032258064516,31,64
8300,60,274.090909090909,52.4848484848485,33,62
8400,60,276.5,52.25,32,62
8500,60,278.970588235294,51.7352941176471,34,66
8600,60,280.969696969697,51.0909090909091,33,66
8700,60,285.34375,52.6875,32,66
8800,60,288.944444444444,50.8611111111111,36,66
8900,60,292.9375,50.375,32,62
9000,60,293.58064516129,51.9354838709678,31,60
9100,60,296.3125,52.375,32,64
9200,60,298.25,51.59375,32,64
9300,60,300.166666666667,51.6666666666667,30,64
9400,60,302.483870967742,50.741935483871,31,66
9500,60,304.971428571429,47.7714285714286,35,66
9600,60,306.969696969697,47.060606060606,33,64
9700,60,307.6,46.7142857142857,35,64
9800,60,311.181818181818,46.7575757575758,33,64
9900,60,312.65625,47.96875,32,64
10000,60,316.34375,50.09375,32,62
0,61,50,50,1,8
100,61,52.8823529411765,49.2941176470588,34,66
200,61,56.1176470588235,48.4117647058823,34,64
300,61,58.2258064516129,48.741935483871,31,64
400,61,59.375,48.40625,32,62
500,61,63.4516129032258,50.2903225806452,31,64
600,61,65.8387096774193,50.3870967741936,31,62
700,61,66.735294117647,53,34,62
800,61,67.7575757575758,52.5757575757576,33,66
900,61,70.8529411764706,53.2941176470588,34,64
1000,61,74.875,53.375,32,64
1100,61,77.2424242424242,56.6666666666667,33,62
1200,61,76.2647058823529,55.4705882352941,34,64
1300,61,76.9705882352941,56.1470588235294,34,64
1400,61,79.6060606060606,54.1515151515152,33,66
1500,61,82.1818181818182,52.8181818181818,33,66
1600,61,86.1515151515151,52.1515151515152,33,62
1700,61,89.3030303030303,53.3333333333333,33,64
1800,61,90.3548387096774,54.2258064516129,31,64
1900,61,95.4193548387097,54.9032258064516,31,64
2000,61,97.6774193548387,55.2903225806452,31,62
2100,61,98.0606060606061,55.030303030303,33,64
2200,61,102.46875,53.59375,32,64
2300,61,104.823529411765,52.5,34,64
2400,61,107.0625,53.09375,32,62
2500,61,111.342857142857,53.7714285714286,35,64
2600,61,115.305555555556,53.0277777777778,36,64
2700,61,116.727272727273,54.6363636363636,33,64
2800,61,119.147058823529,51.9117647058823,34,64
2900,61,122.151515151515,51.8787878787879,33,64
3000,61,125.78125,52.875,32,66
3100,61,127.90625,51.5625,32,66
3200,61,132.606060606061,52.4545454545455,33,64
3300,61,134.7,54.0333333333333,30,60
3400,61,136,52.8181818181818,33,64
3500,61,138.5625,55.71875,32,62
3600,61,141,55.5,32,62
3700,61,144.322580645161,57.1290322580645,31,62
3800,61,144.033333333333,56.9,30,62
3900,61,146.441176470588,54.8235294117647,34,64
4000,61,150.375,56.28125,32,64
4100,61,151.548387096774,57.3225806451613,31,62
4200,61,154.333333333333,58.2424242424242,33,62
4300,61,156.133333333333,57.9,30,62
4400,61,157.787878787879,57.4242424242424,33,64
4500,61,161.909090909091,57.4242424242424,33,64
4600,61,166.903225806452,58.9354838709677,31,62
4700,61,171.181818181818,59.969696969697,33,62
4800,61,173.777777777778,59.1111111111111,36,66
4900,61,178.676470588235,57.8235294117647,34,64
5000,61,182.171428571429,59.4,35,66
5100,61,185.225806451613,60.1612903225806,31,64
5200,61,188.764705882353,59.6470588235294,34,66
5300,61,190.806451612903,62,31,62
5400,61,192.647058823529,63.0882352941176,34,64
5500,61,195.65625,63,32,62
5600,61,197.454545454545,64.7878787878788,33,62
5700,61,199.147058823529,66.1764705882353,34,64
5800,61,200.09375,68.125,32,64
5900,61,203.709677419355,69.6451612903226,31,62
6000,61,206.366666666667,68.0666666666667,30,62
6100,61,209.709677419355,68.1612903225806,31,62
6200,61,212.212121212121,69.7272727272727,33,64
6300,61,214.212121212121,69.3636363636363,33,64
6400,61,217.545454545455,71.1515151515152,33,64
6500,61,219.911764705882,71.1470588235294,34,64
6600,61,223.266666666667,70.9333333333333,30,62
6700,61,226.424242424242,70.7575757575758,33,64
6800,61,231.457142857143,69.6,35,66
6900,61,234.151515151515,69.6666666666667,33,66
7000,61,238.5,70.2,30,62
7100,61,241.111111111111,71.0833333333333,36,66
7200,61,243.757575757576,72.9090909090909,33,64
7300,61,246.484848484848,73.3939393939394,33,64
7400,61,249.882352941176,72.8235294117647,34,64
7500,61,251.25,72.21875,32,64
7600,61,255.205882352941,72.7058823529412,34,66
7700,61,255.969696969697,71.8181818181818,33,62
7800,61,257.645161290323,72.3225806451613,31,62
7900,61,258.709677419355,72.0645161290323,31,62
8000,61,259.967741935484,69.2258064516129,31,64
8100,61,264.090909090909,68.3939393939394,33,66
8200,61,266.46875,67.65625,32,64
8300,61,270.40625,67.65625,32,64
8400,61,270.666666666667,67.4242424242424,33,62
8500,61,272.939393939394,68.3333333333333,33,62
8600,61,276.272727272727,67.8181818181818,33,66
8700,61,278.46875,68.25,32,62
8800,61,280.272727272727,70.7878787878788,33,64
8900,61,283.727272727273,70.0909090909091,33,64
9000,61,286.8125,69.15625,32,64
9100,61,290.242424242424,69.5151515151515,33,64
9200,61,291.939393939394,70.4545454545455,33,64
9300,61,295.625,70.1875,32,64
9400,61,297.363636363636,72.6666666666667,33,64
9500,61,300.4375,73.21875,32,64
9600,61,302,72.84375,32,62
9700,61,305.21875,72.53125,32,64
9800,61,309.181818181818,73.6969696969697,33,64
9900,61,312.774193548387,74.483870967742,31,62
10000,61,315.69696969697,73.1515151515152,33,64
0,62,50,50,1,8
100,62,51.969696969697,49.5151515151515,33,64
200,62,56.34375,50.03125,32,62
300,62,59.0882352941176,51.2647058823529,34,64
400,62,62.8125,51.53125,32,62
500,62,63.5588235294118,51.9117647058824,34,64
600,62,67.2424242424242,51.6666666666667,33,62
700,62,67.5588235294118,50.5,34,66
800,62,70.9393939393939,51.6666666666667,33,62
900,62,73.21875,48.0625,32,64
1000,62,76.2424242424242,47.0606060606061,33,64
1100,62,76.4117647058823,50.9117647058824,34,64
1200,62,78.6363636363636,50.4242424242424,33,64
1300,62,81.3823529411765,51.3823529411765,34,64
1400,62,83,52.1935483870968,31,62
1500,62,84.9032258064516,53.8064516129032,31,60
1600,62,87.28125,54.84375,32,64
1700,62,89.71875,55.65625,32,62
1800,62,92.5757575757576,53.7878787878788,33,64
1900,62,94.4242424242424,53.7575757575758,33,62
2000,62,97.5,52.375,32,62
2100,62,98.5588235294118,51.8235294117647,34,64
2200,62,101.4375,50.34375,32,62
2300,62,101.181818181818,50.3636363636364,33,64
2400,62,104.4375,50.4375,32,62
2500,62,107.709677419355,51.258064516129,31,62
2600,62,109.757575757576,50.2727272727273,33,64
2700,62,113.909090909091,51.3030303030303,33,62
2800,62,115.84375,49.25,32,64
2900,62,120.757575757576,49.3030303030303,33,62
3000,62,121.333333333333,45.6060606060606,33,64
3100,62,123.151515151515,44.3636363636364,33,64
3200,62,125.363636363636,43.2727272727273,33,62
3300,62,128.71875,43.46875,32,66
3400,62,131,42,32,64
3500,62,134.705882352941,41.5,34,62
3600,62,136.90625,41.96875,32,62
3700,62,139.030303030303,41.4242424242424,33,62
3800,62,140.53125,39.40625,32,64
3900,62,142.909090909091,39.3030303030303,33,62
4000,62,145.272727272727,40.3636363636364,33,62
4100,62,146.838709677419,41.0967741935484,31,62
4200,62,150.205882352941,39.764705882353,34,64
4300,62,151.741935483871,40.6451612903226,31,60
4400,62,155.333333333333,41.0606060606061,33,62
4500,62,161.03125,41.625,32,64
4600,62,162.9375,39.53125,32,62
4700,62,167.774193548387,39.4193548387097,31,62
4800,62,170.371428571429,38,35,64
4900,62,172.515151515152,36.6363636363636,33,64
5000,62,173.34375,37.6875,32,62
5100,62,177.46875,36.9375,32,62
5200,62,179.151515151515,33.5151515151515,33,64
5300,62,180.090909090909,33.3030303030303,33,62
5400,62,181.484848484848,34.5454545454545,33,66
5500,62,181.625,35.28125,32,62
5600,62,187.65625,34.5625,32,64
5700,62,189.727272727273,35,33,64
5800,62,193.636363636364,34.9393939393939,33,64
5900,62,195.882352941176,35.2058823529412,34,64
6000,62,199.852941176471,35.7058823529412,34,64
6100,62,203.90625,36.75,32,62
6200,62,206.3125,37.03125,32,64
6300,62,209.161290322581,36.8064516129032,31,62
6400,62,213.258064516129,34.9354838709678,31,62
6500,62,216.176470588235,33.1764705882353,34,62
6600,62,216.46875,34.53125,32,64
6700,62,217.75,34.25,32,62
6800,62,219.59375,33.71875,32,64
6900,62,224.90625,33.625,32,64
7000,62,227.606060606061,34.3030303030303,33,64
7100,62,231.90625,32.1875,32,64
7200,62,235,32.741935483871,31,64
7300,62,237.454545454545,32.4242424242424,33,64
7400,62,239.03125,32.90625,32,62
7500,62,241.90625,32.875,32,62
7600,62,246.363636363636,34.1818181818182,33,64
7700,62,249.25,33.90625,32,66
7800,62,252.935483870968,35.8387096774194,31,62
7900,62,255.75,35.90625,32,62
8000,62,256.939393939394,35.9393939393939,33,64
8100,62,259.484848484848,38.1818181818182,33,64
8200,62,260.46875,38.53125,32,64
8300,62,264.4375,37.0625,32,62
8400,62,269.764705882353,36.1176470588235,34,64
8500,62,271.21875,36.875,32,62
8600,62,273.875,35.59375,32,64
8700,62,276.088235294118,34.3235294117647,34,64
8800,62,279.848484848485,32.9090909090909,33,64
8900,62,282.617647058824,32.6176470588235,34,64
9000,62,287,31.8235294117647,34,64
9100,62,290.206896551724,30.551724137931,29,64
9200,62,290.941176470588,29.235294117647,34,66
9300,62,293.6,29.1333333333333,30,62
9400,62,296.571428571429,28.6285714285714,35,64
9500,62,300.967741935484,29.8709677419355,31,62
9600,62,302.806451612903,28.9677419354839,31,62
9700,62,306.441176470588,28.7647058823529,34,64
9800,62,308.676470588235,28.9411764705882,34,64
9900,62,310.606060606061,28.1212121212121,33,64
10000,62,311.212121212121,28.9090909090909,33,62
0,63,50,50,1,8
100,63,51.9090909090909,51.7575757575758,33,64
200,63,56.6060606060606,50.7272727272727,33,64
300,63,59.1666666666667,52.3666666666667,30,60
400,63,60.375,52.71875,32,62
500,63,63.3870967741936,53.6451612903226,31,62
600,63,66.3030303030303,52.1818181818182,33,64
700,63,68.5,52,34,62
800,63,72.5,53.4411764705882,34,66
900,63,74.25,53.0625,32,62
1000,63,76.3333333333333,54.0606060606061,33,62
1100,63,78.2727272727273,53.1515151515152,33,62
1200,63,80.6857142857143,52.1714285714286,35,64
1300,63,82.6451612903226,50.258064516129,31,62
1400,63,86.0909090909091,49.6666666666667,33,64
1500,63,87.84375,50.5625,32,62
1600,63,90.3055555555556,50.6944444444444,36,64
1700,63,92.3030303030303,49.7272727272727,33,64
1800,63,95.4848484848485,48.7878787878788,33,64
1900,63,100.454545454545,49.4848484848485,33,64
2000,63,104,49.0909090909091,33,64
2100,63,105.264705882353,49.1470588235294,34,64
2200,63,106.6875,49.9375,32,64
2300,63,109.8125,50.1875,32,62
2400,63,112.129032258065,52.4838709677419,31,62
2500,63,114.545454545455,52.1818181818182,33,64
2600,63,115.870967741935,51.0967741935484,31,62
2700,63,117.787878787879,51.8484848484849,33,64
2800,63,120.84375,52,32,62
2900,63,124.15625,50.4375,32,64
3000,63,126.40625,52.46875,32,64
3100,63,129.757575757576,52.6969696969697,33,62
3200,63,131.30303030303,52.2424242424243,33,62
3300,63,131.916666666667,50.9722222222222,36,64
3400,63,132.533333333333,50.8,30,62
3500,63,136.787878787879,50.8181818181818,33,64
3600,63,138.806451612903,50.7096774193548,31,60
3700,63,142.545454545455,52.0909090909091,33,62
3800,63,144.387096774194,51.5483870967742,31,64
3900,63,147.771428571429,51.5714285714286,35,64
4000,63,151.272727272727,51.1818181818182,33,64
4100,63,153.787878787879,52.8787878787879,33,64
4200,63,155.457142857143,50.6857142857143,35,66
4300,63,158.5,48.5,32,60
4400,63,163.515151515152,49.1515151515152,33,64
4500,63,166.545454545455,51.2424242424242,33,66
4600,63,169.424242424242,51.5454545454545,33,64
4700,63,171.060606060606,53.4242424242424,33,64
4800,63,173.90625,54.03125,32,64
4900,63,174.970588235294,55.1470588235294,34,64
5000,63,176.424242424242,55.2727272727273,33,64
5100,63,178.757575757576,55.3333333333333,33,62
5200,63,179.228571428571,55,35,64
5300,63,182.1875,55.78125,32,66
5400,63,183.78125,57.34375,32,64
5500,63,185.516129032258,60.3870967741935,31,62
5600,63,188,58.71875,32,64
5700,63,190.2,58.6666666666667,30,62
5800,63,193.323529411765,58.7941176470588,34,66
5900,63,198.088235294118,58.3529411764706,34,64
6000,63,200.484848484848,57.7575757575758,33,64
6100,63,202.382352941176,56.3823529411765,34,64
6200,63,203.818181818182,55.9090909090909,33,64
6300,63,208.3125,55.40625,32,62
6400,63,210.121212121212,55.3333333333333,33,64
6500,63,213.363636363636,55.0909090909091,33,64
6600,63,216.941176470588,53.9411764705882,34,66
6700,63,223.6,54.6285714285714,35,66
6800,63,225.25,52.75,32,62
6900,63,229.294117647059,51.2058823529412,34,64
7000,63,230.939393939394,51.2424242424242,33,64
7100,63,232.787878787879,52.6060606060606,33,64
7200,63,234.090909090909,50.5151515151515,33,62
7300,63,236.90625,48,32,64
7400,63,241.181818181818,48.2727272727273,33,62
7500,63,244.151515151515,49.0909090909091,33,62
7600,63,247.21875,48.53125,32,64
7700,63,250.818181818182,51.3939393939394,33,64
7800,63,254.323529411765,53.0882352941177,34,64
7900,63,255.424242424242,52.8181818181818,33,64
8000,63,257.441176470588,52.8235294117647,34,64
8100,63,258.09375,53.09375,32,64
8200,63,259.333333333333,52.969696969697,33,64
8300,63,261.735294117647,52.9117647058824,34,66
8400,63,264.90625,51.6875,32,62
8500,63,269.4,52.5666666666667,30,62
8600,63,273,51.6969696969697,33,64
8700,63,273.709677419355,51.258064516129,31,62
8800,63,274.352941176471,51.0294117647059,34,64
8900,63,277.40625,50.21875,32,64
9000,63,280.03125,49.09375,32,62
9100,63,282.551724137931,46.2068965517241,29,62
9200,63,285.931034482759,44.0689655172414,29,62
9300,63,288.657142857143,47.7714285714286,35,64
9400,63,290.84375,49.8125,32,62
9500,63,293,53.6470588235294,34,64
9600,63,298.4,51.5333333333334,30,64
9700,63,301.090909090909,52.6969696969697,33,62
9800,63,305.515151515152,52.5454545454545,33,64
9900,63,308.65625,52,32,64
10000,63,310.65625,49.21875,32,62
0,64,51,49.5,4,22
100,64,51,49.28125,32,62
200,64,53.0606060606061,48.5757575757576,33,62
300,64,58.2121212121212,48.4545454545455,33,62
400,64,61.0625,46.96875,32,66
500,64,64.1333333333333,45.6333333333333,30,62
600,64,66.764705882353,42.6470588235294,34,64
700,64,68.1515151515151,42.2727272727273,33,62
800,64,68.7741935483871,41.2903225806452,31,64
900,64,69.7714285714286,42.9142857142857,35,64
1000,64,73.625,42.5,32,62
1100,64,76.65625,43.21875,32,62
1200,64,77.5588235294118,41.2058823529412,34,64
1300,64,79.8484848484848,42.9090909090909,33,64
1400,64,84.15625,43.9375,32,62
1500,64,86.7428571428571,44.3714285714286,35,66
1600,64,88.6451612903226,43.741935483871,31,66
1700,64,90.90625,44.5625,32,62
1800,64,93.8611111111111,42.3888888888889,36,64
1900,64,99.28125,42,32,62
2000,64,102.571428571429,41.9142857142857,35,64
2100,64,106.548387096774,43.8387096774194,31,62
2200,64,108.909090909091,42.5454545454546,33,62
2300,64,110.636363636364,43.1818181818182,33,64
2400,64,113.911764705882,43.2352941176471,34,64
2500,64,118.161290322581,44.8387096774194,31,62
2600,64,121.060606060606,45.3333333333333,33,62
2700,64,123.060606060606,42.5151515151515,33,64
2800,64,123.466666666667,42.7,30,62
2900,64,124.705882352941,42.2941176470588,34,66
3000,64,128.294117647059,43.6470588235294,34,64
3100,64,130.823529411765,44.2352941176471,34,64
3200,64,132.030303030303,44.8181818181818,33,64
3300,64,136.424242424242,44.5757575757576,33,62
3400,64,138.354838709677,43.4193548387097,31,62
3500,64,140.818181818182,42.3939393939394,33,64
3600,64,142.53125,42.40625,32,66
3700,64,148.032258064516,44.5483870967742,31,64
3800,64,153.484848484848,45.0909090909091,33,64
3900,64,156.771428571429,44.4285714285714,35,64
4000,64,159.727272727273,45.6363636363636,33,62
4100,64,162.466666666667,46.0666666666667,30,62
4200,64,165.823529411765,47.2352941176471,34,64
4300,64,167.941176470588,48.0588235294118,34,64
4400,64,172.305555555556,45.3888888888889,36,66
4500,64,176.870967741935,49.1290322580645,31,64
4600,64,181.741935483871,50.0967741935484,31,62
4700,64,183.823529411765,51,34,64
4800,64,187.5,50.8,30,60
4900,64,190.575757575758,47.9090909090909,33,64
5000,64,194.545454545455,48.2424242424242,33,64
5100,64,200,46.4,35,64
5200,64,203.878787878788,47.1818181818182,33,66
5300,64,205.911764705882,44.3529411764706,34,66
5400,64,207.1875,44.65625,32,64
5500,64,211.34375,43.78125,32,62
5600,64,215.633333333333,46.4666666666667,30,62
5700,64,217.71875,45.71875,32,66
5800,64,220.212121212121,44.7272727272727,33,64
5900,64,223,45.5151515151515,33,66
6000,64,225,44.7333333333333,30,62
6100,64,226.46875,44.25,32,62
6200,64,227.875,43.5625,32,62
6300,64,231.852941176471,43.3235294117647,34,64
6400,64,233.3125,44.09375,32,62
6500,64,236.625,43.46875,32,66
6600,64,239.151515151515,41.9090909090909,33,64
6700,64,241.484848484848,40.8484848484849,33,62
6800,64,244.59375,42,32,64
6900,64,248.090909090909,42.1515151515151,33,62
7000,64,252.5625,42.4375,32,62
7100,64,254.34375,41.90625,32,64
7200,64,258.333333333333,43.3636363636364,33,64
7300,64,262.125,44.875,32,62
7400,64,264.147058823529,45.7058823529412,34,64
7500,64,266.133333333333,45.7,30,62
7600,64,266.848484848485,45.1212121212121,33,64
7700,64,271.030303030303,43.7878787878788,33,64
7800,64,274.764705882353,44.3823529411765,34,64
7900,64,276.757575757576,45.3030303030303,33,62
8000,64,279.290322580645,45.0645161290322,31,66
8100,64,279.558823529412,46.764705882353,34,64
8200,64,281.205882352941,46.2941176470588,34,64
8300,64,281.424242424242,47.7272727272727,33,64
8400,64,285.15625,50.1875,32,64
8500,64,288.133333333333,53.8666666666667,30,64
8600,64,290.969696969697,54.6363636363636,33,64
8700,64,294,55.3636363636364,33,64
8800,64,295.657142857143,54.0571428571429,35,64
8900,64,299.46875,53.9375,32,62
9000,64,302.323529411765,55.4117647058823,34,64
9100,64,303.878787878788,54.9090909090909,33,64
9200,64,307.84375,54.5625,32,62
9300,64,311.114285714286,55.5142857142857,35,64
9400,64,313.75,54.84375,32,62
9500,64,316.125,55.125,32,64
9600,64,318.757575757576,56.3333333333333,33,62
9700,64,321.8,56.7333333333333,30,60
9800,64,323.147058823529,57.1176470588235,34,64
9900,64,325.53125,56.4375,32,62
10000,64,329.176470588235,55.8235294117647,34,62
0,65,50,49.5,2,14
100,65,53.1470588235294,50,34,64
200,65,54.3333333333333,49.2727272727273,33,64
300,65,55.6666666666667,50.0606060606061,33,62
400,65,59.9117647058824,49.7941176470588,34,64
500,65,63.0344827586207,49.551724137931,29,62
600,65,66.09375,48.15625,32,64
700,65,69.8181818181818,49.2121212121212,33,64
800,65,71.8484848484849,49.8484848484849,33,64
900,65,75.15625,49,32,62
1000,65,78.8125,49.3125,32,62
1100,65,80.46875,48.5625,32,62
1200,65,83.5151515151515,49.3939393939394,33,62
1300,65,90.3636363636364,49.7575757575758,33,64
1400,65,95.28125,45.71875,32,62
1500,65,99.030303030303,45.9090909090909,33,64
1600,65,101.5,48.1764705882353,34,64
1700,65,105.424242424242,48.1515151515152,33,64
1800,65,108,46.8787878787879,33,66
1900,65,110.529411764706,45.5588235294118,34,64
2000,65,113.515151515152,43.3939393939394,33,62
2100,65,114.5,44,34,62
2200,65,118.5,44.5,32,60
2300,65,120.588235294118,46.1176470588235,34,64
2400,65,121.548387096774,46.5483870967742,31,62
2500,65,124.133333333333,44.5333333333333,30,62
2600,65,126,42.4545454545454,33,64
2700,65,128.90625,41.84375,32,66
2800,65,131.96875,41.34375,32,64
2900,65,136.060606060606,39.8484848484849,33,64
3000,65,137.645161290323,40.1290322580645,31,64
3100,65,139.666666666667,41.6666666666667,33,64
3200,65,140.848484848485,42.4545454545454,33,64
3300,65,145.757575757576,40.4242424242424,33,66
3400,65,149.870967741935,39.6774193548387,31,64
3500,65,153.666666666667,39.1515151515151,33,64
3600,65,156.28125,38.625,32,64
3700,65,158,38.258064516129,31,62
3800,65,160.1875,38.71875,32,62
3900,65,163.454545454545,39.3636363636364,33,64
4000,65,165.818181818182,37.7272727272727,33,62
4100,65,166.848484848485,38.1515151515152,33,62
4200,65,168.176470588235,37.1764705882353,34,62
4300,65,172.848484848485,39.7878787878788,33,64
4400,65,175.323529411765,41.0588235294118,34,64
4500,65,178.030303030303,40.8181818181818,33,64
4600,65,178.84375,41.1875,32,64
4700,65,181.78125,40.875,32,62
4800,65,186.41935483871,39.6129032258064,31,64
4900,65,188.40625,39.4375,32,64
5000,65,192.606060606061,40.4545454545455,33,64
5100,65,195.323529411765,41.8529411764706,34,64
5200,65,199.171428571429,40.9714285714286,35,64
5300,65,201.633333333333,39.6666666666667,30,64
5400,65,203.4375,38.46875,32,62
5500,65,206.714285714286,36.1714285714286,35,64
5600,65,209.515151515152,34.8484848484849,33,62
5700,65,215.09375,33.65625,32,62
5800,65,215.441176470588,32.7941176470588,34,64
5900,65,218.1875,31.0625,32,64
6000,65,221.285714285714,29.8857142857143,35,66
6100,65,224.484848484848,30.8484848484849,33,62
6200,65,227.909090909091,30.5151515151515,33,62
6300,65,230.322580645161,31.0645161290323,31,62
6400,65,233.4,28.7428571428571,35,66
6500,65,236.433333333333,29.0333333333333,30,64
6600,65,239.969696969697,30.1818181818182,33,66
6700,65,242.181818181818,30.7272727272727,33,64
6800,65,245.794117647059,31.5588235294118,34,66
6900,65,250.354838709677,32.0967741935484,31,64
7000,65,253.0625,34.71875,32,64
7100,65,254.757575757576,33.2727272727273,33,64
7200,65,257.34375,30.78125,32,62
7300,65,257.735294117647,30.7647058823529,34,64
7400,65,257.942857142857,32.9428571428571,35,66
7500,65,260.758620689655,32.2758620689655,29,62
7600,65,263.272727272727,32.4848484848485,33,64
7700,65,266.058823529412,30.6470588235294,34,64
7800,65,268.6875,27.59375,32,64
7900,65,272.424242424242,27.4545454545455,33,64
8000,65,273.735294117647,29.1470588235294,34,64
8100,65,276.6,29.2857142857143,35,64
8200,65,279.548387096774,29,31,62
8300,65,280.861111111111,25.6111111111111,36,64
8400,65,282.411764705882,25.1764705882353,34,64
8500,65,282.78125,25.28125,32,66
8600,65,286.78125,25.46875,32,64
8700,65,290.90625,27.0625,32,64
8800,65,294.117647058824,29.3823529411765,34,66
8900,65,299.310344827586,29.9655172413793,29,62
9000,65,302.9375,28.9375,32,64
9100,65,306.757575757576,29.2121212121212,33,66
9200,65,310.121212121212,26.8787878787879,33,64
9300,65,313.058823529412,25.2352941176471,34,64
9400,65,315.59375,27.4375,32,64
9500,65,319,26.1764705882353,34,64
9600,65,322.129032258065,26.741935483871,31,62
9700,65,325.757575757576,24.5757575757576,33,62
9800,65,330.848484848485,24.7878787878788,33,66
9900,65,335.114285714286,27.2571428571429,35,66
10000,65,339.6,26.0666666666667,30,62
0,66,50,50,1,8
100,66,52.8529411764706,50.7058823529412,34,64
200,66,54.0571428571429,50.3428571428571,35,64
300,66,57.0625,52.4375,32,62
400,66,59.15625,53.4375,32,62
500,66,60.6774193548387,53.1935483870968,31,62
600,66,64.125,53.375,32,64
700,66,68.1666666666667,54.5555555555556,36,66
800,66,71.3939393939394,53,33,64
900,66,72.3636363636364,54.0606060606061,33,66
1000,66,72.625,54.34375,32,62
1100,66,77.5757575757576,53.1515151515151,33,64
1200,66,78.8387096774193,52.4838709677419,31,62
1300,66,81.1612903225806,54.0645161290323,31,62
1400,66,84.6129032258064,52.4838709677419,31,62
1500,66,87.75,51.875,32,66
1600,66,90.516129032258,53.2903225806452,31,64
1700,66,94.4117647058824,55.5,34,64
1800,66,98.3333333333333,55.5151515151515,33,64
1900,66,100.21875,55.09375,32,64
2000,66,102.117647058824,56.5882352941176,34,64
2100,66,105.6875,56.40625,32,64
2200,66,109.0625,55.40625,32,64
2300,66,110.483870967742,57.9677419354839,31,62
2400,66,116.029411764706,57.3823529411765,34,64
2500,66,119.969696969697,57.1818181818182,33,62
2600,66,123.6,58.7142857142857,35,64
2700,66,127.228571428571,58.6571428571429,35,64
2800,66,129.685714285714,58.1142857142857,35,64
2900,66,131.484848484848,57.3333333333333,33,64
3000,66,134.735294117647,56.6470588235294,34,66
3100,66,140.516129032258,56.3225806451613,31,62
3200,66,142.969696969697,55.2727272727273,33,64
3300,66,145.34375,53.34375,32,62
3400,66,147.515151515152,52.8484848484849,33,62
3500,66,150.090909090909,49.5454545454545,33,64
3600,66,151.787878787879,48.7272727272727,33,66
3700,66,154.666666666667,46.9393939393939,33,62
3800,66,157.666666666667,45.4848484848485,33,64
3900,66,162.096774193548,44.8387096774194,31,64
4000,66,165.939393939394,45.9393939393939,33,64
4100,66,170.727272727273,44.8484848484849,33,62
4200,66,173.28125,44.3125,32,62
4300,66,174.870967741935,42.741935483871,31,62
4400,66,176.548387096774,42.3548387096774,31,64
4500,66,177.433333333333,43.3333333333333,30,64
4600,66,178.40625,42.34375,32,64
4700,66,180.205882352941,41.4411764705882,34,64
4800,66,184.441176470588,42.0294117647059,34,66
4900,66,188.424242424242,45,33,64
5000,66,192.59375,44.40625,32,64
5100,66,196.818181818182,45.2727272727273,33,62
5200,66,199.15625,46.65625,32,62
5300,66,201.633333333333,46.8,30,62
5400,66,205.46875,47.28125,32,64
5500,66,208.242424242424,45.0606060606061,33,64
5600,66,211.272727272727,45.6363636363636,33,62
5700,66,216,45.90625,32,64
5800,66,219.5,47.8235294117647,34,64
5900,66,224.705882352941,46.264705882353,34,64
6000,66,228.484848484848,46.2727272727273,33,64
6100,66,231.516129032258,46.9677419354839,31,62
6200,66,234.451612903226,46.2903225806452,31,62
6300,66,236.483870967742,48.6774193548387,31,62
6400,66,238.205882352941,51.0882352941176,34,64
6500,66,239.233333333333,49.7333333333333,30,60
6600,66,243.5,49.625,32,62
6700,66,245.882352941176,50,34,64
6800,66,249.625,50.3125,32,62
6900,66,252.969696969697,50.030303030303,33,64
7000,66,255.028571428571,50.1714285714286,35,64
7100,66,254.69696969697,48.9393939393939,33,64
7200,66,255.090909090909,48.8484848484849,33,62
7300,66,258.84375,47.21875,32,64
7400,66,261.387096774194,48.0645161290323,31,64
7500,66,263.03125,48.09375,32,62
7600,66,265.58064516129,49.6129032258065,31,64
7700,66,267.84375,49.8125,32,64
7800,66,272,50.4375,32,62
7900,66,273.970588235294,48.9117647058823,34,64
8000,66,279.1875,47.5625,32,64
8100,66,280.28125,47.40625,32,64
8200,66,283.558823529412,47.1764705882353,34,64
8300,66,288.617647058824,48.3823529411765,34,64
8400,66,291.84375,49.71875,32,62
8500,66,293.090909090909,50.7878787878788,33,66
8600,66,296.483870967742,50.2258064516129,31,62
8700,66,300.176470588235,50.9117647058824,34,64
8800,66,302.5,51.0625,32,64
8900,66,305.235294117647,53.0294117647059,34,64
9000,66,306.71875,51.90625,32,64
9100,66,309.606060606061,51.8484848484849,33,64
9200,66,313.363636363636,52.9090909090909,33,64
9300,66,317.967741935484,53.3548387096774,31,62
9400,66,322.53125,52,32,64
9500,66,326.727272727273,50.2121212121212,33,66
9600,66,328.064516129032,50.0322580645161,31,64
9700,66,333.393939393939,49.8181818181818,33,66
9800,66,335.818181818182,50.2424242424242,33,64
9900,66,336.161290322581,47.1935483870968,31,64
10000,66,339.677419354839,47.3870967741935,31,62
0,67,51,49.6666666666667,3,20
100,67,53.9705882352941,50.6764705882353,34,64
200,67,56.1764705882353,48.1764705882353,34,62
300,67,58.90625,46.40625,32,64
400,67,61.3529411764706,48.4411764705882,34,64
500,67,66.4375,47.625,32,64
600,67,68.4117647058824,47.8823529411765,34,64
700,67,70.3939393939394,48.7878787878788,33,64
800,67,74.34375,48.15625,32,64
900,67,78.90625,48.25,32,64
1000,67,83.0625,50.75,32,62
1100,67,84.2121212121212,52.2727272727273,33,64
1200,67,85.7878787878788,52.4545454545454,33,62
1300,67,89.1212121212121,52.2727272727273,33,64
1400,67,91.0322580645161,53.5161290322581,31,62
1500,67,94.8285714285714,53.2857142857143,35,64
1600,67,97.0322580645161,53.9032258064516,31,62
1700,67,100.882352941176,53.1764705882353,34,66
1800,67,104.935483870968,51.741935483871,31,62
1900,67,108.205882352941,51.2941176470588,34,64
2000,67,112.133333333333,50.5,30,62
2100,67,115.6,50.5666666666667,30,60
2200,67,117.212121212121,53.1818181818182,33,64
2300,67,120.193548387097,52.9032258064516,31,64
2400,67,122.9375,51.4375,32,62
2500,67,125.548387096774,50.5483870967742,31,62
2600,67,129,50.5588235294118,34,66
2700,67,132.617647058824,50.0882352941177,34,64
2800,67,136.322580645161,50.3548387096774,31,62
2900,67,137.823529411765,50.8235294117647,34,62
3000,67,139.852941176471,52.7058823529412,34,64
3100,67,142.242424242424,52.6969696969697,33,64
3200,67,145.272727272727,52.8484848484849,33,62
3300,67,146.818181818182,52.2727272727273,33,62
3400,67,148.264705882353,51.7352941176471,34,64
3500,67,150.3125,52,32,64
3600,67,152.103448275862,52.3103448275862,29,62
3700,67,154.34375,54.1875,32,64
3800,67,158.193548387097,52.5483870967742,31,62
3900,67,159.75,51.71875,32,62
4000,67,164.058823529412,51.7352941176471,34,66
4100,67,166.21875,52.78125,32,62
4200,67,167.272727272727,52.8484848484849,33,62
4300,67,168.647058823529,50.9117647058823,34,64
4400,67,170.75,50.90625,32,62
4500,67,173.5,51.6875,32,64
4600,67,177,52.3548387096774,31,64
4700,67,178.885714285714,52.9428571428571,35,64
4800,67,182.969696969697,52.5757575757576,33,62
4900,67,186.757575757576,49.6969696969697,33,62
5000,67,189.545454545455,49.9090909090909,33,64
5100,67,193.0625,48.84375,32,62
5200,67,199.0625,47.125,32,64
5300,67,201.41935483871,48.7096774193548,31,62
5400,67,202.65625,46.15625,32,64
5500,67,206.28125,46.21875,32,64
5600,67,207.428571428571,47.0857142857143,35,64
5700,67,209.969696969697,46.9393939393939,33,64
5800,67,210.366666666667,47.2333333333333,30,62
5900,67,213.117647058824,46.7941176470588,34,64
6000,67,216.09375,46.8125,32,64
6100,67,218.333333333333,47.1515151515151,33,64
6200,67,222.264705882353,48.2647058823529,34,64
6300,67,224.903225806452,47.1935483870968,31,60
6400,67,226.114285714286,47.1714285714286,35,66
6500,67,230.794117647059,49.2352941176471,34,64
6600,67,230.909090909091,48.1818181818182,33,64
6700,67,232.242424242424,49.6060606060606,33,66
6800,67,235.387096774194,51.6774193548387,31,64
6900,67,237.066666666667,53.1666666666667,30,62
7000,67,239.806451612903,52.258064516129,31,62
7100,67,242.625,52.96875,32,62
7200,67,244.735294117647,52,34,62
7300,67,245.5,52,32,64
7400,67,247.677419354839,54.4193548387097,31,62
7500,67,251.848484848485,55.3333333333333,33,64
7600,67,255,57.40625,32,64
7700,67,257.5625,57.53125,32,64
7800,67,261.529411764706,56.0588235294118,34,64
7900,67,262.6,56.6,35,66
8000,67,265.1875,55.90625,32,64
8100,67,271.193548387097,54.6129032258064,31,62
8200,67,275.066666666667,53.1,30,60
8300,67,278.3125,54.1875,32,62
8400,67,281.30303030303,54.3030303030303,33,64
8500,67,283.848484848485,56.1515151515152,33,62
8600,67,287.235294117647,55.7352941176471,34,64
8700,67,289.085714285714,56.2,35,64
8800,67,290.848484848485,56.0909090909091,33,64
8900,67,291.53125,55.0625,32,62
9000,67,293.5625,56.25,32,64
9100,67,297.354838709677,56.0645161290323,31,64
9200,67,299.058823529412,56.2352941176471,34,64
9300,67,302.09375,55.9375,32,62
9400,67,304.142857142857,55.8571428571429,35,66
9500,67,306.870967741935,56.6129032258065,31,62
9600,67,310.090909090909,55.8484848484849,33,64
9700,67,313.852941176471,55.0882352941177,34,64
9800,67,317.941176470588,57.1176470588235,34,66
9900,67,322.90625,57.21875,32,64
10000,67,324.823529411765,59.264705882353,34,64
0,68,49.5,50.5,2,14
100,68,51.6666666666667,51.3030303030303,33,64
200,68,55.2285714285714,52.6571428571429,35,64
300,68,57.9090909090909,52.6969696969697,33,62
400,68,60.8333333333333,51.9,30,62
500,68,62.9117647058824,49.9705882352941,34,64
600,68,66.15625,51,32,62
700,68,70.1290322580645,50.0322580645161,31,64
800,68,74.34375,51.4375,32,62
900,68,75.2727272727273,52.0909090909091,33,64
1000,68,77.9375,54.75,32,64
1100,68,78.8529411764706,55.0588235294118,34,64
1200,68,81.21875,54.96875,32,64
1300,68,80.969696969697,53.8181818181818,33,62
1400,68,83.8787878787879,52.9090909090909,33,64
1500,68,86.7272727272727,54.4545454545454,33,64
1600,68,89.78125,53.96875,32,64
1700,68,92.3714285714286,54.4285714285714,35,64
1800,68,97.5625,54.125,32,62
1900,68,100.5,53.6764705882353,34,64
2000,68,103.606060606061,53.7272727272727,33,64
2100,68,106.970588235294,53.6470588235294,34,64
2200,68,109.970588235294,54.1470588235294,34,64
2300,68,110.6875,53.4375,32,62
2400,68,113.424242424242,54.6666666666667,33,62
2500,68,113.818181818182,54,33,64
2600,68,116.545454545455,53.030303030303,33,64
2700,68,118.064516129032,53,31,62
2800,68,121.969696969697,53.1818181818182,33,62
2900,68,123.625,52.375,32,62
3000,68,128.588235294118,52.8823529411765,34,64
3100,68,131.733333333333,53.3,30,62
3200,68,132.970588235294,53.6470588235294,34,66
3300,68,134.454545454545,54.8181818181818,33,64
3400,68,136.9375,52.71875,32,64
3500,68,138.375,52.09375,32,62
3600,68,140.69696969697,52.4848484848485,33,64
3700,68,144.057142857143,52.3714285714286,35,66
3800,68,148.121212121212,51.5757575757576,33,64
3900,68,150.424242424242,53.9393939393939,33,62
4000,68,151.941176470588,53.3823529411765,34,64
4100,68,153.090909090909,51.4545454545455,33,62
4200,68,154.90625,53.59375,32,62
4300,68,156.4375,52.59375,32,64
4400,68,157.909090909091,52.1515151515151,33,62
4500,68,159.333333333333,54.7575757575758,33,62
4600,68,161.666666666667,53.7575757575758,33,62
4700,68,163.529411764706,52.5,34,64
4800,68,164.625,52.5,32,64
4900,68,165.366666666667,51.6,30,62
5000,68,168,51.3030303030303,33,64
5100,68,169.96875,51.40625,32,62
5200,68,175.575757575758,50.6363636363636,33,64
5300,68,177.257142857143,51.2285714285714,35,64
5400,68,179.787878787879,50.5454545454545,33,62
5500,68,183.322580645161,51.258064516129,31,64
5600,68,187.15625,52.1875,32,66
5700,68,190.30303030303,52.7272727272727,33,66
5800,68,193.454545454545,52.9090909090909,33,62
5900,68,198.352941176471,55.2352941176471,34,64
6000,68,200.181818181818,53.7878787878788,33,64
6100,68,201.733333333333,53.7333333333333,30,62
6200,68,204.625,53.6875,32,62
6300,68,207.69696969697,53.0909090909091,33,62
6400,68,208.484848484848,54.6060606060606,33,62
6500,68,211.181818181818,54.2727272727273,33,64
6600,68,214.085714285714,51.8,35,64
6700,68,217.545454545455,51.5151515151515,33,64
6800,68,220.6875,52.5625,32,64
6900,68,222.147058823529,52.5294117647059,34,64
7000,68,224.870967741935,52.0645161290323,31,64
7100,68,227.0625,51.6875,32,64
7200,68,230.451612903226,49.8709677419355,31,64
7300,68,234.75,48.90625,32,62
7400,68,235.323529411765,48.764705882353,34,64
7500,68,238.029411764706,50.3235294117647,34,64
7600,68,239.176470588235,52.2058823529412,34,66
7700,68,241.870967741935,47.4838709677419,31,64
7800,68,242.064516129032,49.9354838709677,31,64
7900,68,244.5625,48.375,32,64
8000,68,247.8125,49.5,32,64
8100,68,250.875,47.78125,32,62
8200,68,253.382352941176,46.1470588235294,34,64
8300,68,254.15625,45.53125,32,62
8400,68,256.166666666667,44.9,30,62
8500,68,258.823529411765,44.8235294117647,34,62
8600,68,261.060606060606,44.4242424242424,33,64
8700,68,264.774193548387,45.3870967741935,31,64
8800,68,266.617647058824,45.235294117647,34,64
8900,68,269.193548387097,43.3548387096774,31,60
9000,68,273.090909090909,43.7575757575758,33,64
9100,68,277.625,40.40625,32,62
9200,68,281.2,41.7,30,62
9300,68,284.84375,45.4375,32,64
9400,68,286,45.7647058823529,34,66
9500,68,289.90625,47.40625,32,64
9600,68,293.1,44.8666666666667,30,62
9700,68,296.235294117647,44.4705882352941,34,66
9800,68,299.133333333333,43,30,64
9900,68,302.685714285714,44.0571428571429,35,66
10000,68,305.516129032258,45.258064516129,31,62
0,69,49,51,3,20
100,69,53.6129032258065,47.9032258064516,31,62
200,69,56.6333333333334,45.5,30,62
300,69,60.21875,47.09375,32,64
400,69,60.6060606060606,48.030303030303,33,64
500,69,64.9677419354839,46.5806451612903,31,64
600,69,68.3030303030303,45.2424242424242,33,64
700,69,72.3888888888889,44.8611111111111,36,64
800,69,74.2258064516129,46.2258064516129,31,62
900,69,80.0909090909091,48.0909090909091,33,64
1000,69,83.6944444444444,49.3055555555556,36,64
1100,69,88.1,49.9333333333333,30,62
1200,69,91.1875,51.75,32,64
1300,69,95,49.0882352941176,34,64
1400,69,96.9354838709677,50.2258064516129,31,62
1500,69,98.9090909090909,50.5454545454546,33,64
1600,69,101.363636363636,50.7272727272727,33,62
1700,69,103.161290322581,50.1612903225806,31,62
1800,69,107.161290322581,50.8387096774194,31,62
1900,69,109.212121212121,50,33,64
2000,69,109.666666666667,51.2424242424242,33,62
2100,69,113.71875,51.1875,32,62
2200,69,116.685714285714,49.6,35,64
2300,69,120.875,49.1875,32,64
2400,69,123.032258064516,45.9354838709678,31,62
2500,69,125.8125,44.6875,32,64
2600,69,128.5,45.2058823529412,34,64
2700,69,132.242424242424,46.3030303030303,33,64
2800,69,136.575757575758,45.8484848484849,33,64
2900,69,140,47.3529411764706,34,64
3000,69,141.628571428571,49.1714285714286,35,66
3100,69,143.71875,49.96875,32,62
3200,69,148.735294117647,50.9117647058823,34,64
3300,69,150.9,50.8666666666667,30,62
3400,69,155.636363636364,49.6666666666667,33,64
3500,69,156.882352941176,51.9705882352941,34,66
3600,69,158.575757575758,52.7575757575758,33,66
3700,69,160.636363636364,50.8484848484849,33,66
3800,69,162.147058823529,51.6176470588235,34,64
3900,69,165.366666666667,50.3333333333333,30,62
4000,69,166.628571428571,50.4285714285714,35,64
4100,69,170.060606060606,50.8484848484849,33,64
4200,69,172.294117647059,52.1470588235294,34,64
4300,69,177.28125,53.03125,32,64
4400,69,178.617647058824,55.3823529411765,34,66
4500,69,179.25,54.9375,32,64
4600,69,182.59375,52.6875,32,62
4700,69,185.235294117647,53.8823529411765,34,64
4800,69,186.677419354839,52.9677419354839,31,62
4900,69,190.382352941176,51.9411764705882,34,66
5000,69,194.294117647059,51.5,34,62
5100,69,197.966666666667,52.1,30,60
5200,69,200.030303030303,53.8787878787879,33,64
5300,69,203,53.5666666666667,30,62
5400,69,207.514285714286,53.4,35,64
5500,69,213.088235294118,51.6470588235294,34,64
5600,69,215.878787878788,52.8787878787879,33,66
5700,69,217.516129032258,52.9677419354839,31,64
5800,69,218.566666666667,53.1333333333333,30,64
5900,69,224,53,33,64
6000,69,227.636363636364,51.4545454545454,33,64
6100,69,229.8125,54.28125,32,66
6200,69,232.764705882353,54.4411764705882,34,64
6300,69,236.30303030303,54.7575757575758,33,62
6400,69,239.151515151515,55.0909090909091,33,64
6500,69,244.121212121212,53.9090909090909,33,64
6600,69,246.41935483871,53.0322580645161,31,64
6700,69,249.78125,54,32,62
6800,69,251.909090909091,53.8484848484849,33,62
6900,69,253.771428571429,55.5714285714286,35,64
7000,69,255.75,54.5625,32,62
7100,69,257.5625,55.15625,32,62
7200,69,261.333333333333,56.0606060606061,33,64
7300,69,265.058823529412,55.8529411764706,34,64
7400,69,268,57.4375,32,64
7500,69,272.181818181818,57.4545454545454,33,64
7600,69,274.515151515152,57.9090909090909,33,62
7700,69,276.5,58.25,32,62
7800,69,277.242424242424,55.4242424242424,33,64
7900,69,280.212121212121,54.5151515151515,33,64
8000,69,284.03125,53.625,32,62
8100,69,285.727272727273,52.4545454545455,33,64
8200,69,286.848484848485,53.4848484848485,33,64
8300,69,289.875,54.6875,32,64
8400,69,289.685714285714,53.6,35,66
8500,69,292.30303030303,53.9090909090909,33,62
8600,69,293.857142857143,52.5714285714286,35,66
8700,69,296.848484848485,52.8787878787879,33,64
8800,69,299.333333333333,51.5151515151515,33,64
8900,69,299.147058823529,51.5294117647059,34,64
9000,69,302.147058823529,50.9411764705882,34,64
9100,69,305.969696969697,49.2121212121212,33,64
9200,69,307.838709677419,50,31,64
9300,69,310.823529411765,53.3235294117647,34,64
9400,69,314.878787878788,54.4848484848485,33,66
9500,69,320.121212121212,54.6363636363636,33,64
9600,69,322.6875,55.15625,32,64
9700,69,324.966666666667,57.7,30,64
9800,69,327.375,57.9375,32,64
9900,69,327.133333333333,59.2,30,62
10000,69,330.333333333333,59.1212121212121,33,64
0,70,49.3333333333333,50.3333333333333,3,18
100,70,52.0882352941176,50.7352941176471,34,64
200,70,54.5,50.5882352941176,34,64
300,70,56.1818181818182,49.7272727272727,33,64
400,70,58.2121212121212,49.5757575757576,33,64
500,70,61.969696969697,49.8181818181818,33,62
600,70,61.8529411764706,49.3529411764706,34,64
700,70,66.4375,47.34375,32,62
800,70,70.5,49.5,34,64
900,70,70.7666666666667,50.3,30,62
1000,70,72.969696969697,51.8181818181818,33,62
1100,70,74.5454545454545,50.9090909090909,33,64
1200,70,78.5151515151515,51.969696969697,33,64
1300,70,82,50.5588235294118,34,66
1400,70,85.15625,50.375,32,60
1500,70,84.8125,50.90625,32,64
1600,70,87.7575757575758,52.3939393939394,33,64
1700,70,91.3939393939394,52.4545454545455,33,64
1800,70,93.5806451612904,54.3225806451613,31,62
1900,70,95.2571428571428,54.7714285714286,35,64
2000,70,98.28125,53.375,32,64
2100,70,102.647058823529,54.8529411764706,34,64
2200,70,107.181818181818,55.969696969697,33,62
2300,70,109.96875,55.65625,32,62
2400,70,112.909090909091,56.1818181818182,33,64
2500,70,115.090909090909,56.969696969697,33,64
2600,70,118.290322580645,57.4516129032258,31,62
2700,70,121.903225806452,58,31,62
2800,70,122.4375,57.65625,32,66
2900,70,124.848484848485,57.5151515151515,33,62
3000,70,128.6875,57.8125,32,62
3100,70,130.032258064516,58.2903225806452,31,62
3200,70,133,59.3125,32,64
3300,70,135.176470588235,59.7647058823529,34,64
3400,70,135.612903225806,59.1290322580645,31,64
3500,70,137.483870967742,58.9677419354839,31,64
3600,70,141.375,62.625,32,62
3700,70,145.393939393939,62.7575757575758,33,64
3800,70,148.823529411765,62.1764705882353,34,62
3900,70,154.30303030303,62.1212121212121,33,64
4000,70,158.766666666667,62.7,30,62
4100,70,162.212121212121,63.3636363636364,33,64
4200,70,165.194444444444,64.3333333333333,36,66
4300,70,167.677419354839,65.3225806451613,31,62
4400,70,169.03125,64.03125,32,64
4500,70,172.393939393939,65.8787878787879,33,64
4600,70,175.5625,66.1875,32,62
4700,70,179.53125,66.0625,32,62
4800,70,183.375,65.375,32,62
4900,70,186.46875,66.78125,32,62
5000,70,190.205882352941,65.5,34,66
5100,70,194.470588235294,64.2647058823529,34,64
5200,70,196.333333333333,64.5757575757576,33,62
5300,70,197.529411764706,66.3823529411765,34,66
5400,70,199.676470588235,67.8529411764706,34,64
5500,70,203.625,68.40625,32,62
5600,70,207.09375,68.59375,32,62
5700,70,208.5,68.2941176470588,34,62
5800,70,210.235294117647,67.8823529411765,34,64
5900,70,214.03125,66.90625,32,62
6000,70,218,66.6333333333333,30,62
6100,70,219.375,65.625,32,62
6200,70,224.322580645161,68,31,62
6300,70,227.121212121212,69.030303030303,33,64
6400,70,231.4375,69.375,32,64
6500,70,235.911764705882,69.0588235294118,34,64
6600,70,237.066666666667,70.5,30,62
6700,70,237.6875,69.96875,32,64
6800,70,242.3,69.1666666666667,30,62
6900,70,243.727272727273,70,33,64
7000,70,247.823529411765,71.6176470588235,34,64
7100,70,250.176470588235,70.8235294117647,34,62
7200,70,254.558823529412,68.5588235294118,34,66
7300,70,258.48275862069,70.4827586206897,29,60
7400,70,261.75,71.75,32,64
7500,70,265.823529411765,73.1764705882353,34,62
7600,70,268.914285714286,73.6857142857143,35,64
7700,70,271.333333333333,72.2121212121212,33,66
7800,70,273.970588235294,70.3823529411765,34,64
7900,70,275.424242424242,70.4242424242424,33,62
8000,70,279.647058823529,70.9117647058823,34,64
8100,70,283.3125,71.9375,32,62
8200,70,286.030303030303,72.3333333333333,33,64
8300,70,289.617647058824,73,34,66
8400,70,290.96875,71.65625,32,66
8500,70,294.333333333333,70.4242424242424,33,62
8600,70,296.4,71.6333333333333,30,62
8700,70,300.057142857143,71.3428571428571,35,64
8800,70,302.969696969697,71.3636363636364,33,64
8900,70,305.702702702703,73.1351351351351,37,66
9000,70,309.515151515152,72.7272727272727,33,64
9100,70,311.53125,72.34375,32,64
9200,70,313.939393939394,72.1818181818182,33,64
9300,70,316.181818181818,73,33,64
9400,70,319.483870967742,72.5483870967742,31,66
9500,70,321.5,75,34,64
9600,70,323.90625,75.4375,32,64
9700,70,326.235294117647,74.5294117647059,34,64
9800,70,329.575757575758,73.2424242424242,33,62
9900,70,333.060606060606,74,33,64
10000,70,334.375,74.84375,32,60
0,71,49.25,49.25,4,26
100,71,50.7352941176471,50.9117647058824,34,64
200,71,50.8666666666667,50.2,30,62
300,71,52.8125,50.375,32,64
400,71,55.7878787878788,49.1818181818182,33,64
500,71,57.3333333333333,48.6060606060606,33,64
600,71,58.4193548387097,47.5483870967742,31,64
700,71,59.75,47.40625,32,64
800,71,63.3055555555556,49.9722222222222,36,64
900,71,66.0645161290322,49.6774193548387,31,62
1000,71,68.2727272727273,50.8181818181818,33,62
1100,71,72.0909090909091,51.030303030303,33,64
1200,71,73.25,53.90625,32,64
1300,71,74.9375,52.03125,32,64
1400,71,78.060606060606,53.6969696969697,33,64
1500,71,80.3428571428571,53.9428571428571,35,64
1600,71,85.25,52.375,32,62
1700,71,86.53125,52.25,32,62
1800,71,87.3870967741936,53,31,60
1900,71,91.9354838709677,52.7096774193548,31,62
2000,71,96,52.2424242424242,33,64
2100,71,99,52,31,60
2200,71,102.645161290323,49.4516129032258,31,64
2300,71,107.0625,47.90625,32,62
2400,71,112.676470588235,48.235294117647,34,64
2500,71,115.483870967742,47.3548387096774,31,64
2600,71,117.147058823529,46.1176470588235,34,64
2700,71,119.382352941176,44.8529411764706,34,64
2800,71,121.909090909091,44.5454545454546,33,62
2900,71,125.548387096774,47.6129032258065,31,64
3000,71,129,49.0882352941177,34,64
3100,71,133.090909090909,50.4545454545455,33,62
3200,71,137.090909090909,50.5151515151515,33,64
3300,71,139.606060606061,50.6060606060606,33,64
3400,71,142.181818181818,48.6666666666667,33,64
3500,71,145.727272727273,46.969696969697,33,64
3600,71,148.4375,46,32,62
3700,71,151.1875,45.8125,32,62
3800,71,153.787878787879,46.4545454545454,33,62
3900,71,156.757575757576,47.6666666666667,33,62
4000,71,157.903225806452,47.9677419354839,31,64
4100,71,161.25,47.8125,32,62
4200,71,163.264705882353,46.4705882352941,34,64
4300,71,166.848484848485,46.8787878787879,33,68
4400,71,170.058823529412,47.0882352941177,34,64
4500,71,174.515151515152,47.1515151515152,33,62
4600,71,178.5625,46.4375,32,62
4700,71,179.242424242424,47.5757575757576,33,62
4800,71,182.5,49.2941176470588,34,62
4900,71,185.03125,50.5625,32,64
5000,71,188.575757575758,50.4242424242424,33,64
5100,71,191.818181818182,47.6969696969697,33,64
5200,71,193.342857142857,47.0571428571429,35,68
5300,71,196.290322580645,49.6451612903226,31,62
5400,71,199,48,35,64
5500,71,201.121212121212,46.0909090909091,33,64
5600,71,203.30303030303,44.7272727272727,33,64
5700,71,206.342857142857,46.1142857142857,35,66
5800,71,209.424242424242,45.9393939393939,33,62
5900,71,212.71875,45.4375,32,62
6000,71,215.393939393939,48.2424242424242,33,66
6100,71,217.75,45.8125,32,64
6200,71,221.96875,46.71875,32,64
6300,71,224.363636363636,46.1818181818182,33,66
6400,71,227.375,45.3125,32,64
6500,71,232.125,44.875,32,62
6600,71,236.5,46,32,62
6700,71,238.5,47.5,34,64
6800,71,240.911764705882,48.9705882352941,34,64
6900,71,240.65625,47.90625,32,62
7000,71,242.21875,48.4375,32,64
7100,71,244.606060606061,48.4848484848485,33,62
7200,71,246.147058823529,47.8235294117647,34,66
7300,71,247,47.53125,32,64
7400,71,248.285714285714,48.1714285714286,35,64
7500,71,252.28125,48.28125,32,64
7600,71,255.666666666667,46.3636363636364,33,64
7700,71,259.03125,47.71875,32,62
7800,71,261.1875,48.1875,32,62
7900,71,263.264705882353,50,34,62
8000,71,268.225806451613,51.0322580645161,31,62
8100,71,272.352941176471,50.7352941176471,34,64
8200,71,276.147058823529,50.3823529411765,34,64
8300,71,278.909090909091,49.030303030303,33,64
8400,71,279.705882352941,50.8529411764706,34,64
8500,71,284.064516129032,51.6774193548387,31,64
8600,71,287.727272727273,53.3636363636364,33,64
8700,71,291.470588235294,52.735294117647,34,64
8800,71,295.451612903226,53.5806451612903,31,62
8900,71,299.545454545455,54.1515151515151,33,64
9000,71,301.911764705882,54.4117647058823,34,64
9100,71,304,53.65625,32,62
9200,71,308.75,51.6875,32,64
9300,71,312.451612903226,50.6774193548387,31,64
9400,71,314.870967741935,50.4516129032258,31,62
9500,71,316.161290322581,51.1935483870968,31,64
9600,71,320.727272727273,51.4242424242424,33,64
9700,71,322.46875,53.0625,32,62
9800,71,325.30303030303,52.4242424242424,33,64
9900,71,325.625,51.90625,32,62
10000,71,328.181818181818,50.3939393939394,33,64
0,72,49.8,49.6,5,30
100,72,53.7272727272727,49.3636363636364,33,64
200,72,55.551724137931,48.9655172413793,29,62
300,72,57.28125,49.59375,32,62
400,72,59.5757575757576,49.9090909090909,33,64
500,72,62.6666666666667,49.7575757575758,33,62
600,72,63.7941176470588,48.3529411764706,34,64
700,72,69.030303030303,48.8787878787879,33,64
800,72,72.1612903225807,50.0645161290322,31,62
900,72,74.235294117647,49.8235294117647,34,64
1000,72,76.2121212121212,48.4545454545455,33,62
1100,72,79.7941176470588,50.6470588235294,34,64
1200,72,82.5161290322581,51.5806451612903,31,64
1300,72,84.46875,52.3125,32,62
1400,72,89.0606060606061,51.030303030303,33,64
1500,72,92.15625,51.5,32,64
1600,72,94.6129032258065,51.741935483871,31,62
1700,72,97.9393939393939,49.6666666666667,33,62
1800,72,100.176470588235,49.7058823529412,34,64
1900,72,101.65625,48.34375,32,62
2000,72,105.133333333333,48.2,30,64
2100,72,109.114285714286,46.7428571428572,35,64
2200,72,110.28125,45.21875,32,62
2300,72,114.212121212121,45.1818181818182,33,64
2400,72,116.424242424242,45.1212121212121,33,64
2500,72,118.870967741935,47.2258064516129,31,64
2600,72,124.157894736842,47.0526315789474,38,66
2700,72,128.151515151515,46.0909090909091,33,64
2800,72,132.40625,44.875,32,62
2900,72,133.363636363636,46.2121212121212,33,64
3000,72,136.53125,46.1875,32,64
3100,72,139.382352941176,44.3823529411765,34,64
3200,72,141.709677419355,42,31,62
3300,72,145.529411764706,41.9411764705882,34,64
3400,72,147.588235294118,41,34,64
3500,72,150.354838709677,38.4516129032258,31,64
3600,72,155.75,38.4375,32,64
3700,72,158.0625,36.875,32,62
3800,72,161.885714285714,36.6,35,66
3900,72,163.84375,36,32,62
4000,72,167.529411764706,34.8529411764706,34,64
4100,72,170.878787878788,33.969696969697,33,64
4200,72,174.285714285714,30.9428571428571,35,64
4300,72,176.909090909091,29.0606060606061,33,66
4400,72,177.78125,30.28125,32,66
4500,72,178.666666666667,27.4242424242424,33,62
4600,72,182,27.5806451612903,31,64
4700,72,185.060606060606,29.030303030303,33,64
4800,72,187.617647058824,28.0294117647059,34,66
4900,72,190.548387096774,28.8064516129032,31,64
5000,72,194.757575757576,26.6666666666667,33,62
5100,72,196.241379310345,25.8620689655172,29,62
5200,72,199.125,27.125,32,66
5300,72,202.366666666667,26.7,30,62
5400,72,204.424242424242,27.030303030303,33,62
5500,72,208.387096774194,27.741935483871,31,60
5600,72,210.225806451613,26.2258064516129,31,62
5700,72,214.78125,27,32,62
5800,72,217.34375,27.375,32,64
5900,72,220.030303030303,26.6969696969697,33,64
6000,72,222.939393939394,29.4242424242424,33,62
6100,72,226.875,29.875,32,66
6200,72,229.088235294118,31.7941176470588,34,64
6300,72,233,30.21875,32,62
6400,72,235.666666666667,29.7,30,62
6500,72,237.666666666667,30.3030303030303,33,64
6600,72,239.911764705882,32.0294117647059,34,64
6700,72,241.323529411765,31.8529411764706,34,64
6800,72,241.939393939394,32.3939393939394,33,66
6900,72,244.935483870968,32.258064516129,31,64
7000,72,248.969696969697,31.8181818181818,33,62
7100,72,253.875,31.15625,32,64
7200,72,256,29.5,34,62
7300,72,257.633333333333,27.9,30,62
7400,72,258.575757575758,26.030303030303,33,62
7500,72,260.1875,26,32,64
7600,72,263.542857142857,26.3428571428571,35,66
7700,72,265.15625,25.0625,32,64
7800,72,267.4,24.6,30,62
7900,72,269.484848484848,22.7878787878788,33,64
8000,72,270.147058823529,22.9411764705882,34,64
8100,72,272.617647058824,22.5882352941176,34,64
8200,72,274.424242424242,22.969696969697,33,64
8300,72,274.838709677419,24.1612903225806,31,62
8400,72,278.878787878788,20.9393939393939,33,64
8500,72,280.151515151515,20.4242424242424,33,64
8600,72,284.666666666667,20.2424242424242,33,62
8700,72,289.121212121212,22.8787878787879,33,64
8800,72,289.454545454545,24.0909090909091,33,62
8900,72,292.885714285714,23.8857142857143,35,64
9000,72,293.848484848485,23.3333333333333,33,64
9100,72,295,24.1875,32,62
9200,72,296.057142857143,26.8857142857143,35,64
9300,72,300.575757575758,25.4242424242424,33,62
9400,72,303.393939393939,24.7272727272727,33,64
9500,72,305.5,26.1176470588235,34,64
9600,72,311.28125,22.90625,32,62
9700,72,313.875,23.1875,32,64
9800,72,316.705882352941,20.6764705882353,34,64
9900,72,317.942857142857,18.7142857142857,35,64
10000,72,318.515151515152,21.1515151515152,33,62
0,73,50.25,50,4,22
100,73,52.7272727272727,49.6969696969697,33,64
200,73,55.8484848484849,48.0606060606061,33,68
300,73,59.6363636363636,48.9090909090909,33,64
400,73,63.7575757575758,50.1818181818182,33,66
500,73,65.8529411764706,49.4705882352941,34,64
600,73,70.7575757575758,49.4242424242424,33,66
700,73,75.84375,48.625,32,64
800,73,79.1666666666667,49.4666666666667,30,62
900,73,81,49.5,30,62
1000,73,87.1764705882353,46.5,34,64
1100,73,91.375,47.78125,32,64
1200,73,94.8529411764706,48.235294117647,34,64
1300,73,97,48.9117647058823,34,64
1400,73,97.1428571428571,49.1142857142857,35,66
1500,73,99.8857142857143,49.5142857142857,35,64
1600,73,102.823529411765,49.764705882353,34,64
1700,73,105.147058823529,47.6176470588235,34,64
1800,73,107.2,46.6,30,64
1900,73,112.028571428571,47.8285714285714,35,64
2000,73,115.625,48.5,32,62
2100,73,118,48.8666666666667,30,62
2200,73,121.823529411765,51.1764705882353,34,64
2300,73,122.342857142857,52.9428571428571,35,64
2400,73,125.548387096774,52.2258064516129,31,64
2500,73,127.606060606061,52.0909090909091,33,64
2600,73,130.393939393939,51.5151515151515,33,62
2700,73,133.823529411765,52.764705882353,34,64
2800,73,137.151515151515,51.4848484848485,33,64
2900,73,138.882352941176,50.7941176470588,34,64
3000,73,142.806451612903,52.6774193548387,31,62
3100,73,144.882352941176,53.1764705882353,34,66
3200,73,147.65625,52.96875,32,64
3300,73,150.6875,53.34375,32,62
3400,73,151.5,53.5,34,64
3500,73,155.914285714286,55.2571428571429,35,66
3600,73,159.666666666667,54.5333333333333,30,62
3700,73,161.757575757576,54.5454545454545,33,64
3800,73,164,53.6774193548387,31,62
3900,73,168.085714285714,52.5428571428572,35,64
4000,73,173.914285714286,51.8,35,66
4100,73,175.411764705882,53.5,34,64
4200,73,179.65625,54.53125,32,62
4300,73,181.709677419355,51.8064516129032,31,64
4400,73,184.794117647059,51.0588235294118,34,64
4500,73,187.09375,50.25,32,64
4600,73,189.147058823529,51.4117647058824,34,64
4700,73,191.59375,52.09375,32,64
4800,73,195.15625,52.65625,32,64
4900,73,196.548387096774,53.0645161290323,31,64
5000,73,201.84375,54.375,32,60
5100,73,207.21875,54.90625,32,64
5200,73,210.909090909091,54.2424242424242,33,62
5300,73,215.625,53.96875,32,64
5400,73,218.066666666667,54.2666666666667,30,62
5500,73,219.571428571429,57.0857142857143,35,64
5600,73,223.441176470588,58.2647058823529,34,64
5700,73,226.942857142857,58.3428571428571,35,64
5800,73,231.354838709677,58.4193548387097,31,62
5900,73,234.470588235294,61.1470588235294,34,64
6000,73,238.484848484848,63.030303030303,33,64
6100,73,238.787878787879,62,33,64
6200,73,240.96875,60.5,32,66
6300,73,243.875,61.8125,32,64
6400,73,245.363636363636,62.6969696969697,33,64
6500,73,249.2,61.2333333333333,30,62
6600,73,251.088235294118,60.4117647058823,34,64
6700,73,252.787878787879,59.5454545454545,33,62
6800,73,256.181818181818,58.969696969697,33,62
6900,73,258.71875,58.4375,32,64
7000,73,259.484848484848,61.7878787878788,33,64
7100,73,262.352941176471,60.9117647058823,34,64
7200,73,264.787878787879,61.3636363636364,33,64
7300,73,267.90625,61.875,32,62
7400,73,270,65.7352941176471,34,62
7500,73,271.909090909091,65.5454545454545,33,62
7600,73,274.294117647059,64.3235294117647,34,64
7700,73,275.75,60.71875,32,62
7800,73,281.064516129032,61.258064516129,31,62
7900,73,285.4375,62.28125,32,64
8000,73,288,61.264705882353,34,64
8100,73,289.96875,60.65625,32,64
8200,73,291.03125,61.09375,32,62
8300,73,292.272727272727,60.9090909090909,33,64
8400,73,294.121212121212,62.1212121212121,33,64
8500,73,296,63.28125,32,62
8600,73,300.029411764706,64.5,34,66
8700,73,304.533333333333,63.4,30,62
8800,73,308.939393939394,64.5151515151515,33,64
8900,73,311.861111111111,64.3888888888889,36,64
9000,73,312.823529411765,63.764705882353,34,64
9100,73,316.323529411765,63.7352941176471,34,66
9200,73,319.205882352941,64.2352941176471,34,64
9300,73,322.484848484848,65.6060606060606,33,62
9400,73,325.176470588235,63.8235294117647,34,62
9500,73,327.129032258065,62.4193548387097,31,64
9600,73,329.4,60,35,64
9700,73,330.90625,60.3125,32,64
9800,73,331.903225806452,59.6451612903226,31,62
9900,73,335.032258064516,60.0967741935484,31,64
10000,73,337.764705882353,59.0588235294118,34,64
0,74,49.5,50.5,2,14
100,74,52.5294117647059,49.8823529411765,34,66
200,74,56.2424242424242,47.6060606060606,33,64
300,74,56.9117647058824,49.3529411764706,34,64
400,74,57.9333333333333,51.3333333333333,30,62
500,74,61.09375,51.71875,32,64
600,74,65.4193548387097,52.9032258064516,31,62
700,74,69.2121212121212,52.9090909090909,33,62
800,74,71,55.1,30,62
900,74,73.4545454545455,57.4242424242424,33,64
1000,74,77.7575757575758,55.8181818181818,33,64
1100,74,80.71875,55.6875,32,62
1200,74,83.5151515151515,54.7878787878788,33,64
1300,74,87.6470588235294,53.6764705882353,34,64
1400,74,90.5588235294118,52.8235294117647,34,64
1500,74,92.030303030303,55.8181818181818,33,62
1600,74,91.6470588235294,57.6470588235294,34,64
1700,74,94.2727272727273,57.939393939394,33,64
1800,74,95.5882352941176,58.1176470588235,34,64
1900,74,97,58.3939393939394,33,64
2000,74,99.9090909090909,58.1515151515151,33,62
2100,74,102.6,58,35,64
2200,74,106.636363636364,57.4545454545455,33,64
2300,74,108.5,60.8823529411765,34,64
2400,74,111.225806451613,59.1612903225806,31,62
2500,74,112.9375,60.46875,32,62
2600,74,116.0625,59.6875,32,64
2700,74,120.242424242424,59.1212121212121,33,64
2800,74,121.970588235294,59.6764705882353,34,66
2900,74,125.176470588235,59.4117647058824,34,64
3000,74,128.1,60.6666666666667,30,62
3100,74,130.806451612903,61.5806451612903,31,62
3200,74,133.21875,60.5625,32,62
3300,74,135.870967741935,59.3225806451613,31,62
3400,74,137.4375,60.3125,32,62
3500,74,141.03125,61.03125,32,66
3600,74,141.606060606061,60.5151515151515,33,64
3700,74,144.5,58.625,32,62
3800,74,147.125,58.875,32,64
3900,74,151.176470588235,58.1470588235294,34,64
4000,74,155.121212121212,59.6060606060606,33,64
4100,74,157.41935483871,58.1290322580645,31,62
4200,74,160.090909090909,57.7878787878788,33,64
4300,74,161.71875,56.875,32,64
4400,74,164.176470588235,57.0882352941176,34,64
4500,74,168.30303030303,57.2727272727273,33,64
4600,74,171.6875,56.4375,32,62
4700,74,175.5625,56.0625,32,62
4800,74,177.1875,58.625,32,64
4900,74,180.909090909091,58.2424242424242,33,62
5000,74,183.588235294118,58.5294117647059,34,64
5100,74,184.625,58.5,32,62
5200,74,187.441176470588,58.0588235294118,34,64
5300,74,189.114285714286,60.2571428571429,35,64
5400,74,190.5,58.2,30,64
5500,74,193.333333333333,58.5666666666667,30,62
5600,74,198.65625,58.21875,32,64
5700,74,200.294117647059,58.6470588235294,34,64
5800,74,202.03125,57.25,32,64
5900,74,204.970588235294,58.3235294117647,34,64
6000,74,208.5,59.25,32,62
6100,74,210.090909090909,58.2121212121212,33,62
6200,74,212.633333333333,57.5,30,62
6300,74,218.242424242424,56.1212121212121,33,66
6400,74,222.371428571429,55,35,64
6500,74,227.212121212121,56.3030303030303,33,64
6600,74,229.258064516129,58.3870967741936,31,60
6700,74,232.5,57.7058823529412,34,62
6800,74,233.515151515152,58.1515151515152,33,62
6900,74,236.242424242424,60.1818181818182,33,64
7000,74,239.228571428571,60.9142857142857,35,64
7100,74,240.2,61.1333333333333,30,66
7200,74,243.727272727273,59.3030303030303,33,64
7300,74,247.129032258065,59.7096774193548,31,62
7400,74,249,60.4545454545455,33,64
7500,74,251.71875,61.34375,32,62
7600,74,254.909090909091,62.2121212121212,33,62
7700,74,257.4375,62.8125,32,64
7800,74,260.0625,62.59375,32,68
7900,74,263.5,61.2941176470588,34,62
8000,74,266.818181818182,60.969696969697,33,62
8100,74,268.114285714286,59.1142857142857,35,64
8200,74,270.727272727273,60.8484848484849,33,62
8300,74,273.3125,61.09375,32,62
8400,74,275.151515151515,59.9393939393939,33,64
8500,74,277.272727272727,59.1818181818182,33,62
8600,74,281.90625,59.96875,32,62
8700,74,285.65625,60.21875,32,64
8800,74,287.71875,61.3125,32,62
8900,74,289.575757575758,61.2424242424242,33,66
9000,74,294,61.2903225806452,31,62
9100,74,297.483870967742,63.741935483871,31,62
9200,74,299.090909090909,64.4545454545455,33,62
9300,74,303.90625,62.03125,32,62
9400,74,307.235294117647,61.8529411764706,34,64
9500,74,310.727272727273,63.0909090909091,33,64
9600,74,313.878787878788,62.3636363636364,33,64
9700,74,317.060606060606,63.0606060606061,33,64
9800,74,319.914285714286,61.8,35,64
9900,74,324.032258064516,61.3870967741936,31,62
10000,74,327.727272727273,60.1515151515152,33,62
0,75,51.4,49.8,5,30
100,75,54.3030303030303,51.0909090909091,33,62
200,75,57.6060606060606,50.5151515151515,33,62
300,75,61.2352941176471,49.9411764705882,34,64
400,75,66.4848484848485,49.0909090909091,33,64
500,75,68.6060606060606,49,33,64
600,75,71.90625,45.65625,32,64
700,75,73.875,45.5625,32,62
800,75,76.0606060606061,46.6060606060606,33,64
900,75,78.71875,46.3125,32,62
1000,75,80.6060606060606,44.4848484848485,33,62
1100,75,84.030303030303,43.7878787878788,33,64
1200,75,88.5588235294118,42.8235294117647,34,64
1300,75,90.21875,43.1875,32,64
1400,75,94.5757575757576,44.7272727272727,33,64
1500,75,97.1818181818182,44.0909090909091,33,64
1600,75,98.15625,43.625,32,60
1700,75,101.096774193548,43.1612903225806,31,62
1800,75,103.25,43.15625,32,62
1900,75,107.484848484848,43.6060606060606,33,62
2000,75,109.333333333333,43.3030303030303,33,66
2100,75,112.032258064516,43.9354838709678,31,62
2200,75,115.352941176471,41.5882352941177,34,64
2300,75,119.8125,41.28125,32,62
2400,75,123,40.6060606060606,33,64
2500,75,128.125,37.40625,32,62
2600,75,129.709677419355,39.0645161290323,31,62
2700,75,133.090909090909,38.9090909090909,33,64
2800,75,138.090909090909,37.1515151515151,33,62
2900,75,142.757575757576,37.7575757575757,33,64
3000,75,142.424242424242,38.1515151515152,33,64
3100,75,146.03125,37.71875,32,62
3200,75,148,37.8125,32,62
3300,75,152.666666666667,38.7575757575758,33,62
3400,75,154.969696969697,40.5757575757576,33,62
3500,75,159.088235294118,43.7352941176471,34,64
3600,75,160.375,41.78125,32,64
3700,75,163,41.5,34,62
3800,75,167.242424242424,38.5151515151515,33,64
3900,75,170.633333333333,36.0333333333333,30,62
4000,75,175.451612903226,36.6774193548387,31,66
4100,75,177.6875,36.5,32,64
4200,75,181.59375,38.84375,32,66
4300,75,184.969696969697,39.2424242424242,33,64
4400,75,187.235294117647,40.1764705882353,34,64
4500,75,188.78125,41.53125,32,62
4600,75,192,42.3714285714286,35,64
4700,75,193.5,42.78125,32,66
4800,75,199.064516129032,40.4838709677419,31,62
4900,75,201.166666666667,39.3666666666667,30,62
5000,75,204.620689655172,38.2758620689655,29,60
5100,75,205.875,37.25,32,66
5200,75,208.548387096774,34.9354838709677,31,64
5300,75,211.96875,34.09375,32,62
5400,75,214.484848484848,34.9090909090909,33,62
5500,75,214.941176470588,34.5294117647059,34,64
5600,75,217.375,34.71875,32,64
5700,75,218.5,33.5,36,64
5800,75,219.935483870968,32.0645161290323,31,62
5900,75,223.548387096774,33.0967741935484,31,64
6000,75,227.176470588235,30.8235294117647,34,66
6100,75,231.529411764706,31.4117647058824,34,64
6200,75,233.741935483871,30.4193548387097,31,62
6300,75,234.027777777778,31.6944444444445,36,64
6400,75,239.1875,31.46875,32,64
6500,75,242.28125,32.625,32,62
6600,75,244.575757575758,32.3030303030303,33,64
6700,75,247.058823529412,31.8823529411765,34,64
6800,75,247.205882352941,31.9411764705882,34,64
6900,75,249.516129032258,32.0967741935484,31,64
7000,75,253.53125,33.21875,32,62
7100,75,254.78125,32.28125,32,64
7200,75,261.030303030303,30.8787878787879,33,64
7300,75,260.727272727273,30.6363636363636,33,66
7400,75,263.205882352941,29.9705882352941,34,66
7500,75,266.96875,31.34375,32,64
7600,75,271.8125,33.25,32,62
7700,75,274.03125,33.84375,32,66
7800,75,275.939393939394,33.3030303030303,33,66
7900,75,277.129032258065,33.9677419354839,31,62
8000,75,277.6875,31.875,32,64
8100,75,280.878787878788,30.8181818181818,33,66
8200,75,281.84375,29.625,32,60
8300,75,285.882352941176,30.1176470588235,34,64
8400,75,286.272727272727,28.1818181818182,33,62
8500,75,290.121212121212,28.6969696969697,33,64
8600,75,291.0625,28.53125,32,64
8700,75,294.529411764706,29.1470588235294,34,64
8800,75,295.909090909091,30.3030303030303,33,62
8900,75,298.28125,32.1875,32,62
9000,75,301.903225806452,31.5483870967742,31,62
9100,75,304.1875,29.4375,32,64
9200,75,308.484848484848,31.2121212121212,33,64
9300,75,311.882352941176,32.5882352941177,34,64
9400,75,314.375,33.84375,32,60
9500,75,317,34.5,32,62
9600,75,321.71875,34.75,32,62
9700,75,326.606060606061,35.9090909090909,33,66
9800,75,331.878787878788,36.9090909090909,33,66
9900,75,333.294117647059,39.1470588235294,34,64
10000,75,335.612903225806,37.5161290322581,31,62
0,76,49.5,49.5,2,14
100,76,50.4242424242424,50.9393939393939,33,62
200,76,53.8235294117647,51.5,34,64
300,76,58.03125,52.28125,32,62
400,76,60.625,54.09375,32,62
500,76,65.2352941176471,54.5294117647059,34,64
600,76,65,54.2424242424243,33,64
700,76,68.09375,55.75,32,62
800,76,70.9090909090909,55.4545454545455,33,62
900,76,73.060606060606,54.3333333333333,33,64
1000,76,76.2121212121212,56.0606060606061,33,64
1100,76,78.1470588235294,57.1764705882353,34,64
1200,76,82.3870967741936,58.8387096774194,31,62
1300,76,83.7714285714286,58.3428571428572,35,66
1400,76,87.4242424242424,58.9090909090909,33,64
1500,76,90.1818181818182,59.7272727272727,33,62
1600,76,93.3,57.3,30,64
1700,76,97,58.4117647058824,34,64
1800,76,99.9714285714286,58.7714285714286,35,68
1900,76,101.28125,58.4375,32,62
2000,76,104.818181818182,56.6060606060606,33,64
2100,76,106.40625,57.09375,32,64
2200,76,108.806451612903,58.258064516129,31,62
2300,76,112.53125,59.96875,32,62
2400,76,114.03125,59.65625,32,62
2500,76,115.735294117647,58.8529411764706,34,64
2600,76,118.676470588235,59.2941176470588,34,64
2700,76,121.838709677419,58.8064516129032,31,62
2800,76,124.727272727273,59.1818181818182,33,62
2900,76,127.5625,59.03125,32,64
3000,76,129.939393939394,60.8787878787879,33,64
3100,76,133.030303030303,61.5757575757576,33,62
3200,76,136.294117647059,62.5,34,62
3300,76,138.617647058824,62.5882352941177,34,64
3400,76,141.382352941176,61.9117647058824,34,64
3500,76,143.212121212121,62.4545454545455,33,62
3600,76,146,62.6363636363636,33,64
3700,76,148.233333333333,61.4666666666667,30,60
3800,76,151.285714285714,62.8285714285714,35,64
3900,76,156.387096774194,64.6774193548387,31,66
4000,76,158.40625,64.09375,32,64
4100,76,162.606060606061,65.4848484848485,33,62
4200,76,165.617647058824,63.3529411764706,34,66
4300,76,165.875,63.8125,32,64
4400,76,168,64.2285714285715,35,66
4500,76,169.677419354839,65.1612903225807,31,62
4600,76,171.3,65.9333333333333,30,62
4700,76,172.575757575758,66.2121212121212,33,64
4800,76,173.4,67.4,30,64
4900,76,176.1875,67.125,32,64
5000,76,181.314285714286,65.9142857142857,35,64
5100,76,181.333333333333,67.6060606060606,33,64
5200,76,183.125,70.78125,32,62
5300,76,186.363636363636,68.5454545454545,33,66
5400,76,188.766666666667,69.3666666666667,30,62
5500,76,194.3,70,30,62
5600,76,197.4375,69.71875,32,62
5700,76,201.9375,71.1875,32,64
5800,76,201.65625,73.34375,32,62
5900,76,205.375,70.78125,32,62
6000,76,209.03125,71.75,32,62
6100,76,213.294117647059,72.8823529411765,34,66
6200,76,215.5,72.28125,32,64
6300,76,219.885714285714,71.5142857142857,35,64
6400,76,223.5625,71.21875,32,64
6500,76,226.529411764706,70.5588235294118,34,64
6600,76,230,71.3529411764706,34,64
6700,76,232.064516129032,71.6451612903226,31,60
6800,76,234.823529411765,70.8235294117647,34,62
6900,76,239.258064516129,71.7741935483871,31,62
7000,76,242.794117647059,72,34,64
7100,76,243.914285714286,74.7714285714285,35,64
7200,76,245.878787878788,77.9393939393939,33,64
7300,76,247.848484848485,79.3030303030303,33,64
7400,76,250.878787878788,79.969696969697,33,64
7500,76,252,79.7352941176471,34,64
7600,76,253.96875,80.0625,32,66
7700,76,258,80.7352941176471,34,62
7800,76,259.029411764706,77.9705882352941,34,66
7900,76,261.818181818182,78.969696969697,33,62
8000,76,265.75,80.0625,32,64
8100,76,269.545454545455,79.4545454545454,33,66
8200,76,272.90625,79.09375,32,64
8300,76,276.382352941176,77.1470588235294,34,64
8400,76,280.424242424242,76.6969696969697,33,66
8500,76,282.363636363636,78.2727272727273,33,64
8600,76,284.636363636364,79,33,64
8700,76,285.911764705882,79,34,64
8800,76,289.5625,78.71875,32,64
8900,76,290.78125,79.625,32,62
9000,76,292.46875,79.4375,32,62
9100,76,294.1875,79.125,32,64
9200,76,295.176470588235,79.1764705882353,34,62
9300,76,297,82.4193548387097,31,62
9400,76,299.909090909091,82.3030303030303,33,62
9500,76,303.060606060606,81.2727272727273,33,64
9600,76,305.71875,82.65625,32,62
9700,76,308.612903225806,80.8064516129032,31,64
9800,76,311.828571428571,81.0285714285714,35,64
9900,76,314.212121212121,81.4545454545454,33,62
10000,76,317.25,82.84375,32,64
0,77,50.5,50,2,14
100,77,54.9090909090909,50.030303030303,33,64
200,77,57.09375,50.9375,32,62
300,77,63.1515151515151,51.6363636363636,33,64
400,77,68.9117647058823,52.9411764705882,34,64
500,77,72.34375,53,32,62
600,77,74.4516129032258,54.9032258064516,31,62
700,77,80.8235294117647,54.1764705882353,34,62
800,77,83.0645161290323,52.9354838709677,31,62
900,77,86.6764705882353,53.8529411764706,34,64
1000,77,91.9354838709677,53.8387096774194,31,64
1100,77,93.1,55.1333333333333,30,60
1200,77,95.4,55.3142857142857,35,64
1300,77,97.4827586206896,55.3103448275862,29,60
1400,77,99.8484848484848,55.6969696969697,33,64
1500,77,103.558823529412,56.2941176470588,34,64
1600,77,107.428571428571,56.7428571428571,35,66
1700,77,111.909090909091,57.4848484848485,33,64
1800,77,114.757575757576,56.7878787878788,33,66
1900,77,118.354838709677,55.7741935483871,31,64
2000,77,121.096774193548,57.4838709677419,31,62
2100,77,123.235294117647,57.6470588235294,34,64
2200,77,127.41935483871,55.6774193548387,31,64
2300,77,131.58064516129,56.9032258064516,31,62
2400,77,135.40625,56.03125,32,64
2500,77,138.228571428571,52.7142857142857,35,66
2600,77,142.454545454545,52,33,64
2700,77,145.941176470588,52.4705882352941,34,64
2800,77,150.1875,53.5625,32,62
2900,77,153.833333333333,53.7666666666667,30,64
3000,77,156.0625,54.5,32,64
3100,77,160.787878787879,54.9090909090909,33,62
3200,77,162.0625,54.71875,32,64
3300,77,164,53.7666666666667,30,62
3400,77,167.516129032258,55.1935483870968,31,64
3500,77,169.823529411765,55.1764705882353,34,62
3600,77,176.657142857143,57.2285714285714,35,64
3700,77,177.875,56.9375,32,64
3800,77,180.151515151515,56.8484848484849,33,62
3900,77,182.4375,58,32,62
4000,77,185.060606060606,58.0606060606061,33,64
4100,77,186.677419354839,57.3225806451613,31,62
4200,77,190.333333333333,57.3939393939394,33,64
4300,77,194.151515151515,58.1515151515152,33,64
4400,77,197.21875,58.5625,32,62
4500,77,197.40625,59.3125,32,62
4600,77,198.322580645161,56.6774193548387,31,64
4700,77,200.333333333333,58.8181818181818,33,64
4800,77,205.90625,57.40625,32,66
4900,77,206.942857142857,59.7142857142857,35,64
5000,77,209,58.8235294117647,34,64
5100,77,212.970588235294,58.6764705882353,34,64
5200,77,216,59.4838709677419,31,62
5300,77,215.727272727273,59.4242424242424,33,64
5400,77,218.818181818182,59.7878787878788,33,64
5500,77,221.516129032258,60.741935483871,31,62
5600,77,224.15625,61.375,32,60
5700,77,227.088235294118,60.7352941176471,34,64
5800,77,229.909090909091,61.1515151515151,33,62
5900,77,235.333333333333,60.5454545454546,33,64
6000,77,239.677419354839,60.6774193548387,31,64
6100,77,243.121212121212,61.3333333333333,33,66
6200,77,244.78125,61.1875,32,62
6300,77,246.911764705882,61.1764705882353,34,64
6400,77,249.771428571429,58.3428571428571,35,64
6500,77,250.352941176471,60.2647058823529,34,64
6600,77,252.903225806452,62.3225806451613,31,64
6700,77,255.967741935484,61.5806451612903,31,62
6800,77,256.878787878788,61.3030303030303,33,64
6900,77,257.666666666667,59.5757575757576,33,64
7000,77,261.6875,58,32,64
7100,77,263.205882352941,54.8823529411765,34,64
7200,77,265.939393939394,55.2424242424242,33,64
7300,77,267.1,54.0333333333333,30,62
7400,77,270.852941176471,54.4117647058823,34,64
7500,77,273.870967741935,54.1290322580645,31,62
7600,77,275.764705882353,55.0882352941176,34,64
7700,77,277.28125,55.03125,32,66
7800,77,278.852941176471,56.5,34,66
7900,77,280.193548387097,56.9354838709677,31,66
8000,77,282.242424242424,57.3030303030303,33,62
8100,77,287.8125,57.125,32,64
8200,77,286.970588235294,56.9117647058823,34,64
8300,77,289.21875,57.65625,32,62
8400,77,293.75,55.84375,32,64
8500,77,297.454545454545,54.3030303030303,33,64
8600,77,300.875,52.84375,32,64
8700,77,304.333333333333,53.8181818181818,33,64
8800,77,305.40625,50.90625,32,64
8900,77,307.705882352941,49.5588235294118,34,64
9000,77,312.636363636364,50.0606060606061,33,64
9100,77,318.09375,50.53125,32,64
9200,77,320,53,31,60
9300,77,325.3,54.1,30,62
9400,77,328.3,53.2666666666667,30,64
9500,77,330.4375,51.71875,32,62
9600,77,331.09375,53.375,32,64
9700,77,333.727272727273,53.6666666666667,33,64
9800,77,336.911764705882,55.4117647058824,34,64
9900,77,339.939393939394,55.0606060606061,33,64
10000,77,342.914285714286,57.8,35,64
0,78,51,50.75,4,24
100,78,54.09375,49.125,32,66
200,78,55.2424242424242,48.2121212121212,33,64
300,78,57.9354838709678,47.6129032258065,31,62
400,78,58.28125,49.625,32,62
500,78,59.3235294117647,48.5882352941176,34,64
600,78,60.0285714285714,50.1714285714286,35,64
700,78,60.9117647058823,50.0294117647059,34,64
800,78,63.1470588235294,48.5294117647059,34,64
900,78,65.5,47.8235294117647,34,64
1000,78,66.1515151515151,45.5151515151515,33,62
1100,78,69.625,46.21875,32,62
1200,78,73.6451612903226,45.9354838709678,31,60
1300,78,76.5,45.7058823529412,34,62
1400,78,81.1764705882353,47.8235294117647,34,62
1500,78,82.6451612903226,47.741935483871,31,62
1600,78,86.1176470588235,45.7647058823529,34,66
1700,78,88.3030303030303,46.4848484848485,33,64
1800,78,89.7647058823529,47.2352941176471,34,66
1900,78,93.4,47.5333333333333,30,64
2000,78,96.6363636363636,48.2424242424242,33,64
2100,78,96.2727272727273,47.6363636363636,33,62
2200,78,95.5294117647059,49.5,34,64
2300,78,97.3235294117647,50.0882352941177,34,64
2400,78,97.6451612903226,50.3225806451613,31,62
2500,78,101.548387096774,50.1612903225806,31,62
2600,78,105.441176470588,48.0588235294118,34,64
2700,78,107.4375,46.875,32,64
2800,78,110.333333333333,47.1515151515151,33,64
2900,78,112.363636363636,44.9090909090909,33,66
3000,78,116.205882352941,42.0882352941177,34,64
3100,78,120.151515151515,43.0909090909091,33,62
3200,78,122.78125,42.15625,32,64
3300,78,125.393939393939,40.6363636363636,33,64
3400,78,129,39.5,34,62
3500,78,131.764705882353,41.1764705882353,34,64
3600,78,134.625,42.75,32,64
3700,78,137.09375,42.65625,32,64
3800,78,139.032258064516,44.258064516129,31,64
3900,78,141.9375,45.1875,32,64
4000,78,143.848484848485,44.9090909090909,33,64
4100,78,146.064516129032,45.4193548387097,31,60
4200,78,148.28125,46.5,32,64
4300,78,150.193548387097,46.3548387096774,31,64
4400,78,151.411764705882,45.5,34,64
4500,78,151.424242424242,46.0606060606061,33,62
4600,78,153.941176470588,46.5294117647059,34,64
4700,78,157.757575757576,46.6969696969697,33,62
4800,78,159.645161290323,47.1612903225806,31,64
4900,78,161.838709677419,47.6451612903226,31,62
5000,78,164.967741935484,47.8064516129032,31,64
5100,78,167,47.1818181818182,33,64
5200,78,170.15625,48.21875,32,64
5300,78,173.34375,49.71875,32,62
5400,78,175.529411764706,51.9411764705882,34,64
5500,78,178.885714285714,54.3142857142857,35,66
5600,78,181.090909090909,53.8484848484849,33,62
5700,78,182.588235294118,54.4411764705882,34,64
5800,78,183.935483870968,52.4193548387097,31,60
5900,78,188.78125,53.15625,32,64
6000,78,190.787878787879,51.6666666666667,33,64
6100,78,193.484848484848,50.6060606060606,33,62
6200,78,194.666666666667,50.8181818181818,33,64
6300,78,197.878787878788,52.2424242424242,33,64
6400,78,200.677419354839,52.8709677419355,31,64
6500,78,202.28125,52.15625,32,62
6600,78,203.787878787879,53.4848484848485,33,64
6700,78,206.757575757576,53.6666666666667,33,62
6800,78,207.46875,52.1875,32,62
6900,78,213.09375,50.96875,32,62
7000,78,216.032258064516,50.7741935483871,31,64
7100,78,217.411764705882,52.1176470588235,34,64
7200,78,219.333333333333,52.1666666666667,30,64
7300,78,222.742857142857,53.5428571428571,35,64
7400,78,226.5,53.125,32,64
7500,78,229.066666666667,52.4666666666667,30,64
7600,78,232.333333333333,52.6,30,62
7700,78,235.181818181818,51.969696969697,33,64
7800,78,237.129032258065,50.7096774193548,31,62
7900,78,240.382352941176,48.5882352941177,34,66
8000,78,242.382352941176,48.0882352941176,34,64
8100,78,247.085714285714,46.8,35,64
8200,78,250.970588235294,47.0882352941177,34,64
8300,78,251.34375,46.65625,32,62
8400,78,256.823529411765,48.2352941176471,34,64
8500,78,260.970588235294,46.9705882352941,34,64
8600,78,263.6875,46.1875,32,64
8700,78,266.53125,48.53125,32,62
8800,78,268.176470588235,48.0882352941177,34,64
8900,78,271.228571428571,47.2571428571429,35,64
9000,78,273.15625,47.25,32,64
9100,78,274.787878787879,46.1515151515151,33,66
9200,78,278.28125,46.1875,32,62
9300,78,281.971428571429,44.2857142857143,35,66
9400,78,282.911764705882,45.9705882352941,34,64
9500,78,286.657142857143,46.0571428571429,35,64
9600,78,291.029411764706,46.5588235294118,34,64
9700,78,291.375,45.84375,32,60
9800,78,293.727272727273,46.8181818181818,33,66
9900,78,297.65625,45.46875,32,62
10000,78,301.870967741935,47.1290322580645,31,64
0,79,49.6666666666667,49,3,20
100,79,52.6666666666667,51.969696969697,33,66
200,79,53.0294117647059,53.6764705882353,34,64
300,79,56.9375,53.25,32,62
400,79,59.5882352941177,53,34,64
500,79,64.09375,53.09375,32,66
600,79,64.8125,53.75,32,64
700,79,68.1515151515151,51.6363636363636,33,64
800,79,71.5483870967742,50.4516129032258,31,62
900,79,73.7941176470588,49.5588235294118,34,64
1000,79,78.2903225806452,49.258064516129,31,62
1100,79,81.8125,49.6875,32,64
1200,79,82.96875,51,32,64
1300,79,84.4193548387097,50.5483870967742,31,60
1400,79,86.8857142857143,52.1142857142857,35,64
1500,79,90.5454545454546,53,33,64
1600,79,94.1290322580645,53.3870967741936,31,62
1700,79,95.9393939393939,54.3333333333333,33,64
1800,79,97.2121212121212,52.9393939393939,33,64
1900,79,99.1935483870968,52.1935483870968,31,62
2000,79,101.272727272727,54,33,64
2100,79,104,54,32,64
2200,79,105.870967741935,52.3870967741936,31,62
2300,79,108.257142857143,51.1428571428571,35,66
2400,79,112.387096774194,50.7096774193548,31,66
2500,79,113.545454545455,49.3333333333333,33,64
2600,79,118.363636363636,49.8787878787879,33,64
2700,79,119.709677419355,48.9032258064516,31,64
2800,79,120.645161290323,50.3225806451613,31,62
2900,79,124.235294117647,48.7941176470588,34,64
3000,79,126.84375,50.625,32,60
3100,79,130.59375,51.375,32,62
3200,79,134.46875,52.125,32,62
3300,79,138.272727272727,52.2727272727273,33,64
3400,79,140.454545454545,50.2121212121212,33,66
3500,79,142.1875,51.625,32,64
3600,79,144.96875,52.09375,32,64
3700,79,146.166666666667,52.5555555555556,36,66
3800,79,149.457142857143,52.7714285714286,35,66
3900,79,152.545454545455,54.1212121212121,33,64
4000,79,153.909090909091,53.7272727272727,33,64
4100,79,155.8,52.9142857142857,35,64
4200,79,157.058823529412,52.1470588235294,34,64
4300,79,160.375,52.03125,32,62
4400,79,162.771428571429,50.0857142857143,35,64
4500,79,164.090909090909,49.3636363636364,33,64
4600,79,167.235294117647,48.4705882352941,34,64
4700,79,169.6875,48.8125,32,62
4800,79,171.147058823529,48.2058823529412,34,66
4900,79,174.575757575758,48.0909090909091,33,64
5000,79,177.96875,49.40625,32,62
5100,79,179.612903225806,49.0645161290323,31,62
5200,79,180.818181818182,49.9090909090909,33,64
5300,79,183.65625,49.40625,32,66
5400,79,185.848484848485,48.1515151515151,33,64
5500,79,189.375,48.84375,32,60
5600,79,192.333333333333,49.6060606060606,33,64
5700,79,193.647058823529,49.9705882352941,34,64
5800,79,195.264705882353,49.2058823529412,34,64
5900,79,196.8,49.8,35,66
6000,79,199.333333333333,48.4848484848485,33,64
6100,79,201.848484848485,49.7878787878788,33,64
6200,79,206.393939393939,49.3636363636364,33,64
6300,79,208.085714285714,47.6285714285714,35,66
6400,79,209.69696969697,47.3939393939394,33,64
6500,79,213.4375,47.6875,32,62
6600,79,216.709677419355,50.6774193548387,31,62
6700,79,220.606060606061,50.4848484848485,33,62
6800,79,222.972222222222,49.6944444444444,36,64
6900,79,226.5,48.7058823529412,34,62
7000,79,227.588235294118,50,34,64
7100,79,230.064516129032,52.0322580645161,31,62
7200,79,232.852941176471,53.1176470588235,34,64
7300,79,235.787878787879,55.8484848484849,33,66
7400,79,238.771428571429,57.0857142857143,35,64
7500,79,241.7,56.9,30,60
7600,79,243.322580645161,58,31,62
7700,79,245.176470588235,58.0882352941176,34,64
7800,79,249.125,59.59375,32,64
7900,79,251.90625,58.625,32,62
8000,79,250.806451612903,57.3225806451613,31,62
8100,79,253.774193548387,59.9032258064516,31,62
8200,79,257.454545454545,59.7878787878788,33,62
8300,79,258.515151515152,60.3333333333333,33,64
8400,79,260.735294117647,60.9117647058823,34,64
8500,79,266,63.78125,32,64
8600,79,267.558823529412,64.5588235294118,34,68
8700,79,271.46875,62.96875,32,62
8800,79,274.176470588235,64.8235294117647,34,62
8900,79,278.454545454545,65.5151515151515,33,64
9000,79,281.875,64.21875,32,62
9100,79,285.090909090909,65.2121212121212,33,62
9200,79,285.833333333333,65.9333333333333,30,60
9300,79,289.848484848485,65.3333333333333,33,64
9400,79,291.757575757576,65.9090909090909,33,62
9500,79,294.84375,63.875,32,62
9600,79,296.470588235294,65.4411764705882,34,64
9700,79,296.6875,64.53125,32,62
9800,79,298.451612903226,62.7096774193548,31,62
9900,79,301,62.6666666666667,33,64
10000,79,300.96875,62.625,32,62
0,80,50.5,50.5,2,14
100,80,52.6875,51.03125,32,64
200,80,55.0909090909091,49.8484848484849,33,64
300,80,58.5757575757576,49.9090909090909,33,64
400,80,59.5,51.5,32,60
500,80,62.7096774193548,51.2903225806452,31,60
600,80,66.4242424242424,50.2727272727273,33,64
700,80,70.28125,50.40625,32,64
800,80,73.3870967741936,48.5806451612903,31,64
900,80,76.375,49.65625,32,64
1000,80,78.4838709677419,50.4838709677419,31,62
1100,80,80.8484848484849,52.7272727272727,33,64
1200,80,81.7941176470588,51.264705882353,34,64
1300,80,84.0645161290323,50.741935483871,31,62
1400,80,88.7941176470588,51.735294117647,34,64
1500,80,92.9142857142857,52.0857142857143,35,66
1600,80,95.1470588235294,50.4705882352941,34,66
1700,80,97.4838709677419,49.9032258064516,31,62
1800,80,100.090909090909,49.4545454545455,33,62
1900,80,104.5,50,32,62
2000,80,105.212121212121,50.4242424242424,33,64
2100,80,108.352941176471,51.6470588235294,34,64
2200,80,111.151515151515,51.1515151515152,33,62
2300,80,112.53125,49.96875,32,62
2400,80,113.794117647059,49.8529411764706,34,66
2500,80,115.9375,49.40625,32,64
2600,80,118.181818181818,47.9090909090909,33,64
2700,80,120.030303030303,47.4242424242424,33,62
2800,80,123.969696969697,45.1818181818182,33,62
2900,80,124.970588235294,46.0294117647059,34,64
3000,80,129.117647058824,45.6176470588235,34,64
3100,80,131.4375,46,32,62
3200,80,132.323529411765,44.0294117647059,34,64
3300,80,135.515151515152,46.6060606060606,33,62
3400,80,136.457142857143,44.5714285714286,35,64
3500,80,140.333333333333,46.5454545454545,33,66
3600,80,141.333333333333,47.1818181818182,33,64
3700,80,142.941176470588,48.5588235294118,34,64
3800,80,145.352941176471,47.5588235294118,34,64
3900,80,148.606060606061,46.1818181818182,33,64
4000,80,150.064516129032,44.8387096774194,31,62
4100,80,153.757575757576,43.5454545454546,33,64
4200,80,155.969696969697,44.8181818181818,33,64
4300,80,158.714285714286,44,35,66
4400,80,161.212121212121,43.2424242424242,33,64
4500,80,163.387096774194,45.5161290322581,31,62
4600,80,164.875,46.40625,32,62
4700,80,168.0625,46.625,32,62
4800,80,170.636363636364,46.4848484848485,33,64
4900,80,174.241379310345,47.9655172413793,29,62
5000,80,176.516129032258,48.4838709677419,31,62
5100,80,180.870967741935,48.258064516129,31,64
5200,80,184.71875,47.6875,32,64
5300,80,184.90625,48.34375,32,62
5400,80,188.677419354839,48.1290322580645,31,64
5500,80,189.6,49.9714285714286,35,64
5600,80,191.823529411765,49.8235294117647,34,62
5700,80,193.914285714286,49.1428571428571,35,66
5800,80,198.387096774194,50.6451612903226,31,62
5900,80,202,47.9393939393939,33,64
6000,80,205.15625,48.65625,32,62
6100,80,209.228571428571,49.6285714285714,35,64
6200,80,211.322580645161,51.2258064516129,31,62
6300,80,213.323529411765,50.0294117647059,34,64
6400,80,216.34375,49.625,32,62
6500,80,219.379310344828,49.551724137931,29,62
6600,80,221.333333333333,49.4242424242424,33,62
6700,80,221.516129032258,51.8709677419355,31,64
6800,80,222.235294117647,50.4411764705882,34,66
6900,80,224.5,51.8235294117647,34,64
7000,80,229.387096774194,53.2258064516129,31,62
7100,80,233.060606060606,53.0606060606061,33,64
7200,80,237.909090909091,53.8181818181818,33,66
7300,80,239.645161290323,57.3225806451613,31,62
7400,80,242.5625,55.53125,32,64
7500,80,245.057142857143,54.4285714285714,35,64
7600,80,247,55.0571428571429,35,64
7700,80,249.451612903226,54.6774193548387,31,64
7800,80,250.705882352941,53.1470588235294,34,64
7900,80,252.242424242424,52.8787878787879,33,64
8000,80,254.424242424242,52.4242424242424,33,64
8100,80,258.21875,49.5625,32,64
8200,80,261.125,48.5625,32,64
8300,80,263.272727272727,46.6969696969697,33,66
8400,80,266.454545454545,46.0909090909091,33,62
8500,80,267.727272727273,47.2121212121212,33,64
8600,80,270.3125,45.375,32,64
8700,80,273.793103448276,43.8965517241379,29,66
8800,80,278.806451612903,43.5483870967742,31,60
8900,80,278.909090909091,43.8484848484849,33,64
9000,80,283.352941176471,43.3823529411765,34,66
9100,80,285.21875,42.65625,32,62
9200,80,288.242424242424,43.6666666666667,33,62
9300,80,291.3125,44.78125,32,64
9400,80,295,44.2647058823529,34,62
9500,80,298.857142857143,44.8,35,66
9600,80,303,45.8125,32,62
9700,80,303.6,46.7333333333333,30,62
9800,80,304.617647058824,49.235294117647,34,64
9900,80,307.848484848485,50.2727272727273,33,62
10000,80,311.275862068966,51.551724137931,29,62
0,81,50.3333333333333,49.3333333333333,3,18
100,81,51.875,48,32,64
200,81,54.78125,48.46875,32,62
300,81,57.741935483871,48.741935483871,31,62
400,81,61.5,47.1176470588235,34,64
500,81,62.5454545454546,46.6363636363636,33,64
600,81,65.6129032258064,47.6129032258064,31,62
700,81,71.6571428571429,46.7714285714286,35,64
800,81,72.5333333333333,44.5666666666667,30,62
900,81,75.1515151515151,44.9090909090909,33,62
1000,81,77.9375,46.5,32,64
1100,81,81.735294117647,46.2058823529412,34,64
1200,81,86.7272727272727,47.8181818181818,33,64
1300,81,90.0277777777778,48.0833333333333,36,64
1400,81,93.2333333333333,48.6,30,64
1500,81,96.5483870967742,49.1290322580645,31,64
1600,81,99.3235294117647,49.1470588235294,34,66
1700,81,102.064516129032,50.0322580645161,31,64
1800,81,105,50.7941176470588,34,64
1900,81,109.1875,50.125,32,64
2000,81,112.677419354839,50.9354838709677,31,64
2100,81,114.90625,52.0625,32,64
2200,81,117.59375,51.875,32,64
2300,81,119.366666666667,53.1,30,62
2400,81,119.363636363636,53.6969696969697,33,64
2500,81,123.969696969697,55.060606060606,33,64
2600,81,129.212121212121,54.4242424242424,33,66
2700,81,131.575757575758,53.9090909090909,33,64
2800,81,135.032258064516,54.4838709677419,31,62
2900,81,137.911764705882,55,34,64
3000,81,139.78125,52.25,32,64
3100,81,143.84375,53.125,32,62
3200,81,146.060606060606,52.7272727272727,33,64
3300,81,149.058823529412,55.1470588235294,34,64
3400,81,148.969696969697,54.3333333333333,33,64
3500,81,148.242424242424,55.6969696969697,33,62
3600,81,150.3125,56.4375,32,62
3700,81,153.645161290323,54.2903225806452,31,62
3800,81,156.5,53.5666666666667,30,64
3900,81,158.666666666667,52.8181818181818,33,64
4000,81,161.827586206897,52.2758620689655,29,62
4100,81,163.735294117647,50.7647058823529,34,64
4200,81,168.628571428571,51.2285714285714,35,64
4300,81,171.971428571429,52.4,35,64
4400,81,173.9375,51.15625,32,62
4500,81,176.625,53.09375,32,64
4600,81,181.382352941176,52.3235294117647,34,64
4700,81,184.757575757576,53.5151515151515,33,64
4800,81,187.114285714286,52.2571428571429,35,64
4900,81,191.424242424242,54.7575757575758,33,62
5000,81,195.848484848485,57.2424242424242,33,66
5100,81,198.545454545455,56.4545454545455,33,64
5200,81,200.757575757576,57.6666666666667,33,62
5300,81,203.5625,57.40625,32,62
5400,81,205.090909090909,56.4545454545455,33,62
5500,81,207.424242424242,58.3333333333333,33,62
5600,81,209.909090909091,58.1818181818182,33,64
5700,81,209.939393939394,57.969696969697,33,64
5800,81,212.6875,57.1875,32,62
5900,81,216.225806451613,55.9354838709677,31,64
6000,81,217.78125,58.21875,32,62
6100,81,220.90625,57.59375,32,62
6200,81,224.529411764706,59.5588235294118,34,64
6300,81,224.606060606061,58.6666666666667,33,64
6400,81,226.58064516129,59.4193548387097,31,62
6500,81,227.25,59.5625,32,62
6600,81,231.212121212121,58.9090909090909,33,64
6700,81,235.382352941176,59.5294117647059,34,66
6800,81,239.34375,59.53125,32,62
6900,81,240.516129032258,59.258064516129,31,62
7000,81,243.59375,59.9375,32,64
7100,81,245.352941176471,60.2352941176471,34,64
7200,81,246.545454545455,60.7878787878788,33,62
7300,81,250.806451612903,60.3870967741936,31,62
7400,81,256.030303030303,57.5757575757576,33,62
7500,81,259.764705882353,57.9411764705882,34,66
7600,81,262.176470588235,57.3235294117647,34,64
7700,81,264.393939393939,59.5151515151515,33,62
7800,81,266.1875,57.4375,32,64
7900,81,272.029411764706,57.6176470588235,34,64
8000,81,276.666666666667,56.1333333333333,30,64
8100,81,280.6875,56.84375,32,64
8200,81,283.032258064516,54.6451612903226,31,64
8300,81,286.3125,54.28125,32,64
8400,81,291.029411764706,54,34,66
8500,81,292.967741935484,54.741935483871,31,62
8600,81,294.875,53.21875,32,62
8700,81,298.40625,53.15625,32,64
8800,81,300.032258064516,51.3225806451613,31,64
8900,81,303,49.71875,32,64
9000,81,306.193548387097,49.6451612903226,31,62
9100,81,310.705882352941,49.5588235294118,34,64
9200,81,314.5625,50.25,32,62
9300,81,317.375,49.15625,32,60
9400,81,318.90625,49.375,32,64
9500,81,321.28125,47.65625,32,62
9600,81,325,49.6774193548387,31,62
9700,81,327.5,49.5,32,60
9800,81,327.676470588235,50.1764705882353,34,64
9900,81,327.969696969697,49.969696969697,33,66
10000,81,331.735294117647,49.6470588235294,34,66
0,82,50,50,1,8
100,82,52.59375,49.90625,32,64
200,82,56.5151515151515,48.3939393939394,33,62
300,82,60.6875,49.53125,32,62
400,82,62.53125,49.34375,32,62
500,82,63.1935483870968,49.2903225806452,31,64
600,82,67.741935483871,47.2903225806452,31,64
700,82,71.1875,47.84375,32,62
800,82,73.5454545454545,46.9090909090909,33,62
900,82,76.4375,47.9375,32,64
1000,82,80.34375,47.15625,32,62
1100,82,84.84375,45.40625,32,64
1200,82,89.0322580645161,43.8709677419355,31,62
1300,82,92.96875,43.90625,32,66
1400,82,95.6470588235294,42.4117647058823,34,64
1500,82,99.0571428571428,42.2857142857143,35,64
1600,82,100.424242424242,45.5757575757576,33,62
1700,82,101.558823529412,45.0882352941176,34,64
1800,82,106.548387096774,44.6451612903226,31,62
1900,82,108.548387096774,44.7096774193548,31,62
2000,82,109.878787878788,45.030303030303,33,64
2100,82,112.34375,45.3125,32,62
2200,82,114.882352941176,45.6176470588235,34,64
2300,82,119.787878787879,46.0909090909091,33,62
2400,82,121.0625,45.9375,32,62
2500,82,123.848484848485,44.6060606060606,33,64
2600,82,125.193548387097,43.9032258064516,31,62
2700,82,127.151515151515,44.2121212121212,33,64
2800,82,130.75,42.84375,32,62
2900,82,133,42.5,34,62
3000,82,137.903225806452,42.8387096774194,31,62
3100,82,142.125,42.15625,32,64
3200,82,146.09375,42,32,64
3300,82,146.5,43.53125,32,64
3400,82,148.942857142857,45.0571428571429,35,64
3500,82,152.15625,41.53125,32,62
3600,82,155.193548387097,40.2903225806452,31,60
3700,82,158.15625,40.125,32,64
3800,82,159.0625,38.84375,32,62
3900,82,162.060606060606,36.3333333333333,33,62
4000,82,165.612903225806,36.741935483871,31,60
4100,82,167.59375,34.90625,32,64
4200,82,171.441176470588,34.4117647058823,34,64
4300,82,174.290322580645,35.6451612903226,31,62
4400,82,174.588235294118,34.6470588235294,34,64
4500,82,178.354838709677,34.3870967741935,31,62
4600,82,179.970588235294,34.5588235294118,34,64
4700,82,183.25,33.25,32,64
4800,82,187.451612903226,34.2903225806452,31,66
4900,82,190.75,34.21875,32,66
5000,82,192.59375,33.65625,32,64
5100,82,194.290322580645,34.258064516129,31,62
5200,82,195.9375,33.15625,32,62
5300,82,198.242424242424,32.5151515151515,33,64
5400,82,200.939393939394,32.4242424242424,33,64
5500,82,201.647058823529,33.7058823529412,34,64
5600,82,203.9375,33.78125,32,64
5700,82,207.096774193548,35.0645161290323,31,64
5800,82,211.090909090909,34.9393939393939,33,64
5900,82,213.029411764706,34.9117647058823,34,64
6000,82,217.870967741935,33.9032258064516,31,62
6100,82,219.6875,33.59375,32,64
6200,82,221.828571428571,34.7142857142857,35,64
6300,82,225.272727272727,33.1818181818182,33,64
6400,82,228.9375,31.15625,32,62
6500,82,231.612903225806,30.6451612903226,31,64
6600,82,233,30,35,64
6700,82,234.5625,30.5625,32,62
6800,82,237.242424242424,29.030303030303,33,64
6900,82,239.774193548387,28.3225806451613,31,62
7000,82,241.09375,27.75,32,64
7100,82,245.9,29.6666666666667,30,62
7200,82,249.161290322581,29.0322580645161,31,64
7300,82,251.972222222222,27.0833333333333,36,64
7400,82,253.6875,27.53125,32,66
7500,82,254.9375,28.28125,32,64
7600,82,258.638888888889,30.6666666666667,36,66
7700,82,260.6875,30.90625,32,62
7800,82,263.828571428571,30.2857142857143,35,66
7900,82,266.818181818182,32.7575757575758,33,64
8000,82,270.5,33.1333333333333,30,64
8100,82,274.090909090909,32.1515151515152,33,64
8200,82,275.666666666667,31.4242424242424,33,62
8300,82,279.176470588235,33.1764705882353,34,62
8400,82,281.764705882353,34.6176470588235,34,64
8500,82,284.027777777778,32.0833333333333,36,64
8600,82,285.612903225806,32.3870967741936,31,62
8700,82,287.258064516129,32.8709677419355,31,62
8800,82,290.5625,33.75,32,62
8900,82,293.46875,33.3125,32,64
9000,82,295.969696969697,32.2424242424242,33,64
9100,82,297.909090909091,31.6969696969697,33,62
9200,82,299.545454545455,30.6969696969697,33,64
9300,82,301.03125,31.375,32,62
9400,82,303.58064516129,31.9677419354839,31,64
9500,82,306.787878787879,31.4545454545455,33,62
9600,82,311.470588235294,29.2352941176471,34,64
9700,82,313.741935483871,28.258064516129,31,62
9800,82,318,28.5454545454545,33,64
9900,82,320.21875,28.65625,32,62
10000,82,322.1875,27.3125,32,64
0,83,50,50,1,8
100,83,52.3125,50.9375,32,64
200,83,57.3225806451613,52.0645161290322,31,62
300,83,58.4242424242424,51.5757575757576,33,64
400,83,61,49.6969696969697,33,64
500,83,63.625,48.625,32,64
600,83,68,47.3333333333333,33,64
700,83,72,49.6764705882353,34,64
800,83,74.7575757575758,46.6969696969697,33,62
900,83,78.5,48.5,32,60
1000,83,80.6666666666667,48.1212121212121,33,64
1100,83,84.9677419354839,46.5161290322581,31,64
1200,83,88.7741935483871,44,31,64
1300,83,91.6060606060606,45.030303030303,33,64
1400,83,94.2903225806452,44.5161290322581,31,62
1500,83,96,45.0588235294118,34,66
1600,83,98.0882352941176,45.0294117647059,34,66
1700,83,102.03125,46.28125,32,62
1800,83,105.575757575758,46.0909090909091,33,64
1900,83,108.606060606061,47.030303030303,33,66
2000,83,112.030303030303,47.0909090909091,33,64
2100,83,118.275862068966,46.6551724137931,29,60
2200,83,120.939393939394,47.6666666666667,33,62
2300,83,123.5,46,32,62
2400,83,127.225806451613,42.4193548387097,31,62
2500,83,133.030303030303,43.5454545454545,33,64
2600,83,136.03125,44.90625,32,64
2700,83,139.2,44.1333333333333,30,62
2800,83,141.757575757576,43.6363636363636,33,64
2900,83,142.933333333333,43.2333333333333,30,64
3000,83,145.727272727273,43.8181818181818,33,62
3100,83,149.96875,44.75,32,62
3200,83,151.290322580645,46,31,62
3300,83,152.666666666667,46.5151515151515,33,64
3400,83,154.909090909091,46.030303030303,33,64
3500,83,157.852941176471,46.3529411764706,34,64
3600,83,161.090909090909,47.4545454545455,33,64
3700,83,163.193548387097,48.0967741935484,31,60
3800,83,165.515151515152,48.0909090909091,33,64
3900,83,169.942857142857,47.6857142857143,35,66
4000,83,171.909090909091,47.2727272727273,33,64
4100,83,173.3125,46.625,32,62
4200,83,175.882352941176,47.5882352941176,34,66
4300,83,180.387096774194,48.6451612903226,31,62
4400,83,183.625,47.59375,32,62
4500,83,188.5,47.1764705882353,34,64
4600,83,191.147058823529,45.3529411764706,34,64
4700,83,194.030303030303,45.4848484848485,33,64
4800,83,197.033333333333,43.5666666666667,30,60
4900,83,200.363636363636,45.5757575757576,33,64
5000,83,204.69696969697,45,33,64
5100,83,207.742857142857,45.1142857142857,35,64
5200,83,212,43,32,64
5300,83,215.21875,44.28125,32,64
5400,83,219.454545454545,45.1515151515152,33,64
5500,83,222.645161290323,46.3225806451613,31,62
5600,83,226.375,48.0625,32,62
5700,83,229.258064516129,47.2258064516129,31,64
5800,83,233.787878787879,47.1515151515151,33,64
5900,83,237.235294117647,48.1764705882353,34,64
6000,83,239.032258064516,50.0967741935484,31,64
6100,83,240.870967741935,51.5806451612903,31,62
6200,83,244.125,51.03125,32,66
6300,83,246.558823529412,51.2058823529412,34,64
6400,83,249.121212121212,50.969696969697,33,64
6500,83,251.53125,50.03125,32,62
6600,83,254.242424242424,48.8484848484849,33,66
6700,83,256.181818181818,48.3939393939394,33,66
6800,83,260.117647058824,47.6176470588235,34,64
6900,83,262.375,46.40625,32,62
7000,83,265.032258064516,43.8709677419355,31,62
7100,83,267.838709677419,43.1612903225806,31,62
7200,83,270.121212121212,42.1515151515151,33,64
7300,83,272.085714285714,42.5428571428572,35,66
7400,83,273,43.3235294117647,34,64
7500,83,273.235294117647,43.2352941176471,34,64
7600,83,274.645161290323,44.3225806451613,31,62
7700,83,277.147058823529,41.8823529411765,34,64
7800,83,279.606060606061,42.9090909090909,33,64
7900,83,283.46875,42.84375,32,62
8000,83,287.6875,42.53125,32,62
8100,83,291.625,43.34375,32,66
8200,83,294.655172413793,43.8965517241379,29,62
8300,83,298.030303030303,44,33,64
8400,83,301.645161290323,42.9032258064516,31,62
8500,83,304.823529411765,41.8235294117647,34,62
8600,83,307.354838709677,40.7741935483871,31,64
8700,83,308.625,41.6875,32,62
8800,83,310.870967741935,43.1612903225806,31,62
8900,83,315.333333333333,43.4333333333333,30,62
9000,83,317.59375,43.40625,32,66
9100,83,319.15625,43.6875,32,62
9200,83,321,43.7878787878788,33,64
9300,83,323.424242424242,44.9393939393939,33,64
9400,83,325.294117647059,44.5,34,62
9500,83,326.909090909091,43.3939393939394,33,64
9600,83,330.030303030303,43.8181818181818,33,64
9700,83,332.354838709677,43.1935483870968,31,60
9800,83,334.166666666667,43.5,30,62
9900,83,335.647058823529,42.7352941176471,34,64
10000,83,338.060606060606,46.3636363636364,33,64
0,84,50,50,1,8
100,84,53.5625,49.21875,32,62
200,84,56.258064516129,51.3225806451613,31,66
300,84,61.3636363636364,49.2727272727273,33,62
400,84,63.030303030303,50.6060606060606,33,64
500,84,65.90625,50.71875,32,64
600,84,70.6363636363636,49.1515151515151,33,64
700,84,73.1875,51.90625,32,64
800,84,75.5,53.1,30,64
900,84,77.0909090909091,51.1212121212121,33,64
1000,84,80.65625,49.875,32,64
1100,84,83.6451612903226,50.4193548387097,31,64
1200,84,86.2647058823529,52,34,62
1300,84,90.3870967741936,51.3870967741936,31,64
1400,84,94.0625,53.59375,32,64
1500,84,98.3939393939394,54.5151515151515,33,64
1600,84,99.0322580645161,54.4838709677419,31,64
1700,84,102,54.2285714285714,35,64
1800,84,105.566666666667,53.3,30,60
1900,84,107.764705882353,52.3235294117647,34,64
2000,84,109.057142857143,53.5714285714286,35,64
2100,84,113.157894736842,51.9473684210526,38,66
2200,84,116.090909090909,53.3636363636364,33,64
2300,84,122.939393939394,54.1818181818182,33,64
2400,84,127.5,55,34,62
2500,84,133.0625,54.21875,32,64
2600,84,133.363636363636,53.7575757575758,33,64
2700,84,135.272727272727,52.5151515151515,33,66
2800,84,140.264705882353,51.7352941176471,34,64
2900,84,144.205882352941,47.9411764705882,34,66
3000,84,145.2,47.0857142857143,35,64
3100,84,146.242424242424,48.6969696969697,33,62
3200,84,149.685714285714,46.8857142857143,35,64
3300,84,153.225806451613,46.4838709677419,31,64
3400,84,155.558823529412,45.0882352941177,34,64
3500,84,156.5625,45.125,32,62
3600,84,158.242424242424,43.8181818181818,33,64
3700,84,160.939393939394,42.9393939393939,33,64
3800,84,163.53125,45.40625,32,66
3900,84,165.866666666667,47,30,62
4000,84,167.967741935484,44.741935483871,31,62
4100,84,169.393939393939,44.5151515151515,33,62
4200,84,174.5625,44.15625,32,62
4300,84,178,43.125,32,64
4400,84,181.882352941176,42.764705882353,34,64
4500,84,187.03125,41.5625,32,64
4600,84,190.909090909091,42.0606060606061,33,64
4700,84,193.151515151515,40.2727272727273,33,64
4800,84,194.212121212121,40.2424242424242,33,64
4900,84,198,40.4545454545455,33,64
5000,84,201.258064516129,42,31,62
5100,84,203.636363636364,40.7272727272727,33,62
5200,84,205.59375,40.09375,32,62
5300,84,210.5625,39.03125,32,64
5400,84,213.59375,36.3125,32,64
5500,84,216.029411764706,38.6764705882353,34,64
5600,84,220.032258064516,37.7741935483871,31,64
5700,84,222.5625,37.15625,32,64
5800,84,224.647058823529,36.3529411764706,34,64
5900,84,228.264705882353,39.1764705882353,34,64
6000,84,230.966666666667,39.0333333333333,30,62
6100,84,232.970588235294,38.735294117647,34,66
6200,84,236.121212121212,37.8787878787879,33,66
6300,84,237.133333333333,36.5,30,64
6400,84,240,36.78125,32,64
6500,84,242.393939393939,36.7878787878788,33,66
6600,84,246.205882352941,36.9411764705882,34,66
6700,84,249.1875,37.25,32,62
6800,84,250.448275862069,36.2413793103448,29,62
6900,84,254.15625,34,32,64
7000,84,257.121212121212,33.2121212121212,33,66
7100,84,260.545454545455,33.0606060606061,33,66
7200,84,262.58064516129,35.0967741935484,31,62
7300,84,263.4375,34.4375,32,62
7400,84,264.65625,34.1875,32,64
7500,84,270.264705882353,32.2647058823529,34,64
7600,84,271.794117647059,31.6470588235294,34,64
7700,84,274.257142857143,33.2285714285714,35,64
7800,84,278.852941176471,33.4705882352941,34,64
7900,84,283.242424242424,34.7575757575758,33,64
8000,84,286.909090909091,37.1515151515151,33,62
8100,84,289.65625,38.25,32,64
8200,84,293.575757575758,38.1212121212121,33,64
8300,84,295.333333333333,36.7272727272727,33,64
8400,84,296.90625,37,32,66
8500,84,298.647058823529,35.9117647058824,34,64
8600,84,301.25,37.46875,32,62
8700,84,304.068965517241,39.3103448275862,29,62
8800,84,306.636363636364,38.0606060606061,33,64
8900,84,309.193548387097,38.1935483870968,31,62
9000,84,311.633333333333,37.3,30,60
9100,84,313.575757575758,34.9393939393939,33,62
9200,84,314.636363636364,37.2727272727273,33,62
9300,84,317.636363636364,37.2121212121212,33,64
9400,84,318.030303030303,37.3939393939394,33,64
9500,84,319.375,37.15625,32,60
9600,84,321.21875,38.125,32,64
9700,84,325.15625,39.28125,32,62
9800,84,327.176470588235,39.3823529411765,34,64
9900,84,330.451612903226,40.3225806451613,31,64
10000,84,334.064516129032,39.7741935483871,31,62
0,85,50.3333333333333,50.6666666666667,3,18
100,85,53.1875,49.90625,32,64
200,85,54.9411764705882,48.764705882353,34,64
300,85,58.03125,48.1875,32,64
400,85,61.0606060606061,48.969696969697,33,64
500,85,63.6285714285714,48.2285714285714,35,64
600,85,64.09375,47.1875,32,64
700,85,66.96875,46.59375,32,62
800,85,69.1935483870968,46.3870967741935,31,62
900,85,72.25,47.53125,32,62
1000,85,73.7575757575758,48.6363636363636,33,64
1100,85,76.7878787878788,48.3636363636364,33,64
1200,85,78.90625,50.0625,32,62
1300,85,80.7058823529412,49.3235294117647,34,64
1400,85,85,49.4375,32,62
1500,85,87.375,48.15625,32,60
1600,85,89.3636363636364,47.8181818181818,33,64
1700,85,91.9722222222222,49.1388888888889,36,66
1800,85,97.1515151515152,50.0909090909091,33,62
1900,85,102.0625,50.90625,32,62
2000,85,106,50.7714285714286,35,64
2100,85,109.71875,52.21875,32,62
2200,85,111.558823529412,54.1764705882353,34,64
2300,85,112.333333333333,54.0909090909091,33,64
2400,85,115.272727272727,53.3636363636364,33,62
2500,85,115.823529411765,51.8235294117647,34,62
2600,85,118.3125,53.28125,32,62
2700,85,121.5625,54.84375,32,62
2800,85,123.424242424242,55.969696969697,33,62
2900,85,126.84375,55.03125,32,64
3000,85,127.882352941176,55.2647058823529,34,66
3100,85,130.121212121212,54.7575757575758,33,64
3200,85,132.4375,54.8125,32,64
3300,85,137.515151515152,51.2424242424242,33,64
3400,85,140.5,49.5,32,60
3500,85,145.5,49,34,62
3600,85,148.875,47.84375,32,62
3700,85,152.735294117647,48.5882352941176,34,66
3800,85,155.882352941176,47.764705882353,34,66
3900,85,158.620689655172,47.1379310344828,29,62
4000,85,160.529411764706,47.2352941176471,34,64
4100,85,164.151515151515,45.9393939393939,33,64
4200,85,166.193548387097,46.1290322580645,31,62
4300,85,170.58064516129,45.7096774193548,31,62
4400,85,173.4375,47.09375,32,66
4500,85,176.878787878788,45.8181818181818,33,64
4600,85,179.757575757576,46.0606060606061,33,64
4700,85,183.176470588235,46.5588235294118,34,64
4800,85,186.03125,48.46875,32,62
4900,85,189.741935483871,49.6129032258065,31,60
5000,85,192.03125,50.71875,32,64
5100,85,194,50.8666666666667,30,64
5200,85,196.735294117647,49.8529411764706,34,64
5300,85,199.885714285714,50.8857142857143,35,66
5400,85,205.172413793103,49.8275862068966,29,62
5500,85,206.757575757576,52.6666666666667,33,62
5600,85,210.28125,52,32,62
5700,85,214.322580645161,50.3870967741936,31,62
5800,85,217.266666666667,49.5666666666667,30,62
5900,85,220.5625,48.65625,32,62
6000,85,225.514285714286,51.6,35,64
6100,85,228.030303030303,52.4848484848485,33,64
6200,85,228.586206896552,52.7241379310345,29,58
6300,85,232.484848484848,53.5151515151515,33,64
6400,85,232.363636363636,52.030303030303,33,64
6500,85,236,52.8823529411765,34,64
6600,85,238.838709677419,53.8064516129032,31,62
6700,85,241.21875,52,32,62
6800,85,244.387096774194,52,31,62
6900,85,247.848484848485,52.0909090909091,33,62
7000,85,250.911764705882,49.8235294117647,34,64
7100,85,253.294117647059,49.5,34,62
7200,85,255.514285714286,47.4,35,64
7300,85,259.064516129032,48.1290322580645,31,62
7400,85,262.617647058824,47.7058823529412,34,64
7500,85,265.242424242424,47.6969696969697,33,62
7600,85,269.40625,48.125,32,62
7700,85,272,48.5161290322581,31,66
7800,85,274.794117647059,50.4705882352941,34,66
7900,85,278.764705882353,52.5294117647059,34,64
8000,85,279.909090909091,50.8181818181818,33,64
8100,85,283.151515151515,48.5151515151515,33,62
8200,85,286.636363636364,48.0909090909091,33,64
8300,85,291.575757575758,48.3333333333333,33,62
8400,85,293.8,50.2571428571429,35,66
8500,85,296.666666666667,50.6666666666667,33,66
8600,85,301.114285714286,51.1714285714286,35,66
8700,85,302.942857142857,52,35,64
8800,85,306.914285714286,51.1428571428571,35,64
8900,85,308.212121212121,53.5757575757576,33,66
9000,85,310.967741935484,54.483870967742,31,62
9100,85,314.806451612903,52.5161290322581,31,64
9200,85,316.40625,54.4375,32,62
9300,85,319.352941176471,54.0882352941176,34,64
9400,85,320.714285714286,53,35,66
9500,85,323.823529411765,53.1764705882353,34,62
9600,85,326.771428571429,52.9142857142857,35,64
9700,85,328.69696969697,52.3939393939394,33,66
9800,85,332.4375,52.09375,32,62
9900,85,333.483870967742,51.4838709677419,31,62
10000,85,334.970588235294,50.9705882352941,34,64
0,86,50,50,1,8
100,86,52.53125,46.5,32,64
200,86,55.09375,45.15625,32,64
300,86,58.3636363636364,43.6363636363636,33,64
400,86,62.0625,42.09375,32,62
500,86,63.8484848484849,41.0909090909091,33,62
600,86,66.3333333333333,40.2333333333333,30,62
700,86,70.6060606060606,40.6363636363636,33,64
800,86,73.8333333333333,42,30,60
900,86,77.2424242424242,42.3030303030303,33,62
1000,86,80.09375,42.25,32,64
1100,86,82.6875,45.75,32,64
1200,86,85,47.2647058823529,34,62
1300,86,87.9714285714285,46.8285714285714,35,64
1400,86,90.3548387096774,47.9032258064516,31,62
1500,86,93.96875,47.3125,32,62
1600,86,96.90625,47.75,32,64
1700,86,101.545454545455,46.2727272727273,33,64
1800,86,103.393939393939,46.3636363636364,33,66
1900,86,107.125,48.21875,32,64
2000,86,110.970588235294,49.7058823529412,34,64
2100,86,114.757575757576,49.3939393939394,33,64
2200,86,116.848484848485,51.0909090909091,33,62
2300,86,117.566666666667,51.6666666666667,30,60
2400,86,120.542857142857,49.4285714285714,35,64
2500,86,123.25,49.8125,32,62
2600,86,125.25,49.40625,32,66
2700,86,128.787878787879,50.5454545454545,33,62
2800,86,131.882352941176,51.6176470588235,34,64
2900,86,134.129032258065,51.9354838709677,31,64
3000,86,135.484848484848,49.6060606060606,33,64
3100,86,140.69696969697,48.8484848484849,33,64
3200,86,145.575757575758,49.3636363636364,33,64
3300,86,147.588235294118,49.6176470588235,34,64
3400,86,148.969696969697,49.9090909090909,33,64
3500,86,149.666666666667,49.2424242424242,33,62
3600,86,153.428571428571,48.9142857142857,35,64
3700,86,155.029411764706,48.7941176470588,34,66
3800,86,156.5625,52.34375,32,62
3900,86,159.727272727273,53.0606060606061,33,64
4000,86,162.483870967742,52.3548387096774,31,62
4100,86,163.545454545455,51.7272727272727,33,66
4200,86,167.09375,51.4375,32,64
4300,86,169.272727272727,49.9090909090909,33,64
4400,86,172.916666666667,48.4444444444444,36,66
4500,86,175.545454545455,47.2121212121212,33,62
4600,86,178.878787878788,48.5757575757576,33,64
4700,86,181.323529411765,48.6764705882353,34,64
4800,86,184.258064516129,51.9354838709677,31,62
4900,86,187.647058823529,50.0588235294118,34,64
5000,86,192.59375,52.75,32,64
5100,86,195.212121212121,52.1515151515152,33,64
5200,86,196.114285714286,49.7428571428571,35,64
5300,86,198.657142857143,50.4,35,66
5400,86,200.970588235294,49.3529411764706,34,64
5500,86,200.852941176471,49.4705882352941,34,64
5600,86,203.354838709677,48.3548387096774,31,62
5700,86,207.129032258065,45.741935483871,31,64
5800,86,208.571428571429,48.0571428571429,35,64
5900,86,212.766666666667,48.6666666666667,30,62
6000,86,213.727272727273,47.1818181818182,33,62
6100,86,214.71875,48.59375,32,62
6200,86,216.96875,46.90625,32,62
6300,86,219.484848484848,47.3333333333333,33,64
6400,86,221.393939393939,47.969696969697,33,64
6500,86,224.484848484848,47.8484848484849,33,62
6600,86,226.09375,47.6875,32,64
6700,86,229.466666666667,50.1333333333333,30,62
6800,86,231.454545454545,52.0909090909091,33,64
6900,86,234.34375,52.4375,32,62
7000,86,237.6875,52,32,66
7100,86,241,52.9090909090909,33,64
7200,86,243.470588235294,52.0588235294118,34,64
7300,86,243.806451612903,53.0967741935484,31,62
7400,86,247.225806451613,55.0322580645161,31,64
7500,86,248.818181818182,53.3333333333333,33,64
7600,86,253.548387096774,51.4838709677419,31,64
7700,86,256,51.4117647058823,34,64
7800,86,258.181818181818,52.6666666666667,33,64
7900,86,261.794117647059,51.5882352941177,34,66
8000,86,265.0625,50.125,32,62
8100,86,267.096774193548,49.1290322580645,31,62
8200,86,269,49.7941176470588,34,64
8300,86,268.323529411765,48.9705882352941,34,64
8400,86,271.21875,48.71875,32,62
8500,86,277.677419354839,51,31,62
8600,86,280.636363636364,51.1212121212121,33,64
8700,86,285.5,51,34,62
8800,86,289.032258064516,50.1935483870968,31,62
8900,86,293.0625,48.78125,32,62
9000,86,295.090909090909,49,33,64
9100,86,299.4375,48.8125,32,62
9200,86,302.09375,49.75,32,62
9300,86,302.657142857143,51.2285714285714,35,64
9400,86,307.176470588235,51.235294117647,34,64
9500,86,309.969696969697,51.2727272727273,33,64
9600,86,310.294117647059,51.3823529411765,34,64
9700,86,313.205882352941,50.9117647058823,34,64
9800,86,314.645161290323,50.3548387096774,31,62
9900,86,317.161290322581,51.3870967741935,31,64
10000,86,319.15625,50.4375,32,64
0,87,50,50,1,8
100,87,55.0285714285714,51.6,35,66
200,87,57.8787878787879,50.6666666666667,33,64
300,87,59.0625,51.3125,32,64
400,87,64,53.8611111111111,36,66
500,87,65.060606060606,53.6969696969697,33,64
600,87,67.9428571428571,55,35,64
700,87,70.25,57.75,32,64
800,87,72.5454545454545,57.9090909090909,33,62
900,87,76.15625,56.65625,32,62
1000,87,78.6666666666667,58.7333333333333,30,62
1100,87,80.6470588235294,58.1176470588235,34,64
1200,87,84,57.5,32,62
1300,87,84.8387096774193,56.8064516129032,31,62
1400,87,86.1764705882353,56.7352941176471,34,64
1500,87,88.6666666666667,56.6666666666667,30,62
1600,87,92.8181818181818,55.7575757575758,33,64
1700,87,96.3548387096774,54.9032258064516,31,62
1800,87,98.1818181818182,52.3333333333333,33,66
1900,87,100.75,53.8125,32,62
2000,87,102.424242424242,57.0606060606061,33,62
2100,87,102.40625,58.8125,32,64
2200,87,106.242424242424,58.3939393939394,33,64
2300,87,111.454545454545,55.5151515151515,33,64
2400,87,113.727272727273,54.1818181818182,33,64
2500,87,116.931034482759,54.6896551724138,29,60
2600,87,116.771428571429,56.3714285714286,35,64
2700,87,119.9,55.9666666666667,30,62
2800,87,122.935483870968,55.8709677419355,31,62
2900,87,125.3125,57.5625,32,64
3000,87,128.666666666667,60.3030303030303,33,64
3100,87,132.935483870968,59.1290322580645,31,62
3200,87,135.09375,59.78125,32,66
3300,87,137.823529411765,59.1764705882353,34,62
3400,87,139.969696969697,58.4242424242424,33,62
3500,87,142.4,58.5142857142857,35,64
3600,87,144.393939393939,58.4545454545455,33,64
3700,87,147.258064516129,56.5483870967742,31,62
3800,87,149.117647058824,58.5,34,64
3900,87,150.272727272727,59.8484848484849,33,64
4000,87,153.342857142857,60.5142857142857,35,66
4100,87,156.939393939394,59,33,64
4200,87,159.151515151515,58.030303030303,33,64
4300,87,161.53125,56.5625,32,62
4400,87,162.727272727273,56.9393939393939,33,64
4500,87,165.735294117647,57,34,62
4600,87,168.612903225806,56.9032258064516,31,64
4700,87,172.571428571429,57.5428571428571,35,64
4800,87,177.129032258065,56.7096774193548,31,60
4900,87,178.8125,58,32,62
5000,87,183.705882352941,57.4411764705882,34,64
5100,87,188.125,57.8125,32,64
5200,87,190.818181818182,55.6060606060606,33,64
5300,87,193.935483870968,56.258064516129,31,62
5400,87,197.545454545455,58.1212121212121,33,64
5500,87,200.030303030303,57.3636363636364,33,64
5600,87,202.09375,57.28125,32,64
5700,87,205.733333333333,57.8,30,64
5800,87,206.774193548387,58.8387096774194,31,64
5900,87,209.6875,57.0625,32,62
6000,87,209.625,58.0625,32,64
6100,87,211.264705882353,57.0882352941176,34,64
6200,87,215.09375,53.96875,32,64
6300,87,217.911764705882,52,34,64
6400,87,220.606060606061,50.6363636363636,33,64
6500,87,224.085714285714,49.8,35,64
6600,87,227.53125,51.59375,32,64
6700,87,231.588235294118,53.5294117647059,34,64
6800,87,233.40625,55.03125,32,62
6900,87,237,52.7272727272727,33,64
7000,87,240.090909090909,52.3333333333333,33,64
7100,87,243.558823529412,52.0882352941177,34,64
7200,87,245.909090909091,51.1515151515151,33,64
7300,87,247.096774193548,52.7741935483871,31,62
7400,87,250.909090909091,53.3030303030303,33,62
7500,87,254.6875,53.875,32,64
7600,87,258.193548387097,53.4516129032258,31,60
7700,87,259.484848484848,53.8787878787879,33,64
7800,87,262.290322580645,53.9354838709677,31,64
7900,87,264.90625,52.71875,32,64
8000,87,266.129032258065,52.3870967741936,31,62
8100,87,268.571428571429,53.6285714285714,35,66
8200,87,268.757575757576,53.7272727272727,33,64
8300,87,272,50.7714285714286,35,64
8400,87,277.875,50.625,32,64
8500,87,282.032258064516,50.6774193548387,31,62
8600,87,286.411764705882,52.3529411764706,34,64
8700,87,289.09375,51.09375,32,66
8800,87,290.885714285714,50.8857142857143,35,66
8900,87,295.285714285714,49.9142857142857,35,66
9000,87,297.566666666667,48.3,30,62
9100,87,300.272727272727,48.0606060606061,33,64
9200,87,302.6875,46.34375,32,64
9300,87,305.371428571429,47,35,64
9400,87,308.424242424242,49.2424242424242,33,64
9500,87,313.727272727273,51.3636363636364,33,62
9600,87,315.411764705882,50.1764705882353,34,64
9700,87,316.735294117647,51.7352941176471,34,66
9800,87,318.228571428571,53.0857142857143,35,64
9900,87,321.75,54.3125,32,64
10000,87,325.147058823529,52.6470588235294,34,64
0,88,50,50,1,8
100,88,51.969696969697,48.1515151515151,33,66
200,88,54.7096774193548,44.1935483870968,31,62
300,88,57.7878787878788,45.7878787878788,33,64
400,88,60.4375,47.4375,32,62
500,88,66.6764705882353,46.0882352941176,34,64
600,88,65.5588235294118,46.4411764705882,34,64
700,88,69.0588235294118,47.3235294117647,34,64
800,88,71.8181818181818,46.969696969697,33,64
900,88,72.75,48.90625,32,64
1000,88,75.84375,47.4375,32,62
1100,88,79.46875,46.28125,32,64
1200,88,81.1,45.7,30,62
1300,88,83.6551724137931,44.7586206896552,29,62
1400,88,87.5,44,32,62
1500,88,89.5625,44.53125,32,62
1600,88,92.8484848484849,44.3939393939394,33,64
1700,88,95.9375,45.3125,32,62
1800,88,96.625,44.09375,32,62
1900,88,98.90625,44.1875,32,64
2000,88,100.21875,43.34375,32,62
2100,88,104.21875,42.09375,32,64
2200,88,108.9,42.9,30,66
2300,88,113,43.3030303030303,33,64
2400,88,118.033333333333,44,30,62
2500,88,121.181818181818,45.2727272727273,33,62
2600,88,122.606060606061,47.4242424242424,33,64
2700,88,124.65625,46.5,32,64
2800,88,125.58064516129,46.0645161290323,31,66
2900,88,128.647058823529,45.6470588235294,34,64
3000,88,131.848484848485,46.1515151515152,33,62
3100,88,135.0625,47.90625,32,62
3200,88,140.588235294118,48.6764705882353,34,64
3300,88,140.4375,47.28125,32,64
3400,88,142.25,47.8125,32,62
3500,88,143.424242424242,48.5757575757576,33,64
3600,88,146.647058823529,45.8235294117647,34,64
3700,88,150,45.3636363636364,33,64
3800,88,153.606060606061,44,33,66
3900,88,157.677419354839,42.4838709677419,31,62
4000,88,160.818181818182,41.5757575757576,33,64
4100,88,163.515151515152,41.9393939393939,33,64
4200,88,164.8,42.0857142857143,35,64
4300,88,165.242424242424,42.3333333333333,33,62
4400,88,167.764705882353,42.9411764705882,34,64
4500,88,170.205882352941,44.764705882353,34,64
4600,88,173.181818181818,45.7272727272727,33,62
4700,88,176.5625,46.71875,32,62
4800,88,179.848484848485,47.0909090909091,33,64
4900,88,184.3125,46.3125,32,64
5000,88,184.885714285714,45.8857142857143,35,64
5100,88,187.933333333333,45.2666666666667,30,62
5200,88,191.129032258065,46.5161290322581,31,62
5300,88,193.41935483871,47.4193548387097,31,64
5400,88,196.84375,46.34375,32,62
5500,88,200.333333333333,47.6969696969697,33,64
5600,88,201.242424242424,48.1212121212121,33,64
5700,88,205.84375,48.5625,32,62
5800,88,206.266666666667,46.6666666666667,30,62
5900,88,212.735294117647,46.0882352941177,34,64
6000,88,216.411764705882,44.5,34,64
6100,88,219.333333333333,45.5454545454545,33,64
6200,88,222.366666666667,47.0666666666667,30,62
6300,88,226.21875,47.90625,32,64
6400,88,228.885714285714,47.0571428571429,35,64
6500,88,231.228571428571,47.7428571428571,35,66
6600,88,233.5625,46.875,32,62
6700,88,235,46.4545454545455,33,64
6800,88,238.176470588235,47.4411764705882,34,64
6900,88,240.545454545455,47.7878787878788,33,62
7000,88,240.9375,45.15625,32,62
7100,88,243.151515151515,44.5454545454545,33,64
7200,88,246.40625,45.75,32,64
7300,88,251.133333333333,49.1333333333333,30,62
7400,88,253.533333333333,47.7333333333333,30,62
7500,88,254,46.3939393939394,33,64
7600,88,257.5,44.9375,32,64
7700,88,260.032258064516,42.8709677419355,31,64
7800,88,262.96875,43.4375,32,64
7900,88,264.84375,44.03125,32,64
8000,88,265.818181818182,44.2121212121212,33,64
8100,88,269.5,45.625,32,62
8200,88,271.290322580645,47.0645161290323,31,62
8300,88,272.333333333333,46.3666666666667,30,62
8400,88,273.735294117647,46.7058823529412,34,64
8500,88,276.617647058824,48.3823529411765,34,64
8600,88,278.28125,48.65625,32,62
8700,88,279.382352941176,49.2058823529412,34,66
8800,88,282.8125,48.5625,32,62
8900,88,285.25,47.65625,32,64
9000,88,287.40625,48.59375,32,64
9100,88,291,48.8064516129032,31,62
9200,88,295.5,49.5,34,64
9300,88,298.666666666667,51.0606060606061,33,62
9400,88,302.030303030303,51.1818181818182,33,62
9500,88,306.333333333333,51.7575757575758,33,62
9600,88,308.290322580645,52.2903225806452,31,64
9700,88,310.5625,52.4375,32,62
9800,88,312.030303030303,51.8787878787879,33,64
9900,88,315.424242424242,50.1515151515151,33,64
10000,88,316.53125,52.4375,32,66
0,89,50,50,1,8
100,89,52.1764705882353,52.235294117647,34,64
200,89,57.0882352941177,52.5882352941177,34,64
300,89,58.1290322580645,50.4193548387097,31,62
400,89,61.7741935483871,48.5806451612903,31,62
500,89,65.34375,49.21875,32,64
600,89,65.7272727272727,50.3636363636364,33,62
700,89,69.4117647058824,50.2352941176471,34,64
800,89,71.2571428571429,50.4571428571429,35,64
900,89,75.7,50.6,30,62
1000,89,78.8529411764706,50.6176470588235,34,64
1100,89,82,48.8285714285714,35,64
1200,89,85.0909090909091,47.4242424242424,33,64
1300,89,87.40625,45.5625,32,62
1400,89,88.7058823529412,48.5,34,62
1500,89,88.4375,49,32,64
1600,89,91,51,35,64
1700,89,94.0909090909091,50.5151515151515,33,62
1800,89,98.258064516129,50.258064516129,31,62
1900,89,100.972222222222,49.6944444444445,36,64
2000,89,102.151515151515,49.9090909090909,33,62
2100,89,107.176470588235,47.8529411764706,34,64
2200,89,111.46875,44.875,32,62
2300,89,113.733333333333,45.4333333333333,30,62
2400,89,115.28125,44.625,32,62
2500,89,116.823529411765,45.4411764705882,34,64
2600,89,120.65625,46.21875,32,64
2700,89,123.235294117647,44.8529411764706,34,64
2800,89,125,45.21875,32,62
2900,89,127.382352941176,46.2941176470588,34,64
3000,89,129.290322580645,45,31,62
3100,89,132.545454545455,47.1515151515151,33,66
3200,89,135.666666666667,46.4666666666667,30,62
3300,89,138.558823529412,47.4705882352941,34,64
3400,89,142.96875,49.34375,32,62
3500,89,144.363636363636,48.1818181818182,33,64
3600,89,148.818181818182,46.8181818181818,33,64
3700,89,153.290322580645,48.741935483871,31,64
3800,89,156.181818181818,48.3636363636364,33,64
3900,89,158.181818181818,49.030303030303,33,64
4000,89,163.58064516129,49.5806451612903,31,64
4100,89,166.3125,48.75,32,64
4200,89,168.727272727273,48.1212121212121,33,64
4300,89,173.181818181818,49.0909090909091,33,64
4400,89,176.548387096774,47.4193548387097,31,62
4500,89,181.181818181818,47.7272727272727,33,64
4600,89,184.764705882353,46.9411764705882,34,64
4700,89,185.0625,46.53125,32,62
4800,89,187.516129032258,46.3225806451613,31,64
4900,89,189.51724137931,47.5172413793103,29,60
5000,89,193.064516129032,45.4193548387097,31,64
5100,89,194.941176470588,48.2352941176471,34,64
5200,89,198.733333333333,48.5666666666667,30,60
5300,89,202.424242424242,48.969696969697,33,64
5400,89,203.741935483871,48.741935483871,31,64
5500,89,208.393939393939,49.4545454545455,33,64
5600,89,210.5,48.0625,32,64
5700,89,213.161290322581,46.7741935483871,31,64
5800,89,215.875,46.25,32,64
5900,89,219.545454545455,48.0909090909091,33,62
6000,89,221.848484848485,48.2727272727273,33,64
6100,89,224.454545454545,48.9090909090909,33,62
6200,89,227.147058823529,49.6176470588235,34,64
6300,89,230.058823529412,51.3529411764706,34,64
6400,89,235.290322580645,52.741935483871,31,64
6500,89,241.290322580645,54.5483870967742,31,62
6600,89,244.09375,55.5,32,62
6700,89,246.647058823529,55.5,34,64
6800,89,249.424242424242,56.0606060606061,33,62
6900,89,252.21875,55.90625,32,64
7000,89,256.909090909091,57.4848484848485,33,64
7100,89,258.181818181818,57.6060606060606,33,66
7200,89,262.516129032258,57.0967741935484,31,64
7300,89,265.8125,56.96875,32,64
7400,89,265.606060606061,55.6969696969697,33,64
7500,89,267.382352941176,56.3823529411765,34,64
7600,89,269.085714285714,58.5428571428571,35,66
7700,89,272,60.9393939393939,33,64
7800,89,273.441176470588,62.9411764705882,34,64
7900,89,276.34375,63.71875,32,62
8000,89,278.794117647059,62.3529411764706,34,64
8100,89,281.451612903226,60.6451612903226,31,62
8200,89,281.727272727273,61.3030303030303,33,64
8300,89,282.677419354839,62.6451612903226,31,62
8400,89,285.125,61.5625,32,62
8500,89,286.53125,60.5,32,64
8600,89,290.305555555556,61.2222222222222,36,66
8700,89,290.612903225806,61.3548387096774,31,62
8800,89,291.5625,60.8125,32,64
8900,89,294.548387096774,59,31,62
9000,89,298.566666666667,59.7,30,60
9100,89,300.942857142857,61.0571428571428,35,64
9200,89,304,59.8235294117647,34,66
9300,89,306.6875,57.53125,32,64
9400,89,307.096774193548,58.0967741935484,31,64
9500,89,310.969696969697,57.0909090909091,33,64
9600,89,315.382352941176,58.8529411764706,34,64
9700,89,319.852941176471,60.2941176470588,34,64
9800,89,322.484848484848,61.2424242424243,33,64
9900,89,324.470588235294,59.4411764705882,34,64
10000,89,326.40625,58.6875,32,62
0,90,50,50,1,8
100,90,55.6451612903226,49.4516129032258,31,62
200,90,62.09375,50.71875,32,62
300,90,63.6875,49.84375,32,62
400,90,64.9090909090909,50.6969696969697,33,62
500,90,67.7,48.8333333333333,30,62
600,90,70.7575757575758,49.5757575757576,33,62
700,90,75.0882352941176,49.6470588235294,34,64
800,90,78.875,50.21875,32,62
900,90,80.4242424242424,48.969696969697,33,62
1000,90,84.0857142857143,49.2,35,64
1100,90,86.8235294117647,49.1176470588235,34,64
1200,90,88.8125,48.5,32,62
1300,90,92.7878787878788,49.5151515151515,33,64
1400,90,95.258064516129,51.0322580645161,31,62
1500,90,97.4193548387097,50.1290322580645,31,64
1600,90,98.741935483871,51.1290322580645,31,64
1700,90,99.09375,50.625,32,64
1800,90,103.969696969697,50.2424242424242,33,64
1900,90,107.40625,49.4375,32,62
2000,90,108.969696969697,49.9090909090909,33,64
2100,90,111.69696969697,49.5151515151515,33,64
2200,90,115.628571428571,51,35,66
2300,90,117.060606060606,53.6363636363636,33,64
2400,90,120.794117647059,53.6470588235294,34,66
2500,90,124.709677419355,53.3870967741936,31,64
2600,90,126.645161290323,53.5806451612903,31,64
2700,90,128.242424242424,52.6969696969697,33,66
2800,90,131.393939393939,53.2727272727273,33,64
2900,90,133.15625,51.6875,32,62
3000,90,135.78125,53,32,62
3100,90,137.529411764706,52.9411764705882,34,64
3200,90,140.823529411765,53.8823529411765,34,64
3300,90,143.735294117647,53.2058823529412,34,64
3400,90,145.911764705882,51.9411764705882,34,64
3500,90,149.352941176471,53.7352941176471,34,64
3600,90,150.71875,52,32,64
3700,90,152.78125,51.125,32,64
3800,90,155.264705882353,52,34,62
3900,90,161.333333333333,51.6969696969697,33,64
4000,90,165.176470588235,48.4411764705882,34,64
4100,90,167.382352941176,46.8529411764706,34,64
4200,90,170.03125,45.75,32,64
4300,90,171.258064516129,44.5161290322581,31,64
4400,90,175.25,42.53125,32,62
4500,90,180.5625,43.1875,32,64
4600,90,181.290322580645,43,31,62
4700,90,183.142857142857,42.1428571428571,35,66
4800,90,184.515151515152,44.3636363636364,33,64
4900,90,189.121212121212,45.9090909090909,33,64
5000,90,193.064516129032,47.258064516129,31,62
5100,90,195.875,47.125,32,62
5200,90,199.34375,46.71875,32,62
5300,90,202.764705882353,48.1470588235294,34,64
5400,90,204.59375,44.84375,32,64
5500,90,207.515151515152,44.7878787878788,33,64
5600,90,209.90625,43.6875,32,64
5700,90,211.46875,44.34375,32,62
5800,90,213.78125,43.0625,32,62
5900,90,217.242424242424,41.969696969697,33,64
6000,90,219.096774193548,44.2258064516129,31,64
6100,90,221.1875,45.5,32,64
6200,90,223.363636363636,46.8181818181818,33,64
6300,90,227.606060606061,44.7575757575758,33,66
6400,90,231,44.7272727272727,33,64
6500,90,235.514285714286,44.5428571428571,35,66
6600,90,238.40625,43.375,32,64
6700,90,240.545454545455,40.8181818181818,33,64
6800,90,242.181818181818,41.030303030303,33,64
6900,90,246.066666666667,42.2666666666667,30,66
7000,90,247.15625,42.53125,32,62
7100,90,251.25,41.5,32,62
7200,90,253.90625,39.4375,32,62
7300,90,256.870967741935,39.0322580645161,31,62
7400,90,259.878787878788,36.969696969697,33,64
7500,90,263.129032258065,36.9354838709677,31,62
7600,90,266.21875,36.0625,32,64
7700,90,270.166666666667,36.1,30,62
7800,90,271.875,35.5,32,62
7900,90,273.9375,37.4375,32,66
8000,90,275.575757575758,37.2424242424242,33,62
8100,90,277.8,37.2333333333333,30,62
8200,90,281.483870967742,37.8387096774194,31,62
8300,90,285.352941176471,36.6176470588235,34,66
8400,90,286.484848484848,37.1212121212121,33,64
8500,90,287.666666666667,36.8181818181818,33,64
8600,90,290.571428571429,36.3714285714286,35,64
8700,90,293.65625,37.4375,32,62
8800,90,296.969696969697,37.8181818181818,33,64
8900,90,300.027777777778,38.6944444444444,36,64
9000,90,301.212121212121,40.5454545454546,33,62
9100,90,305.9375,40.59375,32,64
9200,90,309.264705882353,39.2941176470588,34,64
9300,90,313.333333333333,40.4848484848485,33,64
9400,90,316.15625,39.8125,32,62
9500,90,317.53125,38.5625,32,62
9600,90,320.96875,40.34375,32,62
9700,90,326.064516129032,40.3548387096774,31,62
9800,90,328.794117647059,37.735294117647,34,64
9900,90,331.514285714286,38.6,35,64
10000,90,333.909090909091,37.2424242424242,33,64
0,91,49.6666666666667,50.3333333333333,3,18
100,91,51.3030303030303,51.8787878787879,33,66
200,91,53.5142857142857,53.6857142857143,35,66
300,91,57.2121212121212,51.4848484848485,33,64
400,91,58.40625,52.8125,32,64
500,91,61.6774193548387,55.1935483870968,31,62
600,91,65.1764705882353,54.8235294117647,34,62
700,91,65.59375,55.4375,32,62
800,91,67.7941176470588,55.5,34,64
900,91,68.84375,55.5625,32,62
1000,91,70.5151515151515,55.5454545454545,33,64
1100,91,75.3333333333333,53.4242424242424,33,62
1200,91,78.1818181818182,56.1818181818182,33,64
1300,91,81.1666666666667,58.2666666666667,30,60
1400,91,85,58.9393939393939,33,64
1500,91,88.625,60.21875,32,64
1600,91,88.8387096774193,60.8064516129032,31,62
1700,91,93.5806451612903,64.5806451612903,31,62
1800,91,93.84375,62.65625,32,62
1900,91,96.2424242424242,64.3030303030303,33,66
2000,91,98.9375,65.34375,32,64
2100,91,103.612903225806,67.741935483871,31,62
2200,91,105.75,68.1875,32,62
2300,91,109.166666666667,63.7333333333333,30,64
2400,91,110.382352941176,63.0588235294118,34,66
2500,91,110.705882352941,63.5,34,62
2600,91,112.967741935484,65.1290322580645,31,64
2700,91,114.28125,66.34375,32,62
2800,91,117.029411764706,66.3823529411765,34,64
2900,91,120.848484848485,67.9393939393939,33,64
3000,91,123.151515151515,68.0909090909091,33,62
3100,91,125.848484848485,69.4242424242424,33,64
3200,91,128.064516129032,70.6129032258065,31,64
3300,91,130.117647058824,69.3529411764706,34,64
3400,91,133.65625,67.96875,32,66
3500,91,136.290322580645,66.741935483871,31,62
3600,91,140.424242424242,67.0909090909091,33,64
3700,91,142.433333333333,68.2,30,66
3800,91,143.677419354839,69.4838709677419,31,62
3900,91,148.290322580645,69.4838709677419,31,66
4000,91,149.5625,70.28125,32,62
4100,91,153.71875,69.5,32,64
4200,91,156.647058823529,70.1470588235294,34,64
4300,91,159,72.3333333333333,33,64
4400,91,159.4375,71.3125,32,62
4500,91,160.272727272727,73.3636363636363,33,62
4600,91,162.4375,73.65625,32,62
4700,91,166.212121212121,75.6666666666667,33,64
4800,91,168,76.3235294117647,34,64
4900,91,170.909090909091,76.2424242424242,33,64
5000,91,173.575757575758,78.4242424242424,33,62
5100,91,175.242424242424,79.5757575757576,33,64
5200,91,176.090909090909,81.3333333333333,33,64
5300,91,179.612903225806,83.4516129032258,31,64
5400,91,182.125,81.875,32,62
5500,91,187.117647058824,82,34,64
5600,91,187.96875,82.28125,32,62
5700,91,191.181818181818,84.030303030303,33,62
5800,91,195.5,84.1176470588236,34,66
5900,91,197.129032258065,83.8387096774193,31,62
6000,91,199.588235294118,84.7647058823529,34,64
6100,91,201.9375,84.25,32,64
6200,91,203.090909090909,85.5151515151515,33,62
6300,91,205.617647058824,85.1176470588236,34,64
6400,91,208.571428571429,86.3714285714286,35,64
6500,91,211.28125,88.65625,32,62
6600,91,212.375,90.375,32,62
6700,91,217.909090909091,90.1515151515152,33,66
6800,91,221.032258064516,91.1290322580645,31,64
6900,91,222.371428571429,92,35,64
7000,91,224.59375,94.625,32,64
7100,91,228.666666666667,92.6969696969697,33,64
7200,91,230.606060606061,94,33,64
7300,91,232.066666666667,95.3666666666667,30,62
7400,91,233.645161290323,95.8064516129032,31,60
7500,91,235.6,96.3142857142857,35,64
7600,91,237.828571428571,96,35,64
7700,91,241.375,96.53125,32,66
7800,91,243.685714285714,97.8285714285714,35,64
7900,91,245.766666666667,98.4333333333333,30,62
8000,91,246.852941176471,97.6176470588236,34,64
8100,91,249.666666666667,95.5757575757576,33,62
8200,91,253.393939393939,94.4848484848485,33,62
8300,91,256.848484848485,93.8484848484849,33,64
8400,91,259.181818181818,93.7575757575758,33,64
8500,91,261.970588235294,95.0882352941176,34,64
8600,91,264.9375,97.5625,32,62
8700,91,266.5,99.5,34,64
8800,91,268.575757575758,101.333333333333,33,62
8900,91,272.939393939394,99.4242424242424,33,62
9000,91,273.545454545455,99.8181818181818,33,64
9100,91,276.818181818182,99.3333333333333,33,64
9200,91,279.333333333333,97.2424242424242,33,62
9300,91,281.090909090909,98.8484848484849,33,64
9400,91,283.121212121212,99.5151515151515,33,64
9500,91,286.15625,102.9375,32,64
9600,91,289.558823529412,101.852941176471,34,64
9700,91,294.272727272727,101.636363636364,33,62
9800,91,297,101.705882352941,34,66
9900,91,299.741935483871,102.387096774194,31,60
10000,91,301.84375,102.53125,32,66
0,92,50,50,1,8
100,92,54.1290322580645,49.4193548387097,31,62
200,92,56.6666666666667,48.0333333333333,30,62
300,92,59.8333333333333,47.9166666666667,36,66
400,92,60.969696969697,47.4242424242424,33,66
500,92,64,45.90625,32,62
600,92,67.53125,44.5625,32,64
700,92,70.5625,44.28125,32,62
800,92,73.5333333333333,45.5666666666667,30,64
900,92,77.5333333333333,44.6333333333333,30,62
1000,92,80.4117647058823,44,34,64
1100,92,83.75,44.3125,32,64
1200,92,87.71875,41.65625,32,62
1300,92,91.5757575757576,44.060606060606,33,62
1400,92,94.1428571428571,44.6857142857143,35,66
1500,92,97,44.9117647058823,34,64
1600,92,101.28125,44.34375,32,62
1700,92,104.46875,42.53125,32,62
1800,92,107.393939393939,43.030303030303,33,64
1900,92,109.774193548387,42.9354838709677,31,62
2000,92,110.677419354839,42.7741935483871,31,64
2100,92,113.151515151515,44.5757575757576,33,64
2200,92,117.612903225806,45.258064516129,31,60
2300,92,121.8,45.0857142857143,35,64
2400,92,124.78125,45.46875,32,62
2500,92,127.848484848485,46.8787878787879,33,64
2600,92,130.333333333333,46.5,30,64
2700,92,133.176470588235,47.6176470588235,34,64
2800,92,136.548387096774,49.516129032258,31,64
2900,92,139.393939393939,48.6363636363636,33,64
3000,92,140.666666666667,47.8333333333333,30,60
3100,92,143.393939393939,47.5151515151515,33,64
3200,92,146.090909090909,46.6969696969697,33,62
3300,92,148.8125,46.71875,32,62
3400,92,151.870967741935,44.6774193548387,31,62
3500,92,154.939393939394,45.9090909090909,33,64
3600,92,158.4375,42.6875,32,62
3700,92,161.96875,41.90625,32,62
3800,92,163.424242424242,41.3333333333333,33,62
3900,92,164.516129032258,41.0322580645161,31,62
4000,92,167.545454545455,42.8484848484849,33,64
4100,92,167.9375,41.8125,32,64
4200,92,168.911764705882,41.5882352941176,34,64
4300,92,172.375,41.375,32,64
4400,92,174.28125,37.75,32,62
4500,92,177.03125,34.34375,32,64
4600,92,179.060606060606,34.6666666666667,33,64
4700,92,184.441176470588,36.1470588235294,34,64
4800,92,187.09375,33.75,32,62
4900,92,189.060606060606,32.9393939393939,33,64
5000,92,192.612903225806,33.0967741935484,31,62
5100,92,192.90625,32.84375,32,64
5200,92,194.838709677419,33.7741935483871,31,62
5300,92,198.764705882353,33.5588235294118,34,64
5400,92,200.875,31.40625,32,66
5500,92,205.5,30.96875,32,64
5600,92,206.085714285714,30.2285714285714,35,66
5700,92,208.8125,29.6875,32,62
5800,92,213.935483870968,29.4193548387097,31,62
5900,92,218.466666666667,28.0666666666667,30,62
6000,92,220.34375,26.65625,32,68
6100,92,222.242424242424,26.6969696969697,33,62
6200,92,226.727272727273,26.5454545454546,33,64
6300,92,231.121212121212,27.6060606060606,33,64
6400,92,233.764705882353,28.1764705882353,34,64
6500,92,237.363636363636,29.0909090909091,33,64
6600,92,239.060606060606,27.5757575757576,33,62
6700,92,241.53125,29.25,32,64
6800,92,244.838709677419,28.6451612903226,31,62
6900,92,250.266666666667,28.0333333333333,30,64
7000,92,252.96875,26.875,32,64
7100,92,257.290322580645,28.258064516129,31,62
7200,92,263.636363636364,30.8181818181818,33,64
7300,92,265.161290322581,30.6774193548387,31,62
7400,92,265.911764705882,29.8529411764706,34,66
7500,92,269.771428571429,27,35,64
7600,92,275.25,27.28125,32,62
7700,92,277,24.9393939393939,33,64
7800,92,279.1875,22.40625,32,64
7900,92,280.647058823529,20.3235294117647,34,64
8000,92,284,21.1764705882353,34,64
8100,92,286.5,22.1764705882353,34,64
8200,92,287.787878787879,25.0909090909091,33,62
8300,92,290.794117647059,23.7647058823529,34,64
8400,92,293.484848484848,23.4848484848485,33,64
8500,92,295.03125,24,32,66
8600,92,295.6875,23.15625,32,62
8700,92,296.529411764706,23.0588235294118,34,64
8800,92,299,21.28125,32,64
8900,92,301.151515151515,22.4242424242424,33,64
9000,92,306.090909090909,23.2121212121212,33,62
9100,92,310.166666666667,23.1111111111111,36,66
9200,92,312.441176470588,22.6764705882353,34,64
9300,92,314.787878787879,20.0909090909091,33,62
9400,92,318.84375,20.53125,32,62
9500,92,322.96875,18.9375,32,64
9600,92,325,17.5151515151515,33,64
9700,92,329.275862068966,17.8275862068966,29,64
9800,92,332.558823529412,15.4411764705882,34,64
9900,92,333.823529411765,16.764705882353,34,64
10000,92,335.558823529412,16.2058823529412,34,64
0,93,50,50,1,8
100,93,52.4,50.4857142857143,35,64
200,93,53.25,50.78125,32,64
300,93,55.6875,49.8125,32,64
400,93,57.625,50.59375,32,66
500,93,59.09375,48.5,32,62
600,93,63.8064516129032,47.9677419354839,31,62
700,93,67.7575757575758,48.6363636363636,33,64
800,93,71.4516129032258,48.8387096774194,31,62
900,93,73.6666666666667,50.1818181818182,33,64
1000,93,75.09375,50.5,32,62
1100,93,77.21875,51.09375,32,64
1200,93,79.4848484848485,51.0909090909091,33,62
1300,93,81.4848484848485,50.9090909090909,33,62
1400,93,83.4242424242424,49.9393939393939,33,62
1500,93,88.1290322580645,49.5806451612903,31,62
1600,93,92,48.5,34,62
1700,93,96.4571428571429,47.2571428571429,35,64
1800,93,99,46.40625,32,62
1900,93,98.6944444444444,45.6944444444444,36,64
2000,93,100.625,46.75,32,64
2100,93,104.266666666667,48.1666666666667,30,62
2200,93,108.393939393939,47.6666666666667,33,64
2300,93,111.645161290323,47.2258064516129,31,62
2400,93,115,48,35,64
2500,93,116.8125,48.75,32,62
2600,93,117,47.8529411764706,34,64
2700,93,120.5,47.8823529411765,34,64
2800,93,122.058823529412,50.1764705882353,34,64
2900,93,125.606060606061,48.4848484848485,33,62
3000,93,131.96875,48.59375,32,62
3100,93,133.806451612903,48.6774193548387,31,62
3200,93,137.15625,49.4375,32,64
3300,93,136.838709677419,46.9032258064516,31,62
3400,93,140.6,47.5666666666667,30,62
3500,93,144.161290322581,48.5483870967742,31,64
3600,93,146.40625,48.65625,32,62
3700,93,150.147058823529,48.5294117647059,34,64
3800,93,152.757575757576,46.030303030303,33,64
3900,93,154.878787878788,45.4545454545454,33,64
4000,93,157.371428571429,46,35,64
4100,93,157.611111111111,45.8611111111111,36,64
4200,93,158.90625,44.625,32,64
4300,93,162,45.7575757575758,33,64
4400,93,165.727272727273,44.6363636363636,33,62
4500,93,168.30303030303,44.9393939393939,33,64
4600,93,169.424242424242,41.7575757575758,33,62
4700,93,172.709677419355,44.1290322580645,31,60
4800,93,174,43.7714285714286,35,64
4900,93,177.852941176471,44.2941176470588,34,64
5000,93,179.294117647059,44.1470588235294,34,64
5100,93,181.46875,43.125,32,64
5200,93,185.666666666667,42.6363636363636,33,64
5300,93,187.969696969697,43.0606060606061,33,64
5400,93,190.90625,43.4375,32,64
5500,93,192.441176470588,44.0294117647059,34,64
5600,93,194.9375,43.125,32,62
5700,93,199.757575757576,45.9090909090909,33,62
5800,93,203.969696969697,45.5151515151515,33,64
5900,93,204.65625,45.65625,32,64
6000,93,206.677419354839,44.741935483871,31,64
6100,93,210.4375,43.375,32,64
6200,93,213.176470588235,44.1764705882353,34,62
6300,93,216.694444444444,42.6944444444444,36,64
6400,93,218.088235294118,40.7941176470588,34,64
6500,93,219.96875,38.21875,32,66
6600,93,223.5625,40,32,62
6700,93,225.206896551724,42.4827586206897,29,62
6800,93,226.424242424242,43.7272727272727,33,64
6900,93,229.69696969697,42.7575757575758,33,62
7000,93,232.787878787879,41.6666666666667,33,64
7100,93,236.5,40.8125,32,62
7200,93,238.5,39,34,62
7300,93,240.645161290323,38.6774193548387,31,62
7400,93,244.588235294118,38.1470588235294,34,64
7500,93,248.354838709677,39.8387096774194,31,62
7600,93,249.878787878788,37.030303030303,33,64
7700,93,254.558823529412,37.2352941176471,34,64
7800,93,258.454545454545,37.7575757575758,33,64
7900,93,261.451612903226,38.8064516129032,31,62
8000,93,264.241379310345,39.9310344827586,29,62
8100,93,269.034482758621,39.5172413793103,29,62
8200,93,273.451612903226,39.4516129032258,31,64
8300,93,276.848484848485,40.7575757575758,33,64
8400,93,280.161290322581,41,31,66
8500,93,284.8125,39.1875,32,62
8600,93,287.90625,40.4375,32,64
8700,93,294.96875,41.8125,32,64
8800,93,299.03125,44.5625,32,64
8900,93,301.515151515152,43.060606060606,33,64
9000,93,304.8125,44.125,32,62
9100,93,307.125,45.90625,32,62
9200,93,310.941176470588,46.3235294117647,34,66
9300,93,311.970588235294,46.9411764705882,34,66
9400,93,313.75,46.5,32,64
9500,93,318.193548387097,46.0967741935484,31,60
9600,93,321.235294117647,46.0588235294118,34,64
9700,93,324.666666666667,44.9393939393939,33,64
9800,93,327.428571428571,44.9142857142857,35,64
9900,93,331.34375,44.40625,32,64
10000,93,333.515151515152,43.969696969697,33,64
0,94,50,50,1,8
100,94,54,47.96875,32,64
200,94,56.1142857142857,46.7428571428572,35,64
300,94,60.71875,45.875,32,64
400,94,64.53125,44.0625,32,64
500,94,64.7941176470588,41.235294117647,34,64
600,94,67.4516129032258,39.6129032258064,31,66
700,94,69.59375,41.875,32,62
800,94,71.7878787878788,41.7575757575758,33,64
900,94,73.6764705882353,41.5882352941177,34,64
1000,94,74,41.875,32,62
1100,94,78.030303030303,42.6363636363636,33,64
1200,94,80.735294117647,41.7941176470588,34,66
1300,94,83.1515151515151,42.2727272727273,33,62
1400,94,86.5714285714286,42.9428571428571,35,64
1500,94,88.7272727272727,41.6666666666667,33,66
1600,94,90.7272727272727,45.1515151515152,33,62
1700,94,93.3939393939394,46.1212121212121,33,66
1800,94,97.375,49.09375,32,64
1900,94,98.3125,45.8125,32,64
2000,94,103.6875,46.90625,32,62
2100,94,106,46.7941176470588,34,64
2200,94,108.5,45.71875,32,64
2300,94,110.84375,45.03125,32,64
2400,94,113.4375,46.3125,32,62
2500,94,116.4375,43.96875,32,64
2600,94,119.193548387097,44.6774193548387,31,64
2700,94,121.606060606061,44.1515151515151,33,64
2800,94,123.457142857143,45.0857142857143,35,64
2900,94,126.571428571429,44.8285714285714,35,66
3000,94,128.129032258065,44.9677419354839,31,64
3100,94,131.666666666667,45.0909090909091,33,64
3200,94,135.060606060606,45.3333333333333,33,64
3300,94,137.96875,46.71875,32,62
3400,94,141,46.34375,32,64
3500,94,144.193548387097,44.9354838709678,31,64
3600,94,147.060606060606,46.4242424242424,33,62
3700,94,147.59375,45.4375,32,62
3800,94,150.558823529412,45.7352941176471,34,66
3900,94,154.333333333333,44.4242424242424,33,66
4000,94,158.636363636364,46.030303030303,33,64
4100,94,162.058823529412,47.1470588235294,34,64
4200,94,163.4,46.4666666666667,30,62
4300,94,166.71875,45.25,32,62
4400,94,170.5,44,34,64
4500,94,174.121212121212,45.3333333333333,33,64
4600,94,175.909090909091,45.7878787878788,33,62
4700,94,177.3125,45.3125,32,64
4800,94,180.818181818182,44.2727272727273,33,62
4900,94,180.771428571429,45.6285714285714,35,64
5000,94,184.193548387097,45.2258064516129,31,62
5100,94,188.21875,45.96875,32,64
5200,94,190.84375,48.375,32,60
5300,94,195.176470588235,49.8235294117647,34,62
5400,94,197.742857142857,48.5428571428571,35,64
5500,94,199.470588235294,49.3235294117647,34,66
5600,94,201.212121212121,49.5454545454545,33,64
5700,94,202.542857142857,50.9142857142857,35,64
5800,94,206.058823529412,49.5588235294118,34,64
5900,94,205.59375,50.59375,32,66
6000,94,207.818181818182,48.7272727272727,33,62
6100,94,209.970588235294,48.9705882352941,34,64
6200,94,213.3125,48.6875,32,64
6300,94,214.857142857143,47,35,66
6400,94,217.882352941176,48.0588235294118,34,64
6500,94,218.852941176471,47.6176470588235,34,64
6600,94,220.727272727273,46.9090909090909,33,64
6700,94,223.096774193548,48.0322580645161,31,62
6800,94,227.030303030303,48.1212121212121,33,64
6900,94,229.848484848485,48.2727272727273,33,62
7000,94,233.848484848485,49.2727272727273,33,62
7100,94,237.787878787879,48.6060606060606,33,64
7200,94,239.575757575758,48.8484848484849,33,64
7300,94,243.787878787879,47.9090909090909,33,64
7400,94,244.677419354839,47.5806451612903,31,64
7500,94,247.411764705882,48.6764705882353,34,64
7600,94,250.264705882353,51,34,62
7700,94,253,51.7878787878788,33,64
7800,94,254.424242424242,52.5454545454545,33,64
7900,94,257.611111111111,53.8611111111111,36,64
8000,94,258.666666666667,53.7575757575758,33,62
8100,94,258.903225806452,51.9677419354839,31,64
8200,94,262.774193548387,52.0967741935484,31,62
8300,94,265.235294117647,53.2941176470588,34,66
8400,94,270,54.4375,32,64
8500,94,274.258064516129,55.2903225806452,31,62
8600,94,275.166666666667,52.9333333333333,30,60
8700,94,276.911764705882,51.6764705882353,34,64
8800,94,280.5,50.8235294117647,34,64
8900,94,283,52,35,64
9000,94,285.46875,51.5,32,66
9100,94,288.735294117647,52.0294117647059,34,66
9200,94,290.322580645161,51.5161290322581,31,62
9300,94,293.75,52.34375,32,64
9400,94,298.413793103448,51.1379310344828,29,62
9500,94,302.515151515152,50.0909090909091,33,64
9600,94,307.212121212121,52.5454545454546,33,62
9700,94,310.794117647059,54.5588235294118,34,64
9800,94,311.969696969697,55.1818181818182,33,66
9900,94,312.129032258065,53.0967741935484,31,64
10000,94,314.03125,52.6875,32,62
0,95,49.25,50.5,4,26
100,95,51.1818181818182,51.6363636363636,33,64
200,95,55.1875,51.21875,32,62
300,95,57.25,52.8125,32,62
400,95,60.5151515151515,54.6060606060606,33,62
500,95,64,53.1666666666667,30,60
600,95,65.7777777777778,53.9722222222222,36,66
700,95,68.1290322580645,55.4193548387097,31,62
800,95,69.5588235294118,55.1764705882353,34,64
900,95,73.6111111111111,55.3611111111111,36,66
1000,95,75.6666666666667,54.6060606060606,33,64
1100,95,77.235294117647,53.8823529411765,34,64
1200,95,78.2727272727273,55.3939393939394,33,64
1300,95,80.9032258064516,56.0967741935484,31,64
1400,95,83.5625,56.875,32,62
1500,95,86.5625,58.03125,32,64
1600,95,91.6764705882353,59.0294117647059,34,64
1700,95,95.1176470588235,61.1764705882353,34,64
1800,95,99.7575757575758,60.9090909090909,33,62
1900,95,103.454545454545,61.4242424242424,33,64
2000,95,105.117647058824,59.6176470588235,34,66
2100,95,108,61.8857142857143,35,66
2200,95,109.71875,62.375,32,64
2300,95,113.823529411765,62.4117647058823,34,64
2400,95,118.25,62.53125,32,62
2500,95,122.029411764706,60.9117647058823,34,66
2600,95,125.3125,61.15625,32,64
2700,95,129.176470588235,61.3823529411765,34,64
2800,95,130.533333333333,60.1333333333333,30,62
2900,95,132.714285714286,60.3714285714286,35,66
3000,95,133.909090909091,61.5151515151515,33,62
3100,95,136.903225806452,61,31,64
3200,95,139.057142857143,59.3428571428571,35,64
3300,95,142.242424242424,60.0909090909091,33,62
3400,95,145.272727272727,61.5151515151515,33,64
3500,95,147.441176470588,59.1470588235294,34,64
3600,95,149.69696969697,57.3939393939394,33,64
3700,95,151,57.6969696969697,33,64
3800,95,154.21875,56.625,32,64
3900,95,155.942857142857,54.3428571428572,35,64
4000,95,158.354838709677,54.9032258064516,31,62
4100,95,161.352941176471,55.7352941176471,34,64
4200,95,165.352941176471,58.5588235294118,34,64
4300,95,166.529411764706,58.7941176470588,34,66
4400,95,168.909090909091,58.5151515151515,33,62
4500,95,172.40625,60.875,32,64
4600,95,177.272727272727,61.0909090909091,33,64
4700,95,180,61.8064516129032,31,62
4800,95,183.375,61.625,32,62
4900,95,186.027777777778,59.8611111111111,36,66
5000,95,188.545454545455,60.9090909090909,33,62
5100,95,190.212121212121,61.2727272727273,33,66
5200,95,191.971428571429,60.4,35,64
5300,95,195.454545454545,60.2121212121212,33,62
5400,95,198.515151515152,62.7575757575758,33,64
5500,95,202.424242424242,62.7575757575758,33,62
5600,95,207,61.7352941176471,34,62
5700,95,209.727272727273,64.3636363636364,33,62
5800,95,212,64.5,32,62
5900,95,215.363636363636,64.8181818181818,33,64
6000,95,219.0625,65.125,32,62
6100,95,220.34375,64.65625,32,62
6200,95,221.90625,62.96875,32,62
6300,95,225.333333333333,63.6666666666667,33,64
6400,95,226.558823529412,61.7941176470588,34,64
6500,95,229.558823529412,62.4117647058823,34,64
6600,95,230.771428571429,64.2571428571429,35,64
6700,95,231.375,66.59375,32,62
6800,95,235.5625,65.40625,32,62
6900,95,237.58064516129,65.7096774193548,31,62
7000,95,241.121212121212,64.1212121212121,33,64
7100,95,241.774193548387,62.741935483871,31,64
7200,95,245.147058823529,62.0588235294118,34,64
7300,95,246.366666666667,62.4333333333333,30,64
7400,95,249,62.5,32,62
7500,95,250.636363636364,61.9090909090909,33,64
7600,95,251.606060606061,64.1818181818182,33,64
7700,95,254.363636363636,62.6363636363636,33,64
7800,95,256.575757575758,63.5151515151515,33,64
7900,95,258.21875,63.125,32,64
8000,95,260.133333333333,60.0333333333333,30,64
8100,95,262.575757575758,58.5757575757576,33,64
8200,95,267.129032258065,59.0645161290323,31,64
8300,95,270.633333333333,58.1,30,60
8400,95,273.96875,55.6875,32,62
8500,95,276,57.5,32,62
8600,95,279.117647058824,57.5882352941176,34,64
8700,95,281.454545454545,58.1818181818182,33,64
8800,95,282.885714285714,58.2571428571429,35,64
8900,95,286.533333333333,58,30,62
9000,95,288.838709677419,58,31,62
9100,95,292.90625,57.125,32,62
9200,95,293.848484848485,55.4848484848485,33,62
9300,95,296.147058823529,54.5294117647059,34,64
9400,95,298.363636363636,54.2727272727273,33,64
9500,95,301.424242424242,53.4545454545455,33,64
9600,95,303.84375,50.9375,32,64
9700,95,306.34375,49.65625,32,62
9800,95,308.363636363636,49.8181818181818,33,64
9900,95,313.457142857143,48.3714285714286,35,66
10000,95,315.375,47.3125,32,62
0,96,50.5,50,2,14
100,96,51.3333333333333,49.2727272727273,33,66
200,96,53.25,49.28125,32,62
300,96,57.25,48.09375,32,64
400,96,63.6,46.6666666666667,30,62
500,96,67.0967741935484,48.1290322580645,31,64
600,96,70.5,47.28125,32,62
700,96,72.1935483870968,48.0322580645161,31,62
800,96,76.3666666666667,47.3,30,62
900,96,79.8484848484848,47.8484848484849,33,62
1000,96,81.5483870967742,49.1290322580645,31,62
1100,96,84.2424242424242,49.969696969697,33,64
1200,96,85.4516129032258,51.0645161290322,31,62
1300,96,87.7878787878788,50.4545454545454,33,62
1400,96,89.25,48.75,32,62
1500,96,92.2941176470588,47.6176470588235,34,64
1600,96,93.7941176470588,48.5588235294118,34,64
1700,96,95.2285714285714,48.0857142857143,35,64
1800,96,99.1470588235294,49.4117647058824,34,64
1900,96,99.2941176470588,49.7941176470588,34,64
2000,96,98.28125,47.84375,32,62
2100,96,101.71875,48.03125,32,64
2200,96,103.354838709677,45.7419354838709,31,62
2300,96,106.15625,46.71875,32,62
2400,96,110.34375,47.96875,32,62
2500,96,112.823529411765,48.3529411764706,34,64
2600,96,113.878787878788,49.5757575757576,33,64
2700,96,117.4375,49.78125,32,64
2800,96,121.875,52.375,32,64
2900,96,124.764705882353,53.4705882352941,34,64
3000,96,126.354838709677,52.1935483870968,31,62
3100,96,130.09375,50.6875,32,62
3200,96,134.171428571429,53,35,64
3300,96,136.060606060606,53.5151515151515,33,64
3400,96,138.382352941176,54.2352941176471,34,64
3500,96,141.818181818182,54.030303030303,33,64
3600,96,148.161290322581,52.8709677419355,31,62
3700,96,150.677419354839,52.0645161290323,31,64
3800,96,154.848484848485,50.5454545454545,33,64
3900,96,158.53125,51.46875,32,64
4000,96,160.25,52.1875,32,62
4100,96,162.424242424242,52.7575757575758,33,66
4200,96,162.542857142857,54.0857142857143,35,64
4300,96,166.806451612903,54.0322580645161,31,62
4400,96,167.166666666667,55.0666666666667,30,64
4500,96,170.625,55.375,32,64
4600,96,173.75,53.875,32,64
4700,96,174,54.3225806451613,31,62
4800,96,175.125,53.4375,32,64
4900,96,176.266666666667,51.1666666666667,30,62
5000,96,178.555555555556,50.3333333333333,27,60
5100,96,181.114285714286,49.0571428571429,35,64
5200,96,184.69696969697,48.6363636363636,33,64
5300,96,186.75,49.09375,32,62
5400,96,188.969696969697,47.8181818181818,33,62
5500,96,191.466666666667,47.6,30,62
5600,96,193.787878787879,47.9090909090909,33,64
5700,96,197.964285714286,49.0357142857143,28,60
5800,96,201.818181818182,48,33,64
5900,96,205.151515151515,46.8484848484849,33,62
6000,96,207.294117647059,44.3823529411765,34,66
6100,96,210.84375,44.0625,32,62
6200,96,215,44.28125,32,62
6300,96,218.7,43.1666666666667,30,62
6400,96,220.354838709677,46.258064516129,31,64
6500,96,225.53125,44.84375,32,62
6600,96,226,43.15625,32,62
6700,96,229.787878787879,42.4545454545454,33,62
6800,96,234.464285714286,43.3928571428571,28,62
6900,96,237.96875,44.71875,32,62
7000,96,241.6875,44.46875,32,64
7100,96,246.090909090909,45.2424242424242,33,62
7200,96,248.242424242424,43.3636363636364,33,64
7300,96,251.647058823529,43.5294117647059,34,64
7400,96,252.848484848485,41.4848484848485,33,64
7500,96,257.454545454545,43.030303030303,33,64
7600,96,258.727272727273,41.6060606060606,33,64
7700,96,261.878787878788,40.9393939393939,33,64
7800,96,263.30303030303,41.6969696969697,33,64
7900,96,266.666666666667,41.2424242424242,33,62
8000,96,269.794117647059,41.7058823529412,34,64
8100,96,273.264705882353,40,34,62
8200,96,277,40.3225806451613,31,62
8300,96,279.636363636364,41.1818181818182,33,64
8400,96,283.28125,40.65625,32,62
8500,96,284.3125,42.125,32,64
8600,96,287.34375,40.21875,32,62
8700,96,288.857142857143,40.8571428571428,35,66
8800,96,291.84375,40.625,32,60
8900,96,295.28125,42,32,64
9000,96,300.483870967742,41.3870967741935,31,64
9100,96,302.484848484848,42.8484848484849,33,62
9200,96,305.914285714286,45.0571428571429,35,66
9300,96,305.969696969697,46.1818181818182,33,62
9400,96,310.90625,46.25,32,64
9500,96,313.96875,44.71875,32,62
9600,96,318.5,46.1875,32,62
9700,96,322.433333333333,46.5666666666667,30,64
9800,96,324.757575757576,47.8787878787879,33,64
9900,96,328.41935483871,49.3225806451613,31,62
10000,96,330.30303030303,49,33,64
0,97,50,50,1,8
100,97,52.9705882352941,49.7647058823529,34,64
200,97,52.4545454545455,50.9090909090909,33,62
300,97,52.78125,52.21875,32,62
400,97,56.4375,52.15625,32,62
500,97,58.5882352941177,52,34,64
600,97,62.8125,50.84375,32,62
700,97,66.741935483871,51.0322580645161,31,64
800,97,69.060606060606,53.2727272727273,33,64
900,97,73.0882352941176,54.9705882352941,34,64
1000,97,75.741935483871,55.6451612903226,31,62
1100,97,77.9393939393939,53.5757575757576,33,62
1200,97,81.7878787878788,52.9090909090909,33,62
1300,97,84.0625,52.5625,32,62
1400,97,85.1142857142857,51.8857142857143,35,64
1500,97,88.4375,49.8125,32,62
1600,97,95.8823529411764,51.6470588235294,34,64
1700,97,97.0588235294118,53.0882352941176,34,64
1800,97,99.2666666666667,51,30,64
1900,97,100,53.0571428571428,35,66
2000,97,101.090909090909,48.3636363636364,33,64
2100,97,104.878787878788,47.6666666666667,33,64
2200,97,107,49.741935483871,31,62
2300,97,109.935483870968,46.3870967741936,31,62
2400,97,112.971428571429,47.2857142857143,35,66
2500,97,113.606060606061,47.969696969697,33,64
2600,97,116.96875,49.0625,32,64
2700,97,118.5,48,34,62
2800,97,120.088235294118,46.8235294117647,34,64
2900,97,121.852941176471,45.4705882352941,34,64
3000,97,124.393939393939,45.030303030303,33,64
3100,97,127.060606060606,43.6666666666667,33,62
3200,97,129.575757575758,44.2727272727273,33,64
3300,97,132.129032258065,43.1290322580645,31,64
3400,97,133.677419354839,41.8709677419355,31,62
3500,97,135.242424242424,41.1212121212121,33,64
3600,97,139.28125,39.90625,32,64
3700,97,141.064516129032,39.3870967741935,31,64
3800,97,144.84375,40.15625,32,64
3900,97,145.558823529412,39.0882352941177,34,64
4000,97,147.575757575758,40.4242424242424,33,62
4100,97,151.264705882353,41,34,62
4200,97,154.625,41.96875,32,62
4300,97,156.571428571429,41.8571428571428,35,66
4400,97,160.151515151515,43.9090909090909,33,64
4500,97,164.866666666667,43.3,30,62
4600,97,165.878787878788,42.3030303030303,33,64
4700,97,167.78125,42.875,32,62
4800,97,169.181818181818,42.0606060606061,33,64
4900,97,173.15625,41,32,62
5000,97,174.515151515152,41.6969696969697,33,64
5100,97,177.030303030303,42.0909090909091,33,64
5200,97,180.909090909091,42,33,64
5300,97,184.633333333333,41.0666666666667,30,62
5400,97,184.903225806452,41.9677419354839,31,62
5500,97,187.090909090909,40.3333333333333,33,64
5600,97,190.393939393939,40,33,64
5700,97,191.647058823529,39.764705882353,34,66
5800,97,193.666666666667,38.5757575757576,33,62
5900,97,195.34375,38.28125,32,62
6000,97,196.75,37.71875,32,62
6100,97,199.212121212121,37.8484848484849,33,64
6200,97,202,37.6285714285714,35,64
6300,97,204.882352941176,39.0588235294118,34,64
6400,97,207.545454545455,39.1515151515152,33,64
6500,97,209.393939393939,39.5151515151515,33,62
6600,97,210.411764705882,40,34,64
6700,97,211.625,40.5,32,62
6800,97,213.84375,40.96875,32,64
6900,97,215.545454545455,40.0909090909091,33,62
7000,97,218.911764705882,41.3823529411765,34,64
7100,97,223.451612903226,41.741935483871,31,64
7200,97,226.848484848485,40.060606060606,33,64
7300,97,232.84375,37.03125,32,64
7400,97,236.1875,37.8125,32,62
7500,97,239.96875,36.5,32,64
7600,97,242.69696969697,41,33,64
7700,97,246.058823529412,41.4705882352941,34,64
7800,97,248.588235294118,41.5,34,64
7900,97,250.969696969697,40.5151515151515,33,64
8000,97,252.21875,39.65625,32,62
8100,97,254.342857142857,38.8285714285714,35,66
8200,97,255.69696969697,37.0909090909091,33,62
8300,97,260.194444444444,35.6944444444444,36,66
8400,97,263.411764705882,33.9117647058823,34,64
8500,97,265.53125,34.0625,32,62
8600,97,269.5,32.46875,32,64
8700,97,271.971428571429,32.1142857142857,35,66
8800,97,274.3125,31.0625,32,64
8900,97,279.484848484848,32.0909090909091,33,62
9000,97,283.3125,30.53125,32,64
9100,97,286.878787878788,29.2727272727273,33,66
9200,97,290.272727272727,29.8181818181818,33,66
9300,97,293.258064516129,30.1935483870968,31,62
9400,97,294.342857142857,31.5428571428571,35,66
9500,97,296.71875,33.8125,32,64
9600,97,299,32.5,34,62
9700,97,301.181818181818,32.6969696969697,33,64
9800,97,305.741935483871,33.9032258064516,31,62
9900,97,307.25,34.4375,32,64
10000,97,308.882352941176,34.8529411764706,34,64
0,98,49.75,50,4,24
100,98,52.5,50.625,32,64
200,98,55.6470588235294,51.7352941176471,34,64
300,98,58.6774193548387,51.9354838709677,31,62
400,98,60.875,49.53125,32,62
500,98,63.4242424242424,47.4242424242424,33,62
600,98,65.71875,47.90625,32,64
700,98,68.6666666666667,49.2424242424242,33,62
800,98,72.0909090909091,49.2424242424242,33,62
900,98,74.4242424242424,50.1212121212121,33,64
1000,98,76.90625,50.625,32,64
1100,98,79.5454545454545,50.0909090909091,33,62
1200,98,81.9705882352941,51.1470588235294,34,64
1300,98,85.3235294117647,49.6764705882353,34,64
1400,98,90.3548387096774,51.5161290322581,31,64
1500,98,93.2903225806452,52.4193548387097,31,64
1600,98,96.7741935483871,54.2258064516129,31,62
1700,98,102.1875,53.15625,32,64
1800,98,104.818181818182,51.7878787878788,33,64
1900,98,110.114285714286,52.7428571428571,35,64
2000,98,113.7,53,30,60
2100,98,117.787878787879,50.5151515151515,33,64
2200,98,119.09375,51.5,32,62
2300,98,120.676470588235,52.8529411764706,34,64
2400,98,123.84375,53.71875,32,64
2500,98,126.125,51.0625,32,62
2600,98,129.28125,50.15625,32,64
2700,98,132.354838709677,51.8064516129032,31,64
2800,98,132.242424242424,51.9090909090909,33,62
2900,98,136.34375,52.75,32,64
3000,98,139.34375,52.375,32,62
3100,98,142.264705882353,50.7352941176471,34,64
3200,98,146.088235294118,52.2352941176471,34,64
3300,98,151.40625,51.96875,32,64
3400,98,153,51.96875,32,64
3500,98,155.8125,54.34375,32,64
3600,98,158.818181818182,54.4848484848485,33,64
3700,98,163,55,33,64
3800,98,167.060606060606,53.6363636363636,33,64
3900,98,169.121212121212,52.6666666666667,33,64
4000,98,173.314285714286,51.6,35,64
4100,98,174.848484848485,53.5757575757576,33,64
4200,98,177,53,35,64
4300,98,180.774193548387,54.258064516129,31,62
4400,98,185.424242424242,53.9393939393939,33,64
4500,98,189.848484848485,54.6666666666667,33,66
4600,98,193.903225806452,54,31,64
4700,98,197.090909090909,55.5151515151515,33,62
4800,98,198.272727272727,56.969696969697,33,64
4900,98,201.647058823529,55.1764705882353,34,64
5000,98,206.657142857143,57.7142857142857,35,66
5100,98,210.53125,58.59375,32,64
5200,98,212.484848484848,58.1212121212121,33,64
5300,98,217.125,57.375,32,64
5400,98,219.34375,57.65625,32,62
5500,98,222.354838709677,58.9354838709677,31,62
5600,98,224.125,58.625,32,64
5700,98,227.272727272727,59.6060606060606,33,64
5800,98,228.69696969697,60.0909090909091,33,62
5900,98,231.424242424242,60.3333333333333,33,62
6000,98,235.612903225806,60.2258064516129,31,62
6100,98,238.363636363636,59.2121212121212,33,64
6200,98,241.03125,58.5625,32,64
6300,98,244.363636363636,57.2727272727273,33,62
6400,98,249.40625,59.65625,32,64
6500,98,251.909090909091,59.7575757575758,33,64
6600,98,253.5,61.3333333333333,30,62
6700,98,254.75,60.84375,32,64
6800,98,259.294117647059,60.7352941176471,34,64
6900,98,263.806451612903,60.1612903225806,31,64
7000,98,267,62.1818181818182,33,64
7100,98,271.5625,62.25,32,62
7200,98,273.969696969697,63.1212121212121,33,64
7300,98,276.666666666667,64.3888888888889,36,66
7400,98,280.909090909091,63.7272727272727,33,64
7500,98,282.78125,62.21875,32,66
7600,98,285.483870967742,63.4516129032258,31,64
7700,98,285.705882352941,62.5,34,62
7800,98,288.727272727273,62.2424242424242,33,64
7900,98,290.606060606061,63.4848484848485,33,62
8000,98,293.21875,63.78125,32,62
8100,98,296.484848484848,64.0909090909091,33,62
8200,98,300.838709677419,63,31,64
8300,98,302.588235294118,62.4411764705882,34,64
8400,98,304.5,61,34,62
8500,98,308.40625,60.40625,32,64
8600,98,312.5,59.5,36,64
8700,98,316.939393939394,60.4242424242424,33,62
8800,98,318.84375,60.8125,32,62
8900,98,322,63.0606060606061,33,64
9000,98,322.28125,61.9375,32,64
9100,98,322.941176470588,62.5588235294118,34,64
9200,98,324.78125,63.8125,32,64
9300,98,326.466666666667,63.9,30,62
9400,98,330.483870967742,62.6451612903226,31,62
9500,98,332.909090909091,62.7878787878788,33,64
9600,98,336.264705882353,63,34,62
9700,98,340.030303030303,63.1818181818182,33,62
9800,98,344.71052631579,63.2894736842105,38,68
9900,98,346.709677419355,62.8064516129032,31,60
10000,98,350.235294117647,62.3823529411765,34,64
0,99,50,50,1,8
100,99,52.3030303030303,50.0909090909091,33,62
200,99,55.030303030303,51.6060606060606,33,64
300,99,57.4242424242424,51.5151515151515,33,64
400,99,60.1764705882353,50,34,64
500,99,64.1612903225807,49.1935483870968,31,62
600,99,69.8529411764706,47.1176470588235,34,64
700,99,72.9090909090909,49.5454545454546,33,62
800,99,75.0857142857143,49.9428571428572,35,66
900,99,76.5,50,34,62
1000,99,78.3939393939394,46.8787878787879,33,64
1100,99,79.4545454545455,48.3030303030303,33,66
1200,99,80.2727272727273,50.3030303030303,33,64
1300,99,84.0294117647059,51.9705882352941,34,64
1400,99,85.3939393939394,52.3030303030303,33,64
1500,99,87.9393939393939,53.6666666666667,33,64
1600,99,89.8333333333333,54.8333333333333,30,62
1700,99,92.1818181818182,53.8484848484849,33,66
1800,99,95.5,51.8235294117647,34,64
1900,99,98.2647058823529,52.5294117647059,34,66
2000,99,101.176470588235,53.1764705882353,34,62
2100,99,106.1875,54.4375,32,62
2200,99,109.848484848485,54.2121212121212,33,64
2300,99,112.171428571429,53.7142857142857,35,64
2400,99,114.933333333333,55.9666666666667,30,64
2500,99,117.53125,56.25,32,64
2600,99,117.545454545455,54.2727272727273,33,64
2700,99,121.53125,56.65625,32,62
2800,99,123.34375,56.90625,32,62
2900,99,125.677419354839,58.8709677419355,31,62
3000,99,129.0625,59.875,32,64
3100,99,131.848484848485,59.4848484848485,33,62
3200,99,135,61.2121212121212,33,64
3300,99,138,61.4117647058824,34,64
3400,99,142.96875,60.28125,32,64
3500,99,144.933333333333,60.2333333333333,30,62
3600,99,149.125,59.75,32,66
3700,99,153.41935483871,59.4838709677419,31,62
3800,99,156.617647058824,60.9117647058823,34,64
3900,99,158.606060606061,61.7272727272727,33,64
4000,99,161.117647058824,61.7647058823529,34,64
4100,99,162.060606060606,62.3333333333333,33,64
4200,99,163.25,61.125,32,64
4300,99,164.5,59,34,62
4400,99,166.032258064516,58.4516129032258,31,64
4500,99,169.5,58,34,62
4600,99,174.0625,57.9375,32,62
4700,99,177.911764705882,58,34,64
4800,99,181.057142857143,57,35,66
4900,99,184.290322580645,56.8387096774194,31,64
5000,99,188.647058823529,59.0882352941176,34,66
5100,99,189.941176470588,59.5294117647059,34,64
5200,99,194.264705882353,61.7941176470588,34,64
5300,99,198.542857142857,62.4285714285714,35,64
5400,99,203.032258064516,60.3870967741936,31,64
5500,99,205.114285714286,58.9428571428571,35,66
5600,99,210.75,58.875,32,64
5700,99,214.352941176471,57.8529411764706,34,64
5800,99,217.030303030303,60,33,64
5900,99,219.090909090909,59.3939393939394,33,64
6000,99,221.6875,59.5,32,64
6100,99,222.529411764706,61.1470588235294,34,64
6200,99,226,61.8484848484849,33,64
6300,99,227.852941176471,63.6764705882353,34,64
6400,99,229.676470588235,63.3235294117647,34,64
6500,99,231.96875,64.09375,32,64
6600,99,232.558823529412,64.2941176470588,34,64
6700,99,235.571428571429,63.6857142857143,35,68
6800,99,237.272727272727,66.2424242424242,33,64
6900,99,241.625,64.53125,32,64
7000,99,241.735294117647,65.2352941176471,34,64
7100,99,244.848484848485,64.8787878787879,33,64
7200,99,247.151515151515,65.4545454545455,33,64
7300,99,248.96875,64.8125,32,64
7400,99,252.533333333333,64.2333333333333,30,62
7500,99,255.645161290323,63.4838709677419,31,62
7600,99,256.65625,64,32,64
7700,99,259.766666666667,61,30,62
7800,99,261.870967741935,59.9354838709677,31,64
7900,99,263.823529411765,59.3823529411765,34,64
8000,99,268.15625,60.125,32,64
8100,99,270.8,61.9,30,64
8200,99,274.852941176471,61.2941176470588,34,64
8300,99,278.264705882353,63.264705882353,34,64
8400,99,281.448275862069,64,29,62
8500,99,283.46875,65.09375,32,66
8600,99,289.171428571429,64.7142857142857,35,64
8700,99,290.235294117647,62.0882352941177,34,64
8800,99,294.28125,61.6875,32,66
8900,99,297.766666666667,62.7,30,62
9000,99,299.714285714286,62.6,35,64
9100,99,301.441176470588,62.2647058823529,34,64
9200,99,305.193548387097,62.8064516129032,31,62
9300,99,307.064516129032,61.2903225806451,31,62
9400,99,309.090909090909,61.1515151515151,33,62
9500,99,310.909090909091,62.6969696969697,33,62
9600,99,312.4,64,35,64
9700,99,313.628571428571,64,35,66
9800,99,315.5,63.9666666666667,30,62
9900,99,316.366666666667,61.9666666666667,30,62
10000,99,319.84375,60.25,32,62
0,100,50,50,1,8
100,100,54.4411764705882,51.5588235294118,34,64
200,100,58.3529411764706,49.5294117647059,34,66
300,100,62.5757575757576,47.3939393939394,33,66
400,100,63.9354838709677,47.6129032258065,31,66
500,100,66.4666666666667,50.3,30,62
600,100,70.9090909090909,50.1818181818182,33,64
700,100,72.8235294117647,51.1470588235294,34,64
800,100,75.09375,53.0625,32,62
900,100,77.90625,54.46875,32,64
1000,100,79.4705882352941,53.0588235294118,34,64
1100,100,82,52.5,34,62
1200,100,83.2424242424242,53.4242424242424,33,62
1300,100,85.5714285714286,53.9428571428571,35,64
1400,100,87.7741935483871,55.0645161290322,31,62
1500,100,89.1290322580645,54.2903225806452,31,62
1600,100,91.5,55.40625,32,64
1700,100,92.8571428571428,54.9142857142857,35,64
1800,100,95.5625,55.3125,32,64
1900,100,99.8787878787879,53.8484848484849,33,64
2000,100,101.625,55.375,32,64
2100,100,105.212121212121,53.0909090909091,33,64
2200,100,107.242424242424,52.0909090909091,33,62
2300,100,109.6875,49.65625,32,62
2400,100,112.085714285714,49.7714285714286,35,64
2500,100,112.852941176471,50.4705882352941,34,64
2600,100,114.53125,52.0625,32,64
2700,100,116.424242424242,53.0606060606061,33,64
2800,100,121,52.9705882352941,34,66
2900,100,124.741935483871,53,31,62
3000,100,128.967741935484,54.4516129032258,31,62
3100,100,130.909090909091,52.7878787878788,33,62
3200,100,134.28125,51.375,32,62
3300,100,136.242424242424,52.0909090909091,33,66
3400,100,138.709677419355,50.6774193548387,31,62
3500,100,140.3,48.7,30,64
3600,100,143.96875,49.65625,32,64
3700,100,148.125,50.5,32,62
3800,100,148.5625,50.4375,32,64
3900,100,151.484848484848,52.6060606060606,33,62
4000,100,153.193548387097,52.0322580645161,31,62
4100,100,154.970588235294,52.0294117647059,34,64
4200,100,157.7,50.4666666666667,30,62
4300,100,159.387096774194,51.3225806451613,31,62
4400,100,161.387096774194,51.1612903225807,31,64
4500,100,163.53125,50.3125,32,64
4600,100,166,51.7352941176471,34,62
4700,100,166.757575757576,51.9090909090909,33,62
4800,100,171.5,51,30,62
4900,100,173.151515151515,50.1515151515152,33,64
5000,100,176.424242424242,51.1818181818182,33,64
5100,100,179.735294117647,51.0882352941177,34,64
5200,100,181.685714285714,50.2857142857143,35,66
5300,100,186.030303030303,50.4848484848485,33,64
5400,100,189.575757575758,52.060606060606,33,62
5500,100,193.117647058824,52.6470588235294,34,66
5600,100,197.852941176471,53.7058823529412,34,64
5700,100,201.151515151515,53.0909090909091,33,62
5800,100,203.909090909091,50.7878787878788,33,62
5900,100,205.909090909091,49.6969696969697,33,62
6000,100,210.25,48.71875,32,62
6100,100,212.666666666667,49.1818181818182,33,64
6200,100,215.424242424242,49.6666666666667,33,62
6300,100,219.375,49.21875,32,62
6400,100,222.4375,50.84375,32,62
6500,100,224.516129032258,52.3870967741935,31,64
6600,100,226.8125,52.53125,32,62
6700,100,228.516129032258,52.4838709677419,31,62
6800,100,231.235294117647,50.8823529411765,34,64
6900,100,232.606060606061,49.3939393939394,33,64
7000,100,236.6875,49.96875,32,64
7100,100,237.575757575758,48.7575757575758,33,64
7200,100,239.757575757576,48.030303030303,33,64
7300,100,240,47.1612903225806,31,62
7400,100,243,45.2424242424242,33,64
7500,100,245.15625,45.28125,32,62
7600,100,247.8125,41.9375,32,64
7700,100,250.909090909091,42.7878787878788,33,64
7800,100,254.939393939394,41.6666666666667,33,62
7900,100,257.939393939394,41.4242424242424,33,64
8000,100,261.636363636364,42.3939393939394,33,64
8100,100,266.59375,41.1875,32,64
8200,100,268,41,32,64
8300,100,270.78125,40.125,32,62
8400,100,272.857142857143,39.2857142857143,28,62
8500,100,275.424242424242,38.7575757575758,33,62
8600,100,277.741935483871,41.1612903225807,31,64
8700,100,278.060606060606,42.3333333333333,33,62
8800,100,280.28125,43.5,32,62
8900,100,283.90625,43.25,32,62
9000,100,288.727272727273,42.6363636363636,33,64
9100,100,289.5,41.5,32,64
9200,100,292.294117647059,39.4411764705882,34,64
9300,100,296.033333333333,39.8333333333333,30,64
9400,100,298.882352941176,40.9117647058823,34,66
9500,100,300.9375,40.09375,32,64
9600,100,301,41.5,32,62
9700,100,302.09375,40.40625,32,64
9800,100,305.58064516129,40.7096774193548,31,64
9900,100,309.84375,40.375,32,60
10000,100,313.484848484848,40.6060606060606,33,64
