time,id,com_1,com_2,area,surface
0,1,50,50,1,8
100,1,52.1764705882353,46.4117647058824,34,66
200,1,55.8235294117647,41.1176470588235,34,66
300,1,56.1714285714286,35.8285714285714,35,66
400,1,60,31.875,32,64
500,1,63.4838709677419,32.2258064516129,31,62
600,1,67.7272727272727,25.7878787878788,33,66
700,1,66.3333333333333,20.969696969697,33,64
800,1,61.9375,17.90625,32,64
900,1,61.1875,11.125,32,62
1000,1,61.8064516129032,7.41935483870968,31,62
1100,1,59.4193548387097,2.12903225806452,31,64
1200,1,57.28125,-2.125,32,66
1300,1,51.0625,-1.6875,32,64
1400,1,46.6176470588235,-6.38235294117644,34,64
1500,1,47.3333333333333,-10.6969696969697,33,64
1600,1,43.0606060606061,-14.0606060606061,33,64
1700,1,38.375,-11.53125,32,64
1800,1,32.9117647058824,-10.4117647058823,34,64
1900,1,28.4375,-9.8125,32,64
2000,1,22.2352941176471,-11.8823529411765,34,64
2100,1,16.8787878787879,-15.060606060606,33,64
2200,1,13.7666666666667,-15.2666666666667,30,62
2300,1,7.85294117647059,-16.7352941176471,34,64
2400,1,5.3125,-20.625,32,62
2500,1,1.3125,-18.59375,32,64
2600,1,0.419354838709677,-12.3225806451613,31,64
2700,1,-4.00000000000004,-9,33,64
2800,1,-4.87878787878788,-4.51515151515152,33,64
2900,1,-5.91428571428573,-0.200000000000003,35,64
3000,1,-0.0999999999999943,3.2,30,62
3100,1,6.51515151515152,5.84848484848484,33,62
3200,1,3.96969696969697,6.81818181818181,33,62
3300,1,3.34375,2.1875,32,64
3400,1,0.967741935483872,-1.80645161290325,31,62
3500,1,-3.38709677419354,-5.61290322580642,31,64
3600,1,-2.48484848484848,-9.90909090909088,33,62
3700,1,2.57575757575758,-13.7878787878788,33,66
3800,1,8.875,-18.9375,32,64
3900,1,8.34375,-24.15625,32,62
4000,1,5.87878787878788,-30.3939393939394,33,64
4100,1,4.20588235294117,-37.2647058823529,34,66
4200,1,7.18181818181819,-45.7272727272727,33,66
4300,1,8.48484848484848,-53.4848484848485,33,66
4400,1,11.3030303030303,-52.0909090909091,33,62
4500,1,15.65625,-47.90625,32,64
4600,1,20.5,-48.6875,32,64
4700,1,25.5625,-47.15625,32,62
4800,1,24.5172413793103,-42.1379310344828,29,64
4900,1,21.9333333333333,-39.7666666666667,30,64
5000,1,20.6060606060606,-35.3939393939394,33,64
5100,1,16.5,-31.5,36,64
5200,1,12.4375,-33.84375,32,62
5300,1,9.31428571428572,-37.1142857142857,35,64
5400,1,3.45454545454545,-36.7575757575758,33,64
5500,1,3.12903225806451,-34.1935483870968,31,64
5600,1,3.90909090909091,-29.7272727272727,33,66
5700,1,4.125,-23.6875,32,66
5800,1,1.80645161290323,-20.3870967741936,31,62
5900,1,0.0344827586206833,-16.0689655172414,29,62
6000,1,3,-20.3030303030303,33,64
6100,1,9.77142857142857,-25,35,66
6200,1,7.45454545454545,-28.3636363636364,33,64
6300,1,10.0625,-31.90625,32,62
6400,1,15.3030303030303,-33.4242424242424,33,64
6500,1,16.2903225806452,-38.6451612903226,31,62
6600,1,18.03125,-44.875,32,64
6700,1,19.4242424242424,-47.2424242424242,33,62
6800,1,23.2941176470588,-52.1764705882353,34,64
6900,1,30.7428571428571,-57.1142857142857,35,64
7000,1,37.1212121212121,-60.2424242424242,33,66
7100,1,38.7647058823529,-58.1176470588235,34,64
7200,1,36.741935483871,-53.9354838709677,31,62
7300,1,35.0909090909091,-50.5454545454545,33,62
7400,1,29.5,-48.5,32,64
7500,1,26.7333333333333,-48.5333333333333,30,62
7600,1,29.1212121212121,-44.3939393939394,33,64
7700,1,34.40625,-40.09375,32,62
7800,1,39.1111111111111,-36.2222222222222,36,66
7900,1,40.2285714285714,-32.6285714285714,35,64
8000,1,35,-31.5,32,62
8100,1,28.34375,-31.15625,32,64
8200,1,25.0882352941177,-35.1764705882353,34,64
8300,1,23.1176470588235,-40.4705882352941,34,66
8400,1,18.8529411764706,-45.0588235294118,34,66
8500,1,15.4242424242424,-48.9090909090909,33,64
8600,1,13.6363636363636,-52.3030303030303,33,64
8700,1,11.4,-56.2,35,66
8800,1,11.65625,-63.1875,32,64
8900,1,10.969696969697,-69.7272727272727,33,64
9000,1,8.34375,-68.375,32,62
9100,1,2.70967741935483,-65.3548387096774,31,62
9200,1,-1.68965517241379,-63.3793103448276,29,62
9300,1,-3.8125,-65.3125,32,64
9400,1,-1.8181818181818,-70.969696969697,33,62
9500,1,3.54838709677419,-73.8709677419355,31,64
9600,1,8.41176470588235,-77.3529411764706,34,64
9700,1,8.75,-80.28125,32,62
9800,1,8.93939393939394,-86.6363636363636,33,66
9900,1,8.09375,-91.75,32,62
10000,1,7.74193548387096,-95.5483870967742,31,62
0,2,49.75,49,4,26
100,2,48.9375,52.46875,32,62
200,2,45.1875,54.59375,32,66
300,2,44.1212121212121,49.9090909090909,33,64
400,2,41.3823529411765,45.2941176470588,34,66
500,2,43.3548387096774,39.1612903225806,31,64
600,2,46.1818181818182,34.6666666666667,33,64
700,2,43.4375,35.90625,32,64
800,2,38.5,34.1875,32,62
900,2,33.09375,35.75,32,64
1000,2,28.4242424242424,39.9393939393939,33,62
1100,2,24.741935483871,42.4838709677419,31,64
1200,2,20.375,40.59375,32,64
1300,2,14.030303030303,43.6363636363636,33,64
1400,2,10.4375,46.71875,32,64
1500,2,12.3333333333333,53.5151515151515,33,64
1600,2,16.5757575757576,54.2727272727273,33,64
1700,2,17.6176470588235,63.9117647058823,34,64
1800,2,19.1666666666667,68.9666666666667,30,64
1900,2,23.8387096774194,71,31,62
2000,2,28.8571428571429,69.1142857142857,35,66
2100,2,32.1379310344828,68.0689655172414,29,62
2200,2,32.3939393939394,70.6363636363636,33,64
2300,2,28.1176470588235,74.7941176470588,34,66
2400,2,24.125,77.84375,32,62
2500,2,23.3548387096774,82.8064516129032,31,62
2600,2,26.8484848484848,87.4242424242424,33,64
2700,2,27.5714285714286,92.0571428571429,35,64
2800,2,29.5,95.125,32,62
2900,2,32.7647058823529,101.147058823529,34,66
3000,2,35.7714285714286,104.685714285714,35,66
3100,2,36.8709677419355,108.741935483871,31,64
3200,2,41.5757575757576,110,33,66
3300,2,47.2121212121212,106.454545454545,33,62
3400,2,51.6363636363636,104.333333333333,33,64
3500,2,56.6969696969697,105.727272727273,33,64
3600,2,56.8,110.3,30,64
3700,2,53.15625,115.0625,32,62
3800,2,47.8387096774194,121.258064516129,31,64
3900,2,41.7575757575758,124.424242424242,33,62
4000,2,38.3235294117647,128.529411764706,34,66
4100,2,35.8666666666667,131.6,30,62
4200,2,31.2941176470588,134.882352941176,34,66
4300,2,27.40625,131.125,32,62
4400,2,23,128.852941176471,34,64
4500,2,17.7428571428571,125.457142857143,35,64
4600,2,16,121,35,64
4700,2,13.84375,119.03125,32,64
4800,2,8.13888888888889,113.055555555556,36,66
4900,2,7.06060606060606,108.69696969697,33,64
5000,2,8.74193548387097,105.129032258065,31,62
5100,2,12.6451612903226,99.9354838709677,31,60
5200,2,15.2424242424242,96.6060606060606,33,66
5300,2,20.2258064516129,95.9999999999999,31,64
5400,2,24.4838709677419,92.8709677419355,31,62
5500,2,26.8571428571429,88.4285714285714,28,64
5600,2,24.9117647058824,82.3529411764706,34,64
5700,2,20,81.46875,32,64
5800,2,17.53125,89.1875,32,64
5900,2,14.21875,93.65625,32,64
6000,2,8.875,90.4375,32,66
6100,2,3.85294117647059,90,34,66
6200,2,-2.15151515151516,87.5151515151515,33,62
6300,2,-6.90625,89.8125,32,64
6400,2,-9.30303030303033,93.9090909090909,33,64
6500,2,-5.70967741935485,94.8709677419355,31,60
6600,2,-8.5,97.8125,32,62
6700,2,-12.25,101.78125,32,64
6800,2,-17.5,102.375,32,62
6900,2,-18.2258064516129,105.483870967742,31,62
7000,2,-16.8823529411765,110.823529411765,34,64
7100,2,-17.7272727272727,117.393939393939,33,64
7200,2,-13.3333333333333,122.424242424242,33,62
7300,2,-8.42424242424242,124.575757575758,33,62
7400,2,-3.82352941176472,123.382352941176,34,66
7500,2,2.05882352941177,119.558823529412,34,64
7600,2,5,117.242424242424,33,64
7700,2,11.2903225806452,119.806451612903,31,60
7800,2,13.2666666666667,124.766666666667,30,62
7900,2,17.6206896551724,126.344827586207,29,62
8000,2,21.6060606060606,127.424242424242,33,64
8100,2,24.0285714285714,131.914285714286,35,66
8200,2,29.2258064516129,133.838709677419,31,62
8300,2,34.258064516129,136.741935483871,31,64
8400,2,31.5,140.78125,32,64
8500,2,27.1470588235294,144.647058823529,34,64
8600,2,25.125,148.875,32,62
8700,2,18.5151515151515,151.757575757576,33,64
8800,2,14.1935483870968,154.193548387097,31,62
8900,2,10.1818181818182,156.272727272727,33,62
9000,2,3.45454545454545,155.484848484848,33,66
9100,2,-2.19354838709675,154.935483870968,31,64
9200,2,-4.24242424242424,155.393939393939,33,64
9300,2,-7.58823529411764,152.852941176471,34,66
9400,2,-6.46875,150.6875,32,62
9500,2,-1.75757575757576,149.575757575758,33,62
9600,2,-0.09375,145.25,32,62
9700,2,1.19354838709677,141.096774193548,31,62
9800,2,2.14285714285714,138.171428571429,35,66
9900,2,4.53125,138.875,32,62
10000,2,5.06060606060606,144.060606060606,33,64
0,3,50,50,1,8
100,3,52.5454545454545,53.3333333333333,33,66
200,3,51.3666666666667,56.7666666666667,30,62
300,3,51.9666666666667,63.4666666666667,30,62
400,3,53.4375,70.125,32,62
500,3,56.7096774193548,74.7096774193548,31,64
600,3,60.6969696969697,75.9393939393939,33,64
700,3,62.7575757575758,80.6363636363636,33,64
800,3,62.5714285714286,84.0857142857143,35,66
900,3,67.28125,84.84375,32,62
1000,3,74.4285714285714,83.9142857142857,35,64
1100,3,81.3333333333333,83.7575757575758,33,62
1200,3,88.3030303030303,86.0606060606061,33,64
1300,3,86.2857142857142,90.7428571428572,35,66
1400,3,84.6875,94.125,32,64
1500,3,83.8857142857143,99.8857142857143,35,64
1600,3,81.0967741935484,102.258064516129,31,62
1700,3,78.65625,108.84375,32,64
1800,3,75.46875,111,32,64
1900,3,75.4848484848485,115.515151515152,33,66
2000,3,78.53125,118.5,32,66
2100,3,84.7878787878788,117.969696969697,33,64
2200,3,86.9393939393939,115.181818181818,33,66
2300,3,91.6969696969697,113.727272727273,33,66
2400,3,93.75,110.25,32,62
2500,3,97.0645161290323,104.387096774194,31,64
2600,3,98.5588235294118,99.8235294117647,34,64
2700,3,95.3235294117647,101.764705882353,34,64
2800,3,90,105.228571428571,35,64
2900,3,86.8857142857143,105.028571428571,35,66
3000,3,86.8387096774193,102.387096774194,31,62
3100,3,93.1666666666667,104.566666666667,30,64
3200,3,95.8064516129032,103.064516129032,31,64
3300,3,93.235294117647,101,34,66
3400,3,88.4848484848485,101.393939393939,33,66
3500,3,83.9117647058823,104.323529411765,34,64
3600,3,83.4545454545455,109.636363636364,33,64
3700,3,88.6857142857143,104.857142857143,35,66
3800,3,96,101,35,64
3900,3,96.3333333333333,95.2424242424242,33,62
4000,3,98.7647058823529,90.9411764705882,34,64
4100,3,103.828571428571,86.7714285714286,35,66
4200,3,110.0625,89.8125,32,64
4300,3,115.612903225806,88.9354838709677,31,64
4400,3,115.363636363636,82.9393939393939,33,64
4500,3,115.114285714286,78.4,35,66
4600,3,116.058823529412,76.9117647058823,34,64
4700,3,109.909090909091,76.8181818181818,33,64
4800,3,104.205882352941,76.7647058823529,34,64
4900,3,101.625,74.0625,32,66
5000,3,95.3870967741936,72.483870967742,31,62
5100,3,90.0294117647059,65.7058823529412,34,64
5200,3,88.34375,61.28125,32,62
5300,3,90.4242424242424,56.3636363636364,33,66
5400,3,95.8823529411765,54.4117647058823,34,66
5500,3,100.1875,53.28125,32,64
5600,3,104.090909090909,48.9090909090909,33,64
5700,3,105.454545454545,45.0909090909091,33,62
5800,3,110.3125,45.09375,32,66
5900,3,118.333333333333,43.5333333333333,30,64
6000,3,124.323529411765,41.7058823529412,34,64
6100,3,127,39.6774193548387,31,62
6200,3,128.393939393939,33.6666666666667,33,64
6300,3,130.060606060606,26.5454545454545,33,66
6400,3,134.69696969697,23.9090909090909,33,62
6500,3,140.090909090909,22.4545454545455,33,66
6600,3,145.794117647059,20.7058823529412,34,64
6700,3,148.84375,21.375,32,60
6800,3,154.212121212121,18.2424242424242,33,64
6900,3,158.575757575758,17.030303030303,33,62
7000,3,164.6875,16.75,32,64
7100,3,170.90625,17.5,32,62
7200,3,169.454545454545,22.7575757575758,33,66
7300,3,167.085714285714,28.2285714285714,35,66
7400,3,162.666666666667,29.4242424242424,33,62
7500,3,158.1875,33.6875,32,62
7600,3,152.8,38.0857142857143,35,66
7700,3,146.206896551724,36.7931034482759,29,62
7800,3,140.9375,35.65625,32,64
7900,3,139.1,30.9333333333333,30,62
8000,3,137.617647058824,25.2647058823529,34,66
8100,3,136.3125,19,32,64
8200,3,133.823529411765,12.7058823529412,34,64
8300,3,127.969696969697,8.33333333333334,33,66
8400,3,123.647058823529,5.85294117647059,34,64
8500,3,121,3.78125,32,62
8600,3,122.258064516129,-1.16129032258064,31,66
8700,3,128.375,-6.21875,32,64
8800,3,132.033333333333,-13.1,30,60
8900,3,126.939393939394,-16.969696969697,33,66
9000,3,122,-14.28125,32,64
9100,3,123.823529411765,-9.41176470588238,34,64
9200,3,119.971428571429,-7.82857142857139,35,64
9300,3,116.424242424242,-6.09090909090912,33,64
9400,3,110.969696969697,-8.06060606060603,33,64
9500,3,108.3125,-11.4375,32,64
9600,3,106.090909090909,-17.7575757575758,33,62
9700,3,107.818181818182,-22.4545454545455,33,64
9800,3,103,-25.5,32,62
9900,3,97.625,-23.09375,32,64
10000,3,94.8823529411765,-20.5294117647059,34,66
0,4,50,50,1,8
100,4,52.6129032258064,46.7096774193548,31,64
200,4,58.7,46.6333333333333,30,62
300,4,63.7666666666667,50.7,30,62
400,4,68.2647058823529,52,34,62
500,4,72.2903225806452,53.5806451612903,31,62
600,4,77.2647058823529,53.7352941176471,34,64
700,4,80.9411764705882,53.6764705882353,34,66
800,4,82.5483870967742,57.1612903225807,31,62
900,4,84.6875,61.75,32,64
1000,4,86.6666666666667,65.969696969697,33,64
1100,4,82.2424242424242,69.3636363636363,33,64
1200,4,79.2424242424242,72.6666666666667,33,62
1300,4,76.9677419354839,77.4516129032258,31,64
1400,4,75.3823529411765,80.8529411764706,34,64
1500,4,75.71875,87.90625,32,62
1600,4,79.030303030303,93.1818181818182,33,62
1700,4,80.53125,98.6875,32,62
1800,4,86.6363636363636,100.666666666667,33,64
1900,4,90.9142857142857,97.1142857142858,35,66
2000,4,86.6666666666667,97.3939393939394,33,64
2100,4,84.6363636363636,100.363636363636,33,66
2200,4,88.875,102.5,32,64
2300,4,93.4375,102.65625,32,66
2400,4,97.9375,108.5625,32,64
2500,4,98.15625,112.125,32,64
2600,4,95.28125,114.25,32,62
2700,4,93.5757575757576,119.939393939394,33,62
2800,4,93.4117647058824,126.735294117647,34,66
2900,4,89.9666666666667,131.033333333333,30,66
3000,4,83.9333333333333,130.8,30,64
3100,4,80.3939393939394,126.727272727273,33,64
3200,4,77.65625,120.90625,32,62
3300,4,75.53125,114.59375,32,66
3400,4,71.7272727272727,110.333333333333,33,64
3500,4,68.8387096774193,107.741935483871,31,66
3600,4,65.09375,107.59375,32,64
3700,4,64.1515151515152,109.545454545455,33,66
3800,4,67.59375,110.875,32,64
3900,4,69.2424242424242,110.090909090909,33,62
4000,4,66.6176470588236,106.617647058824,34,66
4100,4,62.375,103.09375,32,64
4200,4,59.3030303030303,98.3636363636364,33,66
4300,4,52.96875,99.40625,32,64
4400,4,45.7352941176471,98.8235294117647,34,64
4500,4,42.9090909090909,96.2424242424242,33,62
4600,4,39.2758620689655,95.3793103448276,29,62
4700,4,40.2571428571429,98.5428571428571,35,64
4800,4,45.46875,97.46875,32,64
4900,4,51.1764705882353,99.2352941176471,34,66
5000,4,53.2121212121212,106.030303030303,33,64
5100,4,53.25,108.9375,32,66
5200,4,48.1379310344828,109.620689655172,29,62
5300,4,49.8181818181818,113.424242424242,33,64
5400,4,50.9428571428572,119.285714285714,35,66
5500,4,46.0606060606061,123.272727272727,33,64
5600,4,41.7714285714286,125.828571428571,35,66
5700,4,36,128.258064516129,31,64
5800,4,31.741935483871,126.903225806452,31,64
5900,4,29.6060606060606,122.363636363636,33,64
6000,4,32.9375,117.1875,32,64
6100,4,34.969696969697,112.818181818182,33,66
6200,4,38.75,108.25,32,64
6300,4,37.8181818181818,104.757575757576,33,64
6400,4,35.8484848484849,100.606060606061,33,66
6500,4,30.21875,102.09375,32,64
6600,4,25.2424242424242,107,33,64
6700,4,23.9393939393939,111.636363636364,33,64
6800,4,19,115.588235294118,34,64
6900,4,21.0285714285714,120.857142857143,35,66
7000,4,19.4666666666667,124.966666666667,30,64
7100,4,13.125,126.59375,32,62
7200,4,9.03225806451613,125.322580645161,31,62
7300,4,5.34285714285714,123.942857142857,35,64
7400,4,0.529411764705883,120.205882352941,34,66
7500,4,-4.3939393939394,125.484848484848,33,64
7600,4,-9.2058823529412,127.264705882353,34,66
7700,4,-17.0967741935484,122.935483870968,31,62
7800,4,-19.483870967742,126.096774193548,31,62
7900,4,-22.5882352941177,129.5,34,64
8000,4,-26.7272727272727,127,33,64
8100,4,-30.8125,122.03125,32,66
8200,4,-36.6451612903226,118.935483870968,31,62
8300,4,-36.1290322580645,115.193548387097,31,62
8400,4,-41.0833333333333,110.027777777778,36,64
8500,4,-46.9117647058823,107.852941176471,34,64
8600,4,-49.2,113.866666666667,30,62
8700,4,-51.4848484848485,116.848484848485,33,62
8800,4,-55.0625,113.8125,32,64
8900,4,-57.71875,108.5,32,66
9000,4,-60.5151515151515,103.909090909091,33,62
9100,4,-60.9393939393939,99,33,64
9200,4,-60.3870967741935,96.1935483870968,31,62
9300,4,-56.4,96.6,30,62
9400,4,-52.9393939393939,99.0606060606061,33,66
9500,4,-48.030303030303,100.090909090909,33,64
9600,4,-43.3333333333333,95.2,30,62
9700,4,-37.5,92.0625,32,66
9800,4,-32.8125,94.6875,32,64
9900,4,-30.1818181818182,97.3333333333333,33,64
10000,4,-27,101.515151515152,33,64
0,5,50.3333333333333,49.3333333333333,3,18
100,5,48.0277777777778,46.9166666666667,36,64
200,5,44.7941176470588,44.5,34,64
300,5,40.5,44,30,62
400,5,34.7714285714286,49.6571428571429,35,64
500,5,32.0333333333333,54.7,30,62
600,5,28.28125,54.34375,32,62
700,5,29,48.4857142857143,35,66
800,5,33.4117647058824,44.4705882352941,34,66
900,5,31.5882352941176,38.764705882353,34,66
1000,5,26.1428571428571,33.9142857142857,35,64
1100,5,22,32,35,64
1200,5,23.0909090909091,27.2727272727273,33,64
1300,5,27.6363636363636,25.2727272727273,33,66
1400,5,29.59375,20.53125,32,64
1500,5,32.5882352941177,21.5,34,66
1600,5,36.0645161290323,26.7096774193548,31,62
1700,5,36.3529411764706,32.5,34,64
1800,5,41.5,36,30,62
1900,5,42.1515151515151,38.8181818181818,33,64
2000,5,41.84375,44.53125,32,64
2100,5,38.4242424242424,50.2727272727273,33,64
2200,5,37.0625,54.59375,32,64
2300,5,35.375,59.59375,32,64
2400,5,32.3,60.6333333333333,30,62
2500,5,28.1470588235294,62.9411764705882,34,66
2600,5,23.1935483870968,67.5806451612903,31,62
2700,5,18.0967741935484,70.0645161290323,31,64
2800,5,14.6,74.5333333333333,30,62
2900,5,10.6969696969697,79.5454545454545,33,64
3000,5,5,79.9117647058823,34,66
3100,5,-0.677419354838705,76.5806451612903,31,62
3200,5,-6.96969696969698,74.6060606060606,33,64
3300,5,-8.06451612903228,79.8064516129032,31,64
3400,5,-7.125,85.78125,32,66
3500,5,-5.41176470588236,88.5,34,64
3600,5,-8.9375,86.90625,32,62
3700,5,-13.4516129032258,84.258064516129,31,62
3800,5,-20.0294117647059,83.0882352941177,34,64
3900,5,-26.030303030303,82.8787878787879,33,64
4000,5,-28.8823529411765,79.1764705882353,34,64
4100,5,-27.0882352941177,76.1764705882353,34,64
4200,5,-21.4117647058824,75.3529411764706,34,64
4300,5,-18.5714285714286,71.4571428571428,35,64
4400,5,-14.6969696969697,67.1818181818182,33,64
4500,5,-9.36363636363636,67.7272727272727,33,62
4600,5,-2.27272727272728,72.0909090909091,33,64
4700,5,2.75757575757575,77.5757575757576,33,62
4800,5,5.8125,79.0625,32,64
4900,5,7.66666666666667,86.6969696969697,33,64
5000,5,6.21875,91,32,66
5100,5,4,94.3125,32,66
5200,5,0.454545454545453,98.3939393939394,33,66
5300,5,4.63636363636364,105.181818181818,33,64
5400,5,3.76470588235294,108.470588235294,34,64
5500,5,6.48387096774194,110.225806451613,31,66
5600,5,11.7878787878788,114.575757575758,33,66
5700,5,14.3030303030303,120.242424242424,33,62
5800,5,19.735294117647,124.617647058824,34,66
5900,5,24.6875,126.59375,32,62
6000,5,27.8709677419355,130.483870967742,31,64
6100,5,29.9142857142857,136.028571428571,35,66
6200,5,34.1764705882353,137.705882352941,34,66
6300,5,34.969696969697,134.212121212121,33,64
6400,5,34.6451612903226,128.741935483871,31,62
6500,5,36.15625,127.28125,32,64
6600,5,38.6875,129.28125,32,62
6700,5,35.969696969697,131.545454545455,33,64
6800,5,32,135.225806451613,31,64
6900,5,30.0967741935484,139.193548387097,31,62
7000,5,36.15625,141.90625,32,66
7100,5,42.25,139.46875,32,62
7200,5,42.125,134.71875,32,64
7300,5,45.84375,131.8125,32,62
7400,5,45.0588235294118,127.088235294118,34,64
7500,5,45.9705882352941,124.441176470588,34,64
7600,5,52.1290322580645,122.354838709677,31,64
7700,5,57.9117647058824,121.676470588235,34,64
7800,5,61.53125,125.5,32,64
7900,5,63.2424242424242,129.424242424242,33,62
8000,5,64.4166666666667,130.611111111111,36,66
8100,5,67.8181818181818,131.030303030303,33,62
8200,5,71.1212121212121,126.030303030303,33,66
8300,5,73.7941176470588,124.058823529412,34,64
8400,5,79.5,121.705882352941,34,62
8500,5,83.6551724137931,122.172413793103,29,64
8600,5,90.235294117647,121.941176470588,34,66
8700,5,98.03125,120.03125,32,64
8800,5,99.8823529411765,122.411764705882,34,66
8900,5,100.09375,120.90625,32,64
9000,5,94.3225806451613,119.548387096774,31,64
9100,5,92.7878787878788,117.909090909091,33,62
9200,5,86.6,115.657142857143,35,66
9300,5,84.5,110.1875,32,62
9400,5,82.8484848484848,107.151515151515,33,62
9500,5,85.3333333333333,101.909090909091,33,66
9600,5,87.5588235294118,97.4411764705882,34,64
9700,5,92.90625,95.75,32,62
9800,5,96.9696969696969,96.6060606060606,33,64
9900,5,99.1212121212121,104.030303030303,33,64
10000,5,97.8387096774194,108.354838709677,31,62
0,6,49.6,50.6,5,28
100,6,46.7352941176471,53,34,62
200,6,43.65625,56.21875,32,66
300,6,41.7741935483871,63.3870967741936,31,64
400,6,41.0625,68.1875,32,64
500,6,41.1212121212121,73.0606060606061,33,64
600,6,40.9333333333333,76.6333333333333,30,64
700,6,44.28125,71.3125,32,66
800,6,47.7941176470588,68.4411764705882,34,66
900,6,55.1612903225806,68.9677419354839,31,64
1000,6,58.4848484848485,73.8787878787879,33,66
1100,6,62.8666666666667,77.8333333333333,30,62
1200,6,62.0909090909091,84.5454545454545,33,66
1300,6,61.0588235294118,90.5882352941176,34,66
1400,6,56.1212121212121,92.7575757575758,33,66
1500,6,51.7741935483871,89.8709677419355,31,62
1600,6,49.9393939393939,92.4242424242424,33,64
1700,6,45.6666666666667,93.8484848484848,33,64
1800,6,44.7878787878788,99.4545454545454,33,62
1900,6,47.2857142857143,100.6,35,66
2000,6,52.4848484848485,103.090909090909,33,66
2100,6,52.9354838709677,99.6774193548387,31,62
2200,6,47.3548387096774,98.1612903225806,31,64
2300,6,48.59375,103.625,32,66
2400,6,52.2121212121212,105.787878787879,33,64
2500,6,54.78125,108,32,62
2600,6,60.3529411764706,111.647058823529,34,64
2700,6,64.5,114.911764705882,34,66
2800,6,69.6875,114.8125,32,62
2900,6,74.2333333333333,110.866666666667,30,64
3000,6,70.1666666666667,105.166666666667,30,62
3100,6,65.75,104.28125,32,62
3200,6,59.3030303030303,106.69696969697,33,64
3300,6,53.5483870967742,106.709677419355,31,62
3400,6,53.3333333333333,99.9393939393939,33,62
3500,6,54.4242424242424,97.8181818181818,33,66
3600,6,59.5625,97.78125,32,64
3700,6,65.5454545454545,93.7878787878788,33,62
3800,6,67.2727272727273,88.2121212121212,33,64
3900,6,66.5,81.7352941176471,34,66
4000,6,67.03125,75.5937500000001,32,62
4100,6,69.1612903225806,71.1935483870968,31,62
4200,6,74.5588235294118,68.5294117647059,34,64
4300,6,81.1470588235294,67.3823529411765,34,64
4400,6,87.3333333333334,68.6333333333333,30,64
4500,6,89.34375,66.90625,32,64
4600,6,91.65625,62.65625,32,62
4700,6,97.1764705882353,61.7647058823529,34,64
4800,6,97.4117647058824,58,34,66
4900,6,97.4411764705882,53.1764705882353,34,64
5000,6,101.285714285714,54.6571428571429,35,66
5100,6,102.322580645161,59.1935483870968,31,64
5200,6,106.5,59.625,32,62
5300,6,108.454545454545,54.7878787878788,33,62
5400,6,107.5625,48.9375,32,64
5500,6,110,45.8333333333333,30,62
5600,6,115.571428571429,50.0857142857143,35,64
5700,6,120.030303030303,51.7878787878788,33,64
5800,6,125,55.2647058823529,34,62
5900,6,130,56.9166666666667,36,66
6000,6,126.5,58.8125,32,62
6100,6,121.709677419355,59.8387096774194,31,62
6200,6,117.375,62.28125,32,62
6300,6,116.387096774194,66.1612903225807,31,62
6400,6,114.58064516129,73.5806451612903,31,62
6500,6,114.78125,79.5625,32,66
6600,6,107.272727272727,78.3333333333333,33,64
6700,6,103,81.34375,32,64
6800,6,99.2903225806452,86.2903225806452,31,60
6900,6,94.0645161290323,88.8387096774194,31,64
7000,6,89.3939393939394,94,33,64
7100,6,83.6774193548387,94.5806451612903,31,64
7200,6,80,90.7142857142857,35,68
7300,6,84.0882352941176,85.8235294117647,34,64
7400,6,84.84375,81.375,32,60
7500,6,87.7096774193548,81.741935483871,31,62
7600,6,90.2727272727273,86.4848484848485,33,64
7700,6,89.96875,88.65625,32,62
7800,6,83.9032258064516,89.8064516129032,31,62
7900,6,83.2424242424242,95.0909090909091,33,66
8000,6,84.6875,99.28125,32,62
8100,6,88.3125,101.0625,32,64
8200,6,92.1176470588235,103,34,64
8300,6,97.84375,106.125,32,62
8400,6,99.2121212121212,112.515151515152,33,68
8500,6,102.515151515152,114.484848484848,33,64
8600,6,105.787878787879,117.878787878788,33,66
8700,6,109.060606060606,120.636363636364,33,64
8800,6,107.060606060606,123.757575757576,33,64
8900,6,101.909090909091,120.606060606061,33,66
9000,6,97.7575757575758,118.242424242424,33,64
9100,6,94.7575757575758,111.969696969697,33,64
9200,6,93.5625,107.78125,32,64
9300,6,96.0588235294118,104.352941176471,34,66
9400,6,89.2666666666667,103.7,30,60
9500,6,84.5454545454546,106.969696969697,33,66
9600,6,77.9393939393939,112.060606060606,33,66
9700,6,77.8857142857142,113.685714285714,35,64
9800,6,81.625,112.625,32,62
9900,6,83.6666666666667,108.933333333333,30,64
10000,6,88.6875,105.28125,32,62
0,7,50,50,1,8
100,7,46.8857142857143,51.0571428571429,35,64
200,7,41.4545454545455,50.969696969697,33,64
300,7,38.6470588235294,47.8235294117647,34,66
400,7,36.5,44.8125,32,64
500,7,39.40625,41.75,32,64
600,7,42.9714285714286,45.6285714285714,35,66
700,7,47.8857142857143,43.6857142857143,35,64
800,7,53.1764705882353,43.5,34,66
900,7,57.8125,46.96875,32,64
1000,7,62.969696969697,47.5757575757576,33,62
1100,7,65.3428571428571,52.0571428571429,35,64
1200,7,68,56.7352941176471,34,62
1300,7,73.0645161290323,59.3870967741936,31,62
1400,7,74.8823529411764,53.4117647058824,34,64
1500,7,71.0625,48.75,32,62
1600,7,66.0909090909091,47.5151515151515,33,62
1700,7,62.8529411764706,46.264705882353,34,66
1800,7,56,48.1142857142857,35,66
1900,7,51.5882352941176,50.0882352941176,34,64
2000,7,47.34375,54.1875,32,64
2100,7,45.4545454545455,57.3636363636364,33,66
2200,7,39.8823529411765,58.4117647058823,34,64
2300,7,38.2903225806452,62.2903225806452,31,60
2400,7,40.8235294117647,68.1764705882353,34,62
2500,7,41.969696969697,72.9696969696969,33,64
2600,7,42.1176470588235,75.5882352941177,34,64
2700,7,38.125,71.65625,32,64
2800,7,36.030303030303,67.6060606060606,33,64
2900,7,30.1470588235294,62.0588235294118,34,64
3000,7,34.8484848484849,60.2727272727273,33,62
3100,7,40.939393939394,62.3636363636364,33,66
3200,7,46.2333333333333,62.3,30,64
3300,7,49.6666666666667,57.7878787878788,33,66
3400,7,55.1875,59.1875,32,64
3500,7,59.9677419354839,62,31,64
3600,7,64.7714285714286,63.0857142857143,35,64
3700,7,67.6470588235294,60.9117647058823,34,64
3800,7,71.2058823529412,56.764705882353,34,64
3900,7,68.6857142857143,53.7714285714286,35,66
4000,7,71.3125,55.5,32,64
4100,7,69.6451612903226,58.0645161290323,31,64
4200,7,64.6774193548387,62.2903225806452,31,62
4300,7,62.7058823529412,67.2058823529412,34,64
4400,7,67.0625,71.6875,32,64
4500,7,71.7878787878788,74.8484848484848,33,64
4600,7,75.6129032258064,80.5161290322581,31,64
4700,7,76.939393939394,86.6666666666667,33,64
4800,7,79.59375,92.03125,32,64
4900,7,80.741935483871,95.2258064516129,31,64
5000,7,84.2352941176471,99.9117647058824,34,64
5100,7,90.1470588235294,105.941176470588,34,64
5200,7,91.84375,104.5,32,66
5300,7,97.53125,101.21875,32,62
5400,7,100.121212121212,96.7575757575758,33,66
5500,7,102.735294117647,92.5294117647059,34,64
5600,7,106.235294117647,86.8235294117647,34,64
5700,7,108.857142857143,81.6571428571429,35,66
5800,7,108.212121212121,85.1212121212121,33,66
5900,7,112.393939393939,87.3333333333333,33,66
6000,7,115.545454545455,90.1818181818182,33,64
6100,7,117.806451612903,94.8387096774194,31,62
6200,7,117.21875,99.03125,32,64
6300,7,113.485714285714,99.8857142857143,35,64
6400,7,106.161290322581,97.0645161290323,31,62
6500,7,103.064516129032,93,31,62
6600,7,103.78125,87.28125,32,64
6700,7,109.029411764706,85.1470588235294,34,66
6800,7,114.848484848485,83.8484848484848,33,64
6900,7,120.5,83,34,62
7000,7,119.9375,80.40625,32,64
7100,7,116.71875,79.625,32,64
7200,7,112.741935483871,82.0645161290323,31,62
7300,7,113,87.9428571428572,35,64
7400,7,108.903225806452,89.4516129032258,31,60
7500,7,107.677419354839,84.1612903225807,31,62
7600,7,109.75,76.59375,32,64
7700,7,112.085714285714,75.9142857142857,35,66
7800,7,117.53125,76.75,32,64
7900,7,122.34375,80.3125,32,62
8000,7,129.1,75.9666666666667,30,62
8100,7,131.451612903226,72.3225806451613,31,62
8200,7,135,70.3225806451613,31,62
8300,7,139,73.4375,32,62
8400,7,141.666666666667,80,33,64
8500,7,144.617647058824,84.5882352941177,34,64
8600,7,147.354838709677,88.8709677419355,31,66
8700,7,148.09375,95.6875,32,66
8800,7,145.911764705882,99.2647058823529,34,64
8900,7,145.470588235294,106.147058823529,34,64
9000,7,142.848484848485,106.272727272727,33,62
9100,7,142.741935483871,101.806451612903,31,62
9200,7,145.1875,99.5,32,62
9300,7,149.6875,99.59375,32,64
9400,7,151.114285714286,103.314285714286,35,64
9500,7,150.857142857143,109.371428571429,35,66
9600,7,153.290322580645,112.483870967742,31,64
9700,7,151.181818181818,115.181818181818,33,64
9800,7,151.59375,118.65625,32,64
9900,7,156.15625,120.28125,32,62
10000,7,162.5,120.823529411765,34,64
0,8,50.5,50.5,2,14
100,8,52,55.4117647058823,34,64
200,8,47.9393939393939,58.5757575757576,33,66
300,8,42.9677419354839,61,31,64
400,8,38.78125,63.71875,32,64
500,8,38.0882352941177,68.764705882353,34,66
600,8,38.5757575757576,72.0606060606061,33,64
700,8,45.9677419354839,71.4193548387097,31,62
800,8,50.6363636363636,72.9393939393939,33,64
900,8,51.1470588235294,76.6470588235294,34,66
1000,8,49.21875,78.21875,32,62
1100,8,49.0625,72.6875,32,62
1200,8,50.78125,67.125,32,62
1300,8,50.8484848484849,62.9090909090909,33,62
1400,8,53.3225806451613,57.5161290322581,31,62
1500,8,57.40625,51.375,32,64
1600,8,62.3125,48.625,32,62
1700,8,67.0645161290323,46.6451612903226,31,60
1800,8,71.5454545454545,46.2727272727273,33,64
1900,8,76.71875,46.21875,32,64
2000,8,77.3030303030303,48.8181818181818,33,64
2100,8,72.46875,48.90625,32,66
2200,8,72.3529411764706,42.6764705882353,34,64
2300,8,69.9354838709678,38.9354838709678,31,62
2400,8,72,34.1,30,62
2500,8,72.4242424242424,29.030303030303,33,62
2600,8,73.8709677419355,24.6774193548387,31,62
2700,8,76.2413793103448,21.6551724137931,29,62
2800,8,78.3333333333333,18.0333333333333,30,62
2900,8,73.9090909090909,12.8484848484848,33,62
3000,8,68.5483870967742,12.3548387096774,31,62
3100,8,63.65625,7.84375,32,62
3200,8,64.3939393939394,3.09090909090909,33,64
3300,8,66.030303030303,2.54545454545455,33,64
3400,8,64.5,0.28125,32,62
3500,8,59.3030303030303,3.93939393939394,33,64
3600,8,54,6.15625,32,64
3700,8,51.8529411764706,9.6764705882353,34,64
3800,8,49.03125,14.09375,32,62
3900,8,46.28125,17.25,32,62
4000,8,45.0285714285714,21.7142857142857,35,66
4100,8,46.4838709677419,25.4838709677419,31,62
4200,8,50.40625,23.125,32,64
4300,8,54.2424242424242,23.8181818181818,33,64
4400,8,61.6666666666667,25.3939393939394,33,64
4500,8,67.5714285714286,29.4571428571429,35,64
4600,8,64.3823529411765,30.2352941176471,34,66
4700,8,64.5757575757576,26.6666666666667,33,64
4800,8,61,25.0571428571429,35,64
4900,8,55.7058823529412,25.0294117647059,34,64
5000,8,50.5454545454546,27.3030303030303,33,66
5100,8,44.0645161290323,26.5806451612903,31,60
5200,8,45.0909090909091,29.9090909090909,33,64
5300,8,48.28125,34.25,32,66
5400,8,45.5806451612903,39.6129032258064,31,64
5500,8,41.6666666666667,44.969696969697,33,66
5600,8,42.15625,50.5625,32,62
5700,8,48.0294117647059,52.5882352941177,34,66
5800,8,49.3235294117647,55.3529411764706,34,66
5900,8,52.5882352941177,56.8235294117647,34,64
6000,8,56.8275862068966,58.1034482758621,29,62
6100,8,61.46875,57.09375,32,64
6200,8,63.7272727272727,60.7575757575758,33,64
6300,8,63,66.6129032258064,31,62
6400,8,60.65625,70.34375,32,62
6500,8,52.6470588235294,71.5294117647059,34,66
6600,8,46.03125,72.3125,32,62
6700,8,41.75,75.59375,32,64
6800,8,47.0294117647059,78.6176470588235,34,64
6900,8,50.5625,82.78125,32,64
7000,8,54.7575757575758,85.0909090909091,33,64
7100,8,56.3333333333333,89.8787878787879,33,64
7200,8,53.125,95.0625,32,62
7300,8,49.15625,97.34375,32,62
7400,8,43.030303030303,99.9393939393939,33,64
7500,8,37.1714285714286,98.9714285714286,35,64
7600,8,32.9090909090909,98.4848484848485,33,64
7700,8,29.6571428571429,100.171428571429,35,66
7800,8,26.3333333333333,104.757575757576,33,62
7900,8,20.8529411764706,106.941176470588,34,64
8000,8,17.5714285714286,111.571428571429,35,66
8100,8,18.8857142857143,115.114285714286,35,66
8200,8,21.2727272727273,121,33,64
8300,8,15.1764705882353,126,34,64
8400,8,14.90625,129.625,32,64
8500,8,20.6969696969697,131.727272727273,33,66
8600,8,23.7575757575758,128.909090909091,33,64
8700,8,24.6470588235294,125.323529411765,34,64
8800,8,21.5454545454545,120.727272727273,33,64
8900,8,25.258064516129,118.645161290323,31,60
9000,8,30.65625,118.40625,32,64
9100,8,33.03125,117.25,32,64
9200,8,32.1515151515152,110.575757575758,33,66
9300,8,31.5151515151515,105.969696969697,33,64
9400,8,35.6129032258064,102.161290322581,31,62
9500,8,35.9411764705882,96.8235294117647,34,64
9600,8,32.5806451612903,91.5483870967742,31,62
9700,8,31.5151515151515,87.1818181818182,33,64
9800,8,33.0909090909091,82.9090909090909,33,64
9900,8,36.6774193548387,82.5806451612904,31,62
10000,8,38.5,87.8125,32,62
0,9,50,50.5,2,14
100,9,47.8181818181818,51.6666666666667,33,64
200,9,52.7575757575758,52.3030303030303,33,62
300,9,60.3030303030303,55.1212121212121,33,64
400,9,65.2258064516129,57.8387096774193,31,62
500,9,68.516129032258,58.3225806451613,31,64
600,9,74.9333333333333,58.9333333333333,30,60
700,9,80.53125,56.6875,32,66
800,9,86.8529411764706,55.9705882352941,34,64
900,9,90.7575757575758,57.6969696969697,33,64
1000,9,91.4242424242424,54.0606060606061,33,62
1100,9,91.4,48.7142857142857,35,64
1200,9,88.5757575757576,49.2121212121212,33,66
1300,9,86,54.96875,32,64
1400,9,89.59375,58.3125,32,62
1500,9,91.59375,63,32,64
1600,9,86.7352941176471,66.264705882353,34,64
1700,9,79.2972972972973,65.1351351351352,37,66
1800,9,75.5757575757576,70.5454545454545,33,64
1900,9,75.9090909090909,76.3333333333333,33,64
2000,9,77.3333333333333,81.6060606060606,33,64
2100,9,73.7741935483871,86.1290322580645,31,62
2200,9,68.3125,84.3125,32,64
2300,9,65.4838709677419,80.741935483871,31,62
2400,9,63.6176470588235,74.0294117647059,34,64
2500,9,66.4117647058823,70.3529411764706,34,64
2600,9,71.8666666666667,68.9,30,60
2700,9,75.3636363636363,73,33,64
2800,9,76.8235294117647,77.1176470588235,34,64
2900,9,72.1515151515151,79.2424242424242,33,66
3000,9,66.90625,76.40625,32,62
3100,9,64.0625,71.09375,32,62
3200,9,61.53125,68.6875,32,64
3300,9,57.03125,67.53125,32,64
3400,9,51.2,66.0666666666667,30,62
3500,9,47.0909090909091,64.1818181818182,33,64
3600,9,45.969696969697,60.1818181818182,33,64
3700,9,46.0967741935484,56.8387096774194,31,62
3800,9,50,54.46875,32,64
3900,9,54.6764705882353,57.1470588235294,34,64
4000,9,56.84375,62.4375,32,62
4100,9,61.1176470588235,63.7647058823529,34,64
4200,9,66.2647058823529,64.6764705882353,34,66
4300,9,71.8666666666667,61.7666666666667,30,64
4400,9,76.34375,63.25,32,64
4500,9,79.6470588235294,65.5588235294118,34,64
4600,9,78.7931034482759,68.3103448275862,29,60
4700,9,84.3548387096774,73.1935483870968,31,62
4800,9,88.9090909090909,75.2121212121212,33,64
4900,9,92.8235294117647,72.8235294117647,34,62
5000,9,93.258064516129,68.5806451612903,31,62
5100,9,88.7272727272727,65.3636363636364,33,64
5200,9,85.9354838709677,62.5806451612903,31,62
5300,9,82.1764705882353,56.5,34,64
5400,9,83.1515151515152,52.1212121212121,33,66
5500,9,88.1515151515151,51.4545454545455,33,66
5600,9,94.3529411764706,51.1470588235294,34,66
5700,9,98.8529411764706,53.6470588235294,34,64
5800,9,97.75,58.15625,32,64
5900,9,95.516129032258,62,31,64
6000,9,96.8666666666667,65.8333333333333,30,66
6100,9,91.9090909090909,68.5151515151515,33,64
6200,9,87.1764705882353,68.1176470588236,34,64
6300,9,80.6666666666667,72.3666666666667,30,62
6400,9,74.3870967741936,73.1290322580645,31,64
6500,9,69.4411764705882,69.4411764705882,34,64
6600,9,65.15625,64.25,32,62
6700,9,61.5757575757576,61.3333333333333,33,62
6800,9,59.030303030303,56.6060606060606,33,66
6900,9,52.3548387096774,54.5806451612903,31,62
7000,9,47.5625,54.71875,32,62
7100,9,42.1612903225806,54.1612903225806,31,62
7200,9,40.5483870967742,48.2258064516129,31,64
7300,9,37.6666666666667,45.6060606060606,33,64
7400,9,40.0606060606061,41.3333333333333,33,64
7500,9,48.5588235294118,42.5294117647059,34,66
7600,9,51.258064516129,45.3870967741936,31,62
7700,9,54.5454545454546,47.2424242424242,33,64
7800,9,58.8387096774194,47.6451612903226,31,64
7900,9,61.9117647058823,45,34,64
8000,9,63.46875,39.625,32,64
8100,9,64.2258064516129,34.2258064516129,31,62
8200,9,68.030303030303,30.2424242424242,33,66
8300,9,70.4516129032258,26.741935483871,31,62
8400,9,70.5454545454545,20.6060606060606,33,64
8500,9,68.3235294117647,17.8235294117647,34,64
8600,9,64.5588235294118,16.7058823529412,34,64
8700,9,59.2941176470588,16.7352941176471,34,66
8800,9,56.5151515151515,14.1515151515152,33,62
8900,9,61.3333333333333,14.7878787878788,33,66
9000,9,64.6060606060606,14.4848484848485,33,62
9100,9,71.9677419354839,16.6129032258065,31,64
9200,9,70.9375,20.28125,32,66
9300,9,74.2121212121212,23.3030303030303,33,64
9400,9,76.258064516129,20.0322580645161,31,62
9500,9,80.551724137931,16.3793103448276,29,60
9600,9,80.40625,11.90625,32,62
9700,9,74.6451612903226,10.5483870967742,31,62
9800,9,70.3333333333333,12.7878787878788,33,64
9900,9,71.1388888888889,17.0555555555556,36,66
10000,9,70.46875,23.53125,32,66
0,10,50,50,1,8
100,10,48.1666666666667,52.9666666666667,30,62
200,10,44.0967741935484,55.4516129032258,31,62
300,10,39.1935483870968,59.4516129032258,31,62
400,10,34.4848484848485,62.7272727272727,33,64
500,10,34.71875,68.5625,32,62
600,10,34.9090909090909,71.9090909090909,33,64
700,10,29.5,73.40625,32,64
800,10,26.65625,76.5625,32,62
900,10,25.4375,81.1875,32,66
1000,10,20.8181818181818,80.030303030303,33,62
1100,10,15.625,76.90625,32,62
1200,10,9.93939393939394,71.8484848484848,33,64
1300,10,12.5161290322581,66.9032258064516,31,62
1400,10,16.8055555555556,63.6666666666667,36,66
1500,10,20.5172413793103,61.1724137931035,29,60
1600,10,20.9090909090909,56.4848484848485,33,62
1700,10,21.5757575757576,52.2121212121212,33,64
1800,10,23.7741935483871,48.7741935483871,31,62
1900,10,27.9375,53.8125,32,66
2000,10,29.84375,60.25,32,64
2100,10,33.9032258064516,65.3225806451613,31,62
2200,10,36.7333333333333,66.4,30,64
2300,10,42.4516129032258,63.5806451612903,31,64
2400,10,41.5,57.28125,32,64
2500,10,38.53125,51.90625,32,66
2600,10,37.8787878787879,46.5757575757576,33,66
2700,10,37.21875,40.5,32,64
2800,10,32.5161290322581,40.0322580645161,31,64
2900,10,33.1818181818182,35,33,64
3000,10,32.0322580645161,30.4193548387097,31,62
3100,10,27.3529411764706,28.1764705882353,34,64
3200,10,24.741935483871,32.3548387096774,31,62
3300,10,21.8333333333333,35.8333333333333,30,62
3400,10,22.2258064516129,40.4516129032258,31,66
3500,10,26.8484848484848,38.9090909090909,33,64
3600,10,32.030303030303,37.7272727272727,33,66
3700,10,37,37.15625,32,62
3800,10,40.59375,42.65625,32,64
3900,10,36.46875,48.75,32,64
4000,10,41.84375,49.5625,32,62
4100,10,46.25,45.8125,32,64
4200,10,50.5,43.875,32,64
4300,10,53.9090909090909,41.9393939393939,33,64
4400,10,53.7058823529412,34.9117647058824,34,66
4500,10,58.3428571428571,29.6,35,66
4600,10,56.3529411764706,25.3529411764706,34,64
4700,10,54.1666666666667,22.6,30,62
4800,10,51.8709677419355,19.6774193548387,31,64
4900,10,52.7096774193548,15.5483870967742,31,60
5000,10,55.3125,10.84375,32,62
5100,10,53.5,5.35294117647059,34,66
5200,10,52.28125,1.5,32,62
5300,10,48.0606060606061,-1.33333333333331,33,62
5400,10,43.3939393939394,0.242424242424249,33,64
5500,10,39.25,2.875,32,64
5600,10,36,2.63636363636364,33,64
5700,10,31.3939393939394,0.181818181818187,33,64
5800,10,30.0882352941176,-5.6764705882353,34,64
5900,10,31.9411764705882,-10.7941176470588,34,64
6000,10,31.4848484848485,-16.9090909090909,33,62
6100,10,34.8484848484849,-23.8181818181818,33,64
6200,10,36.7096774193548,-29.7741935483871,31,62
6300,10,40.6470588235294,-30.6470588235294,34,64
6400,10,46,-27.7714285714286,35,64
6500,10,52.125,-27.71875,32,64
6600,10,51.7878787878788,-22.7878787878788,33,64
6700,10,48.78125,-18.21875,32,62
6800,10,47.3636363636364,-21.2727272727273,33,64
6900,10,51,-24.7741935483871,31,62
7000,10,56.264705882353,-24.2941176470588,34,64
7100,10,59.9428571428572,-21.1428571428572,35,66
7200,10,60.5,-16.8235294117647,34,64
7300,10,56.7647058823529,-13.3529411764706,34,66
7400,10,52.4242424242424,-11.9393939393939,33,64
7500,10,49.0909090909091,-10.8484848484848,33,64
7600,10,47.9032258064516,-6.19354838709675,31,62
7700,10,51.5151515151515,-2.15151515151516,33,64
7800,10,49.6764705882353,1.64705882352941,34,68
7900,10,52.9393939393939,6.33333333333333,33,66
8000,10,58.6451612903226,10.4193548387097,31,62
8100,10,61.7428571428571,14.2285714285714,35,66
8200,10,67.0645161290323,14.4193548387097,31,62
8300,10,72.71875,16.625,32,62
8400,10,75.84375,17.375,32,60
8500,10,74.258064516129,19.6129032258064,31,60
8600,10,70.46875,23.96875,32,62
8700,10,66.7352941176471,25.3529411764706,34,64
8800,10,63.5806451612903,20.9354838709677,31,64
8900,10,64.4545454545455,16.6060606060606,33,66
9000,10,68.6666666666667,11.2333333333333,30,64
9100,10,71.78125,10.375,32,64
9200,10,73.9090909090909,4.18181818181819,33,64
9300,10,74.4117647058824,-0.91176470588232,34,64
9400,10,70.03125,-4.28125,32,62
9500,10,64.8064516129032,-6.74193548387098,31,62
9600,10,65.939393939394,-0.878787878787875,33,64
9700,10,66.6,5.76666666666667,30,62
9800,10,68.5151515151515,9.30303030303031,33,64
9900,10,74,9.27586206896552,29,60
10000,10,77.2424242424242,12.5151515151515,33,68
0,11,49.5,49.5,2,14
100,11,50.4848484848485,53.1515151515151,33,62
200,11,48.3548387096774,60.258064516129,31,62
300,11,54.8484848484849,63.5757575757576,33,64
400,11,54.1515151515151,59.9090909090909,33,62
500,11,51.71875,56.15625,32,62
600,11,51,52.2285714285714,35,66
700,11,52.8484848484849,54.7878787878788,33,64
800,11,50.7272727272727,60.4545454545455,33,64
900,11,55.8823529411765,61.4117647058824,34,64
1000,11,60.0882352941177,56.3529411764706,34,64
1100,11,59.2121212121212,57.8484848484849,33,66
1200,11,60.939393939394,61,33,64
1300,11,57.969696969697,63.7575757575757,33,64
1400,11,53.21875,61.375,32,64
1500,11,47.53125,60.28125,32,64
1600,11,43.8,59.2,35,66
1700,11,44.8484848484849,55.0909090909091,33,64
1800,11,42.4545454545455,53.8484848484849,33,64
1900,11,37.5625,49.125,32,62
2000,11,33.6,44.8571428571429,35,66
2100,11,32.6969696969697,39.3333333333333,33,64
2200,11,27.9411764705882,34.8823529411765,34,64
2300,11,23.7878787878788,29.9090909090909,33,64
2400,11,22.4838709677419,32.8387096774194,31,64
2500,11,21.2352941176471,38.1764705882353,34,64
2600,11,15.53125,35.6875,32,66
2700,11,12.3870967741935,34,31,60
2800,11,8.75757575757576,38.1515151515151,33,64
2900,11,3.90625,34.625,32,62
3000,11,1.85714285714286,31.0571428571429,35,66
3100,11,-1.38888888888889,28.0555555555556,36,66
3200,11,-6.9375,27.03125,32,64
3300,11,-11.5454545454545,23.6969696969697,33,64
3400,11,-17.40625,22.28125,32,62
3500,11,-21.1333333333333,18.5,30,62
3600,11,-23.2727272727273,12.8181818181818,33,62
3700,11,-27.8235294117647,8.32352941176471,34,66
3800,11,-26.3548387096774,4.51612903225806,31,60
3900,11,-18.9411764705883,6.8235294117647,34,66
4000,11,-15.7575757575758,10.6969696969697,33,64
4100,11,-9.6875,11.71875,32,62
4200,11,-7.06060606060603,8.12121212121212,33,64
4300,11,-9.06451612903228,6.06451612903226,31,62
4400,11,-14.8181818181818,5.72727272727273,33,66
4500,11,-19.9333333333333,5.73333333333333,30,62
4600,11,-23.6764705882353,2.08823529411765,34,64
4700,11,-30.6285714285714,-1.88571428571429,35,66
4800,11,-34.1290322580645,-4.61290322580648,31,64
4900,11,-40.1515151515151,-8.93939393939394,33,66
5000,11,-46.03125,-10.96875,32,64
5100,11,-49.7575757575758,-6.42424242424244,33,62
5200,11,-49.7272727272727,-1.15151515151516,33,62
5300,11,-50.7575757575758,4.51515151515152,33,66
5400,11,-51.8275862068966,7.62068965517241,29,62
5500,11,-49.78125,11.46875,32,64
5600,11,-45.258064516129,13.8709677419355,31,64
5700,11,-38.90625,14.96875,32,64
5800,11,-31.939393939394,14.1212121212121,33,64
5900,11,-31.21875,19.84375,32,64
6000,11,-28.5882352941176,23.0882352941177,34,64
6100,11,-27.7941176470588,27.1176470588235,34,66
6200,11,-25.8666666666667,30.7333333333333,30,64
6300,11,-27.4848484848485,34.8484848484848,33,64
6400,11,-28,38.78125,32,62
6500,11,-28,42.84375,32,62
6600,11,-34.4242424242424,43.060606060606,33,62
6700,11,-38.6666666666667,41.969696969697,33,64
6800,11,-43.28125,40.5625,32,62
6900,11,-46.9666666666667,39.2333333333333,30,62
7000,11,-53.2,36.8285714285714,35,66
7100,11,-59.2727272727273,35.4242424242424,33,66
7200,11,-64.6666666666667,36.3636363636364,33,64
7300,11,-67.5757575757576,32.1212121212121,33,64
7400,11,-68.2424242424242,28.6363636363636,33,64
7500,11,-63.3939393939394,24.6666666666667,33,64
7600,11,-61.4705882352941,21.3823529411765,34,66
7700,11,-53.6774193548387,21,31,62
7800,11,-48.6875,17.46875,32,64
7900,11,-48.4666666666667,12.1333333333333,30,60
8000,11,-54.0322580645161,9.16129032258064,31,66
8100,11,-59.7,7.8,30,62
8200,11,-60.9117647058824,2.73529411764706,34,64
8300,11,-62.5625,-2.68749999999996,32,62
8400,11,-61.3125,-6.5,32,66
8500,11,-57.7714285714286,-9.91428571428573,35,64
8600,11,-53.8529411764706,-10.8235294117647,34,64
8700,11,-46.4375,-11.34375,32,64
8800,11,-44.1515151515152,-16.7575757575758,33,66
8900,11,-41.625,-22.65625,32,66
9000,11,-38,-25.5625,32,64
9100,11,-39.2941176470588,-29.1764705882353,34,64
9200,11,-44.7575757575758,-33.5757575757576,33,62
9300,11,-43.6764705882353,-37.4117647058824,34,66
9400,11,-38.46875,-38.0625,32,64
9500,11,-31.2941176470588,-36.7941176470588,34,66
9600,11,-28.9090909090909,-32.8484848484848,33,62
9700,11,-24.8235294117647,-33.6176470588235,34,64
9800,11,-18.2121212121212,-33.9090909090909,33,64
9900,11,-13.5,-34.9375,32,64
10000,11,-14.34375,-39.71875,32,62
0,12,50,49.3333333333333,3,20
100,12,47.65625,50.34375,32,62
200,12,44.4285714285714,49.9142857142857,35,64
300,12,38.09375,50.8125,32,64
400,12,35.3666666666667,53.4666666666667,30,64
500,12,35.1818181818182,59.1515151515151,33,64
600,12,35.1818181818182,65.1515151515151,33,66
700,12,34.7575757575758,70.4242424242424,33,62
800,12,39.6875,72.4375,32,64
900,12,44.7575757575758,76.1212121212121,33,64
1000,12,45.59375,83.5,32,64
1100,12,50,85.5,34,62
1200,12,53.4848484848485,88.7575757575758,33,64
1300,12,53.0857142857143,94.5428571428571,35,64
1400,12,48.65625,96.46875,32,62
1500,12,47.5333333333333,94.5666666666666,30,60
1600,12,52,95,32,64
1700,12,59.09375,96.875,32,62
1800,12,61.1290322580645,99.7741935483871,31,62
1900,12,57.2121212121212,99.8181818181818,33,66
2000,12,54.4193548387097,96.9032258064516,31,62
2100,12,54.4375,93.4375,32,62
2200,12,55.9032258064516,90.0322580645161,31,62
2300,12,55.264705882353,95.0882352941176,34,64
2400,12,53.6666666666667,98.7272727272728,33,66
2500,12,48.46875,103.53125,32,64
2600,12,47.6451612903226,106.129032258065,31,64
2700,12,46.4848484848485,111.909090909091,33,62
2800,12,43.09375,116.03125,32,62
2900,12,37.0645161290323,119.645161290323,31,60
3000,12,32.2571428571429,118.914285714286,35,66
3100,12,33.7352941176471,113.647058823529,34,64
3200,12,36.030303030303,109.575757575758,33,62
3300,12,39.4375,110.8125,32,62
3400,12,41.9333333333333,107.7,30,62
3500,12,43.6774193548387,105.548387096774,31,66
3600,12,47,101.3125,32,64
3700,12,52.6875,98.625,32,64
3800,12,53.21875,95.125,32,64
3900,12,51.1515151515151,91.8484848484848,33,66
4000,12,46.2121212121212,90.1212121212121,33,64
4100,12,41.7352941176471,89.2058823529412,34,64
4200,12,37.4117647058823,86.8823529411765,34,64
4300,12,34.9411764705882,81.9411764705882,34,64
4400,12,34.9032258064516,77.0645161290323,31,62
4500,12,39.15625,73.65625,32,62
4600,12,43.65625,69.53125,32,64
4700,12,49.7941176470588,69.2647058823529,34,66
4800,12,54.741935483871,68.741935483871,31,62
4900,12,59.2285714285714,68.4285714285714,35,66
5000,12,65.1176470588235,69.2352941176471,34,64
5100,12,68.4242424242424,70.6969696969697,33,64
5200,12,70.34375,75.0625,32,64
5300,12,73.125,73.40625,32,64
5400,12,79.8823529411765,73.4117647058824,34,64
5500,12,85.1290322580645,73.5806451612903,31,62
5600,12,88.8571428571428,68.9142857142857,35,64
5700,12,87.5806451612903,64.3225806451613,31,64
5800,12,84.2,58.7,30,62
5900,12,78.5625,59.875,32,64
6000,12,77.59375,64.84375,32,64
6100,12,80.0967741935484,69.4838709677419,31,62
6200,12,76.7741935483871,68.9354838709677,31,62
6300,12,72.6060606060606,68.1212121212121,33,64
6400,12,67.09375,64.15625,32,64
6500,12,62.53125,61.875,32,64
6600,12,59.5483870967742,57.9032258064516,31,60
6700,12,60.625,53.71875,32,64
6800,12,54.96875,54.59375,32,64
6900,12,48.8484848484849,59.1515151515152,33,62
7000,12,50.0909090909091,65.0303030303031,33,64
7100,12,45.5757575757576,69.1212121212121,33,64
7200,12,42.3939393939394,73.7878787878788,33,64
7300,12,44.0606060606061,76.7575757575758,33,64
7400,12,46.8484848484849,78.3030303030303,33,64
7500,12,51.8787878787879,76.6969696969697,33,64
7600,12,54.6129032258065,76.4193548387097,31,64
7700,12,51,80.7714285714286,35,64
7800,12,45.8235294117647,83.8235294117647,34,62
7900,12,44.9333333333333,91.2,30,64
8000,12,41.9090909090909,96.8484848484848,33,64
8100,12,37,95.7352941176471,34,64
8200,12,31.6969696969697,99.2727272727273,33,64
8300,12,26.5,102.2,30,62
8400,12,21,103,31,60
8500,12,15.2058823529412,102.735294117647,34,66
8600,12,13.8125,99.9375,32,64
8700,12,8.24242424242424,97.6666666666667,33,62
8800,12,4.90322580645161,101.548387096774,31,60
8900,12,2.67647058823529,107.676470588235,34,64
9000,12,0.147058823529411,109.647058823529,34,66
9100,12,-6.51515151515152,110.878787878788,33,64
9200,12,-8.42424242424242,116.484848484848,33,64
9300,12,-4.22857142857144,119.2,35,66
9400,12,-1.91176470588236,124.5,34,66
9500,12,2.74193548387098,122.935483870968,31,64
9600,12,7.85294117647059,125.088235294118,34,66
9700,12,13,123.5,34,62
9800,12,19.5666666666667,123.866666666667,30,64
9900,12,25.2941176470588,122.117647058824,34,66
10000,12,31.3142857142857,123.885714285714,35,64
0,13,50,50,1,8
100,13,50.5454545454546,47.3636363636364,33,64
200,13,52.3548387096774,41.8709677419355,31,62
300,13,51.6363636363636,35.7575757575757,33,66
400,13,49.46875,30.84375,32,62
500,13,47.2727272727273,25.1818181818182,33,62
600,13,48,21.15625,32,62
700,13,52.1818181818182,21.1515151515152,33,66
800,13,56.7575757575758,22.1212121212121,33,64
900,13,58.0857142857143,26.2285714285714,35,64
1000,13,56.21875,31.15625,32,66
1100,13,60.0294117647059,30.9117647058824,34,64
1200,13,59.6363636363636,35.6060606060606,33,64
1300,13,56.3030303030303,38.9393939393939,33,66
1400,13,53.8181818181818,39.969696969697,33,62
1500,13,55.4857142857143,45.8857142857143,35,64
1600,13,55.4,47.9714285714286,35,64
1700,13,60.0606060606061,47.969696969697,33,64
1800,13,65,53,32,64
1900,13,66.2058823529412,58.5294117647059,34,66
2000,13,63.3333333333333,63.0333333333333,30,62
2100,13,61.09375,66.96875,32,62
2200,13,57.7714285714286,70.0571428571429,35,66
2300,13,56.1290322580645,74.5483870967742,31,64
2400,13,57.258064516129,80.2903225806452,31,62
2500,13,58.5714285714286,84.9142857142857,35,64
2600,13,61.4848484848485,90.2121212121212,33,64
2700,13,65.0588235294118,93.9117647058824,34,64
2800,13,65.5294117647059,98.9411764705882,34,64
2900,13,63.3055555555556,102.972222222222,36,64
3000,13,64.741935483871,109.129032258065,31,62
3100,13,68.4375,113.71875,32,62
3200,13,74.7272727272727,115,33,64
3300,13,77.8484848484848,116.909090909091,33,62
3400,13,81.8181818181818,121.666666666667,33,64
3500,13,87.5151515151515,122.333333333333,33,64
3600,13,92.969696969697,123.181818181818,33,62
3700,13,97.53125,123.34375,32,62
3800,13,100.548387096774,124.645161290323,31,62
3900,13,104.545454545455,126.30303030303,33,64
4000,13,106.8125,130.25,32,62
4100,13,105.75,135.25,32,64
4200,13,100.393939393939,138.757575757576,33,64
4300,13,99.741935483871,143.451612903226,31,64
4400,13,94.6969696969697,144.636363636364,33,64
4500,13,86.7272727272727,144.212121212121,33,64
4600,13,87.96875,138.625,32,62
4700,13,93.3333333333333,136.878787878788,33,64
4800,13,94.1612903225806,131.096774193548,31,62
4900,13,100.235294117647,127.147058823529,34,64
5000,13,105.5,126.375,32,62
5100,13,106.59375,132.21875,32,64
5200,13,106.516129032258,136.677419354839,31,64
5300,13,110.21875,140.8125,32,62
5400,13,113.903225806452,137.548387096774,31,64
5500,13,118.21875,135.1875,32,64
5600,13,122,131.735294117647,34,64
5700,13,126,128.794117647059,34,66
5800,13,129.676470588235,126.882352941176,34,66
5900,13,133.3125,124.78125,32,64
6000,13,138.030303030303,125.212121212121,33,66
6100,13,144.333333333333,123.454545454545,33,64
6200,13,149.78125,120.625,32,64
6300,13,154.28125,117.21875,32,62
6400,13,158.272727272727,115.818181818182,33,62
6500,13,162.28125,118.21875,32,62
6600,13,168.588235294118,120.676470588235,34,64
6700,13,172.382352941176,123.705882352941,34,64
6800,13,176.705882352941,123.852941176471,34,68
6900,13,176.966666666667,118.866666666667,30,62
7000,13,182.166666666667,117.566666666667,30,60
7100,13,187.225806451613,118.129032258065,31,66
7200,13,191.333333333333,117.233333333333,30,62
7300,13,197.787878787879,112.727272727273,33,64
7400,13,203.117647058824,111.5,34,64
7500,13,208.53125,114.25,32,64
7600,13,212.852941176471,112.705882352941,34,64
7700,13,209.085714285714,114.428571428571,35,64
7800,13,205.352941176471,117.382352941176,34,66
7900,13,201.677419354839,119.774193548387,31,62
8000,13,197.5,122.5,34,64
8100,13,198.411764705882,127.882352941176,34,64
8200,13,197.870967741935,131.870967741935,31,64
8300,13,200.125,135.59375,32,64
8400,13,198.5,142.5,32,60
8500,13,199.606060606061,146.787878787879,33,64
8600,13,204.914285714286,149.228571428571,35,64
8700,13,208.727272727273,152.424242424242,33,64
8800,13,210.647058823529,149.088235294118,34,64
8900,13,215.366666666667,150.366666666667,30,60
9000,13,215.90625,154.28125,32,62
9100,13,212.58064516129,158.548387096774,31,60
9200,13,211.741935483871,160.741935483871,31,62
9300,13,210.363636363636,165.727272727273,33,62
9400,13,207.848484848485,169.333333333333,33,64
9500,13,205.575757575758,174.939393939394,33,62
9600,13,207.606060606061,182.090909090909,33,64
9700,13,207.96875,187.1875,32,64
9800,13,205.8,192.1,30,62
9900,13,206.588235294118,195.911764705882,34,64
10000,13,211.322580645161,200.354838709677,31,64
0,14,50.3333333333333,49.6666666666667,3,18
100,14,52.0857142857143,48.2,35,64
200,14,54.1875,45,32,64
300,14,58.1,41.0333333333333,30,62
400,14,59.6666666666667,34.6666666666667,33,64
500,14,58.7272727272727,32.1818181818182,33,66
600,14,56.9677419354839,26.741935483871,31,64
700,14,56.6060606060606,22.0909090909091,33,64
800,14,52.28125,19.90625,32,62
900,14,50.6470588235294,24.6176470588235,34,66
1000,14,51.5294117647059,31.9705882352941,34,68
1100,14,55.0588235294118,37.1764705882353,34,64
1200,14,54.9411764705882,43.764705882353,34,64
1300,14,52.7096774193548,48.4516129032258,31,62
1400,14,48.15625,50.6875,32,62
1500,14,46.25,53.03125,32,62
1600,14,49.84375,54.65625,32,64
1700,14,56.8787878787879,52.2727272727273,33,64
1800,14,64.3030303030303,52.3636363636364,33,64
1900,14,68.7878787878788,49.6363636363636,33,64
2000,14,73.6363636363637,45.8484848484849,33,64
2100,14,75.40625,42.625,32,66
2200,14,74.9666666666667,39.5666666666667,30,60
2300,14,81.4571428571429,38.7428571428571,35,64
2400,14,87.1470588235294,36.1764705882353,34,66
2500,14,90.65625,31.84375,32,64
2600,14,93.8235294117647,28.1764705882353,34,62
2700,14,97.4193548387097,29.7096774193548,31,62
2800,14,100.909090909091,28.030303030303,33,64
2900,14,98.5625,25.25,32,66
3000,14,95,27,33,64
3100,14,93.1470588235294,32.2941176470588,34,64
3200,14,88.9090909090909,37.8787878787879,33,66
3300,14,85.0909090909091,38.1515151515152,33,64
3400,14,80.9090909090909,38.0909090909091,33,66
3500,14,76.9705882352941,34.3823529411765,34,64
3600,14,72.8333333333333,31.9666666666667,30,64
3700,14,69.7272727272727,34.7575757575757,33,64
3800,14,65.7352941176471,38.6764705882353,34,66
3900,14,61.46875,40.0625,32,62
4000,14,64.8787878787879,40.4242424242424,33,64
4100,14,68.2647058823529,34.4411764705882,34,64
4200,14,71.3666666666667,31,30,62
4300,14,74.1875,26.6875,32,64
4400,14,72.75,22.53125,32,62
4500,14,72.6363636363637,17.4545454545455,33,64
4600,14,75.1388888888889,12.7777777777778,36,66
4700,14,71,10.7352941176471,34,62
4800,14,71.8484848484848,6.33333333333333,33,66
4900,14,73,-1.88235294117648,34,64
5000,14,76.3030303030303,-7.15151515151516,33,64
5100,14,82.235294117647,-8.7941176470588,34,64
5200,14,87.6060606060606,-10.2727272727273,33,64
5300,14,92.3333333333333,-13.939393939394,33,64
5400,14,96.9411764705882,-18.5294117647059,34,64
5500,14,101.735294117647,-20.2647058823529,34,64
5600,14,104,-22.7352941176471,34,62
5700,14,107.818181818182,-26.2727272727273,33,62
5800,14,112.909090909091,-28.8484848484848,33,64
5900,14,117.967741935484,-24.8064516129032,31,62
6000,14,120.941176470588,-21.5882352941177,34,66
6100,14,123,-18.28125,32,64
6200,14,127.612903225806,-19.0322580645161,31,66
6300,14,131.939393939394,-22.6363636363636,33,64
6400,14,134.58064516129,-18.5806451612903,31,62
6500,14,134.58064516129,-12.6774193548387,31,62
6600,14,131.818181818182,-8.27272727272728,33,62
6700,14,128.636363636364,-4.06060606060608,33,66
6800,14,122.617647058824,-2.05882352941178,34,66
6900,14,116,-3,32,64
7000,14,113.34375,1.21875,32,62
7100,14,108.735294117647,2.82352941176471,34,64
7200,14,104.84375,5.125,32,62
7300,14,101.125,9.84375,32,64
7400,14,101.90625,16.09375,32,64
7500,14,97.125,11.46875,32,64
7600,14,96.8235294117647,4.82352941176471,34,66
7700,14,94.4375,0.562500000000014,32,64
7800,14,94.5666666666666,-3.93333333333332,30,62
7900,14,90.6470588235294,-6.44117647058822,34,64
8000,14,85.5428571428571,-8.08571428571427,35,66
8100,14,82.0857142857143,-11.0571428571428,35,66
8200,14,76.7,-15.3333333333333,30,64
8300,14,72.1935483870968,-16.5483870967742,31,60
8400,14,69.8235294117647,-16.5882352941177,34,64
8500,14,67.3939393939394,-15.5454545454546,33,64
8600,14,62.7575757575758,-21.9090909090909,33,64
8700,14,59.8,-27.8285714285714,35,66
8800,14,60.46875,-30.9375,32,62
8900,14,55.4545454545455,-31.1515151515152,33,64
9000,14,52.1428571428571,-32.4857142857143,35,66
9100,14,51.8,-37.5666666666667,30,62
9200,14,56.90625,-37.65625,32,64
9300,14,63.7096774193548,-38.3225806451613,31,62
9400,14,69.1142857142857,-36.6,35,66
9500,14,72.1212121212121,-34.6060606060606,33,64
9600,14,76.3529411764706,-31,34,64
9700,14,81.4411764705882,-31.4411764705882,34,64
9800,14,86.46875,-30.65625,32,64
9900,14,92.4516129032258,-33.8064516129032,31,62
10000,14,95.8125,-31.53125,32,62
0,15,49.5,50.5,2,14
100,15,49.030303030303,46.4848484848485,33,64
200,15,49.1714285714286,40.0285714285714,35,64
300,15,49.8125,36.4375,32,62
400,15,44.6363636363636,33,33,66
500,15,40.7142857142857,27.6571428571429,35,66
600,15,42.09375,22.34375,32,62
700,15,44.3030303030303,17.3030303030303,33,64
800,15,38.8125,14.65625,32,64
900,15,33.5161290322581,10.6774193548387,31,64
1000,15,29.1818181818182,13.6666666666667,33,64
1100,15,32.375,19.65625,32,62
1200,15,39.8484848484849,22.0909090909091,33,62
1300,15,44.9393939393939,19.5757575757576,33,62
1400,15,48.9705882352941,19.1764705882353,34,68
1500,15,53.3823529411765,20.9411764705882,34,66
1600,15,58.2121212121212,22.9090909090909,33,64
1700,15,60.1764705882353,27.1764705882353,34,62
1800,15,62.9705882352941,25.0882352941176,34,64
1900,15,63.9411764705882,21.4411764705882,34,64
2000,15,59.6470588235294,17.1176470588235,34,66
2100,15,58.0909090909091,12.8484848484848,33,62
2200,15,54.0277777777778,9.30555555555556,36,64
2300,15,48.7058823529412,8.26470588235294,34,64
2400,15,46.5151515151515,13.1212121212121,33,66
2500,15,41.8181818181818,12.4848484848485,33,64
2600,15,40.875,7.9375,32,62
2700,15,32.8181818181818,7.21212121212121,33,64
2800,15,28.9411764705882,6.94117647058824,34,66
2900,15,24.1515151515152,8.81818181818182,33,64
3000,15,17.90625,7.21875,32,66
3100,15,14.78125,8.78125,32,62
3200,15,12.4444444444444,13.1666666666667,36,66
3300,15,8.25806451612903,16.5161290322581,31,62
3400,15,10.28125,17.65625,32,64
3500,15,15.125,21.40625,32,62
3600,15,13.7,27.0333333333333,30,62
3700,15,15.59375,31.5625,32,62
3800,15,13.9411764705882,35.2352941176471,34,64
3900,15,13.40625,39.25,32,64
4000,15,16.53125,41.90625,32,64
4100,15,22.1333333333333,38.8666666666667,30,62
4200,15,29.4375,37.65625,32,64
4300,15,32.6774193548387,36,31,62
4400,15,29.2647058823529,40.6176470588235,34,66
4500,15,28.8529411764706,45.3235294117647,34,66
4600,15,32.21875,48.21875,32,62
4700,15,34.125,50.90625,32,62
4800,15,32.1818181818182,53.6666666666667,33,64
4900,15,32.1176470588235,46.9411764705882,34,64
5000,15,33.6666666666667,42.3939393939394,33,64
5100,15,37.8125,38.25,32,62
5200,15,43.78125,38.71875,32,62
5300,15,46.6571428571429,32.4857142857143,35,66
5400,15,43.8125,27.15625,32,66
5500,15,42.4411764705882,26.3235294117647,34,64
5600,15,46.375,30.21875,32,66
5700,15,50.1764705882353,28.1764705882353,34,62
5800,15,53.030303030303,29.3939393939394,33,64
5900,15,56.5625,35.40625,32,62
6000,15,58,40.1818181818182,33,64
6100,15,57.1875,45.5,32,62
6200,15,52.2727272727273,45.5151515151515,33,64
6300,15,46,47.4375,32,62
6400,15,42.6470588235294,43.0294117647059,34,64
6500,15,37.6060606060606,37.5151515151515,33,62
6600,15,34.3823529411765,30.8235294117647,34,64
6700,15,29.375,26.84375,32,60
6800,15,23.8235294117647,26.1764705882353,34,62
6900,15,27.6969696969697,28.4242424242424,33,66
7000,15,30.8787878787879,23.8787878787879,33,66
7100,15,25.5757575757576,24.5757575757576,33,66
7200,15,20.5588235294118,26.4117647058824,34,66
7300,15,18.4571428571429,31.2,35,64
7400,15,21.5,32.5,34,64
7500,15,26.6129032258064,29.4838709677419,31,62
7600,15,31.9722222222222,28.5,36,66
7700,15,30.125,30.5625,32,66
7800,15,29.0606060606061,36.5757575757576,33,62
7900,15,25.78125,40.25,32,66
8000,15,17.7352941176471,39.2941176470588,34,64
8100,15,12.4242424242424,42.2424242424242,33,62
8200,15,6.15625,44.875,32,64
8300,15,0.812499999999999,47.125,32,64
8400,15,-4.58064516129031,44,31,62
8500,15,1.14705882352941,41.1176470588235,34,66
8600,15,4.90909090909091,42.030303030303,33,64
8700,15,10.2571428571429,44.9142857142857,35,66
8800,15,12.25,47.125,32,64
8900,15,10.5714285714286,51.5714285714286,35,66
9000,15,5.38709677419355,54.8064516129032,31,62
9100,15,-0.774193548387103,58.7741935483871,31,62
9200,15,-5.6857142857143,62.4,35,64
9300,15,-10.5588235294118,62.0882352941177,34,64
9400,15,-13.2424242424242,62.969696969697,33,64
9500,15,-20.09375,59.65625,32,64
9600,15,-17.6470588235294,60.264705882353,34,64
9700,15,-13,63.84375,32,64
9800,15,-10.0294117647059,66.2352941176471,34,64
9900,15,-12.9117647058824,72.4705882352941,34,66
10000,15,-16.71875,72.09375,32,62
0,16,49,50.3333333333333,3,20
100,16,43.6,49.8,35,66
200,16,40.5588235294118,51.3235294117647,34,64
300,16,39.2903225806452,50.4516129032258,31,64
400,16,45.1764705882353,46.8823529411765,34,64
500,16,49.2857142857143,41.9714285714286,35,66
600,16,52.3529411764706,34.9117647058823,34,64
700,16,53.15625,28.71875,32,64
800,16,48.8181818181818,25.969696969697,33,64
900,16,49.0588235294118,22.4705882352941,34,64
1000,16,49.7272727272727,18.8181818181818,33,62
1100,16,51.2941176470588,14.0294117647059,34,64
1200,16,46.2,14.5428571428571,35,64
1300,16,46.0294117647059,18.1470588235294,34,66
1400,16,49.3103448275862,22.7586206896552,29,64
1500,16,53.5151515151515,25.6363636363636,33,66
1600,16,56.9677419354839,28.741935483871,31,62
1700,16,62.0967741935484,29.1935483870968,31,60
1800,16,64.7272727272727,26.6363636363636,33,62
1900,16,65.0882352941176,22.3529411764706,34,64
2000,16,71.3428571428571,20,35,66
2100,16,71.1935483870968,14.0967741935484,31,62
2200,16,68.1764705882353,9.88235294117647,34,66
2300,16,63.5151515151515,3.03030303030303,33,64
2400,16,59.2903225806452,3.93548387096774,31,62
2500,16,56.2,7.54285714285714,35,66
2600,16,49.6764705882353,8.08823529411765,34,64
2700,16,45.6764705882353,5.38235294117647,34,64
2800,16,44.4666666666667,1.26666666666667,30,62
2900,16,49.0606060606061,-2.72727272727272,33,64
3000,16,52.0645161290323,-7.64516129032258,31,64
3100,16,54.5714285714286,-10.6285714285714,35,64
3200,16,57.7333333333333,-13.1333333333334,30,64
3300,16,60.9714285714286,-16.1714285714286,35,64
3400,16,63.3823529411765,-21.9705882352941,34,64
3500,16,63.1875,-26.4375,32,64
3600,16,60.258064516129,-23,31,64
3700,16,57.6060606060606,-21.4848484848485,33,62
3800,16,57.90625,-15.0625,32,62
3900,16,56.5483870967742,-10.8064516129032,31,62
4000,16,52.1935483870968,-4.80645161290325,31,64
4100,16,50.34375,-0.21875,32,64
4200,16,46.8285714285714,3.31428571428572,35,64
4300,16,41.3125,4.6875,32,64
4400,16,40.6,1.68571428571428,35,64
4500,16,43.4411764705882,0.264705882352942,34,64
4600,16,42.03125,-4.375,32,64
4700,16,40.0909090909091,-8.84848484848484,33,62
4800,16,36.7575757575758,-8.7878787878788,33,64
4900,16,38.125,-3.40624999999996,32,64
5000,16,40.40625,2.4375,32,62
5100,16,44.25,6.1875,32,62
5200,16,43.8787878787879,10.969696969697,33,64
5300,16,41.0333333333333,12.8666666666667,30,64
5400,16,38.030303030303,10.4545454545455,33,64
5500,16,34.03125,8,32,64
5600,16,30.4848484848485,3.3030303030303,33,64
5700,16,25.46875,1.1875,32,62
5800,16,17.59375,2.28125,32,64
5900,16,12.1515151515152,7.33333333333333,33,66
6000,16,8.66666666666667,13.2424242424242,33,62
6100,16,5.3125,16.375,32,64
6200,16,5.15625,20.875,32,62
6300,16,2.87878787878788,27.3333333333333,33,66
6400,16,1.84375,34.28125,32,62
6500,16,3.79411764705882,39.2352941176471,34,66
6600,16,6.25,37.1875,32,62
6700,16,4.82352941176471,30.8529411764706,34,64
6800,16,6.46666666666667,27.8,30,64
6900,16,6.34375,20.59375,32,64
7000,16,1.66666666666667,18.5757575757576,33,64
7100,16,-3.5625,18.8125,32,62
7200,16,-8.21875,18.375,32,64
7300,16,-12.5,16.6764705882353,34,64
7400,16,-8.87878787878788,18.7272727272727,33,64
7500,16,-4.5,21,30,62
7600,16,-0.599999999999994,24.1428571428571,35,66
7700,16,4.88235294117646,27.7647058823529,34,64
7800,16,7.3225806451613,29.258064516129,31,64
7900,16,11.0606060606061,23.4242424242424,33,62
8000,16,13.8235294117647,17.4117647058823,34,66
8100,16,19.1612903225806,18.2258064516129,31,62
8200,16,27.0606060606061,16.5757575757576,33,62
8300,16,31.9393939393939,15.8484848484848,33,68
8400,16,35.78125,14.5625,32,64
8500,16,38,19,33,64
8600,16,42.4193548387097,21.8064516129032,31,62
8700,16,47.40625,19.28125,32,66
8800,16,45.8571428571429,13.8,35,66
8900,16,41.9677419354839,13.8064516129032,31,62
9000,16,40.5757575757576,19.1818181818182,33,64
9100,16,40.3235294117647,21.9117647058823,34,64
9200,16,45.0857142857143,22.4571428571429,35,64
9300,16,51.0645161290323,24.3548387096774,31,60
9400,16,56.5,23.3235294117647,34,66
9500,16,57.1142857142857,20.1142857142857,35,64
9600,16,55.9032258064516,13.741935483871,31,62
9700,16,60.0909090909091,8.51515151515152,33,62
9800,16,62.3714285714286,3,35,64
9900,16,60.7428571428572,-1.85714285714285,35,66
10000,16,63.1935483870968,-4.22580645161293,31,62
0,17,50,50,1,8
100,17,47.5428571428571,51.5714285714286,35,64
200,17,41.5757575757576,53.1818181818182,33,66
300,17,36.5294117647059,52.8235294117647,34,66
400,17,31.84375,53.90625,32,64
500,17,27.1142857142857,53.6285714285714,35,66
600,17,25.5588235294118,50.1176470588235,34,66
700,17,23.4848484848485,46.6666666666667,33,64
800,17,21.2727272727273,41.5757575757576,33,64
900,17,16.71875,38.40625,32,62
1000,17,12.9032258064516,31.6129032258064,31,62
1100,17,12.25,26,32,64
1200,17,12.3235294117647,22.7058823529412,34,66
1300,17,11.9375,18.09375,32,62
1400,17,13.1290322580645,12.6774193548387,31,62
1500,17,10.46875,9.65625,32,62
1600,17,5.27272727272727,8.33333333333333,33,64
1700,17,2.76470588235294,5.05882352941176,34,68
1800,17,-1,2.11428571428571,35,66
1900,17,-6.75757575757576,-2.66666666666669,33,62
2000,17,-10.5,-5.71875,32,62
2100,17,-11.4864864864865,-12.8648648648649,37,66
2200,17,-7.58064516129032,-14.9354838709678,31,60
2300,17,-0.848484848484844,-15.3636363636363,33,64
2400,17,0.696969696969703,-18.6363636363636,33,64
2500,17,-4.91176470588236,-19.6470588235294,34,64
2600,17,-9.21875,-22.65625,32,64
2700,17,-14.6571428571429,-19.5714285714286,35,66
2800,17,-11.7352941176471,-14,34,64
2900,17,-13.8181818181818,-8.12121212121214,33,66
3000,17,-20,-5.29411764705884,34,66
3100,17,-23.7878787878788,-7.4848484848485,33,64
3200,17,-26.6764705882353,-8.76470588235296,34,64
3300,17,-29.78125,-12.46875,32,64
3400,17,-31.3428571428572,-17.9428571428572,35,64
3500,17,-35.0882352941177,-21.0294117647059,34,64
3600,17,-36.7741935483871,-27.0645161290323,31,62
3700,17,-34.6451612903226,-33.6451612903226,31,62
3800,17,-30.25,-34.28125,32,62
3900,17,-24.6470588235294,-38.7352941176471,34,64
4000,17,-23.1290322580645,-41.8387096774194,31,64
4100,17,-20.1212121212121,-42.8484848484848,33,64
4200,17,-18.8823529411765,-39.8529411764706,34,64
4300,17,-24.8387096774194,-36.2903225806452,31,62
4400,17,-31.3333333333333,-35.2727272727273,33,66
4500,17,-35.7878787878788,-30.4242424242424,33,64
4600,17,-32.9117647058824,-26.9705882352941,34,64
4700,17,-34.8,-21.9142857142857,35,64
4800,17,-39.21875,-22.59375,32,66
4900,17,-41.6176470588235,-19.3823529411765,34,64
5000,17,-40.4242424242424,-17.8484848484848,33,64
5100,17,-38.9090909090909,-14.5757575757576,33,64
5200,17,-42.75,-19.71875,32,64
5300,17,-44.2,-24.3333333333333,30,62
5400,17,-46.6666666666667,-28.3636363636364,33,64
5500,17,-50.5757575757576,-30.9393939393939,33,62
5600,17,-55.3939393939394,-29.4848484848485,33,64
5700,17,-60.8125,-31.71875,32,62
5800,17,-64.5,-35,34,62
5900,17,-70.5757575757576,-38.4848484848485,33,66
6000,17,-75.875,-37.71875,32,64
6100,17,-80.3235294117647,-34.2941176470588,34,66
6200,17,-78.71875,-30.8125,32,64
6300,17,-81.53125,-28.03125,32,62
6400,17,-85.125,-27.90625,32,62
6500,17,-89,-33.78125,32,64
6600,17,-93.8666666666667,-37.2666666666667,30,64
6700,17,-98.78125,-39.5,32,64
6800,17,-104.75,-38.5,32,64
6900,17,-108.25,-37.34375,32,64
7000,17,-107.448275862069,-33.4827586206897,29,64
7100,17,-102.875,-29.4375,32,64
7200,17,-97.516129032258,-30.3225806451613,31,62
7300,17,-91.1515151515152,-36.030303030303,33,66
7400,17,-88.125,-39.4375,32,62
7500,17,-84.53125,-45.21875,32,64
7600,17,-80.1176470588235,-45.8823529411765,34,64
7700,17,-76,-46.6857142857143,35,66
7800,17,-72.1176470588235,-48.0588235294118,34,66
7900,17,-68.4375,-47.09375,32,64
8000,17,-69.6875,-41.53125,32,66
8100,17,-68.8965517241379,-38.4137931034483,29,62
8200,17,-71.1212121212121,-36.0909090909091,33,64
8300,17,-75.6451612903226,-32.0967741935484,31,64
8400,17,-79,-30,32,64
8500,17,-81.625,-33.6875,32,64
8600,17,-86.5588235294118,-35.3235294117647,34,66
8700,17,-90.3235294117647,-36.3823529411765,34,66
8800,17,-94.90625,-38.53125,32,64
8900,17,-98.90625,-36.40625,32,64
9000,17,-93.53125,-31.15625,32,64
9100,17,-91.09375,-27.28125,32,62
9200,17,-85.9090909090909,-27.6969696969697,33,62
9300,17,-85.5454545454546,-30.8484848484848,33,64
9400,17,-88.125,-33.0625,32,62
9500,17,-93.3333333333333,-31.0606060606061,33,66
9600,17,-91.7931034482759,-26.8965517241379,29,62
9700,17,-88.6060606060606,-21.3333333333333,33,64
9800,17,-83.6774193548387,-21.9677419354839,31,64
9900,17,-80.03125,-27.125,32,64
10000,17,-75.4117647058823,-26.7647058823529,34,66
0,18,49.6666666666667,50,3,20
100,18,45.0625,49.28125,32,66
200,18,41.0967741935484,52.3548387096774,31,62
300,18,37.125,56.59375,32,64
400,18,33.6363636363636,62.030303030303,33,64
500,18,29.7058823529412,65.2058823529412,34,64
600,18,27.969696969697,65.5151515151515,33,64
700,18,25.258064516129,61.3870967741936,31,60
800,18,23.5142857142857,57.1142857142857,35,64
900,18,21.3333333333333,50.3939393939394,33,64
1000,18,19,45.3333333333333,30,62
1100,18,14.9142857142857,43.3142857142857,35,64
1200,18,14.3333333333333,48.2424242424242,33,64
1300,18,19.9375,48.15625,32,64
1400,18,23.125,45.40625,32,64
1500,18,24.3529411764706,47.2647058823529,34,66
1600,18,28.0666666666667,49.3333333333333,30,62
1700,18,32.3548387096774,52.6451612903226,31,62
1800,18,33.2941176470588,57.9705882352941,34,64
1900,18,29.969696969697,65.6363636363637,33,66
2000,18,24.8125,67.75,32,62
2100,18,22.9705882352941,70.9117647058823,34,66
2200,18,18.1612903225806,72.0645161290323,31,62
2300,18,14.1290322580645,69.0645161290322,31,62
2400,18,9,69,31,60
2500,18,2.51515151515151,69.2727272727273,33,66
2600,18,-2.67647058823528,69.264705882353,34,66
2700,18,-9.67647058823532,68.7058823529412,34,66
2800,18,-15.8484848484849,66.7575757575758,33,66
2900,18,-19.125,70.125,32,62
3000,18,-19.09375,75.40625,32,64
3100,18,-18.5862068965517,79.0689655172414,29,60
3200,18,-23.1875,81.9375,32,64
3300,18,-27.1515151515152,79.9393939393939,33,64
3400,18,-32.375,78.90625,32,64
3500,18,-33.1388888888889,74.8888888888889,36,66
3600,18,-36.2727272727273,68.4545454545454,33,64
3700,18,-36.75,63.8125,32,62
3800,18,-42.6129032258064,65.9354838709678,31,62
3900,18,-44.2258064516129,68.8387096774194,31,64
4000,18,-48.59375,71.75,32,64
4100,18,-53.8571428571429,74.1428571428572,35,66
4200,18,-60.0909090909091,72.2424242424242,33,62
4300,18,-66.5333333333333,70.4333333333333,30,62
4400,18,-70.7058823529412,69.1764705882353,34,66
4500,18,-73.78125,64.65625,32,62
4600,18,-80,61.1515151515151,33,68
4700,18,-81.625,57.375,32,64
4800,18,-80.2424242424242,59.2727272727273,33,64
4900,18,-76.9393939393939,65.2424242424242,33,66
5000,18,-76.2,62.5,30,64
5100,18,-73.1515151515152,59.1818181818182,33,64
5200,18,-69.030303030303,64.1212121212121,33,64
5300,18,-72.1290322580645,67.4838709677419,31,62
5400,18,-76.4705882352941,71.5882352941177,34,64
5500,18,-72.8125,78.8125,32,64
5600,18,-69.34375,81.78125,32,64
5700,18,-62.9117647058823,76.4705882352941,34,66
5800,18,-60.125,69.09375,32,62
5900,18,-63.8181818181818,66.2121212121212,33,64
6000,18,-60.2424242424242,62.7272727272727,33,66
6100,18,-64.3636363636364,59.2424242424242,33,64
6200,18,-69.9,55.2666666666667,30,64
6300,18,-74.8125,51.5,32,62
6400,18,-80.4838709677419,49.3548387096774,31,60
6500,18,-86.15625,50.28125,32,64
6600,18,-90.1290322580645,52.3870967741936,31,66
6700,18,-88.5,51.8125,32,62
6800,18,-86.4242424242424,54.0909090909091,33,64
6900,18,-89.5862068965517,58.3793103448276,29,60
7000,18,-93.0588235294118,64.6470588235294,34,66
7100,18,-98.3548387096774,66.6451612903226,31,62
7200,18,-102.540540540541,66.0810810810811,37,66
7300,18,-103,68.34375,32,64
7400,18,-105.125,71.8125,32,64
7500,18,-109.212121212121,74.4545454545455,33,62
7600,18,-114.484848484848,71.6363636363637,33,66
7700,18,-118.5,68.6875,32,64
7800,18,-120.272727272727,63.3636363636364,33,66
7900,18,-120.794117647059,57.6470588235294,34,64
8000,18,-115.575757575758,55.5757575757576,33,64
8100,18,-110.657142857143,54.9428571428572,35,66
8200,18,-104.064516129032,53.6129032258064,31,62
8300,18,-98.8387096774194,53.9354838709677,31,62
8400,18,-95.7575757575758,57.6969696969697,33,62
8500,18,-90.90625,57.90625,32,66
8600,18,-84.2058823529412,58.2941176470588,34,64
8700,18,-80.8387096774193,58.6129032258064,31,62
8800,18,-81.84375,50.46875,32,64
8900,18,-83.5142857142857,45.5428571428571,35,66
9000,18,-80.030303030303,41.6363636363636,33,66
9100,18,-80.2727272727273,37.6969696969697,33,64
9200,18,-79.5151515151515,34.7878787878788,33,64
9300,18,-82.9333333333333,33.5,30,62
9400,18,-86.46875,37.46875,32,62
9500,18,-84.96875,42.34375,32,64
9600,18,-80.78125,45.375,32,62
9700,18,-75.8857142857143,42.5142857142857,35,64
9800,18,-70.9705882352941,43.9117647058823,34,64
9900,18,-68.969696969697,40.4545454545455,33,66
10000,18,-65.6451612903226,39.1612903225806,31,62
0,19,49.5,50.5,2,14
100,19,50.3823529411765,47.4117647058824,34,64
200,19,47.7333333333333,42.6,30,62
300,19,44.3529411764706,37.2941176470588,34,66
400,19,40.1470588235294,43.4117647058823,34,66
500,19,45.9117647058824,44.7647058823529,34,64
600,19,50.4411764705882,50.9411764705882,34,64
700,19,55.7272727272727,53.1515151515152,33,62
800,19,60.6666666666667,49.5757575757576,33,62
900,19,59.03125,46.28125,32,62
1000,19,52.3636363636364,44.3030303030303,33,64
1100,19,46.6666666666667,40.6363636363636,33,68
1200,19,44.6875,35.96875,32,64
1300,19,42.2121212121212,34.3939393939394,33,66
1400,19,36.3142857142857,34.8857142857143,35,64
1500,19,36.3125,30.46875,32,66
1600,19,33.2352941176471,24.8235294117647,34,64
1700,19,33.21875,20,32,62
1800,19,35.6774193548387,12.741935483871,31,64
1900,19,38.1875,10.75,32,62
2000,19,43,10.5806451612903,31,62
2100,19,48.8484848484849,12.3636363636364,33,66
2200,19,53,12.2647058823529,34,62
2300,19,55.0322580645161,10.7096774193548,31,66
2400,19,58.4375,16.3125,32,62
2500,19,58.46875,19.78125,32,64
2600,19,59.5,25.8,30,62
2700,19,64.8571428571428,25.0857142857143,35,64
2800,19,67.2571428571429,27.4571428571429,35,64
2900,19,69.7241379310345,29.6896551724138,29,62
3000,19,75.8823529411764,28.0588235294118,34,66
3100,19,81.6363636363636,28.3636363636364,33,64
3200,19,87.1875,26.1875,32,62
3300,19,89.6363636363637,22.6666666666667,33,64
3400,19,85.4,21.3142857142857,35,64
3500,19,81.3529411764706,24.1470588235294,34,64
3600,19,82.1470588235294,28.0588235294118,34,64
3700,19,83.9354838709677,23.0645161290323,31,62
3800,19,83.6896551724138,17,29,60
3900,19,82.4285714285714,13.7428571428571,35,66
4000,19,85.8857142857143,10.5714285714286,35,66
4100,19,85.5,5.5,30,60
4200,19,83.6,-0.571428571428555,35,66
4300,19,81.3870967741936,-7,31,60
4400,19,81.5625,-11.375,32,66
4500,19,81.78125,-14.375,32,64
4600,19,77.7941176470588,-19.1176470588235,34,66
4700,19,74.0882352941176,-22.7941176470588,34,64
4800,19,67.9705882352941,-18.2941176470588,34,64
4900,19,69.9354838709677,-11,31,62
5000,19,68.3636363636364,-4.6060606060606,33,66
5100,19,71.15625,-0.5625,32,62
5200,19,75.3333333333333,3.93939393939394,33,62
5300,19,78.34375,3.96875,32,62
5400,19,81.7666666666667,5.66666666666667,30,62
5500,19,85.40625,7.875,32,62
5600,19,89.1515151515151,12.0909090909091,33,62
5700,19,90.2941176470588,15.7352941176471,34,64
5800,19,93.9333333333333,18.3666666666667,30,62
5900,19,94.8387096774194,22.3870967741936,31,64
6000,19,94.53125,27.53125,32,64
6100,19,89.0645161290323,31.9354838709677,31,62
6200,19,84.7741935483871,32.8709677419355,31,62
6300,19,80.9393939393939,34.3939393939394,33,66
6400,19,76.6470588235294,34.8823529411765,34,64
6500,19,74.0909090909091,32.969696969697,33,68
6600,19,68.4375,30.78125,32,62
6700,19,65.8529411764706,28.0294117647059,34,64
6800,19,60.9142857142857,32.1428571428571,35,64
6900,19,58.65625,27.65625,32,62
7000,19,55.3870967741936,24.4838709677419,31,62
7100,19,50.34375,21.96875,32,62
7200,19,48.8181818181818,18.2727272727273,33,64
7300,19,48.1944444444444,13.6944444444444,36,66
7400,19,47.1388888888889,10,36,66
7500,19,43.5,5.6875,32,64
7600,19,41.8611111111111,2.30555555555556,36,66
7700,19,41.8823529411765,-3.94117647058822,34,64
7800,19,40,-6.54838709677421,31,62
7900,19,41.6060606060606,-11.969696969697,33,64
8000,19,42.59375,-17.3125,32,64
8100,19,42.4411764705882,-21.2058823529412,34,68
8200,19,43.0714285714286,-25.2142857142857,28,60
8300,19,41.3333333333333,-28.8484848484848,33,64
8400,19,37.6451612903226,-28.5806451612903,31,62
8500,19,36.9333333333333,-23.5,30,62
8600,19,35.3714285714286,-16.9428571428572,35,66
8700,19,35.65625,-12.75,32,64
8800,19,33.4242424242424,-8.06060606060606,33,62
8900,19,31.6666666666667,-4.6388888888889,36,66
9000,19,26.8787878787879,1.12121212121212,33,64
9100,19,26.1515151515152,6.33333333333333,33,64
9200,19,23.5454545454545,4.78787878787878,33,64
9300,19,19.7878787878788,8.15151515151516,33,64
9400,19,22.0294117647059,10.9117647058823,34,64
9500,19,25.1764705882353,15.3823529411765,34,64
9600,19,24.90625,19.125,32,62
9700,19,26.9705882352941,25.8529411764706,34,64
9800,19,31.1428571428571,29.1714285714286,35,66
9900,19,35.7272727272727,26.2727272727273,33,64
10000,19,30.8484848484848,20.3636363636364,33,66
0,20,49.5,50,2,14
100,20,45.6666666666667,52.0333333333333,30,64
200,20,41.1714285714286,50.3428571428571,35,66
300,20,38.78125,47.0625,32,62
400,20,33.625,42.625,32,62
500,20,30.1515151515152,39.5757575757576,33,64
600,20,30.8709677419355,34.5806451612903,31,62
700,20,37.3125,34.09375,32,64
800,20,41.6969696969697,37.0606060606061,33,66
900,20,43.3870967741935,41.6774193548387,31,64
1000,20,42.0882352941177,45.2058823529412,34,64
1100,20,46.264705882353,47.9117647058823,34,64
1200,20,49.8484848484849,44.030303030303,33,64
1300,20,48.5454545454546,41.6363636363636,33,66
1400,20,52.5333333333333,39.4,30,64
1500,20,56.7428571428571,34.1142857142857,35,64
1600,20,57.125,28.0625,32,66
1700,20,59.8484848484849,24.0909090909091,33,62
1800,20,66.15625,24.09375,32,64
1900,20,70.1875,20.71875,32,62
2000,20,75.3333333333333,20.9393939393939,33,64
2100,20,78.6470588235294,24.1176470588235,34,64
2200,20,81.46875,27.4375,32,64
2300,20,86.9375,32.1875,32,64
2400,20,85.5882352941177,36.0882352941177,34,64
2500,20,80,36.8823529411765,34,66
2600,20,78.3636363636363,32.6363636363636,33,64
2700,20,85.09375,28.96875,32,62
2800,20,88.9090909090909,28.2424242424242,33,66
2900,20,85.4848484848485,24.6060606060606,33,62
3000,20,82.5588235294118,19.6764705882353,34,64
3100,20,84.9117647058823,14.9705882352941,34,64
3200,20,89.2941176470588,11.9117647058824,34,66
3300,20,93.4,8.26666666666667,30,62
3400,20,96.2121212121212,6.06060606060606,33,66
3500,20,98.0333333333333,8.8,30,62
3600,20,102.633333333333,4.7,30,64
3700,20,106.787878787879,2.39393939393939,33,66
3800,20,111.090909090909,2.78787878787879,33,62
3900,20,110.666666666667,6.33333333333333,33,64
4000,20,117.40625,7.625,32,62
4100,20,121.71875,5.34375,32,62
4200,20,125.875,3.59375,32,64
4300,20,126.96875,-1.40625,32,62
4400,20,129.181818181818,-3.3939393939394,33,64
4500,20,133.21875,-6,32,62
4600,20,126.967741935484,-11.0645161290323,31,64
4700,20,124.59375,-10.9375,32,64
4800,20,120.484848484848,-12.6060606060606,33,64
4900,20,115.6875,-13,32,64
5000,20,113.032258064516,-16.3548387096774,31,62
5100,20,115.84375,-21.25,32,64
5200,20,117.647058823529,-26.7352941176471,34,66
5300,20,120.393939393939,-30.8484848484849,33,66
5400,20,122.90625,-33.75,32,62
5500,20,125.78125,-38.25,32,64
5600,20,130.5,-39.8235294117647,34,64
5700,20,134.25,-39.5625,32,62
5800,20,140.53125,-40.0625,32,62
5900,20,146,-40.875,32,62
6000,20,146.8125,-44.34375,32,64
6100,20,141.516129032258,-45.7741935483871,31,62
6200,20,137.566666666667,-46.3333333333333,30,64
6300,20,133.371428571429,-41.2285714285714,35,64
6400,20,129.774193548387,-38.3870967741936,31,62
6500,20,125.7,-36.3666666666667,30,62
6600,20,121.030303030303,-36.8181818181818,33,62
6700,20,116.735294117647,-40.264705882353,34,64
6800,20,110.125,-40.96875,32,64
6900,20,106.806451612903,-35.8064516129032,31,62
7000,20,103.294117647059,-29.6470588235294,34,64
7100,20,104.205882352941,-24.6176470588236,34,66
7200,20,100.424242424242,-25.0606060606061,33,62
7300,20,96.5625,-30.03125,32,64
7400,20,97.5483870967742,-35.7096774193548,31,62
7500,20,98.4516129032258,-41.5806451612903,31,62
7600,20,105.125,-42.90625,32,62
7700,20,109.193548387097,-39.4516129032258,31,62
7800,20,112.870967741935,-38.3870967741936,31,66
7900,20,117.5,-36.5294117647059,34,66
8000,20,121.441176470588,-34.8235294117647,34,64
8100,20,125.5,-34.6470588235294,34,64
8200,20,129.057142857143,-36.6857142857143,35,66
8300,20,134.029411764706,-38.6176470588235,34,64
8400,20,139.727272727273,-40.1818181818182,33,64
8500,20,143.909090909091,-41.2727272727273,33,66
8600,20,147.823529411765,-45.3529411764706,34,66
8700,20,152.058823529412,-46.4411764705882,34,64
8800,20,155.90625,-45.03125,32,64
8900,20,161.645161290323,-41.741935483871,31,60
9000,20,167.483870967742,-42.1612903225806,31,62
9100,20,169.606060606061,-37.9090909090909,33,64
9200,20,169.6,-32.5142857142857,35,64
9300,20,170.096774193548,-27.7741935483871,31,64
9400,20,173.441176470588,-23.2941176470588,34,64
9500,20,180.8,-22.7333333333333,30,62
9600,20,186.058823529412,-23.4705882352941,34,64
9700,20,191.903225806452,-23.5483870967742,31,64
9800,20,196,-22.4666666666667,30,62
9900,20,199.257142857143,-25.5142857142857,35,66
10000,20,206.242424242424,-23.969696969697,33,64
0,21,49.3333333333333,50,3,20
100,21,44.2857142857143,51.4,35,64
200,21,39.8,48.7333333333334,30,62
300,21,35.0588235294118,46.5294117647059,34,66
400,21,34.3636363636364,41.3939393939394,33,64
500,21,39.15625,38.375,32,60
600,21,43.9117647058824,33.6764705882353,34,66
700,21,45.53125,27.84375,32,62
800,21,44.375,25.375,32,64
900,21,44.4411764705882,31.2058823529412,34,64
1000,21,50.71875,31.9375,32,64
1100,21,56,32.969696969697,33,64
1200,21,60.3636363636364,32.9090909090909,33,64
1300,21,64.15625,37.40625,32,66
1400,21,65.3225806451613,40.4838709677419,31,62
1500,21,67.5666666666667,44.9666666666667,30,62
1600,21,68.3870967741936,49.7096774193548,31,64
1700,21,66.7878787878788,53.5454545454545,33,62
1800,21,65.7272727272727,58.8787878787879,33,66
1900,21,62.1875,60.75,32,64
2000,21,55.9090909090909,59.5454545454545,33,64
2100,21,51.375,59.5,32,62
2200,21,47,60.5,32,62
2300,21,41.7741935483871,65.1290322580645,31,62
2400,21,37.7352941176471,69,34,62
2500,21,33.25,69.4375,32,64
2600,21,29.2758620689655,72.6896551724138,29,64
2700,21,26.8787878787879,77.2727272727273,33,64
2800,21,23.8064516129032,84.3548387096774,31,64
2900,21,27.5,89.1176470588235,34,64
3000,21,30.2121212121212,84.5454545454545,33,62
3100,21,27.1515151515152,78.2727272727273,33,66
3200,21,26.4117647058824,73.0882352941176,34,64
3300,21,30.59375,70.3125,32,62
3400,21,34.7666666666667,73.6,30,62
3500,21,33.4193548387097,78.9032258064516,31,64
3600,21,34.03125,85.71875,32,62
3700,21,33.030303030303,91.6060606060606,33,66
3800,21,33.5625,95.84375,32,62
3900,21,30.4193548387097,98.4193548387097,31,62
4000,21,27.5333333333333,99.2333333333333,30,62
4100,21,32.1714285714286,93.9142857142857,35,66
4200,21,37.4848484848485,92.3030303030303,33,64
4300,21,42.78125,88.125,32,64
4400,21,47.6875,86.3125,32,64
4500,21,43.9393939393939,82.9393939393939,33,64
4600,21,43.5,77.5294117647059,34,64
4700,21,44.5,70.0882352941177,34,66
4800,21,46.2258064516129,64.8709677419355,31,62
4900,21,43.15625,60.78125,32,66
5000,21,43.90625,56.75,32,64
5100,21,47.71875,52.21875,32,64
5200,21,54.1764705882353,53.5588235294118,34,66
5300,21,61.1515151515151,56.9090909090909,33,62
5400,21,62,65.4848484848485,33,64
5500,21,57.2121212121212,69.8181818181818,33,64
5600,21,52.8484848484849,72.2121212121212,33,64
5700,21,48.6875,74.65625,32,62
5800,21,44.1470588235294,73.6470588235294,34,64
5900,21,41,74.448275862069,29,62
6000,21,36.5151515151515,75.8484848484848,33,62
6100,21,34.1212121212121,81.2424242424242,33,66
6200,21,38.3125,84.875,32,64
6300,21,40.2727272727273,90.1818181818182,33,62
6400,21,42.6764705882353,94.9117647058824,34,64
6500,21,45.3225806451613,93.8387096774194,31,64
6600,21,49.1470588235294,90.9705882352941,34,66
6700,21,56.03125,89.09375,32,64
6800,21,60.3636363636364,87.6969696969697,33,64
6900,21,58.6451612903226,91.8709677419355,31,62
7000,21,55.5625,93.90625,32,62
7100,21,55.4375,99.21875,32,62
7200,21,56.3333333333333,102.060606060606,33,62
7300,21,59.8181818181818,100.151515151515,33,64
7400,21,59.5625,94.875,32,64
7500,21,52.1875,95.09375,32,64
7600,21,46.030303030303,93.5454545454546,33,66
7700,21,42.4848484848485,94.8484848484848,33,62
7800,21,38.0588235294118,97.5588235294118,34,66
7900,21,34.2941176470588,95.8823529411764,34,66
8000,21,28.8181818181818,98.4545454545454,33,66
8100,21,28.6666666666667,104.060606060606,33,62
8200,21,33.5151515151515,104.151515151515,33,64
8300,21,35.96875,109.34375,32,62
8400,21,38.8787878787879,115.030303030303,33,64
8500,21,42.9411764705882,116.617647058824,34,64
8600,21,48.0909090909091,117.333333333333,33,66
8700,21,52.3125,116.4375,32,64
8800,21,52.969696969697,110.363636363636,33,64
8900,21,56.5,105.1875,32,62
9000,21,59.0645161290323,104.935483870968,31,62
9100,21,60.5483870967742,97.3870967741936,31,64
9200,21,61.5588235294118,95.2941176470588,34,64
9300,21,66.6857142857143,95.4,35,64
9400,21,69.3939393939394,98.7575757575758,33,64
9500,21,74.3333333333333,96.9722222222222,36,66
9600,21,77.735294117647,94.7647058823529,34,66
9700,21,74.75,92.28125,32,62
9800,21,69.4333333333333,94.3,30,62
9900,21,66.34375,89.6875,32,64
10000,21,61.5,87.2941176470588,34,62
0,22,49.5,50,2,14
100,22,50.34375,47.84375,32,62
200,22,46.9032258064516,47.4838709677419,31,62
300,22,46.0625,53.9375,32,62
400,22,41.2121212121212,55.4545454545455,33,64
500,22,39.9142857142857,51.2,35,64
600,22,37.2727272727273,48.5454545454545,33,64
700,22,32.7941176470588,49.0294117647059,34,66
800,22,29.7666666666667,52.9,30,62
900,22,26.5,56.1875,32,62
1000,22,20.78125,55.84375,32,64
1100,22,15.09375,50.96875,32,62
1200,22,16.8,45.9142857142857,35,64
1300,22,17.6857142857143,39.4571428571429,35,66
1400,22,18.96875,36.3125,32,62
1500,22,24.9117647058823,35.7352941176471,34,64
1600,22,28.2666666666667,37.0333333333333,30,62
1700,22,30.6875,41.90625,32,64
1800,22,25.9375,46,32,66
1900,22,21.9,50.2333333333333,30,62
2000,22,18.03125,51.53125,32,64
2100,22,12.1142857142857,53.5428571428571,35,66
2200,22,7.63333333333333,57.5,30,62
2300,22,2.09090909090909,59.8484848484849,33,64
2400,22,-2.76666666666668,64.1,30,62
2500,22,-3.09375,69.625,32,64
2600,22,1.3125,72.5625,32,66
2700,22,5.48387096774194,68.8064516129032,31,62
2800,22,8.27272727272727,71.6666666666667,33,64
2900,22,10.0606060606061,75.5151515151515,33,64
3000,22,6.57575757575758,79.6666666666667,33,62
3100,22,7.38709677419355,84.258064516129,31,62
3200,22,12.5428571428571,85.2,35,64
3300,22,11.53125,80.90625,32,64
3400,22,7.90000000000001,79.0333333333333,30,60
3500,22,4.96875,79.28125,32,62
3600,22,-0.151515151515156,79.2121212121212,33,64
3700,22,-2.93939393939394,85.1818181818182,33,66
3800,22,-4.3125,89.78125,32,64
3900,22,-7.73529411764706,95.0882352941176,34,64
4000,22,-9.7,92.3666666666667,30,62
4100,22,-8.72727272727272,86.2424242424242,33,64
4200,22,-14.3428571428571,84.7142857142858,35,66
4300,22,-19.4375,84.0625,32,62
4400,22,-23,80.8235294117647,34,64
4500,22,-27.3636363636363,78.7878787878788,33,64
4600,22,-32.375,76.6875,32,62
4700,22,-28.4411764705882,78.1764705882353,34,64
4800,22,-23.8181818181818,80.9090909090909,33,64
4900,22,-24.9411764705882,84.5294117647059,34,64
5000,22,-29.4333333333334,86.9,30,64
5100,22,-34.40625,84.65625,32,62
5200,22,-35.7058823529412,79.2058823529412,34,64
5300,22,-28.3548387096774,75.8387096774193,31,62
5400,22,-22.7575757575758,74.7272727272727,33,64
5500,22,-19.4242424242424,72.5454545454546,33,64
5600,22,-17.2647058823529,67.6764705882353,34,66
5700,22,-14.75,63.96875,32,62
5800,22,-8.85294117647059,65.3823529411765,34,64
5900,22,-4.53125,63.625,32,66
6000,22,-1.43333333333334,63.1,30,62
6100,22,-1.87878787878788,58.9393939393939,33,66
6200,22,-1.90322580645162,55.2258064516129,31,66
6300,22,1.35483870967742,49.9354838709677,31,60
6400,22,5.8,47,30,64
6500,22,10.9117647058823,44.5,34,66
6600,22,16.5,45.7647058823529,34,66
6700,22,20.0645161290323,43.6129032258064,31,64
6800,22,19.8235294117647,39.1764705882353,34,62
6900,22,19.375,34.5,32,62
7000,22,22.875,31.875,32,64
7100,22,21.0882352941177,27.3823529411765,34,64
7200,22,16.5588235294118,24.6764705882353,34,64
7300,22,14,20.3,30,60
7400,22,10.5428571428571,14.3428571428571,35,66
7500,22,6.5,11.5882352941176,34,64
7600,22,-1.82352941176472,6.85294117647059,34,64
7700,22,-4.875,2.90625,32,64
7800,22,-6.06060606060603,-3.90909090909091,33,64
7900,22,-0.5,-5.32352941176468,34,64
8000,22,2.57575757575758,-2.03030303030306,33,62
8100,22,1.15625,0.875,32,62
8200,22,-4.96774193548389,6.09677419354838,31,64
8300,22,-8.05882352941178,8.67647058823529,34,64
8400,22,-14.59375,4.8125,32,64
8500,22,-18.969696969697,1.18181818181819,33,62
8600,22,-22.8181818181818,-0.424242424242422,33,64
8700,22,-27.28125,-2.5625,32,64
8800,22,-31.5,-4,32,62
8900,22,-35.34375,0,32,62
9000,22,-40.375,4.78125,32,64
9100,22,-37.78125,8.9375,32,62
9200,22,-36.53125,11.25,32,62
9300,22,-32.7741935483871,14.4838709677419,31,62
9400,22,-35.5,22.28125,32,64
9500,22,-33.1290322580645,27.1612903225806,31,62
9600,22,-29.40625,28.5625,32,66
9700,22,-24.15625,33.78125,32,64
9800,22,-21.5,37.65625,32,64
9900,22,-18.4375,40.9375,32,62
10000,22,-13.3225806451613,41.5161290322581,31,62
0,23,50,50,1,8
100,23,52,48.6764705882353,34,64
200,23,58.3529411764706,46.8235294117647,34,66
300,23,61.4545454545455,48.0909090909091,33,62
400,23,61.6470588235294,55.3235294117647,34,64
500,23,59.5151515151515,59.0909090909091,33,62
600,23,53.5588235294118,61.0588235294118,34,64
700,23,54.258064516129,54.0322580645161,31,64
800,23,57.84375,52.03125,32,64
900,23,60.969696969697,53.2727272727273,33,64
1000,23,66.8709677419355,49.7096774193548,31,60
1100,23,69.15625,53.75,32,64
1200,23,70.1142857142857,56.8857142857143,35,64
1300,23,65.8965517241379,58.2758620689655,29,60
1400,23,58.7272727272727,55.3636363636364,33,62
1500,23,54.5454545454546,56.9090909090909,33,62
1600,23,52.2727272727273,60.2424242424242,33,64
1700,23,55.78125,65.21875,32,64
1800,23,54.6875,68.625,32,64
1900,23,51.6969696969697,73,33,64
2000,23,50.2258064516129,78.4838709677419,31,62
2100,23,46.0588235294118,81.4411764705882,34,64
2200,23,40.1935483870968,79,31,62
2300,23,36.2121212121212,76.5151515151515,33,64
2400,23,31.5172413793103,75.3793103448276,29,62
2500,23,24.9428571428571,72.0857142857143,35,66
2600,23,18.7272727272727,70.2424242424242,33,64
2700,23,16.8181818181818,64.7575757575758,33,64
2800,23,17.3428571428571,61.0571428571429,35,66
2900,23,17.6363636363636,57.7272727272727,33,62
3000,23,17.0606060606061,52.969696969697,33,64
3100,23,13.969696969697,48.5757575757576,33,62
3200,23,8.79411764705882,43.735294117647,34,64
3300,23,6.25,37,32,64
3400,23,3.0625,33.90625,32,62
3500,23,3.57575757575758,28.1515151515152,33,64
3600,23,4.34375,22.25,32,64
3700,23,9.45454545454546,17.2727272727273,33,64
3800,23,10.9090909090909,13.030303030303,33,66
3900,23,10.5757575757576,7.84848484848485,33,64
4000,23,17.40625,6.90625,32,64
4100,23,20.8709677419355,5.06451612903226,31,66
4200,23,24.4242424242424,3.42424242424242,33,64
4300,23,30.1515151515152,1.27272727272727,33,62
4400,23,34.03125,-0.09375,32,64
4500,23,35.03125,3.90625,32,64
4600,23,30.5161290322581,6.7741935483871,31,64
4700,23,26.3636363636364,8.24242424242424,33,64
4800,23,25.3125,13.6875,32,68
4900,23,24.3823529411765,19.0294117647059,34,64
5000,23,26.5757575757576,25.5454545454545,33,64
5100,23,21.8285714285714,22.0285714285714,35,64
5200,23,24.4375,16.4375,32,62
5300,23,23.6571428571429,14.0571428571429,35,64
5400,23,18.5142857142857,11.8857142857143,35,64
5500,23,13.1875,13.9375,32,66
5600,23,12.2647058823529,11.3235294117647,34,66
5700,23,15.1875,5.78125,32,64
5800,23,12.71875,2.6875,32,62
5900,23,7.54545454545454,-0.545454545454561,33,64
6000,23,5.8,-5.20000000000002,35,66
6100,23,3.91428571428571,-10.9714285714286,35,66
6200,23,1.02857142857143,-12.2285714285714,35,66
6300,23,1.45454545454545,-17.0909090909091,33,64
6400,23,-1.08823529411764,-20.0588235294118,34,66
6500,23,-6.0967741935484,-20.8064516129032,31,62
6600,23,-9.8181818181818,-23.969696969697,33,64
6700,23,-10.3333333333333,-25.5757575757576,33,62
6800,23,-7.21875,-30.0625,32,62
6900,23,-1.97142857142858,-28.2285714285714,35,66
7000,23,3.06451612903226,-28.2258064516129,31,64
7100,23,6.43333333333334,-23.6666666666667,30,62
7200,23,13.1764705882353,-21.4117647058823,34,64
7300,23,16.9714285714286,-23.6,35,64
7400,23,20.1875,-21.375,32,64
7500,23,24.8125,-21.875,32,64
7600,23,28.625,-19.34375,32,62
7700,23,31.3235294117647,-16.9705882352941,34,66
7800,23,36.9714285714286,-16.1714285714286,35,64
7900,23,41.5,-13.3,30,62
8000,23,46.375,-13.5,32,64
8100,23,49.3125,-7.71875,32,62
8200,23,45.969696969697,-0.63636363636364,33,66
8300,23,42.0909090909091,4.12121212121212,33,66
8400,23,40.2857142857143,7.05714285714285,35,64
8500,23,36.7058823529412,11.8823529411765,34,66
8600,23,36.3428571428571,18.1714285714286,35,66
8700,23,36.6774193548387,26.3225806451613,31,62
8800,23,39.7575757575758,29.8787878787879,33,64
8900,23,43,33,33,64
9000,23,46.6451612903226,35.0967741935484,31,64
9100,23,51.125,32.125,32,64
9200,23,56.9375,35.46875,32,64
9300,23,59.3548387096774,37,31,64
9400,23,59.8529411764706,42.2941176470588,34,64
9500,23,55.0909090909091,46.5151515151515,33,64
9600,23,55.5757575757576,53.8484848484849,33,64
9700,23,57.7878787878788,58.8181818181818,33,64
9800,23,59.5882352941177,57.1764705882353,34,64
9900,23,58.3030303030303,53.1212121212121,33,64
10000,23,62.1612903225806,53.3548387096774,31,64
0,24,49.2,48.8,5,32
100,24,46.5151515151515,51.1515151515151,33,64
200,24,49.6363636363636,54.3030303030303,33,64
300,24,54.7,52.9,30,66
400,24,55,56.34375,32,64
500,24,60.90625,57.375,32,64
600,24,66.8484848484849,56.6969696969697,33,64
700,24,68.2424242424242,59.8787878787879,33,64
800,24,66.2424242424242,64.6666666666667,33,62
900,24,62.2727272727273,66.2121212121212,33,64
1000,24,57.5151515151515,67.3636363636363,33,64
1100,24,54.6571428571429,70.7142857142857,35,66
1200,24,59.59375,71.375,32,64
1300,24,66.258064516129,72.5806451612903,31,62
1400,24,70.1612903225806,75.516129032258,31,62
1500,24,75.6363636363636,76.969696969697,33,64
1600,24,78.0588235294118,80.9411764705882,34,64
1700,24,82.0909090909091,83,33,64
1800,24,89.3333333333333,83.5757575757576,33,62
1900,24,94.9090909090909,81.6060606060606,33,64
2000,24,97.030303030303,77.969696969697,33,64
2100,24,102.78125,73.0625,32,64
2200,24,106.645161290323,69.8387096774194,31,64
2300,24,105.176470588235,63.1176470588235,34,66
2400,24,106.228571428571,57.9142857142857,35,64
2500,24,102.78125,54.6875,32,66
2600,24,102.870967741935,50.0322580645161,31,62
2700,24,102.612903225806,44.7096774193548,31,62
2800,24,100.787878787879,38.969696969697,33,64
2900,24,99.28125,33.9375,32,64
3000,24,98.6470588235294,29.6470588235294,34,64
3100,24,99.4848484848485,24.3939393939394,33,62
3200,24,100.727272727273,18.7878787878788,33,64
3300,24,103.181818181818,13.7272727272727,33,62
3400,24,105.2,7.91428571428571,35,64
3500,24,100.818181818182,2.75757575757576,33,64
3600,24,96.2258064516129,2.19354838709677,31,62
3700,24,91.7058823529412,2.20588235294118,34,64
3800,24,88.3,-0.799999999999997,30,62
3900,24,83.2333333333333,-1.56666666666668,30,62
4000,24,81.1515151515152,-6.39393939393942,33,64
4100,24,78.1212121212121,-12,33,64
4200,24,78.9393939393939,-18.060606060606,33,64
4300,24,77.375,-22.15625,32,64
4400,24,76.5151515151515,-27.3030303030303,33,64
4500,24,78.0571428571428,-32.2857142857143,35,64
4600,24,76.2258064516129,-37.1290322580645,31,64
4700,24,79.9354838709677,-38.741935483871,31,64
4800,24,84.7878787878788,-41.5151515151515,33,64
4900,24,89.741935483871,-36.7096774193548,31,62
5000,24,96.7333333333333,-34.8,30,62
5100,24,99.7428571428572,-35.1428571428571,35,66
5200,24,105.617647058824,-35.6176470588235,34,64
5300,24,104.636363636364,-30.969696969697,33,64
5400,24,100.161290322581,-33.9032258064516,31,62
5500,24,98.5142857142857,-38.2571428571429,35,66
5600,24,91.5151515151515,-42.8787878787879,33,64
5700,24,85.7741935483871,-46.9677419354839,31,62
5800,24,79.96875,-46.90625,32,62
5900,24,81.8125,-43.96875,32,64
6000,24,84.6764705882353,-45.3235294117647,34,64
6100,24,90.6451612903226,-49.741935483871,31,62
6200,24,93.9117647058823,-53.0294117647059,34,64
6300,24,97.4242424242424,-54.2424242424242,33,62
6400,24,96.6249999999999,-56.21875,32,64
6500,24,92.8484848484848,-56.4848484848485,33,62
6600,24,96,-59.2333333333333,30,62
6700,24,99.65625,-65.34375,32,62
6800,24,99.5,-71.2666666666667,30,60
6900,24,100.030303030303,-76.3939393939394,33,64
7000,24,97.2941176470588,-80.0588235294118,34,66
7100,24,93.258064516129,-85.2903225806452,31,62
7200,24,89.9354838709677,-89.1290322580645,31,64
7300,24,88.7741935483871,-91.5483870967742,31,62
7400,24,83.735294117647,-88.2058823529412,34,64
7500,24,81.15625,-84.59375,32,64
7600,24,76.8064516129032,-82.1612903225806,31,64
7700,24,75.6333333333333,-78.9,30,60
7800,24,77.96875,-73.09375,32,62
7900,24,81.7666666666667,-66.1333333333334,30,62
8000,24,84.3030303030303,-61.4545454545454,33,64
8100,24,85.28125,-56.53125,32,64
8200,24,88.7272727272727,-54.7272727272727,33,64
8300,24,92.7575757575758,-55.2727272727273,33,66
8400,24,95.34375,-52.3125,32,64
8500,24,93.09375,-47.375,32,66
8600,24,91.5454545454546,-42.4242424242424,33,66
8700,24,90.9375,-36.90625,32,62
8800,24,93.46875,-32.84375,32,62
8900,24,97.6060606060606,-30.4545454545455,33,64
9000,24,104.090909090909,-25.5454545454545,33,62
9100,24,106.833333333333,-27.9166666666666,36,66
9200,24,111.0625,-30.75,32,64
9300,24,115.451612903226,-32.4193548387097,31,62
9400,24,120.181818181818,-37.3939393939394,33,64
9500,24,122.909090909091,-41.6969696969697,33,62
9600,24,122.705882352941,-48.3529411764706,34,64
9700,24,125.176470588235,-53.5882352941176,34,64
9800,24,128.5625,-53.28125,32,62
9900,24,133.9375,-54.84375,32,62
10000,24,136.117647058824,-52.3823529411765,34,64
0,25,50.5,49.5,2,14
100,25,47.84375,46.25,32,66
200,25,42.8484848484849,45.6666666666667,33,64
300,25,45.9666666666667,46,30,62
400,25,49.4848484848485,46.0909090909091,33,66
500,25,55.4848484848485,46.8787878787879,33,64
600,25,56.5428571428572,43.9142857142857,35,64
700,25,55.6470588235294,39.7352941176471,34,64
800,25,54.6774193548387,36.258064516129,31,62
900,25,50.21875,35.875,32,62
1000,25,46.1666666666667,39.4722222222222,36,66
1100,25,43.6969696969697,46.2727272727273,33,66
1200,25,42.2758620689655,48.0344827586207,29,60
1300,25,39.5588235294118,43.7058823529412,34,66
1400,25,41.3548387096774,39.8709677419355,31,64
1500,25,45.6060606060606,35.7272727272727,33,64
1600,25,49.78125,36,32,62
1700,25,49.71875,40.625,32,62
1800,25,46.6333333333333,43.5666666666667,30,62
1900,25,39.7096774193548,45.4516129032258,31,62
2000,25,40.1935483870968,53.1612903225807,31,64
2100,25,39.7352941176471,59.4705882352941,34,64
2200,25,38.0344827586207,65.4827586206897,29,64
2300,25,41.8125,68.96875,32,66
2400,25,47.6285714285714,67.1142857142857,35,66
2500,25,44.4857142857143,64.0857142857143,35,66
2600,25,39.6666666666667,64.1,30,62
2700,25,39.030303030303,59.1818181818182,33,64
2800,25,40.59375,63.6875,32,62
2900,25,43.0909090909091,67.3030303030303,33,62
3000,25,44.2424242424242,71.1212121212121,33,64
3100,25,38.1818181818182,72.030303030303,33,62
3200,25,33.7352941176471,71.0882352941177,34,64
3300,25,27.4545454545455,69.1515151515152,33,66
3400,25,24.9705882352941,64.9705882352941,34,66
3500,25,28.6111111111111,58.75,36,66
3600,25,31.4375,52.90625,32,62
3700,25,34.9393939393939,50.2121212121212,33,64
3800,25,38.3529411764706,47.9117647058823,34,64
3900,25,40.5454545454545,43.6363636363636,33,66
4000,25,45.1142857142857,41.2285714285714,35,66
4100,25,44.8857142857143,35.1142857142857,35,64
4200,25,43.625,29.9375,32,64
4300,25,43.3235294117647,26.0882352941176,34,64
4400,25,42.8529411764706,19.6764705882353,34,68
4500,25,47.625,20.46875,32,64
4600,25,52.3529411764706,20.5588235294118,34,64
4700,25,55.3125,23.34375,32,62
4800,25,56.7428571428572,27.1142857142857,35,66
4900,25,58.2424242424242,31.030303030303,33,64
5000,25,54.2121212121212,32.9090909090909,33,62
5100,25,50.7,30,30,60
5200,25,47.3333333333333,27.6363636363636,33,64
5300,25,45.5,22.5882352941176,34,64
5400,25,42.75,17.5,32,62
5500,25,39.1515151515151,11.9090909090909,33,62
5600,25,40.0285714285714,7.82857142857143,35,64
5700,25,44.9375,4.78125,32,64
5800,25,46.3333333333333,-0.515151515151516,33,64
5900,25,47.0909090909091,-4.84848484848484,33,64
6000,25,52.0322580645161,-4.87096774193547,31,62
6100,25,57.4242424242424,-0.666666666666657,33,66
6200,25,57.2857142857143,4.22857142857143,35,66
6300,25,55.1142857142857,8.11428571428571,35,64
6400,25,50.8064516129032,6.70967741935483,31,64
6500,25,48.6060606060606,2.87878787878788,33,66
6600,25,45.4,-0.566666666666634,30,66
6700,25,40.2727272727273,-0.63636363636364,33,64
6800,25,40.8484848484849,3.3030303030303,33,64
6900,25,41.8064516129032,8.45161290322581,31,60
7000,25,41,15.4375,32,64
7100,25,39.5,21.9375,32,64
7200,25,38.5806451612903,28.8709677419355,31,62
7300,25,40.8064516129032,34.6451612903226,31,62
7400,25,40.8529411764706,39.9411764705882,34,66
7500,25,46.40625,42.125,32,62
7600,25,49.9677419354839,46.0322580645161,31,64
7700,25,54.9411764705882,46.8235294117647,34,64
7800,25,57.53125,43.96875,32,66
7900,25,65.3666666666666,45.8666666666667,30,62
8000,25,66.9375,51.21875,32,62
8100,25,69.8484848484849,51.3939393939394,33,64
8200,25,74.3125,53.875,32,64
8300,25,78.8484848484849,56.7575757575758,33,66
8400,25,84.90625,59.96875,32,62
8500,25,88,61.84375,32,62
8600,25,94.2727272727273,69.5757575757576,33,64
8700,25,96.90625,74.03125,32,62
8800,25,96.0909090909091,78.8181818181818,33,66
8900,25,91.1875,75.9375,32,64
9000,25,88.4375,71.40625,32,64
9100,25,88.516129032258,65.2258064516129,31,62
9200,25,88.8387096774194,59.5806451612903,31,62
9300,25,92.5294117647059,57.8823529411765,34,66
9400,25,96.6875,55.9375,32,64
9500,25,103.25,55.84375,32,64
9600,25,108.818181818182,54.7272727272727,33,62
9700,25,111.59375,49.96875,32,62
9800,25,113.033333333333,44,30,62
9900,25,109.78125,40.5,32,64
10000,25,112.21875,35.9375,32,64
0,26,49,51,3,20
100,26,47.7058823529412,54.0588235294118,34,66
200,26,42.6363636363636,58.3030303030303,33,68
300,26,41.0625,54.15625,32,62
400,26,37.2727272727273,49.7878787878788,33,64
500,26,32.71875,45.34375,32,62
600,26,28.6896551724138,40.3103448275862,29,62
700,26,31.09375,35.46875,32,66
800,26,33.25,36.9375,32,66
900,26,34.6896551724138,39.6206896551724,29,62
1000,26,41.2727272727273,42.6363636363636,33,62
1100,26,48.6129032258064,44.8709677419355,31,62
1200,26,51.9117647058824,42.264705882353,34,64
1300,26,51.7142857142857,37.4,35,64
1400,26,47.6451612903226,35.9032258064516,31,64
1500,26,43.3333333333333,33.7575757575758,33,62
1600,26,39.6571428571429,34.0571428571428,35,66
1700,26,34.5483870967742,33.4516129032258,31,62
1800,26,28.5588235294118,36.264705882353,34,64
1900,26,23.0882352941176,38.3235294117647,34,66
2000,26,19.7272727272727,36.7272727272727,33,64
2100,26,17.6944444444444,34.0277777777778,36,64
2200,26,12.969696969697,30.8787878787879,33,66
2300,26,14.71875,25.75,32,64
2400,26,16.9032258064516,20.9677419354839,31,62
2500,26,17.3823529411765,15.0588235294118,34,64
2600,26,14.4375,13.90625,32,62
2700,26,10.6875,18.40625,32,64
2800,26,5.93939393939394,23.0606060606061,33,64
2900,26,0.967741935483871,24.6129032258065,31,62
3000,26,-5.68571428571428,24.8285714285714,35,64
3100,26,-10.969696969697,25.8181818181818,33,62
3200,26,-16.9090909090909,28.6666666666667,33,66
3300,26,-19.4375,31.84375,32,64
3400,26,-17.0571428571429,37.5714285714286,35,64
3500,26,-12.9,42.2666666666667,30,64
3600,26,-9.74285714285716,48.5428571428571,35,64
3700,26,-6.1818181818182,50.4242424242424,33,64
3800,26,-2.9375,54.78125,32,64
3900,26,2.23529411764706,56.9117647058823,34,64
4000,26,7.61764705882352,57.1176470588235,34,64
4100,26,12.125,54.5625,32,64
4200,26,12.8064516129032,49.3870967741936,31,62
4300,26,19.40625,49.8125,32,64
4400,26,20.8787878787879,47.9090909090909,33,64
4500,26,15.8,48,30,62
4600,26,12.84375,51.875,32,64
4700,26,7.3235294117647,53.8235294117647,34,64
4800,26,3.06451612903226,49.1935483870968,31,62
4900,26,1.53125,51.5625,32,64
5000,26,-0.129032258064527,54.6129032258065,31,64
5100,26,-5.66666666666669,56.2424242424242,33,62
5200,26,-7.1875,60.1875,32,62
5300,26,-3.45161290322584,64.8709677419355,31,62
5400,26,-2.34285714285714,72.5142857142857,35,66
5500,26,2.45714285714286,73.4285714285714,35,64
5600,26,8.7741935483871,72.9677419354839,31,62
5700,26,12.4838709677419,70.4516129032258,31,64
5800,26,16.8787878787879,65.2121212121212,33,64
5900,26,18.7647058823529,58.8235294117647,34,64
6000,26,20.5454545454545,58.9090909090909,33,62
6100,26,15.65625,62.1875,32,66
6200,26,10.71875,65.15625,32,62
6300,26,10.6969696969697,63.3939393939394,33,66
6400,26,9.27272727272727,60.2727272727273,33,64
6500,26,4.66666666666667,60.9666666666667,30,62
6600,26,1.59999999999999,67.7,30,64
6700,26,-0.676470588235276,72,34,66
6800,26,-4.82857142857144,73.9714285714286,35,64
6900,26,-8.1818181818182,69.6666666666667,33,66
7000,26,-11.125,67.09375,32,62
7100,26,-16.4411764705882,68.7941176470588,34,64
7200,26,-16.65625,63.90625,32,64
7300,26,-14.7058823529412,64,34,66
7400,26,-10.9090909090909,61.1212121212121,33,64
7500,26,-11.5,55.8125,32,64
7600,26,-7.59375,52.875,32,64
7700,26,-4.85294117647059,48.2058823529412,34,66
7800,26,1.53125,45.375,32,64
7900,26,4.06666666666666,43.4333333333333,30,62
8000,26,4.72727272727273,39.7575757575758,33,66
8100,26,1.91176470588235,33.4117647058823,34,64
8200,26,-0.400000000000006,33.8571428571428,35,66
8300,26,4.15151515151516,34.0606060606061,33,64
8400,26,10.8484848484848,35.969696969697,33,64
8500,26,14.0909090909091,36.2121212121212,33,62
8600,26,17.1142857142857,37.0571428571429,35,68
8700,26,21.5757575757576,37.9090909090909,33,64
8800,26,25.9090909090909,41.2121212121212,33,64
8900,26,28.3333333333333,36.3636363636364,33,64
9000,26,25.8709677419355,30.4838709677419,31,62
9100,26,20.0333333333333,30.0333333333333,30,64
9200,26,14.4411764705882,27.6470588235294,34,64
9300,26,10.5,26.0625,32,64
9400,26,5.6774193548387,25.4516129032258,31,64
9500,26,-1.15625,25.3125,32,64
9600,26,-7,25.8285714285714,35,64
9700,26,-11.1875,25.09375,32,64
9800,26,-16.5294117647059,22.9411764705882,34,64
9900,26,-20.5625,25.3125,32,62
10000,26,-23.1470588235294,30.7352941176471,34,64
0,27,50,50,1,8
100,27,48.46875,46.78125,32,64
200,27,52.6363636363636,43.3636363636364,33,64
300,27,55.90625,42.6875,32,64
400,27,57.3939393939394,44.6969696969697,33,64
500,27,57.5,49.28125,32,62
600,27,58.6875,55.4375,32,64
700,27,64.1470588235294,53.9411764705882,34,66
800,27,70.0833333333333,53.0277777777778,36,64
900,27,75.6,49.0285714285714,35,64
1000,27,80.8181818181818,53.6363636363636,33,64
1100,27,80.7666666666667,57.5333333333333,30,64
1200,27,77.5757575757576,61.5454545454546,33,64
1300,27,73.8125,65.4375,32,64
1400,27,72.34375,70.40625,32,64
1500,27,72.0857142857143,74.1714285714286,35,66
1600,27,77.3823529411765,79.6764705882353,34,64
1700,27,79.8666666666667,82.7,30,60
1800,27,75,83.7096774193548,31,64
1900,27,71.6969696969697,82.6060606060606,33,66
2000,27,72.9677419354839,80.4838709677419,31,62
2100,27,77.9375,78.0625,32,64
2200,27,83.1290322580645,74.6129032258064,31,62
2300,27,87.1612903225807,71.0967741935484,31,62
2400,27,91.8125,73.21875,32,64
2500,27,88.40625,80.625,32,64
2600,27,84.4193548387097,83.7741935483871,31,62
2700,27,81.060606060606,87.4242424242424,33,66
2800,27,82.2727272727273,92.030303030303,33,64
2900,27,83.7142857142857,97.0571428571429,35,64
3000,27,86.6060606060606,104.121212121212,33,64
3100,27,88.6875,110.0625,32,62
3200,27,92.6470588235294,113.617647058824,34,66
3300,27,93.7575757575758,117.575757575758,33,64
3400,27,89.2571428571429,118.542857142857,35,64
3500,27,85.9117647058823,117,34,64
3600,27,87.6857142857143,113.142857142857,35,66
3700,27,86.7575757575758,110.848484848485,33,66
3800,27,84.8484848484848,107.636363636364,33,66
3900,27,81.2121212121212,102.151515151515,33,64
4000,27,81.6666666666667,98.6363636363636,33,64
4100,27,86.030303030303,100.545454545455,33,64
4200,27,89.2903225806452,102.967741935484,31,64
4300,27,89.7575757575758,106.363636363636,33,64
4400,27,92.15625,110.90625,32,64
4500,27,97.0967741935484,111.935483870968,31,62
4600,27,102.060606060606,112.575757575758,33,62
4700,27,103.176470588235,116,34,64
4800,27,103.757575757576,121.484848484848,33,64
4900,27,101.794117647059,126.029411764706,34,68
5000,27,96.6666666666667,132.575757575758,33,66
5100,27,92.1666666666667,134.333333333333,36,66
5200,27,89.030303030303,134.454545454545,33,64
5300,27,85.8787878787879,131.575757575758,33,64
5400,27,86.0588235294118,127.617647058824,34,64
5500,27,86.3,122.833333333333,30,62
5600,27,89.1333333333334,124.166666666667,30,62
5700,27,93.8484848484849,124.090909090909,33,64
5800,27,97.3636363636364,128,33,66
5900,27,99.0294117647059,124.558823529412,34,66
6000,27,100.58064516129,119.58064516129,31,62
6100,27,100.90625,113.59375,32,64
6200,27,96.4545454545454,113.545454545455,33,66
6300,27,93.0967741935484,112.290322580645,31,64
6400,27,89.4242424242424,108.060606060606,33,64
6500,27,88.28125,102.65625,32,62
6600,27,90.6969696969697,99.5151515151515,33,64
6700,27,95.0645161290323,95.6451612903226,31,64
6800,27,96.1212121212121,89.7575757575758,33,64
6900,27,95.3235294117647,83.3235294117647,34,64
7000,27,96.0606060606061,77.9090909090909,33,64
7100,27,101.30303030303,73.7272727272727,33,64
7200,27,107.848484848485,70.3030303030303,33,64
7300,27,113.424242424242,68.5454545454546,33,66
7400,27,117.30303030303,68.0606060606061,33,64
7500,27,124.272727272727,71,33,66
7600,27,126.6,74,35,66
7700,27,130.909090909091,74.2424242424242,33,62
7800,27,134.90625,73.9375,32,64
7900,27,139.823529411765,72.4117647058823,34,66
8000,27,143.181818181818,68.2121212121212,33,66
8100,27,139.138888888889,69.6111111111111,36,64
8200,27,139.257142857143,73.5428571428571,35,64
8300,27,136.363636363636,72.6969696969697,33,64
8400,27,142.58064516129,68.1935483870968,31,62
8500,27,146.878787878788,68.1212121212121,33,64
8600,27,149.515151515152,73.0606060606061,33,66
8700,27,148.625,77.40625,32,64
8800,27,144.757575757576,84.2424242424242,33,64
8900,27,139.34375,85.09375,32,62
9000,27,134.090909090909,85.2121212121212,33,62
9100,27,135.40625,81.84375,32,64
9200,27,134.741935483871,78.258064516129,31,64
9300,27,134.617647058824,73.1764705882353,34,64
9400,27,135.176470588235,67.5,34,64
9500,27,136.645161290323,62.8387096774194,31,62
9600,27,134.375,58.625,32,62
9700,27,134.606060606061,56.1818181818182,33,64
9800,27,140.787878787879,54.3939393939394,33,64
9900,27,145.914285714286,57.4571428571429,35,66
10000,27,150.967741935484,55.8387096774194,31,64
0,28,50,49.25,4,24
100,28,53.969696969697,49.9090909090909,33,64
200,28,59.969696969697,51.4242424242424,33,66
300,28,62.65625,56.875,32,64
400,28,60.4545454545455,62.9090909090909,33,62
500,28,57.939393939394,67.1818181818182,33,64
600,28,52,66.4666666666667,30,62
700,28,47,66.6764705882353,34,64
800,28,42,68.0322580645161,31,64
900,28,38.969696969697,67.030303030303,33,66
1000,28,37.3030303030303,63.6363636363636,33,66
1100,28,34.3428571428571,63.1428571428571,35,66
1200,28,27.3636363636364,65.0909090909091,33,64
1300,28,21.8,69.5,30,62
1400,28,19.7878787878788,72.4545454545455,33,62
1500,28,16.6,77.1142857142857,35,66
1600,28,18.0625,83.84375,32,62
1700,28,22.6571428571429,85.9428571428571,35,64
1800,28,26.4411764705882,84.8529411764706,34,64
1900,28,30.6666666666667,83.2424242424242,33,66
2000,28,34.258064516129,80.6451612903226,31,66
2100,28,35.9032258064516,74.6129032258065,31,62
2200,28,30.6875,71.375,32,64
2300,28,24.3030303030303,69.6969696969697,33,66
2400,28,23.0882352941176,75,34,66
2500,28,22.7272727272727,80.3939393939394,33,64
2600,28,14.8181818181818,79.3636363636364,33,64
2700,28,7.72727272727273,76.5454545454546,33,64
2800,28,2.2258064516129,75.0322580645161,31,64
2900,28,-3.5,75.5,34,64
3000,28,-8.53125,77.5625,32,64
3100,28,-12.0909090909091,82.2121212121212,33,64
3200,28,-16.6363636363636,86.6363636363636,33,64
3300,28,-20.1515151515151,86.2121212121212,33,64
3400,28,-24.5,83.1875,32,62
3500,28,-24.6363636363636,77.8181818181818,33,64
3600,28,-29.375,74.625,32,64
3700,28,-34.15625,71.8125,32,66
3800,28,-37.9333333333333,67.1666666666667,30,62
3900,28,-41.4242424242424,62.060606060606,33,62
4000,28,-44.9375,60.53125,32,64
4100,28,-47.4193548387097,56.4516129032258,31,60
4200,28,-49.4375,53.53125,32,66
4300,28,-54.1290322580645,53.5161290322581,31,62
4400,28,-58.3125,54.9375,32,64
4500,28,-62.7575757575758,54.3636363636364,33,64
4600,28,-67.8181818181818,57.969696969697,33,64
4700,28,-64.551724137931,62.3793103448276,29,66
4800,28,-65.4516129032258,66.5806451612903,31,62
4900,28,-64.5806451612903,71.5161290322581,31,62
5000,28,-65.030303030303,77.3939393939393,33,64
5100,28,-66.8709677419355,84,31,64
5200,28,-66.40625,88.5,32,64
5300,28,-61.46875,91.25,32,62
5400,28,-57.75,87.1875,32,62
5500,28,-55.7714285714286,84.9142857142857,35,64
5600,28,-51.2333333333333,89.2666666666667,30,60
5700,28,-53.8181818181818,90.7878787878788,33,64
5800,28,-53.7647058823529,87.0588235294118,34,64
5900,28,-57.8484848484848,84.6666666666667,33,64
6000,28,-63.6451612903226,82.7741935483871,31,64
6100,28,-63.4285714285714,80.2285714285714,35,64
6200,28,-59.2666666666667,76.2666666666667,30,62
6300,28,-57.969696969697,71.8181818181818,33,64
6400,28,-58.3714285714286,66.6571428571429,35,66
6500,28,-60.3103448275862,62.7586206896552,29,64
6600,28,-60.1142857142857,59.8857142857143,35,64
6700,28,-58.8235294117647,53.9117647058823,34,64
6800,28,-55.8235294117647,49,34,66
6900,28,-50.9714285714286,48.6,35,64
7000,28,-46.0588235294118,46.1176470588235,34,64
7100,28,-39.6875,42.03125,32,62
7200,28,-37.0625,38.3125,32,64
7300,28,-31.25,39.65625,32,64
7400,28,-27.4242424242424,38.1515151515151,33,64
7500,28,-24.6470588235294,32.1176470588235,34,64
7600,28,-22.2571428571429,25.8857142857143,35,64
7700,28,-23.96875,21.96875,32,64
7800,28,-18.6470588235294,25.0588235294118,34,66
7900,28,-14.8125,22.28125,32,62
8000,28,-10.9428571428572,21.3428571428571,35,64
8100,28,-9.61764705882352,17.3529411764706,34,66
8200,28,-9.1764705882353,12.5588235294118,34,64
8300,28,-11.40625,6.46875,32,64
8400,28,-6.375,4.09375,32,66
8500,28,-3.33333333333331,5.75,36,66
8600,28,0.67647058823529,12.4117647058824,34,64
8700,28,0.1875,16.75,32,62
8800,28,-1.06666666666666,21,30,64
8900,28,-4.24242424242424,26.030303030303,33,64
9000,28,-6.8181818181818,30.5757575757576,33,64
9100,28,-9.37142857142857,28.8,35,66
9200,28,-10.0909090909091,24.4545454545455,33,62
9300,28,-7.29411764705884,19.6176470588235,34,64
9400,28,-9.8857142857143,15.2571428571429,35,64
9500,28,-11.9333333333333,14.7333333333333,30,62
9600,28,-13.9142857142857,11.9428571428571,35,66
9700,28,-17.8125,9.1875,32,62
9800,28,-22.125,4.46875,32,64
9900,28,-24.1875,-0.15625,32,62
10000,28,-32.25,-3.5,32,62
0,29,49,49.3333333333333,3,20
100,29,50.4375,47.90625,32,62
200,29,47.1935483870968,52.9032258064516,31,62
300,29,53.3939393939394,52.7575757575758,33,64
400,29,55.6451612903226,55.4838709677419,31,64
500,29,54.8333333333333,56.3333333333333,36,66
600,29,49.6363636363636,52.2727272727273,33,62
700,29,46.6875,48.40625,32,62
800,29,45.5757575757576,41.5757575757576,33,64
900,29,48.2333333333333,35.1666666666667,30,64
1000,29,53.4411764705882,33.4117647058824,34,66
1100,29,54.741935483871,27.4193548387097,31,62
1200,29,56.1935483870968,22.2258064516129,31,62
1300,29,51.90625,19.96875,32,62
1400,29,47.1515151515151,17.030303030303,33,64
1500,29,42.5,13.8666666666667,30,64
1600,29,37,14.2,30,62
1700,29,34.15625,8.53125,32,62
1800,29,30.96875,3.6875,32,64
1900,29,27.1470588235294,-0.323529411764724,34,64
2000,29,22.6857142857143,3.42857142857143,35,66
2100,29,24.7575757575758,8.48484848484848,33,64
2200,29,30.2121212121212,8.36363636363636,33,64
2300,29,34.4,9.36666666666667,30,62
2400,29,40.6,8,35,64
2500,29,43.40625,8.90625,32,62
2600,29,41.9375,3.75,32,64
2700,29,41.7714285714286,-3.37142857142857,35,66
2800,29,41.7741935483871,-7.48387096774194,31,62
2900,29,39.6875,-13.375,32,62
3000,29,42.75,-17.65625,32,64
3100,29,47.9666666666667,-15.9666666666667,30,62
3200,29,51.15625,-11.625,32,60
3300,29,56.8125,-9.5,32,64
3400,29,60.9375,-10.46875,32,64
3500,29,65.5882352941177,-9.35294117647057,34,64
3600,29,70.0294117647059,-11.2647058823529,34,66
3700,29,74.9666666666666,-13.4,30,62
3800,29,77.625,-14.375,32,62
3900,29,76.2058823529412,-19.3823529411764,34,66
4000,29,78.5142857142857,-24.8571428571428,35,66
4100,29,77.3225806451613,-30.9032258064516,31,66
4200,29,72.9090909090909,-31.9090909090909,33,64
4300,29,70.8484848484848,-30.1515151515152,33,62
4400,29,65.6969696969697,-31.2424242424242,33,66
4500,29,60.5333333333333,-30.6,30,64
4600,29,57.6060606060606,-26.5151515151515,33,64
4700,29,53.78125,-27.4375,32,66
4800,29,49.5,-34.2941176470588,34,62
4900,29,43.6060606060606,-35.6666666666667,33,64
5000,29,39.258064516129,-34.6774193548387,31,62
5100,29,30.7352941176471,-36.2058823529412,34,66
5200,29,29.4545454545455,-39.3030303030303,33,64
5300,29,32.9375,-41.96875,32,64
5400,29,32.3333333333333,-38,33,64
5500,29,32.7096774193548,-30.3870967741936,31,64
5600,29,33.90625,-25.25,32,62
5700,29,39.6969696969697,-23.9090909090909,33,62
5800,29,43.40625,-24.5,32,64
5900,29,46.7878787878788,-22.7878787878788,33,66
6000,29,50.8620689655172,-24.7241379310345,29,62
6100,29,57.0967741935484,-21.5483870967742,31,60
6200,29,61.3666666666667,-21.8,30,62
6300,29,65.5625,-21.0625,32,62
6400,29,70.5714285714286,-20.7714285714286,35,64
6500,29,73.46875,-21.1875,32,62
6600,29,78.8857142857143,-22.2571428571429,35,64
6700,29,78.1818181818182,-17.7575757575758,33,64
6800,29,74.9354838709677,-21.4193548387097,31,64
6900,29,78.6363636363637,-23.0909090909091,33,64
7000,29,76.764705882353,-30.0588235294118,34,64
7100,29,71.0294117647059,-31.1176470588235,34,66
7200,29,64.8529411764706,-29.5588235294118,34,64
7300,29,58.8108108108108,-27.5945945945946,37,68
7400,29,62.7096774193548,-31.3225806451613,31,64
7500,29,67.8125,-37.3125,32,66
7600,29,70.7272727272727,-42.5151515151515,33,64
7700,29,73.1714285714286,-40.4285714285714,35,66
7800,29,77.3030303030303,-38.4848484848485,33,64
7900,29,80.6470588235294,-33.3235294117647,34,64
8000,29,80.7428571428571,-28.4571428571429,35,66
8100,29,82.6666666666667,-21.8181818181818,33,64
8200,29,82.5666666666666,-16.8,30,60
8300,29,79.5151515151515,-13.1515151515152,33,62
8400,29,78.2121212121212,-8.24242424242424,33,64
8500,29,72.5,-5.35294117647059,34,64
8600,29,66.78125,-6.21875,32,64
8700,29,64.7741935483871,-10.6774193548387,31,62
8800,29,61.3636363636364,-16.3939393939394,33,64
8900,29,61.5757575757576,-19.6969696969697,33,66
9000,29,66.9117647058823,-20.6764705882353,34,64
9100,29,70.8181818181818,-25.8484848484848,33,64
9200,29,73.9090909090909,-29.3636363636364,33,64
9300,29,73.1818181818182,-33.3030303030303,33,66
9400,29,69.7096774193548,-35.258064516129,31,62
9500,29,64.0571428571428,-37,35,64
9600,29,59.3225806451613,-36.5483870967742,31,62
9700,29,57.9375,-40.9375,32,64
9800,29,59.5714285714286,-45.6,35,66
9900,29,55.7575757575758,-49.2727272727273,33,66
10000,29,53,-54.2647058823529,34,62
0,30,50,50,1,8
100,30,49.3548387096774,49.741935483871,31,62
200,30,45.90625,54.03125,32,64
300,30,42.3030303030303,58.2727272727273,33,64
400,30,36.84375,62.28125,32,64
500,30,34.71875,58,32,66
600,30,37.764705882353,53.0294117647059,34,68
700,30,40.2647058823529,54.1764705882353,34,64
800,30,44.78125,56.09375,32,64
900,30,48.2571428571429,57.5142857142857,35,66
1000,30,55.71875,56.03125,32,62
1100,30,61.7575757575758,55.3636363636364,33,64
1200,30,64.6176470588235,59.8529411764706,34,66
1300,30,69.6470588235294,62.764705882353,34,66
1400,30,74.71875,65.34375,32,62
1500,30,73.7878787878788,69.2121212121212,33,66
1600,30,68.4848484848485,66.3939393939394,33,66
1700,30,62.1515151515151,71.3333333333333,33,66
1800,30,57.1212121212121,73.2727272727273,33,66
1900,30,56.5757575757576,76.6363636363637,33,66
2000,30,61.2258064516129,80.5806451612903,31,64
2100,30,67.9117647058823,80.9705882352941,34,64
2200,30,72.2424242424242,80.6666666666667,33,62
2300,30,78.1290322580645,83.0322580645162,31,66
2400,30,81.5333333333333,85.5333333333333,30,62
2500,30,87.7272727272727,86.5757575757576,33,64
2600,30,93.1875,87.25,32,62
2700,30,96.1764705882353,87.7058823529412,34,64
2800,30,102.194444444444,88,36,66
2900,30,107,92.8235294117647,34,64
3000,30,113.705882352941,92.6470588235294,34,64
3100,30,115.774193548387,89.3870967741936,31,62
3200,30,113,88.5,34,66
3300,30,107.375,88.40625,32,62
3400,30,105.151515151515,84.5151515151515,33,62
3500,30,102.352941176471,82.6764705882353,34,66
3600,30,97.15625,79.1875,32,62
3700,30,90.9090909090909,82.6363636363636,33,64
3800,30,87.0882352941176,82.8529411764706,34,64
3900,30,84.25,81.25,32,62
4000,30,78.5,83.7647058823529,34,66
4100,30,75.741935483871,80.9032258064516,31,62
4200,30,74.3529411764706,76.6470588235294,34,66
4300,30,68.1612903225807,81.1612903225807,31,62
4400,30,61,83.03125,32,64
4500,30,58,85.7272727272727,33,64
4600,30,56.7878787878788,81.1818181818182,33,64
4700,30,52.2058823529412,79.8823529411765,34,66
4800,30,51.4375,75.90625,32,62
4900,30,49.03125,69.09375,32,64
5000,30,45.483870967742,65.1612903225806,31,62
5100,30,41.3125,60.0625,32,62
5200,30,39.3142857142857,53.2857142857143,35,66
5300,30,42.6060606060606,50.030303030303,33,64
5400,30,43.9333333333333,47.2,30,62
5500,30,46.3333333333333,41.6666666666667,33,66
5600,30,43.4117647058823,37.0882352941176,34,64
5700,30,38.34375,32.78125,32,62
5800,30,38.9666666666667,26.4,30,64
5900,30,40.0606060606061,21.5757575757576,33,62
6000,30,42.0909090909091,16.1515151515152,33,64
6100,30,46.969696969697,16.8181818181818,33,64
6200,30,48.2333333333333,22.3666666666667,30,60
6300,30,46.5483870967742,27.0645161290323,31,62
6400,30,41.5806451612903,32.0322580645161,31,62
6500,30,35.3333333333333,34.7575757575758,33,62
6600,30,31.7352941176471,37,34,62
6700,30,25.3142857142857,41.5428571428571,35,66
6800,30,20.0882352941177,39.7058823529412,34,66
6900,30,14.5,38.5,34,64
7000,30,14.1142857142857,45.5714285714286,35,68
7100,30,13.9,50.8,30,62
7200,30,12.0666666666667,54.7333333333333,30,62
7300,30,7.16129032258064,58.8709677419355,31,62
7400,30,3.1875,60.75,32,64
7500,30,-2.42424242424244,63.7575757575758,33,62
7600,30,-3.35294117647061,68.5294117647059,34,64
7700,30,-2.76470588235293,75.9411764705882,34,64
7800,30,-7.21875,75.59375,32,64
7900,30,-9.58064516129031,72.1935483870968,31,62
8000,30,-13.3548387096774,68.3225806451613,31,64
8100,30,-18.1290322580645,64.2903225806452,31,62
8200,30,-22.21875,61.625,32,64
8300,30,-28.6764705882353,61.6176470588235,34,64
8400,30,-32.78125,57.0625,32,64
8500,30,-30.2121212121212,50.1818181818182,33,64
8600,30,-27.8529411764706,49.3235294117647,34,64
8700,30,-25,55.8235294117647,34,64
8800,30,-23.28125,57.8125,32,64
8900,30,-25.8823529411765,61,34,64
9000,30,-26.2941176470588,64.7352941176471,34,66
9100,30,-21.3225806451613,64.7096774193548,31,62
9200,30,-17.5882352941177,60.3529411764706,34,64
9300,30,-14.5588235294118,56.9117647058823,34,64
9400,30,-12.5588235294118,50.9411764705882,34,66
9500,30,-8.86206896551721,46.8620689655172,29,62
9600,30,-4.71875,47.3125,32,62
9700,30,-1.12903225806451,51.4838709677419,31,66
9800,30,4.28125,48.28125,32,62
9900,30,9.22857142857143,46,35,64
10000,30,10.0625,52.25,32,66
0,31,50,50,1,8
100,31,49.0344827586207,46.3793103448276,29,62
200,31,44.0882352941177,45.4117647058823,34,64
300,31,39.0285714285714,47.3428571428571,35,66
400,31,38.4411764705882,49.235294117647,34,66
500,31,34.3125,54.53125,32,64
600,31,33.5625,59.6875,32,64
700,31,38.0666666666667,61.1666666666667,30,64
800,31,40.2571428571429,57.2285714285714,35,64
900,31,38.21875,52.78125,32,62
1000,31,39.84375,49.125,32,62
1100,31,44.6969696969697,49.0909090909091,33,62
1200,31,46.90625,54.0625,32,64
1300,31,46.28125,59.5625,32,62
1400,31,45.3125,63.96875,32,62
1500,31,43.5625,68.875,32,64
1600,31,47.625,70.375,32,62
1700,31,49.9032258064516,71.3225806451613,31,64
1800,31,45.7741935483871,75.1935483870968,31,66
1900,31,50.5,75.71875,32,62
2000,31,54.3125,75.375,32,64
2100,31,53.4117647058823,70.6176470588235,34,66
2200,31,55.9677419354839,66.3870967741936,31,62
2300,31,59.3333333333333,60.6060606060606,33,64
2400,31,62.3529411764706,59.2647058823529,34,66
2500,31,66.3939393939394,58,33,64
2600,31,73.15625,62.1875,32,62
2700,31,78.09375,62.1875,32,64
2800,31,81.71875,60.84375,32,62
2900,31,83.3823529411765,57.4705882352941,34,66
3000,31,87.9117647058823,54,34,64
3100,31,92.5,49.9117647058823,34,66
3200,31,97.90625,46.3125,32,62
3300,31,100.838709677419,40.8387096774194,31,62
3400,31,99.375,37.40625,32,62
3500,31,96.5142857142857,35,35,66
3600,31,91.7941176470588,30.2647058823529,34,66
3700,31,84.1764705882353,28.1470588235294,34,64
3800,31,80.741935483871,31.8387096774194,31,64
3900,31,77.4242424242424,36.3636363636364,33,64
4000,31,76.0645161290323,43.0322580645161,31,62
4100,31,80.2058823529412,47.5588235294118,34,64
4200,31,82.6666666666667,49.0606060606061,33,64
4300,31,87.75,49.84375,32,64
4400,31,89.7575757575758,44.6666666666667,33,62
4500,31,84.6060606060606,42.6363636363636,33,64
4600,31,79.40625,40.625,32,64
4700,31,79.7575757575758,34.2121212121212,33,64
4800,31,83.0294117647059,30.1176470588235,34,66
4900,31,80.5151515151515,25.6666666666667,33,64
5000,31,75.7,22.9666666666667,30,62
5100,31,70.84375,19,32,62
5200,31,67.21875,14.5625,32,64
5300,31,66.09375,8.625,32,64
5400,31,65.6363636363637,5.75757575757576,33,68
5500,31,61.8235294117647,4.26470588235294,34,66
5600,31,58,2,31,64
5700,31,54.625,-2.8125,32,64
5800,31,50.8965517241379,-6.9655172413793,29,60
5900,31,45.9393939393939,-8.51515151515152,33,66
6000,31,42.7142857142857,-12.1714285714286,35,68
6100,31,39.3666666666667,-14.6,30,62
6200,31,37.4375,-9.375,32,64
6300,31,35.5161290322581,-4.1290322580645,31,62
6400,31,34.5,-0.29411764705884,34,62
6500,31,31.7575757575758,4.87878787878788,33,66
6600,31,31.735294117647,11.7058823529412,34,64
6700,31,27.2432432432433,12.8108108108108,37,66
6800,31,23.2058823529412,11.4411764705882,34,66
6900,31,19.0588235294118,8.76470588235294,34,64
7000,31,21.4285714285714,5.08571428571429,35,66
7100,31,27.6666666666667,2.90909090909091,33,66
7200,31,32.78125,1.625,32,62
7300,31,38.3030303030303,2.06060606060606,33,66
7400,31,38.7096774193548,4.64516129032258,31,62
7500,31,39.1515151515152,9.33333333333333,33,64
7600,31,43.5,10.3235294117647,34,66
7700,31,47.6451612903226,13.4193548387097,31,64
7800,31,52.6451612903226,13.6129032258064,31,62
7900,31,57.3235294117647,17.0882352941177,34,64
8000,31,61.5,21.6764705882353,34,66
8100,31,66.0882352941176,24.5882352941177,34,64
8200,31,66.7575757575758,30.3939393939394,33,64
8300,31,64.28125,31.8125,32,66
8400,31,68,35.1875,32,64
8500,31,69.7941176470588,39.5,34,66
8600,31,72.0294117647059,41.9117647058824,34,64
8700,31,69.0322580645161,42.8387096774194,31,64
8800,31,64.8387096774193,39,31,62
8900,31,59.8181818181818,35.1515151515151,33,64
9000,31,55.65625,34.84375,32,64
9100,31,52.1935483870968,34.741935483871,31,62
9200,31,47.5666666666667,31.4333333333333,30,62
9300,31,43.6764705882353,27.6176470588235,34,66
9400,31,48.8285714285714,22.0571428571429,35,66
9500,31,50.7647058823529,24.6764705882353,34,64
9600,31,49.1612903225806,29.8387096774194,31,62
9700,31,50.28125,35.90625,32,64
9800,31,48.3235294117647,39.0882352941177,34,66
9900,31,52.7941176470588,44.5,34,64
10000,31,56.3125,46.71875,32,66
0,32,50.3333333333333,50,3,20
100,32,52.1176470588235,48.5,34,64
200,32,57.3225806451613,52.3870967741936,31,62
300,32,58.0909090909091,58.6666666666667,33,64
400,32,55.21875,62.4375,32,62
500,32,51,66.25,32,66
600,32,45.5428571428571,68.7428571428572,35,64
700,32,43.2903225806452,70.8064516129032,31,60
800,32,42.2258064516129,74.9354838709677,31,62
900,32,41.4545454545455,80.6666666666667,33,66
1000,32,38.0909090909091,85.2424242424242,33,62
1100,32,39.6764705882353,88.3235294117647,34,66
1200,32,44.375,86.8125,32,64
1300,32,49.5882352941176,81.8823529411765,34,66
1400,32,49.1714285714286,77.7142857142857,35,64
1500,32,49.28125,73.1875,32,62
1600,32,43.15625,69.96875,32,64
1700,32,41.3225806451613,65.4516129032258,31,62
1800,32,39.25,62.8125,32,64
1900,32,33.0285714285714,64.1142857142857,35,66
2000,32,28.59375,60,32,62
2100,32,25.5333333333333,57.5,30,62
2200,32,20.7058823529412,54.3529411764706,34,64
2300,32,13.9705882352941,56.5882352941177,34,66
2400,32,8.96875,59.25,32,62
2500,32,4.34285714285714,57.3714285714286,35,66
2600,32,-1.40000000000001,55.9428571428571,35,66
2700,32,-5.97222222222224,52.0833333333333,36,64
2800,32,-8.87878787878788,55.7575757575758,33,64
2900,32,-12.46875,54.8125,32,64
3000,32,-16.8387096774194,51.4193548387097,31,66
3100,32,-18.5625,46.65625,32,62
3200,32,-20.6774193548387,43.4838709677419,31,64
3300,32,-24.969696969697,38.8787878787879,33,68
3400,32,-21.5,35,34,62
3500,32,-17.4375,29.65625,32,64
3600,32,-11.7,32.2333333333333,30,64
3700,32,-8.0294117647059,31.9705882352941,34,64
3800,32,-5.2258064516129,27.3870967741935,31,64
3900,32,1.19354838709677,23.9032258064516,31,62
4000,32,4.66666666666667,27.0909090909091,33,64
4100,32,7.73529411764706,34.264705882353,34,66
4200,32,7.66666666666667,37.8484848484849,33,66
4300,32,14.1515151515152,39.969696969697,33,66
4400,32,18.1764705882353,44.8235294117647,34,64
4500,32,22.7352941176471,49.5588235294118,34,66
4600,32,20.5757575757576,53.0606060606061,33,64
4700,32,17.4242424242424,56.0909090909091,33,64
4800,32,14.8857142857143,52.7428571428571,35,64
4900,32,9.35483870967742,50.258064516129,31,60
5000,32,3.82352941176471,50.8823529411765,34,66
5100,32,1.96666666666667,52.3,30,62
5200,32,3.06060606060606,58.5757575757576,33,64
5300,32,4.61290322580645,64.3548387096774,31,64
5400,32,9.88888888888889,69.1388888888889,36,66
5500,32,11.6764705882353,74.7352941176471,34,64
5600,32,8.96875,75.71875,32,62
5700,32,4.76470588235294,73.4705882352941,34,68
5800,32,1.71875,68.84375,32,62
5900,32,1.02941176470588,63.3235294117647,34,66
6000,32,-3.58823529411768,59.4411764705882,34,64
6100,32,-7.23333333333332,54.9333333333334,30,62
6200,32,-10.90625,51.71875,32,62
6300,32,-16.96875,49.34375,32,62
6400,32,-17.90625,44.03125,32,66
6500,32,-17,38,35,64
6600,32,-16.7333333333333,32.4,30,62
6700,32,-21.6774193548387,28.8709677419355,31,62
6800,32,-20.21875,22.40625,32,64
6900,32,-22.3125,17.625,32,62
7000,32,-25.8181818181818,20.6060606060606,33,64
7100,32,-22.09375,20.15625,32,64
7200,32,-16.5,16.5,32,60
7300,32,-11.1818181818182,18.5454545454545,33,64
7400,32,-11.7575757575758,22.6969696969697,33,62
7500,32,-14.5806451612903,23.5483870967742,31,62
7600,32,-17.65625,18.53125,32,62
7700,32,-20.264705882353,16.5588235294118,34,66
7800,32,-20.1612903225807,11.9354838709677,31,66
7900,32,-19,9.6060606060606,33,66
8000,32,-15.969696969697,11.9393939393939,33,64
8100,32,-11.8285714285714,17.0571428571429,35,66
8200,32,-12.0645161290323,22.6451612903226,31,60
8300,32,-12.030303030303,28.8787878787879,33,64
8400,32,-14.84375,32.59375,32,64
8500,32,-17.3333333333333,30.8181818181818,33,64
8600,32,-21.71875,28.09375,32,62
8700,32,-27,28.5,32,62
8800,32,-24.6470588235294,33.4117647058824,34,64
8900,32,-21.0571428571429,33.9428571428572,35,64
9000,32,-17.09375,30.59375,32,64
9100,32,-19.9166666666667,27.0277777777778,36,64
9200,32,-27.3448275862069,26.4137931034483,29,62
9300,32,-33.1764705882353,25.8235294117647,34,66
9400,32,-38.1935483870968,27.6129032258064,31,62
9500,32,-40.03125,32.3125,32,64
9600,32,-39.8787878787879,35.7575757575758,33,64
9700,32,-41.9411764705882,41.6176470588235,34,64
9800,32,-41.9,44.9,30,62
9900,32,-44.8181818181818,45.969696969697,33,64
10000,32,-48.125,41.09375,32,62
0,33,49.6666666666667,51,3,20
100,33,52.7741935483871,56.9677419354839,31,62
200,33,58.25,59.59375,32,66
300,33,63,61.625,32,64
400,33,66.7333333333333,66.2666666666667,30,62
500,33,71.9375,70.21875,32,64
600,33,76,67.71875,32,62
700,33,75,70.8333333333333,30,60
800,33,76.3548387096774,76.1290322580645,31,62
900,33,78.7575757575758,80.9090909090909,33,64
1000,33,76.5483870967742,85.9032258064516,31,60
1100,33,78.15625,90.09375,32,64
1200,33,79.7741935483871,94.6129032258064,31,62
1300,33,84.2121212121212,98.0909090909091,33,62
1400,33,89.2333333333333,96.6,30,62
1500,33,94.1212121212121,98.3636363636364,33,64
1600,33,98.03125,101.28125,32,64
1700,33,100.451612903226,106.193548387097,31,62
1800,33,102.064516129032,109.354838709677,31,64
1900,33,106.90625,106.8125,32,64
2000,33,111.1,107.7,30,60
2100,33,114.71875,109.21875,32,62
2200,33,119.30303030303,106.242424242424,33,64
2300,33,119.870967741935,101.612903225806,31,64
2400,33,121.84375,95.625,32,64
2500,33,123.212121212121,91.1818181818182,33,66
2600,33,127.294117647059,88.5,34,62
2700,33,127.909090909091,80.8484848484848,33,62
2800,33,126.176470588235,76.1470588235294,34,66
2900,33,128.515151515152,73.9696969696969,33,64
3000,33,129.1875,79.1875,32,62
3100,33,124.6875,82.34375,32,66
3200,33,117.121212121212,87.3333333333333,33,64
3300,33,113.46875,83.0625,32,64
3400,33,111.84375,77.9375,32,62
3500,33,109.9375,74.875,32,62
3600,33,106.212121212121,71.5454545454546,33,64
3700,33,105.451612903226,67.8387096774194,31,64
3800,33,104.806451612903,62.8387096774194,31,62
3900,33,104.032258064516,57.1935483870968,31,64
4000,33,101.147058823529,53.9411764705882,34,64
4100,33,95.3548387096774,53.7096774193548,31,62
4200,33,94.5172413793103,55.448275862069,29,62
4300,33,100.30303030303,55.2727272727273,33,64
4400,33,105.483870967742,57.0967741935484,31,62
4500,33,108.516129032258,52.8387096774194,31,62
4600,33,112.029411764706,54.1764705882353,34,66
4700,33,115.181818181818,57.9090909090909,33,66
4800,33,122.46875,61.21875,32,66
4900,33,125.588235294118,61.8823529411765,34,64
5000,33,124.151515151515,63.7878787878788,33,64
5100,33,118.129032258065,64.4838709677419,31,62
5200,33,112.967741935484,66.1935483870968,31,62
5300,33,108.3125,65.90625,32,64
5400,33,101.71875,63.5625,32,64
5500,33,101.375,68.5,32,64
5600,33,106,71.9393939393939,33,64
5700,33,107.290322580645,75.5483870967742,31,62
5800,33,110.15625,79.71875,32,62
5900,33,116.794117647059,85.1176470588235,34,64
6000,33,117.322580645161,89.6774193548387,31,62
6100,33,115.542857142857,95.0857142857143,35,66
6200,33,109.138888888889,96.8333333333333,36,66
6300,33,105.823529411765,101.823529411765,34,62
6400,33,111.757575757576,103.30303030303,33,64
6500,33,115.242424242424,107.333333333333,33,62
6600,33,118,109.5,34,62
6700,33,116.205882352941,112.823529411765,34,66
6800,33,111.3125,115.90625,32,62
6900,33,105.941176470588,120.088235294118,34,64
7000,33,102.96875,123.34375,32,62
7100,33,103.727272727273,127.909090909091,33,64
7200,33,104.794117647059,133.647058823529,34,64
7300,33,100.21875,138,32,64
7400,33,95.3030303030303,135.090909090909,33,62
7500,33,91.483870967742,131.129032258065,31,62
7600,33,90.40625,125.59375,32,64
7700,33,88.9677419354838,129.387096774194,31,64
7800,33,90.1388888888889,134.416666666667,36,68
7900,33,92.4571428571429,137.8,35,64
8000,33,96.7941176470588,137.264705882353,34,64
8100,33,101.333333333333,141.866666666667,30,62
8200,33,107.310344827586,142.827586206897,29,64
8300,33,109.515151515152,146.393939393939,33,64
8400,33,108.65625,151.71875,32,62
8500,33,104.823529411765,153.5,34,64
8600,33,99.7741935483871,155.58064516129,31,62
8700,33,96.9696969696969,159.818181818182,33,64
8800,33,90.3125,156.90625,32,62
8900,33,91.516129032258,153.225806451613,31,62
9000,33,96.6129032258064,148.548387096774,31,64
9100,33,93.4516129032258,144.387096774194,31,64
9200,33,86.1142857142857,144,35,66
9300,33,80.7878787878788,143.272727272727,33,64
9400,33,74.1875,143.5,32,66
9500,33,71.09375,146.9375,32,64
9600,33,69.71875,144.96875,32,62
9700,33,74.6451612903226,140.225806451613,31,62
9800,33,79.2727272727273,139.575757575758,33,64
9900,33,78.8181818181818,143.060606060606,33,66
10000,33,75.3870967741936,142.741935483871,31,60
0,34,50,50,1,8
100,34,48.375,50.375,32,62
200,34,44.90625,48.28125,32,66
300,34,39.6969696969697,44.969696969697,33,66
400,34,38.9032258064516,39.2903225806452,31,62
500,34,33.7878787878788,38.0909090909091,33,64
600,34,32.1290322580645,36.5483870967742,31,62
700,34,30.9677419354839,31.3870967741935,31,62
800,34,35.2121212121212,26.5151515151515,33,66
900,34,34.3142857142857,20.4571428571429,35,66
1000,34,31.4242424242424,15.6666666666667,33,62
1100,34,33.1470588235294,8.76470588235294,34,64
1200,34,31.2727272727273,2.90909090909091,33,64
1300,34,29.0882352941176,-1.82352941176472,34,66
1400,34,28.1290322580645,-6.90322580645162,31,62
1500,34,26.8529411764706,-13.6470588235294,34,64
1600,34,31.8529411764706,-16.9411764705882,34,64
1700,34,33.21875,-20.875,32,62
1800,34,36.7741935483871,-26.8709677419355,31,62
1900,34,39.5625,-30.875,32,62
2000,34,43.0294117647059,-34.1470588235294,34,66
2100,34,46.1290322580645,-37.6451612903226,31,62
2200,34,47.0588235294118,-42.2352941176471,34,64
2300,34,46.6969696969697,-45.6666666666667,33,64
2400,34,43.8709677419355,-52.3225806451613,31,64
2500,34,46.40625,-58.96875,32,62
2600,34,47.2424242424242,-63.7878787878788,33,64
2700,34,50.9411764705882,-66.4411764705882,34,64
2800,34,52.3939393939394,-70.8484848484848,33,66
2900,34,56.8235294117647,-76.7647058823529,34,64
3000,34,59.1212121212121,-78.5151515151515,33,64
3100,34,65.3225806451613,-76.8709677419355,31,62
3200,34,67.6,-73.3666666666667,30,62
3300,34,63,-71.4516129032258,31,62
3400,34,56.4285714285714,-69.0857142857143,35,64
3500,34,51.9375,-71.59375,32,64
3600,34,57.40625,-75.21875,32,64
3700,34,64.1142857142857,-75.7428571428571,35,64
3800,34,68.3666666666667,-76.7666666666667,30,62
3900,34,70.8387096774194,-75.9032258064516,31,64
4000,34,70.6666666666667,-68.5,30,62
4100,34,70.9090909090909,-66.0909090909091,33,64
4200,34,76.90625,-63.3125,32,62
4300,34,84.1666666666667,-64.4333333333333,30,62
4400,34,87.3428571428571,-62.9428571428571,35,64
4500,34,80.9117647058824,-63.2941176470588,34,66
4600,34,74.625,-65.90625,32,62
4700,34,68.34375,-66.03125,32,62
4800,34,65.5806451612903,-69.8064516129032,31,64
4900,34,64.969696969697,-73.8484848484848,33,64
5000,34,59.1212121212121,-73.4848484848485,33,64
5100,34,56,-71.741935483871,31,64
5200,34,50.09375,-71.0625,32,64
5300,34,45.6470588235294,-73.8529411764706,34,66
5400,34,40.3823529411765,-77.2941176470588,34,64
5500,34,37.3030303030303,-79.2424242424242,33,66
5600,34,42.3823529411765,-83.7941176470588,34,66
5700,34,42.6785714285714,-88.75,28,62
5800,34,41.6060606060606,-94.3333333333333,33,64
5900,34,39.5333333333333,-98.1666666666667,30,62
6000,34,34.7878787878788,-99.2424242424242,33,64
6100,34,31.2727272727273,-96.969696969697,33,64
6200,34,27.5588235294118,-96.2352941176471,34,64
6300,34,24.5,-100.28125,32,62
6400,34,20.1818181818182,-96.969696969697,33,62
6500,34,21.0666666666667,-93.6333333333333,30,62
6600,34,24.5151515151515,-97.5151515151515,33,64
6700,34,23.4666666666667,-101.233333333333,30,62
6800,34,18.7575757575758,-103.69696969697,33,64
6900,34,15.0909090909091,-101.181818181818,33,64
7000,34,15.8387096774194,-96.9032258064516,31,62
7100,34,20.4375,-94.34375,32,62
7200,34,24.0571428571429,-91.6571428571428,35,64
7300,34,26.6764705882353,-88.9411764705882,34,64
7400,34,27.3939393939394,-82.5151515151515,33,62
7500,34,30.2727272727273,-78.1818181818182,33,64
7600,34,30.3333333333333,-83.1515151515152,33,66
7700,34,33.4411764705882,-85.8235294117647,34,66
7800,34,35.764705882353,-82.1764705882353,34,64
7900,34,33.8285714285714,-78.6,35,66
8000,34,28.6176470588235,-76.1470588235294,34,64
8100,34,23.6969696969697,-75.9090909090909,33,62
8200,34,19.1470588235294,-78.0882352941177,34,64
8300,34,14.8709677419355,-77.483870967742,31,64
8400,34,12.5,-73.2941176470588,34,62
8500,34,9.7,-69.4,30,62
8600,34,4.82352941176471,-69.1764705882353,34,62
8700,34,-1.75,-68.09375,32,66
8800,34,-7.00000000000004,-65.5151515151515,33,66
8900,34,-8.09090909090909,-68.6969696969697,33,62
9000,34,-11.0285714285715,-72.2285714285714,35,66
9100,34,-15.4193548387097,-72.4838709677419,31,62
9200,34,-20.4545454545455,-71.1818181818182,33,64
9300,34,-25.4,-67.1666666666667,30,64
9400,34,-27.65625,-61.375,32,62
9500,34,-23.9117647058824,-57.0294117647059,34,64
9600,34,-19.7575757575758,-52.2727272727273,33,64
9700,34,-19.875,-48.78125,32,64
9800,34,-17.1470588235294,-43.4411764705882,34,64
9900,34,-17.6969696969697,-38.3939393939394,33,66
10000,34,-18.6764705882353,-33.764705882353,34,64
0,35,49.6,51.2,5,30
100,35,52.59375,55.5625,32,62
200,35,51.6875,59.1875,32,62
300,35,47,57.28125,32,62
400,35,43.3125,54,32,64
500,35,46.8965517241379,51.551724137931,29,60
600,35,51.8484848484849,54.7272727272727,33,62
700,35,58.3333333333333,54.4242424242424,33,62
800,35,65,52.3870967741935,31,62
900,35,68.6176470588235,45.7058823529412,34,64
1000,35,67.5151515151515,41.9090909090909,33,62
1100,35,61.1764705882353,36.5588235294118,34,64
1200,35,56.2727272727273,34.1818181818182,33,66
1300,35,54,30.5625,32,62
1400,35,53.7647058823529,26.5294117647059,34,64
1500,35,47.8857142857143,21.3142857142857,35,66
1600,35,45.741935483871,16.258064516129,31,62
1700,35,42.2727272727273,12.1818181818182,33,62
1800,35,43.71875,7.625,32,64
1900,35,40.1875,4.625,32,64
2000,35,32.2727272727273,9.36363636363636,33,64
2100,35,28.969696969697,10.4242424242424,33,62
2200,35,23.625,10.375,32,62
2300,35,21.3666666666667,4.26666666666667,30,64
2400,35,23.5588235294118,-0.911764705882362,34,66
2500,35,30.96875,-2.6875,32,66
2600,35,37.9375,0.25,32,64
2700,35,39.1935483870968,4.80645161290323,31,62
2800,35,43.4242424242424,8.12121212121212,33,64
2900,35,47.9393939393939,5.33333333333333,33,66
3000,35,53.7428571428572,1.77142857142857,35,64
3100,35,60.1290322580645,2.2258064516129,31,62
3200,35,67.0333333333333,4.3,30,64
3300,35,71.2424242424242,2.27272727272727,33,64
3400,35,79.0322580645161,0.0645161290322562,31,64
3500,35,82.764705882353,1.88235294117646,34,64
3600,35,81.2121212121212,6.48484848484848,33,66
3700,35,84.1612903225807,7.64516129032258,31,64
3800,35,90,9.66666666666667,30,62
3900,35,89.21875,17,32,62
4000,35,89.0909090909091,22.4848484848485,33,62
4100,35,87.9032258064516,27.3870967741935,31,64
4200,35,88.8484848484848,30.2121212121212,33,64
4300,35,90.4848484848485,32.5151515151515,33,66
4400,35,91.6875,35.875,32,64
4500,35,93.1,41.5,30,60
4600,35,88.969696969697,43.4848484848485,33,66
4700,35,84.3225806451613,45.7096774193548,31,62
4800,35,79.65625,44.25,32,64
4900,35,78.5483870967742,38.4516129032258,31,62
5000,35,81.5294117647059,33.1470588235294,34,66
5100,35,86.75,34.6875,32,64
5200,35,87.2285714285714,40,35,64
5300,35,90.5757575757576,44.6666666666667,33,62
5400,35,94.7142857142857,42.4571428571429,35,66
5500,35,99.5151515151515,39.4848484848485,33,64
5600,35,102.352941176471,35.5294117647059,34,66
5700,35,104.090909090909,31.5454545454545,33,64
5800,35,109.242424242424,31.7575757575758,33,66
5900,35,113.909090909091,34.6666666666667,33,66
6000,35,119,36.7333333333333,30,62
6100,35,122.529411764706,40.9411764705882,34,64
6200,35,123.147058823529,45.9705882352941,34,64
6300,35,123.657142857143,50.8857142857143,35,66
6400,35,125.65625,56.9375,32,64
6500,35,132.25,56.65625,32,64
6600,35,136.903225806452,58.0645161290323,31,62
6700,35,140.6875,62.84375,32,62
6800,35,140.972222222222,66.9166666666666,36,64
6900,35,144.411764705882,69.6470588235294,34,64
7000,35,148.65625,74.53125,32,64
7100,35,149.0625,80.09375,32,62
7200,35,154.848484848485,83.9393939393939,33,64
7300,35,160.685714285714,85.8571428571428,35,66
7400,35,166.606060606061,85.7272727272727,33,64
7500,35,170.03125,86.65625,32,64
7600,35,170.366666666667,91.4666666666666,30,64
7700,35,169.542857142857,96.0571428571428,35,66
7800,35,170.314285714286,101.828571428571,35,64
7900,35,165.878787878788,107.757575757576,33,64
8000,35,158.575757575758,110.090909090909,33,64
8100,35,155.483870967742,106.58064516129,31,62
8200,35,154.58064516129,101.516129032258,31,64
8300,35,152.088235294118,99.1764705882353,34,64
8400,35,149.909090909091,94.3636363636364,33,64
8500,35,145.96875,90.46875,32,64
8600,35,145.727272727273,86.3030303030303,33,64
8700,35,145.636363636364,78.1818181818182,33,64
8800,35,145.393939393939,72,33,64
8900,35,143.483870967742,66.2258064516129,31,62
9000,35,139.75,66.71875,32,62
9100,35,139.40625,71.84375,32,64
9200,35,135.21875,71.9375,32,62
9300,35,129.4,69,35,64
9400,35,125.424242424242,70.6666666666667,33,62
9500,35,120.575757575758,72.6060606060606,33,64
9600,35,117.029411764706,68.4117647058823,34,66
9700,35,114.8125,63.4375,32,62
9800,35,117.515151515152,59.9393939393939,33,64
9900,35,117.71875,56.21875,32,62
10000,35,117.193548387097,52,31,62
0,36,49.5,49.5,2,14
100,36,49.2941176470588,45.264705882353,34,66
200,36,54.6875,41.625,32,64
300,36,58.1764705882353,39.5882352941177,34,64
400,36,62.28125,35.3125,32,62
500,36,59.8571428571429,32.2571428571429,35,68
600,36,54.8823529411765,33.3823529411765,34,64
700,36,51.6969696969697,28.3333333333333,33,66
800,36,53.0606060606061,26.3333333333333,33,62
900,36,54.4242424242424,19.9393939393939,33,62
1000,36,52.03125,16.46875,32,64
1100,36,47.3125,10.71875,32,62
1200,36,42.264705882353,11,34,62
1300,36,38.96875,13.6875,32,62
1400,36,32.375,16.90625,32,62
1500,36,28.71875,18.25,32,64
1600,36,26.2352941176471,22.8235294117647,34,64
1700,36,27.2424242424242,26.0909090909091,33,62
1800,36,29.90625,32.6875,32,64
1900,36,26.030303030303,37.1818181818182,33,64
2000,36,22.4848484848485,40.2424242424242,33,66
2100,36,21.4193548387097,44.9677419354839,31,62
2200,36,19.0294117647059,48.9705882352941,34,66
2300,36,20.3333333333333,51.5757575757576,33,62
2400,36,25.6451612903226,55.258064516129,31,64
2500,36,30.1176470588235,58.8823529411765,34,64
2600,36,28.71875,63.625,32,66
2700,36,24.9393939393939,68.5757575757575,33,66
2800,36,21.71875,72.375,32,64
2900,36,19.25,75.71875,32,62
3000,36,16.6363636363636,76.3030303030303,33,64
3100,36,16.6470588235294,82.8529411764706,34,64
3200,36,18.375,87.90625,32,62
3300,36,15.21875,92.15625,32,64
3400,36,10.7575757575758,95.9393939393939,33,64
3500,36,7.31428571428571,99.2571428571428,35,66
3600,36,3.33333333333333,103.484848484848,33,64
3700,36,-0.935483870967744,106.806451612903,31,64
3800,36,-6.5151515151515,108.30303030303,33,64
3900,36,-10.8484848484849,112.787878787879,33,64
4000,36,-6.97142857142858,113.571428571429,35,66
4100,36,-4.11764705882356,115.588235294118,34,64
4200,36,-1.34375,117.15625,32,62
4300,36,2.57575757575758,114.757575757576,33,62
4400,36,6.54838709677419,114.322580645161,31,62
4500,36,9.37142857142857,110.228571428571,35,64
4600,36,7.375,106.28125,32,64
4700,36,4.58823529411765,99.9705882352941,34,66
4800,36,5.54545454545455,95.7272727272727,33,64
4900,36,6.75757575757575,91.0303030303031,33,64
5000,36,9.58823529411764,91.0294117647059,34,66
5100,36,13.90625,93.7187500000001,32,64
5200,36,17.3636363636364,98.3939393939394,33,66
5300,36,23,101.466666666667,30,62
5400,36,25.46875,94.6875,32,64
5500,36,28.7878787878788,94.030303030303,33,64
5600,36,33.5294117647059,94.4117647058824,34,66
5700,36,36.6363636363636,97.5757575757576,33,66
5800,36,39.969696969697,99.0606060606061,33,64
5900,36,46.7142857142857,99.3428571428572,35,66
6000,36,49.4705882352941,94.8529411764706,34,66
6100,36,55.0606060606061,89.4242424242424,33,62
6200,36,57.9411764705882,85.4117647058823,34,66
6300,36,59.09375,88.3125,32,64
6400,36,63.78125,87.625,32,62
6500,36,66.03125,92.75,32,62
6600,36,66.6363636363636,97.2424242424242,33,64
6700,36,70.258064516129,93.9354838709677,31,62
6800,36,68.625,88.8125,32,64
6900,36,64.3529411764706,86.8235294117647,34,64
7000,36,61.65625,87.8125,32,64
7100,36,58.1212121212121,92.7272727272727,33,66
7200,36,60.1515151515151,89.0606060606061,33,64
7300,36,60.4571428571429,90.9142857142857,35,64
7400,36,59.6,96.2,30,62
7500,36,61.9705882352941,101.029411764706,34,64
7600,36,64.1142857142857,101.628571428571,35,66
7700,36,60.9142857142857,96.2,35,64
7800,36,60.2571428571429,89.9428571428571,35,66
7900,36,59.3548387096774,84.8387096774193,31,66
8000,36,58.7058823529412,78.5,34,62
8100,36,56.4,73.9714285714286,35,64
8200,36,53.03125,72.1875,32,66
8300,36,48.75,70.71875,32,62
8400,36,46.1935483870968,64.3870967741935,31,62
8500,36,46.8333333333333,56.3666666666667,30,64
8600,36,48.6969696969697,53.2727272727273,33,64
8700,36,53.75,51.1875,32,62
8800,36,59.4516129032258,48.1612903225806,31,66
8900,36,55.5151515151515,41.1212121212121,33,64
9000,36,53.7575757575758,39.7878787878788,33,64
9100,36,47.25,39,32,64
9200,36,41.7058823529412,37.5,34,62
9300,36,42.40625,32.78125,32,66
9400,36,45.8285714285714,30.3428571428572,35,66
9500,36,51.1176470588235,32.5882352941177,34,64
9600,36,56.1875,30.25,32,64
9700,36,60.3548387096774,30.258064516129,31,60
9800,36,65.6764705882353,30.3823529411765,34,64
9900,36,70.5428571428571,30.2,35,66
10000,36,73.4375,26.15625,32,62
0,37,50,49.6666666666667,3,20
100,37,47.6666666666667,48.0909090909091,33,64
200,37,44.0588235294118,44.3823529411765,34,64
300,37,42.3870967741936,38.5161290322581,31,62
400,37,37.3030303030303,36.8787878787879,33,64
500,37,35.2424242424242,40.4242424242424,33,62
600,37,34.84375,46.4375,32,62
700,37,36.741935483871,50.9032258064516,31,62
800,37,40.969696969697,51.3333333333333,33,66
900,37,44.969696969697,51.0909090909091,33,66
1000,37,52.78125,52.0625,32,64
1100,37,53.4242424242424,57.4242424242424,33,64
1200,37,52.2352941176471,62.2058823529412,34,64
1300,37,47.9393939393939,65.030303030303,33,64
1400,37,44.7058823529412,68.2058823529412,34,64
1500,37,40.0909090909091,65.3636363636364,33,64
1600,37,40.6129032258065,60.5161290322581,31,62
1700,37,45.4375,56.0625,32,62
1800,37,50.939393939394,55.3636363636364,33,66
1900,37,53.6666666666667,52.0606060606061,33,62
2000,37,56,49.40625,32,64
2100,37,58.4375,46.625,32,66
2200,37,54.7096774193548,41.6451612903226,31,64
2300,37,48.0606060606061,39.4848484848485,33,64
2400,37,44.2727272727273,38.8181818181818,33,64
2500,37,44.375,32.21875,32,62
2600,37,46.3939393939394,28.5151515151515,33,62
2700,37,51.7428571428572,30.0285714285714,35,66
2800,37,56.2903225806452,31.3548387096774,31,64
2900,37,56.8529411764706,35.5588235294118,34,64
3000,37,54.0857142857143,38.2571428571429,35,66
3100,37,56.8666666666667,43.1666666666667,30,66
3200,37,57.8787878787879,48.8484848484849,33,64
3300,37,54.5333333333333,52.8333333333333,30,64
3400,37,51.3870967741936,54.9032258064516,31,62
3500,37,49.5151515151515,59.969696969697,33,66
3600,37,47.3125,66.34375,32,62
3700,37,46.5294117647059,70.1176470588236,34,66
3800,37,48.4411764705882,72.7058823529412,34,64
3900,37,48.4848484848485,77.3636363636363,33,64
4000,37,50.0625,81.84375,32,62
4100,37,49.8235294117647,87.3529411764706,34,64
4200,37,51,91.3235294117647,34,64
4300,37,55.8125,90.25,32,62
4400,37,56.4838709677419,87.1290322580645,31,62
4500,37,51.2058823529412,90.7058823529412,34,64
4600,37,50.6176470588235,95.0294117647059,34,66
4700,37,54.6470588235294,97.3529411764706,34,64
4800,37,59.5142857142857,97.5428571428571,35,66
4900,37,64.4,99.0857142857143,35,66
5000,37,69.2424242424242,101.969696969697,33,64
5100,37,72.3939393939394,99.8484848484848,33,66
5200,37,72.1818181818182,96.0606060606061,33,66
5300,37,67.9375,95.53125,32,66
5400,37,66.1515151515151,99.6060606060606,33,64
5500,37,63.6060606060606,103.969696969697,33,64
5600,37,65.8,106.5,30,62
5700,37,73.3823529411765,107.676470588235,34,66
5800,37,75.71875,102.46875,32,64
5900,37,81.735294117647,99.8235294117647,34,64
6000,37,86.3030303030303,99.7575757575758,33,62
6100,37,88,96.8529411764706,34,66
6200,37,90.3888888888889,91.8611111111111,36,64
6300,37,89.9,85.8333333333333,30,64
6400,37,89.3939393939394,80.8787878787879,33,64
6500,37,90.7647058823529,74.5294117647059,34,64
6600,37,93.6,67.1142857142857,35,68
6700,37,97.6060606060606,63,33,64
6800,37,102.411764705882,59.0882352941177,34,64
6900,37,106.064516129032,55.1290322580645,31,62
7000,37,111.741935483871,49.4838709677419,31,62
7100,37,117.322580645161,48.8709677419355,31,62
7200,37,122.090909090909,49.4242424242424,33,66
7300,37,127.382352941176,47.6470588235294,34,66
7400,37,130.257142857143,44.8,35,66
7500,37,134.176470588235,41.6470588235294,34,64
7600,37,140.735294117647,42.0882352941177,34,68
7700,37,147.470588235294,43.1470588235294,34,64
7800,37,152.59375,45.46875,32,64
7900,37,153.58064516129,48.4516129032258,31,64
8000,37,158.483870967742,47.8387096774194,31,62
8100,37,163.794117647059,50.7058823529412,34,66
8200,37,170.727272727273,47,33,66
8300,37,176.088235294118,49.6470588235294,34,64
8400,37,175.333333333333,56.1515151515152,33,64
8500,37,175.882352941176,62.764705882353,34,64
8600,37,177.30303030303,67.2424242424242,33,62
8700,37,176.7,72.2333333333333,30,62
8800,37,173,73.34375,32,62
8900,37,174.941176470588,79.9411764705882,34,64
9000,37,181.264705882353,81.5294117647059,34,64
9100,37,182.5,85.5,30,62
9200,37,179.161290322581,90,31,64
9300,37,178.290322580645,95.6451612903226,31,62
9400,37,179.171428571429,99.4,35,66
9500,37,181.787878787879,104.090909090909,33,64
9600,37,188.774193548387,104.709677419355,31,64
9700,37,194.235294117647,108.088235294118,34,64
9800,37,200.766666666667,106.833333333333,30,62
9900,37,203.939393939394,106.787878787879,33,64
10000,37,203.323529411765,106.441176470588,34,64
0,38,50,50,1,8
100,38,48.2727272727273,51.7272727272727,33,64
200,38,44.3333333333333,52.4,30,62
300,38,39.28125,52.25,32,62
400,38,35.8484848484849,49.2727272727273,33,62
500,38,31.9677419354839,48.9354838709677,31,62
600,38,26.2333333333333,48.1,30,64
700,38,23.1612903225806,52.3548387096774,31,64
800,38,24.4545454545455,59.4242424242424,33,64
900,38,24.6,63.9428571428571,35,66
1000,38,28.4242424242424,67.1515151515152,33,64
1100,38,27.7647058823529,73.1470588235294,34,64
1200,38,29.3235294117647,79.2647058823529,34,66
1300,38,32.3125,75.8125,32,64
1400,38,35.551724137931,76.9655172413793,29,62
1500,38,32.741935483871,81.9354838709677,31,62
1600,38,32.6363636363636,85.9393939393939,33,66
1700,38,34.96875,84.90625,32,62
1800,38,33.9032258064516,79,31,62
1900,38,37.4848484848485,72.030303030303,33,66
2000,38,40.8064516129032,74.6129032258065,31,62
2100,38,39.5151515151515,79.4848484848485,33,64
2200,38,36.0606060606061,80.6363636363637,33,66
2300,38,37.9677419354839,85.7096774193548,31,62
2400,38,36.6969696969697,91.1515151515151,33,66
2500,38,34.9,94.8,30,62
2600,38,30.2727272727273,92.4545454545454,33,64
2700,38,21.9375,92.4375,32,64
2800,38,18.3939393939394,91.7878787878788,33,64
2900,38,19.9393939393939,94.7575757575758,33,66
3000,38,24.1034482758621,96,29,60
3100,38,27.2727272727273,101.181818181818,33,66
3200,38,28.40625,96.1875000000001,32,66
3300,38,27.0967741935484,88.8709677419355,31,62
3400,38,25.030303030303,83.5757575757576,33,62
3500,38,23.0294117647059,84.3823529411765,34,68
3600,38,20.0666666666667,88.3333333333333,30,64
3700,38,14.9090909090909,89.4545454545454,33,62
3800,38,12.6129032258065,91.6451612903226,31,62
3900,38,18.7,90.9333333333333,30,62
4000,38,22.0322580645161,85.483870967742,31,64
4100,38,24,80.6666666666667,33,66
4200,38,27.0909090909091,77.4545454545454,33,62
4300,38,25.8857142857143,73.4571428571429,35,66
4400,38,25.0645161290323,68.4516129032258,31,64
4500,38,28.28125,66,32,64
4600,38,35.8181818181818,63.030303030303,33,62
4700,38,41.8125,61.75,32,62
4800,38,45.7575757575758,64.5757575757576,33,62
4900,38,50.3055555555556,63.9722222222222,36,64
5000,38,53.6451612903226,68.6129032258065,31,64
5100,38,50.264705882353,74.3235294117647,34,66
5200,38,49.969696969697,77.5151515151516,33,64
5300,38,50.3030303030303,82.8181818181818,33,64
5400,38,49,86.3142857142857,35,66
5500,38,46.40625,90.125,32,64
5600,38,45.4117647058823,97.1764705882353,34,64
5700,38,44.6363636363636,102.151515151515,33,64
5800,38,44.1290322580645,106.064516129032,31,62
5900,38,41.5151515151515,110.818181818182,33,64
6000,38,44.5757575757576,112.666666666667,33,62
6100,38,46.4848484848485,112.393939393939,33,62
6200,38,44.78125,106.71875,32,66
6300,38,43.0571428571429,103.942857142857,35,64
6400,38,39.3548387096774,97.7096774193548,31,62
6500,38,34,90.8823529411764,34,64
6600,38,30.4375,85.15625,32,64
6700,38,28.972972972973,80.0540540540541,37,66
6800,38,30.9375,73.875,32,64
6900,38,33.6875,66.875,32,64
7000,38,35.6774193548387,62.0645161290323,31,64
7100,38,39.7272727272727,60.1212121212121,33,66
7200,38,39.3030303030303,57.9090909090909,33,66
7300,38,35.3030303030303,54.4545454545455,33,64
7400,38,36.5,60.6176470588235,34,66
7500,38,37.4411764705882,65.7352941176471,34,64
7600,38,39.5483870967742,69.2258064516129,31,64
7700,38,42,73.7352941176471,34,66
7800,38,38.90625,78,32,64
7900,38,34.1081081081081,80.7027027027027,37,66
8000,38,28.875,79.9375,32,62
8100,38,28.3939393939394,75.0909090909091,33,64
8200,38,33.030303030303,68.5151515151515,33,64
8300,38,36.5882352941177,65.2352941176471,34,64
8400,38,37.78125,61.125,32,62
8500,38,34.1875,62.625,32,64
8600,38,36.2333333333333,67.4666666666666,30,62
8700,38,39.3939393939394,72.3636363636363,33,64
8800,38,38.939393939394,76.6363636363636,33,66
8900,38,40.6969696969697,81.3030303030303,33,66
9000,38,43.1875,85.25,32,64
9100,38,47.25,87.84375,32,64
9200,38,49.1764705882353,95.1470588235294,34,64
9300,38,50,100.911764705882,34,64
9400,38,49.3333333333333,106.727272727273,33,66
9500,38,49.8064516129032,111.806451612903,31,62
9600,38,52.030303030303,118.424242424242,33,64
9700,38,54.3333333333333,123.033333333333,30,66
9800,38,56.5882352941177,128.235294117647,34,66
9900,38,53.9411764705882,136.147058823529,34,64
10000,38,56.8064516129032,140.612903225806,31,64
0,39,49.5,50,2,14
100,39,48.7272727272727,48.1515151515151,33,64
200,39,47.9375,44.84375,32,62
300,39,47.59375,39,32,62
400,39,50.741935483871,37.7741935483871,31,64
500,39,46.2,32.9142857142857,35,64
600,39,49.030303030303,30.6666666666667,33,66
700,39,54.15625,30.71875,32,62
800,39,58.1142857142857,34.2571428571429,35,64
900,39,60.7058823529412,36.3823529411765,34,66
1000,39,65.75,34.75,32,64
1100,39,70,30.1764705882353,34,64
1200,39,71.6969696969697,26.5454545454546,33,64
1300,39,70.1470588235294,23.6470588235294,34,64
1400,39,68.3030303030303,19.0606060606061,33,64
1500,39,64.9117647058824,14.6470588235294,34,66
1600,39,60.875,10.15625,32,64
1700,39,54.5666666666667,8.7,30,60
1800,39,52.7142857142857,12.9714285714286,35,66
1900,39,57.1142857142857,15.2857142857143,35,66
2000,39,60.9032258064516,14.7741935483871,31,62
2100,39,63.4848484848485,18.4545454545455,33,64
2200,39,66.2258064516129,22.0645161290323,31,62
2300,39,71.0833333333333,24.4444444444444,36,66
2400,39,76.2258064516129,28.5806451612903,31,62
2500,39,75.9090909090909,31.4848484848485,33,62
2600,39,75,37.21875,32,62
2700,39,72.53125,38.875,32,62
2800,39,69.25,42.375,32,66
2900,39,73.28125,49.28125,32,62
3000,39,68.741935483871,54.0322580645161,31,64
3100,39,64.7878787878788,55.3636363636364,33,64
3200,39,61.2121212121212,58.5757575757576,33,64
3300,39,64.3870967741936,61.3548387096774,31,62
3400,39,67.96875,57.75,32,66
3500,39,70.1818181818182,53.1818181818182,33,66
3600,39,65.59375,50.96875,32,66
3700,39,59.125,50.40625,32,62
3800,39,54.4545454545455,44.7878787878788,33,62
3900,39,54.125,40.53125,32,62
4000,39,58.0645161290323,36.4838709677419,31,62
4100,39,60.15625,31.5625,32,64
4200,39,65.2903225806452,30,31,62
4300,39,69.46875,29.78125,32,64
4400,39,76.78125,28.28125,32,64
4500,39,83.969696969697,31.8484848484848,33,66
4600,39,86.4,36.2666666666667,30,62
4700,39,84.6875,40.5625,32,62
4800,39,80.9354838709678,44.258064516129,31,62
4900,39,77.5,43.1176470588235,34,64
5000,39,80.969696969697,47.3636363636364,33,66
5100,39,84.1935483870968,50.741935483871,31,62
5200,39,85.7575757575758,59.1212121212121,33,66
5300,39,84.5142857142857,64.4571428571428,35,66
5400,39,84.09375,68.875,32,64
5500,39,88.8484848484848,72.4545454545454,33,66
5600,39,90.125,76.84375,32,62
5700,39,87.9677419354839,82.1935483870968,31,62
5800,39,83.1875,82.75,32,62
5900,39,77.1142857142857,82.7428571428572,35,64
6000,39,77.2285714285714,78.6857142857143,35,66
6100,39,77.4411764705882,74.7941176470588,34,64
6200,39,73.78125,71.53125,32,64
6300,39,69.8484848484848,68.8484848484848,33,62
6400,39,65.0333333333333,69.8,30,62
6500,39,61.4838709677419,65.6129032258064,31,62
6600,39,60.9354838709677,59.1612903225806,31,64
6700,39,59.3333333333333,51.0606060606061,33,62
6800,39,56.90625,44,32,64
6900,39,60.8181818181818,39.2727272727273,33,62
7000,39,65.09375,38.65625,32,62
7100,39,69.258064516129,36.9354838709677,31,62
7200,39,72.0571428571428,33.9428571428571,35,64
7300,39,72.46875,30.1875,32,62
7400,39,67.5588235294118,24.4411764705882,34,64
7500,39,63.1470588235294,25.3823529411765,34,64
7600,39,62.2727272727273,30.4545454545454,33,64
7700,39,58.258064516129,36,31,64
7800,39,54.875,37.5625,32,64
7900,39,51.1875,32.125,32,62
8000,39,50.1515151515151,26.8181818181818,33,64
8100,39,46.5588235294118,22.0882352941176,34,64
8200,39,45.1818181818182,13.6060606060606,33,64
8300,39,38.75,14.5625,32,62
8400,39,40.5588235294118,12.0294117647059,34,64
8500,39,37.7352941176471,6.73529411764706,34,64
8600,39,31.9375,7.46875,32,64
8700,39,26.25,5.25,32,62
8800,39,21.3030303030303,0.696969696969697,33,64
8900,39,24.030303030303,-4.24242424242424,33,64
9000,39,27.15625,-12.40625,32,66
9100,39,26.65625,-17.46875,32,64
9200,39,27.5142857142857,-21.6571428571429,35,66
9300,39,27.8235294117647,-27.1470588235294,34,64
9400,39,25.1176470588235,-26.2352941176471,34,64
9500,39,19.46875,-25.84375,32,62
9600,39,15.125,-21.6875,32,64
9700,39,11.3529411764706,-21.8823529411765,34,64
9800,39,4.58064516129032,-23.5483870967742,31,60
9900,39,0.249999999999999,-24.78125,32,64
10000,39,-5.15151515151516,-23.7272727272727,33,62
0,40,50,50,1,8
100,40,47.3870967741936,45.3225806451613,31,62
200,40,43.59375,46.53125,32,64
300,40,38.375,46.25,32,64
400,40,38.9354838709678,40.0322580645161,31,64
500,40,44.5625,42.5625,32,62
600,40,49.4838709677419,42.5483870967742,31,64
700,40,52.3793103448276,39.3103448275862,29,64
800,40,52.3225806451613,36.3548387096774,31,62
900,40,52.6451612903226,31.258064516129,31,60
1000,40,53.5882352941177,25.5294117647059,34,64
1100,40,49.5757575757576,21.0606060606061,33,66
1200,40,44.7272727272727,18.1515151515152,33,64
1300,40,42.0285714285714,20.8285714285714,35,64
1400,40,45.1142857142857,24.6,35,66
1500,40,43.0625,26.40625,32,66
1600,40,42.3870967741936,30.4838709677419,31,62
1700,40,42.1612903225806,37.9354838709677,31,64
1800,40,44.3529411764706,43.3235294117647,34,66
1900,40,44.8484848484849,48.7878787878788,33,66
2000,40,44,52.2285714285714,35,64
2100,40,43.2903225806452,59.6774193548387,31,64
2200,40,43.6666666666667,63.4848484848485,33,64
2300,40,45.7575757575758,61,33,64
2400,40,51.875,56.5,32,66
2500,40,55.6129032258065,52.4838709677419,31,62
2600,40,59.3870967741935,48.9677419354839,31,64
2700,40,62.1764705882353,43.4705882352941,34,66
2800,40,63.5,38.8125,32,64
2900,40,61.7352941176471,34.0882352941177,34,64
3000,40,57.0882352941177,34.2352941176471,34,66
3100,40,50.5588235294118,33.8235294117647,34,64
3200,40,43.9375,34.03125,32,64
3300,40,39.0606060606061,35.2727272727273,33,64
3400,40,35.8235294117647,31.3235294117647,34,64
3500,40,37.2058823529412,26.7058823529412,34,66
3600,40,35.8235294117647,25.3529411764706,34,64
3700,40,30.6875,27.4375,32,62
3800,40,25.0882352941176,26.1470588235294,34,64
3900,40,21.3030303030303,23.4242424242424,33,64
4000,40,17.7352941176471,25.2647058823529,34,66
4100,40,12.5882352941176,29.2647058823529,34,66
4200,40,6.51515151515151,32.8484848484849,33,66
4300,40,2,36.8235294117647,34,64
4400,40,-1,39.8285714285714,35,64
4500,40,1.5,39.3055555555556,36,66
4600,40,3.35294117647059,34.9117647058824,34,64
4700,40,4.77142857142857,30.6857142857143,35,66
4800,40,7.09090909090909,26.7878787878788,33,66
4900,40,12.741935483871,23.3870967741936,31,62
5000,40,14.5151515151515,20.0909090909091,33,66
5100,40,18.6060606060606,22.4848484848485,33,62
5200,40,24.7941176470588,24.6176470588235,34,66
5300,40,27.6875,28.28125,32,62
5400,40,33.1935483870968,30.4516129032258,31,64
5500,40,39.1470588235294,29.6470588235294,34,64
5600,40,43.1176470588235,29.7647058823529,34,64
5700,40,48.3030303030303,31.5454545454545,33,64
5800,40,51.7575757575758,27.7878787878788,33,64
5900,40,51.46875,20.8125,32,64
6000,40,52.7837837837838,15.5945945945946,37,68
6100,40,51.6857142857143,11.8857142857143,35,64
6200,40,47.71875,6.9375,32,64
6300,40,43.9090909090909,1.36363636363636,33,64
6400,40,40.4545454545455,-1.8181818181818,33,64
6500,40,34.59375,-3.53125,32,64
6600,40,32.0322580645161,-6.19354838709678,31,64
6700,40,27.5,-9.25,32,62
6800,40,22.1428571428571,-10.9142857142857,35,64
6900,40,14.7575757575758,-13.6363636363636,33,64
7000,40,13.8064516129032,-9.54838709677418,31,60
7100,40,18.0294117647059,-12.3823529411765,34,64
7200,40,20.3225806451613,-18.2258064516129,31,64
7300,40,16.3333333333333,-22.2424242424242,33,62
7400,40,12.15625,-24.25,32,64
7500,40,5.14705882352942,-21.2352941176471,34,64
7600,40,-0.212121212121218,-19.9090909090909,33,66
7700,40,-6.5151515151515,-18.1515151515152,33,64
7800,40,-11.0967741935484,-14.2258064516129,31,62
7900,40,-15.0294117647059,-12.9117647058823,34,64
8000,40,-14.59375,-13.8125,32,66
8100,40,-9.8125,-10.34375,32,64
8200,40,-6.8125,-13.28125,32,64
8300,40,-7.96774193548389,-18.5483870967742,31,62
8400,40,-8.84375,-22.4375,32,64
8500,40,-12.2857142857143,-26.3714285714286,35,66
8600,40,-16.0689655172414,-29.8275862068965,29,62
8700,40,-18.8181818181818,-32.7272727272727,33,62
8800,40,-20.3125,-37.375,32,62
8900,40,-20.7096774193548,-40.6129032258064,31,64
9000,40,-26.1142857142857,-41.6857142857143,35,64
9100,40,-30.8787878787879,-43.9393939393939,33,64
9200,40,-32.2121212121212,-48.8181818181818,33,66
9300,40,-33,-55.2285714285714,35,64
9400,40,-34.5428571428571,-60.4,35,66
9500,40,-34.0882352941177,-64.6764705882353,34,64
9600,40,-38.5882352941177,-65.5294117647059,34,64
9700,40,-37.8333333333333,-66.1666666666667,30,64
9800,40,-32.9090909090909,-65.9090909090909,33,64
9900,40,-26.8857142857143,-64.8571428571429,35,66
10000,40,-21.764705882353,-64.8823529411765,34,66
0,41,49,50.3333333333333,3,20
100,41,44.03125,54.375,32,64
200,41,42.3548387096774,59.3548387096774,31,62
300,41,39.5588235294118,64.0588235294118,34,66
400,41,34.0294117647059,65.4411764705882,34,64
500,41,29.75,64.4375,32,62
600,41,26.4848484848485,70.3030303030303,33,64
700,41,25.1875,73.15625,32,62
800,41,19.7142857142857,71.0285714285714,35,66
900,41,17.2424242424242,76.5151515151515,33,64
1000,41,16.9117647058823,81.2647058823529,34,64
1100,41,19.2424242424242,85.5151515151515,33,64
1200,41,24.9375,89.875,32,62
1300,41,27.9677419354839,90.2258064516129,31,62
1400,41,31.1212121212121,89.9393939393939,33,64
1500,41,31.4848484848485,95.030303030303,33,64
1600,41,30.8666666666667,101.566666666667,30,62
1700,41,32.4375,104.84375,32,62
1800,41,28.4411764705882,109.176470588235,34,64
1900,41,24.6571428571429,113.171428571429,35,66
2000,41,22.4545454545455,116.393939393939,33,64
2100,41,26.25,121.25,32,64
2200,41,27.8181818181818,126.090909090909,33,64
2300,41,25.6875,131.46875,32,62
2400,41,27.8333333333333,135.861111111111,36,66
2500,41,26.4838709677419,140.354838709677,31,62
2600,41,28.7428571428571,145.742857142857,35,66
2700,41,29.4848484848485,151.363636363636,33,64
2800,41,27.1212121212121,156.575757575758,33,64
2900,41,25.6470588235294,151.264705882353,34,64
3000,41,24.46875,148.59375,32,64
3100,41,22.6551724137931,142.551724137931,29,62
3200,41,22.9354838709677,137.709677419355,31,64
3300,41,22.40625,134.21875,32,64
3400,41,23.6774193548387,128.838709677419,31,62
3500,41,26.741935483871,123.709677419355,31,62
3600,41,24.7272727272727,118.787878787879,33,64
3700,41,20.9117647058823,116.676470588235,34,66
3800,41,14.3142857142857,112.885714285714,35,64
3900,41,7.33333333333333,110.878787878788,33,64
4000,41,3.12121212121212,113.818181818182,33,66
4100,41,-1.75757575757576,114.484848484848,33,64
4200,41,-6.12903225806453,110.870967741935,31,64
4300,41,-1.42424242424242,108.333333333333,33,62
4400,41,5.13888888888889,104.388888888889,36,64
4500,41,11.3529411764706,101.352941176471,34,66
4600,41,17.2352941176471,103.205882352941,34,64
4700,41,22.34375,104.90625,32,62
4800,41,27.4117647058823,105.647058823529,34,66
4900,41,33.2333333333333,108.233333333333,30,62
5000,41,37.0294117647059,112.323529411765,34,64
5100,41,36.9411764705882,116.529411764706,34,64
5200,41,35.1176470588235,120.058823529412,34,64
5300,41,29.375,119.0625,32,62
5400,41,26.1176470588235,114,34,64
5500,41,24.5294117647059,108.441176470588,34,66
5600,41,27.46875,104.53125,32,64
5700,41,31.46875,107.65625,32,64
5800,41,32.0571428571428,111.714285714286,35,66
5900,41,30.3428571428572,117.942857142857,35,64
6000,41,26.1875,121.875,32,64
6100,41,25.21875,125.65625,32,64
6200,41,26.78125,129.625,32,64
6300,41,32.9032258064516,128.838709677419,31,62
6400,41,35.71875,126.65625,32,62
6500,41,43.8787878787879,129.30303030303,33,64
6600,41,46.8181818181818,127.69696969697,33,66
6700,41,48.09375,120.3125,32,62
6800,41,49.7,114.833333333333,30,62
6900,41,49.7352941176471,111.088235294118,34,64
7000,41,49.5625,108.15625,32,64
7100,41,49.4242424242424,103.969696969697,33,62
7200,41,44.28125,100.84375,32,62
7300,41,38.7741935483871,98.483870967742,31,64
7400,41,37.65625,94.375,32,64
7500,41,40.0625,88.03125,32,64
7600,41,42.375,82.75,32,62
7700,41,43,77.5454545454545,33,64
7800,41,40.2727272727273,72.8181818181818,33,64
7900,41,36.7428571428572,69.1142857142858,35,64
8000,41,31.5625,71.0625,32,64
8100,41,26.0645161290323,70.2258064516129,31,62
8200,41,22.0909090909091,72.1515151515152,33,62
8300,41,19.2424242424242,74.6666666666667,33,62
8400,41,22.2647058823529,79,34,64
8500,41,26.4857142857143,81.4,35,64
8600,41,28.8125,82,32,64
8700,41,31.4848484848485,82.0606060606061,33,64
8800,41,36.0857142857143,81.8,35,64
8900,41,39.3636363636364,79.1515151515152,33,64
9000,41,40.8529411764706,75.0588235294118,34,64
9100,41,43.764705882353,70.9117647058823,34,64
9200,41,48.34375,71,32,64
9300,41,51.96875,70.34375,32,62
9400,41,53.34375,64.71875,32,64
9500,41,50.1935483870968,62.6129032258065,31,62
9600,41,43.1875,66.3125,32,62
9700,41,42.7142857142857,70.8285714285714,35,64
9800,41,42.71875,73.75,32,62
9900,41,49.125,77.375,32,64
10000,41,51.3235294117647,80.5588235294118,34,64
0,42,49.6666666666667,49.6666666666667,3,18
100,42,48.7272727272727,44.3636363636364,33,62
200,42,46.6,38.2857142857143,35,66
300,42,45.1379310344828,36.3103448275862,29,64
400,42,38.625,34.34375,32,62
500,42,33.4242424242424,35.6363636363636,33,64
600,42,35.65625,35.21875,32,62
700,42,36.2647058823529,30.8235294117647,34,64
800,42,34.5454545454545,25.8484848484849,33,64
900,42,31.2121212121212,19.8181818181818,33,64
1000,42,26.8125,20.0625,32,64
1100,42,23.34375,21.375,32,62
1200,42,18,16.90625,32,66
1300,42,18.6666666666667,13.1515151515151,33,64
1400,42,21.9117647058824,9.41176470588236,34,64
1500,42,26.3235294117647,4.58823529411765,34,64
1600,42,27.3548387096774,0.645161290322581,31,62
1700,42,28.3666666666667,-3.63333333333334,30,62
1800,42,28.6875,-3.40624999999996,32,64
1900,42,24.6666666666667,-1.23333333333332,30,62
2000,42,24.3030303030303,2.87878787878788,33,64
2100,42,29.9393939393939,6.90909090909091,33,64
2200,42,35.6176470588235,10.0294117647059,34,64
2300,42,39.3235294117647,6.05882352941177,34,66
2400,42,42.9393939393939,5.66666666666667,33,62
2500,42,47.3939393939394,8.3030303030303,33,64
2600,42,50.9090909090909,9.6969696969697,33,62
2700,42,54.0645161290323,7.54838709677419,31,62
2800,42,55.6060606060606,0.575757575757578,33,66
2900,42,61.2352941176471,0.941176470588232,34,64
3000,42,66.1935483870968,2.93548387096774,31,62
3100,42,63.9090909090909,-0.303030303030297,33,62
3200,42,59.7352941176471,-1.1764705882353,34,64
3300,42,57.8709677419355,-1.77419354838707,31,62
3400,42,52.7575757575758,-3.57575757575761,33,62
3500,42,47.9090909090909,-1.3030303030303,33,62
3600,42,44.8484848484849,3.18181818181819,33,64
3700,42,40.3125,9.875,32,64
3800,42,33.09375,10,32,64
3900,42,28.21875,12.25,32,64
4000,42,27.6944444444444,16.6944444444444,36,66
4100,42,29.125,17.9375,32,64
4200,42,35.125,12.1875,32,62
4300,42,38.3870967741935,13.5161290322581,31,62
4400,42,39.3030303030303,20,33,64
4500,42,33.4857142857143,22,35,66
4600,42,29.15625,26.78125,32,64
4700,42,27.34375,30.96875,32,62
4800,42,26.1724137931034,35.1724137931034,29,62
4900,42,30.5151515151515,35.7878787878788,33,66
5000,42,35.1764705882353,35.1470588235294,34,66
5100,42,41.1818181818182,37.1515151515151,33,64
5200,42,46.59375,37.5625,32,64
5300,42,46.9090909090909,38.030303030303,33,64
5400,42,43.3030303030303,35,33,64
5500,42,39.4848484848485,32.1515151515152,33,62
5600,42,43,28.7333333333333,30,62
5700,42,48,25.7941176470588,34,64
5800,42,51.5882352941177,27.6764705882353,34,64
5900,42,54.3333333333333,32.7575757575758,33,62
6000,42,57.3225806451613,37.741935483871,31,66
6100,42,54.6666666666667,41.4848484848485,33,66
6200,42,53.6060606060606,47.4848484848485,33,62
6300,42,55.2666666666667,51,30,62
6400,42,57.0645161290323,57.5806451612903,31,60
6500,42,55.3,61.9333333333333,30,62
6600,42,51.969696969697,68.7575757575758,33,64
6700,42,44.9677419354839,73.4193548387097,31,64
6800,42,41.4242424242424,75.9393939393939,33,62
6900,42,40.6451612903226,71.5161290322581,31,62
7000,42,37.4193548387097,66.9032258064516,31,62
7100,42,33.5757575757576,62.8484848484849,33,64
7200,42,31.5161290322581,61.0645161290323,31,62
7300,42,32.9375,53.4375,32,64
7400,42,36.6060606060606,46.0909090909091,33,64
7500,42,36.1176470588235,42.3823529411765,34,66
7600,42,36.6969696969697,37.3333333333333,33,64
7700,42,34.5428571428571,34.7714285714286,35,66
7800,42,37.8484848484849,32.4545454545454,33,64
7900,42,33.9166666666667,29.9722222222222,36,64
8000,42,31.0882352941176,27.6470588235294,34,64
8100,42,29.0606060606061,24.7878787878788,33,66
8200,42,33.6363636363636,26.1818181818182,33,64
8300,42,35.7058823529412,23.9117647058824,34,68
8400,42,39.5454545454545,19.4545454545455,33,66
8500,42,42.125,18.59375,32,62
8600,42,47.9117647058823,15.8529411764706,34,66
8700,42,52.4242424242424,12.2424242424242,33,64
8800,42,52.5625,6.6875,32,64
8900,42,50.125,4.46875,32,64
9000,42,44.8823529411765,2.11764705882354,34,64
9100,42,38.9090909090909,2.60606060606061,33,64
9200,42,35.9705882352941,0.67647058823529,34,64
9300,42,33.5,-2.5,34,64
9400,42,26.9117647058823,-1.35294117647059,34,64
9500,42,26.0571428571429,-4.54285714285712,35,66
9600,42,29.9393939393939,-1.54545454545452,33,66
9700,42,32.59375,1.90625,32,64
9800,42,38.6875,7.71875,32,64
9900,42,44.0606060606061,6.81818181818181,33,66
10000,42,49.03125,6.4375,32,64
0,43,50.5,50.5,2,14
100,43,53.8484848484849,52.5757575757576,33,64
200,43,57.6969696969697,50.7575757575758,33,62
300,43,62.2727272727273,49.6666666666667,33,64
400,43,67.5,49.1764705882353,34,64
500,43,71.65625,51.59375,32,64
600,43,75.9705882352941,52.1764705882353,34,66
700,43,81.7714285714286,50.6571428571429,35,64
800,43,86.03125,47.375,32,64
900,43,90.9705882352941,50.6764705882353,34,64
1000,43,95.2121212121212,54.2424242424242,33,64
1100,43,95.21875,58.28125,32,64
1200,43,92.1818181818182,63.9090909090909,33,64
1300,43,89.2058823529412,68.9117647058823,34,64
1400,43,87.96875,65.90625,32,64
1500,43,91.78125,64.28125,32,64
1600,43,96.235294117647,62.8235294117647,34,64
1700,43,101.870967741935,59.0967741935484,31,62
1800,43,104.333333333333,61.3939393939394,33,66
1900,43,106.84375,67.375,32,60
2000,43,107.611111111111,73.1388888888889,36,64
2100,43,107.941176470588,77.3823529411765,34,64
2200,43,106.21875,84.53125,32,62
2300,43,103.2,91.4571428571429,35,66
2400,43,105.411764705882,95.9117647058823,34,64
2500,43,110.65625,99.53125,32,62
2600,43,114.542857142857,98.3142857142857,35,66
2700,43,120.5625,98,32,62
2800,43,125.6875,97.03125,32,64
2900,43,131.46875,96.03125,32,62
3000,43,133.764705882353,97.5588235294118,34,66
3100,43,130.575757575758,100.575757575758,33,64
3200,43,127,102.411764705882,34,64
3300,43,123.258064516129,103.677419354839,31,62
3400,43,117.96875,104.46875,32,62
3500,43,114.9375,101.5625,32,66
3600,43,113.515151515152,96.6060606060606,33,62
3700,43,111.30303030303,93.6363636363636,33,64
3800,43,111.382352941176,88.0294117647059,34,64
3900,43,114.294117647059,84.7941176470588,34,66
4000,43,117.441176470588,90.0588235294118,34,64
4100,43,122.064516129032,94.0322580645161,31,64
4200,43,124.967741935484,97.2258064516129,31,62
4300,43,123.903225806452,102.645161290323,31,62
4400,43,121.235294117647,107.911764705882,34,64
4500,43,116.8,110.7,30,62
4600,43,112.441176470588,111.058823529412,34,64
4700,43,115.424242424242,117.575757575758,33,64
4800,43,118.4375,120.875,32,64
4900,43,122.941176470588,116.852941176471,34,66
5000,43,125.941176470588,110.441176470588,34,64
5100,43,129.121212121212,107.636363636364,33,66
5200,43,132.75,104.90625,32,62
5300,43,133.939393939394,100.424242424242,33,62
5400,43,136.967741935484,97.1290322580645,31,62
5500,43,142.5625,94.53125,32,64
5600,43,145.90625,96.125,32,64
5700,43,148.727272727273,101.363636363636,33,66
5800,43,148.53125,105.75,32,62
5900,43,148.942857142857,111,35,64
6000,43,148.366666666667,118.3,30,62
6100,43,153.65625,118.375,32,66
6200,43,158.709677419355,120.870967741935,31,64
6300,43,162.033333333333,118.3,30,62
6400,43,161.625,113.15625,32,60
6500,43,158.21875,112.21875,32,64
6600,43,152.363636363636,113.272727272727,33,64
6700,43,148.294117647059,115.794117647059,34,64
6800,43,148,120,33,64
6900,43,147.342857142857,125.057142857143,35,64
7000,43,145,129.354838709677,31,64
7100,43,140.28125,131.8125,32,64
7200,43,135.69696969697,134.484848484848,33,64
7300,43,130.794117647059,135.382352941176,34,66
7400,43,127.147058823529,140.470588235294,34,64
7500,43,127.969696969697,145.121212121212,33,66
7600,43,129.823529411765,150.088235294118,34,66
7700,43,128.636363636364,156.121212121212,33,66
7800,43,126.666666666667,160.366666666667,30,62
7900,43,125.294117647059,164.352941176471,34,64
8000,43,123.676470588235,170.852941176471,34,64
8100,43,122.6875,174.21875,32,64
8200,43,124.46875,176.53125,32,62
8300,43,128.212121212121,176.333333333333,33,64
8400,43,132.58064516129,179.967741935484,31,66
8500,43,137.333333333333,181.566666666667,30,64
8600,43,132.8125,184.5,32,62
8700,43,133,188.911764705882,34,64
8800,43,130.242424242424,189.090909090909,33,62
8900,43,134.225806451613,188.096774193548,31,62
9000,43,140.060606060606,190.121212121212,33,64
9100,43,142.46875,190.78125,32,64
9200,43,145,188.965517241379,29,64
9300,43,149.9,185.433333333333,30,64
9400,43,156.1875,183.75,32,62
9500,43,162.03125,179.96875,32,66
9600,43,158.794117647059,177.294117647059,34,64
9700,43,159.969696969697,171.272727272727,33,64
9800,43,160.828571428571,165.542857142857,35,66
9900,43,164.558823529412,164,34,66
10000,43,168.483870967742,162.838709677419,31,62
0,44,50.3333333333333,49.3333333333333,3,18
100,44,49.2121212121212,53.1515151515151,33,64
200,44,48.8787878787879,57.969696969697,33,64
300,44,48.5882352941176,63.8823529411765,34,64
400,44,48.65625,67.90625,32,62
500,44,52.2941176470588,68.5,34,62
600,44,52.4242424242424,73.969696969697,33,62
700,44,56.8235294117647,74.1470588235294,34,64
800,44,61.8484848484849,77.3939393939394,33,64
900,44,64.2727272727273,81.3939393939394,33,64
1000,44,68.1142857142857,84.4857142857143,35,64
1100,44,73.5,83.75,32,62
1200,44,77.3870967741936,83.9354838709678,31,62
1300,44,79.25,88.1875,32,62
1400,44,82.34375,93.90625,32,64
1500,44,80.4324324324324,96.7567567567568,37,66
1600,44,80.5,101.166666666667,30,62
1700,44,77.6333333333333,107,30,62
1800,44,76.4838709677419,111.096774193548,31,64
1900,44,76.8666666666667,115.366666666667,30,62
2000,44,71.75,118.53125,32,62
2100,44,68.3636363636364,123,33,66
2200,44,71.5625,128.1875,32,62
2300,44,77.6969696969697,126.242424242424,33,62
2400,44,83.5,122.875,32,62
2500,44,89.625,119.15625,32,60
2600,44,88.5454545454545,115.727272727273,33,64
2700,44,84.1515151515151,118.939393939394,33,64
2800,44,79.235294117647,121.735294117647,34,66
2900,44,72.3823529411765,124.294117647059,34,64
3000,44,69.4705882352941,123.617647058824,34,66
3100,44,66.3823529411765,119.676470588235,34,66
3200,44,68.1290322580645,113.58064516129,31,62
3300,44,72.5,110.53125,32,64
3400,44,77.4193548387097,106.483870967742,31,64
3500,44,79.5428571428572,102.914285714286,35,64
3600,44,85.3939393939394,100.242424242424,33,64
3700,44,88.6666666666667,99.3030303030303,33,64
3800,44,91.4242424242424,95.2424242424242,33,62
3900,44,88.2,92.4,30,64
4000,44,83.8181818181818,95.2727272727273,33,62
4100,44,83.4375,99.34375,32,64
4200,44,81.6470588235294,103.411764705882,34,64
4300,44,75.3,102.666666666667,30,64
4400,44,70.15625,102.65625,32,64
4500,44,66.8484848484849,102.606060606061,33,64
4600,44,60.5454545454546,105.393939393939,33,64
4700,44,59.1714285714286,104.714285714286,35,66
4800,44,54.375,100.40625,32,64
4900,44,49.2121212121212,98.7272727272727,33,64
5000,44,46,95.258064516129,31,62
5100,44,41.5161290322581,91.8709677419355,31,62
5200,44,44.8285714285714,86.9714285714286,35,64
5300,44,50.9,85.3666666666666,30,62
5400,44,54.8285714285714,87,35,64
5500,44,59.3823529411765,91.7941176470588,34,66
5600,44,62.65625,97.40625,32,66
5700,44,68.735294117647,103.029411764706,34,66
5800,44,70.8823529411764,107.352941176471,34,64
5900,44,70.1764705882353,112.823529411765,34,62
6000,44,65.34375,113.90625,32,62
6100,44,61.3548387096774,110.096774193548,31,62
6200,44,62,105.969696969697,33,64
6300,44,63.1818181818182,101.848484848485,33,64
6400,44,61.125,95,32,64
6500,44,57.1176470588235,97.7352941176471,34,66
6600,44,57.03125,103.5,32,66
6700,44,60.4545454545455,106.727272727273,33,64
6800,44,61.6388888888889,109.333333333333,36,66
6900,44,63.5,114.033333333333,30,64
7000,44,68.3030303030303,112.545454545455,33,64
7100,44,70.9117647058823,108.794117647059,34,64
7200,44,66.6451612903226,106.806451612903,31,66
7300,44,64.4242424242424,111.757575757576,33,62
7400,44,66.4375,118,32,66
7500,44,68.1764705882353,121.823529411765,34,62
7600,44,68.9375,127.53125,32,62
7700,44,64.7741935483871,131.838709677419,31,62
7800,44,59.7878787878788,134,33,64
7900,44,53.7272727272727,130.424242424242,33,64
8000,44,51.7096774193548,127.290322580645,31,60
8100,44,49.2666666666667,122.2,30,64
8200,44,46.5625,119.40625,32,62
8300,44,41.5333333333333,114.4,30,62
8400,44,39,117.4375,32,62
8500,44,35,117.5,32,62
8600,44,33.4848484848485,113.727272727273,33,64
8700,44,35.8484848484849,108.848484848485,33,64
8800,44,38.75,105.28125,32,62
8900,44,43.9090909090909,104.454545454545,33,62
9000,44,47.6875,108.65625,32,64
9100,44,44.1142857142857,109.485714285714,35,64
9200,44,42.4516129032258,115.032258064516,31,62
9300,44,45.90625,117.25,32,62
9400,44,46.8125,121.21875,32,62
9500,44,47.5757575757576,125.575757575758,33,64
9600,44,46,130.032258064516,31,64
9700,44,46.5882352941176,133.882352941176,34,64
9800,44,48.5454545454546,134.787878787879,33,62
9900,44,52.0909090909091,137.69696969697,33,62
10000,44,57.28125,140.625,32,62
0,45,50.75,50.5,4,24
100,45,54.0285714285714,46.1714285714286,35,64
200,45,57.6,44.1714285714286,35,66
300,45,55.3939393939394,45.8787878787879,33,64
400,45,54.5,51.09375,32,66
500,45,47.3333333333333,52.3,30,64
600,45,41.4333333333333,51.2,30,60
700,45,40,47.6969696969697,33,66
800,45,38.40625,43,32,62
900,45,33.4193548387097,40.0322580645161,31,64
1000,45,29.4848484848485,35.5757575757576,33,66
1100,45,25.9354838709677,34.5161290322581,31,64
1200,45,22.0294117647059,37.2647058823529,34,66
1300,45,18.0882352941176,39.0294117647059,34,66
1400,45,14.28125,43.8125,32,62
1500,45,14.0857142857143,49.3142857142857,35,64
1600,45,16.7352941176471,52.8235294117647,34,64
1700,45,13.90625,54.53125,32,66
1800,45,8.6875,52.90625,32,64
1900,45,3.84848484848485,50.8484848484849,33,66
2000,45,-0.290322580645153,49.8709677419355,31,62
2100,45,-3.1875,51.5625,32,62
2200,45,-7.8125,53.125,32,66
2300,45,-11.741935483871,55.6774193548387,31,62
2400,45,-10.4848484848485,59.5151515151515,33,64
2500,45,-10.030303030303,65.3939393939394,33,64
2600,45,-8.3,68.1,30,62
2700,45,-2.06451612903226,68.6129032258064,31,62
2800,45,3.875,63.9375,32,64
2900,45,6.91428571428571,59.3142857142857,35,64
3000,45,11.5806451612903,61.0967741935484,31,66
3100,45,17.4117647058823,58.8823529411765,34,64
3200,45,22.9090909090909,54.8484848484849,33,64
3300,45,27.6,49.4571428571429,35,66
3400,45,31.3333333333333,46.7333333333333,30,62
3500,45,36.4545454545455,46.7272727272727,33,64
3600,45,40.448275862069,46.7586206896552,29,60
3700,45,46.2571428571429,49.1142857142857,35,64
3800,45,45.125,52.78125,32,64
3900,45,42.9411764705882,56.1176470588235,34,64
4000,45,39.1818181818182,60.8181818181818,33,64
4100,45,33.5483870967742,65.258064516129,31,64
4200,45,28.1515151515152,67.4848484848485,33,62
4300,45,23.5,67.2857142857143,28,62
4400,45,17.1875,68.5,32,62
4500,45,11.84375,68.09375,32,64
4600,45,8.6875,66.71875,32,62
4700,45,4.85294117647059,63,34,64
4800,45,6.48484848484848,60.8484848484849,33,64
4900,45,6.44117647058823,56.5882352941176,34,66
5000,45,2.78125,51.125,32,66
5100,45,6.06060606060606,47.2121212121212,33,66
5200,45,8.03030303030303,43.2424242424242,33,64
5300,45,10.75,41.75,32,64
5400,45,14.6176470588235,41.0588235294118,34,64
5500,45,17.2058823529412,43.5588235294118,34,64
5600,45,20.625,44.625,32,64
5700,45,17.8125,46.8125,32,64
5800,45,14.0625,51.4375,32,64
5900,45,10.46875,50.0625,32,64
6000,45,7,49.3548387096774,31,66
6100,45,2.60606060606061,41.3333333333333,33,66
6200,45,-1.13513513513512,38.8378378378378,37,68
6300,45,-5.35483870967744,39.741935483871,31,60
6400,45,-6.2058823529412,46.1176470588235,34,64
6500,45,-7.57575757575758,51.0606060606061,33,64
6600,45,-3.18181818181816,51.0909090909091,33,66
6700,45,0.34375,46.1875,32,64
6800,45,3.25,40.28125,32,62
6900,45,9.02941176470588,39.0882352941177,34,64
7000,45,13.3030303030303,39.1515151515152,33,64
7100,45,17.741935483871,40.1612903225806,31,62
7200,45,22.3225806451613,38,31,62
7300,45,26.4722222222222,40.5277777777778,36,66
7400,45,22.5714285714286,42.2571428571429,35,66
7500,45,23.4193548387097,50.1290322580645,31,62
7600,45,24.1515151515152,54.4848484848485,33,62
7700,45,25.1764705882353,59,34,64
7800,45,22.0666666666667,61.1,30,62
7900,45,15,62.6,30,62
8000,45,9.70967741935483,64.3548387096774,31,64
8100,45,3.61290322580645,62.4516129032258,31,64
8200,45,-1.61764705882354,60.6176470588235,34,64
8300,45,-0.65625,58.125,32,64
8400,45,-1.90909090909091,56.5151515151515,33,62
8500,45,-0.151515151515156,60.1515151515151,33,62
8600,45,1.73529411764706,63.9117647058823,34,66
8700,45,4.59999999999999,67.1333333333333,30,64
8800,45,11.2,64.0857142857143,35,64
8900,45,11.90625,58.84375,32,64
9000,45,9.53333333333333,55.9,30,62
9100,45,7.65625,49.28125,32,64
9200,45,3.25,44.90625,32,64
9300,45,-1.82352941176472,45.7058823529412,34,64
9400,45,-3.82352941176472,49.3529411764706,34,64
9500,45,-1.54838709677421,54.4193548387097,31,60
9600,45,2.82352941176471,61.8235294117647,34,62
9700,45,-1.64705882352941,66.6470588235294,34,64
9800,45,-8.1818181818182,67.2727272727273,33,66
9900,45,-12.9090909090909,63.7575757575758,33,62
10000,45,-17.6764705882353,66.4411764705882,34,64
0,46,50.25,50,4,22
100,46,53.8181818181818,47.6969696969697,33,64
200,46,58.53125,45.21875,32,64
300,46,61.0967741935484,41.4516129032258,31,62
400,46,62.4705882352941,35.4117647058823,34,64
500,46,62.7272727272727,30.2121212121212,33,64
600,46,63.6666666666667,24.3636363636364,33,64
700,46,61.7666666666667,20.0333333333333,30,62
800,46,68,16.5625,32,64
900,46,70.0625,16.375,32,64
1000,46,67.5454545454546,9.45454545454546,33,64
1100,46,63.5,5.82352941176471,34,64
1200,46,59.5625,2.0625,32,62
1300,46,56.4411764705882,4.97058823529412,34,66
1400,46,50.6666666666667,10.5757575757576,33,62
1500,46,50.25,14.4375,32,62
1600,46,52,20,33,64
1700,46,54.8857142857143,21.7428571428571,35,64
1800,46,54.0882352941177,25.6176470588235,34,66
1900,46,56.53125,31.09375,32,64
2000,46,61.5882352941177,32.1176470588235,34,64
2100,46,62.4705882352941,38.1470588235294,34,64
2200,46,58.6764705882353,42.9117647058823,34,64
2300,46,55.030303030303,42.9090909090909,33,64
2400,46,54.34375,46.90625,32,62
2500,46,57.9354838709678,50.7741935483871,31,62
2600,46,60.5757575757576,47.9393939393939,33,62
2700,46,63.8235294117647,42.2352941176471,34,64
2800,46,65.46875,37.84375,32,66
2900,46,62.0967741935484,31.6451612903226,31,64
3000,46,59.8125,29,32,62
3100,46,57.2121212121212,36.7272727272727,33,64
3200,46,51.3870967741935,39.0645161290323,31,64
3300,46,50.8529411764706,42.2941176470588,34,64
3400,46,54.9032258064516,47.7741935483871,31,62
3500,46,60.75,50.34375,32,66
3600,46,65.3823529411765,50.8529411764706,34,64
3700,46,68.1935483870968,46.0645161290323,31,64
3800,46,64.96875,47.6875,32,64
3900,46,64.5,52.6333333333333,30,62
4000,46,70.030303030303,58.2424242424242,33,64
4100,46,74.7575757575757,58.4848484848485,33,64
4200,46,81.2903225806452,55.4516129032258,31,62
4300,46,85.8064516129032,51.3548387096774,31,62
4400,46,89.4193548387097,45.8709677419355,31,64
4500,46,92.5,49,34,62
4600,46,99.7575757575758,48.1515151515151,33,66
4700,46,105.558823529412,45.4705882352941,34,66
4800,46,108.677419354839,41.9354838709677,31,62
4900,46,107.818181818182,36.2424242424242,33,64
5000,46,109.6,29.8,30,62
5100,46,114.555555555556,29,36,66
5200,46,118.41935483871,32.3548387096774,31,64
5300,46,120.647058823529,37.3235294117647,34,66
5400,46,120.878787878788,42.6060606060606,33,64
5500,46,119.354838709677,45.8709677419355,31,62
5600,46,115.529411764706,48.8823529411765,34,66
5700,46,111.625,52.6875,32,62
5800,46,107.588235294118,58.3235294117647,34,64
5900,46,108.060606060606,63.9393939393939,33,64
6000,46,107.96875,67.78125,32,64
6100,46,107,73.030303030303,33,64
6200,46,104.090909090909,73.4848484848485,33,62
6300,46,102.4375,68.3125,32,64
6400,46,105.625,64.5,32,66
6500,46,102.885714285714,62.7428571428572,35,64
6600,46,99.0571428571429,63.4285714285714,35,64
6700,46,93.6129032258064,63.5161290322581,31,62
6800,46,91.0967741935484,66.6129032258065,31,62
6900,46,90,71.2058823529412,34,64
7000,46,89,74.5833333333333,36,66
7100,46,93.28125,76.96875,32,64
7200,46,95.84375,73.125,32,64
7300,46,100.1875,68.03125,32,64
7400,46,107.5,64.25,32,64
7500,46,111.264705882353,60.3235294117647,34,64
7600,46,109.941176470588,57.8235294117647,34,66
7700,46,116.28125,52.75,32,62
7800,46,119.5,50.1875,32,62
7900,46,121.53125,46.5625,32,62
8000,46,122.1875,41.15625,32,62
8100,46,120.852941176471,32.6470588235294,34,64
8200,46,120.848484848485,26.8181818181818,33,64
8300,46,123.466666666667,25.1,30,62
8400,46,125.657142857143,29.0571428571429,35,64
8500,46,120.516129032258,32.8387096774194,31,62
8600,46,113.212121212121,33.3939393939394,33,64
8700,46,109.068965517241,28.3103448275862,29,60
8800,46,109.8,24.8,30,60
8900,46,114.393939393939,23,33,64
9000,46,117.1,23.5333333333333,30,64
9100,46,114.645161290323,18.7741935483871,31,62
9200,46,112.588235294118,16.2352941176471,34,66
9300,46,109.676470588235,13.2058823529412,34,66
9400,46,109.40625,7.25,32,64
9500,46,109.314285714286,0.399999999999999,35,64
9600,46,105,-5.36666666666667,30,62
9700,46,100.9,-8.66666666666669,30,64
9800,46,96.34375,-7.78125,32,62
9900,46,94.90625,-1.6875,32,68
10000,46,92.735294117647,1.41176470588235,34,66
0,47,49,50.3333333333333,3,20
100,47,48.9428571428572,47.0285714285714,35,66
200,47,42.2424242424242,43.3030303030303,33,66
300,47,36.8709677419355,44.8387096774194,31,64
400,47,31.0294117647059,42.6176470588235,34,66
500,47,29.75,41.1875,32,62
600,47,31.1142857142857,36.5428571428572,35,66
700,47,32.5151515151515,33.3939393939394,33,62
800,47,31.34375,27.78125,32,62
900,47,27.65625,26.71875,32,64
1000,47,25.0909090909091,27.3030303030303,33,62
1100,47,22.2571428571429,31.8285714285714,35,66
1200,47,22.28125,33.4375,32,64
1300,47,25.6875,38.625,32,62
1400,47,31.3333333333333,40,33,66
1500,47,36.1212121212121,39.8484848484849,33,66
1600,47,36.75,44.34375,32,64
1700,47,32.3333333333333,49.4545454545455,33,64
1800,47,34.4375,55,32,62
1900,47,37.1818181818182,54.969696969697,33,62
2000,47,42.6060606060606,57.1515151515151,33,66
2100,47,46.2121212121212,62.3939393939394,33,64
2200,47,47.0857142857143,66.6285714285714,35,66
2300,47,48.5,70.5882352941177,34,64
2400,47,53.2258064516129,72.2903225806452,31,64
2500,47,55.0882352941177,76.2352941176471,34,64
2600,47,56.59375,81.375,32,62
2700,47,54.969696969697,86.4242424242424,33,64
2800,47,61.3,90.1666666666667,30,62
2900,47,64.4285714285714,93.7428571428572,35,66
3000,47,69.516129032258,92.8064516129032,31,64
3100,47,72.71875,87.4375,32,62
3200,47,71.5,84.5,34,66
3300,47,67.8125,85.4375,32,64
3400,47,65.0625,88.625,32,64
3500,47,60.4545454545455,88.8484848484848,33,64
3600,47,56.3823529411765,89.6764705882353,34,64
3700,47,49.9393939393939,86.8181818181818,33,64
3800,47,46.3636363636364,88.7878787878788,33,66
3900,47,43.9032258064516,90.8387096774194,31,62
4000,47,40.6060606060606,91.6666666666667,33,64
4100,47,41.4545454545455,95.1515151515152,33,64
4200,47,47.6875,95.59375,32,64
4300,47,53.1034482758621,96.1379310344828,29,62
4400,47,55.7878787878788,101.333333333333,33,64
4500,47,57.6666666666667,103.333333333333,33,64
4600,47,60.78125,99.1875,32,64
4700,47,56.9032258064516,92.6774193548387,31,64
4800,47,51.2058823529412,91.7058823529412,34,64
4900,47,45.030303030303,94.030303030303,33,64
5000,47,42.6060606060606,95.5151515151516,33,62
5100,47,46.1612903225806,99.3548387096774,31,64
5200,47,50.3235294117647,105.323529411765,34,66
5300,47,53.6774193548387,109.290322580645,31,62
5400,47,54.1470588235294,113.705882352941,34,64
5500,47,49.0333333333333,116.933333333333,30,62
5600,47,46.1176470588235,114.852941176471,34,64
5700,47,41.2352941176471,109.117647058824,34,64
5800,47,36.96875,105.09375,32,64
5900,47,33.5333333333333,102.1,30,62
6000,47,27.9354838709677,101.161290322581,31,62
6100,47,22.5625,97.5625,32,62
6200,47,17.8857142857143,96.0571428571429,35,64
6300,47,20.8787878787879,92.939393939394,33,64
6400,47,25.7058823529412,91.6470588235294,34,64
6500,47,27.7647058823529,89.0588235294118,34,66
6600,47,30.7647058823529,86.5,34,66
6700,47,31.9428571428571,82.3428571428571,35,64
6800,47,32.34375,77.21875,32,64
6900,47,30.21875,72.90625,32,64
7000,47,32.7272727272727,67.9090909090909,33,64
7100,47,38,63.40625,32,64
7200,47,38.8125,59.3125,32,62
7300,47,33.030303030303,61.9090909090909,33,66
7400,47,30.15625,64.59375,32,64
7500,47,26.59375,65.03125,32,64
7600,47,22.84375,61.53125,32,64
7700,47,18.875,59.96875,32,64
7800,47,13.34375,56.625,32,62
7900,47,11.1764705882353,50.7941176470588,34,66
8000,47,7.70967741935484,48.4516129032258,31,62
8100,47,4.81818181818182,46.969696969697,33,62
8200,47,5.45161290322581,41.2258064516129,31,62
8300,47,1.21212121212121,39.9090909090909,33,62
8400,47,-5.10000000000002,39.8333333333333,30,62
8500,47,-6.54545454545456,35.4848484848485,33,64
8600,47,-2.34375,31.09375,32,62
8700,47,3.41935483870968,31.5483870967742,31,60
8800,47,9.42424242424242,33.6666666666667,33,62
8900,47,13.9090909090909,33.6969696969697,33,62
9000,47,16.0294117647059,38.235294117647,34,64
9100,47,14.3428571428571,44.2857142857143,35,66
9200,47,11.6333333333333,48.4333333333333,30,62
9300,47,8.05714285714285,50.6857142857143,35,66
9400,47,11.0666666666667,54.7666666666667,30,60
9500,47,11.741935483871,58.1612903225806,31,62
9600,47,17.2647058823529,59,34,64
9700,47,21.3235294117647,55.0882352941177,34,64
9800,47,18.7058823529412,49.5,34,62
9900,47,12.5483870967742,50,31,64
10000,47,8.06060606060606,50.5151515151515,33,64
0,48,50,50.5,2,14
100,48,51.34375,48.03125,32,64
200,48,55.8181818181818,45.2727272727273,33,64
300,48,61.65625,46.78125,32,66
400,48,66.235294117647,42.4411764705882,34,64
500,48,69.4516129032258,45.6451612903226,31,66
600,48,74.28125,47.8125,32,62
700,48,79.1515151515151,45.7575757575758,33,64
800,48,79.9375,42.1875,32,64
900,48,73.7741935483871,41.1612903225806,31,62
1000,48,67.6666666666667,41.2333333333333,30,62
1100,48,63.4705882352941,39.1764705882353,34,68
1200,48,58.6875,42.3125,32,64
1300,48,54.6333333333334,42.6333333333333,30,62
1400,48,51.4705882352941,38.2941176470588,34,66
1500,48,49.3030303030303,33.0909090909091,33,64
1600,48,44.2727272727273,34.6363636363636,33,62
1700,48,38.7741935483871,40.1612903225806,31,62
1800,48,34.7,45.8333333333333,30,62
1900,48,32.9090909090909,49.6666666666667,33,64
2000,48,29.6857142857143,55.1714285714286,35,64
2100,48,33.9354838709678,58.7741935483871,31,64
2200,48,39.53125,64.3125,32,64
2300,48,39.8125,71.09375,32,64
2400,48,36.3333333333333,68.7575757575758,33,66
2500,48,31.7878787878788,66.0909090909091,33,66
2600,48,31.1818181818182,63.7878787878788,33,64
2700,48,32.2424242424242,70.2121212121212,33,64
2800,48,32.7428571428571,73.5428571428571,35,64
2900,48,36.75,73.96875,32,66
3000,48,34.5588235294118,69.4117647058823,34,66
3100,48,29.1935483870968,68.3548387096774,31,60
3200,48,24.53125,70.96875,32,66
3300,48,21.9117647058824,68.6176470588235,34,64
3400,48,19.375,64.375,32,64
3500,48,15.0882352941176,67.9411764705882,34,64
3600,48,14.5666666666667,71.8,30,62
3700,48,18.5151515151515,76.3333333333333,33,64
3800,48,19.8125,80.53125,32,62
3900,48,21.5625,86.90625,32,62
4000,48,22.2727272727273,92.1818181818182,33,64
4100,48,21.84375,96.71875,32,62
4200,48,23.7878787878788,102.636363636364,33,66
4300,48,22.7333333333333,109.033333333333,30,62
4400,48,26.09375,115.125,32,64
4500,48,24.0909090909091,117.878787878788,33,66
4600,48,26.6176470588235,114.382352941176,34,64
4700,48,31,111.625,32,64
4800,48,33.6969696969697,107.333333333333,33,64
4900,48,28.2424242424242,102.363636363636,33,64
5000,48,24.9411764705882,100.558823529412,34,66
5100,48,21.0909090909091,101.69696969697,33,62
5200,48,23.2571428571429,108.542857142857,35,64
5300,48,31.6470588235294,112.558823529412,34,64
5400,48,37.1818181818182,111.272727272727,33,64
5500,48,42.0645161290323,117.225806451613,31,62
5600,48,48.0645161290323,120.290322580645,31,64
5700,48,52.9090909090909,122.787878787879,33,64
5800,48,53.3666666666667,128.2,30,62
5900,48,53.9375,132.1875,32,64
6000,48,54.6774193548387,137.258064516129,31,64
6100,48,55.3333333333333,142.424242424242,33,62
6200,48,56.6176470588235,148.941176470588,34,64
6300,48,60.78125,153.8125,32,62
6400,48,60.0967741935484,157.774193548387,31,62
6500,48,61.8235294117647,162.882352941176,34,64
6600,48,66.1290322580645,165.58064516129,31,62
6700,48,70.5277777777778,166.055555555556,36,68
6800,48,73.5294117647059,169.058823529412,34,64
6900,48,73.2571428571428,172.771428571429,35,64
7000,48,72.9677419354839,178.193548387097,31,62
7100,48,70.8125,183.28125,32,66
7200,48,70.7777777777778,187.972222222222,36,66
7300,48,70.5882352941177,194.882352941176,34,64
7400,48,72.0882352941176,200.323529411765,34,64
7500,48,69,205.78125,32,62
7600,48,67.9705882352941,209.705882352941,34,64
7700,48,62.3714285714286,210.771428571429,35,68
7800,48,62.5,205.875,32,62
7900,48,64.875,203.15625,32,62
8000,48,66.1,195.233333333333,30,64
8100,48,64.3225806451613,189.354838709677,31,66
8200,48,59.8181818181818,190.151515151515,33,66
8300,48,57.7575757575758,193.242424242424,33,66
8400,48,56.21875,197.5,32,64
8500,48,55.3055555555556,200.944444444444,36,66
8600,48,57.8064516129032,206.290322580645,31,60
8700,48,62.2333333333333,206.266666666667,30,60
8800,48,66,204.935483870968,31,62
8900,48,70.3939393939394,202.757575757576,33,66
9000,48,76.4571428571429,200.314285714286,35,66
9100,48,78.1470588235294,195.470588235294,34,64
9200,48,80.0645161290323,188.612903225806,31,64
9300,48,79.9375,184.0625,32,64
9400,48,74.9032258064516,181.870967741935,31,62
9500,48,71.9117647058823,182.735294117647,34,64
9600,48,67.9393939393939,186.575757575758,33,64
9700,48,64,190,33,64
9800,48,66.0909090909091,196.727272727273,33,64
9900,48,70.7878787878788,199.393939393939,33,66
10000,48,75.1,203.3,30,64
0,49,50.5,50,2,14
100,49,53.3030303030303,46.7272727272727,33,64
200,49,61.0909090909091,46.4242424242424,33,64
300,49,65.65625,46.84375,32,62
400,49,64.46875,42.96875,32,64
500,49,59.3870967741935,40,31,62
600,49,59.4193548387097,41.8064516129032,31,62
700,49,64.0571428571429,45.3428571428571,35,64
800,49,67.969696969697,44.3636363636364,33,64
900,49,72.6764705882353,45,34,64
1000,49,79.4838709677419,45.7741935483871,31,64
1100,49,84.625,44.1875,32,64
1200,49,90.7058823529412,47.3235294117647,34,64
1300,49,95.75,49.9375,32,64
1400,49,100.294117647059,48.5,34,62
1500,49,102.393939393939,45,33,64
1600,49,100.939393939394,40.6363636363636,33,66
1700,49,94.25,38.1875,32,62
1800,49,89.6875,40.125,32,64
1900,49,85.0322580645161,37.8064516129032,31,64
2000,49,82.9375,42.40625,32,64
2100,49,80.2727272727273,46.0909090909091,33,64
2200,49,75.5454545454546,47.2121212121212,33,62
2300,49,70.2424242424242,45.7575757575758,33,64
2400,49,66.71875,45.71875,32,62
2500,49,64.1666666666667,50.4444444444444,36,66
2600,49,71.5454545454546,54.2121212121212,33,64
2700,49,75.5625,60.75,32,66
2800,49,81,58.5142857142857,35,66
2900,49,88.6666666666667,60.6944444444444,36,68
3000,49,91.4545454545454,63.8181818181818,33,64
3100,49,88.4516129032258,66.4516129032258,31,62
3200,49,83.1470588235294,67.2352941176471,34,66
3300,49,81.3225806451613,70.7741935483871,31,62
3400,49,86.3235294117647,74.4117647058823,34,64
3500,49,89.6969696969697,73.8787878787879,33,64
3600,49,88.0645161290323,68.1935483870968,31,62
3700,49,88.4242424242424,71.2424242424242,33,62
3800,49,88.9090909090909,76.6666666666667,33,64
3900,49,92.1764705882353,80.5,34,64
4000,49,97.09375,81.96875,32,64
4100,49,102.8125,83.65625,32,64
4200,49,105.625,88,32,66
4300,49,104.290322580645,92.8387096774194,31,64
4400,49,99.1212121212121,91.5757575757576,33,64
4500,49,93.34375,87.53125,32,64
4600,49,92.84375,82.375,32,60
4700,49,97.9411764705882,79.8529411764706,34,64
4800,49,101.382352941176,75.2941176470588,34,66
4900,49,97,72.7666666666667,30,62
5000,49,95.46875,68.84375,32,66
5100,49,91.8125000000001,67.25,32,62
5200,49,86.9705882352941,65.0882352941177,34,64
5300,49,88.125,60.46875,32,64
5400,49,92,61.4375,32,62
5500,49,90.0857142857143,64.7428571428572,35,66
5600,49,95.3125,67.3125,32,66
5700,49,99.7666666666667,70.2666666666667,30,60
5800,49,103.828571428571,65.4,35,66
5900,49,109.424242424242,64.6666666666667,33,64
6000,49,115.5,66,34,62
6100,49,121.212121212121,64.8181818181818,33,66
6200,49,124.30303030303,61.7575757575758,33,62
6300,49,126.272727272727,56.8484848484849,33,66
6400,49,130.5,52.3823529411765,34,66
6500,49,134.034482758621,50.6206896551724,29,60
6600,49,141.818181818182,53.2727272727273,33,62
6700,49,146.064516129032,52,31,64
6800,49,152.25,49.46875,32,62
6900,49,157.25,45.5625,32,62
7000,49,161.909090909091,47.4242424242424,33,64
7100,49,164.833333333333,53.6666666666667,30,64
7200,49,160.709677419355,57.7096774193548,31,64
7300,49,162.176470588235,60.5882352941177,34,64
7400,49,168,61.4,30,62
7500,49,173.935483870968,62.0967741935484,31,62
7600,49,179,65.5,32,62
7700,49,180.5625,69.125,32,64
7800,49,183.375,74.1875,32,64
7900,49,179.21875,78.25,32,66
8000,49,174.4375,73.78125,32,62
8100,49,175.969696969697,70.5757575757576,33,66
8200,49,175.090909090909,65.1515151515152,33,64
8300,49,179.0625,63.90625,32,64
8400,49,181.375,67.875,32,64
8500,49,181.1875,75.78125,32,62
8600,49,177.588235294118,79.9117647058823,34,64
8700,49,176.181818181818,87.3333333333333,33,64
8800,49,174.266666666667,91.8,30,60
8900,49,176.235294117647,93.8823529411764,34,66
9000,49,173.424242424242,97.030303030303,33,62
9100,49,167.15625,95.90625,32,64
9200,49,163.794117647059,99.2352941176471,34,64
9300,49,164.606060606061,101.787878787879,33,64
9400,49,169.666666666667,102.848484848485,33,66
9500,49,171.28125,102.75,32,62
9600,49,174.264705882353,108.176470588235,34,64
9700,49,171.9375,108.46875,32,64
9800,49,168.090909090909,105.030303030303,33,64
9900,49,165.1875,102.65625,32,64
10000,49,162.484848484848,101.151515151515,33,66
0,50,50,50,1,8
100,50,51.8611111111111,47.6666666666667,36,68
200,50,56.7058823529412,46.7352941176471,34,64
300,50,56.8064516129032,41.8064516129032,31,62
400,50,56.2258064516129,35.9032258064516,31,62
500,50,57.59375,29.5625,32,62
600,50,57.3666666666667,22.9666666666667,30,60
700,50,59.1875,20.8125,32,66
800,50,64.3030303030303,19.7575757575758,33,64
900,50,66.5294117647059,22.3529411764706,34,66
1000,50,71.6875,22.8125,32,62
1100,50,74.6176470588235,16.8529411764706,34,64
1200,50,80.2121212121212,16.8181818181818,33,64
1300,50,83.8823529411764,20.9411764705882,34,64
1400,50,87.6470588235294,25.5294117647059,34,64
1500,50,89.5625,26.90625,32,62
1600,50,91.6764705882353,30.0882352941176,34,64
1700,50,94.5,37.2941176470588,34,68
1800,50,96.46875,43.5625,32,64
1900,50,94.3636363636364,47.1212121212121,33,64
2000,50,95.8529411764706,52,34,64
2100,50,100.46875,55.96875,32,62
2200,50,103.866666666667,60.5333333333334,30,60
2300,50,103.4,67.3666666666667,30,62
2400,50,105.290322580645,70,31,62
2500,50,110.5,67.625,32,62
2600,50,115.515151515152,65.8484848484848,33,62
2700,50,121.090909090909,61.0909090909091,33,64
2800,50,121.571428571429,63.2857142857143,35,66
2900,50,122.090909090909,67.8787878787879,33,66
3000,50,122.305555555556,72.5,36,66
3100,50,128.290322580645,73.7096774193548,31,64
3200,50,133.366666666667,77.9666666666667,30,64
3300,50,138.46875,83.03125,32,62
3400,50,143.21875,85.90625,32,64
3500,50,141.172413793103,82.1034482758621,29,62
3600,50,141.212121212121,77.969696969697,33,64
3700,50,145.454545454545,71.8787878787879,33,66
3800,50,144.882352941176,67.5882352941177,34,64
3900,50,140.28125,64.90625,32,64
4000,50,134.151515151515,67.4545454545454,33,66
4100,50,130.90625,72.25,32,66
4200,50,128.909090909091,77.4242424242424,33,64
4300,50,125.735294117647,81,34,62
4400,50,123.272727272727,86.4242424242424,33,66
4500,50,119.6875,92.125,32,64
4600,50,121.181818181818,96.2727272727273,33,62
4700,50,126,99,34,66
4800,50,127.117647058824,104.264705882353,34,66
4900,50,124.8125,108.15625,32,64
5000,50,120.545454545455,111.090909090909,33,64
5100,50,120.333333333333,115.515151515152,33,64
5200,50,119.228571428571,118.371428571429,35,64
5300,50,116.875,117.28125,32,64
5400,50,112.8,113.466666666667,30,60
5500,50,109.171428571429,118.514285714286,35,66
5600,50,106.064516129032,118.258064516129,31,62
5700,50,103.032258064516,112.516129032258,31,64
5800,50,100.558823529412,109.588235294118,34,64
5900,50,100.3125,104.625,32,62
6000,50,103.387096774194,102.193548387097,31,62
6100,50,109.258064516129,98.6129032258064,31,60
6200,50,112.066666666667,94.2333333333333,30,62
6300,50,116.823529411765,97.1470588235294,34,68
6400,50,112.794117647059,101.735294117647,34,64
6500,50,107.676470588235,101.735294117647,34,66
6600,50,104.090909090909,100.424242424242,33,64
6700,50,100.5625,101.4375,32,62
6800,50,98.4242424242424,105.818181818182,33,64
6900,50,101.5,108.705882352941,34,62
7000,50,106.34375,108.1875,32,66
7100,50,112.78125,110.4375,32,64
7200,50,117.176470588235,111.264705882353,34,64
7300,50,120.657142857143,108.057142857143,35,64
7400,50,124.771428571429,111,35,64
7500,50,127.909090909091,117.848484848485,33,64
7600,50,132.363636363636,121,33,64
7700,50,134.69696969697,125.333333333333,33,64
7800,50,138.735294117647,129.088235294118,34,64
7900,50,140.5,133.09375,32,62
8000,50,136.53125,136.15625,32,64
8100,50,131.727272727273,137.424242424242,33,64
8200,50,126.909090909091,134.272727272727,33,64
8300,50,125.333333333333,131.30303030303,33,64
8400,50,118.735294117647,128.235294117647,34,64
8500,50,115.030303030303,126.818181818182,33,64
8600,50,109.088235294118,125.647058823529,34,64
8700,50,101.225806451613,125.870967741935,31,62
8800,50,94.9411764705882,124.764705882353,34,64
8900,50,89.8529411764706,123.617647058824,34,64
9000,50,90.0588235294118,118.441176470588,34,64
9100,50,93.2857142857143,117.142857142857,35,66
9200,50,97.3225806451613,112.290322580645,31,64
9300,50,100.764705882353,108.735294117647,34,66
9400,50,104.545454545455,102.848484848485,33,66
9500,50,103.59375,97.0625,32,64
9600,50,104.935483870968,91.3225806451613,31,62
9700,50,106.333333333333,87.9393939393939,33,62
9800,50,105.30303030303,82,33,64
9900,50,104,75.03125,32,64
10000,50,103.741935483871,70.3548387096774,31,62
0,51,50,50,1,8
100,51,52.4571428571429,48.4857142857143,35,66
200,51,53.2857142857143,51.6,35,64
300,51,51.6363636363636,56.7575757575758,33,64
400,51,52.6363636363636,61.7575757575758,33,64
500,51,49.84375,65.53125,32,62
600,51,46.5,71,32,64
700,51,50.0344827586207,72.9655172413793,29,62
800,51,53,70.0645161290322,31,62
900,51,58.6875,67.9375,32,64
1000,51,57.5161290322581,61.0645161290323,31,62
1100,51,60.9142857142857,58.2857142857143,35,66
1200,51,66.1612903225807,53.4193548387097,31,62
1300,51,62.9705882352941,49.0882352941177,34,64
1400,51,65.0909090909091,54.1515151515151,33,64
1500,51,65.21875,58.8125,32,64
1600,51,62.7878787878788,64.8787878787879,33,66
1700,51,61.1515151515151,71.0909090909091,33,64
1800,51,60.09375,73.6875,32,62
1900,51,58.0666666666667,69.5666666666667,30,62
2000,51,61.4285714285714,66.0857142857143,35,64
2100,51,62.09375,59.875,32,64
2200,51,60.0909090909091,54.1515151515152,33,64
2300,51,61.5882352941177,47.9117647058823,34,64
2400,51,63.7333333333333,43.6333333333333,30,60
2500,51,58.7352941176471,42.9117647058823,34,64
2600,51,54.0588235294118,44.5588235294118,34,64
2700,51,49.3030303030303,47.1818181818182,33,66
2800,51,44.1666666666667,50.9444444444444,36,66
2900,51,39.4516129032258,52.1935483870968,31,62
3000,51,35.3939393939394,55.8787878787879,33,66
3100,51,36.125,62.9375,32,64
3200,51,33.8181818181818,65.2424242424242,33,66
3300,51,31.8484848484848,67.0909090909091,33,62
3400,51,36.5483870967742,68.741935483871,31,62
3500,51,36.8125,74.1875,32,62
3600,51,33.1515151515151,74.2121212121212,33,66
3700,51,29,74.1764705882353,34,64
3800,51,23.3125,69.9375,32,64
3900,51,25.0909090909091,64.8787878787878,33,64
4000,51,22.0322580645161,59.8387096774194,31,64
4100,51,18.3030303030303,57.2424242424243,33,62
4200,51,19.4,54.3666666666667,30,62
4300,51,21.5588235294118,49.9705882352941,34,66
4400,51,26.8181818181818,46.6363636363636,33,64
4500,51,31.53125,43.375,32,66
4600,51,35.75,40.28125,32,62
4700,51,40.1515151515151,38.2727272727273,33,64
4800,51,44,35.5,34,62
4900,51,45.1935483870968,36.1612903225806,31,64
5000,51,50.5151515151515,42.4848484848485,33,64
5100,51,54.6756756756757,43.6216216216216,37,66
5200,51,53.8181818181818,49.3939393939394,33,64
5300,51,58.0967741935484,53.9677419354839,31,62
5400,51,61.1935483870968,51.5483870967742,31,60
5500,51,64.6666666666667,52.7333333333333,30,62
5600,51,68.4848484848485,56.1515151515151,33,62
5700,51,74.0967741935484,59.6774193548387,31,62
5800,51,78.96875,60.6875,32,64
5900,51,78.9677419354839,64.5483870967742,31,64
6000,51,81.6571428571429,67.9428571428571,35,64
6100,51,87,63.9117647058823,34,64
6200,51,87.78125,59.90625,32,64
6300,51,84.6,56.6857142857143,35,64
6400,51,80.258064516129,52.741935483871,31,62
6500,51,76.9032258064516,54,31,62
6600,51,71.65625,52.5625,32,62
6700,51,72.2424242424242,47.5757575757576,33,62
6800,51,76.2121212121212,46.7878787878788,33,64
6900,51,81.0909090909091,46.5454545454545,33,66
7000,51,82.2258064516129,52.8387096774194,31,62
7100,51,89.2,53.6,35,66
7200,51,95.34375,52.28125,32,62
7300,51,100.741935483871,51.3870967741936,31,60
7400,51,103.764705882353,44.0588235294118,34,66
7500,51,100.823529411765,41,34,64
7600,51,94.3870967741936,42.0967741935484,31,64
7700,51,92.0909090909091,44.1515151515151,33,62
7800,51,90.6857142857143,50.9142857142857,35,66
7900,51,91.8064516129032,54.4516129032258,31,62
8000,51,96.9696969696969,60.3030303030303,33,64
8100,51,96.2352941176471,66.5588235294118,34,66
8200,51,95.2903225806452,72.1290322580645,31,64
8300,51,90.6470588235294,76.0588235294118,34,66
8400,51,85.7714285714286,77.4,35,66
8500,51,82.21875,74.53125,32,64
8600,51,79.4375,70.15625,32,62
8700,51,77.0588235294118,66.3823529411765,34,64
8800,51,73.7272727272727,62.6666666666667,33,64
8900,51,72.7575757575758,59.3636363636364,33,64
9000,51,68.4117647058823,55.3529411764706,34,64
9100,51,64,55.5172413793103,29,60
9200,51,64,59.5588235294118,34,66
9300,51,61.2058823529412,64,34,66
9400,51,55.1935483870968,63.3870967741935,31,62
9500,51,51.9393939393939,61.030303030303,33,64
9600,51,46.8181818181818,60.6060606060606,33,64
9700,51,46.7575757575758,63.0909090909091,33,62
9800,51,51.3235294117647,65.0588235294117,34,64
9900,51,57.2121212121212,67.8787878787879,33,66
10000,51,61.9090909090909,69.8484848484849,33,64
0,52,50,50,1,8
100,52,49.2121212121212,53.7575757575758,33,64
200,52,50.8064516129032,59.1612903225806,31,64
300,52,46.53125,63.625,32,64
400,52,42.875,60.75,32,66
500,52,41.5806451612903,56.7741935483871,31,62
600,52,41.9677419354839,52.1935483870968,31,62
700,52,46.4848484848485,50.0909090909091,33,62
800,52,52.0909090909091,52.5454545454545,33,62
900,52,54.3235294117647,48.2941176470588,34,66
1000,52,51.6470588235294,44,34,66
1100,52,47.2121212121212,47.8181818181818,33,66
1200,52,46.8787878787879,50.3939393939394,33,66
1300,52,44.21875,56.5625,32,66
1400,52,41.741935483871,59.7741935483871,31,62
1500,52,42.3823529411765,64.8823529411765,34,66
1600,52,44.1428571428571,70.9142857142857,35,64
1700,52,41.96875,75.6875,32,64
1800,52,40.2903225806452,77.9677419354838,31,64
1900,52,46.1142857142857,79.6,35,66
2000,52,54.4545454545455,80.7272727272727,33,64
2100,52,59.46875,78.1875,32,64
2200,52,62.875,72.0625,32,64
2300,52,62.4705882352941,69.1470588235294,34,64
2400,52,57.4848484848485,67.0909090909091,33,64
2500,52,51.4193548387097,67.8709677419355,31,62
2600,52,47.1612903225806,66,31,62
2700,52,40.125,63.1875,32,62
2800,52,35.7647058823529,61.5294117647059,34,64
2900,52,32.53125,58,32,64
3000,52,27.5151515151515,56.2121212121212,33,64
3100,52,23.4411764705882,55.7352941176471,34,64
3200,52,20,50.9032258064516,31,64
3300,52,18.1935483870968,46.8387096774194,31,62
3400,52,12.75,42.9375,32,66
3500,52,10.3225806451613,44.0967741935484,31,66
3600,52,9.29411764705882,39.9117647058824,34,66
3700,52,7.58823529411765,35.8529411764706,34,66
3800,52,3.72727272727273,39.2727272727273,33,64
3900,52,3.9375,45.59375,32,64
4000,52,8.06451612903226,47.3870967741935,31,64
4100,52,12.3,42.9,30,60
4200,52,16.0606060606061,38.6363636363636,33,64
4300,52,13.9117647058824,34.7352941176471,34,64
4400,52,11.6666666666667,30.4166666666667,36,66
4500,52,11.0625,25.75,32,64
4600,52,8.75757575757576,22.7878787878788,33,64
4700,52,1.41935483870968,23.3548387096774,31,64
4800,52,-2.2121212121212,17.9090909090909,33,62
4900,52,0.806451612903231,14.5483870967742,31,60
5000,52,5.87096774193549,17.2258064516129,31,66
5100,52,9.93939393939394,17.7272727272727,33,64
5200,52,14.0666666666667,16.9333333333333,30,62
5300,52,17,15,33,64
5400,52,20.9333333333333,11.1666666666667,30,62
5500,52,24.6129032258064,7.35483870967742,31,62
5600,52,26.7,2.3,30,60
5700,52,29.3939393939394,-2.90909090909088,33,64
5800,52,26,-8.8125,32,62
5900,52,20.8387096774194,-11.2903225806452,31,64
6000,52,15.3225806451613,-14.3548387096774,31,62
6100,52,9.76666666666667,-15,30,62
6200,52,5.09090909090909,-16.7575757575758,33,62
6300,52,1.97058823529412,-15.735294117647,34,66
6400,52,-1.88235294117646,-10.9411764705883,34,64
6500,52,-6,-12.3870967741936,31,62
6600,52,-10.4375,-8.87500000000004,32,62
6700,52,-14,-3.30303030303028,33,64
6800,52,-13.125,2.53125,32,62
6900,52,-7.25806451612904,4.74193548387098,31,62
7000,52,-3.63636363636364,6.75757575757575,33,64
7100,52,1.0625,2.4375,32,64
7200,52,5.6774193548387,2.16129032258064,31,64
7300,52,9.15151515151516,-0.818181818181785,33,64
7400,52,3.41176470588235,-5.88235294117646,34,64
7500,52,0.588235294117652,-8.11764705882356,34,64
7600,52,-2.5625,-11.25,32,62
7700,52,-4.0967741935484,-14.741935483871,31,62
7800,52,-6.89655172413792,-18.6551724137931,29,62
7900,52,-5.8125,-21.5,32,62
8000,52,-1.3125,-24.46875,32,62
8100,52,5.03030303030303,-23,33,64
8200,52,9.96875,-22.90625,32,62
8300,52,13.6363636363636,-22.8181818181818,33,64
8400,52,16.6363636363636,-27.1515151515152,33,64
8500,52,14.6875,-31.4375,32,66
8600,52,16.4545454545455,-35.6666666666667,33,64
8700,52,19.1212121212121,-41.3030303030303,33,64
8800,52,22.5625,-47.3125,32,62
8900,52,21.8235294117647,-52.8823529411765,34,64
9000,52,26.1290322580645,-58.483870967742,31,62
9100,52,29.5806451612903,-61.3548387096774,31,64
9200,52,35.8181818181818,-64.3333333333333,33,64
9300,52,39.4838709677419,-67.6129032258064,31,64
9400,52,42.5151515151515,-71.0909090909091,33,62
9500,52,44.5142857142857,-77.1142857142857,35,64
9600,52,44,-80.5,34,62
9700,52,46.6470588235294,-83.9411764705882,34,64
9800,52,44.3939393939394,-91.5151515151515,33,62
9900,52,41.8529411764706,-96.4117647058823,34,66
10000,52,42.5454545454546,-100.545454545455,33,64
0,53,50,50.5,2,14
100,53,52.6470588235294,54.2058823529412,34,66
200,53,57.5625,58.75,32,62
300,53,59.4838709677419,62.3225806451613,31,64
400,53,61.9,69.3,30,62
500,53,59.4242424242424,73.8484848484848,33,64
600,53,52.9375,76.46875,32,64
700,53,48.78125,76.875,32,64
800,53,44.0625,75.65625,32,64
900,53,46.5,72.7058823529412,34,62
1000,53,48.46875,71.78125,32,62
1100,53,55.96875,75,32,64
1200,53,58.2571428571429,80.9428571428571,35,66
1300,53,58.1176470588235,85.1176470588235,34,64
1400,53,58.9189189189189,88.1351351351351,37,66
1500,53,61.3030303030303,95.5454545454545,33,66
1600,53,56.8529411764706,101.529411764706,34,64
1700,53,58.6060606060606,106.030303030303,33,64
1800,53,57.1764705882353,110.176470588235,34,62
1900,53,52.5151515151515,116.969696969697,33,66
2000,53,50.5757575757576,122.090909090909,33,64
2100,53,45.875,121.4375,32,62
2200,53,43.9428571428572,125.8,35,66
2300,53,45.5294117647059,131.5,34,66
2400,53,46.3448275862069,136.241379310345,29,62
2500,53,48.030303030303,143.030303030303,33,64
2600,53,44.40625,145.375,32,64
2700,53,39.7575757575758,145.090909090909,33,66
2800,53,38.4242424242424,150.606060606061,33,66
2900,53,33,151.057142857143,35,66
3000,53,25.7878787878788,149.848484848485,33,64
3100,53,21.3548387096774,144.709677419355,31,62
3200,53,23.65625,138.84375,32,66
3300,53,28.5,134.5,34,64
3400,53,33.75,134.375,32,62
3500,53,35.8064516129032,134.935483870968,31,62
3600,53,40.4705882352941,130.941176470588,34,64
3700,53,36.3636363636364,124.424242424242,33,64
3800,53,32.4516129032258,122.709677419355,31,60
3900,53,28.8387096774194,119.258064516129,31,64
4000,53,23.0344827586207,119.172413793103,29,60
4100,53,23.3870967741935,115.258064516129,31,60
4200,53,22.8235294117647,108.264705882353,34,64
4300,53,27.0857142857143,105.457142857143,35,64
4400,53,31.8823529411765,107.588235294118,34,64
4500,53,36.09375,104.34375,32,62
4600,53,36.7058823529412,109.823529411765,34,64
4700,53,35.3714285714286,114.771428571429,35,64
4800,53,34.1212121212121,118.666666666667,33,64
4900,53,32.21875,121.625,32,64
5000,53,36.7878787878788,122.333333333333,33,66
5100,53,39.7333333333333,118.866666666667,30,60
5200,53,36.2285714285714,113.428571428571,35,64
5300,53,29.5882352941176,113.352941176471,34,68
5400,53,26,108.757575757576,33,64
5500,53,25.625,103.78125,32,62
5600,53,22.8125,99.6875,32,62
5700,53,20.2666666666667,95.4666666666666,30,60
5800,53,22.4242424242424,92.5454545454546,33,64
5900,53,26.7878787878788,88.9393939393939,33,66
6000,53,31.3529411764706,87.9411764705882,34,66
6100,53,36,89.6857142857143,35,66
6200,53,41.5454545454546,91.8787878787879,33,66
6300,53,48,86.3793103448276,29,62
6400,53,51.1428571428571,87,35,66
6500,53,51.6969696969697,93.7575757575758,33,62
6600,53,46.71875,98.25,32,62
6700,53,50.3333333333333,98.6666666666667,30,64
6800,53,55.84375,97.375,32,60
6900,53,58.0606060606061,101.727272727273,33,64
7000,53,61.6969696969697,106.69696969697,33,64
7100,53,62.6969696969697,112.090909090909,33,62
7200,53,65.4285714285714,115.685714285714,35,66
7300,53,68.9375,120.6875,32,64
7400,53,69.5151515151515,124.878787878788,33,64
7500,53,69.40625,129.65625,32,62
7600,53,71.1764705882353,126.882352941176,34,66
7700,53,72.9,120.833333333333,30,62
7800,53,66.34375,117.78125,32,62
7900,53,63.1764705882353,116.764705882353,34,64
8000,53,66.2941176470588,113.5,34,62
8100,53,71.03125,108.90625,32,62
8200,53,71.9090909090909,103.787878787879,33,62
8300,53,70.1212121212121,100.606060606061,33,66
8400,53,67.8064516129032,97.3548387096774,31,62
8500,53,63.375,94.96875,32,62
8600,53,60.3030303030303,95.6363636363636,33,64
8700,53,55.3333333333333,97.4333333333333,30,62
8800,53,50.8387096774194,98.2903225806452,31,64
8900,53,46.0882352941177,100.176470588235,34,64
9000,53,41.625,103.09375,32,64
9100,53,37.1212121212121,99.0909090909091,33,64
9200,53,39.5454545454546,93.7878787878788,33,62
9300,53,44.0666666666667,93.9333333333333,30,62
9400,53,40.2941176470588,91.7941176470588,34,64
9500,53,36,87.7096774193548,31,62
9600,53,37.9354838709678,82.258064516129,31,62
9700,53,38.7428571428571,75.9714285714286,35,68
9800,53,41.3333333333333,71.3333333333333,33,66
9900,53,45.5294117647059,68.5882352941177,34,66
10000,53,47.6451612903226,64.7096774193548,31,62
0,54,50,50,1,8
100,54,53.03125,50.0625,32,64
200,54,50.1142857142857,46.3428571428571,35,66
300,54,46.741935483871,42.5483870967742,31,64
400,54,42.1818181818182,40.7272727272727,33,62
500,54,38.3636363636364,36.7272727272727,33,62
600,54,34.2424242424242,38.2121212121212,33,66
700,54,30.030303030303,37.969696969697,33,66
800,54,24.46875,39.5625,32,62
900,54,20.09375,39.9375,32,64
1000,54,16.030303030303,33.9090909090909,33,64
1100,54,12.90625,31.1875,32,64
1200,54,7.28571428571429,28.6857142857143,35,68
1300,54,1.03030303030303,31.3939393939394,33,64
1400,54,-2.5,33.5625,32,66
1500,54,-7.41935483870968,38.741935483871,31,62
1600,54,-10.5757575757576,44.4545454545455,33,64
1700,54,-9.70588235294116,47.2647058823529,34,68
1800,54,-4.28125,43.65625,32,62
1900,54,0.666666666666671,41.7575757575758,33,66
2000,54,6.58823529411765,41.5294117647059,34,66
2100,54,11.59375,39.0625,32,64
2200,54,15.1666666666667,36.3666666666667,30,64
2300,54,12.0909090909091,31.4848484848485,33,62
2400,54,7.18181818181819,29.1818181818182,33,66
2500,54,4.03125,31.09375,32,62
2600,54,-2.33333333333331,32,33,66
2700,54,-6.6060606060606,30.4848484848485,33,62
2800,54,-9.8125,27.1875,32,64
2900,54,-14.1875,26.40625,32,64
3000,54,-18.4545454545455,23.7878787878788,33,62
3100,54,-22.1081081081081,21.3513513513514,37,66
3200,54,-26.235294117647,18.1176470588235,34,66
3300,54,-25.2903225806452,11.258064516129,31,62
3400,54,-27.6666666666667,7.93939393939394,33,62
3500,54,-28.0333333333333,10.9,30,60
3600,54,-23.2258064516129,15.2258064516129,31,62
3700,54,-19.2285714285714,18.5714285714286,35,64
3800,54,-15.4375,20.90625,32,66
3900,54,-13.4705882352941,25.1764705882353,34,66
4000,54,-14.15625,30,32,62
4100,54,-9.63636363636364,31.7575757575758,33,64
4200,54,-2.83333333333331,30.9444444444444,36,66
4300,54,1.81818181818181,35.7272727272727,33,64
4400,54,5.9375,36.03125,32,64
4500,54,6.76470588235294,28.8529411764706,34,64
4600,54,9.33333333333333,24.2333333333333,30,62
4700,54,15.9090909090909,24.4545454545455,33,64
4800,54,20.8484848484848,27.1818181818182,33,64
4900,54,23.5,30.2352941176471,34,66
5000,54,25.59375,28.09375,32,64
5100,54,25.5428571428571,22.1428571428571,35,66
5200,54,24.7428571428571,18.1714285714286,35,66
5300,54,17.53125,16.9375,32,66
5400,54,11.6666666666667,16,30,62
5500,54,7.61764705882354,16.3823529411765,34,64
5600,54,4.36666666666667,18.9333333333333,30,64
5700,54,-1.14285714285714,23.0857142857143,35,66
5800,54,-6.36363636363636,24.6969696969697,33,64
5900,54,-10.9,26.1333333333333,30,62
6000,54,-13.1515151515151,29.4242424242424,33,64
6100,54,-9.0294117647059,33.2058823529412,34,66
6200,54,-3.79411764705884,34.5,34,64
6300,54,-1.64705882352941,30.7647058823529,34,64
6400,54,-4.15625,27.6875,32,64
6500,54,-4.69696969696967,22.9090909090909,33,62
6600,54,-8.125,17,32,64
6700,54,-10.2903225806452,12.4516129032258,31,62
6800,54,-14.90625,9.0625,32,62
6900,54,-22.53125,6.84375,32,64
7000,54,-26.3125,3.84375,32,64
7100,54,-24.5882352941177,-1.35294117647059,34,64
7200,54,-23.3939393939394,-7.51515151515152,33,66
7300,54,-20.4516129032258,-5.09677419354838,31,62
7400,54,-22.6666666666667,-1.29999999999998,30,60
7500,54,-18.84375,2.3125,32,66
7600,54,-15.6969696969697,4.06060606060606,33,64
7700,54,-10.7575757575758,2.90909090909091,33,62
7800,54,-4.38709677419354,2.3225806451613,31,62
7900,54,-2.59999999999999,3.02857142857142,35,64
8000,54,1.64705882352941,6.85294117647059,34,64
8100,54,5.34375,4,32,64
8200,54,2.93939393939394,-0.666666666666686,33,64
8300,54,1.5625,-4.3125,32,64
8400,54,-6.22580645161288,-4.70967741935485,31,64
8500,54,-12.5294117647059,-5.94117647058825,34,64
8600,54,-15.65625,-9.65625,32,62
8700,54,-21.9117647058824,-5,34,64
8800,54,-23.4545454545455,-7.36363636363636,33,64
8900,54,-25.25,-12.28125,32,62
9000,54,-25.8333333333333,-15.7333333333333,30,60
9100,54,-19.9666666666667,-17.3333333333333,30,62
9200,54,-19.5625,-22.09375,32,62
9300,54,-23.8055555555556,-26.4444444444444,36,66
9400,54,-24.15625,-33.9375,32,64
9500,54,-27.9705882352941,-37.0882352941177,34,64
9600,54,-33.6666666666667,-37.9393939393939,33,66
9700,54,-38.1875,-41.3125,32,62
9800,54,-38.4117647058823,-48,34,64
9900,54,-38.0909090909091,-52.4545454545455,33,64
10000,54,-41.0882352941176,-55.2647058823529,34,64
0,55,50,50,1,8
100,55,47.8125,45.53125,32,66
200,55,48.1470588235294,42.3529411764706,34,64
300,55,52.65625,45.34375,32,62
400,55,52.5625,52.1875,32,62
500,55,51.3333333333333,58,33,64
600,55,52.8181818181818,61.969696969697,33,62
700,55,57.8,68.1,30,62
800,55,59.53125,72.09375,32,64
900,55,56.7352941176471,77,34,64
1000,55,50.1818181818182,78.030303030303,33,64
1100,55,47.030303030303,83.6363636363636,33,64
1200,55,41.9090909090909,82.6969696969697,33,62
1300,55,40.125,77.0625,32,64
1400,55,36.4117647058823,74.8235294117647,34,64
1500,55,30.5588235294118,67.8235294117647,34,66
1600,55,25.0909090909091,66.3030303030303,33,62
1700,55,21.78125,65.1875,32,62
1800,55,18.03125,65.03125,32,64
1900,55,18,70.9117647058823,34,64
2000,55,19.8787878787879,75.6666666666667,33,66
2100,55,20.3548387096774,81.4193548387097,31,62
2200,55,24.1935483870968,84.0322580645161,31,64
2300,55,29.8235294117647,86.6764705882353,34,66
2400,55,34.5,82.7058823529412,34,62
2500,55,38.09375,79.625,32,62
2600,55,43.7878787878788,77.2121212121212,33,64
2700,55,48.2424242424242,78.3636363636364,33,66
2800,55,49.5483870967742,82.0967741935484,31,60
2900,55,53.7352941176471,81.2941176470588,34,66
3000,55,56.9666666666667,85.1666666666667,30,62
3100,55,61.6944444444444,87.0277777777778,36,64
3200,55,61.9411764705882,91.5588235294118,34,64
3300,55,66.21875,93.5,32,64
3400,55,69.1515151515151,86.5757575757576,33,64
3500,55,71.4705882352941,83.5882352941176,34,64
3600,55,77,81,35,64
3700,55,80.5588235294118,76.4411764705882,34,64
3800,55,79.0625,72.3125,32,64
3900,55,75.939393939394,70.7575757575758,33,64
4000,55,75.0909090909091,65.5151515151515,33,64
4100,55,80.0277777777778,61,36,66
4200,55,77.90625,57.96875,32,64
4300,55,75.6969696969697,53.0909090909091,33,62
4400,55,70.4411764705882,47,34,66
4500,55,65,40.3235294117647,34,64
4600,55,63.1515151515151,34.8484848484849,33,62
4700,55,63.4516129032258,32.3225806451613,31,62
4800,55,60.2,35.1428571428571,35,68
4900,55,56.6969696969697,37.8787878787879,33,64
5000,55,57.4848484848485,43.5757575757576,33,66
5100,55,55.40625,50.71875,32,62
5200,55,50.9090909090909,52.5454545454546,33,64
5300,55,45.969696969697,53.3939393939394,33,64
5400,55,42.65625,56.09375,32,64
5500,55,38.5161290322581,57.9677419354839,31,64
5600,55,41.6571428571429,62.8,35,66
5700,55,48.8529411764706,62.5,34,66
5800,55,48.6060606060606,55.1212121212121,33,66
5900,55,44.6176470588235,51.8529411764706,34,64
6000,55,39.9677419354839,51.0967741935484,31,66
6100,55,38.9032258064516,55.3225806451613,31,62
6200,55,42.0645161290323,58.2903225806452,31,64
6300,55,45.0625,58.46875,32,62
6400,55,51.1818181818182,58.2121212121212,33,64
6500,55,53.7647058823529,54.7352941176471,34,66
6600,55,51.4848484848485,50.4242424242424,33,66
6700,55,47.0571428571429,44.9428571428571,35,66
6800,55,45.8484848484849,41.2121212121212,33,66
6900,55,40.969696969697,37.4848484848485,33,64
7000,55,36.8,35.3142857142857,35,68
7100,55,32.0909090909091,36.7575757575758,33,64
7200,55,28.15625,35.25,32,64
7300,55,22.969696969697,32.3636363636364,33,64
7400,55,17.4545454545455,34.8181818181818,33,64
7500,55,13.34375,36.71875,32,62
7600,55,17.9705882352941,32.6764705882353,34,64
7700,55,21.030303030303,33.5757575757576,33,64
7800,55,19,39,30,62
7900,55,18.7741935483871,42.741935483871,31,62
8000,55,15.3142857142857,45.6,35,64
8100,55,11.5806451612903,47.9354838709678,31,60
8200,55,7.91428571428571,48.8,35,64
8300,55,3.8125,51.28125,32,62
8400,55,1,55.5,32,62
8500,55,-0.36363636363636,57.0909090909091,33,64
8600,55,-7.45714285714284,59.2,35,64
8700,55,-11.6176470588235,62.1764705882353,34,64
8800,55,-11.5,66.6333333333333,30,62
8900,55,-13.7878787878788,70.1818181818182,33,64
9000,55,-18.0857142857143,68.9428571428572,35,68
9100,55,-23.53125,68.3125,32,64
9200,55,-27.6875,68.0625,32,64
9300,55,-24.78125,61.25,32,66
9400,55,-23.2424242424242,55.9393939393939,33,64
9500,55,-26.9428571428572,50.7142857142857,35,64
9600,55,-27.15625,45.0625,32,66
9700,55,-26.0909090909091,40.3939393939394,33,64
9800,55,-31.7575757575758,36.6060606060606,33,64
9900,55,-32.5625,40.71875,32,64
10000,55,-36.8484848484849,42.9090909090909,33,62
0,56,51.25,49.25,4,26
100,56,54.8823529411765,45.3529411764706,34,64
200,56,58.3939393939394,45.4848484848485,33,64
300,56,65.235294117647,48.2647058823529,34,66
400,56,70.21875,50.65625,32,62
500,56,73.9090909090909,45.4848484848485,33,62
600,56,77.78125,40.71875,32,64
700,56,84.5882352941176,41.0588235294118,34,66
800,56,89.7096774193548,38.1935483870968,31,64
900,56,89.0322580645161,34.4516129032258,31,62
1000,56,83.0625,32.15625,32,64
1100,56,79.75,31.21875,32,66
1200,56,76.9375,26.78125,32,64
1300,56,72.4285714285714,26.6,35,66
1400,56,70.65625,30.15625,32,64
1500,56,69.0882352941176,34.6764705882353,34,66
1600,56,68.0625,36.90625,32,62
1700,56,71.8823529411765,39.1176470588235,34,66
1800,56,79.65625,39.65625,32,62
1900,56,82.7647058823529,43.3529411764706,34,66
2000,56,78.8787878787879,46.5151515151515,33,64
2100,56,76.5806451612903,48.741935483871,31,64
2200,56,80.0588235294118,53.5294117647059,34,64
2300,56,85.9393939393939,57.6666666666667,33,62
2400,56,86.2424242424242,61.9090909090909,33,62
2500,56,81.4375,60.125,32,62
2600,56,78.5,55,34,62
2700,56,73.9117647058824,51.9705882352941,34,66
2800,56,65.1212121212121,52.5151515151515,33,66
2900,56,59.0882352941177,54.7647058823529,34,68
3000,56,55.2258064516129,56.0967741935484,31,62
3100,56,52.625,58.59375,32,64
3200,56,49.0967741935484,59.1290322580645,31,62
3300,56,43.6764705882353,56.9411764705882,34,64
3400,56,42.2941176470588,59.7352941176471,34,64
3500,56,41.5,63.2941176470588,34,62
3600,56,44.2258064516129,66.0645161290322,31,62
3700,56,46.3823529411765,64.3235294117647,34,64
3800,56,46.4242424242424,59.4242424242424,33,62
3900,56,47.5882352941177,54.6764705882353,34,66
4000,56,49.9375,51.46875,32,62
4100,56,45.6060606060606,54.1212121212121,33,66
4200,56,38.8484848484849,51.9090909090909,33,66
4300,56,37.8484848484849,47.0606060606061,33,64
4400,56,42.75,50.0625,32,64
4500,56,41.8857142857143,54.2571428571428,35,64
4600,56,39.28125,56.03125,32,62
4700,56,36.7941176470588,51.9411764705882,34,66
4800,56,33.2424242424242,47.5757575757576,33,62
4900,56,30.7352941176471,42.1470588235294,34,64
5000,56,28,39.8529411764706,34,64
5100,56,24.2352941176471,35.1764705882353,34,64
5200,56,19.375,31.71875,32,64
5300,56,15.3030303030303,30,33,64
5400,56,15.5757575757576,28.4242424242424,33,62
5500,56,19.6363636363636,29.2727272727273,33,66
5600,56,23.03125,34.09375,32,64
5700,56,22.375,38.375,32,64
5800,56,23.3125,43.28125,32,62
5900,56,27.09375,45.34375,32,62
6000,56,33.2352941176471,43.2058823529412,34,64
6100,56,37.8064516129032,43.7096774193548,31,62
6200,56,43.53125,42.96875,32,62
6300,56,47.6363636363636,45.030303030303,33,64
6400,56,50.6363636363636,42.4545454545455,33,66
6500,56,55,43.5,34,62
6600,56,54.7333333333333,48.2333333333333,30,62
6700,56,50.6666666666667,50.1818181818182,33,64
6800,56,50.5483870967742,47.6451612903226,31,62
6900,56,48.0588235294118,42.4705882352941,34,64
7000,56,45.59375,38.34375,32,66
7100,56,43.84375,33.90625,32,64
7200,56,45.5882352941177,29.6470588235294,34,66
7300,56,49.0294117647059,24.6176470588235,34,64
7400,56,47.3225806451613,20.5161290322581,31,62
7500,56,49.40625,17.15625,32,64
7600,56,53,9.58823529411765,34,64
7700,56,55.7575757575758,4.6969696969697,33,62
7800,56,49.7428571428571,1.62857142857143,35,66
7900,56,46.5757575757576,0.727272727272728,33,64
8000,56,43.9354838709678,6.38709677419355,31,62
8100,56,45.1212121212121,10.7272727272727,33,64
8200,56,46.7878787878788,14.5454545454545,33,62
8300,56,53.030303030303,19,33,64
8400,56,54.78125,22.9375,32,64
8500,56,57.5483870967742,26.4516129032258,31,62
8600,56,58.1764705882353,31.6470588235294,34,64
8700,56,59.6363636363636,36.4848484848485,33,64
8800,56,56.5454545454546,33.9393939393939,33,66
8900,56,53.71875,32.34375,32,62
9000,56,48.5588235294118,32.3529411764706,34,66
9100,56,44.3225806451613,35.6129032258064,31,62
9200,56,39.9393939393939,40.0909090909091,33,66
9300,56,35.6774193548387,39,31,62
9400,56,32.1935483870968,40.2258064516129,31,62
9500,56,26.0882352941176,43.6176470588235,34,64
9600,56,24.3939393939394,48.8787878787879,33,64
9700,56,22.2941176470588,52.3235294117647,34,66
9800,56,24.09375,56.46875,32,64
9900,56,26.375,58.75,32,64
10000,56,31.6470588235294,58.1470588235294,34,64
0,57,49.2,51,5,26
100,57,52.9393939393939,51.3030303030303,33,64
200,57,56.9,52.3,30,60
300,57,61.59375,52.78125,32,66
400,57,62.59375,46,32,62
500,57,65.0882352941176,40,34,64
600,57,66.6470588235294,37.5,34,64
700,57,71.5,36.8823529411765,34,64
800,57,76.2727272727273,41.6060606060606,33,64
900,57,82,38.3714285714286,35,64
1000,57,87.3636363636364,37,33,64
1100,57,90,36.6774193548387,31,62
1200,57,96.09375,35.90625,32,64
1300,57,102.612903225806,36.8387096774194,31,62
1400,57,107.272727272727,36.0909090909091,33,64
1500,57,113.212121212121,41.6363636363636,33,64
1600,57,117.176470588235,41.3235294117647,34,64
1700,57,121.142857142857,40.7714285714286,35,66
1800,57,123.485714285714,43.8285714285714,35,66
1900,57,124.151515151515,47.9090909090909,33,62
2000,57,123.264705882353,56,34,62
2100,57,119.088235294118,58.3235294117647,34,64
2200,57,115.212121212121,62,33,66
2300,57,114.58064516129,66.9677419354839,31,62
2400,57,116.125,71.59375,32,64
2500,57,120.5625,75.90625,32,62
2600,57,124.606060606061,80.8484848484849,33,64
2700,57,121.9375,84.5625,32,64
2800,57,118.133333333333,87.3333333333333,30,66
2900,57,121.888888888889,91.9722222222222,36,66
3000,57,125.21875,95.21875,32,62
3100,57,128.5,95.1764705882353,34,64
3200,57,133.161290322581,95.6129032258064,31,62
3300,57,139.088235294118,97.2647058823529,34,64
3400,57,142.433333333333,103.1,30,62
3500,57,143.838709677419,103.935483870968,31,62
3600,57,149.5625,104.71875,32,66
3700,57,155.258064516129,108.064516129032,31,62
3800,57,159.9,112.933333333333,30,60
3900,57,163.090909090909,115.848484848485,33,62
4000,57,166.935483870968,114.903225806452,31,62
4100,57,172.6,112.885714285714,35,66
4200,57,177.545454545455,115.333333333333,33,64
4300,57,180.766666666667,120.033333333333,30,62
4400,57,184.285714285714,123.057142857143,35,64
4500,57,190.65625,121.71875,32,62
4600,57,189.3,127.066666666667,30,62
4700,57,190.441176470588,134.147058823529,34,64
4800,57,193.882352941176,137,34,68
4900,57,197.606060606061,136.393939393939,33,64
5000,57,201.533333333333,133.733333333333,30,62
5100,57,207.878787878788,134.666666666667,33,64
5200,57,211.40625,135.03125,32,64
5300,57,208.818181818182,140.030303030303,33,62
5400,57,201.794117647059,140.264705882353,34,66
5500,57,197.15625,137.9375,32,62
5600,57,192.516129032258,138.129032258065,31,62
5700,57,187.4375,137.125,32,64
5800,57,181.515151515152,134.090909090909,33,66
5900,57,177.612903225806,136,31,60
6000,57,176.793103448276,140.172413793103,29,60
6100,57,172.2,141.833333333333,30,60
6200,57,166.428571428571,139.942857142857,35,68
6300,57,161.272727272727,136.030303030303,33,64
6400,57,159.388888888889,130.138888888889,36,64
6500,57,155.030303030303,129.69696969697,33,64
6600,57,151.411764705882,125.852941176471,34,66
6700,57,150.875,120.3125,32,64
6800,57,154.1875,113.28125,32,66
6900,57,157.6875,111.53125,32,62
7000,57,159.424242424242,106.606060606061,33,66
7100,57,157.1875,103,32,64
7200,57,152.548387096774,98.7096774193549,31,64
7300,57,147.969696969697,94.8787878787879,33,64
7400,57,144.4375,97.34375,32,64
7500,57,144.3125,102.71875,32,62
7600,57,149.137931034483,108.310344827586,29,62
7700,57,154.375,108.09375,32,62
7800,57,158.1875,103.8125,32,62
7900,57,161.636363636364,99.9393939393939,33,64
8000,57,165.666666666667,97.1333333333333,30,64
8100,57,169.454545454545,96.6969696969697,33,64
8200,57,169.142857142857,91.4285714285714,35,66
8300,57,166.935483870968,87.8064516129032,31,66
8400,57,163.65625,83.09375,32,62
8500,57,165.942857142857,79.2285714285714,35,66
8600,57,163.242424242424,74.7272727272727,33,64
8700,57,159.258064516129,74.2258064516129,31,62
8800,57,153.294117647059,76.5,34,62
8900,57,149.451612903226,77.1935483870968,31,64
9000,57,145.69696969697,79.6969696969697,33,64
9100,57,143.606060606061,84.6666666666667,33,64
9200,57,141,89.3225806451613,31,62
9300,57,136.818181818182,93.3939393939394,33,64
9400,57,133.545454545455,98.7878787878788,33,62
9500,57,134.764705882353,102.911764705882,34,64
9600,57,132.161290322581,109.870967741935,31,62
9700,57,130.151515151515,116.757575757576,33,66
9800,57,125.96875,120.71875,32,66
9900,57,122.393939393939,124.636363636364,33,64
10000,57,117.333333333333,124.939393939394,33,62
0,58,49.5,49.5,2,14
100,58,49.7058823529412,44.5294117647059,34,66
200,58,42.375,43.59375,32,64
300,58,39.34375,45.34375,32,62
400,58,42.5151515151515,49.0909090909091,33,62
500,58,44.8709677419355,45.4516129032258,31,64
600,58,43.8529411764706,42.2352941176471,34,66
700,58,39.7096774193548,47.8064516129032,31,62
800,58,34.96875,50.21875,32,64
900,58,30.5428571428572,48.6571428571429,35,66
1000,58,27.0571428571429,46.8857142857143,35,64
1100,58,22.90625,44.96875,32,64
1200,58,18.28125,42.25,32,62
1300,58,16.3636363636364,36.0606060606061,33,66
1400,58,16.5357142857143,32.75,28,60
1500,58,22.5,34.4666666666667,30,62
1600,58,26.9428571428571,34.2857142857143,35,66
1700,58,31.25,30.46875,32,62
1800,58,36.7878787878788,30.6363636363636,33,64
1900,58,40.969696969697,32.8181818181818,33,64
2000,58,45.78125,35.34375,32,62
2100,58,50.3125,34,32,64
2200,58,55.5151515151515,34.0909090909091,33,64
2300,58,59.03125,32.96875,32,64
2400,58,64.5,35.8125,32,62
2500,58,66,39.5,34,62
2600,58,70.6363636363636,45.3030303030303,33,66
2700,58,74.1515151515151,46.9090909090909,33,66
2800,58,78.8709677419355,48.9677419354839,31,64
2900,58,82.8529411764706,54.5882352941176,34,64
3000,58,87.3870967741936,54.6129032258065,31,64
3100,58,89.3714285714286,57.7714285714286,35,66
3200,58,94.3103448275862,60.1379310344828,29,62
3300,58,101.483870967742,59.6451612903226,31,64
3400,58,100.1875,54.25,32,64
3500,58,97.0606060606061,50.3939393939394,33,64
3600,58,94.46875,46.40625,32,64
3700,58,94.8125,43.9375,32,64
3800,58,98.2727272727273,46.6060606060606,33,64
3900,58,96.7666666666667,51.9666666666667,30,62
4000,58,92.9999999999999,57.6774193548387,31,62
4100,58,91.5588235294118,64.2058823529412,34,64
4200,58,89.6363636363636,70.1515151515152,33,64
4300,58,87.5625,75.21875,32,62
4400,58,89.1515151515151,80.5454545454546,33,64
4500,58,95.5151515151515,84.0303030303031,33,64
4600,58,101.764705882353,84.1764705882353,34,64
4700,58,103.393939393939,88,33,64
4800,58,98.4545454545454,93,33,64
4900,58,94.5151515151515,94.1515151515152,33,62
5000,58,90.3870967741936,90.1935483870968,31,64
5100,58,89.1428571428571,87.9142857142857,35,66
5200,58,86,85.6129032258065,31,64
5300,58,88.4516129032258,80.8064516129032,31,60
5400,58,91.0967741935484,78.0322580645161,31,64
5500,58,93.5454545454546,75.3636363636364,33,64
5600,58,98.7586206896552,78.2068965517241,29,64
5700,58,104.1875,77.46875,32,64
5800,58,101.870967741935,77.0967741935484,31,62
5900,58,97.8529411764706,78.7352941176471,34,64
6000,58,94.258064516129,81.6129032258064,31,62
6100,58,94.96875,82.09375,32,62
6200,58,98.6363636363636,79.7272727272727,33,62
6300,58,104.870967741935,80.6774193548387,31,62
6400,58,108.6,79,35,64
6500,58,114.529411764706,74.0294117647059,34,66
6600,58,117.939393939394,71.8181818181818,33,64
6700,58,120.774193548387,71.3548387096774,31,64
6800,58,123.848484848485,67.7878787878788,33,64
6900,58,124.483870967742,72.9032258064516,31,64
7000,58,125.709677419355,78.5483870967742,31,62
7100,58,126,82.6129032258064,31,62
7200,58,118.333333333333,81.8181818181818,33,64
7300,58,113.15625,84.25,32,64
7400,58,106.875,87.03125,32,64
7500,58,105.333333333333,90.060606060606,33,64
7600,58,105.606060606061,95.5454545454545,33,64
7700,58,107.645161290323,97.0645161290323,31,62
7800,58,107.515151515152,92.9090909090909,33,64
7900,58,106.30303030303,88.9090909090909,33,66
8000,58,105.647058823529,82.9117647058823,34,64
8100,58,104.483870967742,78.258064516129,31,62
8200,58,102.625,74.25,32,62
8300,58,98.7878787878788,69.1818181818182,33,64
8400,58,101.818181818182,61.8484848484849,33,64
8500,58,105.8125,57.15625,32,62
8600,58,101.6875,57.71875,32,62
8700,58,97.7878787878788,59.4545454545455,33,64
8800,58,100.545454545455,61.3333333333333,33,64
8900,58,104.30303030303,63.7272727272727,33,64
9000,58,105.41935483871,68.0645161290323,31,64
9100,58,104.1875,71.8125,32,62
9200,58,107.25,78.25,32,64
9300,58,111.161290322581,77.4516129032258,31,62
9400,58,114.548387096774,71.4193548387097,31,60
9500,58,115,67.15625,32,62
9600,58,116.875,62.625,32,64
9700,58,120.25,56.0625,32,64
9800,58,123.441176470588,53.9411764705882,34,64
9900,58,125.794117647059,48.8529411764706,34,66
10000,58,130.6875,47.5625,32,64
0,59,50,50.3333333333333,3,20
100,59,45.2424242424242,51.2121212121212,33,64
200,59,38.84375,49.53125,32,64
300,59,35.8484848484849,49.0909090909091,33,64
400,59,33.90625,53.28125,32,62
500,59,39.7428571428572,52.8857142857143,35,64
600,59,42,53.8235294117647,34,64
700,59,45,57.7575757575758,33,64
800,59,44.59375,60.875,32,62
900,59,39.53125,61.1875,32,62
1000,59,35.9117647058824,60.5882352941176,34,64
1100,59,30.3939393939394,61.4848484848485,33,62
1200,59,33.2058823529412,59.4411764705882,34,64
1300,59,37.7878787878788,63.2121212121212,33,64
1400,59,39.15625,68,32,62
1500,59,36.5,72,34,62
1600,59,36,74.8823529411764,34,64
1700,59,32.375,79.3125,32,64
1800,59,29,84.1515151515152,33,64
1900,59,26.6363636363636,86.6666666666667,33,64
2000,59,22.3636363636364,87.6060606060606,33,64
2100,59,18.125,85.15625,32,64
2200,59,16.8857142857143,87.6857142857143,35,66
2300,59,18.9411764705882,90.4411764705882,34,64
2400,59,23.8787878787879,88.4848484848485,33,64
2500,59,26.3235294117647,84.9705882352941,34,66
2600,59,27.1818181818182,80.8181818181818,33,64
2700,59,24.3142857142857,78,35,66
2800,59,18.25,78.46875,32,64
2900,59,15.9705882352941,82.5294117647059,34,66
3000,59,18.3235294117647,86.4411764705882,34,66
3100,59,19.8125,81.65625,32,64
3200,59,23.8181818181818,78.1818181818182,33,66
3300,59,28.5,77.78125,32,64
3400,59,25.2647058823529,78.4411764705882,34,66
3500,59,25.6363636363636,83.2424242424242,33,64
3600,59,30.0666666666667,85.5666666666667,30,62
3700,59,36.8181818181818,88.4242424242424,33,64
3800,59,39.625,85.3125,32,64
3900,59,37.6875,78.84375,32,62
4000,59,36.2058823529412,76.2941176470588,34,66
4100,59,30.03125,73.53125,32,64
4200,59,23.1764705882353,74.5,34,64
4300,59,24.5294117647059,78.2941176470588,34,66
4400,59,28.5483870967742,82.0645161290323,31,64
4500,59,28.1875,88.03125,32,64
4600,59,31.8823529411765,91.5294117647059,34,66
4700,59,36.3125,92.5625,32,62
4800,59,38.8235294117647,97.8235294117647,34,64
4900,59,37.8484848484849,103.909090909091,33,64
5000,59,35.1176470588235,107.794117647059,34,64
5100,59,31.3529411764706,109.911764705882,34,64
5200,59,31.75,114.8125,32,64
5300,59,34.9117647058824,117.647058823529,34,64
5400,59,41.3235294117647,119.647058823529,34,64
5500,59,45.1470588235294,116.941176470588,34,66
5600,59,46.3030303030303,114.333333333333,33,64
5700,59,51.1388888888889,116.305555555556,36,66
5800,59,58,116.228571428571,35,64
5900,59,60.4666666666667,117.733333333333,30,64
6000,59,60.0967741935484,122.483870967742,31,62
6100,59,61.2068965517241,126,29,62
6200,59,64.4242424242424,130.030303030303,33,64
6300,59,66.9090909090909,133.151515151515,33,62
6400,59,72.0322580645161,130.677419354839,31,62
6500,59,78.7272727272727,130.212121212121,33,66
6600,59,81.3666666666666,127.266666666667,30,64
6700,59,86.9354838709677,126.709677419355,31,62
6800,59,92.6129032258064,127.161290322581,31,64
6900,59,97.6333333333333,128.633333333333,30,62
7000,59,93.3529411764706,128.617647058824,34,66
7100,59,98.3529411764706,127.911764705882,34,66
7200,59,102.71875,130.84375,32,62
7300,59,107.411764705882,130,34,64
7400,59,109.393939393939,127.393939393939,33,64
7500,59,107.657142857143,123.057142857143,35,66
7600,59,107.69696969697,119.090909090909,33,62
7700,59,114.030303030303,119.515151515152,33,64
7800,59,120.333333333333,119.030303030303,33,64
7900,59,125.684210526316,116.447368421053,38,68
8000,59,128.40625,114.5625,32,62
8100,59,129.657142857143,110,35,66
8200,59,125.53125,109.4375,32,64
8300,59,121.032258064516,110.58064516129,31,62
8400,59,117.212121212121,113.636363636364,33,64
8500,59,115.514285714286,120.114285714286,35,64
8600,59,117.794117647059,122.882352941176,34,64
8700,59,121.59375,126.0625,32,64
8800,59,119.818181818182,130.818181818182,33,64
8900,59,118.393939393939,138.454545454545,33,66
9000,59,117.0625,143.0625,32,66
9100,59,114,147.774193548387,31,64
9200,59,117,150.714285714286,35,66
9300,59,121.363636363636,149.69696969697,33,64
9400,59,127.882352941176,148.941176470588,34,64
9500,59,130.75,149.28125,32,62
9600,59,134.333333333333,153.757575757576,33,66
9700,59,137.151515151515,158.515151515152,33,66
9800,59,141.969696969697,157.757575757576,33,64
9900,59,142.903225806452,162.645161290323,31,62
10000,59,146.3125,161.09375,32,62
0,60,49.5,50.5,2,14
100,60,53.4666666666667,50.5333333333333,30,64
200,60,58.71875,47.59375,32,64
300,60,62.3636363636364,52.969696969697,33,64
400,60,66.3030303030303,55.7575757575758,33,64
500,60,68.6875,57,32,64
600,60,74.5625,58.25,32,62
700,60,79.4411764705882,59.9117647058823,34,66
800,60,82.6470588235294,65.2647058823529,34,66
900,60,86.9393939393939,67.2727272727273,33,64
1000,60,88.3,63.1333333333333,30,62
1100,60,88.4411764705882,60.0588235294118,34,64
1200,60,84.2647058823529,52.5294117647059,34,64
1300,60,83.8235294117647,48,34,64
1400,60,84.5,44.71875,32,62
1500,60,79.4838709677419,44.1935483870968,31,66
1600,60,75.6470588235294,46.5882352941177,34,66
1700,60,72.75,50.625,32,66
1800,60,74.9354838709677,58.258064516129,31,62
1900,60,73.030303030303,61.7272727272727,33,64
2000,60,76.4516129032258,68.7096774193548,31,62
2100,60,72.8125,67.4375,32,64
2200,60,70.3939393939394,64.3333333333333,33,66
2300,60,66.9714285714285,59.4,35,64
2400,60,71.1764705882353,57.6764705882353,34,66
2500,60,76,54.6470588235294,34,64
2600,60,78.6451612903226,51.5806451612903,31,62
2700,60,79.1875,47.28125,32,62
2800,60,83.0909090909091,45.3333333333333,33,64
2900,60,86.7058823529412,46.4411764705882,34,66
3000,60,82.2941176470588,51.3235294117647,34,64
3100,60,80.7575757575757,55,33,64
3200,60,84.5483870967742,56.0967741935484,31,64
3300,60,88.8333333333333,55.2333333333333,30,64
3400,60,86.875,60.1875,32,62
3500,60,88.4375,65.6875,32,66
3600,60,87.3125,69.9375,32,62
3700,60,84.46875,65.5,32,64
3800,60,81.8709677419355,60.3225806451613,31,62
3900,60,79.1818181818182,56.9090909090909,33,64
4000,60,74.0909090909091,56.7878787878788,33,64
4100,60,68.8235294117647,56.8235294117647,34,66
4200,60,69.0555555555555,53.9166666666667,36,68
4300,60,72.8529411764706,49.7352941176471,34,66
4400,60,70.0909090909091,46.4545454545455,33,62
4500,60,65.53125,45.1875,32,62
4600,60,68.6285714285714,38.4285714285714,35,64
4700,60,73.40625,38.625,32,62
4800,60,73.84375,44.90625,32,66
4900,60,72.1428571428571,49.6,35,66
5000,60,68.15625,54.6875,32,64
5100,60,66.0322580645161,58.0322580645161,31,64
5200,60,66.3030303030303,63.1515151515151,33,64
5300,60,67.5151515151515,66.7272727272727,33,64
5400,60,69.6111111111111,70.9166666666667,36,66
5500,60,72.7058823529412,72.1470588235294,34,64
5600,60,75,71.1176470588236,34,64
5700,60,73.21875,73.9375,32,62
5800,60,71.8387096774193,72.2903225806452,31,62
5900,60,76.53125,68.125,32,62
6000,60,76.625,63.40625,32,64
6100,60,72.3125,61.5,32,64
6200,60,74.5666666666666,65.2,30,62
6300,60,77.2941176470588,68.264705882353,34,64
6400,60,79.0909090909091,69.3636363636363,33,64
6500,60,82.483870967742,65.0322580645161,31,64
6600,60,82.3428571428571,60.2285714285714,35,64
6700,60,84.0625,54.5,32,66
6800,60,86.0909090909091,50.6363636363636,33,64
6900,60,87.7096774193549,53.7096774193548,31,64
7000,60,86.9117647058823,60.0294117647059,34,64
7100,60,86.5,62.875,32,62
7200,60,89.3030303030303,59.0909090909091,33,62
7300,60,83.5454545454545,56.2121212121212,33,62
7400,60,82.6470588235294,51.4117647058823,34,64
7500,60,86.2727272727273,47.3636363636364,33,62
7600,60,88.5,49.5,32,64
7700,60,95.7941176470588,53,34,66
7800,60,100.794117647059,52.2941176470588,34,64
7900,60,106.09375,52.125,32,64
8000,60,106.9,49.6666666666667,30,64
8100,60,106.818181818182,44.6969696969697,33,64
8200,60,111.483870967742,39.2258064516129,31,64
8300,60,111.193548387097,32.6451612903226,31,62
8400,60,111.625,29.25,32,62
8500,60,110,24.3125,32,64
8600,60,110.0625,20.1875,32,64
8700,60,107.625,14.71875,32,62
8800,60,105.676470588235,12.7352941176471,34,64
8900,60,105.969696969697,9.48484848484848,33,64
9000,60,108.212121212121,4.36363636363637,33,66
9100,60,109.69696969697,-0.121212121212125,33,64
9200,60,113.258064516129,-4.45161290322579,31,64
9300,60,112.0625,-10.09375,32,62
9400,60,110.571428571429,-16.5714285714286,35,66
9500,60,116.58064516129,-13.5806451612903,31,62
9600,60,123.8125,-14.28125,32,62
9700,60,126.8125,-17.59375,32,66
9800,60,127.206896551724,-22.551724137931,29,62
9900,60,127.5,-27.59375,32,66
10000,60,132.485714285714,-29.8857142857143,35,64
0,61,50,50.5,2,14
100,61,51.25,52.65625,32,64
200,61,51.1176470588235,56.0588235294118,34,64
300,61,54.09375,50.625,32,62
400,61,59.2727272727273,49.4242424242424,33,64
500,61,62.6176470588235,54.0882352941177,34,64
600,61,65.1470588235294,57.6176470588235,34,64
700,61,71.34375,59.09375,32,64
800,61,77.1333333333333,61.7666666666667,30,62
900,61,83.28125,65.25,32,62
1000,61,89.2903225806452,64.5806451612903,31,64
1100,61,94.03125,67,32,64
1200,61,91.0645161290323,72.3548387096774,31,60
1300,61,88.2424242424242,75.6969696969697,33,62
1400,61,90.4242424242424,80.4242424242424,33,64
1500,61,94.6060606060606,79.6969696969697,33,64
1600,61,101.030303030303,78.7575757575758,33,64
1700,61,106.58064516129,81.6774193548387,31,64
1800,61,109.333333333333,77.2,30,62
1900,61,111.969696969697,72.6060606060606,33,64
2000,61,114.21875,67,32,64
2100,61,117.606060606061,64.9090909090909,33,64
2200,61,121.931034482759,64.6896551724138,29,60
2300,61,127.09375,64.3125,32,62
2400,61,130,69.7142857142857,35,66
2500,61,130.352941176471,73.1470588235294,34,64
2600,61,127.909090909091,78.8484848484848,33,62
2700,61,126.914285714286,77.3142857142857,35,64
2800,61,130.515151515152,71.969696969697,33,66
2900,61,133.823529411765,66.9117647058823,34,64
3000,61,129,64.34375,32,64
3100,61,124.129032258065,67.3870967741936,31,62
3200,61,124.090909090909,72.3030303030303,33,68
3300,61,126.6875,74.5625,32,64
3400,61,131.5,75,34,62
3500,61,134.470588235294,72.7647058823529,34,66
3600,61,137.1875,69.09375,32,64
3700,61,141.258064516129,66.0645161290322,31,62
3800,61,147.09375,65.375,32,66
3900,61,148.588235294118,65.1764705882353,34,64
4000,61,150.060606060606,69.8787878787879,33,64
4100,61,145.939393939394,74.2121212121212,33,64
4200,61,140.9375,75.46875,32,66
4300,61,135.096774193548,78.4516129032258,31,60
4400,61,133.387096774194,85.3225806451613,31,64
4500,61,130.575757575758,90.6666666666667,33,62
4600,61,126.65625,92.25,32,64
4700,61,127,96,34,66
4800,61,131.363636363636,101.727272727273,33,62
4900,61,133.628571428571,108.085714285714,35,66
5000,61,137.323529411765,112.235294117647,34,64
5100,61,140.727272727273,115.212121212121,33,66
5200,61,139.647058823529,120.088235294118,34,64
5300,61,139.59375,126.25,32,64
5400,61,138.21875,131.9375,32,62
5500,61,142.382352941176,134.205882352941,34,66
5600,61,142.838709677419,138.161290322581,31,64
5700,61,144.363636363636,142.30303030303,33,64
5800,61,149.15625,142.1875,32,62
5900,61,151.333333333333,137.181818181818,33,64
6000,61,155.41935483871,136.096774193548,31,64
6100,61,159.558823529412,130.970588235294,34,68
6200,61,161.41935483871,127.741935483871,31,64
6300,61,164.515151515152,121.909090909091,33,62
6400,61,169.909090909091,123.151515151515,33,62
6500,61,173.516129032258,126.322580645161,31,62
6600,61,180.727272727273,122.909090909091,33,64
6700,61,188.161290322581,122.870967741935,31,64
6800,61,191.59375,128.96875,32,62
6900,61,189,135.142857142857,35,66
7000,61,193.714285714286,138.942857142857,35,64
7100,61,197.676470588235,141.911764705882,34,64
7200,61,200.142857142857,146.171428571429,35,66
7300,61,203.205882352941,153.441176470588,34,64
7400,61,203.967741935484,158.129032258065,31,62
7500,61,202.25,163.375,32,62
7600,61,200.125,169.625,32,64
7700,61,195.939393939394,173.666666666667,33,62
7800,61,191.771428571429,179.085714285714,35,66
7900,61,187.885714285714,183.114285714286,35,64
8000,61,184.967741935484,188.032258064516,31,64
8100,61,180.424242424242,188.848484848485,33,64
8200,61,176.838709677419,193.193548387097,31,62
8300,61,172.15625,195.4375,32,62
8400,61,169.8,198.266666666667,30,64
8500,61,163.606060606061,196.515151515152,33,62
8600,61,157.96875,196.34375,32,62
8700,61,153.545454545455,201.272727272727,33,64
8800,61,150.117647058824,204.852941176471,34,64
8900,61,147,205.787878787879,33,64
9000,61,142.454545454545,206.060606060606,33,66
9100,61,136.5625,204.46875,32,64
9200,61,131.258064516129,207.709677419355,31,62
9300,61,128.387096774194,212.903225806452,31,66
9400,61,123.685714285714,215.4,35,64
9500,61,119.787878787879,215.545454545455,33,62
9600,61,115.342857142857,217.942857142857,35,64
9700,61,120.4,219.266666666667,30,62
9800,61,119.636363636364,225.30303030303,33,66
9900,61,122.212121212121,225.363636363636,33,66
10000,61,125.527777777778,221.25,36,68
0,62,50.25,51.5,4,26
100,62,54.3030303030303,51.969696969697,33,64
200,62,56.0909090909091,52.2424242424242,33,64
300,62,61.3030303030303,56.5454545454546,33,64
400,62,64.764705882353,61.1764705882353,34,64
500,62,67.625,63.4375,32,64
600,62,71.5294117647059,60.9705882352941,34,66
700,62,73.9354838709677,56.4516129032258,31,64
800,62,73.25,50.5625,32,66
900,62,75.030303030303,46.6363636363636,33,64
1000,62,75.030303030303,42.0606060606061,33,64
1100,62,74.5454545454545,34.969696969697,33,66
1200,62,76.1714285714286,30.3714285714286,35,66
1300,62,81.6875,27.8125,32,64
1400,62,83.764705882353,22.9117647058824,34,64
1500,62,81.53125,17.28125,32,64
1600,62,82.5,12.75,32,64
1700,62,79.4545454545455,9.27272727272727,33,66
1800,62,74.1875,7.4375,32,62
1900,62,70.625,7,32,64
2000,62,65.28125,6.59375,32,64
2100,62,62.65625,1.5625,32,62
2200,62,65.0285714285714,-3.71428571428572,35,66
2300,62,60.6764705882353,-3.67647058823528,34,64
2400,62,55.5454545454546,-4.57575757575761,33,64
2500,62,50.969696969697,-2.24242424242424,33,66
2600,62,50.1818181818182,-0.969696969696955,33,62
2700,62,50.7567567567568,3.5945945945946,37,66
2800,62,53.84375,3.9375,32,62
2900,62,60.25,1.4375,32,62
3000,62,64.0967741935484,-1.16129032258064,31,64
3100,62,63.6363636363636,-5.39393939393936,33,66
3200,62,60.53125,-3.15625,32,64
3300,62,62.8,0.457142857142856,35,64
3400,62,66.78125,0.09375,32,64
3500,62,70.5454545454545,-0.909090909090907,33,62
3600,62,74.741935483871,-1.80645161290325,31,64
3700,62,75.34375,2.71875,32,62
3800,62,77.030303030303,9.12121212121212,33,64
3900,62,79.5882352941177,15.0882352941177,34,66
4000,62,81,18.09375,32,64
4100,62,78.2424242424242,24.030303030303,33,64
4200,62,72.2121212121212,23.3333333333333,33,66
4300,62,65.6470588235294,22.5,34,66
4400,62,61.0909090909091,26.8181818181818,33,64
4500,62,59.969696969697,30.8181818181818,33,66
4600,62,54.2,31.7142857142857,35,66
4700,62,51.8484848484849,35.4848484848485,33,62
4800,62,48.4193548387097,38.4516129032258,31,62
4900,62,45.15625,40.375,32,60
5000,62,49.7714285714286,40.6285714285714,35,64
5100,62,56.8235294117647,40.6764705882353,34,66
5200,62,57.8285714285714,33.6571428571429,35,66
5300,62,53.25,28.6875,32,64
5400,62,49.0967741935484,29.9354838709677,31,62
5500,62,44.6666666666667,36.1212121212121,33,64
5600,62,42.3636363636364,43.2727272727273,33,62
5700,62,44.2857142857143,50.0571428571429,35,64
5800,62,42.1142857142857,53.8571428571429,35,66
5900,62,39,56.875,32,62
6000,62,34.6666666666667,53.030303030303,33,66
6100,62,30.8181818181818,52.7272727272727,33,62
6200,62,26.6571428571429,50.0571428571428,35,66
6300,62,25.9375,45.90625,32,62
6400,62,25.125,42.625,32,64
6500,62,22.741935483871,37.258064516129,31,62
6600,62,17.9,32.6666666666667,30,64
6700,62,14.5151515151515,30.0909090909091,33,62
6800,62,7.78787878787879,33.0909090909091,33,64
6900,62,7.96666666666667,38.7,30,60
7000,62,4.4375,42.09375,32,62
7100,62,1.1875,46.65625,32,64
7200,62,1.875,50.5,32,64
7300,62,-0.941176470588246,52.3235294117647,34,64
7400,62,-5.33333333333336,53.1212121212121,33,66
7500,62,-9.24242424242422,52.969696969697,33,64
7600,62,-10.741935483871,46.9677419354839,31,62
7700,62,-11.6875,43.40625,32,62
7800,62,-17.3529411764706,45.9117647058823,34,64
7900,62,-21.9090909090909,49.5151515151515,33,62
8000,62,-27.3,51.9666666666667,30,62
8100,62,-30.4857142857143,51.6,35,64
8200,62,-28.2058823529412,46.5294117647059,34,66
8300,62,-27.15625,40.71875,32,62
8400,62,-30.7575757575758,35.3333333333333,33,62
8500,62,-29.0882352941177,30.5588235294118,34,64
8600,62,-26.8387096774194,24.8387096774194,31,66
8700,62,-19.71875,24.15625,32,62
8800,62,-14.8709677419355,21.8709677419355,31,64
8900,62,-9.94285714285715,25.6857142857143,35,66
9000,62,-7.61764705882354,29.8235294117647,34,64
9100,62,-10.4666666666667,25.8666666666667,30,60
9200,62,-10.8823529411765,19.0588235294118,34,64
9300,62,-9.93939393939394,14.4242424242424,33,64
9400,62,-11.2058823529411,9.76470588235294,34,68
9500,62,-15.6470588235294,6.97058823529412,34,68
9600,62,-19.84375,6.6875,32,64
9700,62,-23.0285714285715,6.08571428571429,35,66
9800,62,-23.1,0.166666666666671,30,62
9900,62,-20.9428571428572,1.45714285714286,35,66
10000,62,-25.5,5.11764705882354,34,66
0,63,50,50.5,2,14
100,63,46.6969696969697,48.9090909090909,33,62
200,63,42.3939393939394,48.0909090909091,33,64
300,63,42.90625,43.1875,32,64
400,63,49.2647058823529,38.6764705882353,34,66
500,63,50.3939393939394,33.3636363636364,33,64
600,63,50.1875,30.21875,32,62
700,63,51.4838709677419,25.6129032258064,31,62
800,63,55.741935483871,22.9354838709677,31,62
900,63,60.21875,20.625,32,64
1000,63,62.8181818181818,16.2727272727273,33,64
1100,63,64.5,12.4117647058824,34,64
1200,63,63.2727272727273,9.6060606060606,33,64
1300,63,59.5483870967742,7.74193548387097,31,62
1400,63,54.5,5.8125,32,62
1500,63,52.0967741935484,1.96774193548387,31,62
1600,63,56.0882352941177,-0.411764705882362,34,64
1700,63,55.75,4.65625,32,64
1800,63,52.8125,8.75,32,62
1900,63,53.59375,8.65625,32,64
2000,63,50,8.5625,32,62
2100,63,48.9444444444445,12.9444444444444,36,66
2200,63,49.7428571428571,10.5428571428571,35,64
2300,63,51.40625,8.09375,32,62
2400,63,49.9354838709678,1,31,64
2500,63,52.1764705882353,-4.55882352941174,34,64
2600,63,54.8387096774194,-8.38709677419357,31,62
2700,63,56.0857142857143,-8.85714285714285,35,64
2800,63,53.9677419354839,-3.90322580645162,31,62
2900,63,57.4117647058824,-0.676470588235276,34,64
3000,63,61.3235294117647,-4.08823529411764,34,64
3100,63,64.3333333333333,-7.61111111111111,36,66
3200,63,64.5,-12,34,62
3300,63,67.8823529411765,-9.88235294117646,34,64
3400,63,72.7142857142857,-4.05714285714286,35,64
3500,63,75.2121212121212,-0.454545454545439,33,62
3600,63,76.5151515151515,5.03030303030303,33,64
3700,63,72.0967741935484,8.61290322580645,31,64
3800,63,68.0909090909091,7.24242424242424,33,62
3900,63,62.1764705882353,2.82352941176471,34,62
4000,63,58.5625,-1.15625,32,64
4100,63,53.0322580645161,-3.16129032258064,31,62
4200,63,49.4705882352941,-6.35294117647057,34,64
4300,63,44.90625,-9.21875,32,66
4400,63,43,-4.11764705882356,34,64
4500,63,45.5161290322581,-2.35483870967742,31,62
4600,63,52.53125,1.90625,32,64
4700,63,59,2.90909090909091,33,68
4800,63,62.4545454545455,3.63636363636364,33,64
4900,63,65.516129032258,8.03225806451613,31,62
5000,63,70.8235294117647,10.8235294117647,34,62
5100,63,75.5454545454546,9.78787878787878,33,64
5200,63,78.9411764705882,8.44117647058823,34,66
5300,63,81.5,14.96875,32,64
5400,63,85.5,19.0666666666667,30,64
5500,63,91.34375,21.46875,32,64
5600,63,96.8064516129032,20.0967741935484,31,62
5700,63,99.9354838709677,18.7096774193548,31,64
5800,63,101.314285714286,15.5428571428571,35,66
5900,63,99.34375,11,32,64
6000,63,97.3548387096774,13.1290322580645,31,64
6100,63,90.0322580645161,14.9677419354839,31,64
6200,63,84,15.5,32,62
6300,63,84.2647058823529,19.9117647058823,34,64
6400,63,80.3125,20.5625,32,62
6500,63,77.2352941176471,23.1764705882353,34,64
6600,63,72.4411764705882,26.5294117647059,34,66
6700,63,66.0909090909091,28.7272727272727,33,64
6800,63,61.9666666666667,31.1,30,62
6900,63,60.6333333333334,25.5333333333333,30,64
7000,63,61.1333333333333,21.1666666666667,30,62
7100,63,64.8529411764706,19.1470588235294,34,66
7200,63,66.0909090909091,14.8484848484848,33,62
7300,63,68.5588235294118,10.4705882352941,34,64
7400,63,68.1935483870968,5.45161290322581,31,64
7500,63,66.625,3.4375,32,64
7600,63,70.5,-0.1875,32,62
7700,63,76.125,-0.4375,32,62
7800,63,80.6969696969697,2.87878787878788,33,66
7900,63,85.9677419354838,3.90322580645162,31,62
8000,63,86.59375,7.96875,32,62
8100,63,87.9666666666667,13.2333333333333,30,62
8200,63,86.7142857142857,18.8571428571428,35,66
8300,63,82.1612903225806,23.258064516129,31,66
8400,63,75.7575757575758,22.2121212121212,33,64
8500,63,73.3529411764706,27.8823529411765,34,64
8600,63,70.9375,32.15625,32,62
8700,63,74.3823529411765,35.4705882352941,34,66
8800,63,78.6875,33.84375,32,64
8900,63,80.6875,25.21875,32,66
9000,63,82.2058823529412,18.1176470588235,34,66
9100,63,87.5,20,34,62
9200,63,91.6764705882353,25.6764705882353,34,64
9300,63,95.34375,28.96875,32,62
9400,63,97.7931034482759,31.6206896551724,29,62
9500,63,103.266666666667,27.7666666666667,30,62
9600,63,103.117647058824,23.5,34,64
9700,63,99.5945945945946,22.3243243243243,37,66
9800,63,96.2333333333333,26.1333333333333,30,62
9900,63,98.2258064516129,29.8064516129032,31,62
10000,63,97.1470588235294,36.3529411764706,34,66
0,64,49.5,50.5,2,14
100,64,50,54.4516129032258,31,64
200,64,54.75,57.4375,32,64
300,64,58.4375,58.125,32,62
400,64,58.0645161290323,62.6451612903226,31,62
500,64,58.3793103448276,69.7931034482758,29,60
600,64,62.5757575757576,73.7878787878788,33,64
700,64,69.4375,74.46875,32,64
800,64,73.0625,68.5625,32,64
900,64,71.1935483870968,63.5806451612903,31,66
1000,64,70.1612903225806,58.0645161290323,31,62
1100,64,69.1515151515152,52.7878787878788,33,64
1200,64,65.3870967741936,49.258064516129,31,60
1300,64,61.5714285714286,47.0857142857143,35,66
1400,64,58.6111111111111,41.0277777777778,36,66
1500,64,54.03125,39.875,32,66
1600,64,50.5625,40.28125,32,62
1700,64,50.0857142857143,34.0571428571429,35,66
1800,64,49.3225806451613,29.258064516129,31,62
1900,64,52.2424242424242,27.9090909090909,33,62
2000,64,59,25.5806451612903,31,62
2100,64,60.4857142857143,21.2285714285714,35,66
2200,64,56.2941176470588,18.8529411764706,34,66
2300,64,52,19.5,34,62
2400,64,49.741935483871,19.5161290322581,31,64
2500,64,44.625,21.3125,32,64
2600,64,43.8387096774194,17.9677419354839,31,64
2700,64,51.3939393939394,17.0909090909091,33,64
2800,64,55.7272727272727,12.6666666666667,33,64
2900,64,60.4285714285714,7.77142857142857,35,64
3000,64,62.969696969697,3.96969696969697,33,64
3100,64,66.2413793103448,-0.75862068965516,29,62
3200,64,66.2258064516129,-5.83870967741936,31,66
3300,64,67.2258064516129,-1.87096774193544,31,62
3400,64,68.65625,2.09375,32,64
3500,64,72.4375,4,32,62
3600,64,73,2.63636363636364,33,66
3700,64,71.2727272727273,-4.81818181818184,33,62
3800,64,68.2352941176471,-10.9411764705882,34,64
3900,64,65.4516129032258,-16.5806451612903,31,64
4000,64,68.9375,-21.625,32,62
4100,64,72.3225806451613,-26.4193548387097,31,62
4200,64,70,-30.7575757575758,33,64
4300,64,68.1,-38.3,30,62
4400,64,65.0588235294118,-36.2647058823529,34,66
4500,64,63.8,-31.7333333333333,30,62
4600,64,63.4516129032258,-28.5806451612903,31,64
4700,64,58,-29.5,34,66
4800,64,52.1515151515151,-31.1515151515152,33,64
4900,64,52.5,-36.09375,32,62
5000,64,53.4117647058823,-39.9117647058824,34,64
5100,64,52.8666666666667,-43.6666666666667,30,64
5200,64,51.1875,-48.4375,32,62
5300,64,47.625,-52.84375,32,60
5400,64,48.6,-56.4857142857143,35,64
5500,64,53.7878787878788,-60.5151515151515,33,66
5600,64,57.3870967741936,-57.9032258064516,31,64
5700,64,52.7352941176471,-54.2058823529412,34,66
5800,64,49.28125,-51.78125,32,66
5900,64,48.1875,-45.125,32,62
6000,64,41.5,-41.9375,32,66
6100,64,36.8965517241379,-44.0689655172414,29,60
6200,64,34.28125,-45.3125,32,62
6300,64,30.4516129032258,-46.7096774193548,31,62
6400,64,30.3428571428571,-51.6,35,68
6500,64,29,-55.483870967742,31,62
6600,64,29.8857142857143,-60.2571428571429,35,64
6700,64,32.1212121212121,-61.3333333333333,33,64
6800,64,32.2727272727273,-57.4848484848485,33,64
6900,64,25.375,-56.21875,32,62
7000,64,21.3235294117647,-52.7941176470588,34,66
7100,64,22.1875,-45.84375,32,62
7200,64,26.09375,-42.96875,32,62
7300,64,28.2666666666667,-40.5,30,60
7400,64,25.6857142857143,-37.7428571428571,35,66
7500,64,21.5757575757576,-39.6060606060606,33,64
7600,64,17.65625,-42.96875,32,62
7700,64,11.9393939393939,-45.8484848484849,33,64
7800,64,9.11764705882353,-50.5882352941177,34,64
7900,64,1.82352941176471,-53.3529411764706,34,64
8000,64,-1.85294117647059,-54.1176470588235,34,64
8100,64,-6.03030303030305,-49.8484848484849,33,64
8200,64,-8.875,-45.84375,32,62
8300,64,-8.75,-41.9375,32,62
8400,64,-4.91666666666666,-39.6666666666667,36,66
8500,64,-2.09677419354838,-33.8387096774194,31,66
8600,64,-7.46875,-30.5,32,64
8700,64,-11.1935483870968,-27.4516129032258,31,64
8800,64,-15.6129032258064,-22.3225806451613,31,64
8900,64,-18.9354838709677,-18.741935483871,31,64
9000,64,-22.15625,-17.25,32,62
9100,64,-27.3548387096774,-13.1290322580645,31,62
9200,64,-32.875,-9.46875,32,62
9300,64,-37.5483870967742,-12.9032258064516,31,60
9400,64,-44,-11.21875,32,62
9500,64,-47.3636363636364,-13.2727272727273,33,62
9600,64,-50.2727272727273,-18.3030303030303,33,64
9700,64,-51.0344827586207,-20.5172413793103,29,62
9800,64,-47.9375,-20.09375,32,62
9900,64,-45.3030303030303,-24.9090909090909,33,62
10000,64,-43.6666666666667,-32.8181818181818,33,64
0,65,49.5,50.5,4,20
100,65,52.9375,48.75,32,64
200,65,57.6875,42.8125,32,64
300,65,60.3870967741936,39.258064516129,31,60
400,65,62.3030303030303,34.4545454545455,33,64
500,65,68.1935483870968,35.9354838709677,31,62
600,65,69.3125,38.90625,32,64
700,65,73.5,42.0588235294118,34,66
800,65,75.09375,46.71875,32,64
900,65,79.8181818181818,45.969696969697,33,64
1000,65,83.1764705882353,45.1764705882353,34,62
1100,65,82.1470588235294,40.3529411764706,34,64
1200,65,81.7575757575758,36.5151515151515,33,64
1300,65,79.1818181818182,31.1212121212121,33,64
1400,65,73.4193548387097,30.0645161290323,31,60
1500,65,69.03125,30.125,32,64
1600,65,66.0588235294118,36.4411764705882,34,64
1700,65,60.375,40.125,32,64
1800,65,57.8709677419355,45.1290322580645,31,62
1900,65,58.3030303030303,47.6969696969697,33,66
2000,65,55.0666666666667,51.9666666666667,30,62
2100,65,51.0625,50.78125,32,64
2200,65,48.5151515151515,45.6969696969697,33,64
2300,65,51.0645161290323,42.0322580645161,31,62
2400,65,53.09375,40.28125,32,64
2500,65,58.46875,38.96875,32,62
2600,65,63.625,40.59375,32,64
2700,65,70.5,42,34,62
2800,65,72.3030303030303,36.6969696969697,33,66
2900,65,72.0606060606061,32.3636363636364,33,64
3000,65,67.6363636363637,34.6060606060606,33,64
3100,65,63.3030303030303,34.0606060606061,33,64
3200,65,62.21875,38.46875,32,64
3300,65,65.5294117647059,43.9411764705882,34,64
3400,65,64.75,50.53125,32,64
3500,65,59.65625,55.15625,32,62
3600,65,55.8125,58.84375,32,64
3700,65,55,64.6060606060606,33,64
3800,65,57.5454545454546,69.3333333333333,33,64
3900,65,51.9393939393939,69.5151515151515,33,66
4000,65,46.3939393939394,68.6363636363636,33,64
4100,65,43.1515151515152,71.6060606060606,33,64
4200,65,41.2857142857143,75.6,35,66
4300,65,38.75,79.71875,32,62
4400,65,41.78125,80.625,32,62
4500,65,42.8709677419355,84.0645161290323,31,64
4600,65,39.1034482758621,87.2068965517241,29,62
4700,65,36.90625,90.40625,32,62
4800,65,32,92.5,32,62
4900,65,26.53125,92.09375,32,64
5000,65,21.2121212121212,91.6060606060606,33,64
5100,65,16.5625,92.5625,32,62
5200,65,17.5151515151515,88.3939393939394,33,64
5300,65,21.9166666666667,85.5555555555556,36,66
5400,65,25.735294117647,80.7352941176471,34,64
5500,65,32.6333333333333,78.5666666666666,30,62
5600,65,38.0967741935484,76.5806451612903,31,66
5700,65,40.84375,72.34375,32,64
5800,65,40.9354838709678,69,31,62
5900,65,39.6363636363636,62.7272727272727,33,62
6000,65,40.1818181818182,56.6666666666667,33,64
6100,65,37.0294117647059,53.3529411764706,34,64
6200,65,28.6764705882353,54.7352941176471,34,66
6300,65,23.8235294117647,56.9411764705882,34,66
6400,65,20.6969696969697,60.6060606060606,33,66
6500,65,16.5277777777778,64.25,36,66
6600,65,17.0294117647059,68.9117647058824,34,64
6700,65,18.5588235294118,65.3529411764706,34,66
6800,65,17.375,60.84375,32,60
6900,65,20.4375,58.46875,32,64
7000,65,23.030303030303,61.5757575757576,33,64
7100,65,23.0606060606061,67.6969696969697,33,64
7200,65,20.5161290322581,67.1612903225806,31,62
7300,65,21.8823529411765,63.3235294117647,34,66
7400,65,28.71875,62.96875,32,62
7500,65,32.0333333333333,61.3,30,60
7600,65,27.258064516129,57.1290322580645,31,62
7700,65,20.5625,59.8125,32,66
7800,65,15.6666666666667,62.3333333333333,33,64
7900,65,11.9375,59.25,32,62
8000,65,6.2258064516129,59.5806451612903,31,62
8100,65,5.875,56.5625,32,62
8200,65,5.94285714285714,52.1142857142857,35,64
8300,65,9.83333333333333,49.0666666666667,30,62
8400,65,15.8064516129032,49.1612903225806,31,62
8500,65,19.59375,46.21875,32,66
8600,65,23.0882352941176,42.2352941176471,34,66
8700,65,29.625,41.5,32,62
8800,65,35.09375,43.8125,32,64
8900,65,39.84375,44.4375,32,64
9000,65,43.53125,39.53125,32,64
9100,65,46.6060606060606,34.4848484848485,33,62
9200,65,50.28125,31.3125,32,62
9300,65,50.3333333333333,26.8181818181818,33,64
9400,65,47.9090909090909,29.3333333333333,33,64
9500,65,42.1515151515151,27.7272727272727,33,64
9600,65,36.5625,23.28125,32,62
9700,65,38.9375,18.6875,32,64
9800,65,44.09375,21.15625,32,64
9900,65,51.5757575757576,18.5454545454545,33,66
10000,65,51.78125,11.96875,32,66
0,66,50,50,1,8
100,66,48.8857142857143,50.7428571428571,35,64
200,66,43.9032258064516,47.7096774193548,31,64
300,66,40.1470588235294,47.1176470588235,34,66
400,66,33.7666666666667,43.6333333333333,30,62
500,66,31.8823529411765,39.764705882353,34,64
600,66,36.0882352941176,39.6764705882353,34,64
700,66,41.8181818181818,36.6363636363636,33,64
800,66,43.741935483871,32.0322580645161,31,64
900,66,46.09375,28.875,32,62
1000,66,49.7058823529412,27.1470588235294,34,64
1100,66,52.21875,25.75,32,64
1200,66,54.3125,20.0625,32,62
1300,66,48.5454545454546,16.0909090909091,33,62
1400,66,43,12.1935483870968,31,62
1500,66,37.5882352941177,14.3235294117647,34,64
1600,66,32.8709677419355,15.7096774193548,31,60
1700,66,33.6470588235294,12.4705882352941,34,64
1800,66,38.8,8.13333333333333,30,64
1900,66,42.3333333333333,6.42424242424242,33,62
2000,66,36.9393939393939,8.57575757575758,33,62
2100,66,34.5714285714286,10.4642857142857,28,60
2200,66,32.0606060606061,7.48484848484848,33,64
2300,66,28.6969696969697,1.54545454545455,33,66
2400,66,25,-3.59999999999999,35,64
2500,66,23.6875,-7.96875,32,64
2600,66,26.9090909090909,-10.7878787878788,33,66
2700,66,30.9090909090909,-10.1515151515151,33,64
2800,66,35,-9.2058823529412,34,64
2900,66,37.8787878787879,-6.42424242424242,33,66
3000,66,42.6666666666667,-4.48484848484853,33,64
3100,66,47,-7.88235294117648,34,66
3200,66,50.9705882352941,-12.6764705882353,34,64
3300,66,46.7575757575758,-13.939393939394,33,66
3400,66,42.8484848484849,-16.7272727272727,33,62
3500,66,36.5806451612903,-19.0645161290323,31,62
3600,66,33.0322580645161,-20.4838709677419,31,64
3700,66,30.6666666666667,-24.2424242424242,33,62
3800,66,28.7142857142857,-28.7714285714286,35,66
3900,66,33.59375,-31.40625,32,64
4000,66,38.1470588235294,-27,34,64
4100,66,44.1935483870968,-27.6129032258064,31,62
4200,66,44.9677419354839,-33.9032258064516,31,62
4300,66,46.3939393939394,-41.4545454545455,33,64
4400,66,46.6176470588235,-44.8529411764706,34,64
4500,66,45.258064516129,-51.4838709677419,31,62
4600,66,44.8387096774194,-56.8387096774193,31,62
4700,66,43.25,-59.71875,32,62
4800,66,37.5,-58.375,32,64
4900,66,30.5333333333333,-60.4,30,62
5000,66,29.9166666666667,-56.8888888888889,36,66
5100,66,33.7,-49.2333333333333,30,64
5200,66,36.9714285714286,-47.8285714285714,35,64
5300,66,41.9375,-44.59375,32,66
5400,66,46.0666666666667,-43.6333333333333,30,62
5500,66,50.9393939393939,-38.8484848484848,33,64
5600,66,56.4411764705882,-37.9411764705882,34,64
5700,66,62.28125,-37.8125,32,64
5800,66,69.5,-37.6764705882353,34,66
5900,66,76.5625,-35.4375,32,66
6000,66,81.030303030303,-32.8181818181818,33,62
6100,66,82.3225806451613,-34.483870967742,31,62
6200,66,85.8709677419355,-39.7741935483871,31,62
6300,66,91,-38.3030303030303,33,64
6400,66,96.53125,-35.25,32,62
6500,66,100.705882352941,-31.4705882352941,34,66
6600,66,102,-26.3030303030303,33,64
6700,66,106.9,-27.7,30,60
6800,66,110.939393939394,-33.0909090909091,33,66
6900,66,116.5625,-33.53125,32,64
7000,66,119.323529411765,-32.3823529411765,34,64
7100,66,121.870967741935,-27.9032258064516,31,64
7200,66,120.58064516129,-24.0322580645161,31,62
7300,66,120.354838709677,-19.4516129032258,31,62
7400,66,116.030303030303,-15.030303030303,33,64
7500,66,112,-20.5,34,62
7600,66,110.59375,-23.96875,32,64
7700,66,106.5,-21.5625,32,64
7800,66,103,-15.7878787878788,33,64
7900,66,98.3125,-14.0625,32,62
8000,66,93.9142857142857,-10.6857142857143,35,64
8100,66,91.2647058823529,-5.52941176470584,34,66
8200,66,90.0625,2.21875,32,64
8300,66,94.3529411764706,3.76470588235294,34,64
8400,66,99.25,4.28125,32,62
8500,66,100.454545454545,0.63636363636364,33,64
8600,66,96.2666666666667,-1.83333333333331,30,62
8700,66,91.8484848484848,3.33333333333333,33,64
8800,66,93.2857142857143,8.77142857142857,35,66
8900,66,98.0967741935484,11.9354838709677,31,62
9000,66,102.090909090909,11.8181818181818,33,64
9100,66,98.8333333333333,6.26666666666667,30,62
9200,66,96.5151515151515,0.151515151515156,33,62
9300,66,94.5428571428571,-5.42857142857144,35,64
9400,66,98.9705882352941,-8.44117647058825,34,64
9500,66,102.7,-10.2,30,62
9600,66,110.205882352941,-11.4705882352941,34,66
9700,66,114.516129032258,-11.6129032258065,31,62
9800,66,118.8125,-7.65625,32,64
9900,66,120.34375,-1.375,32,62
10000,66,117.333333333333,2.75757575757576,33,62
0,67,49.5,50,2,14
100,67,52.258064516129,52.0645161290322,31,62
200,67,49.8181818181818,54.0909090909091,33,66
300,67,44.8275862068966,57.1724137931034,29,60
400,67,41.1875,58.4375,32,62
500,67,36.8387096774194,58.9354838709677,31,66
600,67,34.5161290322581,63.4838709677419,31,62
700,67,36.8484848484849,64.9090909090909,33,62
800,67,40.3636363636364,63.5151515151515,33,64
900,67,36.40625,59.90625,32,62
1000,67,33.125,62.0625,32,62
1100,67,29.1818181818182,61.2727272727273,33,62
1200,67,25.78125,56.625,32,62
1300,67,17.4242424242424,53.030303030303,33,64
1400,67,10.7058823529412,53.0882352941176,34,66
1500,67,5.53125,54.0625,32,62
1600,67,1.06060606060606,49.6363636363636,33,64
1700,67,-6.22580645161293,48.5161290322581,31,62
1800,67,-7.90909090909092,52,33,64
1900,67,-10.375,57.34375,32,62
2000,67,-7.67647058823528,64.0588235294118,34,64
2100,67,-5.03125,70.75,32,64
2200,67,-4.71875,73.8125,32,62
2300,67,-2.1818181818182,77.5151515151515,33,66
2400,67,0.424242424242422,83.1818181818182,33,64
2500,67,2.2,88.7714285714286,35,66
2600,67,5.63333333333333,90.9666666666666,30,60
2700,67,4.9375,96.875,32,64
2800,67,2.16129032258064,101.225806451613,31,62
2900,67,-1.70967741935485,102.612903225806,31,62
3000,67,-4.4375,98.625,32,64
3100,67,-8.90000000000001,98.1333333333333,30,64
3200,67,-12.8484848484849,98.5757575757576,33,64
3300,67,-19.40625,95.6875,32,66
3400,67,-24.030303030303,91.1212121212121,33,64
3500,67,-29.7714285714286,92.7428571428572,35,66
3600,67,-32.9375,87.125,32,62
3700,67,-32.6470588235294,80.5,34,66
3800,67,-33.1764705882353,76.2352941176471,34,64
3900,67,-38.0857142857143,74.4285714285714,35,64
4000,67,-44.1612903225806,75.4516129032258,31,64
4100,67,-46.1176470588235,69.1764705882353,34,64
4200,67,-46.6764705882353,63.0882352941177,34,64
4300,67,-52.1818181818182,62.2727272727273,33,62
4400,67,-56.6451612903226,64.258064516129,31,64
4500,67,-60.1764705882353,62.1764705882353,34,62
4600,67,-62.3939393939394,58.030303030303,33,66
4700,67,-67.5882352941177,60.1470588235294,34,66
4800,67,-72.0882352941177,58.9705882352941,34,64
4900,67,-77.1818181818182,59.2727272727273,33,62
5000,67,-75.4827586206897,63.6896551724138,29,62
5100,67,-79.625,66.6875,32,62
5200,67,-84.8484848484848,70.2121212121212,33,66
5300,67,-90.2285714285714,74.7428571428572,35,64
5400,67,-90.2727272727273,80.8787878787879,33,64
5500,67,-84.0625,82.375,32,64
5600,67,-82.2352941176471,80.0588235294118,34,64
5700,67,-78.0882352941177,77.3529411764706,34,64
5800,67,-79,73.2903225806451,31,62
5900,67,-84.25,72.78125,32,64
6000,67,-86.3428571428571,79.6857142857143,35,66
6100,67,-82.78125,83.28125,32,62
6200,67,-80.1818181818182,80.7878787878788,33,64
6300,67,-76.4242424242424,83.1212121212121,33,64
6400,67,-75.21875,79.1875,32,64
6500,67,-77.3636363636364,74.9090909090909,33,64
6600,67,-77,70.84375,32,62
6700,67,-76.3823529411765,65.6470588235294,34,66
6800,67,-79.9354838709677,61.741935483871,31,66
6900,67,-83.2058823529412,56.7058823529412,34,64
7000,67,-83.8064516129032,51.6451612903226,31,62
7100,67,-84,45,31,60
7200,67,-81.3333333333333,41.2333333333333,30,62
7300,67,-76.4516129032258,42.4193548387097,31,60
7400,67,-73.9666666666667,37.3666666666667,30,60
7500,67,-78.5806451612903,33.3225806451613,31,64
7600,67,-81.4285714285714,30.3714285714286,35,64
7700,67,-85.0967741935484,31.6129032258065,31,62
7800,67,-81,29.7058823529412,34,66
7900,67,-77.3333333333333,30.0606060606061,33,66
8000,67,-72,29,35,64
8100,67,-66.5,28.5,34,64
8200,67,-65.0857142857143,34.5714285714286,35,64
8300,67,-63.9354838709677,39.5806451612903,31,60
8400,67,-63.2121212121212,43.4545454545454,33,62
8500,67,-60.4848484848485,48.9393939393939,33,64
8600,67,-61.5151515151515,52.4848484848485,33,64
8700,67,-63.5294117647059,58.5588235294118,34,66
8800,67,-58.4545454545454,61.9090909090909,33,62
8900,67,-55.4242424242424,65.0303030303031,33,62
9000,67,-49.15625,68.71875,32,62
9100,67,-44.6969696969697,70.0909090909091,33,62
9200,67,-39.7647058823529,70.5294117647059,34,64
9300,67,-36.5294117647059,68.1470588235294,34,64
9400,67,-30.84375,66.90625,32,64
9500,67,-26.46875,67.65625,32,62
9600,67,-21.1875,69.71875,32,62
9700,67,-18.8125,64.75,32,62
9800,67,-16.65625,58.3125,32,62
9900,67,-15.625,52.71875,32,62
10000,67,-15.4848484848485,46.4848484848485,33,66
0,68,50,50,1,8
100,68,48.0645161290323,53.7741935483871,31,62
200,68,46.96875,58.6875,32,64
300,68,44.6060606060606,63,33,66
400,68,43.7741935483871,66.6129032258064,31,64
500,68,44.6176470588235,72.2941176470588,34,64
600,68,43.6470588235294,77.4411764705882,34,64
700,68,37.3636363636364,78.0909090909091,33,64
800,68,29.2666666666667,80.5666666666667,30,60
900,68,24.3125,81.9375,32,62
1000,68,16.75,83.5625,32,64
1100,68,12.6,85.9428571428571,35,66
1200,68,9.53125,89.34375,32,62
1300,68,10.9090909090909,95.2121212121212,33,62
1400,68,13.6774193548387,100.935483870968,31,62
1500,68,11.8235294117647,105.823529411765,34,62
1600,68,6.57575757575758,107.575757575758,33,62
1700,68,1.84848484848485,103.636363636364,33,64
1800,68,-1.65625,102.375,32,66
1900,68,-7.09375,101.25,32,62
2000,68,-10.1212121212121,101.393939393939,33,64
2100,68,-14.7666666666667,103.766666666667,30,64
2200,68,-14,109.4,35,64
2300,68,-9.48387096774196,113.483870967742,31,62
2400,68,-7.75757575757576,117.636363636364,33,66
2500,68,-10.65625,124.84375,32,62
2600,68,-8.7586206896552,128.344827586207,29,60
2700,68,-8.42424242424242,132.757575757576,33,62
2800,68,-9.22580645161293,138.258064516129,31,62
2900,68,-7.0625,145.90625,32,62
3000,68,-6.32352941176472,151.441176470588,34,64
3100,68,-8.70588235294116,153.676470588235,34,64
3200,68,-6.56666666666663,160,30,64
3300,68,-8.75,164.59375,32,64
3400,68,-8.14285714285715,169.914285714286,35,64
3500,68,-11.9117647058824,167.470588235294,34,66
3600,68,-19.53125,167.09375,32,64
3700,68,-24.6764705882353,165.088235294118,34,64
3800,68,-28.8529411764706,159.882352941176,34,64
3900,68,-32.258064516129,161.064516129032,31,62
4000,68,-36.1515151515151,166.787878787879,33,64
4100,68,-35.9677419354839,171.838709677419,31,64
4200,68,-32.1212121212121,171.424242424242,33,64
4300,68,-30.0967741935484,176.161290322581,31,62
4400,68,-30.1290322580645,179.58064516129,31,62
4500,68,-32.7714285714286,182.257142857143,35,64
4600,68,-29.3333333333333,184.633333333333,30,62
4700,68,-25.4705882352941,187.852941176471,34,64
4800,68,-20.4516129032258,190.451612903226,31,64
4900,68,-17.53125,191.15625,32,66
5000,68,-11.9117647058823,186.029411764706,34,66
5100,68,-8.08571428571427,184.314285714286,35,64
5200,68,-5.42424242424242,180.424242424242,33,62
5300,68,0.235294117647058,182,34,66
5400,68,5.90909090909091,179.515151515152,33,64
5500,68,4.38709677419355,175.451612903226,31,62
5600,68,-1.93548387096774,177.354838709677,31,62
5700,68,-1.6774193548387,176.290322580645,31,64
5800,68,3.26470588235294,178.735294117647,34,64
5900,68,7.09677419354838,180.290322580645,31,62
6000,68,10.84375,179.875,32,64
6100,68,16.5882352941177,176.794117647059,34,66
6200,68,23.1818181818182,175.848484848485,33,64
6300,68,28.28125,174.15625,32,64
6400,68,31.8484848484848,170.515151515152,33,66
6500,68,30.3939393939394,165.484848484848,33,62
6600,68,26,163.678571428571,28,62
6700,68,21.0857142857143,163.714285714286,35,66
6800,68,17.6666666666667,162.121212121212,33,66
6900,68,14.5333333333333,158.2,30,60
7000,68,13.7714285714286,162.342857142857,35,64
7100,68,13.875,167.90625,32,62
7200,68,8.03125,170.5625,32,64
7300,68,3.90625,168.34375,32,64
7400,68,8.26470588235294,166,34,64
7500,68,12.21875,167.34375,32,62
7600,68,20,168.771428571429,35,64
7700,68,21.2727272727273,163.545454545455,33,64
7800,68,22.2121212121212,158.666666666667,33,64
7900,68,17.8,158.057142857143,35,66
8000,68,10.0606060606061,161.787878787879,33,64
8100,68,5.73529411764706,166.088235294118,34,64
8200,68,7.73333333333333,168.866666666667,30,62
8300,68,8.78125,173.65625,32,64
8400,68,10.1818181818182,177.363636363636,33,64
8500,68,15.8235294117647,180.088235294118,34,64
8600,68,20.6060606060606,179.484848484848,33,64
8700,68,25.1764705882353,180.794117647059,34,66
8800,68,30.90625,179.5,32,62
8900,68,32.969696969697,182.333333333333,33,64
9000,68,37.5588235294118,183.764705882353,34,64
9100,68,36.8181818181818,188.909090909091,33,66
9200,68,36.9117647058824,192.617647058824,34,64
9300,68,32.5757575757576,195.030303030303,33,64
9400,68,28.3636363636364,197.30303030303,33,64
9500,68,24.4285714285714,199.771428571429,35,64
9600,68,22.21875,205.53125,32,62
9700,68,17.1212121212121,210.727272727273,33,64
9800,68,12.8529411764706,214.264705882353,34,64
9900,68,9.36363636363636,214.272727272727,33,64
10000,68,10.3125,209.09375,32,64
0,69,50,50,1,8
100,69,53.28125,53.71875,32,62
200,69,58.9142857142857,55.5428571428571,35,66
300,69,56.65625,60.96875,32,62
400,69,56.1515151515152,65.5454545454545,33,66
500,69,53.6666666666667,71.5757575757576,33,62
600,69,49.8064516129032,74,31,62
700,69,45.28125,71.15625,32,62
800,69,45.9444444444445,66.0833333333334,36,66
900,69,50.2571428571429,66.3714285714286,35,66
1000,69,56.0909090909091,65.0909090909091,33,64
1100,69,56.939393939394,69.3333333333333,33,62
1200,69,59.65625,73.4375,32,62
1300,69,63.9090909090909,75.1212121212121,33,64
1400,69,67.8709677419355,78.8709677419355,31,62
1500,69,72.3030303030303,82.9090909090909,33,62
1600,69,69.4545454545454,89.3030303030303,33,64
1700,69,64.4242424242424,93.9090909090909,33,64
1800,69,60.7941176470588,96.9411764705882,34,64
1900,69,57.258064516129,95.1935483870968,31,64
2000,69,55.3225806451613,89.1290322580645,31,62
2100,69,56.3333333333333,81.7272727272727,33,64
2200,69,52.7575757575758,78.8181818181818,33,66
2300,69,51.2121212121212,80.5454545454545,33,62
2400,69,52.75,85.8125,32,62
2500,69,52.3529411764706,88.9411764705882,34,64
2600,69,57.1176470588235,84.5,34,64
2700,69,55,86.1714285714286,35,64
2800,69,48.28125,85.09375,32,62
2900,69,45.3030303030303,84.7272727272727,33,64
3000,69,40.3714285714286,90.7714285714286,35,64
3100,69,44.3939393939394,95.4242424242424,33,66
3200,69,47.1875,97.9375,32,64
3300,69,52.65625,100.03125,32,62
3400,69,58.2941176470588,98.5,34,62
3500,69,64.1515151515152,101.424242424242,33,64
3600,69,68.969696969697,103.151515151515,33,66
3700,69,69.483870967742,97.0645161290323,31,62
3800,69,67.03125,93.90625,32,62
3900,69,62.1176470588235,94,34,64
4000,69,59.6875,91.28125,32,64
4100,69,63.6875,89.1875,32,62
4200,69,67.7241379310345,86.0344827586207,29,64
4300,69,73.0625,83.90625,32,62
4400,69,72.8125,79.21875,32,62
4500,69,71.7741935483871,75.4193548387097,31,62
4600,69,69.0882352941176,69.7352941176471,34,64
4700,69,65.5806451612903,64.2258064516129,31,62
4800,69,60.1515151515151,62.5454545454545,33,64
4900,69,56.71875,63.1875,32,64
5000,69,56.5454545454546,66.4242424242424,33,64
5100,69,63.4193548387097,69.483870967742,31,62
5200,69,67.5294117647059,73.1176470588235,34,66
5300,69,71.8,68.4333333333333,30,64
5400,69,71.0909090909091,63.3030303030303,33,62
5500,69,72.625,58.65625,32,62
5600,69,76.15625,58.03125,32,66
5700,69,83.4242424242424,57.4242424242424,33,64
5800,69,80.9117647058824,53.9411764705882,34,66
5900,69,76.483870967742,54.741935483871,31,62
6000,69,75.09375,62.5,32,66
6100,69,69.8181818181818,66.9393939393939,33,66
6200,69,68.3030303030303,71.0909090909091,33,62
6300,69,71.5882352941177,75.8235294117647,34,64
6400,69,67.5294117647059,77.4117647058823,34,66
6500,69,62.8529411764706,75.9411764705882,34,66
6600,69,64.21875,78.8125,32,64
6700,69,67.8181818181818,80.8181818181818,33,64
6800,69,70.4242424242424,79.6666666666667,33,62
6900,69,74.3823529411765,76.1764705882353,34,66
7000,69,78.3125,75.4375,32,64
7100,69,81.5588235294118,77.0588235294118,34,64
7200,69,85.1515151515151,80.3636363636364,33,64
7300,69,89.4375,80.75,32,64
7400,69,88.8333333333333,76.4444444444445,36,66
7500,69,86.7575757575758,72.0909090909091,33,64
7600,69,82,70.9428571428572,35,64
7700,69,76.4242424242424,67.1515151515152,33,64
7800,69,70.7741935483871,66.4516129032258,31,62
7900,69,63.8064516129032,63.3548387096774,31,62
8000,69,59.3125,65.59375,32,62
8100,69,56.1142857142857,69.1142857142857,35,64
8200,69,48.8529411764706,72.3823529411765,34,64
8300,69,44.4242424242424,73.1818181818182,33,64
8400,69,43.6129032258064,78.9677419354838,31,64
8500,69,42.2,80.6,35,66
8600,69,43.4242424242424,86.9090909090909,33,64
8700,69,44.96875,88.875,32,64
8800,69,51.5151515151515,91.6060606060606,33,62
8900,69,55.9090909090909,92.1515151515151,33,64
9000,69,59.59375,94.53125,32,64
9100,69,63.4242424242424,95.1818181818182,33,66
9200,69,69.59375,93.9375,32,64
9300,69,68.7941176470588,89.9117647058823,34,64
9400,69,66.2727272727273,85.1818181818182,33,62
9500,69,69.6176470588235,80.9117647058823,34,66
9600,69,74.1333333333334,77.1666666666667,30,62
9700,69,79.3333333333333,74.1818181818182,33,64
9800,69,83.65625,71.21875,32,62
9900,69,89.6764705882353,69.6176470588236,34,64
10000,69,90.1764705882353,68.7647058823529,34,64
0,70,50,50,1,8
100,70,51.65625,47.28125,32,62
200,70,56.9705882352941,46,34,66
300,70,61.7741935483871,49.1290322580645,31,62
400,70,66.0571428571428,52.0571428571428,35,64
500,70,68.4242424242424,53.8181818181818,33,64
600,70,71.8285714285714,49.6857142857143,35,64
700,70,73,54.1290322580645,31,64
800,70,71.96875,58.34375,32,62
900,70,67.3636363636364,62.5151515151515,33,64
1000,70,63.1515151515152,63.5454545454545,33,66
1100,70,57.8235294117647,63.7941176470588,34,66
1200,70,52.8529411764706,63.9705882352941,34,64
1300,70,47.0294117647059,61.0294117647059,34,64
1400,70,48.8787878787879,56.3636363636364,33,66
1500,70,47.8181818181818,53.030303030303,33,62
1600,70,44.030303030303,52.4848484848485,33,64
1700,70,43.0571428571429,56.0571428571428,35,64
1800,70,41.84375,58.75,32,64
1900,70,36.8181818181818,56.969696969697,33,64
2000,70,36.1470588235294,53.0294117647059,34,64
2100,70,39.1515151515151,55.7272727272727,33,62
2200,70,43.6666666666667,58.0909090909091,33,64
2300,70,49,61.8064516129032,31,62
2400,70,52.90625,61.75,32,62
2500,70,55.8484848484849,60.7878787878788,33,64
2600,70,59.264705882353,64.6764705882353,34,64
2700,70,64,65.258064516129,31,64
2800,70,69.8484848484848,66.5454545454545,33,66
2900,70,73.3125,65.75,32,64
3000,70,75.5,62,34,62
3100,70,77.3030303030303,58.7575757575758,33,62
3200,70,75.59375,64.09375,32,64
3300,70,79.7575757575758,66.8484848484848,33,64
3400,70,84.875,70,32,68
3500,70,87.1875,76.4375,32,64
3600,70,88.78125,80.375,32,64
3700,70,89.5454545454545,84.6666666666667,33,64
3800,70,87.0967741935484,87.9032258064516,31,64
3900,70,85,84.3225806451613,31,64
4000,70,79.516129032258,88.4838709677419,31,64
4100,70,75.65625,92.15625,32,62
4200,70,76.1612903225807,96.9354838709677,31,62
4300,70,77.9393939393939,103.454545454545,33,66
4400,70,76.8571428571428,108,35,66
4500,70,72.8125,113.40625,32,64
4600,70,67.5,115.882352941176,34,64
4700,70,65.6451612903226,122.258064516129,31,64
4800,70,71.2424242424242,124.727272727273,33,64
4900,70,74.3333333333333,122.393939393939,33,64
5000,70,76.8181818181818,116.333333333333,33,64
5100,70,75.5483870967742,112.387096774194,31,64
5200,70,74.375,107.625,32,62
5300,70,74.5757575757576,99.5757575757576,33,64
5400,70,74.5454545454545,94.2121212121212,33,62
5500,70,73.0645161290323,89.6774193548387,31,62
5600,70,72.1515151515152,86.8787878787879,33,64
5700,70,69.4838709677419,83.2258064516129,31,62
5800,70,64.258064516129,83.3548387096774,31,62
5900,70,62.4545454545455,87.6666666666667,33,66
6000,70,63.6875,93.28125,32,62
6100,70,67.2666666666667,96.1666666666667,30,60
6200,70,73.5483870967742,98.1612903225806,31,62
6300,70,75.8484848484848,100.090909090909,33,62
6400,70,79.8857142857143,104.114285714286,35,64
6500,70,83.7272727272727,107.818181818182,33,62
6600,70,84.375,113.625,32,62
6700,70,86.09375,118.625,32,66
6800,70,80.0645161290323,117.838709677419,31,64
6900,70,80.90625,112.75,32,62
7000,70,76.4705882352941,108.764705882353,34,64
7100,70,73.4375,106.09375,32,62
7200,70,67.03125,99.53125,32,62
7300,70,62.53125,94.84375,32,62
7400,70,57.3225806451613,95.0322580645161,31,64
7500,70,55.2258064516129,89.1612903225806,31,64
7600,70,55.8125,81.5625,32,62
7700,70,55.4117647058823,76.5882352941177,34,64
7800,70,59.3870967741936,75.1612903225807,31,62
7900,70,65.7272727272727,77.2727272727273,33,64
8000,70,69.969696969697,79.6666666666667,33,66
8100,70,74.25,79.34375,32,64
8200,70,78.7352941176471,77.2058823529412,34,66
8300,70,83.1290322580645,79.0967741935484,31,64
8400,70,78.8709677419355,81.4193548387097,31,62
8500,70,76.6470588235294,87.0588235294118,34,66
8600,70,81.8484848484848,88.7272727272727,33,62
8700,70,86.34375,89.40625,32,62
8800,70,89.2941176470588,91.5,34,62
8900,70,85.3235294117647,92.9411764705883,34,64
9000,70,79.5625,88,32,62
9100,70,72.3333333333333,88.1818181818182,33,68
9200,70,68.2,85.7666666666667,30,62
9300,70,66.65625,78.78125,32,62
9400,70,72.8484848484849,76.5454545454546,33,64
9500,70,74.0909090909091,75.1818181818182,33,64
9600,70,79.0294117647059,74.0294117647059,34,66
9700,70,84.5757575757576,72.6060606060606,33,66
9800,70,89.09375,75.40625,32,64
9900,70,91.8484848484848,81.3030303030303,33,64
10000,70,91.0967741935484,84.0322580645162,31,64
0,71,49.4,50.8,5,24
100,71,49.0606060606061,50.3333333333333,33,64
200,71,44.9166666666667,50.9722222222222,36,64
300,71,38.5806451612903,51.1612903225807,31,62
400,71,34.8484848484849,55.1515151515152,33,62
500,71,33.5882352941177,58.5588235294118,34,66
600,71,27.84375,57,32,64
700,71,21.1515151515152,56,33,66
800,71,13.90625,57.34375,32,62
900,71,9.125,58.8125,32,64
1000,71,5.24242424242424,56.1212121212121,33,66
1100,71,0.272727272727272,53.030303030303,33,64
1200,71,-5.40625,52.21875,32,64
1300,71,-8.09375,54.65625,32,64
1400,71,-6.62857142857142,60.8571428571428,35,66
1500,71,-12.5882352941177,64.0882352941176,34,66
1600,71,-13.764705882353,69.1176470588235,34,64
1700,71,-10.4411764705882,73.2058823529412,34,64
1800,71,-6.1935483870968,76.7741935483871,31,62
1900,71,-1.54545454545456,79.969696969697,33,64
2000,71,5.09677419354838,79.1290322580645,31,62
2100,71,9.6774193548387,76.8387096774194,31,64
2200,71,9.74193548387098,79.4193548387097,31,62
2300,71,3.96969696969697,82.7575757575758,33,64
2400,71,-1.57142857142856,86.9428571428571,35,64
2500,71,-7.39393939393938,86.1212121212121,33,64
2600,71,-12.3548387096774,84.741935483871,31,64
2700,71,-17.25,86.90625,32,66
2800,71,-19.75,91.8125,32,62
2900,71,-25.0625,92.15625,32,62
3000,71,-30.8484848484849,94.6666666666667,33,64
3100,71,-36.25,95.125,32,64
3200,71,-39.4545454545454,90.3030303030303,33,66
3300,71,-37.5294117647059,84.7352941176471,34,64
3400,71,-36.625,80.28125,32,62
3500,71,-36.054054054054,76.1351351351351,37,66
3600,71,-33.3428571428571,72.5428571428571,35,66
3700,71,-37.2424242424242,67.3333333333333,33,62
3800,71,-36.34375,63.40625,32,64
3900,71,-34.2727272727273,59.4848484848485,33,64
4000,71,-29.2424242424242,58.5757575757576,33,62
4100,71,-24.8484848484849,61.2121212121212,33,64
4200,71,-22.1142857142857,67.2571428571429,35,64
4300,71,-18.1333333333333,64.6,30,62
4400,71,-12.8529411764706,63.7058823529412,34,64
4500,71,-7.00000000000004,62.4545454545454,33,64
4600,71,-3,61.6774193548387,31,62
4700,71,4.65714285714286,63.4857142857143,35,66
4800,71,9.90625,65.3125,32,66
4900,71,8.87096774193549,69.0322580645161,31,62
5000,71,5.57575757575758,74.8484848484848,33,64
5100,71,4.41176470588235,78,34,64
5200,71,-1,77.8235294117647,34,64
5300,71,-3.37500000000004,74.5,32,64
5400,71,1.6774193548387,70.4193548387097,31,62
5500,71,5.35294117647059,68.3235294117647,34,64
5600,71,9.09375,71.8125,32,64
5700,71,13.4117647058823,76.1176470588235,34,64
5800,71,14.40625,69.84375,32,64
5900,71,10.5625,63.875,32,62
6000,71,9.90909090909091,58.7878787878788,33,62
6100,71,5.06451612903226,55.3548387096774,31,62
6200,71,3.46875,48.875,32,62
6300,71,3.3030303030303,44.5757575757576,33,66
6400,71,4.8125,38.5,32,62
6500,71,9.5,35.5882352941177,34,64
6600,71,9.625,31,32,64
6700,71,11.8787878787879,26.030303030303,33,64
6800,71,16.65625,26.5625,32,62
6900,71,19.9333333333333,32.4333333333333,30,62
7000,71,23.0294117647059,32.0294117647059,34,66
7100,71,20.9354838709677,34.7096774193548,31,62
7200,71,20.125,39.53125,32,64
7300,71,20,44.3636363636364,33,66
7400,71,19.6857142857143,50.6285714285714,35,66
7500,71,16.75,54.625,32,62
7600,71,17.7575757575758,58.4545454545455,33,66
7700,71,23.34375,60.21875,32,62
7800,71,26.84375,60.625,32,60
7900,71,30.8529411764706,57.8823529411765,34,64
8000,71,31.2647058823529,54.5294117647059,34,66
8100,71,26.4117647058824,54.4411764705882,34,64
8200,71,22.1875,58.90625,32,64
8300,71,22,63.34375,32,64
8400,71,23.8823529411765,68.8235294117647,34,66
8500,71,30.969696969697,71.7878787878788,33,64
8600,71,35.1470588235294,68.5588235294117,34,66
8700,71,41.28125,70.25,32,64
8800,71,44.5625,74.875,32,64
8900,71,41,78.5,32,62
9000,71,35.4375,80.40625,32,64
9100,71,29.258064516129,84.2580645161291,31,62
9200,71,25.90625,81.34375,32,62
9300,71,21.9032258064516,78.8064516129032,31,62
9400,71,16.5161290322581,76.8064516129032,31,66
9500,71,15.5454545454545,72.7878787878788,33,62
9600,71,15.03125,70.90625,32,64
9700,71,13.6176470588235,68.5,34,66
9800,71,13.9,63.9333333333333,30,62
9900,71,18.4242424242424,62.5757575757576,33,62
10000,71,24.40625,65.0625,32,66
0,72,50,50,3,20
100,72,53.2727272727273,47.3939393939394,33,64
200,72,58.9354838709678,51.8709677419355,31,62
300,72,63.9090909090909,55.7878787878788,33,64
400,72,66.1515151515151,59.9090909090909,33,62
500,72,64.78125,63.21875,32,64
600,72,63.78125,69.0625,32,64
700,72,61.3636363636364,75.5151515151515,33,64
800,72,60.0625,79.03125,32,64
900,72,63.7666666666667,81.2333333333333,30,64
1000,72,64.6129032258064,85.5806451612903,31,62
1100,72,61.6470588235294,84.1470588235294,34,64
1200,72,62.7586206896552,79.2413793103449,29,62
1300,72,59.1515151515152,78.9090909090909,33,64
1400,72,54.6764705882353,82.9117647058823,34,66
1500,72,50.7714285714286,83.2,35,66
1600,72,47.6969696969697,80.8484848484848,33,66
1700,72,40.7272727272727,78.3636363636364,33,62
1800,72,36.2285714285714,73.3428571428571,35,64
1900,72,36.1875,70.4375,32,62
2000,72,33.5882352941177,67.5,34,64
2100,72,33.6666666666667,63.6060606060606,33,64
2200,72,34.7575757575758,60.0909090909091,33,62
2300,72,39.15625,55.375,32,60
2400,72,42.3125,50.4375,32,62
2500,72,47.1935483870968,46.6451612903226,31,62
2600,72,52.0645161290323,41.4838709677419,31,64
2700,72,54.125,37.09375,32,64
2800,72,60.6060606060606,35.4242424242424,33,66
2900,72,63.1818181818182,35.5757575757576,33,64
3000,72,67,35.3870967741936,31,62
3100,72,65.3939393939394,30.6060606060606,33,64
3200,72,64.6470588235294,33.0294117647059,34,64
3300,72,66.1515151515151,38,33,64
3400,72,66.9032258064516,44.7096774193548,31,64
3500,72,64.5294117647059,46.7647058823529,34,64
3600,72,59.8,47.0857142857143,35,66
3700,72,53.9393939393939,48.1515151515151,33,64
3800,72,54.0571428571429,52.3428571428571,35,64
3900,72,59.875,53.4375,32,62
4000,72,62.7777777777778,56.1481481481482,27,64
4100,72,62.5454545454545,61.3333333333333,33,64
4200,72,60.9142857142857,64.3714285714286,35,66
4300,72,56.0606060606061,68.3636363636363,33,66
4400,72,52.2424242424242,70.8181818181818,33,64
4500,72,49,74.2727272727273,33,64
4600,72,43,74.7352941176471,34,62
4700,72,43.9375,79.5625,32,64
4800,72,48.46875,80.0625,32,64
4900,72,53.6,76.0285714285714,35,64
5000,72,54.34375,71.53125,32,62
5100,72,59.5882352941177,72.1176470588235,34,64
5200,72,65.90625,73.34375,32,62
5300,72,69.9166666666666,75.75,36,66
5400,72,75.3870967741936,77.6129032258065,31,62
5500,72,79.6875,73.15625,32,62
5600,72,79.5454545454545,66.7878787878788,33,62
5700,72,80.84375,61.71875,32,62
5800,72,83.0645161290323,57.9032258064516,31,62
5900,72,89.4411764705883,51.5882352941177,34,66
6000,72,92,57.2258064516129,31,62
6100,72,89.8571428571428,62.0571428571429,35,66
6200,72,83.9375,60.25,32,64
6300,72,80.1290322580645,64.0645161290322,31,62
6400,72,76.1176470588235,65.7941176470588,34,64
6500,72,73.8235294117647,62.8235294117647,34,62
6600,72,72.8285714285714,67.2285714285714,35,66
6700,72,72.78125,70.21875,32,64
6800,72,67.71875,73.5,32,62
6900,72,63.5757575757576,72.3333333333333,33,62
7000,72,67.6060606060606,69.8181818181818,33,64
7100,72,72.8529411764706,68,34,66
7200,72,79,69.5,34,62
7300,72,82.4411764705882,74.5294117647059,34,64
7400,72,79.9411764705882,79.4117647058823,34,66
7500,72,76.741935483871,81.4193548387097,31,64
7600,72,72.9333333333333,81.5333333333333,30,62
7700,72,67.84375,83.34375,32,64
7800,72,63.8181818181818,88.2727272727273,33,62
7900,72,59.9666666666667,91.3666666666667,30,62
8000,72,62.8857142857143,94.7428571428572,35,64
8100,72,68.1935483870968,96.6451612903226,31,64
8200,72,72.1875,95.6875,32,64
8300,72,75.2903225806452,91.6129032258065,31,64
8400,72,73.5277777777778,88.1388888888889,36,66
8500,72,69.5714285714286,84.9142857142857,35,64
8600,72,69.7058823529412,80.5,34,62
8700,72,65.9032258064516,80.7741935483871,31,62
8800,72,64.2333333333333,85.3333333333333,30,62
8900,72,69.2857142857142,88.2571428571429,35,66
9000,72,75.8709677419355,88.1612903225807,31,64
9100,72,81.0625,90.6875,32,64
9200,72,84.7575757575758,87.969696969697,33,66
9300,72,89.125,86.9375,32,62
9400,72,88.2,87.6666666666667,30,64
9500,72,87.3529411764706,83.0882352941176,34,64
9600,72,87.5151515151515,76.3333333333333,33,66
9700,72,90.9090909090909,75.3939393939394,33,64
9800,72,90.6969696969697,80.4242424242424,33,64
9900,72,84.9677419354839,81.0967741935484,31,62
10000,72,78.5,77.2941176470588,34,62
0,73,50.75,49,4,24
100,73,52.1515151515152,52.6363636363636,33,64
200,73,54.21875,49.5625,32,62
300,73,61,46.78125,32,62
400,73,65.9354838709677,46,31,62
500,73,67.2647058823529,49.5294117647059,34,66
600,73,69.8484848484848,52.3636363636364,33,64
700,73,73.5428571428572,52.2,35,64
800,73,75.0294117647059,49.6176470588235,34,64
900,73,79.4545454545455,48.8181818181818,33,64
1000,73,85.71875,52.9375,32,66
1100,73,88.9714285714286,55.5428571428571,35,66
1200,73,91.969696969697,53.0909090909091,33,64
1300,73,88.6875,48.84375,32,64
1400,73,84.6451612903226,50.1935483870968,31,62
1500,73,82.4411764705883,53.3529411764706,34,64
1600,73,77.1764705882353,58.3529411764706,34,66
1700,73,71.1612903225806,58.9677419354839,31,62
1800,73,66.7058823529412,61.1764705882353,34,64
1900,73,64.0322580645161,65.483870967742,31,62
2000,73,64.3823529411765,69.6764705882353,34,64
2100,73,69.1724137931034,67.551724137931,29,62
2200,73,73.03125,64.8125,32,64
2300,73,78.03125,60.46875,32,62
2400,73,82.4375,58.84375,32,64
2500,73,84.6666666666667,60.2424242424242,33,62
2600,73,82.7333333333333,65.1666666666667,30,60
2700,73,75.9354838709677,70.2903225806452,31,64
2800,73,74.8529411764706,75.8235294117647,34,64
2900,73,75.030303030303,79.7575757575758,33,64
3000,73,75.375,85.625,32,62
3100,73,74.21875,90,32,62
3200,73,79.2941176470588,92.2058823529412,34,64
3300,73,81.84375,97.1875,32,62
3400,73,84.5454545454545,101.818181818182,33,64
3500,73,86.5588235294118,106.294117647059,34,66
3600,73,89.741935483871,110.129032258065,31,62
3700,73,96.5294117647059,111.941176470588,34,66
3800,73,98.6129032258064,116.41935483871,31,62
3900,73,95.6176470588235,120.970588235294,34,64
4000,73,90.969696969697,123.575757575758,33,66
4100,73,84.09375,124.71875,32,62
4200,73,79.1818181818182,128.69696969697,33,64
4300,73,77.6969696969697,134,33,64
4400,73,77.9375,139.78125,32,64
4500,73,81.0882352941176,145.852941176471,34,64
4600,73,84.6,149.314285714286,35,64
4700,73,82.3030303030303,153.69696969697,33,64
4800,73,78.5,159.375,32,64
4900,73,78.8823529411765,162.176470588235,34,66
5000,73,73.46875,162.0625,32,64
5100,73,67.1875,158.5,32,62
5200,73,64.030303030303,155.787878787879,33,64
5300,73,60.78125,154.21875,32,62
5400,73,54.2,157.1,30,62
5500,73,52.6875,159,32,64
5600,73,55.28125,162.71875,32,62
5700,73,59.5161290322581,164.161290322581,31,62
5800,73,63.9411764705882,164.205882352941,34,66
5900,73,69.1935483870968,164.322580645161,31,62
6000,73,73.2424242424242,164.909090909091,33,62
6100,73,74.4242424242424,172.030303030303,33,64
6200,73,78.4838709677419,178.096774193548,31,64
6300,73,83.0645161290323,180.935483870968,31,62
6400,73,83.2647058823529,186.794117647059,34,64
6500,73,84.8484848484848,192.484848484848,33,62
6600,73,81.6129032258065,195.870967741935,31,62
6700,73,79.4411764705883,199.441176470588,34,64
6800,73,80.3636363636364,202.272727272727,33,64
6900,73,84.8235294117647,199.352941176471,34,64
7000,73,81.0882352941176,192.264705882353,34,66
7100,73,80.9375,188.5625,32,62
7200,73,81.8064516129032,182.677419354839,31,62
7300,73,77.060606060606,179.666666666667,33,64
7400,73,72.9411764705882,182.352941176471,34,64
7500,73,69.3235294117647,182.941176470588,34,66
7600,73,66.5142857142857,186.171428571429,35,66
7700,73,70.25,190,32,64
7800,73,74.6764705882353,192.852941176471,34,64
7900,73,77.3,195.566666666667,30,62
8000,73,78.4545454545454,198.727272727273,33,64
8100,73,77.3030303030303,203,33,66
8200,73,81.4,205.766666666667,30,64
8300,73,87.5483870967742,206.741935483871,31,64
8400,73,92.9090909090909,205.090909090909,33,66
8500,73,95,201,31,60
8600,73,92.483870967742,201.516129032258,31,62
8700,73,90.59375,205.875,32,62
8800,73,88.8235294117647,212.382352941176,34,64
8900,73,90.0967741935484,218.838709677419,31,62
9000,73,86.6363636363636,222.727272727273,33,64
9100,73,84.0322580645161,222.709677419355,31,62
9200,73,88,224.771428571429,35,64
9300,73,85.9393939393939,220.30303030303,33,64
9400,73,83.4848484848485,216.363636363636,33,64
9500,73,80.8235294117647,215.441176470588,34,64
9600,73,80.375,218.46875,32,64
9700,73,80.1515151515151,225.090909090909,33,62
9800,73,77.96875,229.46875,32,62
9900,73,79.4411764705882,232.941176470588,34,64
10000,73,76.3333333333333,236.030303030303,33,64
0,74,50.6666666666667,50.3333333333333,3,18
100,74,55.0645161290322,50.4838709677419,31,64
200,74,59.84375,48.34375,32,62
300,74,66.1818181818182,49.3636363636364,33,64
400,74,72.1875,47.96875,32,64
500,74,75.3333333333333,47.6060606060606,33,64
600,74,79.34375,47.6875,32,62
700,74,83.4,52.7333333333333,30,62
800,74,85.8666666666667,56.8,30,62
900,74,89.4838709677419,58.6129032258065,31,62
1000,74,93.0967741935484,62.258064516129,31,62
1100,74,94.735294117647,65.1470588235294,34,64
1200,74,99.4838709677419,62.6129032258064,31,62
1300,74,101,57.3888888888889,36,66
1400,74,102.65625,52,32,64
1500,74,102.176470588235,46.9117647058823,34,64
1600,74,98.625,43.25,32,62
1700,74,93.71875,40.4375,32,66
1800,74,89.125,35.375,32,64
1900,74,90.9375,31.21875,32,64
2000,74,95.3235294117647,27.6176470588235,34,64
2100,74,97.9393939393939,22.2424242424242,33,66
2200,74,93.4,19.3428571428571,35,66
2300,74,88.516129032258,20.258064516129,31,62
2400,74,86.2666666666667,23.2666666666667,30,62
2500,74,89.9090909090909,28.1515151515151,33,62
2600,74,92.90625,28.96875,32,62
2700,74,96.0909090909091,31.4848484848485,33,62
2800,74,96.40625,34.65625,32,62
2900,74,97.4242424242424,41.030303030303,33,64
3000,74,95.4722222222222,46.0277777777778,36,66
3100,74,95.3225806451613,54.1290322580645,31,62
3200,74,97.875,58.09375,32,62
3300,74,101.885714285714,62.0857142857143,35,66
3400,74,108.466666666667,63.7,30,60
3500,74,112.941176470588,67.8235294117647,34,66
3600,74,119.628571428571,65.8571428571428,35,66
3700,74,124,61.2727272727273,33,64
3800,74,127.451612903226,60.0322580645161,31,62
3900,74,129.805555555556,65.9722222222222,36,66
4000,74,127.5,71.6944444444445,36,66
4100,74,123.366666666667,73.9333333333333,30,60
4200,74,119.28125,71,32,62
4300,74,116.7,71.6,30,64
4400,74,112.181818181818,75.7878787878788,33,64
4500,74,107.677419354839,79.7741935483871,31,64
4600,74,104.2,82.1666666666667,30,64
4700,74,101.78125,87,32,62
4800,74,97.6764705882353,89.6470588235294,34,64
4900,74,92.4242424242424,88.4242424242424,33,62
5000,74,89.4516129032258,83.4193548387097,31,62
5100,74,85.5428571428571,79.0857142857143,35,64
5200,74,79.3125,77.625,32,66
5300,74,73.7941176470588,78.7058823529412,34,64
5400,74,69.7575757575758,75.1515151515152,33,64
5500,74,64.4,74,35,64
5600,74,64.5714285714286,69.9142857142857,35,64
5700,74,68.3030303030303,71.0909090909091,33,62
5800,74,70,74.6875,32,64
5900,74,70.8484848484848,78.5151515151515,33,62
6000,74,77.516129032258,79.4516129032258,31,64
6100,74,74.4848484848485,81.3939393939394,33,64
6200,74,70,84.7241379310345,29,64
6300,74,66.3,90.2,30,62
6400,74,62.1714285714286,94.0285714285714,35,64
6500,74,59.741935483871,98.258064516129,31,62
6600,74,60.9032258064516,105.161290322581,31,62
6700,74,59.375,107.125,32,64
6800,74,62.7941176470588,110.911764705882,34,64
6900,74,65.8181818181818,109.848484848485,33,64
7000,74,67.4857142857143,104.4,35,64
7100,74,69.96875,105.125,32,64
7200,74,73.2758620689655,108.689655172414,29,64
7300,74,71.3235294117647,111.617647058824,34,64
7400,74,68.1515151515151,111.727272727273,33,66
7500,74,61.7878787878788,111,33,66
7600,74,59.0909090909091,111.787878787879,33,64
7700,74,59.6666666666667,115.515151515152,33,64
7800,74,55.59375,118.40625,32,64
7900,74,49.3529411764706,123.411764705882,34,64
8000,74,50.6969696969697,127.606060606061,33,64
8100,74,49.7741935483871,132.258064516129,31,62
8200,74,47.3142857142857,137.828571428571,35,64
8300,74,44.9411764705882,143.558823529412,34,66
8400,74,39.483870967742,144.677419354839,31,62
8500,74,38.0625,150.25,32,62
8600,74,38.0909090909091,156.666666666667,33,64
8700,74,35.6363636363636,160.272727272727,33,62
8800,74,30.09375,163.65625,32,64
8900,74,27.0588235294118,169.911764705882,34,64
9000,74,29.0588235294118,173.617647058824,34,64
9100,74,26,177.125,32,62
9200,74,22.6451612903226,177.129032258065,31,64
9300,74,16.8666666666667,179.566666666667,30,64
9400,74,12.96875,179.6875,32,64
9500,74,10.8235294117647,175.088235294118,34,66
9600,74,8.03030303030303,176.030303030303,33,64
9700,74,2.42424242424242,176.727272727273,33,64
9800,74,-4.20588235294116,180.147058823529,34,66
9900,74,-3.48387096774195,184.612903225806,31,62
10000,74,-3.05882352941177,188.558823529412,34,64
0,75,50,50,1,8
100,75,47.5,51.90625,32,62
200,75,43.1333333333333,54.3666666666667,30,62
300,75,39.71875,51.3125,32,62
400,75,36.2121212121212,47.9090909090909,33,62
500,75,41.09375,45.96875,32,64
600,75,43.6666666666667,49.6969696969697,33,66
700,75,43.0645161290323,54.3225806451613,31,62
800,75,40.6571428571429,60.8285714285714,35,66
900,75,42.0571428571429,66.2857142857143,35,64
1000,75,42.3125,63.125,32,64
1100,75,46.7058823529412,59.5,34,62
1200,75,44.7714285714286,54.0571428571429,35,66
1300,75,40.8484848484849,50.2727272727273,33,62
1400,75,39.9090909090909,55.3636363636364,33,64
1500,75,42.6875,59.71875,32,62
1600,75,42.4848484848485,66.1515151515152,33,64
1700,75,42.3548387096774,72.0967741935484,31,64
1800,75,38.75,71.84375,32,62
1900,75,36.75,67.375,32,64
2000,75,34.6470588235294,62.9411764705882,34,64
2100,75,38.764705882353,63.8823529411765,34,64
2200,75,40.4411764705882,62.5588235294118,34,64
2300,75,35.9090909090909,58.2121212121212,33,62
2400,75,30.6206896551724,54.7586206896552,29,60
2500,75,27.5454545454545,57.2121212121212,33,64
2600,75,24.1470588235294,62,34,66
2700,75,22.5,63.625,32,62
2800,75,18.28125,64.65625,32,62
2900,75,17.28125,71.09375,32,64
3000,75,14.8,74.9,30,62
3100,75,9.75757575757576,76.4242424242424,33,64
3200,75,3.76470588235294,80.764705882353,34,64
3300,75,-1.72727272727272,77.5151515151515,33,66
3400,75,-4.88235294117648,76.8823529411764,34,66
3500,75,-8.22580645161288,80.4838709677419,31,62
3600,75,-12.030303030303,82.0909090909091,33,64
3700,75,-15.7575757575758,80.4242424242424,33,62
3800,75,-22.483870967742,78.1290322580645,31,62
3900,75,-24.6363636363636,82.2424242424242,33,64
4000,75,-27.3529411764706,86.3529411764706,34,66
4100,75,-26.2424242424242,91.7575757575758,33,66
4200,75,-22.7272727272727,95.2424242424242,33,66
4300,75,-18.5294117647059,94.0588235294118,34,64
4400,75,-14.3030303030303,93.6363636363636,33,66
4500,75,-9.0625,95.5625,32,62
4600,75,-3.47058823529412,96.5882352941176,34,64
4700,75,3.15151515151516,92.9090909090909,33,64
4800,75,9.09375,90.0625,32,64
4900,75,12.4411764705882,87.5588235294118,34,66
5000,75,10.1875,84.5625,32,62
5100,75,12.8529411764706,80.9411764705882,34,64
5200,75,14.7352941176471,77,34,62
5300,75,17.6451612903226,81.0645161290322,31,60
5400,75,19.84375,83.875,32,62
5500,75,26.0882352941176,88.5294117647059,34,66
5600,75,31.2903225806452,91.1290322580645,31,60
5700,75,35.90625,92.40625,32,64
5800,75,37.3030303030303,85.8181818181818,33,64
5900,75,33.7741935483871,86.4516129032258,31,64
6000,75,31.4117647058823,88.0882352941176,34,64
6100,75,31.5161290322581,92.7741935483871,31,62
6200,75,31.0666666666667,98.2666666666667,30,62
6300,75,32.8125,101.6875,32,62
6400,75,34.3333333333333,105.848484848485,33,64
6500,75,34.1388888888889,111.777777777778,36,66
6600,75,35,116.228571428571,35,64
6700,75,31.21875,117.8125,32,62
6800,75,28.4545454545455,112.909090909091,33,62
6900,75,23,107.714285714286,35,66
7000,75,19.2903225806452,110.322580645161,31,64
7100,75,15.6129032258064,116.129032258065,31,62
7200,75,17.9354838709677,121.741935483871,31,62
7300,75,20.741935483871,125.806451612903,31,62
7400,75,21.875,130.40625,32,64
7500,75,20.0285714285714,135.4,35,64
7600,75,18.5,140.133333333333,30,62
7700,75,12.9677419354839,138.387096774194,31,64
7800,75,9.57575757575758,137.969696969697,33,62
7900,75,5.65625,140.6875,32,66
8000,75,4.46875,143.5,32,66
8100,75,1.70967741935483,140.161290322581,31,62
8200,75,5.19354838709677,135.903225806452,31,62
8300,75,8.09375,130.8125,32,64
8400,75,10.5,128.5,32,60
8500,75,6.75757575757575,123.363636363636,33,64
8600,75,-0.606060606060595,120.606060606061,33,64
8700,75,-4.8181818181818,118.393939393939,33,64
8800,75,-6.5,114.882352941176,34,64
8900,75,-11.4117647058823,114.176470588235,34,66
9000,75,-14.5806451612903,115.645161290323,31,62
9100,75,-20.7878787878788,116.636363636364,33,64
9200,75,-17.5,116.75,32,62
9300,75,-13.3125,112.125,32,64
9400,75,-12.3235294117647,109,34,64
9500,75,-10.4545454545455,105.363636363636,33,64
9600,75,-12.2666666666667,100.866666666667,30,60
9700,75,-12.53125,96.6875,32,64
9800,75,-16.625,95.375,32,62
9900,75,-17.4516129032258,101.161290322581,31,64
10000,75,-22.25,103.90625,32,64
0,76,50,50.3333333333333,3,20
100,76,51.1470588235294,54.9411764705882,34,64
200,76,51.5151515151515,57.6666666666667,33,64
300,76,47.741935483871,53.1612903225806,31,64
400,76,45.90625,48.9375,32,62
500,76,44.53125,45.21875,32,64
600,76,47.4193548387097,51.5483870967742,31,60
700,76,52.2647058823529,50.5294117647059,34,64
800,76,57.1212121212121,49.4242424242424,33,64
900,76,61.7647058823529,52.2352941176471,34,64
1000,76,65.90625,51.5,32,62
1100,76,70.1212121212121,52.6666666666667,33,66
1200,76,73.969696969697,53.030303030303,33,64
1300,76,79.9117647058823,53.5882352941177,34,64
1400,76,82.969696969697,50.8181818181818,33,64
1500,76,88.3636363636364,54.1818181818182,33,64
1600,76,91.5333333333334,54.7333333333333,30,60
1700,76,94.7272727272728,58.969696969697,33,64
1800,76,97.65625,64.59375,32,62
1900,76,97.9117647058824,66.4117647058823,34,64
2000,76,93.0909090909091,70.3030303030303,33,62
2100,76,90.9411764705882,74.9411764705882,34,64
2200,76,92.65625,78.71875,32,64
2300,76,98.0294117647059,81.2647058823529,34,66
2400,76,99.9090909090909,85.7272727272727,33,64
2500,76,104.46875,90.65625,32,66
2600,76,103.69696969697,95.5757575757576,33,64
2700,76,98.8787878787879,95.4848484848485,33,64
2800,76,96.0294117647059,100.235294117647,34,66
2900,76,91.0606060606061,101.575757575758,33,64
3000,76,88.235294117647,99.9705882352941,34,66
3100,76,82.9375,100.875,32,64
3200,76,84.2727272727273,105.181818181818,33,62
3300,76,84.7272727272727,110.909090909091,33,66
3400,76,84,115.911764705882,34,64
3500,76,86.1290322580645,119.870967741935,31,62
3600,76,86.8709677419355,116.870967741935,31,62
3700,76,82.28125,118.21875,32,64
3800,76,81.5151515151515,122.606060606061,33,62
3900,76,80.7352941176471,129.529411764706,34,66
4000,76,80.25,133.8125,32,62
4100,76,79.3939393939394,134.030303030303,33,66
4200,76,80.7586206896552,128.344827586207,29,62
4300,76,82.4516129032258,121.645161290323,31,64
4400,76,82.030303030303,114.818181818182,33,62
4500,76,79.7272727272727,107.818181818182,33,64
4600,76,77.6333333333333,103.7,30,62
4700,76,82.625,101.125,32,64
4800,76,84.9411764705882,96.1176470588235,34,66
4900,76,83.90625,92.53125,32,64
5000,76,83.6875,85.9375,32,64
5100,76,80.5428571428571,82.4,35,66
5200,76,79.8529411764706,78.5294117647059,34,64
5300,76,84.2258064516129,76.4516129032258,31,64
5400,76,82.5,71,34,62
5500,76,87.25,65.46875,32,62
5600,76,83,63.2424242424242,33,64
5700,76,80.5294117647059,67.3823529411765,34,66
5800,76,80.1176470588235,73.8235294117647,34,64
5900,76,83.1,77.9333333333333,30,62
6000,76,83.46875,83.125,32,64
6100,76,88.3870967741936,88.1290322580645,31,66
6200,76,95.235294117647,86.2647058823529,34,64
6300,76,99.9090909090909,86.2424242424242,33,62
6400,76,99.6176470588235,82.9705882352941,34,64
6500,76,101.6,77.7142857142857,35,64
6600,76,102.529411764706,72.4411764705882,34,66
6700,76,105.314285714286,70.1142857142857,35,66
6800,76,111.108108108108,69.2432432432433,37,66
6900,76,114.03125,66.71875,32,62
7000,76,113.5,61.7058823529412,34,62
7100,76,110.34375,57.96875,32,62
7200,76,105.484848484848,59.2424242424242,33,64
7300,76,100.3125,57.625,32,62
7400,76,95.7058823529412,54.7352941176471,34,64
7500,76,92.5588235294118,51.0588235294118,34,64
7600,76,90.375,57.65625,32,66
7700,76,90.1142857142857,61.0571428571429,35,64
7800,76,86.4848484848485,61.3939393939394,33,64
7900,76,80.3030303030303,59.4848484848485,33,64
8000,76,76.0645161290323,58.6129032258065,31,62
8100,76,71.0967741935484,59.3870967741935,31,64
8200,76,67.9,55.3,30,64
8300,76,68.5333333333333,50.9333333333333,30,64
8400,76,70.9677419354838,47.9354838709677,31,64
8500,76,71.3823529411765,43.0882352941177,34,64
8600,76,76.0645161290323,37.8064516129032,31,62
8700,76,80.0625,37.09375,32,62
8800,76,81.4285714285714,39.2285714285714,35,64
8900,76,77.3225806451613,40.1290322580645,31,66
9000,76,70.75,38.53125,32,64
9100,76,69.3939393939394,40.6969696969697,33,66
9200,76,74.5757575757576,41.3333333333333,33,62
9300,76,77.4848484848485,37.8484848484848,33,64
9400,76,80.4516129032258,37.6451612903226,31,64
9500,76,83.4848484848485,42.9090909090909,33,64
9600,76,89.1142857142857,39.9428571428572,35,64
9700,76,93.9374999999999,41.8125,32,64
9800,76,99.15625,42.34375,32,64
9900,76,100.5625,46.53125,32,64
10000,76,100.1875,50.5,32,62
0,77,50.3333333333333,50.6666666666667,3,18
100,77,49.71875,47.25,32,62
200,77,47.0588235294118,43.6470588235294,34,66
300,77,44.7142857142857,44.8928571428571,28,64
400,77,45.09375,49.6875,32,62
500,77,49.0909090909091,52.3030303030303,33,66
600,77,48.969696969697,58.1818181818182,33,64
700,77,42.5806451612903,59.3548387096774,31,64
800,77,37.25,60.40625,32,64
900,77,41.1212121212121,57.030303030303,33,66
1000,77,46.3125,53.6875,32,64
1100,77,51.5,54.65625,32,64
1200,77,54.5294117647059,49.8823529411765,34,66
1300,77,59.2666666666667,45.4666666666667,30,60
1400,77,64.5333333333333,44.6,30,64
1500,77,67.5757575757576,46.7575757575758,33,66
1600,77,73.516129032258,45.8709677419355,31,62
1700,77,80.3333333333333,45.4545454545455,33,66
1800,77,83.5757575757576,44.3333333333333,33,64
1900,77,88.5,40.6875,32,64
2000,77,93.235294117647,37.1764705882353,34,64
2100,77,97.6060606060606,38.7575757575758,33,64
2200,77,103.266666666667,39.3333333333333,30,62
2300,77,108.41935483871,39.9677419354839,31,64
2400,77,114.6,39.4,35,66
2500,77,118.914285714286,35.1714285714286,35,66
2600,77,119.5,34.8125,32,64
2700,77,115.40625,34.59375,32,64
2800,77,111.161290322581,29.8709677419355,31,62
2900,77,109.09375,25.375,32,64
3000,77,106,22.6470588235294,34,64
3100,77,102.212121212121,18.9090909090909,33,62
3200,77,96.9032258064516,13.8064516129032,31,62
3300,77,92.7941176470588,11.2352941176471,34,64
3400,77,86.8181818181818,13.9090909090909,33,64
3500,77,82.7142857142857,10.9428571428571,35,64
3600,77,78,12.7272727272727,33,64
3700,77,72.2857142857143,11.6,35,66
3800,77,67.5,9.55882352941176,34,66
3900,77,69.375,13.09375,32,62
4000,77,70.8064516129032,9.83870967741935,31,62
4100,77,70.90625,4.96875,32,64
4200,77,72.4848484848485,-1.12121212121212,33,64
4300,77,78.030303030303,-4.42424242424242,33,62
4400,77,82.28125,-6.78125,32,64
4500,77,85.96875,-7.28125,32,64
4600,77,89.4117647058824,-5.70588235294116,34,66
4700,77,89.4193548387097,0.322580645161295,31,64
4800,77,89.9354838709677,1.70967741935483,31,62
4900,77,94.741935483871,0.903225806451616,31,64
5000,77,98.8787878787879,5.06060606060606,33,64
5100,77,101.65625,8.90625,32,62
5200,77,106.176470588235,11.5588235294118,34,64
5300,77,112.903225806452,11.1290322580645,31,64
5400,77,115.176470588235,4.41176470588235,34,64
5500,77,116.694444444444,0.472222222222229,36,66
5600,77,123.0625,-0.65625,32,64
5700,77,130.090909090909,-2.24242424242424,33,64
5800,77,134.515151515152,-0.787878787878782,33,64
5900,77,139.84375,0.25,32,64
6000,77,140.428571428571,6.37142857142857,35,64
6100,77,138.264705882353,11.0588235294118,34,66
6200,77,132.411764705882,10.3823529411765,34,64
6300,77,126,8.80645161290322,31,62
6400,77,121.676470588235,5.91176470588235,34,64
6500,77,114,6.625,32,66
6600,77,113.5,10.5,34,64
6700,77,118.903225806452,14.6451612903226,31,62
6800,77,123.090909090909,12.5757575757576,33,64
6900,77,127.8125,13.8125,32,64
7000,77,131.375,19.75,32,66
7100,77,134.515151515152,20.7878787878788,33,66
7200,77,137.393939393939,24.5454545454545,33,64
7300,77,142.939393939394,29.6969696969697,33,64
7400,77,143.314285714286,32.6,35,66
7500,77,147.515151515152,36.6060606060606,33,64
7600,77,148.28125,40.6875,32,62
7700,77,152.34375,46.09375,32,62
7800,77,156.935483870968,46.2903225806452,31,62
7900,77,163.242424242424,48.0909090909091,33,66
8000,77,167.322580645161,49.1935483870968,31,64
8100,77,172.838709677419,49.0645161290323,31,64
8200,77,176.205882352941,48.2941176470588,34,66
8300,77,178.382352941176,44.0588235294118,34,66
8400,77,180,41.6129032258064,31,64
8500,77,182.548387096774,37.1612903225806,31,64
8600,77,182.029411764706,41.5588235294118,34,66
8700,77,182,44.5483870967742,31,62
8800,77,183.757575757576,49.6666666666667,33,64
8900,77,185.28125,48.3125,32,62
9000,77,189.451612903226,43.9032258064516,31,62
9100,77,194.484848484848,45.2727272727273,33,64
9200,77,195.322580645161,49.741935483871,31,62
9300,77,198.058823529412,54.0882352941176,34,64
9400,77,203.032258064516,56.8709677419355,31,64
9500,77,205.34375,53.96875,32,64
9600,77,210.205882352941,54.5588235294118,34,64
9700,77,215.909090909091,54.6969696969697,33,62
9800,77,218.575757575758,62.1515151515151,33,64
9900,77,215.5625,66.15625,32,62
10000,77,209.441176470588,66.1764705882353,34,64
0,78,49,49.6666666666667,3,20
100,78,50.5588235294118,56.1764705882353,34,66
200,78,56.9117647058824,59.1176470588235,34,66
300,78,61.6451612903226,58.741935483871,31,62
400,78,66.2647058823529,55.1764705882353,34,64
500,78,68.78125,49.25,32,64
600,78,65.46875,47.25,32,62
700,78,58.71875,46.28125,32,66
800,78,55.7333333333333,48.9,30,62
900,78,53.9117647058824,54.0588235294118,34,66
1000,78,49.7575757575758,57.2424242424242,33,64
1100,78,44.3823529411765,58.0882352941176,34,64
1200,78,38.3030303030303,60.5454545454546,33,64
1300,78,35.5,59.1666666666667,36,66
1400,78,38.3333333333333,55.7878787878788,33,66
1500,78,34.75,50.875,32,66
1600,78,32.96875,47.90625,32,62
1700,78,30.71875,52.9375,32,66
1800,78,26.5151515151515,58.3030303030303,33,64
1900,78,20.0909090909091,59.8181818181818,33,64
2000,78,16.2121212121212,62.8484848484849,33,64
2100,78,13.0588235294118,58.4705882352941,34,66
2200,78,14.6451612903226,53.4838709677419,31,64
2300,78,13.7272727272727,49.3939393939394,33,64
2400,78,11.3333333333333,52.6060606060606,33,64
2500,78,14.258064516129,56.6129032258064,31,62
2600,78,17.5454545454545,58.8484848484849,33,64
2700,78,20.3030303030303,63.6363636363636,33,64
2800,78,19.65625,69.78125,32,62
2900,78,17.1176470588235,74.5,34,64
3000,78,17.2941176470588,77.8823529411765,34,66
3100,78,14.3030303030303,78.7575757575758,33,62
3200,78,10.741935483871,76.741935483871,31,62
3300,78,4.46875,74,32,66
3400,78,2.12903225806452,75.6774193548387,31,62
3500,78,-3.05882352941175,74.8529411764706,34,64
3600,78,-8.11764705882356,75.8823529411764,34,66
3700,78,-10.6969696969697,80.0909090909091,33,62
3800,78,-11.3939393939394,82.969696969697,33,64
3900,78,-6.72727272727272,83.2424242424242,33,64
4000,78,-1.06451612903226,81.8709677419355,31,64
4100,78,2.8125,76.65625,32,64
4200,78,6.3030303030303,72,33,64
4300,78,9.57142857142857,67.5,28,62
4400,78,9.27272727272727,63.0909090909091,33,66
4500,78,8.48387096774194,59.8064516129032,31,66
4600,78,6.64516129032258,53.6774193548387,31,62
4700,78,7.6969696969697,49.2424242424242,33,62
4800,78,9.24242424242425,46.1212121212121,33,64
4900,78,8.4375,40.25,32,64
5000,78,14.1764705882353,37.8235294117647,34,68
5100,78,17.8484848484848,41.1515151515152,33,62
5200,78,21.2424242424242,45.9393939393939,33,68
5300,78,25.6060606060606,48.030303030303,33,64
5400,78,30.09375,46.8125,32,64
5500,78,35.46875,49.21875,32,62
5600,78,40.1176470588235,48.1176470588235,34,64
5700,78,43.1612903225806,44.8387096774194,31,62
5800,78,48.40625,44.5625,32,64
5900,78,50.3125,49.40625,32,64
6000,78,55.1875,53.375,32,64
6100,78,58.4117647058824,56.2352941176471,34,64
6200,78,59.7575757575758,61.3030303030303,33,64
6300,78,64.4705882352941,64.6470588235294,34,66
6400,78,66.1666666666667,59.1666666666667,30,64
6500,78,58.4242424242424,60.8181818181818,33,64
6600,78,55.3333333333333,56.6363636363636,33,64
6700,78,50.53125,51.5625,32,64
6800,78,45.6470588235294,50.1764705882353,34,64
6900,78,41.1379310344828,49.9310344827586,29,60
7000,78,36.1428571428572,51.6285714285714,35,66
7100,78,29.5757575757576,52.6969696969697,33,64
7200,78,24.9375,56.84375,32,62
7300,78,27.8857142857143,61.9142857142857,35,66
7400,78,29.5882352941177,66.7058823529412,34,66
7500,78,30.96875,71.875,32,64
7600,78,36.9090909090909,73.4545454545455,33,66
7700,78,42.1714285714286,71.6285714285714,35,66
7800,78,41.8125,67.25,32,66
7900,78,43.1470588235294,61,34,64
8000,78,48.9677419354839,60.3225806451613,31,62
8100,78,52.4242424242424,66.6060606060606,33,64
8200,78,52.5151515151515,71.3636363636364,33,64
8300,78,50.8484848484849,76.7272727272727,33,62
8400,78,45.4848484848485,80.7878787878788,33,64
8500,78,37.375,79.84375,32,60
8600,78,35.2727272727273,74.2727272727273,33,66
8700,78,39.8,71.5333333333333,30,60
8800,78,44.4545454545455,74.0909090909091,33,62
8900,78,44.7878787878788,82.4545454545455,33,62
9000,78,47.3823529411765,85.0588235294118,34,66
9100,78,52.6764705882353,87.1470588235294,34,64
9200,78,56.4193548387097,91.7741935483871,31,64
9300,78,52.6470588235294,93.0882352941176,34,64
9400,78,47.9333333333333,93.4,30,62
9500,78,44.4848484848485,96.2727272727273,33,66
9600,78,46.5,99.1333333333333,30,62
9700,78,47.0606060606061,104.666666666667,33,62
9800,78,44.1764705882353,108.176470588235,34,62
9900,78,43.5,113.90625,32,62
10000,78,40.4,117.6,35,66
0,79,50,50.5,2,14
100,79,45.28125,51.4375,32,64
200,79,37.03125,50.375,32,62
300,79,33.0571428571429,55.4285714285714,35,66
400,79,26.5882352941176,57.1176470588235,34,64
500,79,20.625,56.625,32,62
600,79,15.7096774193548,54,31,64
700,79,11.9032258064516,53.4838709677419,31,62
800,79,8.1875,51.5,32,62
900,79,11.3870967741935,48.1935483870968,31,62
1000,79,16.75,47.84375,32,62
1100,79,20.3333333333333,43.8484848484849,33,64
1200,79,20.7941176470588,39.5,34,64
1300,79,17.3870967741935,43.0645161290323,31,62
1400,79,17.3142857142857,47.1714285714286,35,66
1500,79,17.1470588235294,52.9117647058823,34,64
1600,79,12.84375,55.375,32,60
1700,79,8.4375,56.53125,32,66
1800,79,7.25,60,32,64
1900,79,7.45161290322581,64.516129032258,31,64
2000,79,11.6666666666667,67.4545454545455,33,64
2100,79,16.8181818181818,65.030303030303,33,64
2200,79,11.6764705882353,65,34,66
2300,79,7.5,68.4375,32,66
2400,79,8.96774193548387,72.4516129032258,31,64
2500,79,11.4375,76,32,62
2600,79,15.2222222222222,81.0833333333333,36,66
2700,79,20.71875,84,32,62
2800,79,22.8787878787879,88.6969696969697,33,64
2900,79,26.0857142857143,92.5714285714286,35,64
3000,79,30.3928571428571,91.5714285714286,28,60
3100,79,35.65625,92.78125,32,62
3200,79,38.4516129032258,98.3870967741936,31,64
3300,79,40.3636363636364,101.181818181818,33,66
3400,79,38.0909090909091,104.484848484848,33,62
3500,79,33.25,102.46875,32,66
3600,79,29.4516129032258,101.354838709677,31,64
3700,79,23.3636363636364,100.272727272727,33,64
3800,79,24,96.1875,32,62
3900,79,30.969696969697,93.4242424242424,33,62
4000,79,36.6363636363636,92.7272727272727,33,64
4100,79,41.7575757575758,92.2121212121212,33,64
4200,79,40.78125,96.5,32,64
4300,79,34.9677419354839,97.741935483871,31,64
4400,79,30.3939393939394,97.2424242424242,33,64
4500,79,27.7647058823529,102.911764705882,34,64
4600,79,26.4242424242424,105.969696969697,33,62
4700,79,29.3636363636364,110.727272727273,33,64
4800,79,32.7272727272727,109.909090909091,33,64
4900,79,34.4375,111.75,32,62
5000,79,31.1176470588235,107.147058823529,34,64
5100,79,26.9117647058824,103.029411764706,34,64
5200,79,24.6129032258064,106.58064516129,31,64
5300,79,21.5757575757576,108.666666666667,33,66
5400,79,16.6666666666667,108.533333333333,30,64
5500,79,11.0588235294118,108.941176470588,34,64
5600,79,5.65625,110.28125,32,62
5700,79,0.575757575757576,113.121212121212,33,64
5800,79,-2.5,117.9,30,60
5900,79,-4.6875,121.9375,32,66
6000,79,-2,122.34375,32,64
6100,79,-5.67647058823532,124.911764705882,34,64
6200,79,-10.1515151515152,124.909090909091,33,64
6300,79,-14.3235294117647,124.147058823529,34,64
6400,79,-18.3235294117647,125.147058823529,34,64
6500,79,-21.5806451612903,127.129032258065,31,62
6600,79,-27.4848484848485,126.090909090909,33,62
6700,79,-31.53125,124.5625,32,62
6800,79,-31.6129032258064,121.774193548387,31,62
6900,79,-31.3333333333333,116.424242424242,33,64
7000,79,-28.75,112.34375,32,64
7100,79,-26.6666666666667,111.242424242424,33,62
7200,79,-21.6969696969697,111.272727272727,33,64
7300,79,-18.4848484848485,106.848484848485,33,64
7400,79,-13.0882352941177,103.911764705882,34,66
7500,79,-15.0967741935484,98.8064516129032,31,60
7600,79,-17.969696969697,95.1515151515152,33,64
7700,79,-21.9714285714285,94.7714285714286,35,66
7800,79,-23.78125,98.8125,32,64
7900,79,-26.7575757575758,99.9090909090909,33,62
8000,79,-28.6363636363637,104.909090909091,33,64
8100,79,-27.34375,109.1875,32,64
8200,79,-30.6333333333333,113.833333333333,30,62
8300,79,-31.3636363636364,116.272727272727,33,62
8400,79,-32.4857142857143,113.6,35,64
8500,79,-37.9142857142857,111.8,35,64
8600,79,-40.75,112.375,32,64
8700,79,-39.8666666666667,115.833333333333,30,62
8800,79,-39.9090909090909,122.212121212121,33,64
8900,79,-39.65625,125.40625,32,62
9000,79,-41.3870967741936,129.064516129032,31,64
9100,79,-44.6,134.714285714286,35,64
9200,79,-39.8235294117647,135.764705882353,34,66
9300,79,-36.8571428571429,139.485714285714,35,66
9400,79,-33.5333333333333,141.066666666667,30,64
9500,79,-30.0666666666667,144.466666666667,30,62
9600,79,-24.7419354838709,146.322580645161,31,64
9700,79,-22.5882352941177,145.970588235294,34,66
9800,79,-20.969696969697,144.575757575758,33,62
9900,79,-26.5757575757576,142.787878787879,33,64
10000,79,-29,147.5,36,66
0,80,50.3333333333333,49.6666666666667,3,18
100,80,53.8387096774194,49.0645161290322,31,62
200,80,56.7272727272727,54,33,64
300,80,59.1935483870968,57.4516129032258,31,62
400,80,65.1875,59.5625,32,64
500,80,68.6363636363637,62.4242424242424,33,64
600,80,77.3529411764706,61.3529411764706,34,64
700,80,82.625,59.34375,32,62
800,80,84.9090909090909,56.3939393939394,33,64
900,80,78.2352941176471,52.764705882353,34,66
1000,80,73.125,52.96875,32,64
1100,80,67.28125,54,32,64
1200,80,65.125,59.84375,32,64
1300,80,63.71875,62.125,32,64
1400,80,59.5757575757576,58.6060606060606,33,66
1500,80,57.71875,60.71875,32,62
1600,80,52.34375,61.1875,32,64
1700,80,48.7777777777778,58.2777777777778,36,68
1800,80,41.6470588235294,57.5588235294118,34,64
1900,80,34.15625,55.375,32,66
2000,80,32.5,52.25,32,62
2100,80,28.5454545454545,48.2121212121212,33,62
2200,80,28.28125,44.125,32,66
2300,80,23.1875,39.03125,32,64
2400,80,18.7272727272727,37.7878787878788,33,66
2500,80,14.4411764705882,34.7058823529412,34,64
2600,80,13.4545454545455,39.7575757575758,33,66
2700,80,12.4117647058823,44.5588235294118,34,64
2800,80,12.65625,48.0625,32,64
2900,80,17.625,44.84375,32,60
3000,80,20.6774193548387,40.1612903225806,31,64
3100,80,21.8125,34.3125,32,68
3200,80,26.4838709677419,27.4838709677419,31,62
3300,80,26.125,22.09375,32,64
3400,80,23.8064516129032,18.7741935483871,31,62
3500,80,26.875,15.46875,32,62
3600,80,30.3666666666667,8,30,62
3700,80,32.3235294117647,8.70588235294118,34,66
3800,80,36.9117647058823,11.1470588235294,34,66
3900,80,40.1818181818182,13.7272727272727,33,64
4000,80,43.09375,16.34375,32,62
4100,80,48.7575757575758,15.0909090909091,33,64
4200,80,51.2727272727273,15.4545454545455,33,64
4300,80,50.59375,21.6875,32,64
4400,80,49.5,27.1764705882353,34,64
4500,80,46.9333333333333,31.6,30,64
4600,80,48.4117647058823,33.0294117647059,34,66
4700,80,51.7096774193548,37.7096774193548,31,62
4800,80,53.4545454545455,41.1515151515151,33,66
4900,80,50.3125,41.90625,32,62
5000,80,43.9375,42.78125,32,62
5100,80,41.3225806451613,38.1612903225806,31,64
5200,80,36.9032258064516,37.0967741935484,31,64
5300,80,31.1764705882353,38.3529411764706,34,64
5400,80,23.9166666666667,38.5833333333333,36,66
5500,80,20.0967741935484,35.0322580645161,31,62
5600,80,21.0967741935484,29.1290322580645,31,64
5700,80,18.6774193548387,27.5806451612903,31,62
5800,80,14.90625,23.34375,32,64
5900,80,17.5454545454546,17.1818181818182,33,64
6000,80,25.21875,17.875,32,64
6100,80,27.2424242424242,14.8181818181818,33,64
6200,80,24.8125,12.53125,32,64
6300,80,20.4242424242424,7.03030303030303,33,62
6400,80,20.3333333333333,1.90909090909091,33,64
6500,80,13.3125,-0.1875,32,64
6600,80,8.64705882352941,-1.26470588235294,34,64
6700,80,2.7,4.86666666666667,30,64
6800,80,2.70967741935484,12,31,66
6900,80,-1.45161290322579,17.1612903225806,31,62
7000,80,-4.0625,22.03125,32,66
7100,80,-9.93939393939395,25.9090909090909,33,64
7200,80,-15.3636363636364,23.8484848484848,33,64
7300,80,-19.6875,21.96875,32,66
7400,80,-23.6060606060606,19,33,64
7500,80,-27.0588235294118,21.1176470588235,34,64
7600,80,-32.09375,20.40625,32,62
7700,80,-32.5161290322581,17.5806451612903,31,66
7800,80,-28.4,16.5142857142857,35,64
7900,80,-21.8387096774194,13.1935483870968,31,64
8000,80,-20.9117647058824,6.61764705882354,34,64
8100,80,-19.7352941176471,3.26470588235294,34,64
8200,80,-14.8387096774194,6.7741935483871,31,64
8300,80,-11.2903225806452,9.38709677419355,31,62
8400,80,-5.65714285714286,8.05714285714285,35,64
8500,80,-7.4375,5,32,62
8600,80,-10.939393939394,0.696969696969703,33,64
8700,80,-13.09375,-4.9375,32,64
8800,80,-16.5882352941177,-7.97058823529412,34,66
8900,80,-15,-5.40624999999996,32,64
9000,80,-9.3225806451613,-7.64516129032258,31,62
9100,80,-6.72727272727272,-11.0606060606061,33,64
9200,80,-5.15151515151514,-7.54545454545456,33,64
9300,80,-6.875,-4.1875,32,64
9400,80,-10.8125,-1.34374999999996,32,64
9500,80,-13.1875,2.1875,32,62
9600,80,-13,8.57575757575758,33,66
9700,80,-12.1515151515152,14.030303030303,33,64
9800,80,-14.3333333333333,18.969696969697,33,64
9900,80,-15.6875,25.84375,32,66
10000,80,-18.9705882352941,29.6470588235294,34,64
0,81,49.5,49.5,2,14
100,81,47.8064516129032,48.7741935483871,31,62
200,81,52.5,52.1875,32,62
300,81,57.65625,52.4375,32,62
400,81,62.1470588235294,51.1764705882353,34,64
500,81,63.90625,53.28125,32,62
600,81,67.75,51.75,32,64
700,81,69.375,46.6875,32,62
800,81,71.5862068965518,41.9655172413793,29,62
900,81,71.1515151515151,37.0909090909091,33,62
1000,81,71.8,32.6857142857143,35,66
1100,81,76.3125,29.90625,32,64
1200,81,76.3235294117647,25.9117647058824,34,64
1300,81,73.3666666666667,23.0666666666667,30,62
1400,81,69.483870967742,21.5161290322581,31,62
1500,81,68.3333333333333,17.5757575757576,33,62
1600,81,62.3125,16.90625,32,62
1700,81,57.5454545454546,21.9090909090909,33,62
1800,81,54.4285714285714,24.7428571428571,35,66
1900,81,49.2647058823529,28.7352941176471,34,64
2000,81,44.0645161290323,28.4193548387097,31,64
2100,81,39.625,27,32,64
2200,81,36.6176470588235,29.7647058823529,34,64
2300,81,34,34.6470588235294,34,64
2400,81,33.6363636363636,39.1212121212121,33,66
2500,81,32.969696969697,44.6060606060606,33,64
2600,81,29.5882352941176,49,34,64
2700,81,28.2857142857143,53.0571428571429,35,64
2800,81,24.5483870967742,56.0645161290323,31,64
2900,81,21.3142857142857,59.8857142857143,35,64
3000,81,24.8857142857143,64.3142857142857,35,64
3100,81,22.7,67.6666666666667,30,60
3200,81,23.6206896551724,72.551724137931,29,62
3300,81,25.53125,78.3125,32,64
3400,81,25.2,81.8666666666667,30,62
3500,81,20.75,85.34375,32,64
3600,81,15.7333333333333,83.9333333333333,30,62
3700,81,10.4516129032258,89.8387096774193,31,62
3800,81,13.71875,90.28125,32,64
3900,81,15.4516129032258,95.0322580645161,31,64
4000,81,18.2285714285714,99.7428571428572,35,64
4100,81,22.5454545454546,99.8484848484848,33,64
4200,81,22.9677419354839,94.8709677419355,31,62
4300,81,22.59375,89.875,32,62
4400,81,19.1515151515152,86.8484848484848,33,66
4500,81,16.3030303030303,84.5151515151515,33,66
4600,81,18.741935483871,88.4516129032258,31,62
4700,81,15.5151515151515,92.969696969697,33,64
4800,81,14.8529411764706,95.6176470588235,34,64
4900,81,12.2903225806452,98.2580645161291,31,62
5000,81,9.59375,102.25,32,64
5100,81,12.0909090909091,106.848484848485,33,66
5200,81,12.4117647058823,112.323529411765,34,64
5300,81,9.06060606060606,116.575757575758,33,64
5400,81,4.80555555555556,120.805555555556,36,66
5500,81,0.727272727272726,118.242424242424,33,64
5600,81,-0.428571428571445,113.457142857143,35,64
5700,81,0.266666666666666,109.333333333333,30,62
5800,81,1.81818181818181,100.969696969697,33,62
5900,81,4.59375,96.78125,32,64
6000,81,11,93.625,32,64
6100,81,14.71875,87.4375,32,62
6200,81,10.2058823529412,84.1764705882353,34,66
6300,81,5.12121212121212,86.5757575757576,33,64
6400,81,7.16129032258064,90.5483870967741,31,62
6500,81,9.875,94.84375,32,64
6600,81,12.2121212121212,100.454545454545,33,62
6700,81,14.5757575757576,105.69696969697,33,64
6800,81,12.7333333333333,108.333333333333,30,62
6900,81,7.12121212121212,111.757575757576,33,66
7000,81,4.1875,117.21875,32,62
7100,81,8.3030303030303,119.636363636364,33,64
7200,81,12.8235294117647,121,34,64
7300,81,17.8181818181818,119.242424242424,33,64
7400,81,23.125,121.0625,32,64
7500,81,26.741935483871,117.387096774194,31,64
7600,81,32.5882352941177,116.882352941176,34,64
7700,81,35.25,110.09375,32,64
7800,81,33.6176470588235,106.5,34,66
7900,81,32.84375,100.46875,32,64
8000,81,29.5,95.9999999999999,32,62
8100,81,23.28125,94.8125,32,64
8200,81,21.0909090909091,94.3030303030303,33,62
8300,81,13.2903225806452,94.4193548387097,31,62
8400,81,8.70967741935483,94.4193548387097,31,62
8500,81,2.34375,94.03125,32,62
8600,81,-2.75757575757576,93.3333333333333,33,64
8700,81,-6.29032258064515,91.6774193548387,31,64
8800,81,-11,89.7428571428572,35,66
8900,81,-12.235294117647,86.8235294117647,34,64
9000,81,-6.21212121212122,88.4848484848485,33,64
9100,81,-6.71875,92.53125,32,66
9200,81,-5.75,96.5277777777778,36,66
9300,81,-3.36363636363636,101.393939393939,33,64
9400,81,0.84375,104.8125,32,64
9500,81,4.55555555555556,106.833333333333,36,66
9600,81,6.5625,112.125,32,64
9700,81,9.42424242424242,117.575757575758,33,62
9800,81,10.4375,120.125,32,62
9900,81,16.3235294117647,122.323529411765,34,64
10000,81,22.90625,125.40625,32,64
0,82,50.5,50,2,14
100,82,50.2352941176471,51.9117647058824,34,64
200,82,49.8125,59.65625,32,64
300,82,45.2941176470588,60.5882352941176,34,66
400,82,46.3636363636364,65.7575757575758,33,64
500,82,47.34375,70.21875,32,66
600,82,44.8064516129032,75.3548387096774,31,62
700,82,42.7096774193548,79.1935483870968,31,60
800,82,41.9375,84.6875,32,62
900,82,39.5,88.125,32,62
1000,82,42.9354838709678,94.0645161290323,31,64
1100,82,48.3125,92.09375,32,64
1200,82,49.9,96,30,60
1300,82,46.4666666666667,100.133333333333,30,60
1400,82,42.2727272727273,104.121212121212,33,66
1500,82,37.84375,106.3125,32,62
1600,82,31.3870967741935,108.741935483871,31,62
1700,82,28.25,110.96875,32,66
1800,82,26.8529411764706,116.794117647059,34,66
1900,82,29.4375,119.5,32,64
2000,82,36.8181818181818,121.575757575758,33,66
2100,82,39.030303030303,117.424242424242,33,62
2200,82,40.625,112.96875,32,66
2300,82,40.5,108,32,62
2400,82,43.8333333333333,103,30,62
2500,82,44.6,97.4571428571429,35,66
2600,82,43.5,92.375,32,64
2700,82,41.1176470588235,87.7647058823529,34,64
2800,82,40.8823529411765,83.4117647058823,34,64
2900,82,43,84.4666666666667,30,66
3000,82,42.8787878787879,88.4242424242424,33,64
3100,82,38.5294117647059,86.2352941176471,34,64
3200,82,34.8787878787879,85.2424242424242,33,64
3300,82,30.5588235294118,89.2352941176471,34,64
3400,82,28.7647058823529,95.8529411764706,34,64
3500,82,26.40625,94.4687499999999,32,66
3600,82,25,88.5666666666667,30,64
3700,82,26.71875,84.15625,32,62
3800,82,28.7878787878788,79.3030303030303,33,66
3900,82,32.8709677419355,74.0967741935484,31,66
4000,82,31.59375,67.4375,32,62
4100,82,34.6969696969697,64.4848484848485,33,64
4200,82,39.6285714285714,64.5714285714286,35,64
4300,82,45.0833333333333,65.0277777777777,36,64
4400,82,49.3636363636364,67.8181818181818,33,64
4500,82,49.1176470588235,64.2941176470588,34,66
4600,82,47.3333333333333,57.5151515151515,33,64
4700,82,43.75,53.5625,32,66
4800,82,42.264705882353,46.8529411764706,34,66
4900,82,42,40.28125,32,62
5000,82,43.1333333333333,34.1,30,62
5100,82,44.75,30.28125,32,62
5200,82,40.4,26.2666666666667,30,64
5300,82,36.5,26.90625,32,62
5400,82,39.2727272727273,31.6363636363636,33,62
5500,82,41.53125,33.53125,32,64
5600,82,46.969696969697,36.5757575757576,33,64
5700,82,52.6969696969697,41.1212121212121,33,64
5800,82,57.2647058823529,40.1764705882353,34,64
5900,82,56.3636363636364,45.2727272727273,33,62
6000,82,52.9677419354839,45.4516129032258,31,62
6100,82,47.375,46.5,32,62
6200,82,44.0606060606061,45.8181818181818,33,64
6300,82,40.5151515151515,48.8181818181818,33,64
6400,82,34.7575757575758,47.6666666666667,33,66
6500,82,33.9666666666667,51.6333333333333,30,64
6600,82,28.7142857142857,55.1714285714286,35,64
6700,82,30.15625,60.28125,32,62
6800,82,35.8285714285714,62.3428571428572,35,66
6900,82,41.0967741935484,58.4516129032258,31,62
7000,82,36.6666666666667,53.2424242424242,33,62
7100,82,36.71875,46.5,32,62
7200,82,33.6363636363636,41.5757575757576,33,64
7300,82,29.8857142857143,39.9428571428571,35,64
7400,82,25.5882352941176,44.5588235294118,34,66
7500,82,20.0882352941176,46.8823529411765,34,66
7600,82,18.1515151515152,50.9393939393939,33,64
7700,82,14.7714285714286,54,35,66
7800,82,11.2727272727273,58.3636363636364,33,62
7900,82,8.3030303030303,62.6666666666667,33,64
8000,82,4.03125,68.6875000000001,32,62
8100,82,6.71875,70.9375,32,66
8200,82,12.4333333333333,75.6,30,62
8300,82,9.90322580645161,79.3870967741935,31,62
8400,82,3.97058823529412,81.9705882352941,34,66
8500,82,2.25,87.4722222222222,36,66
8600,82,1.97058823529412,92.6176470588235,34,66
8700,82,1.36666666666667,97.2333333333333,30,62
8800,82,3.41176470588235,101.176470588235,34,64
8900,82,7.84375,102.9375,32,62
9000,82,11.5833333333333,105.305555555556,36,66
9100,82,17.1515151515152,108.727272727273,33,62
9200,82,19.8787878787879,113.515151515152,33,66
9300,82,21.3,118.033333333333,30,62
9400,82,23.5333333333333,123.066666666667,30,62
9500,82,26.5625,131.8125,32,62
9600,82,28.375,136.15625,32,60
9700,82,30.7096774193548,140.064516129032,31,64
9800,82,27.4838709677419,140.645161290323,31,60
9900,82,23.1818181818182,137.666666666667,33,64
10000,82,17.7586206896552,139.655172413793,29,62
0,83,50.3333333333333,50.6666666666667,3,18
100,83,47.0967741935484,48.1935483870968,31,60
200,83,43.15625,52.53125,32,64
300,83,41.7096774193548,56.6451612903226,31,62
400,83,37.5483870967742,58.741935483871,31,64
500,83,31.4193548387097,57.6451612903226,31,64
600,83,28.3823529411765,54.1470588235294,34,64
700,83,22.0625,52.375,32,66
800,83,16.75,49.53125,32,62
900,83,12.7058823529412,49.2352941176471,34,66
1000,83,12.8666666666667,53.1666666666667,30,62
1100,83,19.21875,54.78125,32,62
1200,83,22.3030303030303,51.2424242424243,33,62
1300,83,25.8125,48.5,32,62
1400,83,29.1515151515152,51.4848484848485,33,62
1500,83,34.6363636363636,51.3939393939394,33,64
1600,83,39.9393939393939,53.8484848484849,33,66
1700,83,43.7352941176471,53.6764705882353,34,66
1800,83,47.5151515151515,53.3939393939394,33,64
1900,83,52.9090909090909,55.9393939393939,33,64
2000,83,54.375,63.3125,32,64
2100,83,47.1875,63.28125,32,64
2200,83,43.8484848484849,60.2121212121212,33,64
2300,83,41.1212121212121,58.9090909090909,33,64
2400,83,40.53125,55.1875,32,64
2500,83,42.8064516129032,50,31,64
2600,83,42.5757575757576,43.4242424242424,33,62
2700,83,37.3125,39.15625,32,62
2800,83,31.3030303030303,40.2424242424243,33,62
2900,83,28.4,45.2,35,66
3000,83,26.8181818181818,49.969696969697,33,62
3100,83,23.6060606060606,52.3636363636364,33,64
3200,83,18.7878787878788,52.5454545454545,33,62
3300,83,15.0588235294118,54.1176470588235,34,66
3400,83,13.03125,56.09375,32,62
3500,83,15.09375,60.125,32,62
3600,83,17.4705882352941,64.9411764705882,34,64
3700,83,23.3333333333333,62.5757575757576,33,64
3800,83,26.0882352941176,58.9705882352941,34,64
3900,83,30.6470588235294,58.8529411764706,34,64
4000,83,31.3888888888889,56.0277777777778,36,66
4100,83,27.0588235294118,59.9117647058823,34,64
4200,83,21,61.8125,32,62
4300,83,17.46875,63.90625,32,64
4400,83,11.5,66.8235294117647,34,64
4500,83,9.12903225806452,67.4193548387097,31,62
4600,83,5.11764705882353,69.1470588235294,34,64
4700,83,3.46875,63.1875,32,64
4800,83,6.65714285714286,58.9428571428571,35,64
4900,83,1.625,57.375,32,64
5000,83,-4.84375,58.0625,32,62
5100,83,-10.030303030303,56.9393939393939,33,64
5200,83,-13.2727272727273,50.7575757575758,33,64
5300,83,-14.5588235294118,46.6764705882353,34,66
5400,83,-14.9117647058824,39.6764705882353,34,64
5500,83,-17.7096774193548,36.741935483871,31,62
5600,83,-22.5,36.5,34,64
5700,83,-21.4411764705882,40.1764705882353,34,64
5800,83,-17.5,43.5,34,64
5900,83,-20.40625,48.6875,32,62
6000,83,-23.8235294117647,53.7647058823529,34,64
6100,83,-29.1875,55,32,62
6200,83,-35.5294117647059,57.3529411764706,34,66
6300,83,-37.6363636363636,62.2727272727273,33,62
6400,83,-39.3448275862069,65.2413793103448,29,62
6500,83,-40.1290322580645,69.6774193548387,31,62
6600,83,-42.84375,72.8125,32,62
6700,83,-46.7647058823529,74.7647058823529,34,64
6800,83,-51.735294117647,73.6470588235294,34,64
6900,83,-56.0606060606061,74.5757575757576,33,62
7000,83,-61.6857142857143,75.2285714285715,35,66
7100,83,-65.3225806451613,77.4516129032258,31,62
7200,83,-63.4375,82.59375,32,64
7300,83,-59.7,84.0333333333333,30,62
7400,83,-55,86.5625,32,64
7500,83,-52.0571428571428,92.5714285714286,35,64
7600,83,-51.5882352941177,97.8823529411764,34,64
7700,83,-52.1176470588235,104.5,34,64
7800,83,-55.96875,108.65625,32,62
7900,83,-55.71875,104.3125,32,62
8000,83,-58.0322580645161,100.258064516129,31,64
8100,83,-59.1470588235294,99.7647058823529,34,64
8200,83,-53.9655172413793,104,29,62
8300,83,-49.625,106.125,32,64
8400,83,-44.34375,104.53125,32,64
8500,83,-40.7333333333333,99.9666666666667,30,62
8600,83,-44.3030303030303,95.8787878787878,33,64
8700,83,-46.0967741935484,91.6451612903226,31,62
8800,83,-42,89.5483870967742,31,62
8900,83,-38.5625,82.40625,32,64
9000,83,-37.6969696969697,79.1212121212122,33,64
9100,83,-40.6764705882353,76.4117647058823,34,64
9200,83,-45.5806451612903,77.3548387096774,31,62
9300,83,-50.65625,77.46875,32,62
9400,83,-45.8484848484849,75,33,66
9500,83,-39.0909090909091,75.4848484848485,33,62
9600,83,-35.1875,78.40625,32,64
9700,83,-29.78125,76.5,32,64
9800,83,-27.1875,76.75,32,62
9900,83,-21.5882352941177,75.6470588235294,34,64
10000,83,-17.2121212121212,73.0909090909091,33,62
0,84,50.3333333333333,49,3,20
100,84,53.34375,48.78125,32,62
200,84,53.5588235294118,43.764705882353,34,64
300,84,47.6969696969697,44.6666666666667,33,64
400,84,49.8064516129032,48.9677419354839,31,62
500,84,52.4375,52.90625,32,64
600,84,55.40625,58.15625,32,64
700,84,57.1470588235294,61.9411764705882,34,64
800,84,55.5151515151515,66.9090909090909,33,62
900,84,58.5333333333333,72.1333333333333,30,60
1000,84,63.90625,73.53125,32,64
1100,84,65.5454545454545,75.2727272727273,33,64
1200,84,62.40625,78.65625,32,62
1300,84,57,82.25,32,64
1400,84,55.1875,85.65625,32,64
1500,84,54.8888888888889,90.3611111111111,36,66
1600,84,53.875,95.125,32,62
1700,84,50.3823529411765,97.9117647058823,34,64
1800,84,45.5625,98.46875,32,64
1900,84,42.4242424242424,102.848484848485,33,64
2000,84,41.7058823529412,106.147058823529,34,64
2100,84,38.2424242424242,109.878787878788,33,64
2200,84,39.0645161290323,113.483870967742,31,66
2300,84,43.09375,114.875,32,62
2400,84,47.8387096774194,116.258064516129,31,64
2500,84,49.9642857142857,111.5,28,62
2600,84,47.6363636363636,106.818181818182,33,64
2700,84,46.1818181818182,103.393939393939,33,66
2800,84,51.1764705882353,99.5882352941176,34,64
2900,84,53.78125,102.4375,32,64
3000,84,50.96875,108.3125,32,64
3100,84,47.3333333333333,109.757575757576,33,62
3200,84,43,107.774193548387,31,64
3300,84,38.1818181818182,107.242424242424,33,64
3400,84,32.7575757575758,109.69696969697,33,64
3500,84,29.551724137931,114.241379310345,29,62
3600,84,23.8125,115.96875,32,64
3700,84,18.2941176470588,114.058823529412,34,66
3800,84,13.4411764705882,114.029411764706,34,64
3900,84,7.64516129032258,111.483870967742,31,62
4000,84,5.64516129032258,106.387096774194,31,62
4100,84,4.27272727272727,101.69696969697,33,64
4200,84,5.35294117647059,96.2647058823529,34,66
4300,84,9,91.5,34,62
4400,84,14.4705882352941,90.7352941176471,34,66
4500,84,17.2857142857143,89.9428571428571,35,64
4600,84,23.0588235294118,88.1176470588235,34,64
4700,84,28.4848484848485,90.0303030303031,33,64
4800,84,27.0645161290323,96.4193548387097,31,62
4900,84,26.6764705882353,100.558823529412,34,64
5000,84,23.8125,102.625,32,64
5100,84,18.2857142857143,103.657142857143,35,66
5200,84,18,108.1,30,62
5300,84,19.2903225806452,113.193548387097,31,60
5400,84,20.1875,118.3125,32,66
5500,84,23.625,123.65625,32,62
5600,84,23.5151515151515,129.030303030303,33,64
5700,84,22.375,132.375,32,62
5800,84,23.7333333333333,135.766666666667,30,64
5900,84,26,139.823529411765,34,64
6000,84,27.40625,145.15625,32,64
6100,84,30.375,148.09375,32,64
6200,84,30.6451612903226,152.483870967742,31,64
6300,84,27.375,149.6875,32,66
6400,84,26.7272727272727,144.060606060606,33,64
6500,84,27.1111111111111,138.277777777778,36,66
6600,84,27.75,133.53125,32,62
6700,84,26.4545454545455,129.090909090909,33,62
6800,84,30.1515151515152,124.909090909091,33,62
6900,84,32.8235294117647,119.5,34,64
7000,84,37.3529411764706,118.823529411765,34,64
7100,84,42.9375,119.5625,32,62
7200,84,44.9705882352941,119.088235294118,34,64
7300,84,46.6774193548387,121.41935483871,31,62
7400,84,47.3225806451613,126.387096774194,31,62
7500,84,47.1935483870968,130.129032258065,31,62
7600,84,42.8,132.666666666667,30,62
7700,84,39.6333333333333,130.566666666667,30,62
7800,84,36.0588235294118,127.176470588235,34,64
7900,84,32.5294117647059,126.941176470588,34,64
8000,84,29.4848484848485,129.909090909091,33,62
8100,84,31.9354838709677,131.129032258065,31,64
8200,84,38.8529411764706,134.382352941176,34,64
8300,84,42.9444444444445,135.972222222222,36,66
8400,84,45.3939393939394,139.969696969697,33,64
8500,84,50.9354838709677,142.677419354839,31,62
8600,84,53.4705882352941,139.235294117647,34,64
8700,84,53.7714285714286,134.485714285714,35,66
8800,84,51.1515151515151,129.515151515152,33,62
8900,84,51.625,125.59375,32,64
9000,84,56.5806451612903,121.903225806452,31,62
9100,84,57.1515151515152,116.818181818182,33,64
9200,84,57.2727272727273,112.515151515152,33,66
9300,84,62.90625,111.59375,32,64
9400,84,66.7878787878788,108.30303030303,33,66
9500,84,70.9090909090909,108.969696969697,33,64
9600,84,75.8484848484849,112.787878787879,33,64
9700,84,78.71875,109.40625,32,66
9800,84,79.90625,104.5,32,64
9900,84,85.2647058823529,103.352941176471,34,64
10000,84,87.59375,101,32,64
0,85,50,50,3,20
100,85,47.5806451612903,52.4193548387097,31,62
200,85,46.2727272727273,56.6969696969697,33,64
300,85,43.90625,56.15625,32,64
400,85,39.34375,52.0625,32,64
500,85,40.7272727272727,46.8787878787879,33,66
600,85,43.3125,44.09375,32,64
700,85,46.5333333333333,38.9333333333333,30,62
800,85,44.969696969697,34.1818181818182,33,62
900,85,42.15625,32.5625,32,64
1000,85,34.969696969697,32.9090909090909,33,64
1100,85,31.9393939393939,35.4242424242424,33,62
1200,85,30.28125,41.25,32,66
1300,85,34.15625,44.375,32,60
1400,85,38.3125,46.8125,32,62
1500,85,39.25,52.375,32,66
1600,85,38.969696969697,60.9393939393939,33,64
1700,85,35.3333333333333,65.0606060606061,33,62
1800,85,31.258064516129,69.2903225806452,31,62
1900,85,25.9677419354839,69.7096774193549,31,64
2000,85,22.6764705882353,66.5,34,64
2100,85,22.3870967741935,60.9677419354839,31,62
2200,85,24.6176470588235,54.8529411764706,34,64
2300,85,25.4117647058824,50.8529411764706,34,64
2400,85,25.9411764705882,49.3235294117647,34,64
2500,85,29.9411764705882,49.7941176470588,34,64
2600,85,33.59375,54,32,64
2700,85,38.2941176470588,56.7941176470588,34,64
2800,85,41.7575757575758,51.5757575757576,33,64
2900,85,46.1666666666667,48.7333333333333,30,62
3000,85,49.53125,41.9375,32,62
3100,85,48.7,37.4666666666667,30,60
3200,85,43.7837837837838,33.0810810810811,37,66
3300,85,38.2258064516129,32.0645161290323,31,62
3400,85,39.2571428571429,34.1142857142857,35,64
3500,85,39.6875,39.15625,32,66
3600,85,35.2941176470588,46.3823529411765,34,64
3700,85,35.75,48.34375,32,66
3800,85,33.78125,52.375,32,66
3900,85,29.3529411764706,54.5,34,64
4000,85,26.4285714285714,58.8571428571428,35,66
4100,85,21.9705882352941,56.6470588235294,34,66
4200,85,21.7352941176471,51.735294117647,34,64
4300,85,23.5483870967742,49.0967741935484,31,62
4400,85,21.1935483870968,43,31,62
4500,85,17.75,35.90625,32,62
4600,85,14.9393939393939,32.8787878787879,33,64
4700,85,8.90909090909091,31.7575757575758,33,62
4800,85,4.1875,32.5625,32,62
4900,85,-1.28125,32.6875,32,62
5000,85,-4.55882352941175,31.7352941176471,34,64
5100,85,-9.19354838709675,30.1290322580645,31,64
5200,85,-12.9411764705882,23.8235294117647,34,66
5300,85,-13.6,18.9142857142857,35,66
5400,85,-10.0909090909091,16.7272727272727,33,64
5500,85,-6.51515151515152,21.6666666666667,33,64
5600,85,-3.58823529411764,23,34,66
5700,85,-2.05714285714284,21.0857142857143,35,66
5800,85,-2.79411764705884,17.7058823529412,34,64
5900,85,-0.225806451612897,11.741935483871,31,62
6000,85,2.16129032258064,8.25806451612903,31,62
6100,85,3.84375,3,32,64
6200,85,8.90909090909091,5.15151515151515,33,64
6300,85,14.6875,2.9375,32,62
6400,85,10.4375,-0.625,32,64
6500,85,4.52777777777777,0,36,66
6600,85,-0.222222222222243,3.44444444444444,36,66
6700,85,-8.12903225806453,3.48387096774194,31,62
6800,85,-10.0909090909091,0.63636363636364,33,64
6900,85,-5.94117647058825,-3.52941176470588,34,64
7000,85,-0.852941176470594,-4.7941176470588,34,66
7100,85,2.42424242424242,-4.57575757575761,33,62
7200,85,6.81818181818181,-4.27272727272728,33,62
7300,85,13.0857142857143,-6.08571428571427,35,66
7400,85,16.969696969697,-10.4545454545454,33,66
7500,85,23.6969696969697,-14.7878787878788,33,66
7600,85,25.9411764705882,-20.5294117647059,34,64
7700,85,26.5757575757576,-27.9393939393939,33,62
7800,85,27.0294117647059,-33.1176470588235,34,66
7900,85,29.3333333333333,-38.6969696969697,33,66
8000,85,26.3823529411765,-43.9411764705882,34,64
8100,85,25.5,-49.1176470588235,34,64
8200,85,29.9117647058823,-51.5,34,66
8300,85,33.8484848484849,-55.7272727272727,33,62
8400,85,38.2121212121212,-57.1818181818182,33,66
8500,85,43.2727272727273,-59.9090909090909,33,64
8600,85,47.5757575757576,-58.8484848484848,33,64
8700,85,53.375,-57.5625,32,64
8800,85,58.8285714285714,-58,35,64
8900,85,63,-55,33,64
9000,85,69.8484848484848,-50.1212121212121,33,64
9100,85,69.40625,-45.96875,32,62
9200,85,64.0833333333333,-42.25,36,66
9300,85,61.59375,-38.15625,32,64
9400,85,58.0606060606061,-35.7272727272727,33,64
9500,85,62.6060606060606,-30.2727272727273,33,64
9600,85,67.6129032258064,-26.4838709677419,31,62
9700,85,68.0571428571428,-20.0857142857143,35,66
9800,85,65.2121212121212,-16.9090909090909,33,62
9900,85,62.2058823529412,-10.4411764705882,34,64
10000,85,61.1333333333333,-5.90000000000001,30,60
0,86,50,50,1,8
100,86,45.8484848484849,51.5757575757576,33,64
200,86,47.9,50.7666666666667,30,62
300,86,52.5151515151515,55.5757575757576,33,66
400,86,58,58.7352941176471,34,66
500,86,59.4117647058824,55.3823529411765,34,66
600,86,57.1470588235294,50.3823529411765,34,64
700,86,58.6969696969697,44.3636363636364,33,64
800,86,57.8064516129032,38.1935483870968,31,62
900,86,52.9032258064516,40.1612903225806,31,62
1000,86,51.40625,45.5625,32,64
1100,86,45.6969696969697,47.5757575757576,33,64
1200,86,47.2121212121212,50,33,64
1300,86,49.78125,52.78125,32,64
1400,86,47.2571428571429,58.5428571428571,35,64
1500,86,46.78125,63.9375,32,62
1600,86,45.7647058823529,68.1470588235294,34,64
1700,86,44.8709677419355,73.5806451612903,31,62
1800,86,47.741935483871,79.4838709677419,31,62
1900,86,47.8857142857143,83,35,66
2000,86,47.90625,87.65625,32,62
2100,86,53.3939393939394,88.7575757575758,33,64
2200,86,56,86.3870967741935,31,60
2300,86,54.9375,81.875,32,62
2400,86,50.7058823529412,82.3823529411764,34,66
2500,86,49.3548387096774,79.5806451612903,31,64
2600,86,44.6363636363636,78.3030303030303,33,64
2700,86,39.75,82.46875,32,66
2800,86,39.4117647058823,86.2941176470588,34,66
2900,86,37.40625,91.09375,32,64
3000,86,33.4516129032258,95.4516129032258,31,62
3100,86,29.0857142857143,98.6857142857143,35,68
3200,86,26.0322580645161,96.1935483870968,31,62
3300,86,28.1176470588235,92.8823529411765,34,64
3400,86,26.7878787878788,87.4545454545455,33,64
3500,86,21.6060606060606,85.3333333333333,33,64
3600,86,15.3225806451613,87.4193548387097,31,62
3700,86,10.9090909090909,86.7575757575758,33,62
3800,86,8.1875,87.0625,32,64
3900,86,3.1875,83.84375,32,62
4000,86,-1.09090909090909,81.8181818181818,33,64
4100,86,-6.19354838709675,82.0645161290322,31,62
4200,86,-11.2941176470588,84.3235294117647,34,66
4300,86,-15.7941176470588,87.0882352941176,34,64
4400,86,-11.3,90.1666666666667,30,62
4500,86,-6,83,35,64
4600,86,-9.82352941176472,80.2352941176471,34,64
4700,86,-13.9333333333333,81.2333333333333,30,62
4800,86,-18.84375,82.75,32,64
4900,86,-24.4375,78.59375,32,62
5000,86,-26.59375,73,32,62
5100,86,-29.03125,70.90625,32,62
5200,86,-30.125,67.0625,32,64
5300,86,-29.5625,63.96875,32,64
5400,86,-24.625,68.21875,32,64
5500,86,-21.4848484848485,71.9090909090909,33,62
5600,86,-17.5882352941176,70.1764705882353,34,66
5700,86,-13.939393939394,68.5151515151515,33,64
5800,86,-9.80645161290322,64.0967741935484,31,62
5900,86,-11.4117647058823,61.1764705882353,34,64
6000,86,-12.4666666666667,55.5333333333333,30,62
6100,86,-17.6176470588235,54.7647058823529,34,66
6200,86,-19.8125,51.75,32,62
6300,86,-25.7714285714286,46.6571428571429,35,64
6400,86,-28.6774193548387,47.2258064516129,31,64
6500,86,-34.8787878787879,50.3030303030303,33,64
6600,86,-40.7647058823529,54.1176470588235,34,64
6700,86,-44.3939393939394,56.1212121212121,33,64
6800,86,-50.0645161290323,53.9354838709677,31,62
6900,86,-55.59375,57.625,32,62
7000,86,-55.5714285714286,63.2571428571429,35,66
7100,86,-55.264705882353,67.3529411764706,34,66
7200,86,-49.2571428571429,64.8857142857143,35,64
7300,86,-47.4411764705882,60.8235294117647,34,64
7400,86,-41.09375,59.0625,32,62
7500,86,-40.8064516129032,55.2258064516129,31,62
7600,86,-44.4705882352941,54.0588235294118,34,66
7700,86,-46.8529411764706,51.8529411764706,34,66
7800,86,-49.5714285714286,53.9142857142857,35,64
7900,86,-51.6363636363636,61.1515151515151,33,66
8000,86,-49.15625,65.5625,32,64
8100,86,-43.4516129032258,69.6129032258065,31,64
8200,86,-41.40625,75,32,64
8300,86,-37.375,80,32,64
8400,86,-36.1470588235294,84.6470588235294,34,64
8500,86,-34.03125,89.65625,32,62
8600,86,-27.1935483870968,92.9032258064516,31,64
8700,86,-25.1333333333333,97.5333333333333,30,62
8800,86,-28.46875,100.78125,32,66
8900,86,-33.4,99,35,64
9000,86,-40.1714285714286,94.2857142857143,35,66
9100,86,-46.84375,94.5625,32,62
9200,86,-50.4411764705882,99.1470588235294,34,64
9300,86,-56.0625,101.46875,32,66
9400,86,-60.2424242424242,101.575757575758,33,62
9500,86,-62.5454545454545,98.3030303030303,33,66
9600,86,-55.5,97.75,32,62
9700,86,-52.5151515151515,95.4545454545455,33,64
9800,86,-58.8235294117647,91.1470588235294,34,64
9900,86,-56.09375,87.625,32,62
10000,86,-52.2121212121212,89.0909090909091,33,62
0,87,49.5,50.5,2,14
100,87,48.4838709677419,46.9354838709677,31,62
200,87,51.9333333333333,46.2,30,62
300,87,58.1935483870968,46.258064516129,31,66
400,87,63.8235294117647,45,34,64
500,87,66.8181818181818,46.8787878787879,33,66
600,87,72.1875,46.84375,32,62
700,87,75.6875,48.21875,32,64
800,87,80.1764705882353,45.4411764705882,34,64
900,87,79.0967741935484,41.1935483870968,31,62
1000,87,77,36.3225806451613,31,62
1100,87,77.0909090909091,32.1515151515151,33,64
1200,87,83.7575757575758,32.8181818181818,33,64
1300,87,84.2413793103448,37.0689655172414,29,60
1400,87,79.9666666666667,36.1666666666667,30,64
1500,87,73.516129032258,32.1612903225806,31,62
1600,87,67.8484848484849,35.2424242424242,33,66
1700,87,68.3870967741936,40,31,62
1800,87,70.4117647058823,44.8235294117647,34,66
1900,87,75.0344827586207,46.4827586206897,29,60
2000,87,76.741935483871,41.8064516129032,31,62
2100,87,71.21875,40.90625,32,64
2200,87,65.625,44.59375,32,64
2300,87,61.7741935483871,46.5483870967742,31,64
2400,87,58,42.1875,32,62
2500,87,55.96875,37.375,32,62
2600,87,58.6,34.5428571428571,35,66
2700,87,63.030303030303,37.8787878787879,33,64
2800,87,69.3235294117647,39.8235294117647,34,66
2900,87,67,44.7714285714286,35,64
3000,87,64.25,48.96875,32,62
3100,87,64.0625,53.125,32,62
3200,87,68.25,56.3125,32,66
3300,87,73.1176470588235,56.7647058823529,34,64
3400,87,77.3611111111111,55.5277777777778,36,66
3500,87,80,59.5,32,62
3600,87,75.8181818181818,61.969696969697,33,62
3700,87,72.6666666666667,64.4242424242424,33,62
3800,87,66.6176470588235,65.4411764705882,34,66
3900,87,61.75,63.65625,32,64
4000,87,57.264705882353,66.7058823529412,34,64
4100,87,58.7878787878788,72.9090909090909,33,64
4200,87,63.4838709677419,73.7741935483871,31,62
4300,87,63.0625,78.53125,32,64
4400,87,63.3939393939394,82.969696969697,33,64
4500,87,68.6875,84.375,32,64
4600,87,74.0294117647059,82.8529411764706,34,66
4700,87,79.0625,79.46875,32,62
4800,87,84.4848484848485,79.1212121212121,33,64
4900,87,86.8235294117647,76.6176470588235,34,64
5000,87,85.6451612903226,71.5161290322581,31,60
5100,87,81.3225806451613,65.8709677419355,31,64
5200,87,79.3870967741936,60.6129032258064,31,62
5300,87,82,57.5,34,62
5400,87,86.235294117647,58.3823529411765,34,66
5500,87,89.7575757575758,60.7878787878788,33,66
5600,87,94.9411764705882,63.3235294117647,34,66
5700,87,98.3333333333333,67.4242424242424,33,66
5800,87,98.15625,73.875,32,64
5900,87,97.5142857142857,78.6,35,64
6000,87,97.875,84.4375,32,64
6100,87,98.7878787878788,88.5454545454545,33,62
6200,87,98.9677419354839,94.4516129032258,31,64
6300,87,103.258064516129,99.0645161290323,31,62
6400,87,107.774193548387,100.903225806452,31,64
6500,87,111.666666666667,95.6363636363636,33,66
6600,87,111.71875,90.25,32,62
6700,87,109.59375,85.625,32,62
6800,87,108.794117647059,79.0882352941177,34,64
6900,87,105.032258064516,80.3870967741935,31,62
7000,87,103.852941176471,84.0882352941177,34,64
7100,87,105.411764705882,90.1764705882353,34,64
7200,87,107.258064516129,92.9032258064516,31,64
7300,87,106.294117647059,96.9705882352941,34,64
7400,87,100.25,99.75,32,64
7500,87,94.9696969696969,99.2121212121212,33,64
7600,87,88.8125,101.53125,32,64
7700,87,86.2258064516129,105.032258064516,31,62
7800,87,82.4117647058824,107.382352941176,34,66
7900,87,78.1875,105.5,32,62
8000,87,72.78125,108,32,64
8100,87,72.8823529411765,105.382352941176,34,66
8200,87,73.78125,100.21875,32,66
8300,87,78.6176470588235,97.6764705882353,34,64
8400,87,82.1212121212121,93.8484848484848,33,66
8500,87,83.1764705882353,89.3529411764706,34,64
8600,87,86.96875,83.65625,32,62
8700,87,91.030303030303,80.3636363636364,33,64
8800,87,89.258064516129,76.6129032258065,31,60
8900,87,84.75,71.53125,32,62
9000,87,84.34375,67.46875,32,62
9100,87,81,65.8387096774194,31,62
9200,87,78.3225806451613,62,31,62
9300,87,76.6470588235294,56.1470588235294,34,64
9400,87,73.0588235294118,57.2941176470588,34,68
9500,87,76.5757575757576,54.3333333333333,33,62
9600,87,75.5151515151515,50.6363636363636,33,64
9700,87,70.9117647058823,47.9705882352941,34,64
9800,87,66.3888888888889,45.5555555555555,36,66
9900,87,63.1818181818182,49.969696969697,33,64
10000,87,62.2058823529412,55.4705882352941,34,66
0,88,49.5,50.5,2,14
100,88,46.1142857142857,47.7428571428571,35,64
200,88,44.4,43.1714285714286,35,66
300,88,46.625,43.96875,32,64
400,88,51.2352941176471,48.6176470588235,34,64
500,88,54.3125,52.59375,32,62
600,88,60.1818181818182,53.969696969697,33,62
700,88,65.1176470588235,51.1470588235294,34,66
800,88,70.6666666666667,46.4333333333333,30,64
900,88,71.8235294117647,41.5,34,64
1000,88,75.0645161290323,39.6451612903226,31,62
1100,88,76.0645161290322,34.5806451612903,31,64
1200,88,74.1764705882353,29.1176470588235,34,64
1300,88,70.0882352941176,24.2058823529412,34,64
1400,88,63.9166666666667,20.9444444444444,36,66
1500,88,59.3636363636364,26.2727272727273,33,62
1600,88,55,31.0882352941176,34,64
1700,88,54.46875,36.3125,32,62
1800,88,56.5625,39.71875,32,64
1900,88,61.5,43.03125,32,64
2000,88,65.3030303030303,42,33,64
2100,88,67.3142857142857,36,35,66
2200,88,63.7241379310345,33.5172413793103,29,60
2300,88,62.09375,38.625,32,64
2400,88,61.6285714285714,42.5428571428571,35,66
2500,88,66.1176470588235,44.6176470588235,34,66
2600,88,72.1666666666667,50.1,30,64
2700,88,67.8181818181818,55.4848484848485,33,66
2800,88,63.0645161290323,57.4193548387097,31,62
2900,88,67.625,61.21875,32,64
3000,88,69.2727272727273,65.5757575757576,33,64
3100,88,73.7575757575758,68.6969696969697,33,62
3200,88,77.3142857142857,70.9142857142857,35,64
3300,88,81.5,71,34,62
3400,88,84.4838709677419,71.6774193548387,31,62
3500,88,91.28125,73.21875,32,62
3600,88,94.4117647058824,77.5588235294118,34,66
3700,88,99.21875,76.875,32,64
3800,88,101.258064516129,73.7096774193549,31,66
3900,88,105.0625,72.5625,32,64
4000,88,106.058823529412,68.3529411764706,34,64
4100,88,107.515151515152,64.1818181818182,33,66
4200,88,110.515151515152,57.6666666666667,33,64
4300,88,113.666666666667,57.5333333333333,30,60
4400,88,113.161290322581,61.6451612903226,31,64
4500,88,104.933333333333,59.3666666666667,30,62
4600,88,100,62.3823529411765,34,66
4700,88,96,64.6470588235294,34,64
4800,88,90.1515151515151,66.3333333333333,33,64
4900,88,85.5151515151515,67.7575757575758,33,64
5000,88,82.96875,62.625,32,64
5100,88,80.3142857142857,58.9142857142857,35,66
5200,88,82.2424242424242,51.6060606060606,33,64
5300,88,88.1875,51.25,32,62
5400,88,94.6666666666667,49.4545454545454,33,64
5500,88,100.382352941176,51.9705882352941,34,66
5600,88,106.606060606061,52.2424242424242,33,64
5700,88,113.058823529412,52.4705882352941,34,64
5800,88,113.382352941176,47.3823529411765,34,64
5900,88,111.15625,42.4375,32,64
6000,88,112.709677419355,38.258064516129,31,62
6100,88,117.852941176471,34.9705882352941,34,64
6200,88,121.9375,33.25,32,62
6300,88,127.848484848485,36.2424242424242,33,64
6400,88,132.9,35.1333333333333,30,62
6500,88,138.848484848485,38.8484848484849,33,62
6600,88,142.433333333333,38.4333333333333,30,64
6700,88,143.5,35.1176470588235,34,64
6800,88,141.633333333333,32.7,30,62
6900,88,140.129032258065,26.8709677419355,31,66
7000,88,145.470588235294,24.2352941176471,34,64
7100,88,151.53125,21.53125,32,64
7200,88,152.193548387097,15.9354838709677,31,64
7300,88,153.5,11.0625,32,66
7400,88,155.636363636364,5.90909090909091,33,64
7500,88,150.28125,3.34375,32,64
7600,88,146.25,4.6875,32,64
7700,88,141.870967741935,4.7741935483871,31,64
7800,88,138.147058823529,3.5,34,66
7900,88,132.5,4.41176470588235,34,64
8000,88,130.5625,1.15625,32,62
8100,88,127.633333333333,-3.7,30,60
8200,88,124.28125,-3.25,32,62
8300,88,123.34375,1.75,32,64
8400,88,126.466666666667,3.90000000000001,30,62
8500,88,130.484848484848,4.48484848484848,33,64
8600,88,134.34375,7.90625,32,64
8700,88,131.666666666667,11.0606060606061,33,62
8800,88,137.09375,11.9375,32,62
8900,88,140.28125,10.40625,32,62
9000,88,142.5,3.75,32,64
9100,88,146.034482758621,0.0344827586206833,29,62
9200,88,147.354838709677,-1.93548387096774,31,60
9300,88,153.3125,-0.9375,32,64
9400,88,156.645161290323,3.54838709677419,31,64
9500,88,161.451612903226,6.16129032258064,31,64
9600,88,165.588235294118,5.85294117647059,34,64
9700,88,169.393939393939,3.18181818181819,33,66
9800,88,174.085714285714,-0.914285714285725,35,66
9900,88,179.371428571429,3.57142857142857,35,66
10000,88,185,3.65625,32,64
0,89,50,50.25,4,22
100,89,44.6875,48.53125,32,64
200,89,40.0294117647059,44.9117647058824,34,64
300,89,40.4848484848485,41.4242424242424,33,64
400,89,43.09375,39.0625,32,66
500,89,44.2647058823529,35.7647058823529,34,66
600,89,48.1818181818182,38.2727272727273,33,62
700,89,53.6774193548387,39,31,62
800,89,57.9,39,30,62
900,89,62.71875,36.65625,32,62
1000,89,66.5714285714286,33.5714285714286,35,66
1100,89,69.6363636363637,31.8484848484848,33,64
1200,89,72.3529411764706,26.6470588235294,34,66
1300,89,68.3333333333333,20.3,30,62
1400,89,64.969696969697,15.3636363636364,33,64
1500,89,62.1612903225806,12.4516129032258,31,64
1600,89,63.3529411764706,7.97058823529412,34,64
1700,89,66.4411764705882,3.44117647058824,34,66
1800,89,71.21875,0.71875,32,62
1900,89,78.3636363636364,-0.454545454545439,33,64
2000,89,83.7428571428571,-0.285714285714278,35,66
2100,89,86.4848484848485,0.272727272727266,33,64
2200,89,91.3939393939394,-3.1818181818182,33,64
2300,89,90.5454545454546,-7.09090909090912,33,62
2400,89,90.8529411764706,-12.4411764705882,34,66
2500,89,95.1818181818182,-13.969696969697,33,62
2600,89,101.15625,-15.65625,32,64
2700,89,106.454545454545,-15.8181818181818,33,64
2800,89,111.727272727273,-14.2727272727273,33,66
2900,89,114.75,-9.15625,32,62
3000,89,119.5625,-5.34375,32,62
3100,89,122.888888888889,-7.86111111111111,36,66
3200,89,129.151515151515,-7.57575757575758,33,66
3300,89,126.903225806452,-11.4838709677419,31,62
3400,89,123.823529411765,-18,34,64
3500,89,119.15625,-22.75,32,62
3600,89,122.03125,-23.71875,32,62
3700,89,120.363636363636,-28.0606060606061,33,64
3800,89,114.7,-27.3333333333333,30,62
3900,89,110.151515151515,-23.8181818181818,33,66
4000,89,103.30303030303,-21.9090909090909,33,62
4100,89,102.060606060606,-18.7272727272727,33,64
4200,89,102.545454545455,-12.4242424242425,33,64
4300,89,101.857142857143,-9.08571428571427,35,64
4400,89,100.633333333333,-2.86666666666667,30,60
4500,89,98.5483870967742,0.290322580645167,31,62
4600,89,93.3333333333334,5.63333333333334,30,62
4700,89,88.3333333333333,4.39393939393939,33,64
4800,89,85.625,-0.28125,32,62
4900,89,82.0967741935484,-2.64516129032258,31,62
5000,89,82.5151515151515,-9.03030303030305,33,64
5100,89,87.5,-11.4375,32,64
5200,89,89.9062499999999,-13.3125,32,64
5300,89,90,-17.0689655172414,29,60
5400,89,89.15625,-18.9375,32,64
5500,89,85.625,-22.53125,32,64
5600,89,85.3030303030303,-18.9090909090909,33,62
5700,89,84.516129032258,-15.3225806451613,31,62
5800,89,80.3030303030303,-15.3333333333333,33,66
5900,89,78.6129032258065,-16.9677419354839,31,64
6000,89,74.375,-21.25,32,62
6100,89,68.9090909090909,-21.6060606060606,33,64
6200,89,64.264705882353,-21.6176470588235,34,66
6300,89,60.3225806451613,-17.7419354838709,31,66
6400,89,55.8125,-15.5,32,62
6500,89,51.4375,-16.15625,32,62
6600,89,48.5294117647059,-13.1470588235294,34,64
6700,89,44.03125,-11.71875,32,66
6800,89,40.625,-9.8125,32,64
6900,89,37.3636363636364,-5.6060606060606,33,64
7000,89,38.3870967741935,1.93548387096774,31,62
7100,89,41.7878787878788,5.90909090909091,33,64
7200,89,45.030303030303,9.81818181818181,33,62
7300,89,50.030303030303,12.6666666666667,33,64
7400,89,48.4516129032258,15.8387096774194,31,62
7500,89,44.0645161290323,18.4838709677419,31,62
7600,89,41.2424242424242,20.9090909090909,33,62
7700,89,35.875,22.0625,32,64
7800,89,32.5483870967742,26.1935483870968,31,60
7900,89,30.5,31.8125,32,62
8000,89,31.6060606060606,36.969696969697,33,64
8100,89,32.5454545454546,42.2121212121212,33,62
8200,89,27.7741935483871,46.6774193548387,31,64
8300,89,26.75,50.875,32,64
8400,89,24.09375,51.25,32,64
8500,89,19.1875,48.6875,32,66
8600,89,16.96875,45.34375,32,62
8700,89,13.8823529411765,44,34,64
8800,89,9.09090909090909,42.969696969697,33,64
8900,89,3.76470588235294,39.2058823529412,34,64
9000,89,1.18181818181819,37.2727272727273,33,62
9100,89,-2.5625,35,32,62
9200,89,-5.33333333333334,33.0606060606061,33,64
9300,89,-8.59999999999999,33.7142857142857,35,64
9400,89,-7.84375,40.1875,32,62
9500,89,-7.5151515151515,47.0909090909091,33,62
9600,89,-8.08823529411768,52,34,66
9700,89,-6.93939393939394,47.6363636363636,33,64
9800,89,-4.08823529411768,42.8529411764706,34,64
9900,89,1.09375,39.15625,32,64
10000,89,6.61764705882354,37.3235294117647,34,64
0,90,49.5,50,2,14
100,90,52.2424242424242,47.9090909090909,33,62
200,90,56.969696969697,51.4242424242424,33,62
300,90,57.6176470588235,52.9705882352941,34,64
400,90,52.0882352941177,55.7941176470588,34,64
500,90,49.90625,52.46875,32,64
600,90,45.8823529411765,48.0588235294118,34,66
700,90,40.4242424242424,49.2121212121212,33,64
800,90,37.28125,52.15625,32,62
900,90,33.1,50.5666666666667,30,62
1000,90,28.3125,51.15625,32,64
1100,90,26.0588235294118,56.8529411764706,34,64
1200,90,32.6666666666667,60.7575757575758,33,62
1300,90,36.9666666666667,63.2333333333333,30,64
1400,90,41.1515151515152,68.2424242424242,33,64
1500,90,47.1612903225806,68.3870967741936,31,62
1600,90,51.84375,72.90625,32,64
1700,90,50.6875,78.65625,32,66
1800,90,45.7272727272727,78.1818181818182,33,62
1900,90,42.625,83.375,32,62
2000,90,40.3030303030303,86.7272727272727,33,64
2100,90,44.1764705882353,88.5,34,64
2200,90,48.2258064516129,87.8064516129032,31,62
2300,90,53.2903225806452,87.4516129032258,31,62
2400,90,60,87.78125,32,62
2500,90,64.3030303030303,89.2424242424242,33,62
2600,90,66.6857142857143,93.6,35,64
2700,90,67.2258064516129,97.2903225806452,31,62
2800,90,64.5142857142857,98.1714285714286,35,66
2900,90,59.5588235294118,99.1176470588235,34,66
3000,90,57.0882352941176,94.7352941176471,34,66
3100,90,54.8235294117647,89.3235294117647,34,64
3200,90,49.1935483870968,85.3548387096774,31,60
3300,90,47.90625,81.03125,32,62
3400,90,46.5588235294118,71.8529411764706,34,64
3500,90,43.6470588235294,69.8823529411764,34,64
3600,90,40.1515151515152,65.6666666666667,33,64
3700,90,36.65625,63.53125,32,62
3800,90,34.2903225806452,64.741935483871,31,62
3900,90,30.1818181818182,68.6969696969697,33,64
4000,90,28.4242424242424,76.3030303030303,33,66
4100,90,25.5757575757576,77.6969696969697,33,64
4200,90,21.71875,83.59375,32,62
4300,90,20.71875,89.96875,32,64
4400,90,19.5,95.1875,32,62
4500,90,15.2758620689655,97.6551724137931,29,62
4600,90,10.5806451612903,96.7741935483871,31,62
4700,90,7.3125,97.5,32,66
4800,90,3.9375,100.78125,32,64
4900,90,-1.78787878787878,102.909090909091,33,62
5000,90,-1.15151515151516,106.909090909091,33,66
5100,90,3.09677419354838,107.096774193548,31,64
5200,90,8.09677419354838,109.645161290323,31,62
5300,90,12.7272727272727,111.030303030303,33,64
5400,90,17.9032258064516,109.032258064516,31,62
5500,90,22.65625,110.59375,32,62
5600,90,19.7272727272727,115.787878787879,33,66
5700,90,16.5151515151515,118.848484848485,33,64
5800,90,14.7714285714286,121.914285714286,35,68
5900,90,13.40625,127.5625,32,62
6000,90,15.7096774193548,130.516129032258,31,64
6100,90,14.9090909090909,125.30303030303,33,62
6200,90,9.60606060606061,120.121212121212,33,64
6300,90,12.4705882352941,115.205882352941,34,66
6400,90,15.6857142857143,111,35,66
6500,90,18.125,108.1875,32,62
6600,90,20.96875,103.34375,32,62
6700,90,23,98.53125,32,64
6800,90,27.5454545454545,96.0303030303031,33,66
6900,90,28.1,91.5333333333333,30,62
7000,90,24.3939393939394,87.7575757575758,33,64
7100,90,20.9090909090909,83.3030303030303,33,62
7200,90,15.5,81.1875,32,64
7300,90,11.1142857142857,80.5142857142857,35,64
7400,90,6.86666666666666,81.0666666666667,30,62
7500,90,2.34375,78.71875,32,62
7600,90,-3.6451612903226,78.6129032258065,31,62
7700,90,-7.87096774193547,84.5483870967742,31,64
7800,90,-14.1818181818182,81.6969696969697,33,66
7900,90,-20.5294117647059,77.4117647058823,34,66
8000,90,-21.0909090909091,74.2424242424242,33,62
8100,90,-20.1470588235294,70.2647058823529,34,66
8200,90,-20.5,65.5882352941177,34,64
8300,90,-28.8529411764706,62.6176470588235,34,64
8400,90,-33.4827586206897,62.8620689655173,29,62
8500,90,-35.09375,59.4375,32,66
8600,90,-40.9714285714286,57.4285714285714,35,66
8700,90,-44.0645161290323,52.741935483871,31,62
8800,90,-46.7058823529412,48.5,34,62
8900,90,-47,43.625,32,64
9000,90,-47.875,39.3125,32,66
9100,90,-52,37.741935483871,31,62
9200,90,-54.2727272727273,41.8484848484848,33,62
9300,90,-56.0333333333333,47.0333333333333,30,64
9400,90,-53.5625,51.3125,32,62
9500,90,-50.15625,55.0625,32,62
9600,90,-51.5625,58.65625,32,62
9700,90,-52.969696969697,63.8181818181818,33,64
9800,90,-52.5428571428571,68.4,35,66
9900,90,-46.8666666666667,70.6333333333333,30,62
10000,90,-42.4242424242424,72.6666666666667,33,64
0,91,49.2857142857143,49.4285714285714,7,36
100,91,47.4848484848485,45.969696969697,33,64
200,91,51.2121212121212,43.969696969697,33,64
300,91,57.3548387096774,45.8387096774194,31,62
400,91,60.1875,42.3125,32,62
500,91,64.2941176470588,39.3823529411765,34,64
600,91,64.875,40.25,32,66
700,91,62.5483870967742,41.6129032258064,31,64
800,91,57.6875,40.375,32,66
900,91,61.7575757575758,37.3030303030303,33,62
1000,91,65.9705882352941,35.9117647058823,34,64
1100,91,70.4838709677419,30.3225806451613,31,62
1200,91,72.7272727272727,25.4848484848485,33,64
1300,91,73.8484848484849,22.0909090909091,33,66
1400,91,73.5454545454546,16.5454545454546,33,64
1500,91,67.6470588235294,14.2352941176471,34,64
1600,91,63.2424242424242,17.9090909090909,33,62
1700,91,63.5483870967742,22.4516129032258,31,62
1800,91,66.8484848484848,21.0909090909091,33,62
1900,91,68.1470588235294,15.9411764705882,34,64
2000,91,71.6764705882353,15.4705882352941,34,66
2100,91,78.2424242424242,17.1515151515151,33,66
2200,91,81.59375,20.5625,32,64
2300,91,85.8529411764706,23.7058823529412,34,64
2400,91,87.6764705882353,27.1176470588235,34,66
2500,91,88.4242424242424,31.5454545454545,33,64
2600,91,88.9428571428571,37.4285714285714,35,64
2700,91,84.40625,36.53125,32,64
2800,91,82.6363636363636,29.8181818181818,33,64
2900,91,83.1176470588235,26.0882352941176,34,66
3000,91,81.1935483870968,21.0967741935484,31,64
3100,91,77.21875,16.5,32,64
3200,91,71.8787878787879,17,33,66
3300,91,66.1142857142857,16.8857142857143,35,66
3400,91,61.5,15.125,32,62
3500,91,60.75,7.78125,32,64
3600,91,55.4516129032258,5.19354838709677,31,66
3700,91,53.5757575757576,11.8484848484848,33,64
3800,91,50.3333333333333,15.5555555555556,36,66
3900,91,46.9411764705882,20.0588235294118,34,64
4000,91,49.8181818181818,20.3030303030303,33,64
4100,91,57.375,18.40625,32,64
4200,91,57.5294117647059,24.8235294117647,34,66
4300,91,52.0666666666667,24.9,30,64
4400,91,50.2121212121212,19.0909090909091,33,66
4500,91,48.5555555555556,13.0555555555556,36,66
4600,91,45.8529411764706,10.7058823529412,34,64
4700,91,42.0645161290323,8.41935483870968,31,60
4800,91,39,3.82352941176471,34,64
4900,91,34.1212121212121,3.90909090909091,33,64
5000,91,31.3636363636364,6.54545454545455,33,64
5100,91,32.125,12.96875,32,64
5200,91,32.3870967741936,17.8387096774194,31,64
5300,91,30.5151515151515,24.3636363636364,33,64
5400,91,31.7647058823529,29.7058823529412,34,66
5500,91,28.1612903225807,33.3225806451613,31,64
5600,91,26.1212121212121,37.5151515151515,33,64
5700,91,25.9090909090909,41.7878787878788,33,62
5800,91,21.375,42.28125,32,64
5900,91,17.875,39.5,32,66
6000,91,13.741935483871,36.0967741935484,31,62
6100,91,15.0645161290323,32.3870967741936,31,66
6200,91,15.5294117647059,27.2647058823529,34,64
6300,91,12.3225806451613,25.6451612903226,31,62
6400,91,9.39393939393939,23.5454545454545,33,64
6500,91,7.05882352941176,17.0882352941176,34,64
6600,91,7.51515151515151,12.969696969697,33,64
6700,91,11.1764705882353,8.5,34,64
6800,91,17.375,7.96875,32,62
6900,91,20.0967741935484,4.03225806451613,31,62
7000,91,15.8064516129032,0.0967741935483844,31,62
7100,91,14.59375,5.59375,32,66
7200,91,17.5757575757576,5.84848484848485,33,64
7300,91,22.59375,1.5625,32,62
7400,91,26.9393939393939,-4.42424242424244,33,64
7500,91,31.5428571428571,-3.0857142857143,35,64
7600,91,35.8823529411765,0.029411764705884,34,66
7700,91,39.0322580645161,0.935483870967744,31,64
7800,91,44.0967741935484,-2.16129032258064,31,62
7900,91,48.7878787878788,-2.51515151515152,33,66
8000,91,52.3823529411765,-1.76470588235294,34,64
8100,91,56.7714285714286,-4.57142857142856,35,64
8200,91,61.625,-2.90625000000004,32,64
8300,91,67.6363636363637,-1.90909090909091,33,64
8400,91,72.5161290322581,0.967741935483872,31,62
8500,91,78.71875,0.96875,32,62
8600,91,82.2352941176471,4.05882352941177,34,64
8700,91,80.6470588235294,8.20588235294117,34,64
8800,91,77.625,11.625,32,62
8900,91,80.9117647058823,16,34,66
9000,91,83.6129032258064,15.5483870967742,31,64
9100,91,78.6363636363636,11.6666666666667,33,66
9200,91,77.15625,9.34375,32,62
9300,91,75.5757575757576,3.51515151515152,33,64
9400,91,73.15625,-0.1875,32,62
9500,91,69.5151515151515,-3.66666666666669,33,64
9600,91,67.1935483870968,-1.87096774193547,31,62
9700,91,68.1764705882353,2.35294117647059,34,64
9800,91,69.53125,7.65625,32,64
9900,91,69.2121212121212,11.8484848484848,33,64
10000,91,68.8857142857143,8.25714285714285,35,64
0,92,50,50,1,8
100,92,46.4666666666667,47.1333333333333,30,60
200,92,50.2647058823529,47,34,64
300,92,53.4242424242424,50.8787878787879,33,66
400,92,53.3636363636364,54.7878787878788,33,64
500,92,55.9117647058824,58.7941176470588,34,64
600,92,59.8064516129032,63.8387096774194,31,62
700,92,64.3529411764706,62.2058823529412,34,64
800,92,66.8,60.2333333333333,30,62
900,92,67.1764705882353,54.0882352941176,34,64
1000,92,67.5625,49.59375,32,64
1100,92,70.1935483870968,44.6774193548387,31,62
1200,92,70.125,42.1875,32,64
1300,92,73.9117647058823,38.5294117647059,34,66
1400,92,77.6875,35.53125,32,64
1500,92,82.5806451612903,34.5483870967742,31,62
1600,92,86.1212121212121,35.1515151515151,33,64
1700,92,90.7741935483871,30.2258064516129,31,62
1800,92,94.9375,25.90625,32,62
1900,92,101.848484848485,23.4242424242424,33,64
2000,92,107.166666666667,22.3333333333333,30,62
2100,92,112.147058823529,22.4411764705882,34,64
2200,92,116.5,20.84375,32,64
2300,92,121.151515151515,21.0606060606061,33,64
2400,92,125.333333333333,20.5454545454546,33,66
2500,92,129.852941176471,17.3529411764706,34,64
2600,92,133.4375,19.59375,32,66
2700,92,138.823529411765,20.8823529411765,34,64
2800,92,142.387096774194,16.6129032258064,31,62
2900,92,144.117647058824,12.2352941176471,34,64
3000,92,145.939393939394,6.39393939393939,33,66
3100,92,141.633333333333,3.76666666666667,30,64
3200,92,138.258064516129,-0.258064516129039,31,62
3300,92,134.272727272727,0.0606060606060623,33,64
3400,92,133.09375,6.59375,32,64
3500,92,130.58064516129,8.51612903225806,31,66
3600,92,125.181818181818,9.54545454545455,33,64
3700,92,119.060606060606,9.57575757575758,33,62
3800,92,118.096774193548,15.7741935483871,31,62
3900,92,117.515151515152,20.5454545454546,33,64
4000,92,118.03125,24.3125,32,64
4100,92,117.969696969697,27.2424242424242,33,64
4200,92,114.09375,24.9375,32,64
4300,92,108.969696969697,19.6060606060606,33,64
4400,92,105.264705882353,20.4705882352941,34,66
4500,92,100.818181818182,22.7272727272727,33,64
4600,92,95.1176470588235,25.7647058823529,34,64
4700,92,91.7272727272727,27.8787878787879,33,64
4800,92,86.59375,31.15625,32,64
4900,92,80.1515151515151,32.5757575757576,33,64
5000,92,74.5757575757576,34.4242424242424,33,64
5100,92,75,29.0645161290323,31,64
5200,92,76.9090909090909,25.5454545454545,33,64
5300,92,79.8787878787879,19.9393939393939,33,64
5400,92,82.4516129032258,21.1935483870968,31,62
5500,92,77.9666666666667,22.8666666666667,30,62
5600,92,76.03125,28.96875,32,64
5700,92,73.21875,31.65625,32,62
5800,92,69.3548387096774,35.1290322580645,31,62
5900,92,66.3030303030303,38.2424242424242,33,66
6000,92,67.1111111111111,43.25,36,66
6100,92,69.2424242424242,48.3030303030303,33,62
6200,92,76.4,50.2571428571429,35,66
6300,92,79.741935483871,53.4838709677419,31,66
6400,92,83.9062499999999,52.21875,32,64
6500,92,87.9705882352941,52.9117647058823,34,64
6600,92,92.3823529411765,54.4411764705882,34,66
6700,92,98.46875,52.84375,32,62
6800,92,101.484848484848,48.1212121212121,33,64
6900,92,100.529411764706,43.9411764705882,34,64
7000,92,105.709677419355,41.5483870967742,31,62
7100,92,109.647058823529,39.5,34,64
7200,92,114.470588235294,41.5588235294118,34,66
7300,92,118.25,40.53125,32,62
7400,92,124.28125,42.03125,32,66
7500,92,128.65625,41.21875,32,62
7600,92,130.515151515152,36.969696969697,33,66
7700,92,126.71875,34.8125,32,62
7800,92,124.181818181818,31.7272727272727,33,62
7900,92,125.125,24.59375,32,64
8000,92,126.787878787879,19.8484848484848,33,64
8100,92,124.939393939394,15.2727272727273,33,64
8200,92,128.41935483871,11.1290322580645,31,62
8300,92,132.1875,9.375,32,66
8400,92,136.896551724138,8.51724137931035,29,60
8500,92,141.451612903226,6.25806451612904,31,62
8600,92,142.878787878788,2.60606060606061,33,64
8700,92,146.558823529412,2.32352941176471,34,64
8800,92,144.818181818182,-2.21212121212125,33,64
8900,92,141.09375,-6.875,32,64
9000,92,140.606060606061,-13.7878787878788,33,64
9100,92,142.4375,-19.34375,32,62
9200,92,145.69696969697,-21.5151515151515,33,66
9300,92,149.78125,-19.375,32,64
9400,92,152.636363636364,-14.9090909090909,33,66
9500,92,158.181818181818,-15.030303030303,33,64
9600,92,164.21875,-16.21875,32,62
9700,92,168.617647058824,-11.1470588235294,34,66
9800,92,166.235294117647,-10.7352941176471,34,64
9900,92,162.030303030303,-10.969696969697,33,64
10000,92,156.272727272727,-11.8484848484849,33,62
0,93,49.5,50,2,14
100,93,48.3030303030303,54.7272727272727,33,64
200,93,50.28125,58.90625,32,64
300,93,54,60.3225806451613,31,62
400,93,56.4375,55.4375,32,64
500,93,58.7333333333333,49.7,30,62
600,93,58.28125,46.09375,32,66
700,93,55.1470588235294,48.0882352941177,34,64
800,93,53.5882352941177,54.1764705882353,34,64
900,93,49.8787878787879,54.9090909090909,33,64
1000,93,43.5142857142857,50.3428571428571,35,66
1100,93,38.9705882352941,45.4705882352941,34,68
1200,93,36.3125,43.40625,32,66
1300,93,30.6333333333333,42.3333333333333,30,64
1400,93,24.25,44.09375,32,62
1500,93,20.2058823529412,41.4411764705882,34,64
1600,93,17.4516129032258,37.1290322580645,31,66
1700,93,17.2,33.2285714285714,35,66
1800,93,20.6857142857143,36.1142857142857,35,64
1900,93,21.3333333333333,33.5757575757576,33,64
2000,93,19.3870967741935,30.741935483871,31,64
2100,93,20.6875,25.875,32,68
2200,93,21.9393939393939,19.6969696969697,33,64
2300,93,20.8529411764706,13.1764705882353,34,66
2400,93,26.8666666666667,9.3,30,64
2500,93,32.375,8.375,32,64
2600,93,39.0882352941177,5.70588235294117,34,66
2700,93,39.4838709677419,4.67741935483871,31,66
2800,93,36.78125,7.21875,32,62
2900,93,32.3333333333333,9.3939393939394,33,66
3000,93,32.4848484848485,14.2727272727273,33,64
3100,93,34.53125,18.6875,32,62
3200,93,31.9354838709677,24.1935483870968,31,64
3300,93,31.7741935483871,29.741935483871,31,62
3400,93,28.4375,34.59375,32,62
3500,93,30.7352941176471,39,34,62
3600,93,29.2647058823529,42.6470588235294,34,64
3700,93,29.7058823529412,48.8529411764706,34,64
3800,93,32.4545454545455,51.7272727272727,33,66
3900,93,30.4375,55.96875,32,64
4000,93,31.3548387096774,59.5806451612903,31,62
4100,93,34.1333333333333,60.3666666666667,30,62
4200,93,33.1333333333333,62.2,30,62
4300,93,30.9666666666667,68.8666666666667,30,62
4400,93,30.7272727272727,76.1212121212121,33,66
4500,93,32.78125,81.875,32,62
4600,93,29.6666666666667,84.9666666666667,30,64
4700,93,27.3636363636364,80.2727272727273,33,64
4800,93,27.741935483871,76.6129032258064,31,60
4900,93,35.5882352941176,75.5588235294118,34,66
5000,93,39.741935483871,74.7096774193548,31,62
5100,93,43.6060606060606,77.0909090909091,33,66
5200,93,45.4117647058823,79.6176470588235,34,64
5300,93,42.7352941176471,85,34,62
5400,93,43.875,87.75,32,64
5500,93,50.2352941176471,85.4705882352941,34,64
5600,93,55.6451612903226,84.3870967741935,31,64
5700,93,57.2058823529412,87.4117647058823,34,66
5800,93,54.59375,90,32,64
5900,93,51.6666666666667,92.8181818181818,33,64
6000,93,49,96.8787878787879,33,64
6100,93,44.741935483871,97.0645161290322,31,64
6200,93,48.7272727272727,99.969696969697,33,66
6300,93,53.264705882353,103,34,62
6400,93,55.5625,107.5625,32,62
6500,93,56.2727272727273,112.878787878788,33,64
6600,93,55.6666666666667,115.818181818182,33,64
6700,93,56.1818181818182,119.333333333333,33,64
6800,93,61,121.117647058824,34,64
6900,93,64.0571428571429,126.571428571429,35,64
7000,93,68.6875,128.4375,32,64
7100,93,70.59375,133.3125,32,64
7200,93,72.4242424242424,136.454545454545,33,68
7300,93,74.0882352941176,132.735294117647,34,66
7400,93,69.7,127.866666666667,30,60
7500,93,66.25,124.4375,32,62
7600,93,65.258064516129,118.387096774194,31,64
7700,93,61.75,115.90625,32,64
7800,93,56.3125,118.28125,32,62
7900,93,57.03125,122.59375,32,62
8000,93,56.2941176470588,127.323529411765,34,64
8100,93,52.3939393939394,129.636363636364,33,64
8200,93,54.2727272727273,132.515151515152,33,64
8300,93,56.1142857142857,136.742857142857,35,64
8400,93,56.939393939394,141.666666666667,33,64
8500,93,54.1515151515151,147.090909090909,33,62
8600,93,50.3,150.4,30,64
8700,93,46.0967741935484,153.935483870968,31,62
8800,93,42.1142857142857,152.628571428571,35,66
8900,93,34,151.5625,32,66
9000,93,33.3529411764706,148.941176470588,34,64
9100,93,32.5151515151515,144.969696969697,33,64
9200,93,30.3030303030303,142.090909090909,33,62
9300,93,26.1818181818182,140.969696969697,33,62
9400,93,21.9411764705882,138.352941176471,34,64
9500,93,23,134.727272727273,33,64
9600,93,27.1612903225807,132.838709677419,31,62
9700,93,32.969696969697,133.575757575758,33,62
9800,93,40.2666666666667,130.866666666667,30,60
9900,93,46.9090909090909,133.30303030303,33,62
10000,93,46.3030303030303,138.757575757576,33,62
0,94,49.5,50,2,14
100,94,48.7878787878788,53.6363636363636,33,64
200,94,47,49.4838709677419,31,66
300,94,49.3428571428571,45.1714285714286,35,66
400,94,47.625,41.15625,32,60
500,94,40.4285714285714,38.9428571428571,35,64
600,94,35.9090909090909,36.1515151515151,33,62
700,94,32.3,33.1333333333333,30,60
800,94,28.3428571428571,36.0571428571429,35,66
900,94,34.375,41.21875,32,64
1000,94,39.7575757575758,36.5454545454546,33,64
1100,94,44.3225806451613,33.741935483871,31,62
1200,94,46.2058823529412,31.0882352941176,34,64
1300,94,42.59375,25.25,32,64
1400,94,43.6176470588235,20.3823529411765,34,64
1500,94,41.8378378378378,16.7027027027027,37,66
1600,94,36.8787878787879,17.7272727272727,33,64
1700,94,32.1212121212121,21.1818181818182,33,66
1800,94,33.1212121212121,26.030303030303,33,64
1900,94,35.3030303030303,29.2424242424242,33,64
2000,94,39.4411764705882,32.7352941176471,34,66
2100,94,44.7096774193548,32.1290322580645,31,62
2200,94,48.7272727272727,31.8484848484849,33,62
2300,94,53,36.5588235294118,34,66
2400,94,56.375,36.15625,32,60
2500,94,58.9677419354839,39.3225806451613,31,64
2600,94,61.6774193548387,41.0322580645161,31,62
2700,94,65.2,46.1,30,62
2800,94,65.6060606060606,51.2121212121212,33,66
2900,94,65.969696969697,56.5757575757576,33,62
3000,94,65.5333333333333,62.1,30,64
3100,94,67.060606060606,67.7575757575758,33,64
3200,94,65.6428571428571,72.3214285714286,28,60
3300,94,64.875,77.46875,32,62
3400,94,63.2903225806452,81.3870967741936,31,64
3500,94,57.71875,85.5,32,62
3600,94,52.9375,85.8125,32,66
3700,94,47.1290322580645,85,31,64
3800,94,43.2424242424242,82.6060606060606,33,64
3900,94,43.8484848484849,77.6666666666667,33,64
4000,94,43.375,73.4375,32,64
4100,94,45.030303030303,68.8787878787879,33,64
4200,94,47.0882352941177,64.6470588235294,34,66
4300,94,46.4545454545455,63.030303030303,33,64
4400,94,40.09375,60.375,32,64
4500,94,34.0588235294118,58.1470588235294,34,64
4600,94,35.264705882353,53.0882352941177,34,66
4700,94,39.3,51.9666666666667,30,62
4800,94,41.9090909090909,54.6666666666667,33,64
4900,94,43.6666666666667,59.5757575757576,33,64
5000,94,44.9722222222222,65.3055555555556,36,64
5100,94,44.7058823529412,70.9411764705882,34,66
5200,94,40.9393939393939,70.3636363636363,33,64
5300,94,40.6470588235294,74.0588235294118,34,66
5400,94,36.4545454545455,76.0909090909091,33,62
5500,94,30.46875,72.40625,32,64
5600,94,26.7666666666667,70.2666666666667,30,60
5700,94,21.7575757575758,67.3636363636364,33,64
5800,94,15.3125,70.0625,32,62
5900,94,10.6111111111111,74.1388888888889,36,64
6000,94,5.96875,69.9375,32,64
6100,94,3.39393939393939,76.030303030303,33,64
6200,94,1.23529411764706,76.8529411764706,34,64
6300,94,-2.73529411764706,74,34,62
6400,94,-8.78125,77.78125,32,62
6500,94,-12.6875,81.84375,32,62
6600,94,-17.4411764705882,84.3235294117647,34,66
6700,94,-19.8181818181818,81.7272727272727,33,62
6800,94,-24.4242424242424,80.2424242424242,33,62
6900,94,-26.5454545454545,76.3333333333333,33,64
7000,94,-25.7428571428571,70.4,35,66
7100,94,-25.6470588235294,65.3529411764706,34,64
7200,94,-30.3125,61.125,32,64
7300,94,-32.6363636363636,56.5757575757576,33,64
7400,94,-33.5454545454545,51.6363636363636,33,64
7500,94,-32.5294117647059,45.0588235294118,34,64
7600,94,-32.258064516129,38.9032258064516,31,62
7700,94,-32.6363636363636,34.3636363636364,33,64
7800,94,-33.4242424242424,29.9393939393939,33,64
7900,94,-35.2285714285714,24.0571428571429,35,68
8000,94,-36.3428571428571,21.3142857142857,35,66
8100,94,-38.90625,21.8125,32,64
8200,94,-42.3235294117647,16.7647058823529,34,66
8300,94,-46.7058823529412,14.5,34,62
8400,94,-48.7741935483871,14.6774193548387,31,64
8500,94,-53.6060606060606,13.7272727272727,33,64
8600,94,-60.2903225806452,14.6129032258065,31,62
8700,94,-67.375,15.3125,32,66
8800,94,-71.15625,11.6875,32,66
8900,94,-76.0571428571429,11.8857142857143,35,64
9000,94,-81.030303030303,11.4545454545455,33,64
9100,94,-77.875,15.875,32,62
9200,94,-73.8064516129032,18.9677419354839,31,62
9300,94,-72.90625,25.8125,32,64
9400,94,-72.8125,32.75,32,62
9500,94,-70.4375,37.09375,32,62
9600,94,-66.5151515151515,43.3939393939394,33,64
9700,94,-63.8235294117647,47.9705882352941,34,66
9800,94,-60.8484848484849,51.9393939393939,33,64
9900,94,-56.21875,55,32,64
10000,94,-51.4375,52.59375,32,62
0,95,50,50,1,8
100,95,50.71875,47.90625,32,64
200,95,55.1470588235294,41.8823529411765,34,64
300,95,59.264705882353,41.1176470588235,34,66
400,95,61.3636363636364,37.3636363636364,33,64
500,95,63.2424242424242,32.0909090909091,33,64
600,95,61.375,28.90625,32,64
700,95,57.2647058823529,24.7352941176471,34,64
800,95,54.7142857142857,21.4285714285714,35,66
900,95,53.0882352941176,21.7352941176471,34,66
1000,95,49.8709677419355,18.0322580645161,31,62
1100,95,45.2352941176471,12.5588235294118,34,64
1200,95,49.125,11.25,32,64
1300,95,55.375,9.65625,32,62
1400,95,57.53125,4.5,32,64
1500,95,62.1875,-0.53125,32,62
1600,95,69.3666666666667,-2,30,64
1700,95,71.8,-4.08571428571427,35,64
1800,95,76.3529411764706,-5.41176470588236,34,64
1900,95,83.8,-3.46666666666668,30,60
2000,95,88.6060606060606,-4.87878787878788,33,66
2100,95,91.0645161290323,-11.3870967741936,31,62
2200,95,96,-17.2647058823529,34,64
2300,95,93.4666666666666,-21.7666666666667,30,62
2400,95,89.6129032258064,-24.7741935483871,31,64
2500,95,85.7575757575758,-27.1515151515151,33,64
2600,95,82.4545454545454,-29.1212121212122,33,64
2700,95,80.2058823529412,-32.9117647058824,34,64
2800,95,75.8823529411764,-36.1764705882353,34,64
2900,95,71.46875,-39.65625,32,62
3000,95,75.7575757575757,-39,33,66
3100,95,78.5882352941177,-34.8235294117647,34,64
3200,95,82.3870967741936,-33.9677419354839,31,62
3300,95,88.2727272727273,-34.1818181818182,33,64
3400,95,93.4848484848485,-35.5757575757576,33,64
3500,95,96.8709677419355,-40.7741935483871,31,62
3600,95,96.5833333333333,-44.4166666666667,36,66
3700,95,101.5,-49.1764705882353,34,66
3800,95,105.909090909091,-47.8787878787879,33,64
3900,95,104.515151515152,-45.1515151515151,33,62
4000,95,97.7647058823529,-46.4411764705882,34,64
4100,95,91.3939393939394,-48.8787878787879,33,64
4200,95,86.9411764705882,-52.0588235294118,34,64
4300,95,84.9374999999999,-55.84375,32,62
4400,95,81.8181818181818,-61.4242424242424,33,66
4500,95,79.0357142857143,-64.8214285714286,28,60
4600,95,74.5483870967742,-66.5161290322581,31,64
4700,95,71.25,-69.46875,32,66
4800,95,73.21875,-72.75,32,64
4900,95,76.1935483870968,-68.6774193548387,31,64
5000,95,78.1666666666667,-63.8,30,62
5100,95,79.4,-61.1666666666667,30,62
5200,95,82.6060606060606,-64.5151515151515,33,64
5300,95,85.9117647058823,-67.2647058823529,34,64
5400,95,90.8709677419355,-64.5161290322581,31,62
5500,95,94.6060606060606,-63.2727272727273,33,64
5600,95,98.6060606060606,-60.5151515151515,33,62
5700,95,95.741935483871,-56,31,62
5800,95,90.5757575757576,-54.0606060606061,33,64
5900,95,90.6764705882353,-48.0882352941177,34,64
6000,95,94.8181818181818,-45.6969696969697,33,64
6100,95,99.1875,-47.5,32,62
6200,95,100.527777777778,-53.6388888888889,36,66
6300,95,99.6176470588235,-57.5588235294118,34,66
6400,95,94.4722222222222,-56.6388888888889,36,66
6500,95,90.8181818181818,-53.3333333333333,33,66
6600,95,90.0606060606061,-48.5757575757576,33,62
6700,95,91.7666666666667,-43.3,30,62
6800,95,95.0606060606061,-37.2121212121212,33,64
6900,95,92.4516129032258,-37.8064516129032,31,60
7000,95,91.90625,-44.3125,32,62
7100,95,95.2647058823529,-51.2058823529412,34,66
7200,95,99.25,-56.75,32,62
7300,95,106.5,-57.5,32,64
7400,95,110.69696969697,-58.6363636363636,33,64
7500,95,115.939393939394,-60.1515151515151,33,64
7600,95,118.65625,-64.9375,32,64
7700,95,116.666666666667,-69.3333333333333,33,64
7800,95,107.1875,-71.75,32,62
7900,95,106.393939393939,-77.8181818181818,33,64
8000,95,108.103448275862,-79.6896551724138,29,62
8100,95,113.068965517241,-79.1379310344827,29,62
8200,95,117.903225806452,-78.6451612903226,31,62
8300,95,121.151515151515,-81.6060606060606,33,64
8400,95,116.909090909091,-84.030303030303,33,64
8500,95,117.212121212121,-87.4848484848485,33,64
8600,95,120.222222222222,-89.2777777777778,36,66
8700,95,114.911764705882,-90.6470588235294,34,64
8800,95,107.393939393939,-94.3333333333333,33,64
8900,95,103.709677419355,-95.9354838709677,31,62
9000,95,101.088235294118,-100.088235294118,34,68
9100,95,103.828571428571,-107.028571428571,35,64
9200,95,108.483870967742,-109.258064516129,31,62
9300,95,114.71875,-109.5,32,62
9400,95,119.41935483871,-113.870967741935,31,64
9500,95,122.235294117647,-116.970588235294,34,64
9600,95,118.371428571429,-122.914285714286,35,66
9700,95,116.5625,-128.15625,32,62
9800,95,116.84375,-132.375,32,60
9900,95,121.121212121212,-137.484848484848,33,64
10000,95,123.741935483871,-142.483870967742,31,62
0,96,49.8,48.6,5,28
100,96,51.5,50.4285714285714,28,60
200,96,55.40625,53.21875,32,64
300,96,60.6764705882353,55.5588235294118,34,66
400,96,66.5,58.5,34,64
500,96,67.9705882352941,62.9705882352941,34,66
600,96,69.3333333333333,67.7575757575758,33,66
700,96,67.8125,72.5,32,62
800,96,64.9090909090909,77.8484848484848,33,62
900,96,61.8529411764706,82.9705882352941,34,64
1000,96,54.71875,83.78125,32,64
1100,96,52.5,79.09375,32,62
1200,96,46.7058823529412,78.5,34,62
1300,96,44.25,75.96875,32,62
1400,96,38.9117647058824,77.4117647058823,34,64
1500,96,44.264705882353,80.5588235294118,34,66
1600,96,48.9090909090909,80.5757575757576,33,64
1700,96,51.8484848484849,78.7272727272727,33,64
1800,96,53.1212121212121,73.6060606060606,33,64
1900,96,53.9142857142857,67.0571428571429,35,66
2000,96,57.7,59.8666666666667,30,62
2100,96,60.46875,55.5625,32,66
2200,96,61.9090909090909,51.8484848484848,33,64
2300,96,65.6896551724138,47.5862068965517,29,62
2400,96,69.6774193548387,44.4193548387097,31,62
2500,96,71.9090909090909,40.2121212121212,33,62
2600,96,76.5806451612903,36.258064516129,31,62
2700,96,75.0909090909091,31.1515151515152,33,64
2800,96,71.5806451612903,26.0967741935484,31,62
2900,96,73.7647058823529,21.6764705882353,34,66
3000,96,74.9090909090909,17.969696969697,33,64
3100,96,72.59375,13.09375,32,64
3200,96,71.1470588235294,5.35294117647059,34,64
3300,96,71.1212121212121,-1.33333333333334,33,64
3400,96,74.7575757575757,-5.66666666666669,33,62
3500,96,78.1612903225806,-2.45161290322579,31,62
3600,96,75.90625,1.96875,32,62
3700,96,71.6060606060606,6,33,64
3800,96,72.741935483871,9.54838709677419,31,64
3900,96,79.9393939393939,11.8787878787879,33,64
4000,96,84.75,14.21875,32,64
4100,96,84.5588235294118,20.3235294117647,34,66
4200,96,87.1470588235294,24.3823529411765,34,64
4300,96,91.34375,27.71875,32,62
4400,96,97.5806451612903,29.9354838709677,31,60
4500,96,101.30303030303,25.3636363636364,33,64
4600,96,106.233333333333,23.9666666666667,30,64
4700,96,107.969696969697,18.3939393939394,33,66
4800,96,111.193548387097,19.6129032258065,31,62
4900,96,115.676470588235,20.9705882352941,34,66
5000,96,122.9375,18.6875,32,64
5100,96,123.935483870968,14.2258064516129,31,64
5200,96,129.129032258065,10.4838709677419,31,62
5300,96,131.147058823529,6.02941176470588,34,64
5400,96,137.029411764706,8.61764705882352,34,68
5500,96,140.272727272727,9.51515151515152,33,64
5600,96,145.838709677419,8.41935483870968,31,62
5700,96,151.333333333333,8.36363636363636,33,64
5800,96,153.939393939394,9.84848484848484,33,64
5900,96,158.121212121212,12.7878787878788,33,66
6000,96,162.9375,17.15625,32,62
6100,96,165.333333333333,22.5454545454546,33,64
6200,96,166.484848484848,25.2727272727273,33,64
6300,96,163.5,32,32,62
6400,96,163.9375,38.0625,32,64
6500,96,161.636363636364,42.5151515151515,33,64
6600,96,157.5,45.84375,32,64
6700,96,156.193548387097,47.3225806451613,31,62
6800,96,157.848484848485,49.3333333333333,33,66
6900,96,160.424242424242,55.0606060606061,33,62
7000,96,164.46875,60.78125,32,62
7100,96,163.647058823529,65.0882352941177,34,64
7200,96,165.529411764706,68.9411764705882,34,64
7300,96,168.967741935484,73.1290322580645,31,62
7400,96,173.212121212121,77.1515151515151,33,64
7500,96,176.46875,72.25,32,66
7600,96,180.848484848485,67.3333333333333,33,64
7700,96,178.5,63.875,32,62
7800,96,174.666666666667,62.3636363636364,33,64
7900,96,169.8,65.9,30,64
8000,96,168.75,71.15625,32,62
8100,96,163.03125,72,32,64
8200,96,162.666666666667,75.4242424242424,33,62
8300,96,164.09375,81.40625,32,62
8400,96,163.242424242424,87.969696969697,33,64
8500,96,168,91,30,62
8600,96,174.28125,89.375,32,64
8700,96,177,83.6969696969697,33,64
8800,96,173.486486486486,79.0810810810811,37,66
8900,96,169.125,72.40625,32,64
9000,96,170.676470588235,66.0882352941177,34,66
9100,96,171.96875,60,32,64
9200,96,179.290322580645,59.3225806451613,31,64
9300,96,182.823529411765,62.2352941176471,34,64
9400,96,183.235294117647,61.2058823529412,34,64
9500,96,181.151515151515,63.5151515151515,33,64
9600,96,177.225806451613,68.9354838709677,31,64
9700,96,172.290322580645,73.9354838709677,31,62
9800,96,167.171428571429,74.7142857142857,35,64
9900,96,160.903225806452,78.1935483870968,31,62
10000,96,157.272727272727,78.6969696969697,33,64
0,97,50,50,1,8
100,97,43.8529411764706,48.4705882352941,34,64
200,97,40.7096774193548,52.0645161290323,31,62
300,97,36.1818181818182,55.9393939393939,33,64
400,97,37.625,59.6875,32,62
500,97,41.8387096774194,65.6774193548387,31,62
600,97,43.8529411764706,70.6176470588235,34,64
700,97,41.40625,75.4375,32,62
800,97,37.1470588235294,77.2352941176471,34,64
900,97,32.2424242424242,80.3939393939394,33,64
1000,97,26.7878787878788,78.9090909090909,33,64
1100,97,23.75,75.96875,32,62
1200,97,26.1333333333333,70.1,30,62
1300,97,27.2903225806452,66.4516129032258,31,62
1400,97,29.3030303030303,60.2727272727273,33,64
1500,97,24.9117647058824,57.1470588235294,34,64
1600,97,22.6451612903226,60.5161290322581,31,62
1700,97,20.0606060606061,64.969696969697,33,64
1800,97,14.7058823529412,66.5,34,62
1900,97,10.59375,66.65625,32,62
2000,97,6.06451612903226,68.3225806451613,31,64
2100,97,2.1,71.2,30,64
2200,97,-0.444444444444443,73.0555555555556,36,66
2300,97,-6.21212121212122,75.6363636363636,33,64
2400,97,-9.03225806451614,73.516129032258,31,62
2500,97,-12.6060606060606,70.6666666666667,33,64
2600,97,-12.969696969697,65.1515151515151,33,66
2700,97,-8.5,61.46875,32,64
2800,97,-3.8125,63.8125,32,64
2900,97,-1.63636363636364,61.8181818181818,33,64
3000,97,-3.58823529411768,62.0588235294118,34,66
3100,97,-6,64.6774193548387,31,64
3200,97,-6.51515151515152,68.9090909090909,33,62
3300,97,-10.34375,70.9375,32,64
3400,97,-17.5625,76.78125,32,64
3500,97,-21.1212121212121,77.6363636363637,33,66
3600,97,-24.741935483871,72.3870967741936,31,62
3700,97,-27.6363636363636,67.0909090909091,33,64
3800,97,-22.3870967741936,63.6129032258065,31,62
3900,97,-15.3125,63.125,32,64
4000,97,-9.72727272727272,63,33,64
4100,97,-10.4545454545455,66.3939393939394,33,64
4200,97,-9.74193548387096,70.5161290322581,31,62
4300,97,-6.25806451612904,73.3225806451613,31,62
4400,97,0.294117647058826,75.5,34,62
4500,97,3.6875,77.9375,32,66
4600,97,7.65625,76.6875,32,64
4700,97,10.8064516129032,72.9032258064516,31,62
4800,97,5.6875,71.6875,32,64
4900,97,0.4375,74.875,32,66
5000,97,-1.08571428571427,70.7714285714286,35,64
5100,97,-4.97058823529412,66.3823529411765,34,66
5200,97,-10.9354838709677,60.9677419354839,31,62
5300,97,-15.59375,57.125,32,62
5400,97,-18.0322580645161,54.8387096774194,31,64
5500,97,-20.7058823529412,50.1470588235294,34,64
5600,97,-28.1875,51.3125,32,64
5700,97,-31.9117647058824,47.0588235294118,34,64
5800,97,-34.6875,42.34375,32,64
5900,97,-35.7878787878788,38.3939393939394,33,64
6000,97,-40.3939393939394,35.5151515151515,33,62
6100,97,-42.5806451612903,31.8709677419355,31,62
6200,97,-47.0322580645161,31.9354838709677,31,62
6300,97,-53.6363636363636,30.2727272727273,33,66
6400,97,-57.2424242424242,31.4545454545455,33,64
6500,97,-54.96875,37.6875,32,62
6600,97,-58.3823529411765,40.3529411764706,34,66
6700,97,-61.0645161290323,37.5483870967742,31,62
6800,97,-59.2258064516129,32.5806451612903,31,64
6900,97,-60.2424242424242,27.969696969697,33,64
7000,97,-65.0588235294118,26.3235294117647,34,64
7100,97,-69.0322580645161,26.1612903225806,31,66
7200,97,-72.5666666666667,23.6666666666667,30,62
7300,97,-72.03125,17.65625,32,64
7400,97,-73.46875,12.9375,32,62
7500,97,-77.0625,15.34375,32,64
7600,97,-76.21875,19.4375,32,62
7700,97,-76.2727272727273,22.3636363636364,33,64
7800,97,-69.3636363636364,25.2121212121212,33,64
7900,97,-65.53125,28.15625,32,62
8000,97,-69.90625,27.65625,32,64
8100,97,-75.8571428571429,23.2285714285714,35,66
8200,97,-79.6857142857143,21.0857142857143,35,66
8300,97,-82.65625,22.40625,32,64
8400,97,-87.4411764705882,18.7352941176471,34,64
8500,97,-90.2333333333333,20.6333333333333,30,64
8600,97,-94.9090909090909,22.3939393939394,33,64
8700,97,-100.064516129032,23.0322580645161,31,66
8800,97,-101.6875,27.3125,32,64
8900,97,-97.2258064516129,29.8387096774194,31,62
9000,97,-91.5454545454546,30.6969696969697,33,64
9100,97,-86.4193548387097,28.9677419354839,31,64
9200,97,-81.8125,27.1875,32,64
9300,97,-82.2424242424242,22.5757575757576,33,62
9400,97,-83.5483870967742,18.9354838709677,31,64
9500,97,-79.6774193548387,16.7741935483871,31,64
9600,97,-73,16.0588235294118,34,66
9700,97,-69.21875,12.4375,32,64
9800,97,-65.2727272727273,11.6969696969697,33,64
9900,97,-58.9032258064516,9,31,62
10000,97,-53.2903225806452,5,31,62
0,98,50,50.5,2,14
100,98,47.4545454545455,47.1818181818182,33,64
200,98,42.375,46.96875,32,64
300,98,40.9705882352941,50.6176470588235,34,64
400,98,37.5882352941177,49.8529411764706,34,66
500,98,31.15625,50.09375,32,64
600,98,25.7352941176471,51.7647058823529,34,64
700,98,20.1212121212121,49.5151515151515,33,64
800,98,13.59375,51.625,32,62
900,98,9.54545454545455,55.2121212121212,33,62
1000,98,3.625,55.0625,32,62
1100,98,-1.03125,53.71875,32,64
1200,98,-0.969696969696955,57.4242424242424,33,62
1300,98,-3.69696969696967,61.4848484848485,33,64
1400,98,-4.41379310344828,66,29,62
1500,98,-5.5,71.5,34,64
1600,98,-10.7272727272727,71.0909090909091,33,64
1700,98,-15.875,68.5,32,64
1800,98,-16.6857142857143,64.3428571428571,35,66
1900,98,-19.741935483871,60.6129032258064,31,60
2000,98,-23.40625,65.4375,32,62
2100,98,-28.8181818181818,68.5757575757576,33,64
2200,98,-31.8181818181818,72.4242424242424,33,66
2300,98,-37.9393939393939,71.1212121212121,33,64
2400,98,-43.1764705882353,73.8823529411764,34,64
2500,98,-47.1875,76.59375,32,64
2600,98,-51.2903225806452,79.1612903225806,31,64
2700,98,-53.5757575757576,83.5757575757576,33,62
2800,98,-55.8387096774194,88.0967741935484,31,64
2900,98,-61.0645161290322,88.2903225806452,31,62
3000,98,-66.741935483871,85.9032258064516,31,64
3100,98,-72.5151515151515,82.7575757575758,33,64
3200,98,-75,85.7741935483871,31,64
3300,98,-75.34375,89.40625,32,62
3400,98,-77.4838709677419,89.516129032258,31,62
3500,98,-83.53125,85.3125,32,62
3600,98,-88.28125,84.8125,32,64
3700,98,-92.7,83.2333333333333,30,62
3800,98,-93.8529411764706,86.2352941176471,34,66
3900,98,-97.5161290322581,88.1612903225806,31,62
4000,98,-102.205882352941,85.9411764705882,34,66
4100,98,-105.78125,84.5,32,64
4200,98,-111.1875,83.625,32,64
4300,98,-111.483870967742,80.0967741935484,31,62
4400,98,-115,76.3939393939394,33,64
4500,98,-117.366666666667,81.4333333333333,30,64
4600,98,-117.548387096774,86.6129032258064,31,62
4700,98,-118.4,92.3142857142857,35,64
4800,98,-113.882352941176,94.5882352941177,34,64
4900,98,-109.771428571429,96,35,64
5000,98,-111.65625,101.09375,32,64
5100,98,-116.424242424242,103.030303030303,33,64
5200,98,-120.5,107.59375,32,64
5300,98,-123.09375,110.34375,32,62
5400,98,-121.8125,112.34375,32,64
5500,98,-119.272727272727,110.818181818182,33,62
5600,98,-123.4375,106.15625,32,62
5700,98,-123.78125,102.46875,32,64
5800,98,-120.666666666667,98.1515151515152,33,64
5900,98,-124,96.5142857142857,35,66
6000,98,-128.28125,96.21875,32,62
6100,98,-127.096774193548,91.0322580645162,31,62
6200,98,-129.272727272727,85.1818181818182,33,62
6300,98,-133.84375,81.34375,32,64
6400,98,-137,79.8709677419355,31,66
6500,98,-139.8125,80.09375,32,64
6600,98,-139.757575757576,74.0606060606061,33,64
6700,98,-138.5625,68.59375,32,62
6800,98,-136.242424242424,63.7272727272727,33,64
6900,98,-133,61.2647058823529,34,64
7000,98,-131.242424242424,55.3030303030303,33,62
7100,98,-126.515151515152,54.969696969697,33,66
7200,98,-123.272727272727,51.9393939393939,33,64
7300,98,-126.606060606061,52.1212121212121,33,66
7400,98,-125.823529411765,55.1764705882353,34,64
7500,98,-122.151515151515,58.030303030303,33,64
7600,98,-121.3125,62.84375,32,64
7700,98,-124.424242424242,65.5454545454546,33,64
7800,98,-129.545454545455,65.4242424242424,33,64
7900,98,-134.272727272727,64.3333333333333,33,64
8000,98,-138.645161290323,65.5161290322581,31,62
8100,98,-142.454545454545,64.5757575757576,33,66
8200,98,-149,63.7714285714286,35,64
8300,98,-154.903225806452,64.258064516129,31,62
8400,98,-160.764705882353,64.4705882352941,34,64
8500,98,-162.161290322581,61.6129032258065,31,62
8600,98,-163.333333333333,57.3333333333333,33,64
8700,98,-168.41935483871,54.516129032258,31,66
8800,98,-174.969696969697,55.8181818181818,33,62
8900,98,-178.875,57,32,62
9000,98,-182.342857142857,56.0571428571428,35,64
9100,98,-179.935483870968,51.3870967741935,31,64
9200,98,-174.636363636364,50.3030303030303,33,64
9300,98,-174.588235294118,52.9117647058824,34,64
9400,98,-177.21875,57.03125,32,64
9500,98,-176.181818181818,50.6060606060606,33,64
9600,98,-179.914285714286,49.5428571428571,35,64
9700,98,-182.5,54.28125,32,64
9800,98,-185.724137931034,57.2413793103448,29,62
9900,98,-189.71875,55.65625,32,62
10000,98,-196.064516129032,53.7741935483871,31,64
0,99,50,50,1,8
100,99,50.65625,46.15625,32,64
200,99,52.6470588235294,40.0588235294118,34,66
300,99,58.5,40.28125,32,66
400,99,62.8125,43.75,32,62
500,99,67.2285714285714,48.7428571428571,35,64
600,99,73.1351351351351,45.1351351351351,37,66
700,99,73.5,41.75,32,64
800,99,72.0625,46.53125,32,62
900,99,75.5833333333333,50.0833333333333,36,66
1000,99,80.7428571428571,53.8857142857143,35,66
1100,99,85.0967741935484,56.3548387096774,31,64
1200,99,88.6875,54.15625,32,62
1300,99,94.1515151515151,53.4848484848485,33,62
1400,99,101.571428571429,53.3714285714286,35,64
1500,99,99.3333333333333,55.5666666666667,30,60
1600,99,95.3235294117647,57.8529411764706,34,64
1700,99,96.5625,63.4375,32,64
1800,99,102.064516129032,67.3548387096774,31,62
1900,99,106.0625,69.09375,32,62
2000,99,102.235294117647,72.0882352941177,34,64
2100,99,97.4411764705882,71.7941176470588,34,64
2200,99,92.8333333333333,70.2333333333333,30,62
2300,99,92.0625,64.25,32,64
2400,99,94.8484848484849,59.6969696969697,33,64
2500,99,99.0588235294118,57.9411764705882,34,66
2600,99,102.30303030303,54.1515151515152,33,64
2700,99,106.085714285714,49.2,35,68
2800,99,108.75,44.15625,32,64
2900,99,110.451612903226,39.0967741935484,31,62
3000,99,106.5625,35,32,62
3100,99,104.147058823529,27.5294117647059,34,66
3200,99,110.057142857143,25.1714285714286,35,66
3300,99,111.387096774194,26.1612903225806,31,62
3400,99,110.78125,31.03125,32,64
3500,99,106.242424242424,35.4848484848485,33,64
3600,99,102.411764705882,36.1176470588235,34,64
3700,99,101.9,32.3666666666667,30,62
3800,99,100,26.7096774193548,31,62
3900,99,98.7272727272727,21.4848484848485,33,64
4000,99,96.1212121212121,22.8181818181818,33,66
4100,99,92.6666666666667,25.0606060606061,33,64
4200,99,88.9374999999999,25.46875,32,62
4300,99,83.2941176470588,26.1764705882353,34,64
4400,99,78.09375,20.34375,32,64
4500,99,79.9374999999999,18.5,32,64
4600,99,83.0625,16.90625,32,62
4700,99,83.258064516129,13.1935483870968,31,62
4800,99,86.735294117647,9.41176470588235,34,66
4900,99,86.3823529411765,6.38235294117647,34,64
5000,99,83.9333333333333,1.9,30,62
5100,99,80.1764705882353,-1.85294117647059,34,64
5200,99,73.7058823529412,-2.38235294117646,34,64
5300,99,67.8,0.542857142857144,35,64
5400,99,65.5625,3.21875,32,62
5500,99,70.5757575757576,7.93939393939394,33,62
5600,99,74.8484848484848,11.8484848484848,33,62
5700,99,81.8064516129032,14.8387096774194,31,64
5800,99,83.1764705882353,20.1764705882353,34,62
5900,99,87.15625,27.28125,32,64
6000,99,90.6451612903226,33.4516129032258,31,64
6100,99,97.15625,36.40625,32,64
6200,99,104.484848484848,33.8484848484849,33,62
6300,99,108.6875,30.40625,32,64
6400,99,112.4375,31.46875,32,66
6500,99,108.911764705882,33.7941176470588,34,64
6600,99,105.117647058824,37.5882352941176,34,64
6700,99,101.46875,40.875,32,64
6800,99,102.588235294118,45,34,66
6900,99,106.0625,50.5,32,64
7000,99,103.142857142857,49.2285714285714,35,66
7100,99,96.1515151515152,49.8181818181818,33,64
7200,99,91.0882352941176,47.6176470588235,34,66
7300,99,82.8787878787879,45.6363636363636,33,64
7400,99,80.2647058823529,46.9117647058823,34,66
7500,99,78.5,50,32,62
7600,99,74.3714285714286,53.2857142857143,35,66
7700,99,69.1515151515151,55.7878787878788,33,66
7800,99,69.7058823529412,60.9411764705882,34,66
7900,99,65.9677419354838,66.9354838709677,31,62
8000,99,66.5757575757576,71.2424242424242,33,64
8100,99,61.0625,74.90625,32,62
8200,99,56.8709677419355,76.5161290322581,31,62
8300,99,53.0625,79.09375,32,62
8400,99,54.4193548387097,84.9032258064516,31,64
8500,99,54,90.7714285714286,35,64
8600,99,49.625,91.09375,32,62
8700,99,42.8064516129032,90.4516129032258,31,60
8800,99,39.3055555555556,86.3055555555556,36,64
8900,99,37.969696969697,81.3939393939394,33,64
9000,99,40.7096774193548,76.0645161290323,31,62
9100,99,44.7,72.1,30,62
9200,99,48.5161290322581,67.6129032258064,31,62
9300,99,53.8285714285715,68.9714285714286,35,64
9400,99,57.4848484848485,72.2121212121212,33,64
9500,99,59.9117647058824,78.3529411764706,34,64
9600,99,64.40625,81.6875,32,62
9700,99,71.2285714285714,80.0857142857143,35,64
9800,99,74.1351351351351,83.4864864864865,37,66
9900,99,80.6363636363636,81.6363636363636,33,64
10000,99,87.40625,83.3125,32,62
0,100,50,49.25,4,22
100,100,53.5757575757576,47.1515151515152,33,64
200,100,55.4545454545455,41.9090909090909,33,64
300,100,59.4705882352941,37.9411764705882,34,64
400,100,63.28125,36,32,62
500,100,63.9375,31.625,32,62
600,100,65.78125,27.53125,32,64
700,100,63.1176470588235,24.9411764705882,34,64
800,100,59.5757575757576,20.9393939393939,33,62
900,100,56.939393939394,19.4242424242424,33,62
1000,100,51.0967741935484,21.4838709677419,31,62
1100,100,50.1,23.9333333333333,30,64
1200,100,45.7096774193548,26.258064516129,31,62
1300,100,40.0909090909091,23.4848484848485,33,66
1400,100,34.65625,21.9375,32,64
1500,100,36.1515151515151,19.6363636363636,33,66
1600,100,39.4838709677419,24.0322580645161,31,62
1700,100,43.2903225806452,27.8709677419355,31,60
1800,100,47.4242424242424,33.030303030303,33,64
1900,100,52.0294117647059,33.4411764705882,34,66
2000,100,50.2857142857143,30.7714285714286,35,68
2100,100,43.7741935483871,25,31,64
2200,100,39.4,25.4,30,60
2300,100,35.5161290322581,23.3548387096774,31,62
2400,100,29.6470588235294,24.6176470588235,34,66
2500,100,24.6764705882353,25.5588235294118,34,64
2600,100,21.5294117647059,25.5588235294118,34,64
2700,100,25.2058823529412,19.4117647058824,34,66
2800,100,27.3125,14.25,32,64
2900,100,29.7647058823529,12.2647058823529,34,66
3000,100,32.375,10.625,32,62
3100,100,36.4838709677419,8.12903225806452,31,62
3200,100,34.90625,11.6875,32,62
3300,100,28.6,12.7142857142857,35,64
3400,100,24.84375,15.375,32,60
3500,100,26.7241379310345,22.1379310344828,29,62
3600,100,22.6451612903226,25.4193548387097,31,62
3700,100,18.2857142857143,22.1142857142857,35,66
3800,100,15.3125,25.59375,32,62
3900,100,11.34375,26.34375,32,62
4000,100,7.51515151515151,20.6060606060606,33,62
4100,100,7.28571428571428,16.6571428571428,35,66
4200,100,7.2,10.6666666666667,30,62
4300,100,8.75,5.71875,32,62
4400,100,4.96774193548387,2.19354838709677,31,66
4500,100,2.03333333333333,4.6,30,64
4600,100,-2.09090909090909,8.03030303030303,33,64
4700,100,-5.65625,15.34375,32,62
4800,100,-5.2727272727273,19.7575757575758,33,64
4900,100,-4.48484848484848,25.1515151515152,33,62
5000,100,-1.48387096774194,24.7741935483871,31,64
5100,100,-1.34375,19.65625,32,62
5200,100,-5.18181818181816,15.969696969697,33,64
5300,100,-3.83333333333334,10.5666666666667,30,62
5400,100,-6.625,7.5625,32,66
5500,100,-11.1818181818182,4.54545454545455,33,64
5600,100,-12.3939393939394,-0.606060606060623,33,66
5700,100,-10.0857142857143,-4.77142857142856,35,66
5800,100,-11.1612903225806,-10.0645161290323,31,64
5900,100,-11.3529411764706,-15.2352941176471,34,66
6000,100,-11.1818181818182,-20.7878787878788,33,66
6100,100,-14.5454545454546,-23.5454545454545,33,64
6200,100,-20.6363636363636,-27.5151515151515,33,66
6300,100,-20.4838709677419,-32.6129032258064,31,64
6400,100,-22.78125,-37.75,32,64
6500,100,-22.5151515151515,-41.1515151515151,33,66
6600,100,-17.8333333333333,-45.5,30,62
6700,100,-15.40625,-47.75,32,64
6800,100,-20.7878787878788,-48.2727272727273,33,64
6900,100,-25.3714285714286,-45.4571428571429,35,66
7000,100,-27.741935483871,-51.8709677419355,31,64
7100,100,-27.5625,-56.34375,32,64
7200,100,-21.3333333333333,-58.8333333333333,30,60
7300,100,-23.4117647058823,-62.9117647058823,34,64
7400,100,-29,-62.3870967741935,31,60
7500,100,-33.030303030303,-60.8181818181818,33,64
7600,100,-37.1875,-60.75,32,62
7700,100,-37.0606060606061,-56.9393939393939,33,64
7800,100,-32.6666666666667,-55.3333333333333,33,64
7900,100,-27.1875,-53.65625,32,64
8000,100,-22.0606060606061,-51.3333333333333,33,62
8100,100,-19.3333333333333,-46.6363636363636,33,64
8200,100,-21.9117647058824,-44.5882352941177,34,64
8300,100,-21.15625,-48.03125,32,64
8400,100,-21.40625,-51.46875,32,64
8500,100,-16.764705882353,-50.5294117647059,34,64
8600,100,-12.3333333333333,-45.4848484848485,33,66
8700,100,-8.79411764705884,-41.5,34,64
8800,100,-12.483870967742,-42.3548387096774,31,64
8900,100,-14.3939393939394,-46.030303030303,33,64
9000,100,-18.9117647058824,-45.3823529411765,34,64
9100,100,-22.4838709677419,-45.6129032258065,31,62
9200,100,-28,-47.9393939393939,33,66
9300,100,-31.9354838709677,-49.3870967741935,31,62
9400,100,-34.1612903225807,-51.5483870967742,31,62
9500,100,-34.1176470588235,-55.5,34,64
9600,100,-30.125,-57.71875,32,66
9700,100,-26.125,-56.84375,32,62
9800,100,-22.2121212121212,-51.969696969697,33,64
9900,100,-22.7714285714286,-56.5714285714286,35,64
10000,100,-27.5,-58.84375,32,64
